就读北京交通大学3+1留学是一种怎样的体验？, 能拿国外大学的毕业证，主要还要看看是否在中国认证，不认证读了也没用，专业未必也不好，澳洲有专升硕，专科的学生可以直接读硕士，专业方向就是商科和计算机方向，升读硕士拿到的毕业证和本科升读硕士拿到的毕业证一样 
北京交通大学的钢铁战士梗是什么意思？,钢铁战士，土建精英，决战决胜，唯我五营 号角嘹亮，理学经营，敢打必胜，钢铁八营 这是两大钢铁家族（手动滑稽） 另外八营拔河跟 拉练时走错路 好多营都在叫 钢铁八营!钢铁八营!钢铁八营! 手动微笑
怎么评价北京交通大学的董洋同学？,智障儿童欢乐多。
北京交通大学的语言类专业如何？,西语专业14级在读。 先说说北交语传好了，在其他专业看来这是一个妹子云集的地方，女生比例奇高，（数量奇高是经管，毕竟我们基数就小）其它专业一听见语传的妹子就已经跃跃欲试了哈哈，毕竟声名在外啊～ 目前语言类有三个：英语，西班牙语和葡萄牙语。 英语专业开设时间相对较长，不像西语和葡语都是开了没几届，葡语更是今年的新设专业。我在英语班的朋友给我的感觉就是比我们闲很多，入学之后吃老底其实也能活，但是想好好学也有很大的发展空间，这得看你遇到什么样的老师，有的老师水水的就过了，有的变态级的高标准严要求，个人觉得学语言本身就是吃苦的事，付出一定会相对多些，到了收获的时候也会相对丰富。 葡语专业其实没什么说的，15年新开的，只有大一的小孩子们在读，具体也不太清楚，不过西葡都差不多，都是很累的，具体感受可参考西语专业。 接下来就说说我们西语专业啦。14级之前西语都只有一个班，25人左右，我个人觉得班风和学风都很好，丝毫不输给同校的大院大专业，但是要跟北外上外这种一等语言老校比肯定是差了一截子的。班里同学都十分认真和拼命，老师要求也很严格，氛围十足。个人作为西语狗一只肯定是推荐西语专业的啦，毕竟是小语种，发展比英语强很多，又是在北京，就业机会也不少，前途一片光明啦～
关于北京交通大学苗振江教授的事情是否是真实的？,以下部分为天涯的转载，本人不保证真实性，如下文： 今天上网查找东西，偶然发现了 扒一扒北京交通大学 极品导师苗振江教授   这个帖子。不知道哪位同志这么愤慨，有可能我还认识？不过看到这些我心里很不是滋味，不偏向于谁，希望我能客观公正地评价整个事情。  　　【1】	一个女博士去退学，苗教授直接让人家将补助退还给他，极品！ 　　关于这个问题我听到的版本不是这个。似乎是一个女博士去退学，苗导直接让她把提前发给她后面几个月的补助还给她。不管怎么说，这个事情的确影响不太好。学生退学不知道安慰一下，先让人家退还补助，这一点，确实有点过分，钱不多，但是师生之间真的就一点感情也没有么？  　　【2】	所有博士几乎全部七八年毕业，毕业时候没有谁不被扒一层皮的！ 　　这一点接近于真相，看一看所有博士毕业生的学号就很清楚了，全部有点绝对，绝大部分吧。博士的日子非常难过，他们很多人年龄不小了，有的已经结婚有小孩子了。后面学校也不给补助，没地方住。他们的日子其实很艰难，心理压力很大。有些已经找好了工作，还是不让毕业，工作眼睁睁地就保不住了。如果因为你卡他们，这样做对么？如果你没卡他们，他们达不到要求，你作为导师让学生这么大面积的延期，你没有责任么？  　　【3】	科研经费很少用在科研上，吃饭，出国几乎全部花掉，学生们几乎没有任何劳务费。 　　这一点没法衡量，科研经费这个不清楚苗导到底有多少？也不知道花销是如何的。但是，似乎相比于其他老师。苗导确实不够大方，学生从他那里得到的实惠很少。  　　【4】	对学生极度粗暴，骂人是家常便饭。 　　好像还可以吧，这个不多评论了。。。。。。  　　【5】	近十年来没写过一篇论文，更未指导学生写过一篇论文。 　　说的第一作者吧，要不那么多学生发论文带上老师也很多了吧。普遍反应对学生的指导很少，还听说有个版本是：收了一个硕士，苗导见到她，问她你是谁？怎么在我们实验室。不过苗导确实早就不搞学术了，对学术上的事情花的精力很少了，很多学生反应得不到指导。而且博士加硕士得有好几十人，搞学术的老师也力不从心吧。  　　【6】	哪个学生要是得罪他了，报复心极强，那个学生就倒了大霉了，几乎没有哪天再有好日子过。 　　这个真不清楚。。。。。。  　　相比别的老师，苗导很多地方做得确实不好！学生的怨气非常大。有些很不错的老师给学生改论文改到深夜，帮忙联系出国而且花钱资助出国，帮助学生发论文毕业，帮助学生找工作。学生一辈子都很感激老师，不过，这并不属于老师的职责范围之内，做不到也不能埋怨老师。但是，学生们的怨气一个个都这么大，苗导真的应该认真反思了。不需要做一个非常好的老师，做一个普通老师应该难度不大吧。
普通211大三电气狗想定一下学校，选择范围华北电力北京，北京交通大学和中科院，请大家给点建设性意见？,华电。如果你改变了想法的话，华电就业很不错了。如果你要深造，你确定你要读博，那中科院很适合你。问题是吧，中科院那个地方没有企业来校招，
北京交通大学铁道学专业本科毕业去兰州铁路局工作待遇如何？,前途因人而异。习主席，李总理的同学肯定有很多选择经商从政，但又有谁能做到他们这个位置?～～至少我所了解的一个刚毕业的学生进路局，要从他们的学历，为人处世多方面考虑，比如本科铁路院校有十所，真正6的也就西南交大，北交。（虽然我认为北交的发展不再主要依靠铁路了，虽然我认为铁路局很喜欢兰州交大的毕业生，西北人毕竟有吃苦劲）。目前铁路局社招本科，好多非铁路专业，三本院校的学生都小批量的来铁路，虽然铁路只有本科专科之分，但领导看你是北京交大，西南交大等正宗铁路大本的肯定会优先注重你。还有一点也要说明，你以后所分配到的站段起码和你同等学历的要少，这样才能凸显你，要是有一大群本科生，呵呵，那就看你为人处事了。～～全路目前的趋势是打破本科干部身份，但那并没有什么的卵用，本科永远会比专科多一个学历的优势。～～铁路运输专业无外乎搞客运，行车，调车这一块，但本科搞行车这一行的可能性最大，运转以后难免熬夜，累的时候就告诉自己能承受多大的艰苦，以后就能享受多大的荣誉，很多人都知道铁路关系网深，这点我也承认，但铁路也没大家想象的那么黑，领导还是欣赏有学历有能力的人。记住，干一行爱一行，在其位谋其职。答主刚入路，入职上局某车务段。
孩子今年高考失误，总分570，北京一本548分，很纠结是报考北京交通大学威海分校还是就读一般本科？,谢邀，我是05年上的学，当时还没有威海分校，刚问了一下知情人士，把他说的简单转述一下，以供参考。  威海分校是第二年招生，第一年招生120人，他们现在所处的位置在威海的郊区，位置可能比较偏，但是今年又在这块校区新增了很多名额，大概是400多人，以后情况会好一些。而且威海校区虽说是联合办学，但是如果真想出国还得自己争取，一共两个项目，便宜的4万多一年，贵的6万一年，但是一定要注意，英语低于105分以下者不予录取，而且似乎毕业证也不太一样，毕竟不在本部，具体差距我也没问到，希望对你有帮助。 贴个链接，发现说的比我知道的好~   http://  mp.weixin.qq.com/s?  __biz=MzA5MjUyNzYxNA==&amp;mid=2651190070&amp;idx=2&amp;sn=7c256a308c539031b22abd00d7c8240c&amp;scene=1&amp;srcid=0625Y8QVsJiXemBK5YZSsAxo&amp;from=singlemessage&amp;isappinstalled=0#wechat_redirect      
选择北京交通大学还是华中科技大学？,北交大坑，建议别选择北京交大
如何看待北京交通大学招生前知乎的黑贴？,我也觉得，某些人戏真多。黑自己的母校还觉得自己很对，出来替母校说话的就成了洗白。。那我还想说他们是水军喷子呢。  先不说家丑不可外扬，就说言论自由，一件事当局者迷旁观者清，如果一年两年以后你还想喷，那欢迎来知乎，我和你一起喷。 正在经历这些事，又累又热又抱怨，发发牢骚还让全世界都看到，戏真多。  说官僚主义的，高校都有这通病吧，毕竟高校去行政化还有很长的路。。 看过一句话，如果你看不惯一件事又没法改变它，你应该忍受，并努力等你有能力的时候去改善它。 所以，与其发牢骚不如好好努力。   先说最近的军训，确实，我们当时也骂参谋长，也抱怨。。但是军训并不是享福的，如果讨论军训的意义，涉及到法律问题，那别在北交军训问题下面讨论。但是军训过后也确实是很难忘的一段经历啊，吃点苦没啥，不然还叫军训？  再说毕业典礼。毕业典礼不在操场，其实原因是以前都是学生处办，现在改成了研究生院办。不是一个单位办了，思路变了呗。 在操场的时候大家嫌热，不在操场，学校暂时没有同时容纳几千人的地方，怎么办，分会场制就出来了。。既然有分会场，那主会场谁去总要有个规则，总不能抽号吧。。。另外理学院和马克思学院都在主会场好像。。  学校新体育馆近两年应该就要盖了。16或者17级应该就用上了。那时候大家都可以有个室内的毕业典礼开学典礼了。  去年的我记不清了，但是艺术特长生学校降分录取应该就是要为学校服务吧。学生干部那个我不清楚，不评论。  以上。
如何看待北京交通大学19号宿舍每天13小时持续施工。及每天噪声污染粉尘污染环境对人的影响？,我就说无聊不无聊....觉得宿舍吵可以去自习室自习啊，你可以有规律作息啊，如果人家能完成，当然会在放假做，现在不是施工进度紧张嘛，人家不装修你说它破，人家改善一下宿舍环境，你嫌他吵，我真的对题主就一个词，矫情 
北京交通大学计算机怎么样？,上有做实验顺手把校园网黑掉的大神 下有读了本研尚且编不了程序的菜鸡  学校好不好不重要，主要是看题主你想当哪类人咯_(:з」∠)_
北京理工大学和北京交通大学如何抉择？,果断北理工。985院校
中南大学，东南大学，北京交通大学与西南交通大学桥梁研究生那个就业好？,本人就是这四所之一的桥梁研究生……刚毕业。这四所就业单位认可度都不错，个人感觉，西南=东南&gt;北交=中南，有不同意见勿喷，当然就业也分地域，不同地域不同单位领导等影响也很大……
中国大陆几所交通大学的血脉关系是什么？个人理解西安交大和上海交大是亲兄弟，北京交大和西南交大是亲兄弟？,我说个简单的交通大学校史通俗版本：上海交大是我的母校，西安交大是我的大姨妈，国立（新竹）交大是我的小姨妈，他们共同的妈也就是我的姥姥叫南洋公学，另外我还有两位姨姥姥分别是山海关北洋铁路官学堂和北京铁路管理传习所，她们的闺女也是我的两位表姨是西南交通大学和北京交通大学。     *补充关于华东交大、兰州交大： 除了上海、西安、新竹、西南、北京五所正统交大传人，还有2所“交通大学”虽非交大正统传人，但确实与交通大学有渊源：一是兰州交通大学，1958年由唐山、北京交大部分科系西迁兰州组建；二是华东交通大学，1971年上海交大机车车辆系和同济铁道工程专业并入上海铁道学院迁往江西组建。   其余大连交通大学、重庆交通大学等，多由XX铁道学院更名，和五所交通大学没有血缘关系。
如何评价北京交通大学特有的散训？,不邀自来怒答！  ↑为了散训才难得收拾这么干净的宿舍。    ↑最后一次散训总结大会。  对你没看错。 就是最后一次。 也就是说。 已经确定从17级开始取消散训啦！ 16级表示略心塞……  至于如何评价这个活动本身…… 反正北下关从此再无军事基地…… 过去的就让它过去吧……
北京交通大学无院士还没知名校友，为何分数居高不下？, 本人北京交通大学本硕毕业，没去过西南交大，对纯学术学科的东西也没细究过。个人就从自身的小见解方面解释一下：  1、学科能力。北交人承认不如西南交大扎实。总体上西南交大在轨道方面的综合实力与体量真的大于北交大，院士也比北交多。北交的少数学科与西南交大比，有优势；但这是西南交大没想发展的，而且拿出去没有其他学校好，例如通信之北邮北航等。  2、地域因素太重要了。我已在北京的交通机构工作。找的实习生，招的应聘生以北交大居多。毕竟西南交大的人也不会跑到北京来太远。而交通行业投简历的是北交大人最多，因为学生数量放在那儿。然后是北京工业大学、上海同济大学、哈尔滨工大。当然这是地域相隔阂的原因。另外中央某个政府可能突然想咨询一个交通问题，最先想到的也是我们北交，毕竟近，叫之即来。  3、人脉。我一个学姐的爸爸是某个大路局局长。隔壁班的学生会主席爷爷是副省长。以及，上一任核心的孩子，就是在我交大读计算机系。曾经，刘志军在西南交大进修过，所以高铁发展期，西南交大获得无数优惠。我清晰记得西南交大得到国家级实验室时，我们交通学院的人都羡慕地嘟囔着。但2017年新的人事变动，铁路的一二把手全是北交大出身。前7个铁路党组常委有5个是北交大出身，北交大打了一个翻身仗。在一个技术发展稳定的时代，人脉与信息资源也非常重要。  4、新领域的拓展。在北京，有很多机构或领导，如果突然有个什么点子、想启动个什么项目，一般都会拿北交大做实验，给支持。西南交大可能光发展铁道。而北交大发展了铁路、道路、物流、城规四个方向。多一个技能多一个机会，虽然技术上没有西南交大高精尖，但起码保证学生的就业率。  5、新时代的观念因素。还是那句话，地域因素太重要了。成都的一个房，可能还没北京二环的一个厕所贵。但成都的基础设施和环境宜居不比北京差，还比北京好。这是因为北京到处都是机会。我本科时代的西南交大（10年前）与北交大抗争稍占优势。但随着7个铁路党组成员有5个是北交大毕业，在铁路大政治层面上，北交大已奠定基础了。同时本校的本科生源约80%都是城县精英家庭的孩子（我看过本科班和研究生班的组织花名册），本科里镇村的孩子很少。未来北交大的发展前景很大很大，已经是我们不争的事实。我们都卯足了劲，在2020年后，最迟2030年，让交通领域的中层管理领域增加我们的人。 
求知道的大神告诉我北京交通大学考博的英语和专业课真题哪里能找到！学校有卖的吗？土木工程专业！？,我也正在找呢。。
即将就读北京交通大学计算机专业，未来该如何规划？,谢谢邀请。  在针对问题回答之前，我实在想说两句似乎很情怀或鸡汤的话。你的问题里提到： 毕业想在家乡（重庆）找个安稳的工作， 真的有必要这么早就给自己定义一个这样的未来么？你只是刚刚要进入大学，这几乎是一个全新的人生起点，在你面前的有各种各样的可能，尽管其实都并不容易，很多可能其实更像是歧途，但无论如何实在是值得你去多看一看。“安稳”这个词对你来说实在是太早了，安稳往往是那个最简单、概率最大，最不费力的选择，而往往是那些不安稳、小概率、费尽心血的选择才是你人生值得纪念的收获，相信我，你只是刚刚打开生活的门，有太多的不安稳值得你去看看……，想必过一段时间你就应该就会有新的想法和规划了，那时候你再看现在的问题，或许就显得简单到不值一提吧。  但，确实还是有些经验可以供你参考的，有些路我们试错了，可以说说。  第一，地域机会差异很明显。你想回重庆的话，在选择北京的大学的情况下，应聘重庆的工作机会，存在很多劣势，起码参加实习、多轮面试就很费劲。如要改变，你可以考虑考研回重庆附近的大学会增加便利性。  第二，专业方向。计算机专业目前市场主要需求不在国企，国企计算机专业主要就是信息化管理部门，或叫甲方部门，当然也有些研究院和下属信息化企业什么的，但这些信息化企业就没那么“安稳”，企业信息化部门一般也不受重视（电信还好，与一堆邮电院校、通信专业的竞争），如果你计算机专业一直学下去，最后你去互联网企业、外企、民企的可能性更大，其实也不错。  第三，是不是换到交通运输专业。我们当年的情况是女生在交通运输专业找工作的比例大概10%还要低，重庆不是铁路局所在地，所以交通运输专业的去重庆，就要去城市交通体系内的公司了（公交、地铁），铁路方向去重庆选择不多，况且即便去成都局，也是全局分配，不一定能去哪里呢。所以原则上不推荐换，大二好像还有一次换专业考试，实在想调整还有机会。  第四，你所设想的银行、国企（大国企、好部门吧）、老师等等，目前来看，本科（没有特殊背景）基本是很难的，研究生是必要的竞争砝码，所以如果你目标是这样，那么考研是重要选择，出国似乎你没列入计划，或许以后你会改变想法呢。如想做铁路行业，特别是铁路工程、信号等就不用出国了，最好的机会在中国。考研时候，会是一次新的选择，地域、专业、学校，那时候你就有更具体的判断了，现在还没必要想。  至于说该如何规划？我觉得先好好享受你人生最难得的假期吧，明天的问题不必拿到今天来困惑。还没开始，也谈不上什么规划，而且也没人能帮你规划。规划也是要跟你的选择权相匹配，你有了更多的选择权，规划才有意义，而这个选择权就是你大学中必须学到的技能（专业的、社会的等等），掌握了新的技能就会打开新的机会，那时候选择方向，才有更具体的意义。  在你现在的阶段，脚踏实地，比仰望天空要重要，在未来的大学里，保持对知识的渴望，坚持对生活的梦想，你就会走的很远。
北京交通大学企业管理考研难度如何？, 北京交通大学企业管理专业的毕业生适应在大中型企业特别是合资类与外向型企业、金融机构、政府机关、其它社会经济单位的信息管理部门、综合管理部门、计算中心等相关部门从事信息管理与信息系统的建设、运营等管理工作，是非常热门并且受到考生广泛关注的专业。  正题：看一下北京交通大学的考试科目和招生情况    从人数统计的情况来看，招生人数是处于增加的趋势，但是同时推免人数增多，2017年推免达到24人，这样看他的考试难度是增加了。  本专业考试科目是四科，公共课+数学三+管理学，数学有些考生也会把它规到公共课里边，这是可以的。公共课有公共课的学习方法，我本人还是建议参加考研辅导大课，这样的话复习思路会比较清晰，最重要的是可以节省复习的时间，少走弯路。数学这么科目比较特殊，并不是努力就能学会的，更多的时候可能需要有点天赋，这也是多年的考生经验之谈（本人自己认为的）所以题主你也要考虑清楚自己的数学情况。   专业课管理学这个科目是另外一个拉开分数的科目，英语和政治是拉不开分数的，分数差别主要是数学和管理学。  -------------------------------------------------------------------------------------------------------------------------------------------------------------  北京交通大学企业管理专业803管理学初试参考书  《管理学》（2013年修订版），（第一、二、三篇），科学出版社，张明玉  考试大纲：  一、考核科目基本信息  《管理学》是北京交通大学工商管理专业的硕士生初试专业考试科目，本科目的考核将覆盖以下目标点：  1、考核学生是否理解管理学的基本概念、管理思想的发展历史，掌握管理的基本理论，掌握各管理职能的内容、过程、分类、原则和一般方法。  2、考核学生是否具备应用管理学的基本理论和方法解决一般管理问题的能力。   3、通过案例分析考察学生是否掌握以问题为导向的案例分析方法。应用管理学的基本理论和方法，能够对现实的工商管理问题进行有效识别和分析，并在方案设计中能够体现创新思想。  4、考查学生自主学习的能力，以及对管理学前沿理论知识和当前管理实践中的热点问题的了解。  二、考核科目知识单元与知识点  1、 管理与管理学  管理的概念与特点、管理的性质与作用、管理的主体与职能、管理学原理及方法、经理角色理论、管理学性质及对象、管理学科体系结构。  2、管理思想的演进  中国管理思想、西方管理萌芽、古典管理理论、行为科学理论、现代管理理论。  3、计划  计划概述、计划工作、目标管理、计划制定。  4、战略  企业战略与战略管理、企业使命与战略目标、企业战略选择与制定、企业战略实施与控制。  5、组织  组织理论、组织设计、人员配备、组织结构、组织变革、组织文化。  6、领导  领导概述、特质理论、领导的特质理论、行为理论、权变理论。  7、控制  控制概念、控制目的、控制过程、控制类型、控制原理、控制方法。  8、决策  决策概述、决策理论、决策过程、决策方法。  9、沟通  沟通概述、沟通障碍、沟通原则、沟通技巧。  10、激励  激励概述、激励理论、人性理论、激励方法。  11、团队  团队概述、团队的含义与特征、团队工作、团队建设。  12、创新  企业创新概述、企业创新动力、企业创新环境、系统创新战略。  今天先写到这里，下次我还要说一下专业课的复习思路、复习方法和复习时间的安排。 
北京交通大学计算机新生（女），要不要转专业?,如果能转，就转呀。如果来自西部，是不是要考公务员，如果考，看看当地公务员都招什么专业？招的专业中哪个最喜欢，有没有转的可能？
北京交通大学的软件学院怎么?,挖个坑，有空填
北京交通大学经管试验班还是湖南大学服从调剂？,肯定选北交啊。北交肯定比湖大好。我一个同学比我高十分去了北交，专业还不是最好的。我在湖大学土木了都不够北交提档线。没多大可比性。本人2013山东
如何评价北京交通大学在38度高温时于怀柔进行集中军训？,看到有人说“38度就不打仗了吗” 哈哈，下一次全民总动员的时候，中国估计就要玩儿完了。 现在全世界各个大国的政策都是尽量避免大国之间的直接热战。而全民动员是全面战争的重要体现。连局部战争都尽量避免了，何况全面战争？ 强大的国家，老百姓有自己选择自己的人生道路，我不愿意在热浪滔天的训练场上训练我可以不训练。如果谁愿意当兵，去当吧，井水不犯河水。我们很敬佩军人们为国家做出的奉献，然而我们不愿意成为军人，为什么要强求呢？人各有志，志在四方嘛  至于韩国、瑞士和新加坡这类国家的全民兵役是历史问题。 韩国隔壁有某个大胖子家族领导的国家这种特殊情况就不说了 马来西亚丢了新加坡就好比中国丢了上海。你说新加坡人能不天天防着马来西亚吗？ 瑞士几百年来全民兵役惯了，历史上盛产雇佣兵的传统使得它们阴差阳错成了中立国也是很醉人。
西北工业大学，成都电子科大，北京交通大学，我应该如何选择?,肯定选北交啊
在北京交通大学经管青团是怎样的体验？,经管青团是个大家庭，大家一起做公益，办活动，整体氛围非常轻松。 每年9月会有特奥进校园系列活动，春季学期有爱心义卖，风筝大赛，奥林匹克森林公园的素质拓展，都非常好玩。 青团跟校外志愿者组织也有合作，例如海洋馆志愿者以及各种演唱会志愿者
我现在暂定考北京交通大学的会计专硕，还有没有好的建议啊，望回复，本人将不胜感激?,英语会是你最大的障碍。建议认真备考英语，至于北交是否存在歧视三本的情况，你可以去考研论坛联系考上北交的学长学姐，咨询他们是否有同学是三本院校考上的。今年北交分数线232，你得努力哦。。。
计算机专业，北京交通大学，重庆大学，西安电子科技，湖南大学中应该选哪个比较好？,自然是北交
北京交通大学自主招生初审过了，可没看明白综合潜质测试和快速学习能力测试都考那些内容呀？火线求助？, 谢邀。  14级，大三学生，当时参加了经管学院的自主招生。  综合潜质测试忘记具体什么题目了，可能是高中难度的数学（圆锥曲线之类的），英语阅读题等等  快速学习那个考试是现场有一段材料介绍某一学科（我那年是管理学的组织，15级的是会计的知识），然后出一些很简单的题，类似教科书课后习题那种难度的题让你做。让人感觉就是看你快速能接受多少吧，如果你对这个专业有一定兴趣，我觉得能回答的比较好的可能性比较大。 
如何看待北京交通大学2017级电信思源班选拔存在暗箱操作？,泻药，先匿一下吧，因为我怕我说的话招来人身攻击。  首先，社会本来就不公平，假设就像为什么在北京的同学500就可以上清华，而外省的都得600多，因为学校在北京，要照顾本地考生啊，这其实和你说的那个性质差不多。  再者，你自己又没有能力操作黑幕，这也是不争的事实，毕竟我们只是普通人对吧，所以抱怨是没有用的，明知道不公平，却又没有能力改变，你只能发个牢骚，之后呢，没有办法。  另外，也可能人家笔试不如你，但是面试说不定比你强很多呢，一个老师看学生，也要看人品，你现在这态度，不知道面试的时候是不是得罪老师了……  保持谦卑，不要动不动就想着是别人的原因，多在自己身上找原因，这样自己才能越来越优秀
广东学生，相比起选择北京交通大学，北京邮电大学.留在深圳读深大是否更好.？,北邮是很强的学校，北交和深大由于回广东的因素，打平吧。
安徽2016年理科生5700，是重庆大学，电子科技大学，还是北京交通，华东理工?男孩子？,可以进，来北交很强势的！！(我是2015级的)
大一，北京交通大学的法学，以后就业如何？毕业应该不会留京，回去南方。如果能转专业去经管值得付出吗？,泻药 （真心觉得一个学计科的回答这个有点越庖代厨了   这事真的看自己兴趣 如果不喜欢再火的专业学不好也是一样 再来理工科学校的文科基本不是很有优势（虽然我交比较例外） 能去商科当然可以拼一把 祝学习顺利 共勉
北京交通大学物流管理专业本科毕业的去向如何啊？,利益相关，北交12级物流出国狗  读研，44人8个保研（忘了8还是9了）保研率大概20％，每年几乎必有一清一北，前五名校外无压力，国内其他学校对北交物流认可度不错。考研。。。。考本校难度不小，每年想来的外校人太多了，以女生为主，男生大部分很容易就找到不错的工作。  出国，11级物流（映像中是物流狗，一年前辅导员提过）学姐有个去了哈佛 2333333   。当然是个例。对于一个出国狗来说，在硬件方面，交大网排30（如果你申英国就会知道）物流是强势专业，香港认可度超级高。。。英国的话，网排30的助力可能更大。物流专业，给分只能算一般水平学术85就基本能碰到保研边缘，经济给分会高不少到经济金融专业出国原本就难申。软件方面，很多学术比赛和创业比赛，也有科研导师计划这种抱教授大腿的项目，非常非常的丰富。找实习，五百强供应链部门无压力，去埃森哲这种咨询公司的也有。所以，只要认真学习，出国比较容易。ps，物流是冷门出国专业，申请压力不大，但好学校不多。  关于楼上很有可能是同学（但肯定不是12级物流同学）的评论，出国出路一般我认同，但是，学校层次的问题在物流并没有出现，英国最好的物流是在IC的交通相关交大会con均分85左右，其他非g5全con80，讲真申英国是非C9的211基本一个水平，行业特色的可能会特殊一些。香港。。。港大80分足够了。。。美国，不太看本科出身。
北京交通大学是一所好大学吗？,大部分宿舍条件极差 985的录取分 却不是985 学校小（不论是办学规模还是占地面积） 军训可能是非军校中最严，最恶心的。 中国大学通病一个没少 领导层不吐槽了，平谷校区煮熟的鸭子都能飞，小道消息说将来搬到河北 “就业好”个人认为仅仅体现在就业率上，质量就...... 整体处于发展停滞，逐渐退步的状态 知名度等于没有  北京部分本地人都不一定知道 保研其实还行 但大部分都是本校 真心后悔了 当然  修行靠个人  北交还是可以提供一个很好的平台的 都是实话
北京交通大学都有哪些形式大过于内容的活动或制度？,1 团日活动（最该取消） 2 散训 3 军理课及考试 4 形式教育 5 思测 6 知行特色理论研究 7 想起来再补充
本人安徽理科生，全省6千名，想学计算机，不知道北京交通大学，电子科技大学，还有西北工业大学那个比较好？,电科＝西工＞北交
北京哪所大学研究生住宿条件好，交通方便？,你可以这样，随便考一个自己喜欢的专业，接着办理休学…然后在交通好的位置租个精装修的房子，狠狠得玩啊，一直玩到想学习了，再去学校狠狠学啊…否则你玩也玩不好，学也学不好，时间也浪费了，竹篮打水一场空，何必呢…当然了，能力强的既可以学的好，也可以玩的好…
如何评价北京交通大学偷窃抢夺西南交通大学校史的行为？,恬不知耻。  官方一面承认1909建校事实 ，一面校徽上印1896。  噢现在宣传上也动不动“可追溯到1896”了。
如何评价北京交通大学部分学生喜欢知乎体提问学校的大事小事？,因为学校好，我的学校你都没听过
你为什么不推荐高考考生报考北京交通大学？, 北京交通大学怎么样? - 知乎  建议看看这个问题下面的高票回答  真的是说出了我们北交学长学姐的心声  有985上  就别来北交了 说真的 
如何评价北京交通大学的军训？,  食堂 没有凳子，11人3-4个菜。闷到吃不下饭，堪比桑拿房，流汗像洗澡   宿舍最多18人一屋，共3个插头，经常没有电，饮水机无法烧热水。很多宿舍的空调是坏的。空调夜里断电，很多学生长痱子。 宿舍楼内没有热水。 厕所坑位非常少，每天上厕所要排长队，无门，很久打扫，垃圾溢出。经常停水，无法冲厕所 每天十点熄灯抹黑洗漱，水房排队到十一点。早晨五点以前起床收拾内务  洗澡 几百人10-15分钟内共用几十个花洒    每天多次派车带状况严重的学生去医院，严重占用医疗资源。医务室每天爆满，候诊室无法容纳，生病学生坐在走廊里等待治疗。怀柔医院对学校提出抗议，无效   为了保持宿舍卫生在走廊休息的学生   几个学院有床不能睡  某学院学生洗纱窗，用胶带粘地板，为了清洁一切灰尘  每天的饭   很多生病的学生无法请假，带病进行每天九小时训练。洗澡困难，训练服装无法更换，身体与衣服异味重，衣服析出盐渍  医务室往外赶人 医务室医生医术不良且态度极差 不愿意让生病学生休息 认为大量学生生病是娇气 在医务室帮忙的学生累得崩溃  目前已经几个辅导员晕倒。一个辅导员自费去医院做心电图，校医院不给报销  团组老师骂腿抽筋的学生装病，原话是“我踹你一脚你就好了” 如果稍微去晚小卖部排队要排40分钟，没有阴凉，暴晒  有学生在厕所晕倒，摔破头一脸血  已经出现几人晕倒不醒需要吸氧、，昨天有人吐血，几人出现心率不齐症状  曾经出现学生行李被认为不整齐被丢进卫生间的情况    而学校和少部分争取表现积极的学生在忙于洗地。如果想要解决问题，请首先承认问题。这样的态度令人失望至极。 无论哪里都有站着说话不腰疼的人、盲目正能量的人、拒绝体恤他人的人。 如果无力改变，至少自己要发声。沉默的人，自己也是黑暗本身。
北京交通大学的期末是什么体验？,监考比我省高考还严
南京航空航天大学，北京交通大学，西北工业大学，读软件工程哪个好？,这有什么犹豫的？学软件，北京的环境是其他城市没法比的，这点加分太多，学校本身实力倒没什么重要的了。
在北京交通大学就读是一种怎样的体验？,这一说就是四年。  第一年，主要是玩和落差感。  第一年去北交大，大部分感觉还是第一次来大城市、来大学的新奇，但是也很容易迷失。  先说行政吧，北京交通大学下辖学院十数个，工科居多，文科较少。理工多的地方，男人就多，男人多的地方，纪律就多，也就越严格。这是管理者在这种条件下必须使用的办法，所以现在看来，很理解学校的一些制度。  大一新生当时大部分住学苑、东区，每晚不断电，没有无线网络，但是时间晚了会有门禁，看门大妈很严格，离主校区蛮远，所以最好还是买辆自行车，别太好。  大一最令人印象深刻的当然是散训、军事理论课、集训三样，散训在第一学期学期中进行，军事理论课在第一学期期末考试之后进行，集中军训在第二学期期末考试后进行。  三样之中，属散训最难，因为每天不仅要在清晨起来训练，还要在训练完之后直接去上课。训练日期一般是周一三五，而微积分课程一般也是周一三五的第一节，所以每逢散训，微积分课上很容易出现一排排的同学上到一半，出现一阶导（倒）、二阶导（倒），这样一排排倒下酣睡的景象。下课之后回宿舍叠被子清空房间也是重头戏，这些网上都可以搜到教程，我觉得任何事物做到一定程度都可以令人叹为观止，比如叠被子。  其次是军事理论课，这个第二主要是因为太冷，上课在天佑会堂或者中报，没有空调，经常冻得哆嗦。结业考试要写很多字，对于工科学生而言，也算有难度。  之所以把集中军训放在最后，主要还是我很喜欢那种生活。集中军训在大兴军训基地，条件简朴生活简单日子过得简明扼要。没有作业，每天就是早睡早起跑步训练，回来也没手机玩，写点日记倒头就睡。主要注意事项就是要听话，不管说啥你听就是，不管男人女人，都要在生命的某个时期杀下腰带，对自己变态一把。  至于体能方面，没太多禁忌，训练虽然严格，也不至于整死你，你身体不舒服了就跟教官说，只要平时不闹事，遇事态度诚恳，没人会刻意为难你。  大一一年，其他时候的大学生活，我大多是在网吧度过，刚刚解放了自己，天天猫在网吧玩2k，玩疯了都，不足为训。  第二年，主要是干活。  到了第二年，社团混了一年，开始带头做点东西，不过也还是那种“拉拉人，扯扯横幅，吼几嗓子，登记个表，然后合个影，OK，大家又做了一件很有意义的事，我们又充实了自己的生活”的社团活动。  当然，也有很有意义的事，比如国家助学贷款登记，那个流程很精细，要求很严格，做起来也就很用心。呆了几个社团，就只有办公室的人让我觉得我真的学到了东西，余皆碌碌，不足道也。  这里也打个广告，“资助中心”这个部门，大家可以多去，里面的人，从上到下，从老师到学生，都很好，不像其他传说中的某些社团有什么潜规则。做的事情也都是实实在在为贫困生解决生活问题的事。而且是那种勤工俭学部门，值班干活儿，都有工资，也能挣点儿零花钱。  其他社团，不太了解，但是只要有兴趣，参加一下并非坏事。以前老有人说什么坏的东西不要接触，我不认同，对于一个三观正常逻辑清晰的人来说，看小时代，看成功学，看韩剧都可以有正面启发。  这里既然说社团，就要顺带提一下四门政治课，因为这门课大多需要团体活动，经常有小组展示，非常有趣。大学期间，在学分制度下，有刚性要求但尺度宽松的团体活动，貌似也就这么点，有自己想法的同学，不要放弃这个机会。反正四节政治课，我觉得是大学期间最好玩的课。  我们大二上，正赶上马哲老师很出名，他很有意思，介绍了几本书，我看了之后都觉得获益不少。    第三年，就开始想要好好学习了。  大二材料力学挂了，毛概挂了。我现在也不知道我毛概挂掉到底是因为我期间一次作业没交还是因为我在考试最后一题“你对此课有何看法和建议”后面答了一条“可以考虑改用年轻老师来教毛泽东思想以调动大学课堂气氛”。毛概老师五十来岁，看起来很和蔼啊，想不通，反正很囧。万幸最后补考过了。  北交大作为工科学校，有特色有意思的课不多，大多都是人文类，宋颖的文学课算一门，现代小说鉴赏主要讲金庸，古典文学鉴赏主要讲诗词，都非常有意思。  宋颖去年出国了。  北交大图书馆是个好去处，八卦造型广镇四方妖孽，如果你比较一下其他几栋教学楼，你就会发现有张大桌子还有空调还有白腿自习妹子看的地方，是多么难得。书中自有空调屋，书中自有腿如玉，可惜大部分同学不知道，至少在挂科之前没有意识到。  图书馆还有几个很有意思的地方。首先就是电梯里面的那种腻歪味道，不知道现在还有没有，反正我每次进去就能闻到，我总感觉是一种熟人肉味，不知道为什么，我也没见过真的熟人肉，但是就是第一感应冒出来这个词；其次就是三楼吧，墙边的几幅画，很诡异很诡异，我感觉画里面不是画像，而是被囚禁的灵魂，感觉在你某个不在意的时刻他们就会撕开纸张，破壳而出。  提到诡异，不得不说思源楼地下室，思源地下室有两层，第一层是考研自习室，第二层应该是机房和职工住处。  这也是我不止一次怀疑考研自习室那么多东西被盗和思源楼职工有关的原因。  思源楼地下二层尽头有一条通道，我有次闲的没事发现了这么个地方。  当时晚上十点左右，喝了一口刚冲的热蜂蜜水，出来闲溜。尽管前面是从没见过的地下通道，一片漆黑，但也还是好奇着往前走了。我靠我的诺基亚考研机的微弱背光，嘴里念着世之奇伟瑰怪之观常在于险远，腿上表演着帕金斯综合症，一步步往前哆嗦，等我终于摸到尽头，发现前面是一个往上的台阶，我就继续嘴上唱说走咱就走啊，腿上说抖咱就抖啊，往上挪。  等我走到台阶尽头的时候，一抬头，赫然发现这里是一个小房间，蓝绿色的玻璃，贴着晚清的校友照片，后来才发现，这是思源思西之间的一个亭子。但是你可以感受一下，那种时间，那种情况，月黑风高，一个人，眼前尽是蓝绿色背光的晚清人物照片。  我想过从亭子门那边出去，结果发现让铁链子锁了。于是我又抖了回去，当我回到自习室的时候，拿起蜂蜜水，痛饮一口。  此水尚温。  第四年，考研和准备毕业。  前半年是考研，为了考研，也算是付出不少，说搭进去整个本科学业也不为过。最后也没考上，算是豪赌一把然后输个精光。万幸认识不少人，去过不少地方学习，看了不少书，也算死得其所，快哉快哉。  大三大四之交的暑假，我没回家，但是学校也封了大部分教学楼，没办法只能骑车去魏公村中央民族大学自习，那边妹子多，有空调，人也没这边多，混了俩月，日日如此。  开学之后，就在思源地下室混了，每天也就是看书，偶尔去打打球。  后半年开始系统地去锻炼自己，一星期有六天晚上泡在健身房和操场，虽然强度不如那些大神，但也算让自己壮了些。又加入了一个学院联赛篮球队，顶着队长兼coach的名字在那里挥毛巾递水，偶尔也上去被人虐一下。  走的那段时间聚餐不可避免，那就说说吃的吧，交大附近值得去吃的地方不少，近有所有食堂，香锅也算小规模接待外宾挚友的不二选择，东门的那啥，西门的谁谁，南门的不记得名字。  吃的就这些吧，相信已经说得很详细了。  四年过去，最后兜兜转转，从西站来，从西站走，从南门进从南门出，走的时候一回头才发现这玩意那么高大，仿佛我所有的影子叠在夕阳下也顶不到交通大学四个字。  四年，四年，搜狗一直恶搞故意跳出思念俩字，这个输入法肯定不是亲生的。  也许是亲生的吧，毕竟思念了，回头再想想，铁石人也断肠。
北京交通大学哲学研究生？,谢邀…… 我…… 人文社科学院只有马克思一个专业……而且没有本科生…… 这题我没法答……_(:з」∠)_ 各类数据可以从网上查到 而且一个理工科学校这样情况的专业 应该挺好考的吧……  
北京交通大学 or 中南财经政法大学？,蟹腰 ฅ( ̳• ◡ • ̳)ฅ 据说北交在本科计算机类领域和北邮齐名 朋友计算机的，他们专业考研人基本北交起步，北邮是上中下目标中的下。 反正认识的学长都奔着清华北大北航去。问他是不是要考北邮他觉得我误会他不想认真复习。 有个好基友是计算机全系第一。准备保研，她的老师会帮她联系想去的学校的导师。因为很近啊hhh，同领域老师会有很多关系，手头工作或实习或学术的资源非常多，而且很高端。 中南财经政法讲道理更适合文法类专业。不了解，有个同学在那儿读法。 最重要的一点，计算机这一行在北京发展的空间太大了，不是中部城市能比肩的。有很多高端的会议、学术研讨以及发布会都在北京，完全可以通过北交自己的老师或者在现场就联系到他们，保持行业的前沿完全没有问题。说句直白的，武汉的光谷和北京的中关村，完全不在一个水平上。 长远来说，考研保研或者出国、工作，北京都是最有优势的城市。这么多大学，多多少少都会认识别的学校的学生，蹭课、蹭资料、保研考研信息同城是最通畅的。留学教育发达不必说。基本好一点的学校都有大量交换项目。北交的优秀本科生交换项目名额非常多，包学费包住宿费，成绩好的甚至有奖学金。计算机作为大院机会就更多了。 另外有一点，北交理工气氛很浓厚，理工科学习很累很辛苦，都很拼命。埋头苦读的学霸气息到处都是，校风很朴实，有一些僵化的做法，我觉得是小事。 主要就是两点，机会非常多发展空间非常大，另外一点就是学习氛围好，对于上进的同学来说也许是一个新跳板吧。 还有就是转专业非常方便hhh是我所知道的高校里最自由的hhhh万一不想学了就转吧 还有什么问题可以私信问我。虽然这篇回答有点严肃只是因为复习太累了(´･_･`)其实我是一个温柔的学姐(๑❛ᴗ❛๑)
北京交通大学有什么约会的好地方？,图书馆5层半， 思源楼12层半 也就是顺楼梯走到快接近楼顶，绝对安静无人打扰。不过说话请用耳语的音量。 （老帮菜的经验，不一定可靠，如果2003年以后装修造成地貌改变，概不负责)
北京交通大学物流考研参考书目？, 你好，物流专业参考书目：  汝宜红、田源《物流学》，高等教育出版社  张文杰、李学伟《管理运筹学》，中国铁道出版社  其他的复习方面资料，比如考点重难点不清楚，知识框架还不懂整理，可以找复习精编     北京交通大学考研资料购买|北交大考研资料免费下载|北京交通大学研究生院|研途宝北京交通大学考研资料网          
如何看待北京交大交通运输工程排名中国第1世界第2，10个学科进入世界一流学科榜单？,底下匿名回答真是low，这就吃相难看了？ 反对那个匿名回答，图片里说的明明白白参考论文发的数量，怎么在你口中就变成只参考论文发表数量了？    况且论文发表数量无论在qs还是us news都是一个重要参考项，为什么外校发论文就是代表了国际上顶尖的研究成果，我交发论文 就是没意义，还吃相难看？  北美的大学在qs和us new的排名提前了学校都会举校庆祝就高大上了？国内学校微信公众号发个推送就吃相难看了，就不好好读书了？你们都是友校请来的猴子么？黑都黑不到点上…  排名这个东西有侧重点，国外的排名还有侧重留学生数量，非本土教师数量的，有色人种数量的。上海这个按论文总数排已经算客观的了，要按照留学生数量排名的话，交大直接引进一群黑哥哥不就世界第一了？
有已经考上北京交通大学 计算机科学与技术专业研究生的同学没？咨询考研经验,我是新生...可以认识交流一下吗
香港中文大学深圳校区 和北京交通大学 怎么选？,首先，恭喜题主高考取得优异的成绩，祝贺你。 其次，选择学校是一个综合性的考虑，包括地域专业家里情况，人生有这么几个选择，可能就改变你的人生，我想高考和填志愿应该算一个吧。 所以，这么谨慎的志愿我们外人只能给个选择，你的人生你做主。这两所学校，我当年高考时候还没有香港中文大学深圳校区，刚百度下成立时间不长，其实这是挺难选择的，不知道题主选好了没？ 就我旁观者的观点，北京交通大学算是一所老牌名校，一些工程类专业全国是很强的，选择这所学校可预见未来找份不错工作乃至到中产阶级都是很大概率的。 作为对比的香港中文大学深圳校区优势劣势都很明显，优势有依托香港中文大学的力量，国际视野和高水平教授应该也不少，深圳也是好地方，我相信你查了那么多资料应该也了解。缺点嘛，这种合办学校受到政策和学校决策人影响很大，很多也都是摸着石头过河未来不确定性大，学费似乎也不便宜。 所以啊，你要综合考虑家里情况，地域因素，兴趣爱好，未来发展规划做出自己选择，成年人很多事要自己考虑了。 如果是我的，倾向于香港中文大学深圳校区，因为我对不了解的和国际化视野更好奇和向往，可我不是你，我已经大学毕业很多年，经历也不一样，无论怎么选择，对你都将是璀璨的未来！ 最后，再次祝贺你取得好的成绩，希望你的人生越来越好！
北京交通大学（原北方交大）铁道运输本科生去武汉铁路局一般做什么工作？待遇如何？,如果完全对口分配，一般来说你工作的前三年将在一个中间站轮岗。车务部门大体可以分为行车（运转）、货运、客运三个主要的条线，你会在某一个条线最基础的岗位开始，比如调车员、货运员、客运员，然后可能去做行车值班员、客运或货运的值班员。  三年后，如果你留在基层你大概会成为值班站长，接着副站长、站长。二等以上车站的话，你还可能经历车间副主任、车间主任的层级。  你也可能被调回车务段，成为技术科或是计划科的科员、副科长、科长。  分在路局机关，那么几个运输相关的处室都有可能是你的去处，运输处、客运处、货运处乃至企管处。更大的可能是去调度所。  我从铁道运输专业毕业12年了，不过没有从事本行。举两个留在铁路的同学这12年的职业路径供你参考：  A：甲站（特等）调车员－调车长－行车值班员－甲站团委副书记－乙站（一等）运转车间书记－乙站站长助理（期间在职研究生）－甲站站长助理－甲站副站长。  B：丙站（二等）连接员－助理值班员－行车值班员－运转车间主任－ 丙站副站长－丁站（一等）副站长 （期间在职研究生）－路局团委副书记  武汉局不是很清楚，太原局 本科生转正后第一年拿到手一年五万还是有的。  补一点：  全专业这一级96个人，在全国各地铁路行业就业的大约25人，城市轨道交通系统15人，设计院、交通运输相关的公务员、咨询机构10人左右；泛物流领域（园区、第三方物流、智能交通和企业物流）35人上下，职业完全和交通运输领域无关的也就10个人。   在泛铁路（铁总、地方铁路、地铁和城轨系统）工作的这些同学，现在基本都已经走上了中高级管理岗位，所谓科级以上。特别是最近几年城市轨道和高铁的爆炸性人才需求，带来了很大的机遇，专业知识永远是一个人最大的优势之一，而有了一个正统邦邦硬的学历出身，铁路局应该是你最能发挥自身这个“根红苗正”长处的所在。
北京交通大学的女生（土木类）住宿条件怎么样啊？军训怎么样？,姑娘，咱俩一个专业的，我也是女新生。了解了这么久，都说北交大宿舍条件不太好，军训也是出了名的惨，我赶脚还行，你别期望太高就成
请问北京交通大学机械工程研究生女生的就业情况怎样？具体都会往哪儿发展？,机械电子专业女生整体就业不好，性别歧视在国内职场是很严重的，工科排斥女生明目张胆，招聘计划里根本不收女生。 当然，这种情况在研究生阶段会有所好转，特别是好一些的大学里好一些的导师，总会有一些人脉和机会，相信题主考研的动机应该也是考虑到就业。 至于北京交通大学，特色是轨道交通，我自己也是这个行业的，北交在行业内算是国内最厉害的几个高校之一了，即使不是直接相关专业比如车辆、交通，也会有一些进入轨道领域的机会，更不用说车辆本来就是机械的二级学科了，就业无非是中车旗下各主机厂，各地方铁路局，地铁公司，研究所等等，机会还是蛮多的。不过机械的待遇明显要低于电子，这也顺应国内产业的大方向，实体经济近几年持续疲软，IT产业却依旧如火如荼，即使很多机械方向的导师，有的也会希望自己的学生有电气电子方面的知识。不知道题主为何放弃电子方向专攻机械？ 至于考研哪个学校好不好考，不清楚，考研分数从来没有定数，如果为了求稳而考一般的学校，建议一开始就不要选择考研。
能比较下东北财经大学和北京交通大学的mpacc，以及北国会的审计专硕，哪个更性价比更高，更值得去追？,其实现在就是投资，东财的cc挺好的，有些985高校考生都有被刷的，所以不要以为就简单。小伙伴今年考了234分跨专业的考东财现在还在累的夯吃夯吃的刷题看书，东财的cc就业不会多受限制，优势在北方。 其二，现在很多学校会计审计已经统一划线了，考不上会计，审计自然别报太大希望。所以如果真的要去北国会必须要好好下功夫，跨专业的话趁现在有时间，看看专业课，初试尽力看到235➕，才能保证被录取的可能性比较大。目前几家国会的认可度越来越大，竞争也日益激烈，很多不知道怎么想的211、985高校的孩子也要去考几家国会，臣妾真的不能理解啊！-_-# 最后，北交，个人不去特别了解，建议自行百度历年cc分数线，就大概心里知道这三所学校什么水平了。 祝楼主今年初战告捷，选对学校比努力重要太多了！三思，cc是没有回头路的，过来人的血泪史+_++_++_+
如何看待北京交通大学2017年毕业典礼采用分会场制？,其实我也不是那么强烈地希望有校级毕业典礼，有家长来看自己被授予学位的样子，有校长对即将离开校园的自己的嘱托，有最后一次全校升旗仪式，有彩色纸板拼的大门和被装扮一新的操场跑道，有无人机拍下大学最后一天的欢乐与喜悦……  只是有一点遗憾。以及，感觉自己被学校嫌弃了。  优秀的孩子可以去天佑会堂，不优秀的连听校长讲话的资格都没有。嗯，谢谢学校的最后一课。  人怂，可耻地匿了
东北大学和北京交通大学的机械研究生哪个就业更好？,谢邀 不从学校好坏的角度谈，仅说在北京招聘的企业数量肯定是远超沈阳的。基本上在全国招聘的企业，北京是必不可少的一站。
如何评价林丹还有一个正牌小三北京交通大学羽毛球队李智？,为什么要强调具体高校？
北京交通大学的艺术类如何？,头一次被邀请回答啊受宠若惊先谢个邀。  因为是理科生也不在建艺所以不是很清楚学院内部的情况，只能根据了解的情况简单谈一谈。  关于学院在学校的受重视程度，嗯……这么说吧，北交十二个学院，建艺是四小院之一。至于具体的师资力量办学条件之类的，在各个学院的官网上都能找到数据，对比一下也就明白了。 看题主拿其他学校来对比，因为没太关注过也不太好说到底哪个比较好，但是总觉得在日后的发展方向上应该还是有挺大差异的。 毕竟这是个理工科院校，而且每天听到的还都是“你们是交通大学的学生，都是学交通的”。读个偏文一点的专业都觉得底气不足，更何况是艺术类。 而且虽然说都是艺术类但细分之下方向也挺多的，从业是一辈子的事情，还是按照自己的兴趣慎重选择吧。  组里有个妹子，学城规的，具体的一些细节还在询问中，之后再来补充。  ————————————————  ……补充完了。
2017年河南理科省排6700，应该选择重庆大学，湖南大学中南大学还是北京交通大学？,题主跟我当年的情况一样，果断北京交通大学
北京交通大学MPAcc非全日制应该找什么样的实习？, 先找个导师问问，哈哈     
北京交通大学土木研究生就业怎么样？,这样说吧，交大硕士想留在北京的，努努力，都可以留下，工作好坏关键看能力，但是前提是你的本科学校要强，因为这是用人单位的门槛。 我在交大念了4年本科，说一下我自己的感觉吧。教学资源上，交大的老师很重视学生的课程教育，只要你认真听，你课上学到的东西，肯定比书本上的多，老师会扩充很多前沿知识，即使很基础的理论课，比如我记得“土木工程材料”，因为授课老师本身是再生混凝土方向的，所以课上扩充了很多关于RC的知识，我结课小论文也是讲RC的。 图书馆资源，你可能觉得交大图书馆小，但里面的书足够你读4年了，如果你嫌弃它不够大，你可以出门坐运通105，30分钟，坐到国图，我大学舍友就常去，很方便。 校友资源，京津冀这片做土木的交大校友还是很多的。学校每年都有校友会，每届都有qq群，还有知行论坛，你有n多接触校友的机会，就连曾经的首富李河君校友都有回学校走访。ps.如果你家境一般，我认为这个资源是最最重要的，但是这需要你有一定的交流能力。 科研水平，也是你读研的目的。地下方向，隧道中心➕对面地下实验室，这一方向全国数一数二，我就不说了，袁大军老师，张鸿儒老师，张顶立老师等等，还有2位院长大人。说说房建吧，算是4个方向里发展相对较差的。土建楼二楼，杨青山工作室，研究钢结构，风震的大杨老师，研究古建筑的小杨老师，还有对面机械学院地下的风洞实验室，研究混凝土的周长东老师，还有研究材料的朋改非老师，大牛还是有很多的。道铁方向，地缘优势，北边的铁科研跟交大几乎就是共用一个院，而且北交大主要专业特色就是面对铁路方向。桥梁方向，大神级老师，夏禾老师，老院长，交大桥梁也是在他的领导下发扬光大的。力学方向，汪越胜老师，石志飞老师。 总之，师傅领进门，修行在个人。学校提供的学习资源还是很不错的，关键看学生如何使用。如果有幸，希望你能成为北交大的一员，然后体会一下这个学校。
在北京交通大学经济管理实验班就读是怎么一番体验?,第一次被邀请感觉好羞射...一向是只看不说 第一次写东西. 经管试验班，现在是物流管理专业。 高考出乎意料的差了点，去不了高中想去的央财，然后高中就一直想学物流这个专业，北交大物流全国领先，然后就这么报了志愿。 来了以后发现，北京·二环·西直门外的地理位置对于学经管的来说绝对得天独厚的条件，不像理工科可以去郊区实验室埋头苦干不问世事（...我也是理科生此处无贬义）我来自省会城市，也算接近一线，但上了大学再回家，明显能发现和在本地上大学（也是985、211）的表妹的区别，也算是开阔眼界，增长见识。 然后经管在学校算是属于好专业好学院，课程什么的这种事见仁见智、不管哪个大学本科学到的和以后工作用到的没有太多重合、不过课程安排种类还是挺多的  感觉学校更注重全面发展 不过都是泛泛的学习 广而不深 这个也是看个人 想钻研也有很多可以学的 毕竟北大清华也有不学习的，师资力量也挺不错（物流专业师资算是数一数二的，其他专业不评价）。 男女比例，1:3，女生多，多很多，学工程管理都有一半是妹子。 不过男生就业基本没问题，女生学什么就业都比男生差一点是普遍现象，这几年就业率还是挺高的。 然后一年以后选专业分专业。。。会计等比较热门，所以会有同学选不到自己最想去的专业，和高考一样平行志愿，有竞争，不过有压力才有动力。土建学长吐槽我们大一大二怎么就这么拼，他们当年根本感觉不到竞争压力。 平时生活基本上被上课、社团、工作、比赛活动各方面占据，感觉比高三还忙，不过挺充实开心的，也可能因为我一直不怎么学习高三还打撸啊撸。。。 说了半天，说到体验= =！不后悔来了这个学校这个专业，不后悔当初没报厦大虽然校园真的好美。  2016.12.3更新 话说作为一个渣渣我现在拿了国奖还保研了_(:зゝ∠)_感谢北交
北京交通大学经管院or上海大学经济学院哪个好？,显然北交的会好一点，但是你要去上海发展的话，上海大学也不差的。
如何看待北京交通大学双培生挂科严重及校领导不管不问不作为的情况？,对于吐槽、抹黑、邪恶化北交大双培生内篇帖子的人，我要揭开你丑恶的面具，让大家看看你这副恶心小人的嘴脸！  我们宿舍大一本来五个人住六人间，大二学校要求搬到主区，后有因为宿舍紧张问题，学校要求我们五个与另外两名转专业同学住到八人间，我们与新来的两个女生相处的也不错。没想到开学之后学校又突然安排了一名休学一年的同学到我们宿舍，更没想到竟然是这种卑鄙小人。只能说我们另外七个人都很不幸。 一、关于熄灯问题 以下是这名同学的原话 “我们宿舍一向熄灯特别早，一般十一点就熄灯有人睡觉了”“一般来说，有素质的都会默认熄灯之后要保持安静，我们一般也都会在熄灯之前就洗漱好” bullshit！关于熄灯问题这位同学真是会一笔带过啊，我来给大家好好讲讲。每天十一点左右这位同学都会关灯，甚至包括双休日、期末和假期时间。 试问大家在大学时期有多少时间是十一点之前睡觉的？我来给大家算一算我们学校晚课八点五十下课，下课后如果有自习、社团活动、娱乐活动差不多一个半小时吧，就是十点半。到了宿舍收拾东西去洗澡，少说也要二十分钟吧，洗完回到宿舍就熄灯了，而且夏天洗澡的人，大家都想晚上冲个澡再睡，有时候十一点之后还有人在排队等着洗澡！回到宿舍想要敷个面膜都要摸黑敷，想要看个书看个电脑都要开台灯。 我知道有些人有自己的严格作息时间，我们也都尊重这些人，并没有说不许十一点熄灯，只是能不能在熄灯前问下大家的意见呢？每天都是到她睡觉的点了，她“啪”一下就把灯关了，紧接着我们七个人的台灯“啪”都打开了。好几次我们正在看书，正在看电脑，“啪”一声突然就暗了，好几次几个女生都被吓一跳不说，天天在台灯下看书对眼睛有多少危害？而且同在一个宿舍下住，几点熄灯不是应该大家一起说了算么，就因为她一个人我们其余七个人的作息都要改变。只有一个人睡得早的话，我觉得你自己去买窗帘和眼罩比较好吧。 即便是这样，我们也没有责怪她一次，毕竟人都有些缺点，还要一起住两年呢，我们都心想算了。 谁知道表面跟我们说说笑笑的，以为关系还不错的人，竟在背后搞这种小动作，真是让人心寒。 二、关于兼职、聊天、玩游戏“吵”到你的问题 因作息本来与我们不相同，所以难免有时会有“吵”到的情况，但是真如你所说的那么不堪么？如果我们真的很“吵”，宿舍其他人为什么没有抵制我们？我们与其他人的关系真的像你所说的那样么？你口中兼职交男友的同学真的这么没有眼力见儿？明知自己回来晚还与另一人大声说话？你口中所谓的“T”真的在宿舍不管不顾“当成自己家一样”？因为自己心情不好就与宿舍另一个女生发生口角？根据我的认知，如果宿舍有这种人，早被大家联合起来抵制出去了吧。 那又为什么在你几次找到辅导员打小报告后，其他宿舍成员都向着她们说话？难道其他人都疯了？你独醒？ 而且多少次你在宿舍大声与家人视频聊天？大放厥词的讲你的方言？人非圣贤，孰能无过？况且一起生活三年的女生，有些小毛病小摩擦再正常不过。如果单单因为你所说的这些夸大其辞有些甚至是胡编乱造的事就来否定所有双培生，甚至所有二本院校的人，那你真的很可悲。 三、关于各种歧视问题 文中你虽说不歧视同性恋，但是字里行间分明透露这你狭隘偏激的看法。以下又是她的原话“那个T是打篮球的，还是什么篮球队队长，跟个男的一样，我肯定打不过” 据我所知人家留着长头发，只是喜欢打篮球并且长得比较高块头比较大而已，人家自我认同是女生。你这样随口一句就给人贴上“T”的标签还对一个女生说出“跟个男的一样”这种话，真让我质疑你这种素质的人是怎么通过北交的面试，考到北交来的。不过你有一句话说对了，就是最后一句，你打不过人家。 关于歧视双培生和二本院校的问题，我想不用我过多说明了。放一段她的原话让大家自己判断吧。“主要在她们原来的学校可以一起熬夜，一起打游戏，在这里我们可是要早起上课的啊...我们又不像双培生想挂几科挂几科”。   最后我想说，这种人前一套背后一套的小人真的很恶心。表面和你笑呵呵的，在背后这么说你。我们宿舍差不多都知道了这个帖子，有人说就一年了算了吧，当作没看到，但是我选择站出来怼回去！只是希望你心眼大一点，优越感少一点，把有色眼睛摘掉后或许你还可以重新做人。
北京交通大学计算机学院，以后想投身交互设计，转去软件学院怎么样？,回答不了这么多，针对最后一点“交互设计如果我掌握了手绘技能是否会更加具有竞争力？” 有加分，但不会是面试官关注的点。如果你不做视觉。做交互过程中，会用到手绘的，一般有两点。头脑风暴画一些用户场景图，或者画Demo流程图。前一点你只要能表达清楚就可以，不用高超的手绘，后一点可以用软件解决。其实手绘只是方便我们的表达，如果你可以用其他工具，清楚的表达你的想法，这样就可以了
北京交通大学铁道信号专业就业如何？, 电信学院交控专业不知一般去哪里就业     备图  
北京交通大学威海校区到底怎么样？,投档线不算很低吧，平均高于每个省份一本线30分，在黑龙江那边特殊一点好像高了一本线80分。  因为是新学校，而且同样的专业没有扩招，所以第二年的分数可能要比第一年高很多...很多学弟学妹在咨询 我就顺便提一句  关于报普通一本还是北交威，你可以自己权衡呀。我们这边毕业证拿的是和北京校区一样的毕业证，所以是211大学。但是学费相对普通大学会贵一点，要4.5万，我个人认为就是拿学费买分，毕竟北京校区同样的毕业证他们高考要比我们多考五六十分。你自己权衡就好啦。  第一届确实有很多问题，好在学校很愿意听取我们的意见，很多东西都逐渐在好转。   我是这个学校的学生，我很爱这所学校。
在北京交通大学最不能错过什么？,合体宾馆
电气研究生，想在北京找工作，天津大学和北京交通大学哪个优势更大？,好多单位不认交大，所以果断天大！
吉林大学、北京科技大学、北京交通大学、中国农业大学选哪所比较好？,我交数学系学姐前来报道！其实北交数学系叫信息与计算科学，当年一票人就是开学之后才知道这是数学系。。。
为什么北京交通大学有njtu的域名？,很简单，因为学校改名了。 njtu是北方交通大学（North JiaoTong University）的英文缩写，21世纪初北方交大改名为北京交大（Beijing JiaoTong University），也就是bjtu。
北京交通大学交通信息工程及控制专业研究生有哪些就业方向，对女生会有歧视吗?,交大这个专业不歧视女生，但是有些用人单位在招聘需要经常出差的岗位时会
在北京交通大学找女朋友有多难？,最大的难点源于……我交的男生和女生好多都在相互嫌弃……
北京交通大学附近有哪些值得一去（尝）的餐厅（美食）？,有可以当作食堂的地方/还有请客吃饭的地方 是不一样的 北京交通大学周围   【东区小西门】 #十个馄饨#（当作食堂，玉米馄饨好吃，涨价幅度明显，石锅不推荐） #面和抄手#（没有以前好吃了…爱吃辣的推荐红油抄手/川香豆瓣抄手/老麻抄手/香辣鸡饭/燃面） #荔枝餐厅#（虽然不是很干净但是茄汁牛腩饭/黑椒牛柳饭/和风肥牛饭还是值得当午餐吃的） #张姐烤肉拌饭#（男孩子最爱，外卖方便，油大肉多自然香，各个菜品都让你有饱腹感…） 【主区南门】 #阿西亚#（新疆拌面新疆拌饭各种都好吃 好像改名了…但是老板厨子都没变，在大茶杯的隔壁） #出南门右转的那家黄焖鸡#（好吃好吃好吃，交大周围最好吃的黄焖鸡，亲测）好了已关门 #阿里拌面#（小炒黄牛肉拌面挺辣的真的但是好吃，精品拌面/大盘鸡拌面都不错 适合当午餐，羊肉串也好吃！） #闽粤海鲜粥#（鱼片粥最好喝，dzdp有团购很划算，鲜虾粥也不错） #绝味#（夜宵…肉串比火烧石好吃，没有阿里拌面好吃，不是很干净，方便面煮的很好吃) #天下第一粉#（店铺小又脏…但是不能阻止它好吃对不对 偶尔外带回宿舍吃…） 好了它关门了就在这个暑假  【主区西门】的 #好这口重庆小面#（都！好！吃！但是觉得牛肉面最好吃，不辣的也好吃）好了它关门了 #biangbiang面#（陕西风味面馆，还算干净） #鱼豆吉#（豆浆火锅很多人喜欢去吃专门去吃…然而我真心觉得一般 有可能连续几次去吃伤了…） #番薯餐厅#（类似绿茶餐厅…还行吧也就是，椒麻鸡/番薯烤肉还行） #老棒棒重庆土灶火锅#（好吃！微辣就很辣，有九宫格也有鸳鸯中间是清汤的） 【主区东门】 #天桥下的烤串#无名烤串  最近没有了 【东区东门及交大东路】 #老边饺子馆#（东北菜比较实在 饺子还不错）换名了 #江边城外#（交大周围最好吃的烤鱼我心中） #吃货锅物料理#（什么都还行的水准） #姥姥家春饼#（连锁春饼店，好吃真的好吃，建议错开饭点，不然排队很疯狂） #肉串汪#（夜宵不错）现在觉得很一般，肉一般 #小杨楼#（也就是还凑合…可能因为不合我的口味，什么都甜） #东方宫牛肉面#（很多人慕名来吃，确实好吃呀，也还挺干净的，有团购有早餐特惠） #大京铁板烧自助#（一般还行…） 【西直门】 sizzler（很喜欢的连锁店） 汤城小厨（连锁 好吃经常去） 合利屋（连锁，都还不错） 三佰瑞冻酸奶（连锁好吃呀）心中冻酸奶第一 南京大牌档（吃腻了有点…） 牛市牛（团购分量很足 味道还行） 将太无二（连锁 这里出品还可以的）   想到什么其他的再补充吧 交大周围餐厅更新换代很快的 【再补充】 以上有关门的店我就不删了…给自己留个美好回忆 补充一下新的 【西直门】 #辣倒兔#（尖叫口口脆一生推）最近好像改的不好吃了 #井格#（火锅连锁店，比西门老棒棒好吃，没那么辣） #聚乐港#（连锁，简餐味道非常一般，噱头是大芭菲，味道也不错，可以在凯德其他店吃饭，让聚乐港把芭菲送过去，需押金+卖萌） #边境东南亚+云海肴#（连锁-东南亚菜+云南菜，前者泰式炒米粉和米布是心头爱，后者刷的差不多所以就没什么感觉了…） #绿茶#（连锁，平时吃吃还行，石锅蛙和综合水果刨冰每次必点） #旺池川菜#（改良川菜，目前吃过的都是好吃的，毛血旺+香茅草蛙+馋嘴蛙+藕条+燃面） #新辣道#（味道一直不错，人也一直特别多） 【西门】 #腊罗巴#（云南菜，很好吃，黑红三剁经典也好吃，香草排骨一生推，铜锅米线酸辣重口，腊排骨好好吃，喜欢） #好这口重庆小面#（不是以前那家，换人了，味道不如之前那家，不过尚能凑合，优点是看起来相对干净） 【交大一条街+交大东路】 #港茶#（吃过蜂蜜鲜奶龟苓膏之后就只点这个，超好吃，奶盖也好喝） #哞哞鲜奶屋#（双皮奶+原味酸奶一生推）好了关门了 #老回回小吃#（拒绝堂食，请点外带窗口，鸭翅超好吃一人吃一袋+牛蹄筋好吃+糖火烧椒盐火烧好吃） #starhot韩国料理#（炸鸡好吃，芝士泡菜炒饭谜一样好吃，不过饭点儿不建议，人多店内无座外卖多厨房忙而不精）105那边开了分店，人少 #蝎王府羊蝎子#（真心觉得一般，有膻味，我还是蝎子李西便门总店一生推） #老北京前后涮羊肉#（很一般！） #杨记兴臭鳜鱼#（臭鳜鱼味道很一般，他们家口味比较重，普遍咸） #上鱼鲂#（黑名单一样的存在，鱼腥气重） 先这些 之后再补充 2017.5.3
上海大学，华东师范大学，华南理工大学，北京邮电大学，北京交通大学的全日制mba哪个学校的好，求教 ？,个人认为属于985的华理。  另外如果是IT圈，华理和北邮。校友很广。
求北京交通大学通信专业研究生就业方向，待遇咋么样，都进什么样的企业，在通信行业认可度怎么样？,谢邀……为何邀请我的都是交大的问题…… 本王已经离开交大2年整，学院是土建学院。昨天晚上回去一次，附近开了好多新店都不认识了。 我们当时交大最好的专业说是物流。通信应该也可以，可是还是北邮的更好吧？ 我并不是十分清楚这些专业认知度的问题，不好意思啦～  
北京科技大学和北京交通大学哪个更好？, 北京交通大学的铁路运输、通信、土木都是优势学科，北科的冶金材料采矿也是优势学科。相比较近年各专业的趋势，北交的优势学科显然更好一些。北科就比较冷门。前面有答案说去北科学计算机和经管的就比较搞笑了。北交的计算机远好于北科。在最近一项专业学科排名中，北交计算机排名全球前100，远优于北科，这件事官网有报道。而北交的经管更是优势学科，就业升学等各方面甚至比运输、通信更好，产业经济学更是在2012年教育部学科排名中，位居第一名。   综合比较北科和北交，北交应该远优于北科的。当然如果你确实想学冶金材料等专业，北科可能更适合你。  
如何评价北京交通大学举办的北京市首届建造节？,谢邀！！！(第一次被邀请好激动O(∩_∩)O 感谢有一个记录故事的平台~~)  时间长 慢慢说  【一年一次，一次一生】 【意匠巧工，举重若轻】 【饮水思源，爱国荣校】 【知行】 【廿二载】   背景：5月23日 北京市首届建造节（交大的第五届）在交大开幕 参加展览的有41组建构作品和若干艺术展品 大赛要求在周末两天的时间内完成搭建~   PART 1 开幕前的故事 作为大二但是第一次参加建构节的答主来说 还是非常鸡冻的\(≧▽≦)/！从最初组建小组到思维碰撞到后来裁板拼接 都表现出了无比高昂的热情！！！  但是 每个作品的背后 都是非常辛苦的 有一句话叫【不管前期有多少事情没做 建筑系的学生总能在ddl之前完成】所以在开幕前那个周末 场地上聚集了大量的参赛者参与搭建~  有类似我们这样前期做的很多到最后一天很轻松（为了在☀出来之前搭建更凉快，22日早上我们4:30第一个到达场地开始拼接，9:00左右就搭的差不多了） 也有开幕前一晚刷夜赶工的（答主下铺好像凌晨4:00才回来）………不过 享受的是设计以及搭建的乐趣嘛~~~  同济重大天大华工等学校都有自己的建造节 上海重庆等也都有自己城市里大学之间的建造节 这次首届北京市建造节也就是在这样的背景下在交大开幕了（据说清华不和我们一起玩 然后交大勇敢的承接了主办的重任）
北京交通大学法学如何？,如果觉着“命不至此”，那不妨回去复读，不要耽误自己。如果仅仅是不喜欢法学，大一下学期好好准备微积分转专业吧，13届成功转经管的有6个，大部分都是金融（会计财管热门难度大些法院没有转过去的）自动化1个；14届转经管3个，理院1个计院1个，数据供参考。如果不喜欢、不愿意学法学建议趁早转专业或者复读不然你大学四年八成就废掉了。 虽然本人始终热爱交大法学院这个大家庭但还是得说：交大法学院刚起步不久，师资尚可，但资源与氛围都不敢恭维，男生普遍成绩不咋样（寝室相互传播负能量）。如果你的不满情绪没有那么强烈，最后决定留下，也并非毫无希望：11届保研结果，1个北大国际法学院，1人大法硕，1政法经济法学硕，4个对外经贸学硕，考研1个人大学硕，若干政法外经贸。 数据有片面性，但能够说明一些问题吧。我承认学校学院的重要性，但个人努力同样重要。 说这么多是自己有感而发，不希望学弟学妹走太多弯路。 有空再补充，也可以私聊。  以上。
计算机专业想考图像处理方向研究生，考北京交通大学阮秋琦教授的研究生怎么样？,题主你好，想问下你现在在北交读研吗？我是17考研的，想问下阮老师现在还带硕士吗？能给我推荐几个电子与通信工程的导师吗
北方交通大学为什么改名北京交通大学？,北方交通大学和一个高等职业技术学院并校时改的名，不过附小附中都没改名。
华南理工大学和北京交通大学哪个好？,同一档的学校，看你喜欢什么专业什么地域吧。去喜欢的城市，去那所学校里较好的专业
北京交通大学怎么样?,据闻是离天安门最近的一本校，不过拿此条作宣传就没意思了 本人是黑龙江生源，帝都211学校分数除了中财北邮就是北交，主要因为好专业都是热门，结果  经管比不过中财，通信比不过北邮，铁路比不过西南交大，  到头来某院院长还说以上是王牌专业，无语凝噎。 前几年还叫北方交大，现在改了名又换了校徽，显然是抢占北京的地理优势+沾其他几个交大的光，空有座北京最大的学生活动中心和据称全亚洲最高的校门，学风只有那几个热门专业还能看。 前段时间某教授上殃视新闻，讲地铁。 不知为啥某些榜上居然到了全国前三十，算了反正意义不大。 面积迷你，硬件四流，图书馆破旧。 当年SARS重灾区。 排了个话剧《茅以升》。 秋天银杏算是一景，至于某小水塘就不说了， 我们黑她，也许是对她有所期待，等到毕业以后，才是我们由衷赞美她的时候。 红果园和散训欢迎你。 大一新生，折叠吧。  点赞的都是学长吧（挖鼻）  ____________________分割线____________________ ps:军理课闭卷，擦QAQ
大学马上毕业（本人女）， 想去北京工作两年，想知道在北京什么地方租房子比较好，交通方便价钱合适的？？？,我去了北京一个星期，3月25-4月3只是一个片面和短时间的了解，把自己的感受告诉你，气候很干，很少下雨，感觉喝水都没有太大效果，同学说要搽护肤保湿霜，有时候有静电，在亲戚家的房子经常被电，交通很发达，公交车和出租车会堵，地铁很快但有时候会很挤，两三趟都做不到车，地铁一般2分钟一趟，现在公交和地铁听说都涨价了，公交2元，有一卡通要便宜些，地铁看坐多少路程，一般是5元左右，一般的公司都不包吃住，吃的话一碗面条15左右，吃饭一般是20到30元，住的话觉得是最不好的，在北五环10平米一般是1200一个月，不包水电网费物业费，房子只能摆一张床，一个桌子，一个衣柜，一般是一个套间分成7到10间，卫生间和租房都是公用的，一般一个房子住两个人划算一些，北京玩的地方很多，长城故宫天坛都很好，还有颐和园圆明园很多地方，帝都的话治安也非常好，到处都是警察，公交站和地铁站都有人可以咨询，北京人也很热心，你问路他都愿意告诉你，在北京人都感觉很有素质和礼貌，在北京生活压力比较大，我了解的就是这么多，还有什么问题可以继续提问。
怎样看待北京交通大学土建学院的朋改非教授？,0. 谢邀  1. 朋教授的简历请参考交大主页： 北京交通大学土木建筑工程学院    我和朋教授的关系请参考： 遇到一个合适的导师有多难？ - 知乎用户的回答   2. 大三的我还很年轻，直博选导师的时候只看简历。 朋教授的简历还是很精彩的。 当时请教了一个朋教授的硕士生，她的原话是“（他会）十分欢迎你加入课题组，但这个老师很严格”。 我想，导师严格不是好事情吗？ 就这么定了。  3. 13年9月份，博士第一学期，参加各种水课。 无所事事。  一个09级的博士师姐跟我说，你趁第一年赶快申请CSC出国读博吧，不要在他手下了，浪（没）费（法）时（毕）间（业）。  啊，师姐，又过了两年，现在你顺利毕业了吗？  4. 14年3月，博士第二学期，隔壁宿舍的王学霸已经准备发表自己第一篇SCI，而我依然在帮师兄师姐（和大四做毕设的学弟学妹）们打混凝土。  这个学期我做了助教，帮老师收作业改作业。 跟导师提过几次课题方向的事情，但一拖再拖。 仍旧无所事事。  5. 这个学期期末的某一天，我在郊区搅拌站帮着师兄打混凝土。 早上六点起床，坐地铁转公交，九点半左右到搅拌站，然后干一天的活，晚上九点左右回到宿舍。  写完实验报告，发给导师，洗了澡，躺下睡觉。  第二天早上八点，被导师的电话叫醒。 问我是不是在睡觉，期末的卷子有没有判完。 我说，我并没有收到参考答案啊？ 导师生气了，说他早就发给我了，说我能力这么差，还这么懒惰，这个样子是没办法毕业的。  我赶紧下床检查邮箱，啊，导师在前一天的凌晨两点把答案发给我了。  然而我那天全天都在做实验，这事儿他应该是知道的，因为我已经给他发过邮件了。 所以唯一的解释就是，他根本不知道我在做什么。  然而这样的事情在这一年里发生了无数次。 我也不知道那个博士学姐这几年是怎么熬过来的。  帮师兄做实验是他安排的，帮他判卷子也是他安排的，出了问题，锅是我的。  我去你妈了个哔。  6. 到那时我才明白师姐之前说的，让我赶紧申CSC离开这里的原因。 但那时已经没办法申请国家奖学金了。  于是就开始准备申请国外学校的事情。  7. 7月份准备了一个月的雅思，期间还完成了申请学校的一系列资料。 （感谢帮助过我的朋友们和老师们） 8月考了雅思，9月出了成绩，10月拿到奖学金offer，12月正式办理退学手续。 第二年3月，正式成为时差党。 告别了生活过将近6年的母校。  8. 去年暑假回国办理户口和档案的手续，学院的行政老师跟我聊起来退学这件事情。 这位老师对我讲：“终于胜利了呀！”  是啊，但是我完全没有想到，竟然以退学生这样尴尬的身份离开学校。 在跟导师斗争的这段时间里中，我究竟是胜利了，还是失败了呢？  9. 以此经历缅怀南京邮电大学自杀的那位同学。
北京交通大学智能运输工程是学什么的?,前一段时间分专业，刚好有些粗略的了解~可能不太准确（毕竟只是大一）这些都是学长学姐告诉我的~ 简单地说智能运输的学习主要是三个模块的知识，运输、计算机编程还有通信（还是信号?记不太清了）。是运输学院最“学霸”的专业吧，但是我感觉有点多而不精（学姐的说法是接触的面比较广可以找到自己真正喜欢的方向-_-#）。 人数比较少，只有一个班（可能我们这一届会多一些），于是本科阶段就有导师了~ 本科直接就业的据说不太多，大多还是深造~
在北京交通大学就读是怎样一番体验？, 承蒙错爱，满百赞，感谢。  这个回答记录了我在北交的心境。转眼我已毕业，工作半年了。  这个问题下应该有更多新鲜的体验和观点，请执笔写下。我很期待。  ———  悉知：评论和私信好多咨询研究生方面问题的，这里统一告知：答主不读研究生，对本学院研究生专业了解得不多，更不用说其他学院的。不理你没有恶意，就是不知道而已，当然还有懒。  ———  更新一波图片：   △思源碑  △图书馆  △电气工程楼  △明湖畔杨柳如烟  △校史馆北侧小径  △秋林掩映思源楼  △思源楼顶远眺  △天佑会堂北侧夜  △西门一排小黄车  △学活二楼窗口菜品   以下为原文  ———  先自我介绍一下，北交经管2012级本科生一枚。  当初之所以来到北交，是因为和GF约定一起来北京，加上熟人介绍，考虑到分数和专业，填了这所学校。（P.S.那年暑假就跟她分手了，从此再无联系，悲伤的故事有木有~~~~(&gt;_&lt;)~~~~ ）  ———好啦，回归正题   刚到北交 的时候，相当一段时间会有对学校抱有各种遗憾和悔恨的情绪：社会名气不大、占地面积狭小、硬件设施落后、食堂饭菜单一等等等等，归结起来就是北交是一所一来就让人失望的学校。身边的同学纷纷坦言自己是高考失利，分数不济才来的，似乎几乎没有人对能上到这所学校是有几分欢喜的。这种情绪的产生其实是很正常， 毕竟  “  得不到的永远在骚动  ”  ，毕竟人都是有虚荣心会比较的，毕竟学校名气关联就业出路是我们一贯笃信的 。  慢慢化解这种情绪，从我个人来说，我会发现有许多比自己更加优秀条件更好的人也在这里，所以心有不甘跟他们一比是否会显得相形见绌呢？人生不必后悔没有选择另一条路，因为那条路也是通往未知的。四年之后，你带不走校园一草一木，一砖一瓦，能带走的就是个人从中得到的体悟和成长。   学习方面 ：  1. 自12届起，经管专业是比较特殊的，实行的是大类招生，即入学后统一编制为经管试验班（12届的都是小白鼠），不分具体专业，待到大二下依学习成绩和个人意愿再分专业。从大一到大二上，整个年级的学生上的课几乎都是一样的，除了全校任选课。  2. 任课教师大多都是国内一流大学毕业的硕士、博士生，职称从教授到讲师都有。但我觉得这些都不那么重要，在本科阶段，老师的学术水平基本与你无关，许多受到学子喜爱的老师往往都是授课方式轻松幽默，对学生和蔼热诚，分数方面也不会过分严苛吹毛求疵的那种。这几点在给我们上微积分和线代的理学院的冯国臣老师（许多人称呼他冯爷爷）身上体现得淋漓尽致。到目前为止两年学习时间中，交大的好老师我发现的还是有很多，基本上都是具有上述特征。  3. 从 学生 来看，有那种一门心思扑进学习，视成绩绩点比天高的，也有天赋异禀、资质超群，无需过多努力成绩依然骄人的，还有基本不去上课，整日在宿舍睡觉或者玩游戏浑浑噩噩度日的，更多的是在喜欢和重要的课程中都能认真努力，不过平时也会有课堂发愣或直接翘课，在期末前突击发奋的那一类。中国大学生概莫能外吧。  4. 每年每学期都会有各类学科竞赛，大家都是组队参加，然后找导师，无数次的讨论写报告。选择科研能力强的大腿抱抱才是正道。  ———————————————————————————————————————————  大三了，无论主观意愿还是客观现实都要求认真考虑自己未来的去向了：  准备考研的，寻遍考研教室，占领“根据地”，因为这又是一场战役  打算出国的，为了GPA、GRE或GMAT奋战，刷分与培训  意图工作的，通过各种渠道找寻实习机会，为简历增加一条款项也是砝码    社团方面：   交大的社团还是很多的，除了传统正规的四大社团，青团（青年志愿者服务团）、知行（知行特色理论学习研究会）、学生会（大家都懂）和科协（科学与技术协会）外，还有大大小小的兴趣社团，比较有影响力的诸如lamp音乐联盟（各大晚会音乐歌唱类节目主力军）、DC街舞社、综合格斗联盟什么的。个人在社团呆过两年，还是体验到了大家同心协力办活动带来的乐趣与成就感，不太满意的是上级主管老师管得太严，自主性不够强。  ———————————————————————————————————————————  上级管控，各类社团都有收敛式微的趋势，活动越办越少，参与度不及从前  到大三，仍在社团的，都是最高一级的主席会长级别的  离开社团的，基本也就从此告别这一群体了    食宿方面：   1. 住，得分公寓了，像嘉园的话是独立卫浴；经管男生住的2号公寓是5人间，公共厕所，无空调风扇，教学期间是11点要断电，周末12点断电。今年开始，学校给许多公寓和教学楼安装空调了。应该在明年暑假，清凉会惠泽全校大多数地方。  2. 校内食堂餐厅还是挺多的，主区学活一至三层，环境好但菜肴平平无特色；四餐厅二层是各地风味，嘉园以面食为主打，明湖一到三层感觉等级是逐渐升高的，价格亦是，种类很多选择丰富。东区食堂，呵呵，早餐还是很赞的。  ———————————————————————————————————————————  学活二层，这个学期添了些新花样，蒸菜值得一尝，此外依旧缺少惊喜    校园方面：   1. 占地面积的确小，因为在三环以内嘛，分主校区和东校区，目前正在兴建平谷新区，我辈学子是无法享受了，以后以校友的身份参观吧。建筑大多陈旧，不过外墙翻新是学校常干的事。  2.  其他的硬件不太了解，经管学院的机房还是不错的，上学期参观了物理演示实验室，很开眼界。图书馆太老旧了，可借阅的书籍实在不太多。图书馆的自习室长期是被考研党占据的，每次看到他们感觉真得很辛苦。今年暑假似乎在整修，也是小修小补。   北交特色：   1. 散训，全国仅有，详见百科词条——散训。就是对大一新生的整治，要求早起训练，检查内务。  2. 小学期，就是除了正常学期教学外，期末考试结束后，再有20天到1个月的时间安排其他课程给你上，基本上都是实践类课程，像经管包括上机模拟，商务谈判，近日在校园里还可看见土建学生在烈日里测绘。  3. 知行论坛、晨光BT，北交人的信息、资源集散地，尤其在晨光上，各类电影视频游戏软件不要流量且高质量更新快，获益良多。  ———————————————————————————————————————————  本应是暑假的小学期，因为届时宿舍全面整修，挪到寒假了，时间也安排得相当紧凑     不吐不快：   1. 学活二层的各窗口的菜品你敢不敢换点新花样啊，每每都是难以抉择在踌躇和徘徊，徘徊又踌躇啊？？！！  2. 教学楼接热水的出口控制你敢不敢灵敏点啊，拔掉卡后还在哗哗地流，浪费不说还溅人一脚啊。这TM何时停还要预判啊！！？？  3. 2号楼与19号楼之间的路上的情侣敢不敢不要那么嚣张啊，光天化日男的坐女身上，烈日当空还搂搂抱抱不热么？！！？！情话私语讲不完啊！！！？？  4. 学活的电梯敢不敢快一点，等半天门开了说同学此电梯有故障暂时不能使用啊！！？？  5. 小学期敢不敢更难熬，一上课就是7、8个小时，一没课又是一天半天的，不然怎么会闲的码这么多字啊！！！？？  6. 明湖敢不敢更大点，明明是个小池塘，不要借用“湖”的概念好吧？！？！？   写到最后：   来到交大两年，真实的感受是自己越来越融入和喜爱她了  每次离开校园在家，还是会想念学校的生活，等返校时，你会发现她的某些地方又有了更好的改变  马云在今年清华经管学院做的毕业演讲上说到：清华是中国最了不起的大学之一，但我心里面中国最好的大学是杭州师范大学，因为杭师大给了我是学习的能力，获取知识的能力。  ———————————————————————————————————————————  想到在交大的日子不多了。那么，好好地坐在教室听老师上上课，好好地与室友们嘻嘻哈哈，好好地和班级同学聚餐玩乐，好好地享受在大学校园里的最后时光吧。    同样，北交也是我心中最好的大学，你也许说我矫情意淫，我想承载了个人四年青春记忆和成长足迹的地方，外人看来再不堪自己心中依然可以华美到无可比拟。   ———  就写到这里，不再补充。 
北京交通大学计算机硕士专业怎么样？,北交大的计算机应该只能算中等水平，与北邮、北理、北航有差距。并且，最关键的是北京交通大学的计算机偏轨道信息技术方面。我觉得可以考虑通信工程专业的研究生，这方面我们学校实力比较强。
北京交通大学交通运输专业哪个方向最好？,谢邀 想进铁路学运输 想进工程局学交通工程 想进地铁学轨道交通 想进物流公司快运公司学物流 这都是直接对口的工作 按照你的说法 轨道交通和铁道运输实际上都可以 我建议学铁道运输 毕竟现在在中国地铁类的学科无论是建设还是运营还不是特别成体系 基本大部分高管都是铁路跳槽的 甚至年轻一批大学生也多是交通运输专业出来的
如何评价北京交通大学校长宁滨？,就一当官的 一切为了政绩
大三英专学生，想考翻译硕士，打算从西南财经大学、西南交通大学、河海大学、北京交通大学里选择，求指教！？, 你是考笔译还是口译？   翻译专业在这几个院校都不是王牌， 西财作为财经类院校， 经济学比较好；西南交大的土木、 通信比较好； 河海大学的水利水电比较好。   几所院校的话， 比较推荐你报考西南财经和西南交大的两所之一， 西交的前身比较好， 但翻译只有笔译没有口译。  北京地区竞争要大一些， 性价比不高。 
如何评价北京交通大学2017级新生军训？,都不用你们去怀柔了还要让你交上知乎吗。
北京交通大学颜值高吗？,高
请问 北京交通大学 新闻传播学研究生好不好考？报的人多吗？报录比怎么样？大概考多少分就可以了呢？,交大的新传在北京来说一般，附近的人大 民大都比他强，如果你是看中好考的话，可以考虑，国家线一志愿一般能进复试，抛去推免的招二十多个，复试比例大概1.5左右，不高。总体来说也是算好考的了，但是你要是考，我推荐你考民大，中央民族大学，民大作为985 211，无论是名气还是学校这个专业的整体实力都比交大好。还是值得一试的。
如何评价北京交通大学的刘浩远？,其实这个问题我早就想回答了，趁着这个机会我来和大家分享一些我自己独到的见解。对于刘浩远，在知乎里一下子看到这个名字的时候，我想到的第一件事就是同为电子系大神的康老师给我听过的那首"杀死那个石家庄人"。的确是这样的，在他身边，你总会被光芒闪得睁不开眼，他就是这样的人----努力，拼搏，奋斗，闷骚，爱玩，装逼。这些看似矛盾的词完美而又不留痕迹的融合于这个西直门怪人身上。所以对我们这些普通人来说，你真的感觉到亚历山大，一个毫无缺点的人很容易找得到，但一个能让别人觉得他缺点都如此完美的人，恐怕连达芬奇都画不出来，但他正现实存在着，如一个普通人活在你身边，却如此耀眼。嫉妒的情绪总是有的，那种想杀死他的心情却被羡慕和崇拜所掩盖。正如和他同居了四年的舍友林某某说道："刘浩远的朋友圈总是充满了正能量。"而林某某，很少会发自内心赞美一个人，尤其还是与他同居了四年的男人。题主用通信学院大神来描述刘浩远，在此我想纠正一个小小的错误，电信学院，对，刘浩远是电信学院的领军人物。最后，我用一句曾经有幸听到刘浩远亲自和我说的一句名言作为结束语： "我只和强者做朋友。"
如何看待北京交通大学为演员请一周假排练校庆晚会？,哈哈哈哈哈这个学校真是越来越有意思了，我只想问演员们这一周的的学费给不给退回来
北京交通大学与澳大利亚卧龙岗大学“机械电子工程”本科中外合作办学项目怎么样？,lol，跟题主一届，选的Waterloo，虽然没去那个，但现在加拿大，发现当初没选错
在北京交通大学读研究生是怎样一番体验？,不错的选择
一个普通不能再普通的二本学校的学生想考北京交通大学的研究生，能行吗？,当然可以啊！ 我就是一个2本的本科学校（非常差）考到北交大读的研究生。之后又硕博连读的。只要辛苦复习，少吃少睡，卯足了劲儿，一心想考名校，为了自己的梦想和家人的期望，不管什么原因，都能考上。  要注意，数学一定要考好！所以要多花时间复习。英语和政治，强烈建议报报班，这样效率高一些，复习方向也不会有太多的偏差，另外，复习的时候要经历集中，心无旁骛，要是你不好好复习，天天刷知乎，其实，你也对不住我给你码的这好几百个字！！！
加入北京交通大学广播台（蓝色小屋）是一种怎样的体验？,这不过几十平米的小屋子是真的很有魅力，它一学期招一次新，来去自由，更新换代如此之快，可每一代人对其的依恋却惊人的相似，前赴后继，从未改变。
北京交通大学EMBA总裁班有哪些特色？, 1、我们都知道，EMBA总裁班是企业高管们快速学习进修的最佳平台。对于工作繁忙的在职人士而言，EMBA总裁班课程学习正好可以节约大量的学习时间，达到快速学习的目的。  2、北京交通大学EMBA总裁班课程是以学员各自的特点而设计出来的。学校会根据学员们不同的学习需求量身打造对应的课程。所以，就学习针对性而言，总裁班的优势是显而易见的。  3、北京交通大学EMBA总裁班的学员都是各行业的精英，就学习针对性而言，总裁班的优势是显而易见的。这在以后会是非常好的人脉。 
请问北京交通大学的通信工程好不好？看排名挺高的，，又是一级国重，但好多人说不好，我报考的的北交ip组，,北京交通大学的通信专业很强，有一个轨道交通移动通信实验室，这个条件是国内几所电子科大北邮南邮都没有的。
从北京交通大学退学是怎样的一种体验？,如果真的不喜欢自己的专业，为什么大一的时候不转专业呢？大一参加转专业考试，很容易转专业的。我觉得你的人生缺少规划。先说说你的计划吧。 1，做小买卖，但你父母都是农民，做买卖需要资本，还有市场的眼光。 2，基层打工，打工做销售的人太多，有的是，没上过大学的，至少比你多了3年的打工经验，还有些专科，二本毕业的，人家至少有个文凭。 3，回家搞养殖，说实话，我觉得这个有戏，毕竟现在互联网经济氛围下，养殖业的p2p也是一种创新，但是，但是，但是，失败的多过成功的。 交大本科现在是6年弹性制，你被留了一级，但是你还有一次机会，现在还不会拿不到学位证，我建议你还是用心学习，交大考试，你把往年考试题多刷几遍，考高分难，但是求过还是很容易的。 听你所说，你被留了一级，如果这次你依然被留级，那你应该一直跟着刚入学那级一起读书，那你还是有转专业的机会的。总之，你可以先完成学习，毕业后，去做你想做的，总是，学位证很重要，不仅仅是一个证书。在学校这几年，敢问题主，除了专业了的学习外，生活，思维模式上，你没有一点进步么？还是先完成学业吧，当一天和尚，念一天经
北京交通大学软件学院VS哈工大软件学院VS南大学软件学院？, 被邀请了！  不做建议，任何学校都有学霸和学渣！ 
北京交通大学会在平谷建设新校区吗，还是外迁到秦皇岛或唐山？, 会的 在平谷 
北京交通大学的彦世三兄弟叫什么？都是什么职位？,颜吾芟老师我比较熟悉，听说当年百家讲坛请他去讲课，结果他在讲台上眉飞色舞血肉淋漓地讲某时期的刑法、刑具、用刑。最后因为少儿不宜这期节目就没播。。。所以你在百度百科上可以发现他的介绍里上过百家讲坛，但是你却找不到他那集。 我上过他的历史文化概论课，免考试免作业给了我95分。挂科的话，我觉得个人主观因素很大，毕竟老师第一堂课就说过：我这堂课靠考试通过不容易，所以建议你们上课积极发言，下课多思考，每堂课下我在某某教室和感兴趣我课的同学座谈聊天。发现你有想法，有兴趣，直接免试免作业95分。没兴趣、只是想混学分的同学就别上我的课了。（原话记不清了，意思应该没错） 还是很多人选了他的课，并且大部分人一学期都不来上一堂课。 我们那个班四分之一还是五分之一的人直接免试95分过，你觉得呢？ 上了他的课给我的启发，让我大学重新学了一遍历史。没事下课经常和他去聊天，和他有一些故事，一时间也懒得整理。看看这个问题有木有人关注吧。
北京交通大学威海校区分校教学方式是怎么样的？,没有 纯中文的 只不过用英文Ppt而已  老师嘛中国的以后会有歪果仁教
铁科院和北京交通大学的铁路方向研究生哪个更强一点？,这个问题试着答一下！也是我回答的第一个问题～ 我目前在北交读博士，以后想去铁科院工作，对北交更了解些， 学校的科研，尤其是研究生阶段，要看老师的课题和项目了，虽然交大是铁路院校，但还是有很多老师包括土建学完道铁专业的老师不只是搞铁路项目，也包括其他的如公路，话说我导刚接了一个电力相关的项目。。       铁科院读研，就接触的项目而言，我觉得要比交大好一些，接触到实际的项目机会更多一些，而且迟早是要就业的，铁科院本身就是一个极好的选择。        学校这边最近有一个好一点的优势，就是各种出国的机会挺多，如果想着读研阶段再出国深造，那交大可能要好一点。        再有一个，铁科院研究生的待遇要比交大好些。        大概就这样吧～
请教北京交通大学MBAer，学校是否重视MBA。中国农业大学和北交大哪个mba更好？,交大是轨道交通强，若是该行业则可以考虑。否则推荐中农大，MBA教育秒杀北交大。
北京交通大学3➕2本硕连读？,我也是去读3+2
上海大学的金融专硕怎么样？和北京交通大学比较呢？, 北京交通大学金融实力与上海大学差不多  北京交通大学全国名气远远大于上海大学 
西北工业大学和北京交通大学怎么抉择?,个人推荐西工大，…… 【无论你选择什么学校，个人的能动性都是最重要的！】  一般不都是拿工大跟北航对比吗？不贬低任何学校，北交大跟西工大可比性不强。你要是想学文科，那工大目前可能不适合你，虽然西瓜子们希望男女比例更和谐点。说西工大就提三航实际是对西工大的贬低，当然这个锅要让学校来背，学校层面、宣传层面言必称三航，我认为对西工大这是个悲剧。可以这么说，西工大一日没有全学科的视野与行动，一日就摆脱不了沦落的趋势。【个人观点，先客观批批】  瘙痒不着赞何益，入木三分骂益精。 说来瓜大只是来学航空航天，还是靠边，不要评论不知道的东西。瓜大比较纯粹的理工科学校，理工学科没有太弱的吧，三航不多说（航空、航天、航海），3M（材料、力学、机械）、3C（计算机、控制、通信）学科实力都还不错，可以去查查学科排名。中国已经够浮躁了，去西安沉淀一下吧。【至于为何说浮躁（喷点出没）：毕业生普遍想毕业就月入过万、p2p一年之间增加超过2000家、O2O创业遍地、卖衣服的禁不住房地产暴利……各类行业、各种人，想用1-2年的时间赚取10年的利润，蓝海出现瞬间变红。这个话题很大。】  推荐西工大还有如下理由： 1、学科实力：要学术：三航、3M随你选，要就业：3C专业实力谁敢轻视，而且北上广深都吃得开；西安高校整体比较踏实，国家投入高，产出高；    2、毕业了北京的工作机会实际是有很大缺失的！理由如下:目前中国三大类型城市:北京是国企总部经济、上海市外企总部经济、深圳是民企总部经济。对毕业生而言，有意义的是实力公司的宣讲会。你会发现，对大多数人而言适合的企业去北京的有多少去搜搜看，而西安、武汉、成都、南京、长沙、广州是多么重要的地点！【西安：西交大、西工大、西电；武汉：武大、华科；南京：南大、东南；成都：川大、电子科大；长沙：中南、湖大；广州：中大、华南理工；都是省会城市，双985，理工科高校与综合性高校搭配；最最关键的可能要说这些高校学子的“眼界”没那么高-辅助案例：华为的崛起-起步阶段的华为清北的学子是看不上的，所以去查查现在华为董事会、监事会、专业委员会等高层本科毕业学校分布，能反映出在初期都吸引了哪些学校的人】 “不是因为你是一个什么样的人，所以你才做了一件怎样的事；而是因为你做了一件怎样的事，他帮助你成为一个什么样的人。”比较认同程维的这个说法。   3、区位发展前景：西安VS北京，估值上看西安无疑是绩优，你是想伴随西安崛起还是当北漂？都不想去，那沪广深的校友资源对比你可以去搜搜；【这个话题非常有意思，有空再延伸】  4、区位影响：北京的资源不用多说，但跟个人成长不必严格挂钩。个人格局的培养受外界环境的影响，但个人认为这个影响是远低于自身因素对成长的影响。 西安、成都、长沙、武汉高校的毕业生眼界、机会就低于帝都毕业生？那安徽合肥的中科大学子就是土鳖中的土鳖？ 说一个显而易见的现象：无论在哪个地区的哪个学校，你基本都能一眼看出谁是大一的新生谁是大三大四老油条，但是工作后无论是在北上广还是内陆工作，你能哪怕大致的分辨出谁是帝都的“高眼界”谁是内陆高校的“土鳖”吗？我不认为可以。 那什么是眼界？ 没有不能弥补的差距，只要你认识到。【这句话当然不会时刻成立，但对于提升个人格局颠扑不破】 所以个人认为：眼界的问题不在于环境，仅仅在于你有没有认识到！  本人追求强健的体魄、深邃的理想，也是本科瓜大期间进行过身体与精神的磨练：进行过秦岭穿越、骑行过川藏线、读过400余本书、坚持锻炼了四年……西安空气环境的恶劣可以跟北京一拼，周边自然环境天然优势帝都望尘莫及。终南寻隐的乐趣全中国独一份。也是在大学期间，东部江浙沪核心城市、中西部川渝地区、西北兰州都多次造访，要知道西安在地理上是中国的中心。如果不是在西安上学，我可能也不会有那么多经历。   【分数线问题就别提了，太幼稚。作为苦逼的江苏人，直观感受南航、南理的省内分数可以超过不少数量的985吧】  谈谈另一个问题：       北京有北京的机遇，是要比其他地区要多，但同样有他的弊端。北京的学生普遍偏傲慢，盲目傲慢，北航的可能甚至看不上哈工大的、更别说西工大，工大的学生也有不争气的地方，如果跟北航比对会感觉低人一等。考研的话基本看不上本校，对北航之类的趋之若鹜。【这可能是一类学校，不止工大，追求个人的发展是无可厚非的，待展开】个人感觉是完全没有必要的事，工大的平台还容不下一个人的成长吗？只要你有能力！工大的经费并不比北航少，人均甚至更多。【事实人均恰好仅低于北航，囧】工大出国的机会也越来越多，但留校的条件却越来越苛刻。做个假设，工大如果坐落在北京，再比对北航呢？即便现实情况如此，成就上工大又落了多少下风？工大人为什么要不自信呢？【再不自信起来，只会江河日下。】  个人的发展会受平台影响，但工大已经是985平台，还能怎么样？工大并不落后，你认为落后了离开了，越来越多的人也这么认为了，它可能真的要落后了！怀着鄙视心态的你就算去了北航、去了清华，你有信心在未来的竞争中战胜保研留下来的工大土著吗？北航之类帝都学校某些学生的盲目自信、高傲的心气是工大人要学习的，要学会自信！毕竟工作后全凭能力，你都不自信，谁会相信你有能力，又怎么能展现出能力？  一个人的价值要靠平台来彰显，这个人本身就是没有价值的！靠个人的价值来提升平台的价值才真的让人称道！工大是你的母校，既来之，改善它是你的责任！工大已经主动发动校友来建言献策！  大众创业，万众创新，可怕的口号，不知道会让多少人踌躇满志，不久万念俱灰！而三实一新的风气我认为是这个社会最需要的东西！任何时候都一样！  踏实永远是个褒义词，至于是不是呆板、木讷，那是个人层面的问题，由自己负责！  去一个学校你会成长地趋同于这所学校的气质，离开工大后无论是工作还是学习中总会多一些踏实的念头吧，而这也是我推荐工大的根本原因！  【回想来这纯粹是本校的维护贴（但还算客观吧），出于那句俗套：母校是一个自己骂千百遍也不允许别人逼逼一句的地方。尤其对于根本不了解它的人。尤其是把一所高校比喻成一种类型的人后-瓜大算是个老实人～】
北京交通大学海滨学院的教师待遇如何？,还是你会玩
考mpacc，如首都经贸大学和北京交通大学两者选择哪个？太原理工大学和山西财经大学这两者应该选哪个？,首经贸和北京交大名气大于后两者，如果单说财经院校的话，比较好的是上财央财西财中南财，然后江西财经东北财经也都很不错。
石家庄铁道大学考研北京交通大学大学受不受歧视？,基本没有歧视，说实话本科比你差的研究生多了去了，你好歹是个一本。 另外北交不是985……
江南大学设计学院的环境艺术设计与北京交通大学建筑与艺术学院的环境艺术设计哪个好？, 谢邀！从专业方向考虑，江南大学设计学院是比北京交通大学的好的。江南大学设计学院对外交流还是很多的。属于学校优势学科。还是建议江南大学设计学院的。 
北京交通大学有哪些学生喜欢吐槽的典故？,散训，宿舍，自习室，校区切换，
在北京交通大学思源班就读是一种怎样的体验 ?,what gui？生平第一次被邀还是被三儿男神邀 @薛一山williamxue  但是！ 为什么是如此凶残的问题啊摔！ 好吧，作为一个即将大三的思源狗含泪献答。   ################并不凶残的分割线  题主如果你是刚刚高考完毕业的小鲜肉，那就跟我们没有关系了，今年改革所以我也不知道以后的 理科试验班 会怎样。  但是！ 既然你说到了 “北交思源狗”  我认为你一定是一个老油条了！（已经看到题主阴笑的脸在题后浮现）  那么让我来切题地回答。   从学习方面来讲，大一下半学期会比较轻松，大二最忙，大三大四跟所选学院有关以及我还是个没有上大三的小鲜肉呢暂且不提。   大一刚进来会有英语分级考试（全校都有），分二级，三级，四级，一般而言四级会少些，然而！我们班竟然有一半都去了四级班啊摔！鸭梨山大啊摔！ಥ_ಥ   大一基本就是基础课，高数高代c语言啊什么，跟别的专业差别不大，但是名字不太一样。嗯学分也不太一样。虽然会告诉你学的深一些然而对于我这种学渣来说并没有什么卵关系。  大一我参加了一些社团，有志愿者也有吉他社团，认识了一些丧心病狂的小伙伴，并没头没脑地活着。  也参加了一些活动，家乡美是最带给我惊喜的，认识了很多真的很好很好的家乡小伙伴。  还去了许多地方，基本离学校不算太远的都去了，啊对了推荐一个房山的石花洞，对于没有去过溶洞的童鞋来讲绝对算得上奇观。  最不爽的就是别人一听到我是思源的就会说:“学霸！”  我真的是学渣学渣啊喂！  嗯大一就这么稀里糊涂地结束了，我的好朋友因为成绩＜70被打出了专业，没错就是这么残酷。但是某种程度上是一种 解脱 。  对的，就是解脱。  大二不管你学的是经管还是通信都要学数学。跪着也要把大二上学期三门数学，大二下学期四门数学学完。至此为止我们学了九门数学，再学几门真的就跟数学专业一样了噜！  然并卵，一路拜考神求不挂的我学了这么多数学并没有感觉到哲学层次的升华。  我们大一下就选了专业，我选的通信，我们80个人有40个人选的都是通信，所以还是挺有班级的概念的=_=  但大二我觉得很累啊，这么说吧，我大一刷夜次数不超过三次，多是考前突击。但是大二=_= 数一数我一个学期就能刷五次=_= 什么研学啊报告啊期中之后就开始忙活起来了根本停不下来啊噜！  嗯，我承认，是因为通信课难。  但是你数学整个研学报告算是怎么回事？！T^T  不过大二开始我也就没有好好听过课了，因为根本听不懂老师在说什么哼╭(╯^╰)╮  但是期末真的是好痛苦T_T七天考六门根本没有时间看，对于一个平时连书都没有看过的渣渣来说，要么放弃，要么刷刷刷！而我选择了后者。  然后考完试后就开始发烧〒_〒  没错我没有挂科。但是和我一样在思源班的我的另一个好朋友，她也上课和我一起玩手机经常翘课，然而！她期末成绩近90/(ㄒoㄒ)/~~  嗯没错我已经不想在此混了。  哈哈哈哈开什么玩笑？！劳资今年解放了哈哈哈哈！我们大三就归入电信学院，再也不用上苦逼而坑爹的数学课了/(ㄒoㄒ)/~~  其实我也很感激这两年的生活（偷笑）它让我比别人更懂得想像更惨烈的事物（偷笑）也让我时时陷入怕挂科的思想锻炼自己（偷笑）更让我懂得了获得一个真正的好朋友有多么来之不易（正经脸）  其实还好啦，差几分就考到清华的北京大神很多，参加各类活动思测超高的很多，想出国的很多，想考研保研的同样很多（我才不会说我是我们班唯一一个想工作的嘞〒_〒），其实要什么样的生活，要什么样的体验，全在你自己。    大概就这么多，有想到再补充。
如何看待北京交通大学在学生住校上课期间改造19号楼？,虽然我住嘉园，对实情不太清楚，好多人说能接受好多人说不能，我也不好判断。 我扯开一点讲，发生这种事情的学校还真不少，根据我几个高中同学的吐槽：北大宿舍楼周围装修，学生睡不着于是在BBS上抗议，北大的做法是：每人发一对耳塞。。。 台湾的大学捏，因为宿舍附近工厂毒气泄漏，发了每个学生约3000人民币，自己租房子去。。。 这样来看，其实大家都差不多。但我这样说，绝对不是说别人能忍你为什么不能忍。这个逻辑是比较奇怪的。打个不恰当的比方：你问马丁·路德金：人家能忍受当奴隶你为啥不能？你傲娇？ 不过情况到底有多严重呢，我当然不怎么有发言权……不过最近嘉园来了好多女生，我洗完澡都不敢乱跑。 在好多案例里都看到，学生都是较弱的一方，也许学校有自己的为难的地方，但是最大的问题在于：学校没有有效的从下到上沟通的渠道。我大一的时候也真诚的用什么校长直通车啊，什么xx教务平台啊给学校提过建议。结果呵呵，啥也没有。 之前吐槽校庆的也是，很多人不同意题主看法，于是对撕。但是无论事实如何，捍卫弱者的发声权利是必须的。不久前武大老师考试时殴打学生，学生们也是沉默，沉默。我猜又有人会说：你们媒体啊，不要见的风是的雨。媒体发声和弱势群体发声还是不一样的。 我尤其不明白，讲出来有何不可，发到知乎也算罪过？你可以不同意，但不可以阻碍他人为自己发声。 最可怕的是沉默。
山东大学和北京交通大学哪个好？,选北交吧。千万不要来山大！北交比山大好。
哈工大和北京交通大学相比如何？,真的笑了，我就问问北交比得过威海分校么？
北京交通大学的新闻传播学怎么样？,工科学校 文科专业比较弱
大连理工和北京交通大学选择哪一个？, 也没有很接近吧，作为13年报考大工考生，当时相似分数段里并没有北京交通，北京的学校里相似的是北京邮电。
北京交通大学考博有没有什么潜规则呢？还有，其经济管理学院考博专业课和英语真题怎样能找到呢？,我工作了三年，今年考博，高分被刷，我还是本校毕业的，就这么被黑了
在北京交通大学有哪些有趣的经历？,谢邀。  目前在怀柔，贼【哔——】【哔——】有趣，回去再细说。
在北京交通大学读文科实验班是什么样的?,文科实验班在读 其实说是文科实验班不就是大类招生嘛，进来之后会有宣讲会报志愿考试的环节（很幸运的没有参加考试～）然后分专业分班 专业就是四个：英语 传播 西班牙语 葡萄牙语，葡语是2015年才开的，英语和传播不想说...西语和葡语课很多老师也都很年轻负责，因为专业建立时间太短所以没有什么名声，相信以后一定就能够会慢慢变好的～
北京交通大学的住宿怎么样？,12月22日更新 现在东区都有空调了，120周年校庆之后环境好多了，欢迎学弟学妹们报考北京交通大学~  ------------------萌萌哒的分割线------------------  差到爆表，嘉园除外，如果你是电信或者土木就能住，公共澡堂只在17点后开放，东区每栋楼没有空调，让你想死，中午我们睡觉还热的出现幻觉，千万不要报机电，这是全校最不为你着想的学院，第一年散训和军训把你往死里整，本人现在在怀柔军训，机电学院要求可能让你想去死，同学的床单被罩没带居然还叫你明年再来，而且，机电学院在北交地位还处于中下水平
北京交通大学计算机学院的信号与信息处理怎么样？,挺好的属于全国知名
北京交通大学威海校区怎么样？, 你懂得  就像玩游戏一样  刚开始你级别低技能点不开比较垃圾  等个十年八年你就级别高一点啦  就不腊鸡啦
北京科技大学和北京交通大学的机电研究生哪个好？,机器人你应该去北京理工啊，或者北京工业，北科和北交的机器人都不是优势 北交的优势在车辆（高铁），北科的机械优势在冶金，两个学校机器人导师都很少，北航北理北工业 前两个难度较大，北工业难度要小一些
为什么北京邮电大学在外省和北京都很知名，而北京交通大学却相对差一些？,我觉得这个问题唯一的有用之处就是让我发现原来知乎上有这么多我交的校友。。。。。。
如何看待北京交通大学要求学生干部及艺术团参加校庆晚会集训，并以取消评优评先资格或干部资格为威胁？,20160708更    随着知乎帖子的暂时关闭和某种不可抗力的因素，这次舆情事件在持续一天的刷屏后似乎已经不了了之。    ·文不对题    本是一道针对合唱团和特长生，部分学生干部所收到的短信的问题，在问题下却出现了大量，甚至绝大多数都是“无关”同学的回答。  本是一道针对“短信”的问题，却迅速的歪楼成为了交大同学抱怨校庆，散训，学校政策的”吐槽帖“。  这是许多人诟病吐槽者“无脑”“喷子” “不审题”的缘由，有人说，针对这些吐槽问题应该改成“北京交通大学令你如何不满”才对。  从表面上来看，这是一道阅读理解题，问题下贴出了短信的内容，问题中问到“如何看待这种行为”。  我们再来审视一下，所有都吐槽是否真的全都文不对题？他们所吐槽的散训，校庆，宿舍是否真的毫无关联？的确，这些“喷子”里存在着过于情绪化，粗暴，主观的表达，扎堆的回答当中也存在着群体被调动的负面情绪。      “由于校庆晚会学校高度重视，要求一切学生必须参加。”      “特长生/非特不能及时报道取消下一年度……”   这是短信当中的语言。     “散训期间所有男同学必须把头剃到五毫米以下，不合格就别去军训。”      “由于运动会需要有观众，要求所有同学不得请假，到时点名查勤”      “XXX活动不到的同学扣思测/取消评优评先资格 ”   以上纯属笔者根据自身经历回忆，不代表我交任何学院。由你来判断，这样的语言又是否出现在一些学院的日常活动中？   在我看来，许多回答中的负面评价也并不是“乱喷”。真正令他们反感的，是学校在行事当中所透露出的“傲慢”“粗暴”的态度，是对于需求和感受被忽略的不满。  对于大部分“吃瓜群众”而言，他们并没有想为短信中提到的“学生干部”，“特长生”鸣不平，单独为他们争取正义。而是这道阅读理解题中所透露出的态度，使用的方式唤起了他们的共鸣，引发了不满的表达。  这样看来，如何看待“行为”和如何看待行为中所“传达的态度”，后者又是否完全跑题呢？    ·“不了解实际情况”    大量的吐槽当中为人诟病的另一个原因是“不了解实际情况”。  回答当中有不少合唱团和相关的同学站出来，积极求证核实了相关的情况，指出短信中提出的奖学金和评优资格仅仅是艺术团员的艺术奖学金，学生干部的工作奖学金以及其他关键信息，而老师的短信则是语焉不详，以换得同学们对于学校做法的理解。对于有可能受到受到威胁的一些正常权利，他们也将保留通过合理渠道寻求帮助的权利。  对于这样的理性做法十分认同，但也不得不承认，这样的做法对于制止社交媒体中潮水般涌来的负面情绪效果有限，它终究没办法替代学校的正面回应。  对于大部分回答者来说，这是一道结合题目所给和自身经历谈感受的阅读理解题。而题目和文章就摆在那里。       不想在这里玩文字游戏，可短信中传达出的政策，从答题的角度而言，似乎并没有什么问题。  求证的同学也试图告诉我们：传达过程中出现了表达的问题。这是引发这场舆情事件的直接原因。  短信文字和求证者之间应该相信谁？  从“爱国荣校”者的角度看来，我们当然应该相信校方所发的消息，它一经发出便代表着学校的意见和决定。    决定可以存在问题，表述也没有人能做到滴水不漏，但它们都同样可以更正。     ·谁在给学校抹黑？      毫无疑问，这次事件无疑是交大在知乎最有存在感的一次了。而这次事件的影响，对交大而言无疑是负面的。在评论中，也出现了许多的声音，认为“将学校的黑点发出来是在给学校抹黑”。    在说出这句话的同时，也就默认了，短信的做法和吐槽的内容中，这些问题很是的确存在的。    而在舆情事件中，最为令人心寒的则是校方不负责任的态度。     没有平白无故的夸赞，也没有无缘无故的抱怨。    每个个体表达的权力，都应当被捍卫。    这是对此我想表达的观点，为避免被查水表，在这里不再赘述，相信大家也有所目睹。  如果你看到的知乎帖是一群同学不断吐露着积怨已久的不满，另一边声嘶力竭的想为消息本身探寻到真相。可迟迟没有见到始作俑者的正面回应，你又会对这样的学校产生怎样的印象？     这个锅，不应该全部由学生来背。     当然，交大学子在这个事情中所表现出的许多做法也有失理智，这一点和上周的丢猫事件十分相似。我并不觉得抱怨，吐槽是一件值得唾弃和鄙视的事情。反而，它是一种人在遇到不满的时候一种正常的诉求。     但将吐槽上升为谩骂，人身攻击才是最拉低平均素质和观感的地方。     ·如果事件有答复    时至今日，网络中无数的舆情事件中都证明了，应对民众的不满情绪和谣言，最佳的做法不是以删帖查水表等掩人耳目的粗暴做法，而是开诚布公地进行回应。我想负责舆情老师还没有明白这个道理。  在这次事件当中，引发同学们更强烈的吐槽欲和不满情绪的已经并不是事件本身，而是事后校方对于事件的掩盖和对于学生群体的冷漠。这也助推了知乎问题的进一步扩散，甚至在最初的问题被和谐后，知乎上出现了《如何看待有关北交大校庆活动问题被建议修改？》的问题。  直到目前，学校依然没有就这一问题和同学们在回答中所提到的其他问题所作出回应。或许，接下来这件事情也会不了了之。  但我知道，如果合理的诉求得不到解决，如果每一次的舆情事件都通过强硬的干预和认为的掩盖，隐藏在大家心中的负面情绪只会像滚雪球一样越滚越大，最终在下一次XX事件中再次爆发。  “短信”事件只是一条导火索，它又恰好发生在大一军理课，即将面临军训期间，才发生了积蓄已久的负面情绪的集中爆发。  而这些负面情绪本可以被化解。   如果在事情发生后，校方能够给予准确又人性化的回应，事情的最终走向又会是怎样？    各位同学们：  针对近期同学们在互联网上发布的关于部分同学参与校庆晚会集训的短信，本着对每一位同学负责的原则，校方给予了高度重视，并责成校团委相关部门对短信的内容和要求进行核实，反馈结果如下：  校方并未强行要求每一位同学参与校庆晚会的集训，也不会因是否参与校庆影响同学们奖学金的正常取得（这里说法待完善），并将对积极参与校庆工作的同学给予补助及优先评优的资格。相关负责人员在通知撰写及发布的过程中存在表达不够准确的问题，已更正相关通知并重新发布。    我们尊重每一位同学的假期安排，同时也真诚的希望每一位同学参与到校庆晚会的筹备，校庆的志愿工作中来，展现交大学子良好的精神面貌。  对于同学们在网帖中所提到的关于校庆等其他问题，我们也进行了细致的了解。思源楼前草坪由于地下灌溉管网老化开挖……同时，对于校庆改造期间施工给大家学习生活带来的不便，也希望同学们能够理解。………………  我们也将积极听取同学们关于校庆及学校日常运转的意见建议，并对工作中存在的问题作出改进，感谢同学们的支持与关注。  让我们共同携手建设更好的交大。    看到这样的回应，你又有怎样的观感？   这次知乎事件给交大人带来的负面影响，一时难以消除；而 看到反映并厘清实情后，发布这样一条回应只需要半个小时。毫无疑问，学校选择了最坏的做法：不理睬，不回应，不许讲。      在校庆的过程中，我们看到了学校迫切为提升自身形象所作的努力。对于这样的努力，不可全盘否定。在此不做评价。但与此同时，还应关注到的是，对于即将迎来一百二十周年校庆的学校而言，除了科研，硬件，校园景观之外，还应有与之匹配的意见表达和反馈机制。    从事前事后的表现来看，我们要做的还有很多。    这件事之后，似乎形成了一种跟风趋势，叫 “一言不合就发知乎”。    对于这种做法不甚认同，其中或多多少存在着“报复”“泄愤”似的一吐为快。但其中折射的却是表达渠道的局限。    目前较大程度能让学生反映问题的地方是知行论坛，但也并没有真正做到“件件有回应，事事有着落”。而且得到回应的问题大多是关于后勤集团，校医院，信息中心这类服务性的部门。事件稍有敏感，还要面临着被删帖和查水表的风险。     之前曾与一名南方某著名工科院校的学姐交流过，该校的学生工作十分出色，这样的“工作”不是办活动和维稳，而是接受并解决学生生活中遇到的问题。    数年前该校成立了一个叫做学生工作委员会的组织。该组织由大校长和大书记牵头，各学校职能部门 本科生院，研究生院，后勤，各种部门大领导和7名学生任委员。学生又由学生会，研究生会，社联主席这三种自然委员和4名经过学生自荐学院推荐学校面试选出。    对于学生的各类要求，学工委成为了一个反映和解决最快最畅通的渠道。    而之所以学工委会在这么短的时间里有所成效，受到同学们的欢迎，很大程度上归功于以校长为核心的校领导团队的重视，他对于学生的尊严看的很重，对于改革很有自己的主见。    在学工委成立之初大家还不太熟悉的时候，校长还会抽空亲自到每个校区， 用一下午事件，倾听学生意见建议 ，在学校礼堂，没有所谓的标准问题，什么都能说， 各学院老师不得做任何阻拦 。    正是校长放低姿态到近乎卑微，办实事的作风，绝大多数从该校走出的学生，都觉得自己很有尊严和存在感，特别被重视。     而这样的事情，我想都不敢想。    但我知道，当我们只能在一些“重要场合”见到衣着光鲜，高谈阔论的校领导时，当思源楼到XX楼的距离都变得像御驾亲征一样遥远和难得， 学校与学生之间就注定了会有深深的沟壑。     ·TOOYOUNG TOO SIMPLE     这是回答当中许多“学长”对于吐槽的学弟学妹们的评价，恰逢军理课军训期间，小鲜肉们的积怨也因为这一问题而集中爆发。      吐槽不能用“无脑喷"，”跟风黑“盖棺定论。      同样，校庆，也不能用“形式主义”一言以蔽之。     这是我的观点，许多回答里也都有梳理，不再赘述。     但是，正如已经被删掉的某条回答里所说：   最可怕的是隐藏在学生当中对于表达者的深深的嘲讽。       “等到大三大四你就明白了”      在这类的事情之后，图样图森破的他们也会各自“成长”，懂得许多学长学姐才有的人生经验:   “小心被查水表，干嘛给自己找麻烦呢” “学校怎么说就怎么做，管他对不对呢” “出来就是你不对了，这不是给学校抹黑吗” “顺从有顺从的“收获”，抵抗有抵抗的水表” “这些事里面总有些不明不白的交易，我们就装不知道就好了” “多一事不如少一事呢”   其实，最可怕的是，我们对很多事情变得习以为常。    有一天涉及到自己的利益时，你还会为自己发声吗？     最后：     看得到不足，敢于正视不足，是因为希望它变得更好。      而之所以希望它变得更好，是因为我们真的在乎这里。  
如何评价北京交通大学“思测排前50%才有资格评选一等学业奖学金”的规定？,武汉还是哪个地方学校规定，平均每顿饭超过6元还是7元剥夺助学金资格.  如果要获得奖学金，最起码要成绩好吧?
北京交通大学交通运输学院研究生复试系统工程科目如何复习？,我是一个2本的本科学校（非常差）考到北交大读的研究生。之后又硕博连读的。只要辛苦复习，少吃少睡，卯足了劲儿，一心想考名校，为了自己的梦想和家人的期望，不管什么原因，都能考上。  要注意，数学一定要考好！所以要多花时间复习。英语和政治，强烈建议报报班，这样效率高一些，复习方向也不会有太多的偏差，另外，复习的时候要经历集中，心无旁骛，要是你不好好复习，天天刷知乎，其实，你也对不住我给你码的这好几百个字！！   希望你加油！ 可以将问题具体化，谢谢！
在北京交通大学读文科实验班是怎样的体验？,高考来本校语言与传播学院的大都是“机缘巧合”，文科试验班是大类招生，但因为专业特点刚入学就分专业，有英语、传播学、西班牙语、葡萄牙语专业。英语和传播学大一上学期课少较轻松，西葡语课多。四个专业里选还是小语种比较实用，欢迎学妹选报葡萄牙语。       关于毕业去向的问题，其实我现在也不太清楚。不过问过西语的老师(葡语还没有毕业生)，有国内保研到中国政法的，有去西班牙读研的，直接工作的较多，男生比女生吃香一些，基本都是去工程类的国企央企，需要外派，给北京户口。还有刚看到邮件，学院组织参观一些单位并和毕业校友交流，也许是这些单位都有本院毕业生工作。  
我想问问西安交通大学管理系毕业，想去上海北京发展，找工作好找么？谢谢各位！, 当然没问题 
北京交通大学住宿条件怎么样？求解答？,6人一宿舍，上床下床，没有地板砖，三个桌子，有阳台，有空调不过要租...欣慰的是，网速贼快...住宿条件确实不算好，但也还能住...
在北京交通大学找男朋友有多难？,不难，我就还没女朋友。
北京交通大学研究生在华为，谷歌，百度，移动等的企业中的认可度怎么样，毕业后一般在哪些企业中工作?,给个华为招聘的链接。  http://  tieba.baidu.com/p/30590  98105       另外，谷歌？你还能再天真点么？
北京交通大学交通运输类专业17新生住宿条件？, 本科生还是研究生 
北京交通大学大二学生被家长每天灌输考公务员是最好的出路该如何向家长解释?,跟他谈咱们学校毕业生的待遇
中国有5所交通大学，除了上海交通大学，北京交通大学，西安交大，西南交大，新竹交大是正统，其他交大呢？,简单解释一下。 国内将近十所“交大”里上交，西交，北交，西南交还有新竹是正统交大。上交，西交，新竹的源头是南洋公学（1896），北交是北京铁路传习所（1909）和北京邮电学校（与北邮无直接关系），西南交是唐山工学院（1896）。这三个交通大学源头上世纪二十年代被合并且统一命名，从此开启交通大学的辉煌。 除此之外的“交通大学”基本与曾经的交通大学并无直接关系。而且这些“交通大学”里没有985，211。 另外，交通大学校友总会没听说过？有人还说五所交大互相不认同?
北京交通大学都有哪些有趣的老师？,我大电信学院陈后金陈院长。第一堂课左手握着一把粉笔、右手飞快板书，一下子就被征服了。简直不能更崇拜～ 附后金哥语录（转自微博） 
2014年北京交通大学全日制MPAcc学费两年8万，值不值得上？,我觉得不值得，性价比不高，有8万块钱，出国读研都可以去便宜点的国家了，何必给父母太大压力，会计专业其实并不要求是不是名校、是不是211，只要学校专业过硬，就业学习只是都不错，有那个分数不如考个会计专业强一点的学校，那样自身才更有竞争力，要是认准名校，北理工还是985呢，分数差不多、学费相对来说还少
北京交通大学 通信工程与计算机哪个好?,通信更好，近几年都是排在全国前十的                        _____来自北交大大三的通信狗
