目标北京化工大学考研，化工原理和物理化学选择哪一个？,首先看你擅长哪科，初试留给擅长的那科，其次，据我了解，北化的物化初试题型每年都变幻莫测，让人抓不住点，而据初试考化工原理的人说，化原每年的变化不大，最后，化原和物化都是要考的，只不过先后次序由你自己决定
想考北京化工大学的化工专业研究生，有哪些经验分享？,可以关注北化人论坛  http://www.  bucter.com      ，有些考验资料会有分享
北京化工大学的应用化学专业是不是真的很强？,刚出排名全国第一 个人感觉北化的应化专业考研还是不那么容易的
如何评价北京化工大学校徽的设计，校徽内涵是否有些牵强生硬、无中生有、不理性？,其实就是照着这个设计出来的 
为什么在北京化工大学计算化学是工科专业？,根据你的陈述我推测——很明显您考研究生就是为了找工作？您放心吧化工厂基本上是不要女生的——所以我真不知道您有什么可抱怨的，因为看您的陈述，好像您根本就不是为了搞研究读这个研究生的，而读工程学科您又就不了业。——[以下为根据您的评论的补充]很明显我的意思是，既然选择了您就应该努力做下去，13年诺奖就是给了多尺度模型，诺奖评委会也称：从此计算机将成为与试管一样重要的工具。所以我不明白你选了一个这么前沿的方向有什么可抱怨。倘若您的导师是仲cl老师，他更是刚评上长江学者，根本不缺经费。如我开头所说，女生读工程学科工厂几乎就是不要。我匿名就是不想让您知道我id罢了——毕竟一个学校的。有关我的论断你可以去咨询化工学院的刘君腾老师
如何评价北京化工大学发生的70万元诈骗案？,刚看见一遍报道，涉事的王某现身了，并表示自己已经在南方找到了工作，并且不准备还钱，被骗的同学也别想她家里把房卖了还钱。 ------ 其实新闻原文是这样的，然后就是我个人的不负责任的解读，纯属搞笑: "我没有失联，也没有跑。我现在已经在南方找到了工作"----我已经去了南方，有种来抓我. "我不回去，不是因为我怕什么。第一，我现在刚找到工作，刚立住脚，我现在兜里就一百块钱，所以我不能现在买高铁票就回去"----我就是不回去，你们又能拿我怎样. "我现在正在和同学一个一个对，如果金额一致，我就先给他们打欠条"----欠债的都是大爷. "我爸妈也想卖房替我还钱，但我家房产证还没有下来，现在也卖不了，所以卖房还钱不现实。即使现在能卖，我也不能让我父母替我承担，因为这笔钱是我欠的，不管怎么样都应该我来还"-----反正我又还不上. "我已经和我的辅导员说好了，学校开不开除我，我都得认，因为这是我自己做的孽。如果有可能，我也不想放弃我的学业。但现在出问题了，我也不能逃避"-----你们看学校要欺负我这个弱势群众. "现在我表姐帮我找到了一份工作，每个月大概两三千块钱。现在我已经休学一年，我也会努力多找几份工作，多赚点钱还给大家。但我什么也不花，也需要几百块钱的生活费。我也和同学都说了，希望每个月还个三五百"-----是我算术不好吗，两三千一个月的工资生活费几百块然后每个月还三五百，剩下的一两千块去哪里了?
北京化工大学目前哪个专业最有前景？,那必须是计算机科学与技术啊，本校化学研究生都没有这个本校本科生工资高………
北京化工大学的录取分数线为何越来越低？是什么原因导致考生不愿报考该校？,首先是校名儿太难听，给任何人听起来都没有好学校的感觉;其次是在北京的地位很低，属于中等偏下的一本了;最后是因为这个学校很官僚化，社会上本来都没什么人关注这个学校，但是牛气哄哄的，我也是醉。暂时先说这么多
如何提问北化视野的《辛苦了，北京化工大学的大学生们。》？, 哎！    
北京化工大学的材料好，还是？,去北理吧，北化的硬件条件实在是不靠谱。
北京化工大学必修课挂了，大四的成绩单上会有挂科记录吗。？,会
武汉理工大学和北京化工大学选哪个更好？,我也是，可我家在理工大旁边。。。最后报了武理，北化虽有地理优势，可刷了好久知乎感觉相关专业还是武理强一些吧，如果要读研读博选择武理也许会更好。 以上均属个人观点，轻喷。
如何看待北京化工大学某学生返退募捐善款的行为？, 学生募捐救父3年后还款：若不还钱以后你还捐吗？    转载当事人自己的看法：  许涛不愿意自己还钱的事情被报道，理由是“子贡赎人”的故事。  　　3年前，北京化工大学大四学生许涛在微博上借钱救父，承诺3至5年内连本带利还款。今年5月9日，曾经的捐助者曾鹏宇接到了许涛的还款，将此事在微博公布，引发网友关注。  　　“子贡赎回鲁国同胞，没有要国家的补偿和奖励，孔子说他做错了，没有经济能力的人还愿不愿意赎人，长此以往没有人再愿意赎回同胞了？”许涛认真地向新浪网讲述了这个故事。  　　他担心的是，如果自己还钱的事被关注，以后没有能力还钱但也需要帮助的人，大家还会不会捐钱？    在许涛的微博上，至今陆续发布着各种求助信息。他每一次转发，都呼吁大家伸出援手。  　　他说：“我还钱的事情不想再被关注了，(其他求助微博)一开始没关注量时，才是最需要关注的。”  　　许涛有顾虑，他不愿意自己还钱的事情被“传来传去。”他想尽力隐藏自己，这也是在网上能轻易搜索到他的真实信息，却一度要求使用化名报道的原因。  　　“以前我看到过一个故事，鲁国颁布一道告示，如果鲁国人在外国见到同胞遭遇不幸，沦为奴隶，只要把这些人赎回来，就可以从国家获得补偿和奖励。孔子的弟子子贡，把鲁国人从外国赎回来，但是没要求任何回报。你觉得他这么做对吗？”  　　许涛等待着回答，但他心里有特别坚定的答案。  　　他说，如果有能力的人不求回报，那没有经济能力的人还愿不愿意赎回同胞呢？没有能力的人把同胞赎回来，是不是也不能要求回报了？慢慢地，赎人的事就会被淡化，人们都不愿意做这件事了。  　　在这个故事中，孔子说“赐失之矣”，说自贡“你错了！”这样一来，救了奴隶领取赏金会被人嘲笑，不领取赏金自己就要蒙受损失，长此下去，谁愿意再去救人呢？  　　许涛的电话中不时传来风声，他用了很长的时间认真地讲完了这个故事，并且用了更长的时间反复阐述这个道理。  　　他说，“我还钱是挺正常的行为，但是如果有人需要帮助，但是没能力还钱，别人知道我这事以后，不愿意捐助他们，怎么办？” 
北京化工大学北校区附近有哪些美食？,石油大学食堂 
2017高考考生，540位次4480，北京化工大学可能性大吗？,想问问楼主是哪个地区的学生。不过正常来说四千多名是超过了录取分数线
北京化工大学东区边上有哪些便宜又好吃的小吃？,经历了很长一段面包+麦片的早餐，近期早上来得及吃早饭了，突然发现年纪大了以后，门口小哥的粥可能是因为加了糖稀略显稠腻，后来发掘的丑仔包子这学期关门了。嗯。还是早起一食堂 1块钱的粥和油饼+咸菜最养胃。 ========================================  早点类：东门门口卖粥的小哥，有绿豆薏仁燕麦粥、皮蛋瘦肉粥、黑米黑芝麻粥、红豆薏仁粥、南瓜粥……每天早上6点多到9点左右，满满的四五锅粥，三块钱一碗。自助找钱，他负责盛粥和打包，红糖白糖蜂蜜任意加。味道和服务都是5分好评，人多； 东门门外有两家卖烧饼的，一家在还没出去的地方，烧饼、卷饼可以夹鸡蛋、土豆丝、豆皮、肉、鸡柳……，个人不是很喜欢，味道2分吧； 在外面京客隆超市的那家，也有差不多的业务，特点是烧饼很酥，可以夹很多东西，价格公道，一般烧饼夹鸡蛋、豆皮、土豆丝，3块钱。除了给的土豆丝越来越少，味道5分好评，服务4分吧，人多； 以上两家都不仅早上有，一整天都有卖； 东门马路对面老广酒楼，早上卖小笼包，肉包子和素包子貌似都是5块钱一笼，同样人也很多，因为要过马路，需要比买烧饼和粥早起几分钟，特点就是能在店里吃。他家的豆浆比较好喝。是比较热且浓的那种，比在食堂等地方喝到的好很多，味道和服务5分好评； 从北门出去右拐快走出樱花园的时候，路北的那家也卖小笼包，豆浆也很不错，也可以吃完再走，不过只能在室外吃。冬天早上的话应该会比较冷，味道和服务4.5分好评（纯粹因为老广的太好吃了）； 南门的一品三笑，早上也有早点，有多种套餐，豆浆、煎蛋、一个不大的包子差不多6块钱，个人喜欢他们家的蛋花，啧啧，好吃，味道和服务4.8分好评； 另外还有肯德基、麦当劳等也有早饭，就不赘述了；
如何评价北京化工大学本科毕业生平均工资是由计科专业来拉动，而北化的计科就像二本学校的计科这一说法？,然而，去Baidu，Tencent，Google，facebook，microsoft，阿里，华为等大公司的人并不少。  —————越看题目说法越恶心———— 你化工研究生毕业工资平均还不到信息学院工资的2/3，我还想说: 你化工不出化工人才 滴滴公司的程维，领导人hgq，歌手慕容晓晓，都不是干你化工事业的。  你化成天搞活动，以化工学院为中心，以化工为题材，你是否考虑过其他院系？机电，信息，文法，经管？  另：16级学生高考成绩入学时计科仅次于化工排名第二。
北京化工大学材料专业的男生，分专业是选金属好还是无机非好一些？,必须是金属材料。材料，考公务员都没有办法要。
武汉理工大学和北京化工大学哪个好？,武理工科总体不错，非要王牌专业，复材、高分子、机械类（车辆）、海洋工程类，这几个是王牌。 北化，化工二字说明了一切。 看自己喜好了。 （意见不合勿怼）
在北京化工大学国际教育学院就读是怎样的一种体验？,  http://www.  zhihu.com/question/3993  0938    
北京化工大学机电工程，和其他综合性大学的机电区别在哪？,作为一个过来人，对北京化工大学机电工程还是比较了解的，如果真的想学机电工程，千万别选北京化工。整个机械专业真正懂电的老师没几个，机械专业大部分老师一般都是研究注塑机，挤出机的，还有材料的。这几方面做的还不错，英蓝实验室和塑机所都是很不错的，但是机电就很水了，只有几个女老师，还是从自动化调过来的，上课的时候有时候都讲不清楚。没有流体机械专业
如何评价北京化工大学的小学期？,说真的，虽然也有很多学校有小学期，但是，我们的小学期学的东西真的很水啊，一共三个星期的小学期，除了开始两天自学了个dxp和multisim，后来就整天躺在宿舍等第三个的参观活动，然后真的，有一天宿舍风扇坏了，给我妈妈打电话我都委屈哭了，没有空调是真的晚上一直被热醒啊，我是见过北化1.2.3.4.5.6点的人了，人生第一次通宵啊，三点过出去买水看到两个小哥，真是又心疼又想笑 
北京化工大学是北京宿舍条件最差的大学吗？,研究生在读不得不匿 不然100%会被查水表    凡是只提硬件设施 不提管理都是不客观！！      想问问在座的所有朋友，官方上的招生简章有没有告知说本科在昌平读书，据我了解我身边近期去招生的朋友，他们并没有说实情，这几天也有人咨询我考北化的事，当我说大一到大三在南口时，他们都很吃惊。在这里我用骗学生报考可能有点夸张，但是用瞒应该没有错。这是第一点， 部分报考学生缺少了知情权。   第二点， 当本身简陋的硬件设施出现问题的时候，不及时治理 ，并且还要去指责学生。我看了几个辅导员在pyq的洗白文，说热水器不好用是因为学生无节制的使用不当，质量不行怪用户？大一的时候整整一年，主教201旁边的男厕所，只有一个蹲坑有门，这件事我试着去跟相关部门反映，很遗憾的是当时只有学生会生活权益部受理了，又过了大半年，门终于装上了。可以看出北化让人心寒的不仅仅是基础设施的问题。（洗白的朋友注意，我只是举一个例子，类似的事情还有很多。）   北京化工大学是一个小型社会，而且是病态的。 遇到问题的第一件事不是改善，不是校领导表态，而是打压。有人可能说是事情太小没必要，随便提几个我在校六年发生的事， 疫苗事件，双学位事件，免学费事件，清真食堂事件 ，当这些事情发生的时候，无一例外第一时间冲上前线捂住学生嘴的都是辅导员，直到最后纸包不住火，校领导才出面。在这些事件中，共性基本都是学校对学生的欺瞒，这时候用 骗 已经不为过了，尽管校领导的说辞还是不是骗，是误会传达错误，但是换做任何一个有能力判断事物的人，都知道是骗。希望这次招生老师，没有骗你们什么，但也不要轻易相信。  当然，这几年北化也有对学生做得好的地方，不管这些行为是为了招生还是发自内心的，总之确实为学生做了一些事，但是当出现问题的时候，校领导的态度还是让人心寒。  最后，祝愿每一位去南口的学弟学妹辅导员老师们，出门小心，听说周边挺乱的，然后注意身体，一定要小心甲醛中毒，记得检测空气质量。  祝愿每一个毕业生，前程似锦，在北化这么多年都过来了，走向社会也没什么好怕的了，加油。   爱是相互的，你不爱我，别提什么让我爱你。  我等的是你的一句对不起，你却在等我跟你说谢谢。 
北京化工大学西区宿舍如何？,同新北化 已被录取 我是产设的 在群里了解是六人 八人住六人间 有空调 艺术生是这样 不知你是否艺术生 谢
北京化工大学基电的机械怎么样啊?,本人北化机械妹子，(￣▽￣)   我就不说大学还是要靠自己这种话了，虽然我严重同意这一点，毕竟那个大学都有学渣 我就简单说说北化机电的情况吧   大多数老师性格挺好有的超级萌，有的高端黑，专业知识方面，感觉每个老师都有干货！尤其是专业课的老师，简直是大写的赞！另外，高金吉院士是我们院的教授和博导，每年都会给大一新生演讲，，，然而他说机械学生还是应该下车间锻炼一下，我真的不想啊(￣▽￣)北化老师感觉都挺累的，毕竟分区办学，有时候没时间改作业都是在坐校车的时候改的T^T   学风方面，北化的学风真的是超级严，遇到作弊可能就直接开除学籍了，一到考试周，学校大屏幕上滚动播放处罚通告，老师学生都不例外！我们机电院课程相对于别的专业是要多的，所以学习真的不能放松，（然而我并没有资格说=_=）我爸很庆幸把我送到了这么个每次期末都像高考的学校^_^  不过，我想吐槽一下我们院的课程安排和考试安排  首先，课程方面大一相当轻松，看着同宿舍不同专业的妹子累死累活我就很开心，然而，自从大二开始了专业课，我以每天平均十节课的速度奔波在教学楼，经常中午十二点二十下课，一点上课，心累啊……  考试安排，五天连考四门重要专业课，你让我先复习哪一科我都会觉得对不起其他科目，都是重重的学分啊，都是（对于我来说）难破天际的必修啊……  感觉学校硬件设施不太好，我们说说金工实习吧，作为机械的必修课，你可以享受一个月不用在白天上课(不过晚上的课和周末的不算哦)的待遇，不过你也要一个月都面对各种车床，铣床，然而有些设备都是老旧的可以啊……然而按照老师的指导不会有安全问题哟，做物理实验也会有坏机器  总的来说北化适合学习，有缺点有优点，感觉名气不是很大呢，我高考之前都没有听说过，没毕业也不知道就业怎么样，我也只能就现在的经验说说了，欢迎交流讨论
请问燕京理工学院(北京化工大学北方学院)怎么样啊？, 垃圾啊。。。垃圾！哈哈 
北京化工大学本硕博连读和哈工大威海校区车辆工程哪个志愿好 ？,本硕博连读意味着少了进步的空间。单从学校来讲，我是觉得北京化工不如我们哈威的。车辆这几年就业越来越差，企业招的越来越少，过几年不知道咋样，不过如果你足够优秀也没啥，一汽每年都来……建议而已，自己选择……
本科在陕西一所非211院校学材料成型及控制工程，想考取北京化工大学的研究生，有哪些建议？求解答。？,同专业呀。加油
北京化工大学mba怎么样，有过来人么？,三类MBA 院校，不是特别好
北京化工大学在化工领域名声怎么样？,我是中科大学高分子的，每次看到北化工学高分子的我都会另眼相看，因为你们的高物学得比我们好，比我见过或听说过的其他大学高分子专业的学得好。  自黑狗可耻的匿了。
北京某211大学化工专业学生，未来想从事媒体传媒行业，娱乐文化公司节目组一类，考研可以考什么专业？,实习生薪酬不是低。 你可能还要给电视台实习生管理费。  如果真心喜欢传媒行业，去北京和上海。其他大城市都没什么机会。别去电视台实习。
最近北京化工大学是不是出现了学生食物中毒事件？到底什么情况？,因为众所周知的原因，我先承诺一句，我爱北化，我所做的一切都只是想让北化变得更好。  事情经过和真相如何，已经不重要。就像上海女子回江西男子家过年这件事一样，虽然最后说事情是捏造的，但是它成功引起了大家的讨论，更多的人开始关注社会存在的问题。学校的这件事情即使不完全真实，也值得我们重视校园食品安全问题。  现在当然还难以断定到底是不是食堂的食物有问题，毕竟有同学还吃了别的东西，据说水果摊的菠萝也有极大的可能是元凶。但可以确定的是，学校里的水果或其他食物是存在安全隐患的。可能采购的原材料在运输途中就出现了问题，也可能是加工过程有问题。总之，任何一个环节出现问题都会让人吃坏肚子，而出现问题原因往往也是人为的。要知道，餐饮行业从业者整体职业素养还是比较低的，他们大多数都不在乎食物是否干净，简单来说就是他们觉得不干不净吃了没病，认为吃不死人就行，也不是说他们只对顾客如此冷漠，他们对自己也是如此，自己也会吃有隐患的食品。作为一个曾经的餐饮行业从业者（现在的餐饮行业创业者），去年我在黄太吉的后厨工作过十来天，尽管每天都打扫卫生，清理餐具，但这种比较正规的中式餐饮品牌的后厨也还是有蟑螂的，有蟑螂还可以理解，毕竟小强太顽强，自己家的厨房可能也会有。但是厨具不干净，就是不可推卸的人为原因了，比如做煎饼的铲子不小心掉在地上，都不会用水冲一下，而是继续做，这时就有食品安全隐患了。不过黄太吉的冷冻和加热做的还是比较规范的，做好这两点食物中毒的可能性也很低了。而学校食堂工作人员的素养和卫生状况恐怕不如这些企业，黄太吉的问题在食堂只会更严重。  当然了，这一切也不能简单的将原因归结于工作人员素养的问题，食堂的管理，甚至整个学校的系统也都是诱发因素。  这次的事情如果是真的那也很难将过失完全归结于具体某一个人身上，因为学校的整个系统就有问题。北化是一个将近两万人的庞大系统，我们也是这个系统的一部分，可惜这个系统有Bug，丧失了自我修复能力，今天发生一件事情，明天就还可能发生别的事情，事情不一样，但原因都一样。宣传部门永远报喜不报忧，职能部门永远得过且过，而我们自己又经常集体沉默。所以说， 不作为也是一种恶，没有人是无辜的。 包括我们这些弱势群体和每一次的受害者，我们都是现状的帮凶，因为我们不仅不作为，有时候甚至不发声。      等调查结果出来后也许只是某一个厨师的问题，表面上与学校的整个体系没太大关系，我们学生更不用对此负责，但我们真的无辜吗？就像二战中死于原子弹之下的广岛、长崎的普通市民也不是无辜的那样，这些小市民没有参军攻击盟军，更没有去占领区屠杀别人，但他们默许了军国主义者的作死行为，他们没有及时让军国主义者投降，所以，他们明明有机会不死于原子弹，可惜他们还是选择了默许当权者的行动，这样来看普通市民并不无辜，不作为也是一种恶，死于原子弹是自食其果。  今天，我们的不作为，同样会让我们自食其果。  微信公众平台的登录页面有句话，“再小的个体，也有自己的品牌”。其实“品牌”这两个字也可以换成“力量”，很多时候并不是没有机会，没有力量，而是我们明明有却不愿使用。 围观也是一种力量，逼逼也是一种鞭策，转发也是一种态度。   作为一个即将毕业的大四狗，值得我留恋的不是学校，而是学校里的人和事。值得我们捍卫的也不是学校的形象，而是学校里每一个个体的尊严。  现在回到个人可操作的层面，我们在学校怎么吃才安全？ 我的建议是在食堂尽量吃熟食，吃拿种高温加热后的东西。吃水果的话，就买带皮的，自己回去洗干净或者削皮吃。还有一个方法就是点外卖或者去外面吃，但央视315晚会又曝光了外卖的黑作坊，街边小店还不如食堂安全，所以现在的社会需要更多正规的中式餐饮品牌，这样我们以后就不用天天吃食堂和比食堂更危险的外卖了。我们总自以为中华美食全球最好，但餐饮行业全球第一品牌是麦当劳，全球第一餐饮集团是经营肯德基的百胜，中餐在全球来看表现并不突出。口味的成功并没有改变我们在商业上的失败，而我，目前的餐饮行业创业者，并不敢夸下海口要带中式餐饮走向世界，我只是想让口味好的中餐，在国内能更加干净安全，让更多人能够吃到放心的食物，像麦当劳肯德基那样得到大家的信赖。目前我正在筹备自己的创业项目，项目是开中式快餐连锁店，主要卖太和板面（百度百科有介绍），欢迎感兴趣的朋友来当合伙人和天使投资人。我承认，这是一篇软文。 微信号（XXZZHH2012）
普通天津一本跨考材料，在北京化工大学与北京工业大学如何选择？,这就要看你想学啥材料了
北京化工大学的化工专业怎么样？,全国第五吧
北京化工大学文科好还是北京工业大学文科好?,谢邀。 这两所学校的文科都一般，建议去更好的文科类院校。如果非要选一个，北京工业大学，校园基础设施更好。
北京化工大学中外合办软件工程靠谱吗？,不靠谱。 别来。
考北京化工大学的研究生 化工机械 应如何准备？专硕还是学硕好考？,专硕
北京化工大学能源化学工程专业本科，先考研，不垮专业的情况下北京理工好，还是本校好？,我是能源11级的，化工行业都不好就业。行业饱和状态，材料化学也是坑，材料物理咱大北化没背景，化学化工都是坑。出去考公务员，朝九晚五，上班看报下班dota晚上陪媳妇，多好的日子。
2016年吉林省高考报考求助。东北大学，武汉理工，南京河海，北京化工哪个好？,     真的，我不是黑武理，作为这所大学的一名学生，你听我一句劝，别来！！！（微笑脸 ）看看这几天新闻吧，老师、辅导员辛辛苦苦的在宿舍楼下面守着我们，上课提前十五分钟到，请假需要书记审批，细致到请假去哪?怎么去都要一一填写（我在到达方式一栏写的:走路……）         呵呵……学校有这么大的力量你怎么不好好提高一下自己的教学质量，完善一下学生的生活环境呢？！      话说今天我去找武理工防高考替考的问题，没找到，是我手机的问题吗?我再去找找……      不过若想来还是可以的，毕竟在武理工我还在坚强的微笑着。（os:别来，认真脸）
是否应该放弃北京化工大学的化学系而选择澳洲国立大学的化学系？,不如考虑放弃化学系吧，真的
我是准大学生。北京化工大学2015届入校后在哪个校区啊？新校区现在就可以搬吗？希望学长告知?,听说要搬
北京化工大学机电学院石油机械方面研究生研究方向都有哪些？,这个学院据我所知只有两个搞石油机械地老师，全从我们石大过去的，据我同学说，也就院长和院长的一个博士，院长为人不清楚，但他那个博士人品相当。。。据说都快从副教授混到教授了。但是他的学生很痛苦。我一哥们很后悔，甚至想退学。
北京化工大學附屬中學怎麼樣.?,12年从化附高中毕业，对初中不是很了解。全年级大概一百150人左右，有大概40多人能上二本以上的，大部分都是三本。排名在北京市算是三流末位的吧。学校面积没多大，有个羽毛球馆平常自己去还要收钱。不过对我本人来说觉得母校还是挺好的，毕竟在这里有太多美好的回忆了。
北京化工大学考研？,不请自来。。。只为验证下这个账号是否激活成功。顺便回答一下。表达我→_→  首先，学硕和专硕区分不是太大，近几年可能比较严了，专硕一般都是要去工厂等地实习半年的；这也可能是很多老师不想要专硕的原因，因为还得给你专门制定个培养计划。  研究生宿舍条件较本科生比好太多了，四人间，上下铺，有写字桌（带有衣橱），不断电。但是尼玛我们今年化院（还有材院，经管的难兄难弟）的研一新生回北区啊，北区没空调啊，但是有独立卫生间啊！！！研二搬回东区，东区有空调啊，但是没独卫了啊！！！总之，空调独卫不可得兼。如果你去常州院读研究生，研二开始去常州，那里的条件好，空调独卫可得兼。条件啥的就酱。ps，如果不去常州，就一直在北京读的话，对食堂要有一定的心里准备。
北京化工大学发生的70万元诈骗案是如何实现的？,谢胃药 你不要总想搞个大新闻，大校比你高到不知道哪去？
北京化工大学的老师几点下班呀？,没课的17点下班，有课的20点30分吧
北京化工大学真的很官僚吗？,作为一个在北化工和北理工都呆过的人表示，连北化的管理都官僚的话那北理工的管理算什么？
在北京化工大学食堂如何点菜性价比最高？,两碗小碗米饭和一碗大碗米饭一样价格，而前者米饭更多。 不要吃二食堂的白斩鸡。
去北京化工大学参加自主招生需要准备些什么？,宝宝今年去考了北化的自招 是化工材料类 刚考完并没有出结果，祝愿 考试科目是数学和化学 没有超纲内容，都是高三狗应该接触的内容 数学主要就是函数，三角，向量比较多 化学大概就是自偶电离，化工，有机，结构 面试当时等了三个半小时，然而面试时间只有十分钟 面试内容主要是社会热点，生活常识，还有英文题 大概就是这样吧，开了这个帖子没有等到大神 就自己来说一点吧，希望可以给以后的小朋友们一些经验
华东理工大学和北京化工大学哪个化学较好？,华理只能说是一般般吧。也就是化工专业才排全国前三，也就是毕业的学生才占据江浙沪化工行业半壁江山，也就是被化工业内人士贴上踏实低调的标签，也就是以一个舅舅不疼姥姥不爱的211身份(你懂的)超越某些985，也就是才在三大世界高校排行榜挤进世界前500名，也就是这样，真没啥的。  PS: 目前经济形势这么差，能不学化工还是别学了吧，虽然华理化工很牛，但是在整个行业都不景气的大趋势面前也没辙啊。。。
北京化工大学有“水资源研究中心”这个单位吗？,金日光在知网上能搜到60多篇文章，but都是发表在北京化工大学的期刊上。 家里也有人迷上这个产品，觉得是无比伟大的科学家，还跟他合影什么的。 宣传材料上的文字也漏洞百出，称其“与爱因斯坦比肩”。  期待真正的科学家来挽救一下，诸多深陷的家人。
北京某211化工类大学应化专业大二下在读，但是想毕业后从事金融法律方面的工作？,为什么是金融跟法律？ 如果是金融的话，也有细分：银行、证券、信托、信贷、保险、投行、互联网金融都不太一样。选错了也是恨好长时间的。 考证券从业资格证、银行从业资格证，然后尽快到金融机构实习（建议不要去传统银行，去股份制银行、券商、基金公司、投行等地实习，做什么都可以）。
北京化工大学宿舍条件怎么样？,四人间，上床下桌，有空调，据说是公共卫生间，苦了南方不习惯大澡堂的孩子，但是有好有坏，不用自己刷厕所。这是公众号之前放出来的图片  
如何看待北京化工大学从昌平县城搬迁到南口？, 谢邀，影响一般是从利弊两个方面来分析，此次搬迁获得的利处无非就是更好的硬件设施，比如更大的运动馆，更好的学习环境等，但这些并不是必需得去改善的，这么多年了，北化的学生凑合凑合也能过，而且硬件的改善对学生综合素质的提升也是十分有限的。   弊端就比较明显了，全体本科生都要为此付出更大的时间成本，你本来可以很方便的做许多事情，现在要把大量时间浪费在交通上。   对要继续深造的同学来说，虽然在郊区能更安心的学习了，但会影响上考研出国的培训班，毕竟有的课程郊区没有，你必须跑到市区上。  对要实习找工作的同学来说，去实习的时候恐怕要租房子，从学校出发上班的话，路上可能要两个小时，你是受不了的，那租房子后生活成本一下子就高了很多，一个月2000块左右的实习工资，交个房租也就所剩无几了。   更重要的一点，在那么偏僻的郊区视野会被局限，由于周边没什么学校，许多活动你都不能便捷的参与。本科生的可塑性较高，接受到的某一条信息，参加的某一个活动可能会完全改变一个人的人生路径。把最需要开拓视野的本科生却被扔在了郊区，需要专心做研究的研究生却放在了繁华的市区，有点本末倒置了。尽管学生的本职是学习，但是学习的方式是多元的，学习不仅仅是呆在自己的学校里，去别的学校，去社会上参加各种活动也是在学习。   更全面的利弊分析还是要靠与其他学校对比才能得出，沙河高教园、良乡大学城的那些学校虽然也偏僻，但至少是学校扎堆的地方，交通也比南口好得多，而且硬件条件不会比我们南口新校区差。学校还是处在比较聚集的大学城里比较好，毕竟男女比例会平衡一些，方便解决婚姻大事，而北化却一个人呆在南口，学校不一定要处在闹市，但也不能这样孤苦伶仃啊。   近朱者赤近墨者黑，还有孟母三迁的故事，都告诉了我们环境的重要性。20岁左右的年轻人最好还是去接近“中心”的地方，你可以考不上北清，那就去接近北清的地方，你可以不去北上广，那至少去接近北上广的地方，在这些中心地带接受的信息，质量更高也更全面，更加有利于你的成长。   总之，别让南口局限了你的脚步和视野，努力从昌平走向世界吧！ 
北京化工大学的美术系怎么样，重点专业是什么，是否学校会重视这个专业？,有工业设计专业，还可以的。 新成立美术系了？
如果不打算干大学的专业，你会怎么选择第一份工作，我是学化工的，想去北京找份工作，应该怎么考虑呢?,谢邀。问题描述得不够详细，所以无法作答。请参考知乎上类似问题的回答： 怎样进行职业规划？ - 杨毅的回答 
如何看待北京化工大学（北区）学生期末无充足座位复习而跑遍昌平城区，到石油政法蹭自习被他校禁止的行为？,不行，看到前面一大堆校友开喷，而且一些人我还能猜出是谁来，有点小激动- -。来强答一发。  先说北化的经费问题，就像校长说的一样。   我们来详细看看经费有多少吧！！  北化在地53名，第一栏是预算榜，第二个是实际收入榜。单位是亿元。 北化作为化工项目上的主要科研学校之一，经费之少，令人发指。不客气说一下，石油大学两个校区的经费是国家分开拨款的，而且两个都比北化多。【加起来超过北化两倍】 一个20亿，一个17亿。 在看看2015年的科研经费方面。 北化6.01亿。比石油又低了不少。而且又比两个校区都低。【可以的，这很北化】 这下你们知道北化是真穷了吧，石油比北化有钱不是开玩笑233。  -----------------------------------------------------分割线------------------------------------------------------------------------------          下面说正事，北化北区的教学资源确实少得令人发指，考四六级的两天又全都封了楼。导致三个学习的地方两个主要区域没有了。那天早上，图书馆7点30开门但是6点50不到就有同学去图书馆门前排队等开门，然后7点30开门后不足20分钟，图书馆488个位置【四楼220个，五楼268个】全部爆满。         大家没有地方学习，马上又就有考试，那怎么办呢？？去昌平找其他地方学呗。于是，石油，政法，昌图，乃至万科，KFC，M记全部被占领，而且还有一大堆因为晚了时间没地方最后只能在宿舍的，那天北京最高32度。北校区破，我们都知道，北校区卖了，我们也知道。但一年拖一年就是不给北区装空调真的是很无奈。宿舍里人多，地方小，楼道里也吵闹。宿舍的气温比室外还高个2，3度。在宿舍学习，真是...........................不如跳舞，呵呵。于是有了这样的图  有句话叫不患贫而患不均，那如果又贫又不均呢(⊙o⊙)?？。那...............我只能说..................不如跳舞，啊，不，是不如跳楼。      这下明白为毛大家去自习趋之若鹜了吧，宿舍除了睡觉根本待不下去啊啊啊啊！！现在连睡觉都待不下去了。 所以，北区没空调不是一天两天了，2002年买的北区，到现在没装，你说现在因为卖个石油了，不想再投资了。大哥，十多年了啊啊，他若想投资，改善学生宿舍用得着到现在？？？现在说是因为卖了才不再装空调的，洗地能不能有点水平。  神论2  北化有三个校区要顾，没那么多钱啊。 大哥，西校区是个职业技术学院和继续教育学院，基本和北化本区没有毛线关系了，只是挂个名，方便招生啊。而且他们西校区的设施比北化两个本区都好，你跟我说这个，excuse me？ 至于东区，目前来看，近几年都是小范围修修，没大改动。   神论3  大家爱学习，这是好事。北化学风好。         你说有学霸们天天都自习，不否认。但看看平时晚自习主教人口密度和期末主教的人口密度就明白了。有人在每天都学习，但大多数确实考前两个星期学完全学期的课程考个试。就好比一个高中，肯定有一些想学习的人，再烂的高中都有一些学习好的人，但要是这个高中里大多数学生高三100天倒计时了开始疯狂刷夜，疯狂学习，前面都去玩了。你看到他们100天里学习的样子，就能说明这个高中学风好？？学风，从来都是平时的一点一滴的积累。一次一次作业认真自己完成，实验报告是自己写还是直接抄爱课程网，大雾实验是自己写还是抄模板，高数是自己下课写完作业当复习还是周日的时候抄答案第二天直接就交。这就是差距，恕我直言，我是化工专业的，就我看到的人， 第二种明显多。    神论4  北化就是你们的母校，你们怎么能这样骂你们母校。以后离开北化，你要照相的地方是北化，你要照毕业照的人是你在北化的同学，你填在简历上的本科学校就是北化，你没有办法去否认。       说实话，这和五毛说“中国是你们的祖国，你们不爽你移民啊”没什么区别了。自己有问题别人说你，你就道德绑架别人？恕我直言，你化思修洗脑教育确实一流。北化的条件确实不好，北校区的条件更是在北京圈里大学连一堆2本院校都比不上的水平。【甚至不如西校区3本】这样的状况你依然觉得正常，可以接受，还是自我催眠说，可以，这很北化。    --------------------------------------------------------分割线--------------------------------------------------------------------------       北区这边用了14年了，几乎没改善过学生的生活条件，新校区这两年才修，北区也这两年才卖。不要在用新区做借口了好吗？？北化建新区为了啥？目的只有一个啊， 扩招。 近几年每年都在扩招，为啥扩招？没钱啊！再扩招北区装不下啊！       吐槽了那么多北区的种种，后面还有人跟我说，现在正是招生季，别说这些了。影响不好。对，影响肯定不好，但要是没有影响北化就不会变得更好，也不会有人来重视学生们的诉求。  这样的情况发生时，老师的选择是：在楼上看戏，拍照，然后发了朋友圈。看我们学校的学生多有趣。  --------------------------------------------------------------------------------------------------------------------可能未完待续
北京化工大学是否适合想从事3D打印方面工作的人就读？,谢邀  3D打印是一个科研的热门方向，北京化工大学高分子材料先进制造英蓝创新团队就在从事3D打印方面的研究，该实验室研制的3D打印产品曾亮相2015广州“CHINPLAS”国际橡塑展。新闻报道称，该团队杨卫民教授以微积分思想位基础，采用标准塑料颗粒加工技术，摆脱传统3D打印机耗材种类少、专机专料的局限，创造性开发出“熔体微分3D打印技术”。并称该技术“在生命科学、高仿生机器人领域具有重大的应用价值”。  英蓝创新团队官方介绍如下： “高分子材料先进制造科技创新英蓝团队”由教育部“新长江学者奖励计划”特聘教授杨卫民为学术带头人，是一支人员组成合理、创新能力强、具有很大发展潜力的研究队伍。创新团队依托“有机无机复合材料”国家重点实验室、“轮胎设计与制造工艺”国家工程实验室以及“高分子材料加工装备”教育部工程研究中心，努力建设国家重点学科“化工过程机械”、“材料加工工程”以及北京市重点学科“机械设计及理论”；同时，围绕“高端装备制造”和“新材料”两大战略新兴产业发展的国家重大需求开展研究，在“高分子材料加工成型高端装备”领域系统深入地开展高分子材料精密成型原理及装备、高分子材料加工成型重大关键装备以及高分子材料加工成型微纳制造装备等研究工作。  若需了解该团队的有关信息，可访问其网站： 高分子材料先进制造科技创新英蓝团队   。
怎样在没有本校校园卡的情况下进入北京化工大学的图书馆？,我也想问，你找到了吗
北京化工大学有哪些值得称道的方面？,泻药。 这是一道送分题。 因为不存在。 如果你硬要从骨头里面挑出鸡蛋，可能是远离家乡的无法无天，可能是地处北京的优越感，可能是偶遇的老师才华横溢，可能是夏季太热没有空调引起的姑娘的玉腿横陈，嗷了四年给你一张211的文凭以至于侥幸可过招聘时的文凭筛选面。 但同样离家太远易孤独，地处的北京不在中心（本人在昌平），好的老师难相遇，没有空调能是优点？211同分数档次北京也有别的学校吧。 但有一个很好的地方是——我们不会以学校为骄傲，所以我们只能强调自我。我们没有光环，所以只能依靠自己发光，在很多人还没褪去名校症结时，我们知道keep learning的道理。 当然啦，我说的不是优点，只是希望勉励一下大家。 还有我学习挺渣的，希望这个文笔大家多多包涵。 谭校长要不把广告费结一下？（逃
如何评价神舟十一号工作团队选定北京化工大学所研制的材料作为太阳能电池翼的原材料？,北化工本身就有有机无机复合材料国家实验室，挑大梁天经地义无可厚非~
北京化工大学究竟有哪些需要改进的地方？,最大的问题其实是中国大学的通病，政治业绩代替了教学成绩，领导个人的短期业绩代替了学校的长期发展。比方说，一个211大学，就不说教育部直属985平台了吧，一个正常的211大学，是不是要满足学生的基本学习和生活需求？学习和生活的硬件需求无非四样，寝室 教室 食堂 教学设施。先看寝室，狭窄，分校区无空调，主校区无独卫且宿舍狭窄。狭窄的宿舍早晨了十分难堪的生活环境，好比是农民工住的工棚，没有独立和隐私空间，除非宿舍决定一致，不然根本无法在宿舍有人的情况下，独自学习。空间狭小，也容易引发同学矛盾，极大影响日常休息。在看教室，桌椅陈旧不说，最大的问题是无法同时满足大部分学生自习。临近考试周，大部分学生自习，这时候即使加上图书馆和阶梯教室，也供不应求，可见教室桌椅的设定基础，就是不会出现大部分学生同时需要自习的情况。再看食堂，菜品窗口少，菜种少且固定，从北区到东区，几乎那么多年了菜品都没有变样，尽管这样远低于同类大学的供应水平，菜价却远高于北京其他211大学，这个同学们都有亲身体会，这就要问，为什么我们学校价格这么高，为什么其他211学校价格那么低，这个差价去哪了。最后看教学设施，有同学亲身晒出了化工大学的北区化学实验室，设施陈旧，老化破坏，令人寒心。随便在校园走一走，破败的垃圾桶 没有人打扫的角落清晰可见，一句话：没有人管。     回过头来，你去翻看学校的网页，学校领导好像都很忙，他们在忙什么呢？——他们忙着和其他国家的大学签订合作招生协议，因为这样可以扩招名额——意味着教育部给的经费就更多。他们忙着推选两院院士，长江学者，杰出青年，这都是看得见的政治业绩。他们忙着响应国家号召，开展比赛，搞校园活动，什么什么大赛，表面上增长了学生的才干，其实这些比赛通通都与真扎实打的学习知识无关，更多的是拼凑材料应付评审—这些活动和业绩也是学校领导有方。这些都是看得见能写在材料里报在新闻里的，对领导来说是“真实”的业绩，是实打实的上升资本。而学生的教学感受，老师课上的好不好，学生到底学到了多少知识，在学校住的怎么样，吃的好不好，对于领导来说，都是虚的，没有用的，无法写进考评业绩的。就算上级来视察，总能有学生站出来说好，进行一下爱校教育，总会有一帮学生感动的不行。学生嘛，给个芝麻就当西瓜，来看一下你就把人当成母亲，走进一下同学，不知道有多少人会激动。等到一毕业，又会有多少人把学校的坏忘的一干二净（因为毕业后吐槽母校对自己的工作也没好处，一个成熟的毕业生都会使劲夸学校，来表示自己当初的优秀）。既然在关键时刻投入一下就会有丰厚回报，又何必在平时为同学们着想呢。新生每年都有，四年以后流水毕业，你拿毕业证我拿业绩，大家各不相欠。走入社会，互相帮忙，“荣辱与共”，这又变成了校友共同体。   这就是中国大学最坦诚的逻辑。在保住业绩升官的同时，国家已经规定的项目无法插手（比如一本大学的宿舍费已有明文规定），挡不住还有很多国家没有规定的项目啊。食堂菜价是我定，每盘菜的分量多少也是我定，校园网费是我定，谁家网线可以接入也是我定。学生打印四六级成绩单、毕业生回校打印证明，统统都有自主收费定价权。趁着还没法律文件，能多收绝不少收。能早收绝不晚收。那么这些钱究竟去去哪了？学生管不着，学生也不知道。感觉自己思维固化了，再学习以下其他学校，发现了校友会这种神奇的方式。在各地狂组校友会，这样就可以鼓动校友捐钱，又是一笔收入。不信去官网看看，又是喜大普奔某地北化校友会宣告成立。 权力保住了，收入也缓缓驶来了，剩下的就是保持学生的“安静学习”了。怎样保证学生们旺盛的“两耳不闻窗外事，一心只读圣贤书”的状态呢？大搞学生活动，嘿嘿，上上下下学习好的学习差的每个人都有事干，还觉得很充实，学到了为人处世的能力。你想鼓动同学对抗学校？你思想有危险？对不起这个学生会主席还不能给你。——当然学校的学生工作不会这么明显，可能会以团委管理学生会的老师阴晴不定的态度来启发你。你不在学生会？——同学你还有很多事情没有干呐。你看看这个活动要参加，那个比赛要评比，你看看你要有集体荣誉感——这些都让同学们无比的“充实”，“充实”得忘记了他们对真正需要学习的知识一无所学的空虚和恐惧。也无法全身心的分析自己上了一所什么样的大学。     有了这个主旨，其他的校园实况就可以想象了。老师们上课靠道德素质，踏实教学的老师，仅仅比敷衍了事的老师多一个“十佳教师”荣誉称号。这还让更多的不负责任的老师低调快乐的活在其他负责人老师的光环下——学校犯不着为了四年一届的学生约束一辈子干的教职工。校医院的态度可以想象了，说实话现在很多宠物医院的态度跟校医院还是相反的。要是再说校医院是兽医店，把兽医店也黑了。学校领导乃至辅导员处理事情的态度可以想象了，都是息事宁人，反正过了这个坎大家就会忘了。再给你说点好听，想想学校的苦——其实学校不苦，我校的财政拨款和实际花销，在全国的排名，大家可以上网查，很靠前。那么再看看电梯年久失修，热水器或坏或残（13年之前还没有） 图书馆书目陈旧 电脑房的电脑还归属上个世纪等等突出的表现，就见怪不怪了。      更不要提学校的人事管理制度，教务处的“老师”的衙门作风，一些深层次的管理问题了。    我说的都是基于大学管理的一般逻辑来说。不排除有个别好的领导，好的老师，好的辅导员。但是他们也改变不了大的人事任免，在真正危及自身利益时，也很难做出两全其美的选择，大部分还是选择“忠于”学校，毕竟人家等着学校发工资。       我说的这些也不排除学校做出一些改善的小动作，逢年过节发个票券，领导出来鼓励大家几句，等等。    我还要说的是，北区的热水器还是后来加装的，之前都要去水房打。从这个方面来说，是进步了。问题是，在这之前落下多少工作。这些东西，对于21世纪，号称要建设世界有影响力的大学来说，是不是太可笑了一点。还是说，这个影响力就没准备往正面建设。       好了啰嗦这么多，匿名吧。 
如何看待北京化工大学北校区在没通知的情况下取消主教通宵自习室的做法？,不知道为什么，突然就开始断电，而且是未通知的情况下！本来通宵自习室就不够，而且是在期中考试前突然断电锁门。直接打乱了复习节奏！希望学校哪怕可以给个通知，也给个理由，为什么突然在没有通知的情况下断电，而且强行赶人！现在只能去北阶1自习了。人又多又脏乱～真的没有学习的心情了！！！
工科考生，郑州大学和北京化工大学该怎么选？,题主你好，我是北京化工大学的化工专业的大一学生。 我仔细看了你的问题，想首先问一个问题，你弟真的明白化学和化工的区别吗？化学是理科，化工是工科。前者在实验室里摇烧杯，研究反应原理；后者在工厂把实验室中的反应转化为一个个设备中的产品。这个区别非常重要。我身边同学很多人上大学之前，化学都不错，上了大学才知道，化学和化工真的不一样。 其次就是选大学了。我的室友是河南的。我想每一个到北京上大学的人，心里或多或少都有大城市的梦想。我是农村的，不得不承认，这一个学期的收获比我高中三年多得多。这就是北京的城市地位。另一方面，北京化工大学给我的印象是很不错的。学风严谨，谦虚低调，学科实力虽不是顶尖，但可圈可点。 回答一定要有观点，所以，欢迎你的表弟报考北京化工大学！
今年考上了北京化工大学的研究生，做的是碳材料，求相关介绍?,北化的材料哪个比较好啊
在北京化工大学读高分子材料专业是一种怎样的体验？,北化14级研究生，材料学院，今年刚毕业，过来者的感受，这三年真心不好过，毕竟当时选导师，瞎了眼，进了石...课题组，估计从这个实验室出去的学生都不可能说好的，所以，毕业时只有一个感受:终于解脱了！！去他妈的xxx
如何看待北京化工大学成立能源学院？,新形势下，成立新的学院，从一个学院独立出去，说明至少现在看来有发展前景
为什么北京化工大学那么穷。明明是个211大学。？,其实也不算穷，只是大家都哭穷而已。不然那么多个校区，还有占地2000亩的南口正在筹建的校区的钱哪里来的。 还有化工人本人就很低调，化工大学的科研经费可真是不低啊。
如何看待北京理工大学化学学院与化工学院合并一事？,被赶到良乡也就算了，学院还被合并了，估计再过几年，大家就直接简称为化学学院了吧？  非常不高兴。  去过校史馆的同学都能见到，化工学院和延安自然科学院一起建立的，当年老六系火药专业也是很牛的，最后混到今天这个田地，到底是谁的锅呢？
化工专业考研，北京化工大学排斥外校学生吗?,就我的研究生同学来看，外校的占一大半吧。 除去一些职业考研的学校（只学考研课，专业课不上之类的，高分低能）老师不愿意要。这也是前些年被坑了，招进来什么都不会。 其他正常教学的学校的只要你分数够能力还行，老师是很愿意要的。
北京化工大学和沈阳化工大学有什么联系？,中国仅有的两所化工大学。就这么简单
选南京工业大学的市政工程还是选北京工业大学的环境工程或者北京化工大学的环境工程还是河海大学环境工程？,不太清楚，建议河海的市政。因为有个师兄是河海的 
听说所有大学生都在等北京化工大学放假？,高级黑
如何看待北京化工大学在新校区宿舍还没有公布甲醛测量报告之前就安排学生入住？,我只在里面睡了一晚嗓子疼头疼 你也不用洗，我自己身体我清楚 我们两个同学在贴吧说这个事两个都被封号 书记直接到门口要求删除 毕竟还是自己母校就删了 等我们删除了，书记直接怼着骂我们，要告我们诽谤学校 我现在再意的，失望的已经不是甲醛问题 是这个学校到底还要不要学生了 把自己学生当学生么 什么事，只要出问题，所有导员捂嘴 捂不住嘴就威胁你 不用洗，因为我同学三个就被警告了 另外北化天天骗人，忽悠学生 也许北化也不在乎我这种学渣学生 无奈吧，自己的同学都很棒，学校却这样 整个大学生涯真的觉的遗憾 上几张图，是这次甲醛学校的公关 大家就当笑话看吧 这个学校真的已经是完完全全的官僚主义了       怕被查水表就匿了   哦，对了…这个图你们不用怀疑真假，我同学自己亲手测的，亲手拍得照。也不用怀疑我是什么来黑北化的所以匿名。你亲眼看着你同学在讲述一个事实发帖，然后领导来指着鼻子骂他，要告他诽谤，你也得匿，虽然这个大学很失望，但是我需要毕业证。很无奈。学校耍起流氓，真的可怕。  9-5 学校已经开始准备第三方检测了…到需要时间 大家努力吸几天甲醛没了 就合格了
北京化工大学碳纤维怎么样？,北化大三学生，真的好巧  我现在就在听我化碳纤维实验室大Boss的讲座。 对于你的问题我只想说：这教授牛逼吹得可以。
北京化工，燕山大学，黑龙江大学，东北林业大学的法学哪个相对好些？(因为高考分数有限),刚才都看了一下，这四所院校全都是理工类的院校，其中有两所211（东北林大和北京化工），燕大和黑大虽然不是211，但教学水平都已经达到211水平了。所以说这四所大学都挺好的，但法学说句实话，在这四所里面都不是很好，毕竟全都是理工类的学校，你报考时要多方面考虑，地理位置，就业评价什么的都要看一看。我只对北京化工比较了解，北化的法学真就是一般般，但我们这能转专业，如果你在入学考试考的好的话可以转专业（转到什么专业都可以）。另外，如果真想学法学的话建议还是报个文史类的学校吧，因为师资能好一些。理工类的学校在文史类专业的师资不是很强，就拿我们北化来说，好的老师都是在理工类的专业，文法那边并不是很强。。。然后报考时也别光看211，看一下大学的实际办学水平～
有人有北京化工大学历年来的录取通知书图片吗？,  我自己的 
中央民族大学和北京化工大学如何选择？,化学在知乎上，不景气。  民大读个商科，抱得美人归，事业也有了
北京化工大学生命学院哪个老师人比较好？,为什么校长不带课，因为他教出来的成绩不如一般老师的好。为了让自己在全体教师面前好说嘴，所以他们不敢代课。
天津理科女585高一本分数线64分 在中国石油大学南京师范大学北京化工大学中哪个较为适合些呢 望推荐？,蟹药~~  1.你自己做功课了么？  2.不同学校的分数线不一样。所以很难回答~~  3.不需要其他证书，但是没准可以为你增加色彩~~所以自己去调查调查~~  —以上—
北京化工大学西校区宿舍怎么样？,17.07.20 西区六人间 八人睡六人 上下铺 物理什么都没有 桌子也没 独立卫浴不要想 不可能 有空调
如果在北京化工大学财务考研的时候有可能申请到好大学吗？比如爱丁堡大学，伦敦大学之类的？,这问题问的，我是北化财务专业大三，我的小伙伴是国教学院，大二就申到了爱丁堡和北卡，转去学本科，但是呢，这妹子加权均分90＋，还获得了国奖，语言成绩也是妥妥的，还是一文科生从金融跨专业到数学专业，所以咯，只要自己有水平哪个好学校申不到，毕竟北化历史上还有申到斯坦福的呢，所以你觉得北化会耽误你前程嘛？
哈尔滨工程大学和北京化工大学学计算机哪个好 ？,不请自来 不是学计算机的北化人，看到知乎另一个北化校友的回答计算机专业一般，不知道哈工程的计算机如何，如果两个差不多等级的话可以考虑考虑北化，实际上对于考虑来北化的人大家都是劝退的，但是我姐姐大学是在哈工程，学的是金融，研究生在上海，她不是不喜欢哈工程，但是去了上海后告诉我环境对人是会有影响的，因为学的是金融所以在上海的机会更多一些。当然了如果哈工程的计算机专业挺好的那就不用考虑北化了，因为北化条件确实一般，新校区去了南口距离市里很远，周围还比较荒凉，只有大四回本部后才能显出地理位置的优势。另外，哈工程学校很美。
有在北京化工大学留学的朋友吗？,    等过了一周，你确定你还是喜欢那个泰国女生的话，直接去北京化工大学找呗，想找个留学的泰国女生应该很容易吧（如果你真想找的话）
在北京化工大学合唱团里当团员是怎样一种体验？,上次在教室，听到隔壁在练合唱。一开始以为在唱什么红歌，仔细一听居然是we are the world……我只能说，这学校的合唱水平，远远不如我们高中强，自娱自乐罢了。
北京化工大学的电子信息专业怎么样？,就业还好，现在是互联网+时代，往计算机方面靠不会吃亏，而且北京是个特别特别特别特别有互联网基因的城市，IT产业发展的特别好，作为北京高校且教育部直属211大学，北化的出身不差。加油。
本人是北京化工大学的一名大一学生，专业环境工程……？,喜欢化学就应该去理学院应用化学专业
普通二本学生考研如何考北京化工大学？,我是北化化工学院的学生，化工专业的分数比较高，今年的考研分数分别是340/320-学硕/专硕。环工就一般了，分数不是很高，但是以后找的工作还是不错。有很多进环保局的，还有设计院的。 如果想考的话，建议你联系北化环工的同学，我把我环工的同学联系方式给你，你问问需要准备那些资料。好好复习还是可以考上的，不难。 北化研究生在朝阳的东校区，去哪里都很方便，还是很不错。我深爱北化，也希望别人爱我的学校。
北京化工16新生 北化真的那么差吗？,北化能作为一所211大学必然有它的优点和独特的地方。而且他的化工，化学，材料和高分子什么的不用我说了吧，每年想往这些专业考研的真的不是少数。 相信我，北化能给你你想要的，就算不能，北京总可以吧。 不要再说学校烂，不好。只要你自己肯努力，积极的去成长，在哪里都不会差。嗯，关键在自己。  利益相关：北化化工专业2015届毕业生 
北京化工大学中外合作专业 中法合作项目好么？,我也报的这个专业，看好
北京化工大学今天开始不让外卖进学校会不会对饿了么、美团外卖等有所冲击？,我觉得学校领导做的很有考虑的，是一个正常的决定吧。可能大家不是很了解情况，作为一名学生，我是非常不愿意在校园里还得担心被电动车蹭来蹭去的，先说说情况吧，北化校园（朝阳东校区）比较小，但是学生非常多啊，所以难免很挤，尤其是哪个中午吃饭点儿，那个衰啊。。。食堂里都找不着位子，外卖小哥们，都是骑着电动车进学校的，而且速度非常快，又听不见声音，每天那么多学生，简直是考验骑车技术啊，而且随意停放在路边，谁知道下一个被撞的不是你呢？那时候可能又有人怪学校不作为了吧，加上各家外卖竞争异常激烈，在公寓门口堵的水泄不通，各种宣传单到处都是，难为了保洁。。。这样很好？ 而且，学校并不是不让学生定外卖，只是不让外卖电动车进入学校，只是单纯的确保学生安全和学校秩序而已啊！而且外卖小哥们也没有抱怨啥的，他们换成自行车了也挺好啊！至少走在学校不用随时担心后面飞奔而过的电动车了！  放心吧，这些当然不会威胁到外卖公司啦～  随便说一句，那些外卖真不比食堂好吃多少啊。。。
北京化工大学过程装备与控制工程怎么样？,单说实力的话国内前几。学校有地域优势，有行业优势，性价比也不错。打算搞这行的话是很好的选择。  如果想更多了解的话还要描述清楚你想知道什么...比如高考，考研，抑或就是简单的了解了解？
北京化工大学的材料科学与工程专业和应用化学专业哪个比较好？,你好，我是高材专业毕业的学姐。我不清楚你为什么产生了要转专业的想法，是课程的学习难以适应，还是对所学习的专业不感兴趣呢？鉴于你是大一的学生，其实材料与应化专业在大一大二的基础课基本相同。材料专业属于工学，应化专业属于理学，在我的感觉中应化对化学知识的学习更加看重，从应化专业学习的有机化学书可以大概看出。如果今后想从事偏向于工程化或实际生产方面的工作我建议是材料工程，如果想从事化学研究方向可以考虑应化专业。
北京化工大学还是南京化工大学好 本人理科女 父母很想让我去北京化工 但是个人比较偏向南京理工大？,首先，南京理工大是南京理工大学？ 其次，北化比南化好，毋庸置疑，因为它是211，211，211。 如果是和南京理工大学比较的话，我觉得是看你将来想要发展的地域。北方就北化，南方就南理工咯。 最后，看你个人兴趣吧。
在北京化工大学 学过程装备与控制工程的女生最好的出路是什么啊？,考研 出国 换专业 ，工科女生太苦逼，尤其是学校还不是特别优秀的情况下
北京化工大学材料学院研究生，博士生待遇如何？,谢邀，不知道。可以去小木虫问问
大学毕业半年，先在北京工作半年，然后辞职，现在在十八线家里的化工企业打算上班，很害怕很恐惧怎么办？,       一个外地人在北京混真的很难。巨额的房价又没有户口，压力确实很大。         既然选择了回家，就要接受家乡的薪资待遇，虽然国企关系乱了点，但是轻松啊，没有互联网公司那么大的压力，只不过你在那里可能找不到你想要的东西，那不是你想要的工作，你可以先干着，再找找其它工作。
在北京化工大学读研什么感觉？,我是16年毕业生。这个体验跟你老板风格关系极大，有的极其苦逼，手套都买不起，毕业找不到工作。有的又极其潇洒，设备全，有钱任性，随便毕业，工作随便挑。一定要选好自己想跟什么样的老板，毕业后打算做什么。 无论如何，当你毕业离开的那天，你可以问心无愧的说，I did my best.
北京化工大学入学考试考些什么？如何准备？,主要就是两科，英语和综合。 英语是四级的题型，综合考语文数学和逻辑。 英语用来分班，综合如果你不转专业或者不为了奖学金的话没有很重要。 不知道今年安排是怎样的，去年先考两个半小时综合，五分钟之后考两个小时英语。 英语主要背四级词汇，综合要复习的话可以找学长学姐要一下往年的入学考试题目。 目前我了解的情况是这些，希望对你有帮助。
有关北京化工大学公共管理120400专业研究生？,你好  北京化工大学你考了吗
北京化工大学创行怎么样，值得加入吗？, 在创行这个大集体中，你需要牺牲很多时间去学习、去实践。很多人会问我值不值得。在我心里这个答案是肯定的。我在收获友谊的同时学到了不少电脑技术，但我觉得更为重要的是你有相比与同龄人更多的与经济金融等领域的大佬们接触的机会，你会在这之中更为真实地了解这个社会，进而萌生改变社会的想法。而这正是创（新）行（动）的开始。 
北京工业大学和北京化工大学哪个比较好？,你不妨看看这个问题： 如何看待北京化工大学（北区）学生期末无充足座位复习而跑遍昌平城区，到石油政法蹭自习被他校禁止的行为？ - 北京化工大学  由于女票在北工大，因此鄙人每星期至少都要去一次北工大，北工大可以算是第二个母校了，因为实在是去的太多了.. 从刚才那个北化工期末复习无座位的问题下的答案看，北化工貌似挺穷的，校园竟然如此破败，自习教室都不够用..而根据我在北工大的见闻，北工大是很富的（毕竟是北京市直属），教学设施很完善，最大的那个教学楼有中央空调，而且教学楼面积巨大，教室颇多，而且人少，夏季自习非常惬意；两个图书馆条件也还可以，不过老馆貌似没空调？新馆是有的，环境比较优雅；体育馆是作为08年奥运会羽毛球场馆来用的，条件自然不必多说，不过收费也很黑，一小时30，当然奥运馆也用作学校大型活动，例如开学典礼的时候，搞得跟演唱会一样；宿舍自然是带空调的，而且自认为宿舍比清华的强，清华的紫荆公寓远看还行，近看也是坑坑洼洼（最近学校一直在修修补补，我看还是打倒重建吧...）；食堂只去过两个，清真食堂价钱比较良心，不过口味一般，美食园好吃一些，不过比较贵  另外北工大这个暑假正在大兴土木，建新的游泳馆、教学楼，图书馆也要翻修，而且北工大的建设速度非常快，不会像某些学校拖拖拉拉图书馆建个四年建不好，女票的宿舍楼就是“大干特干100天”平地而起建好的，估计年底就都能建好了，到时候工大又是一番面貌了  北工大的地理位置，自认为是比北化工好多了，三四环之间，地铁站直接修道了校门口（14号线北工大西门站），出行非常方便；周边配套设施很齐全，北门出去就是奥莱特购物中心（名字好像记错了），南门右边走几步就到了京客隆超市，再往前几百米就是大地影院，欢乐谷（大型游乐场）、潘家园（古玩杂货，北京风情）、十里河（古玩、花鸟虫鱼文化市场）坐地铁几站就到，周边娱乐设施齐全，一条龙服务- -  学风上，北工大的北京学生占多数，到了双休日都回家了，教学楼、图书馆都比较空荡，学风可见一斑，而且学校管理比较松懈，没有集体自习、没有早读、没有早操（难以理解某些大学竟然会有这些东西搞得跟高中一样），但我个人比较喜欢这样宽松自由的环境；至于学校近年来的进步，不妨看看这个新闻： 工大要闻     总的来说，个人感觉北工大最大的好处就是不差钱，令人印象深刻的是，校庆的时候不像某些学校强制学生参加，而是以利诱之，参加就发50元补助... 北京化工的话，个人不太看好化工专业，而近来比较火爆的计算机，正好是北工大的王牌专业之一..  无聊瞎扯几句，北化工的同学轻喷
北京化工大学考研。。有今年北化考研的本校生么。我想咨询一下国庆物化辅导班的事情，还有专业课复习和导师?,辅导班是内部通知，九月份报名，导师去研究生招生网去看
华东理工大学和北京化工大学比哪个更好？,住宿环境一个上海第一差一个北京第一差
北京化工大学职教部怎么样？,同学，你好！我是一个学化工的本科生，我们在北区，你说的专业是在东区教学，我还真不太了解，我给你一个新生群，那里边有你学的专业的直系学长学姐，你进里边问一问，看看啥情况。北京化工大学16级新生群号码：236899493。
合肥工业大学、北京化工大学、北京工业大学、华南师范大学、上海理工大学选哪一个好？, 泻药，广东省外学校不是很熟，就不误导人了，作为广东省内，既然想学理工科，如果你报了物理，计算机等专业印象华师也就是师范了，你想做研究，好像选它比较一般，而且华师的石牌校区，住宿不要太烂，你选的专业不知道是不是那边，理工科，广东省内的广东工业大学，华南理工大学和深圳大学都是比较突出的，深大很推荐，环境超级好，大城市，氛围好，不过好像分数这几年有点飞涨，作为女生，去了理工科，你会成为国宝的，最后，既然出国，学校嘛，never mind。  
北京化工大学那么差吗？,曾经在北区的时候一宿洗4，5个澡还是睡不着觉，然后校医院才可怕，支气管说正常感冒，然后最后发展到肺积水，我一个同学骨癌，校医院诊断为运动损伤，应该是16年底吧，我这个同学也没撑住去世了。读到研究生了，这都第6个年头了，按理说大多数事情你应该都习惯了吧，但是依然有惊喜有陷阱让你觉得，卧槽，这种傻逼事儿也能干得出来？所以，你要是想知道这些事儿是不是真的，来这个学校体验一下吧，哈哈哈哈，还有说loser 的朋友，衷心祝愿你在接下来的几年里在我化一定不要生病，生病了也一定别让校医院给误诊了，这么优秀的人才，万一大病让校医院耽误了英年早逝，那可真是可惜
山东大三学生，想考北京化工大学的药物化学专业研究生，有哪些可以分享的联系？谢谢?,我是今年刚刚考上北化药学的学生，普通二本考过去的，其实经验就是好好准备一步一步稳扎稳打还是比较好考上的，看到你说药物化学专业，这个应该是细分的方向，大面上应该是要考药学专业，考上之后根据你想跟的导师，或者其他的考虑再确定的方向，目前我知道的就这么多，祝考研成功！
如何评价北京化工大学六号宿舍楼利用广播设备播放网络歌曲等噪音？,完全无视学生权益。痛斥他们
北京化工大学计算机研究生住宿条件怎样？, 四人间，不会去北区，这两年入学的话估计也赶不上南口校区，所以在东区呆着肯定有空调。  两个上下铺，四个袖珍电脑桌，四个小柜子，然后有个小凉台，有个小电扇。  没有独卫，成功摆脱异味困扰，但是早上起来可能面临如厕难问题。  另外宿舍很狭小。 
北京化工大学（211）化工硕士如何进入金融行业？,cfa
北京化工大学生物工程专业怎么样？该专业就业前景怎么样？,工作好找但收入极低，基本需要通过读研读博改变人生，不知道北京化工大学是不是这样子。
选择 兰州大学 还是北京化工大学 ？,有一个很好用的数据，叫ESI学科排名。期末复习时间紧，我就不去找了，题主自己去查查吧。13年兰大化学似乎是220左右，北化280左右，不知道这两年的变化情况，应该还是兰大稍好一些吧 ————————分割线———————— 作为一个北化学生，建议你，别来北化。我们的新校区离市中心两小时车程，而且没有地铁。我们还好，呆一年就走了；而你如果过来，要在那里呆三年  ♂️
长安大学好还是北京化工大学好？,要是问我，我肯定说北京化工大学好啊。 说实话，我报志愿的时候还真没考虑过长安大学。听说过，没考虑过。所以不太了解。 具体还是得看学什么专业吧。 虽然没什么干货，但还是应邀来答，主要是为了放张图。  
北京化工大学博士好毕业吗？,谢邀，我目前还在上研三，不敢说对博士毕业的难度有多详细的了解，只是把自己知道的一些情况和想法写出来，希望能对题主有所帮助。  据我所知，博士是否难毕业一是看研究方向，二是看导师。   首先说研究方向，现在博士毕业要求要有Top，所以我觉研究方向最好是比较热门，易发文章的，不然达不到学校要求就算导师同意也是不能毕业的。如果博士的课题是工业化的项目，那就不容易发文章，或者这个方向已经过时，也是不容易发的。例如生物化工方向中的酶固定化，生物柴油，都是很难发文章的研究方向，因为基本上各种方法和技术都被人研究过了。所以我觉得题主应该先看看自己导师的研究方向，自己查查文献或咨询一些大牛，看看是否容易发表文章。另外如果是直博的话你的硕士研究内容可以写入博士论文，而考博则不行。因此如果题主想直博且不需要更换研究方向，那就可以看看现在的研究方向是否新颖或热门。  完成了学校发文章的要求，剩下的就是和老板的战斗……有些老师会有让博士延期的习惯，所以题主最好先问问你们课题组的博士师兄，是否存在被延期的情况。我们课题组的博士如果不出国交换，则一般延期一年，也就是4年毕业；如果出国交换，则有很大可能要5年才能毕业。所以我觉得是否容易毕业是要看导师的，而不是看学校。还有就是，导师即便承诺你3年毕业，他也可能会在你读博后反悔，当然这不能一概而论，要看你老板的性格了。  最后多说一句，我个人建议题主换个更好的环境读博。总是待在一个地方，会束缚我们的视野，而北化本身就是一个气氛比较压抑，人文气息淡薄的工科院校。当然这只是我的一点肤浅的看法，希望这些能帮助题主做出更好的选择。
北京化工大学教学楼wifi如何使用？,谢邀！居然有如此神奇的问题！目前教学楼wifi有两种，学校网buct和中国电信chinanet。登录buct需要用学生个人账户进行登录(一人一号)，如果不是本校学生的话可能比较麻烦；chinanet和全国其他的chinanet规则一样，使用电信的账户密码登录，如果没有的话可以使用万能的马云买一个临时的，大部分时候网速还是相当不错的。
重庆理工大学和北京石油化工大学哪个好？,北京石油化工大学没听说过，而北京石油化工学院也是一个比五大连池还大的坑
遇上北京化工大学王嘉泽及其父亲是一种怎样的感受？,活久见嘛… 活的长了什么奇葩也能遇见…   －－－－－－－－－－－－－－－－－－－－  人前几天判了  今天收到了追回款  无债一身轻啊  只希望自己以后可以审慎行事  希望她，出来后，可以好好活。
北京化工大学，北京林业大学，东华大学，学计算机，该选哪个？,跟我当年情况一样嘿嘿， 计算机实力而言排序 北化&gt;东华&gt;北林，这个差距也不是太明显，因为都不是本校的优势专业，所以这个时候在这当中选学校，就得看看地理条件啊，硬件资源啊，大学当然不只有学习，你想想这是你要生活四年的地方，住得好吃得好就显得比较重要了  地理位置而言 北林&gt;北化&gt;东华  理由:单论计算机的互联网氛围北京还是比上海好点的 北化是新校区在比昌平更远的南口（感谢评论区更正），位置最好的是北林，在五道口，地铁什么的离中关村也近，其他不说，对于计算机的来说，找实习听讲座跑其他学校玩都是非常方便的，当然你心目中的大学是苦学四年就当我没说23333。  男女比 北林≈东华&gt;北化 东华有两个校区，一个市中心一个郊区，漂亮小姐姐都在市中心的校区，模特班啊艺设啊不说了。。我记得计算机的是在郊区那个校区，额惨不忍睹。北林，3比7，夏天全是腿大学，这别名不是白叫的哈哈哈。  认可度 这个嘛。。。好像都很容易被以为三本  学习氛围 北林一般，北化很不错，听说自习都靠抢。东华不太了解。  学校设施 这个没法说。各有各的 北林面积很小，但是五脏俱全，寝室应该是三个里最好的，阳台电梯空调美滋滋。北化是新校区，都比较新，其他不太了解。东华面积大，大学该有的都有，寝室也不错的。 学校综合实力排名的话还是有点不好说，得看看各专业，每个学校都有自己的优势专业，不能一概而论。 看个人的情况，各有取舍。 你比如学化工类的当然北化，东华之前叫做中国纺织大学，北林的风园和林业类，这些学校都有自己的特色专业，但可能其他专业的实力就一般了，这里的一般也是指211一般的水平，并不是很差的地步。  同理的提到的地大和矿大，石油，就计算机专业而言并无太多明显差距我就不多说了。矿大在北林对面，位置也不错的，北京的石油大学研究生教育比青岛的好，本科还是建议青岛的那个，地大不是很了解。  对了顺便提一句，北京的大学，不算在郊区那些的话除了清北，其他的大学面积都挺小的。 利益相关:北林本科在读 如有纰漏，也是我瞎说的   
如何看待北京化工大学让准新生看《探索化学化工未来世界》这本书，并写读后感？,北京化工大学几乎所有专业和化工都有关系，不管是所谓的“毫无关系”的法学、经管什么的，研究方向都是偏知识产权法、化工的经管之类的，经管院还有化工基础这门课。谭校长本意是想让我们以读北京化工大学而骄傲，但是似乎大部分人并不这么认为的呢。大家还是喜欢综合性大学吧~ 看题主甩上一张图就什么都不说这样的误解性话语，是很嫌弃这本书的，当然也不排除引战的可能。网上黑我化的话语已经不少，再多一些也无所谓。 不过其实不写读后感关系应该不太大，毕竟学校也不会让新生退学，你说是吧。
我是北京化工大学的大一学生，安全工程专业，想考研，考完本校研后请问未来职业有几种选择，利弊如何？,性别男
在北京化工大学听熊金平老师的课是一种怎样的体验？,开口跪。 第一节课，第一句话，第一个字开始就没听清。 后来就不听了，再后来就不去听了。 还好没挂。
我是北京化工大学高分子材料大三学生，想跨考对外经贸大学的金融专业，可行吗？,题主怎么样了，我也是化工 想跨考
北京化工大学怎么样？,本人就是年少无知考了北化的 是211院校 既然是化工大学 比较好的专业就是高分子材料、化学工程与工艺、应用化学等方面 学校也设有文法、经管、信息、机电学院等 国家重点建设项目有17个（貌似是 记得不太清楚）   图为学校操场  另外对于北化的作息时间 一直都深感奇怪 课多的时候早上12:20下课 然后下午（总觉得是中午-_-#）13:00上课 大致就是吃了午饭就可以去上课了 所以呢 一直在犯困与听课之间挣扎 然而睡觉每次都战胜听课 其实学风还不错 期末的时候大家都像狗一样（喔呵呵呵…此处大学生都懂） 学校不大（但是新建了南口的校区 个人认为很偏远） 食堂差评！（难道是我的要求太高了吗） 不过 既来之则安之 建议可以加入社团 但是也可能不太愉快 又或者找到新的发展方向 学校的电子信息工程和通信专业简直无力吐槽（并不是说不好 就是实验仪器设备和化学类的不能比） 此图为EDA实验的成果 哈哈哈 作为一名工科屌 活该撸一辈子     可以参加八院杯  还有运动会 集体趣味项目 还有可以看社体的帅哥美女们的田径类 项目（帅哭！）这些都即将变成大学时代美好的回忆啦  对于即将要毕业的我来说 我只能感谢北化让我遇到了我的五位舍友 对我的四年来的照顾 1.奶哥 实力宿舍长  宿舍环境卫生督导统治者 小小身躯里有自己的大大能量 瘦到极致 喜欢撸猫 动漫迷 总之性格也超好的 很可爱的妹子啦  她和男友带我一起lol  2.萍哥 大吃货 可惜只能吃清真 不过学校清真食堂经历了两三次整改也是很不容易的 哈哈哈哈哈  目标是和她吃遍北京清真餐厅 来日方长 永吃不胖的舍友 3.一姐：明明年纪最小 却是被称姐的 人际交往达人 情商高 爱网购 有固定男友 感情稳定 宿舍里睡眠最好的人 吵不醒的噢 4.小航航：学习一霸 实验室狗 梦想去北航 虽然失败了 但是奋斗过 不后悔 只喜欢比她高的男生 哈哈哈哈 追剧达人 5.郜姐：河南超级大学霸啊 现为公务员 有龙凤胎弟弟 为此我很是羡慕哒 这是一个对自己狠到极致的女人 无fuck可说噢 谢谢各位观众老爷捧场   插播一条广告： 分享杨帆的单曲《六人间demo》  http://  music.163.com/song/4932  41534?userid=279809776       (@网易云音乐) 同班对门宿舍妹子自写自唱的歌 毕业季迟到的节奏 ❤️  最后放个图 祝大家毕业快乐     
如何看待北京理工大学化工学院本科13级被勒令从中关村校区搬回良乡校区？,引用 知乎里面关于为什么北理工在知乎问题这么少的匿名用户相关回答  想知道为什么么？因为这是标准的海淀区北朝鲜。如果看过三体对于那句不要回答记忆犹新的话，那就请一定记住我这句话，不要来北理。因为北理工是个标准的自己堕落还自以为自己紧跟时代的盲人学校。学校唯一能做的就是盖楼，修路，砍树。网络建设，渣，你看看官网就知道领导的审美在什么年代。各学院的网站完全没统一起来，根本是前信息化的学校。发展方向也是什么没前途做什么，你自己在中关村蹲着却完全没有一丝丝的互联网和创业氛围，每个学生都和木雕一样想着户口想着稳定想着航天某所福利好，不怪学生，要怪学校这是什么氛围。北理工最喜欢的就是和北航比，没事还领导层去北航调研调研，调研结果就是大家都很好，领域不同而已。能不掩耳盗铃么？北航学生都说，北航校领导开会都说某些学校自我感觉良好，实则不进则退，说的就是你啊！站在风口上猪也能飞，北航北邮就在互联网风生水起，你以为清华北大不玩这个？湾区的华人码农清华是最大的帮派！呵呵了。不，北理工校长搞信息的就大力发展信息，给自己学院盖个新楼，搞航天的就大力发展航天，也盖。这样只了解自己学科的校长是不是还没从院长的感觉里转换过来？互联网的风口没人管，金融的发展也不管，多学科交叉更是呵呵。真是以为风口随便哪都是啊。先发优势很重要好不好？学科二十年前什么样现在还什么样。who cares?院士已经连续十二年没有了，青年学者也不愿意从海外引进，看看研究的方向，恨不能当个兵工厂。计划经济时代没问题，可是市场经济下你再把自己学校这么当个定制的螺丝钉，逐步丧失科研能力，最后的下场就是彻底泯灭。多说一句，高考学生家长的眼睛是雪亮的，毕竟他们不会把儿女推火坑里对不对，你看看他们对于北航和北理工是怎么选的。再回头看看十几年前，北理工是不是还是比北航强的？什么叫温水煮青蛙？呱呱呱！
上海大学，华东政法，中南大学，北京工业，北京化工怎么选？,对上海学生来说上大就是一本垫底，而且上大一年三个学期，没有强势专业，中外合作班学费贵的要死，特别坑爹。华政的话如果以后想往法学这条路上走的话推荐，但是除了法学其他专业就比较坑。
北京化工大学东校区宿舍条件怎么样？,北化从下半年开始，大一大二大三是在南口镇新校区，当年的某坦克训练基地。 我记得是四人间，上床下桌没有独卫，好像还是没有空调——比北区的六人间上下铺不知道高到哪里去了，但是还是不够。虽然没有空调，但是在郊外，比北校区凉快一点。 但是，新校区进城就麻烦了。距离最近的地铁站还有两三公里大半钟头的路程。倒是有城际小火车，但是……它只在火车站停，到时候还是要倒地铁。 还有就是新校区今年才完成一期工程，难免有这样那样的问题什么的…… 到了东校区，我记得是六人上下铺，但是没有独卫了。空间上大了一点但是没有独卫也导致了许多不方便的地方。我记得好像……有空调。  北区没空调的时候宿舍里真的不能待——晚上睡觉床都是湿热的，睡觉前你不用凉水冲个澡根本睡不下。大二这一年我由于某些原因感觉还没有那么热，而宿舍里那五个早已经热到绿世城网吧去吹空调了。 还有就是期末自习的时候，北区简直…… 移步此问题吧  如何看待北京化工大学（北区）学生期末无充足座位复习而跑遍昌平城区，到石油政法蹭自习被他校禁止的行为？   http://www.  zhihu.com/question/4756  7762?utm_source=qq&amp;utm_medium=social     （分享自知乎网） 东区的话，自习的地方还是比较充足的，但是……现在东区是大四及以上在那儿，大三之前还是在新校区。 ま、これは全部 —————————————————————— 据说新校区有空调   来源见链接。   http://  mp.weixin.qq.com/s/H8ZF  GkeANMHIuvnAy0TYag      
在北京化工大学就读是怎样一种体验(Beijing University of Chemical Technology)？,阶教打扫的老大爷特别可爱，有时候教室只剩下几个人了还会跟你聊几句。  老师上课电池总是不够用，叫同学去换，又可以偷得几分钟闲暇～  上课困了抬头看看第一排的学霸，还是挺有动力的。  可以随便蹭课，大一下蹭过几乎所有物理老师的物理课。可以选个自己喜欢风格的老师，但是学得好坏和老师关系不大。  大屏幕上总是放着过时的信息，还有哪位老师监考不认真了……  都说书报亭卖的东西贵，但是有没有人发现旺仔牛奶卖的比烛光便宜五毛钱  清露园一楼虽然最简陋，但是当季的丝瓜还算不错，凉菜丰富就是贵；冬天食堂里味道都特别重，圣诞节的时候润泽苑的大叔大妈会带上圣诞帽，赶觉萌萌哒！  体育馆和篮球排球网球场场地特别小，上课总是好多人共用一个网球场…体育馆里味道挺大  晚上操场上会有很多跑步的同学，一边是街舞社放着音乐跳舞，一边是哪个乐队在排练最近的歌曲  校医院的医生也有很和蔼的阿姨，我忘带了医疗卡也没计较。就是大病赶紧上大医院不要耽误病情…  实验报告总能占据我们的大部分时间，还有实验室的老师都特别负责。还有实验楼两边的绿化都特别奇怪…那花摆的到底是什么形状…  荷花池夏天非常好看，冬天水抽干了，小鱼们都养在行政楼呢～  图书馆的杂志一般会过时两三个月，书就更别提了，如果要借实体书就去昌平图书馆（虽然书也不多），但杂志更新比图书馆好太多…赶觉大妈没事就查一下哪个位没刷卡就坐上了，哪个位有电脑没人的都搬走（也是处于安全考虑）…  宿舍里有路由器90元包月，现在随便什么时候用电脑玩炉石都不卡。原本一层只有一个洗衣机，现在还多加了一个。宿舍里什么桌子椅子灯管锁坏了就报修，特别效率。不吐槽宿舍小了，之前住过一个阿姨家，她在北京一所211大学读大四，在海淀合租了房子，自己那部分不到十平米，深切体会到了要在北京拼出头得多么艰辛。  洗澡总排队，浴室里昏暗不清，水龙头好多都坏了，上学期还整天堵下水道…  期末那一堆看似在秀北化学风好的其实是在说教学资源太少。起早了就去主教，和一个教室里的人共同奋斗（一直听闻小教室之前不可以占座，期末了又可以占座，四六级完了又是一堆人争来争去太闹腾）；起晚了就去石油，虽然没有空调，但可以不必人挤咯～  在北京机会多多，虽然去市里很花时间。  在北化近两年了，当初来这里的那种不情愿会渐渐淡去，棱角也会被磨的圆润，学会了知足，最怕眼高手低，但不能想着生活还不错就不去追求更好的了。有空去五道口、或者东区看看，那里的气氛要比北区紧张不少～但毕竟这里也是梦开始的地方，我会知道要加倍努力。  以上是我的体验。
本科化学工程与工艺专业，想报考北京化工大学研究生，有哪些可以分享的建议？,关于考研，我想说两句。本人今年刚考上北化，分数不高不低，本科不好复试照样逆袭，所以。   关于初试，我考的物理化学。以下当然也就是关于物化的。先花个百八十块钱去淘宝上买一套资料。又全又省心，考研班可以不报，这个钱必须要花。如果题主实在不想花钱，建议题主加群，北化考研超级群，600多人的大群，里面好多北化研究生和考研的学生，并且资料什么都有。其他什么北化人论坛啊，考研论坛啊，可以看看，但是看了你就会知道，北化人都在做实验没工夫灌水发帖子。然后买本书，北化编的蓝皮书，做个两遍就行了。  关于复试。北化复试还是很重要的，尤其是遇到报考人数较多的年份，复试决定去留。北化复试还是很公平，据我所知，就算本校生也不敢轻视，复试不好照样去下属研究院或直接被刷。其次，北化复试名堂挺多的，笔试有化工原理(物化)，化工热力学，化学反应工程，化工原理实验，化工综合实验。内容比较多但是不难，过一遍就好了。面试也比较专业，我同学考东南面试分分钟，就问问家里几口人。北化面试看分组，有的同学被盘问30分钟也是有的。做好心理准备吧。  差不多就录取了吧应该。
北京化工大学在2012级法学双学位的处理上是否规范？学校的双学位证明是否有用？,学校把钱退回了饭卡。 1.大家损失的时间谁来算； 2.钱退回了饭卡！退回银行卡有那么难？ 3.学校这是赤裸裸的欺骗，难道只退钱就可以？ 综上，北化高层根本不把学生当人，学生只是圈钱的工具，反正你们也搞不起什么大风大浪。 有感兴趣的同学还可以去了解北化之前欺骗某专业同学打疫苗，最后被发现大家被注射的其实是实验药物，大家都当了小白鼠。这都能压下去，一个双学位的欺骗算什么。
如何看待北京理工大学化工教授开设的国学基础课程？, 这个事情，难保说不是受了李和章副校长的影响。李校长在担任主管学生工作的副校长期间，带着全体学生工作人员（团委的，学工处的，还有各学院的辅导员们）读道德经，读论语，然后还让批讲。。。 
有没有北京化工大学能源化学专业的学长分享一下自己的就业经历？,本人11级全国（北化）第一届能源化学工程专业毕业生，现在于中山大学读研。首先要明白，北化在能源化工领域投入还是显而易见的。我们的基础依然是化学工程与工艺，简单的说，就是化工的学的我们都学。特色专业必修，煤化工工艺学，燃料电池与生物质工程。现在来谈谈就业情况，大环境三桶油及其下属单位，比如什么燕山石化之类的，我们那一届一个没有招，不骗人的。各大煤炭集团，比如神华，以及和学校非常友好的唐山港的一些单位，印象中也没有招人。估计经过两次化工厂实习后大几都不会选择去化工厂的。不过，据说我们有同学找关系进入大国企的宁煤的，燕山石化遇到一个学长据说也是找关系进去的，我木屐是不是真的。然后谈谈一般就业，有几个进入了河北的化工厂，我宿舍有一个进入了中芯国际，据说是做电路板电镀液那一块的，有几个卖药去了，三分之一考研去了。有几个做销售的。有几个上海做技术员（实验员）了。 至于本人，就是那个被院级中期检查校级中期检查查重加校辩的11级小屌丝。考研复试被刷了后开始找工作，发现其实做本专业的人很少。尤其是大家都不喜欢化工厂环境。最终是个人大概最多三四个做着与化工相关的行业。至于能源二字，我们注重于含碳能源的培养计划就注定了咱们是煤石油天然气行业。找工作时，学而思，房地产，销售。能找着工作就不错了。
北京化工大学 生物工程中美合作办学靠谱吗？,不知道楼主的这个靠谱是怎么定义的？你是指合作学校是否是教育部认证的学校？还是指去合作的美国院校是否真的能学到东西？ 如果是第一个的话，楼主可以自己去教育部认证的官网上查，如果是第二个，我感觉学不学到东西，自己本身是决定因素。 关于合作院校，我也不是很清楚现在和生院合作的美国院校有哪些，记得有明尼苏达，好像是大四交流一年，好像还有个纽约大学什么分校？3+2，或者4+1？ 楼主可以去找去过的学长学姐了解了解，毕竟他们最清楚。感觉走都柏林的挺多。 楼主想出国的话，考个高分的gre和托福，gpa高些，研究生申请个美国好学校是比学校的合作项目强的，不过可能费用是要高了。
如何看待学生最信任的学校给学生开出的空头支票？（北京化工大学双学位招生欺骗）?,我作为这所学校最近的受骗人，我觉得出来混都是要还的，我会在以后的工作环境中，尽可能抵制所有来自这所学校的生源、合作等等。
