想问一下有没有人知道北京邮电大学电子工程学院忻向军导师组的情况，打算到那里读研。？,谁来谁傻 逼
想考北京邮电大学交互设计的研究生，本科专业网络工程，请问北邮618和821该如何备考？,题主，什么时候考？
我是专a大一学生，读软件技术专业，现在我学校有个北京邮电大学的网络远程升本的教育？,2.5年制的9800不算贵了。学历国家肯定是承认的，这就是法律上承认的。好处还是有的，不排除是否学到东西，比如有些城市会有人才引进计划，落户制度是有学历要求的，其他的好处还有很多。 至于找工作是否有帮助，我的答案是应届毕业生的话几乎没有，等你走了牛逼的工作经验的话，这个最少你是本科毕业。 以上！
我来自一个普通的本科，想考北京邮电大学，需要付出大多的努力？有多难？,不算难。首先短板科目不能有。如果英语比较差，必须狂学。其它科目普遍不会成为过不了线的科目，正常学习就可以了。 数学课程是必须好好学习的，在网上找一些教程看看，对着考试大纲上面的知识点一个一个用力弄清楚。 专业课才是分数最容易产生分数差距的课程，务必要好好学。根据你要报的专业，如果能够找到专业的辅导课程最好，和数学类似，对着考试大纲上面的知识点一个一个用力弄清楚。 政治是相对打酱油的课程，因为大家水平相差不大，到了最后半年努力背之即可。 既然是考试，就要用应试的方式，考试大纲上面的知识点，就是最重要的参考。要做到是知识点的要理解，重chang2点kao3的知识点要非常清楚，不是知识点的看都不用看——时间有限那。  其它建议： 大二大三上学期尽可能的将需要凑学分的课多多选择，赶快修完，降低后期的其它学习任务。 如果预计分数能够过线，多多学习复试时所需的专业课程，提升专业素养。对所报方向的知识要有了解
北京邮电大学今年进入的学生去哪个校区？,2017级，计算机学院大一新生前两年在昌平沙河校区，后两年回到校本部；软件学院的学生前三年在昌平宏福校区，第四年回到校本部。宿舍是4人间，每层都有大水房+卫生间+公共澡堂。沙河校区没有空调，校本部和宏福校区正在准备装空调。
北京邮电大学网研院与西安交大通信工程研究生对比？,不用想，直接北邮，西交差远了，这个方向
如何评价北京邮电大学世纪学院大三学生，创业奇才朱志勇?,一直被模仿，从未被超越 —————————————————    ————————————————— 的大傻逼！！！
想去北京邮电大学，分都够，想本科选个专业性强的，以后想进企业，什么专业好？,计算机吧
北京邮电大学邓中亮教授的TC-OFDM室内3米精度定位系统的突破性究竟有多大？,你的问题事实上应该归纳为两个问题，且是互相独立的两个问题： 1）定位原理特别是TC-OFDM的定位原理是否科学？ 2）是否考邓老师研究组？ 我不太了解，不过可以给些回答这类问题的一般原则： 就第一个问题而言，学术价值评价最靠谱的是同行评议，英文叫peer review，科研工作者在不涉及商业机密或者军事机密又有理论或者工程突破的话，都不会藏着掖着的（可参考清华刘云浩教授的RFID定位在国内获奖情况和在国外顶级期刊和会议发表情况）。所以可以查国内外学术数据库（CNKI，IEEE）该项目组发表TC-OFDM定位原理的论文情况来判断。 第二问题，请查北邮人考研版，或向组内学生请教。
想要报考北京邮电大学~学长学姐们介绍一下呗≧﹏≦?,新生啊？做好就读于河北邮电大学的准备
北京邮电大学的学生是怎么看待他们的方校长的？,方校长，做了一件让很多人不高兴的事。没有这个方校长，还会有另外一个“某校长”做这件事。只不过他成了众多人的一个出气筒。有一句很贴切的话，“历史总是惊人的相似”。好与坏，功与过，都付笑谈中。
如何看待2017年1月2日北京邮电大学跳楼事件？,很幸运我还活着（真的特别特别谢谢你们的鼓励）我是一名北邮的、因重度抑郁办理了休学的本科生。我想仅说一说自己感受到的。   我想我大概能理解那个男孩子一些，虽然我完全不认识他，我知道的那天，很难过，我想着，等我复学了，去那片砖地上为他祷告，或者偷偷放一朵小花。我父母听到的时候，立刻说那个孩子不为父母考虑，说他没有良心，我也曾半开玩笑地说，跳楼干嘛，你可以休学啊，以此掩饰心里的后怕，因为我曾经，也想跳下去过。我对那个男生感到深深的抱歉，他走了，确还被我的家人“吐槽”着。我不知道我的想法对不对，我想说，请不要指责他，克服恐惧从高处一跃而下真的是一件很需要勇气的事情，我曾经坐在高处，虽然心里无比绝望，但我还是害怕的，我不知道要怎样的绝望才能让他做出这个决定，但他一定是非常非常痛苦了，或许他真的为了家人为了朋友坚持了很久呢，请不要指责他。    说实话，我并不是非常爱我的学校，我看着她，她强大但又存在着很多问题。就像很多校友说的那样，我们的新校区设施非常不健全，校园是一个封闭的高中一样的世界，我曾经吐槽说，学校那个小超市还没我高中的大，这些都是确确实实存在的问题，包括教室和辅导员上班，早上要很早就起，赶校车过来，我们有一次期中考试，试卷堵在了路上，我们买生活用品，更多喜欢步行二十多分钟去外面新盖的超市，她就是这样不方便，但所有人都在坚持着。  我的学校，有着外人看不到的另一面，能看到学校为了我们在管理上下了很大功夫，门禁很严，保洁特别干净，无论是路上还是楼里，连草坪里的树叶都收拾得干干净净，拿着电脑出宿舍楼阿姨都会叫我们签字，我想说这些工作人员培训得很认真，很辛苦，而且他们很温柔。我在男寝门口等人的时候，阿姨看我冻得抖，请我进去烤暖气，其实他们才是最冷的人，门口风很大，他们穿着军大衣烤着电暖炉在值班。食堂的饭菜没有本部的那样好吃，比我很多同学的都贵，但食堂给出了食材样本和成本明细，而且工作人员很热情，不会有“抖一抖”的事情发生。不知怎的，我总觉得这些工作人员很辛苦。  接下来是对学生的管理，课程对我来说很难很多，挂科20学分会被留级，30学分会退学，我曾经以为挂那么多分不会很容易，知道我在课表上看见6学分的课，其他回答里提到的当事人的舍友，他们的麻烦会很大，即便是缓考，也会影响保研出国等等。在学生的心理健康方面，我们有辅导员的约谈，心理委员，大班会等等，不一定很有效，但学校也有认真地安排，当辅导员知道我有抑郁症时，陪我聊了很久，帮我和父母沟通，帮我预约了学校心理咨询室，免费，而且咨询师专业且正规，另外我也了解到需要心理咨询的同学很多，几乎爆满。导员和我聊天时，聊起曾经跳楼的一名学生，她当时在我面前哭，我不知道如何安慰她，她告诉我，学校封锁消息是为了避免学生模仿，我有点不赞同学校的做法，因为虽然大家不说，心里还是知道这件事的，与其讳莫如深，不如提醒大家不去模仿，不如告诉大家如何寻求帮助。在休学这件事上，学校查得很严格，导员说是为了防止学生逃避留级等学籍处理，我去办手续的时候，医院的证明原件找不到了，于是我拿了原件照片打印出来，教务处的老师很凶很牛，拒绝办理手续，最后僵持了半天她还是给办了。办理手续的当天，学校收走了我的宿舍钥匙，停了我的一卡通，回沙河的时候，刷不了卡进不去校门，不便解释太多的我只好拿出学生证谎称一卡通丢了，门卫抬起停车杆放我进来，热心的舍友把自己的钥匙借给我，在接下来收拾行李的几天，没有一卡通的我吃饭洗澡都成了问题，还得到了上面领导的“特别关注”，问我什么时候离开学校，那几天心里很难过，有一种被扫地出门的感觉。  为了防止学生跳楼，学校努力了很多，锁了所有的天台，还有一个本部的同学因为救下一个要跳楼的同学而获得保研，有一天半夜，同学发现我有轻生的念头而给保卫处打了电话，保卫处立刻通知领导联系导员来宿舍找我，我很感激他们替我保守秘密，确保我的安全后没有过多监视我。只是有的时候，会觉得学校的做法治标不治本，环境和气氛压抑，学业压力大才是最主要的问题吧。  这样的事情，也许是有人坏，也许是有人错，但那都不是所有人，更不是一所学校，有些导员、老师和校领导真的特别特别温暖，在我生病期间给了我很多帮助和鼓励，我特别特别感激他们！  希望我的校友们，能够更好地保护自己，希望你们的世界永远是阳光更多，希望对的人能继续对下去。希望那位男生的父母能寻求专业帮助，早日走出阴霾天。    ----------------------------------------------------    补充回答，关于北邮学生为什么这么多跳楼，仅为个人观点，我虽然打算考心理咨询师，但我现在学到的还很少。  我身边的同学当中，就有两名抑郁症确诊的患者，一位和我一起办了休学，另一位的情况不太清楚，我还看到我班里同学的说说，描述自己的痛苦，对症状很敏感、久病成医的我，觉得ta至少有抑郁状态。但大多数人都是健康积极的，他们在这里生活得很快乐。只是或许，我猜想，或是生活环境，或是学业压力，导致了一些同学压力比较大，学校花重金在心理咨询上，咨询师专业素养很高，在外面大概300块或者更高每小时，我们校区是约得挺满的，我都是靠导员帮我塞了一个晚饭时间段。  选择了结束自己生命的同学，大概就出在这些同学当中，严重的有抑郁症，轻点的有抑郁状态或者焦虑等等，他们是一群脆弱的孩子，或许有人本身就是抑郁体质，比如我，带着一颗小苗进了北邮，她给我来了一剂农家肥，于是我的小抑郁长大了，越来越无法控制，我才退了学。我猜想，健康的依然健康，但心理不太强大的孩子，或许在北邮的压力下幸福感很低。   研究生和博士生的压力比我们大很多，所以出问题的也多一些。仅从抑郁症和抑郁状态来看，患者多半还有强迫心理，对自己的要求很高，这些尖子生在面对学业问题时会承受更大的压力。   此外，我们是工科院校，不像综合性大学那样丰富，我们好像很枯燥，只有浓浓的学习氛围，再加上环境又不是特别好，学生们的幸福感也会降低很多吧。   锅不能全甩给学校，心理和家庭也有很大的关系，抑郁体质会遗传，成长环境会决定孩子的心理，呼吁家长能了解一下相关知识，用正确的方式沟通交流，咨询师说，你感受到的、正确的、为你所接受的，才是爱。我妈妈当时还不知道我患病，她打电话来说我学习不好把我爸爸气病了，我瞬间就崩溃了，我哭着说，我也病了，告诉她自己有轻生的想法，我妈只给我一句话：别拿死不死的吓唬人，爱死不死，那天晚上，我爬上了顶楼，最终被人抱下来，谢谢你救我下来，不然，她也许会后悔的吧。    其实我听到的其他学校跳楼的也有，公众渠道是看不见的，只有人偶尔在高中群里感叹他们学校有人跳楼了，没有我们这么多，但也还是有的。   假如你无法改变环境，就想办法排解心中的压力，用适合自己的方法。生命中缺了什么，就想办法给自己，比如我小时候缺爱，我现在买了一床的娃娃，和你曾经失去的东西相处一会，然后悼念它，跟它说再见，就放的下了。对自己负责任，好好爱自己，好好活着，如果真的不行，不妨试试心理干预热线，电话另一端的那个专业且温柔的人，或许能拉你回来。    半夜失眠打的，有点迷迷糊糊，如果有错，我明天起来改吧~   ---------------------------------------------------- 谢谢你们的鼓励，几句话让我的世界阳光明媚❤   我是头也不回地拖着行李箱踏出的校门，但是我仍然思念那个地方，虽然它不够好，但是我们住在那里两年，宿舍里那一小块地方，是我们自己的家，请努力给自己幸福。考试加油！     在相册里找到了这个，我贴在女寝楼下了，不知道还在不在，当时收拾行李弄得手忙脚乱，连字也没写好。   --------------------------------------------------- 一定要记得这件事情发生后三个月是模仿的高发期，很遗憾学校知道却选择隐瞒，如果能够提醒同学们那该多好，毕竟大部分人都是知道这件事的。   如果恰好遇到瓶颈的你此时看到了我写的话，请一定想办法排解心中的不快，找朋友或者找线上咨询师都好，线下咨询师价格较高，学校咨询师也放假了，如果需要，找我也是好的，我很想痊愈之后回去当心委，正儿八经负责的那种，期待能够帮到更多人❤   再次谢谢你们的鼓励，我的天今天很蓝。（原谅我把知乎当成了日记本，我会保证自己不跑题）  ----------------------------------------------------- 被系统误伤后回答消失了，失落了一天，重新看到它超！开！心！   信号出分了，希望你们都有理想的成绩！  ---------------------------------------------------- 上次回答消失之后我哭丧着脸说完蛋了，知乎上的好朋友找不到了，我还不知道他们是谁，然后狂戳管理员 现在不经常更新了但是每天都要看看我的回答在不在，评论在不在，你们真的超暖超暖❤  ------------------------------------------------ 放假了回家了 盼着你们和我 都有善解人意的好父母  ------------------------------------------------ 谢谢你们的支持，我最终还是没有撑下去，选择了很极端的方式 药很快，已经在起效了  ~~~~~~~~~~~~~~~~~~~~~~~~~~~~~~~~ 很抱歉事发一个月后才出来解释，非常对不起 事情大概如下图 ~~~~~~~~~~~~~~~~~~~~~~~~~~~~~~~~~ 谢谢大家的关心和理解，全部过程大致如下 去年12月20日，我们就分手了，因为前男友对我一个星期的冷漠，而我对此过度敏感，当时情况恶化到了极点，我一个人在学校孤立无援，被迫选择了休学，开始办手续的时候，一切都无法回头了，虽然在他的努力下我们重新和好，但我没法待在他身边了。每天都在黑暗的深渊里，绝望地哭，然后，暴瘦。   我骂的脏话我打了马赛克  后来我回家了，压力依旧很大，当时家里人对于我的病情不了解，也不怎么支持治疗，后来连续几天发生冲突的情况下，我开始恶化，好几天忘了吃药，开始出现幻觉以及身体上的疼痛，前男友在忙着建模，我怕影响他就没有告诉他，等他结束了回家的时候才跟他透露自己情况不好，他说，他也是。 在我们在一起十个月的那天凌晨，他说 一瞬间我蒙了，我唯一的支柱塌了，在幻觉的促使下吃了五盒安眠药，心里很害怕但是无比坚定，因为他说过“只要你还是我女朋友你就不能死”，然而我不是了，又加上当时父母和奶奶的态度，当真是一点希望都没有，有人说过，抑郁症发病时不是想死，而是不想活着，因为太痛苦。    是妈妈发现的我，当时我已经软得抱不起来，后来我被送去抢救，莫名其妙地在医院里醒了过来，因为药物反应而出现幻觉，整个人情绪激动，为了便于治疗给我打了一次又一次镇定，最终因为意识抗拒而失败，由于一直在挣扎，被三个大夫按着洗胃，妈妈说我跳腾得太厉害，洗胃管拔出来的时候上面都是血，输液管被我拔掉多次，急得爸爸在一边哭。后来我回家了，给前男友打电话闹了很多次，骂了来家里看我的闺蜜，摔烂了手机。。。。这一段写的事是爸妈告诉我的，当时在药物的作用下出现了失忆，很幸运我当时是失忆的，我最丢人、最疼的时候，我不记得。  不知道因为抗拒治疗而抢救失败的我是怎么活过来的，总之我好起来了，只是比较虚弱而已。抑郁也在这次事件后有了很大改善，父母被大夫骂了一顿之后也发现了自己的问题，一起的都变好了，除了没有了男朋友和闺蜜，他们关系变近了，然而他们再也不愿意理我。  对于前男友，他曾经既是病因和恶化的原因，也是我活下去的动力，很遗憾他告诉我，我们再也回不去了，我求了他很多次，但是没有用了。 他不会接受一个病人，我明明知道。     现在情况还不错，复查过了，大夫说可以减药了，如果我好起来，我想去考心理咨询师证，帮助和我一样的孩子❤  再一次谢谢你们！ ~~~~~~~~~~~~~~~~~~~~~~~~~~~~~~ 再更 今天是病友的生日，她和我一样，很瘦很瘦，六十多斤，想到她就很心疼。我们的关系很奇特，超出友谊，又不像亲情，就是那种，随随便便就能懂对方的人，无需言语，甚至连眼神都不需要。 有时候想，她如果是个男孩子，那就好了❤ 闺蜜这种存在似乎极其不稳定，每一次分手都会带走一个闺蜜，闺蜜会跟着前男友走掉。 不把她叫做闺蜜，但会珍惜一辈子。  ~~~~~~~~~~~~~~~~~~~~~~~~~~~~~~ 2017.3.4 渐渐开始痊愈了，总结一下经验，一定一定要远离压力源，不择手段地远离对自己不利的人和事。 减药的过程很辛苦，少了药物的帮助，激素和神经都出现一定波动，身体上的痛苦加重，感觉自己带不动自己，好在情绪上很稳定，随着春天的到来一切都明媚了起来。 离康复不远了，特别特别谢谢你们的支持❤ ~~~~~~~~~~~~~~~~~~~~~~~~ 2017.3.5 由于停药反应而失眠中，由于身体比较弱，下图所示的反应我几乎都有 然而自己异常坦然地承受这些，不沮丧，也不觉得自己可怜，我很奇怪为什么会这样，大概是好起来了吧，康复之后会进入完全不同的世界，陌生而又让人欣喜，并且，幸福感爆棚。  上网定制了足尖鞋，曾经因为不敢而错过的事物，突然有了勇气去尝试。  你不知道，生活有多美好。   ~~~~~~~~~~~~~~~~~~~~~~~~~~~~~~~~~~ 3.6 身边的小伙伴都选在今天处理感情问题是什么情况捏，给人做了一早上咨询，感觉自己成长了好多。还有昨天，给妈妈做了心理疏导，换来了她一夜好梦，开心。 考咨询师挺麻烦，需要学历，还要接受培训至课时满，大概得等一等才能去准备，但这并不影响我学习  无照小司机已上线，愿意用我的经历和我的知识，去帮助每个人。 很高兴我走向了报复社会的相反极端，我曾经不幸，因此，我想让更多的人避开这些❤ 如果能爱，说明你好了。 新班级会接受我当心委吗，如果当了心委，就能有更多机会帮助别人，想一想真是一件高兴的事情，我会早早准备，努力试一试。 这里的三月阳光明媚，你的天，晴了吗  ~~~~~~~~~~~~~~~~~~~~~~~~~~~ 3.8   山寨咨询师这两天工作很顺利，谨遵职业道德，解决不了的案例不接，以免能力不够伤害到他人，严格保守秘密，并且保护好自己，咨询师最重要的是保证自己是干净的，才能洗掉他人心头的阴霾，然后恢复成干干净净的自己，好迎接下一个需要我的人。 远离压力源，一边展开积极的自救一边帮助别人是最好的了，现在基本不吃药了，停药反应严重的时候才吃一顿，世界亮起来了，我爱我身边的一切❤  足尖鞋很快就要到了，提前压脚背，老阿姨要出山了，不晓得还能不能轻盈地站起来。  ~~~~~~~~~~~~~~~~~~~~~~~~ 3.8在微博上安慰到了陌生人，今天给好多宝宝寄了礼物，很开心。 仓鼠在我的努力下和我越来越亲近。 一切都，很幸福，除了停药反应有点难受。 晚安么么哒 ~~~~~~~~~~~~~~~~~~~~~~~~~~~~~~ 3.10 停药真的会不开心啊。。。昨天没睡好今天就不开熏，唉  好的是和我的病友聊得很开心~ 压脚背还好，可是足尖鞋穿久了真的好疼。。。咩有关系，爱的事情无论如何都会坚持下去的 周末快乐啊大家~ ~~~~~~~~~~~~~~~~~~~~~~~~~~~~~~~~ 3.12 听说手抓饼拆了，天呐那我以后下了晚自习吃啥。。。 ~~~~~~~~~~~~~~~~~~~~~~~~~~~~~~~~ 3.13 终于放下了，看见前男友和前闺蜜互动不再郁闷了。。。他们俩。。。唉。。。 以前和他们俩都说过，我不喜欢男朋友和闺蜜走太近，因为以前发生过不好的事情有心病。 我生病的时候男票总找闺蜜，说是为了我的病，但其实一点好的作用都没起，我总逼着自己相信他们是向着我的。这下好了，一趟医院回来，两个人都不要我了 他俩到亲密到不行，就是曾经发誓要一辈子不离开我的两个人。 曾经好难过，即便不爱，也不希望这么狗血的事情发生，毕竟他们曾经都属于我。男票我倒不生气，毕竟他曾经就扔了前女友，然后在我分手的时候趁虚而入，我明白他的性格。然而前闺蜜真是吓到我了，我没有想到她是这样的人。  康复本来就是个接受和成长的过程，慢慢地会按下自己想要报复想要尽快找到新人来代替的想法，安静地看着曾经属于我的人，越过我，让我变相地当红娘。 心理学角度来看这是一种占有心理，但其实不属于我的东西会有怎样的归属，都无需在意。 说出来就会好❤ ~~~~~~~~~~~~~~~~~~~~~~~~~~~~~~~~ 3.16 作为路痴领着一群更路痴的大人在陌生的城市逛 如果旅行能给人不一样的心情的话 在飞机上没事干想了很多 想通了那些曾经让自己痛苦无比的事情，感到怅然若失 过去的可能都过去了，人总喜欢逼着自己不回头，哪怕会后悔 生活很美好，被电视剧甜到看不下去，瞬间想赶紧抓个男票来对他好 想法而已，还是要谨慎，自己要足够优秀 队不队 明天去逛展厅，想做到举止大方，好好帮麻麻谈生意，万一通信学不好的话，得有个比较挣钱的活来养着自己  听说学校WiFi不好，苦了爱打游戏的宝宝了  ～～～～～ 3.26 终于再次拥有手机。。。它折磨了我整整两个月，刚从医院回来的时候情绪波动把它摔了，然后它就一直处于隔两天主板坏一次的节奏，足足让我焦虑了两个月，又毁了我三两天的旅行，不断地提醒我，自己之前错了。  失去了所有照片和聊天记录，明明知道有备份还是没有去恢复，这个手机干干净净，盼着自己也能干干净净的，事故终究成为故事，总有一天，我能笑着讲出那些曾经让自己让家人崩溃哭泣的事情，然后当一个崭新的人。  今天很开心，因为我鼠鼠长胖了❤  ~~~~~~~~~~~~~~~~~~~~~~~~~~~ 4.3 去见了一个曾经动手术的同学，我的同桌  他的改变让我意外而惭愧  总之再也不是那个“屌丝”了  人总是在不经意间变得优秀  或许那是我努力的方向，至少要热爱生活，勤于奋斗  ~~~~~~~~~~~~~~~~~~~~~~~~~~~~~ 4.4 没有网的你们，日子是怎么过的呢 ~~~~~~~~~~~~~~~~~~~~~~~~~~~~ 4.6 哈哈哈看了自己有时候大半夜迷迷糊糊更的内容感觉好好笑 不删~就这么留着，大概这就是我最真实的样子 想记录什么我忘了。。。 大概是最近几天情绪不稳定，有点焦虑 医生说，焦虑的事情要一条一条列下来  负能量已被删除，因为都过去了，不在意了~ ~~~~~~~~~~~~~~ 4.11 遇到了震惊且怒的事情，很棒棒地用自己的方式解决了。 从事发到解决完毕且消失共计44分钟 最终是被好朋友暖到了，虽然没有见过面而我也没有向对方吐槽，只是拿彼此开开玩笑就很开心  舍友收到了我酿的酒，说喝了一点感觉感冒好了一些 很开心啊因为对方喜欢我的作品   当一个暖暖的人，保护好自己以及自己在意的人   然后拼命学东西啦，即便不是专业课也可以   祝愿你们期中考试成绩棒棒！附上大佬一张~ 膜大佬  无烦恼  要开开心心的哈  ~~~~~~~~~~ 4.12 上专业公众号做了测试，结果如下 没有想象中辣么好，但结果不是一切，只是近一周的心理水平，而且不是重度啊，满足，满足  要加油哇要走的路还很长，千万不要回去了  ~~~~~~~~~~~~~~~~ 4.19 粗去嗨一圈就开心辣，速8蛮好看的，我一直以为我不爱看电影，直到遇见IMAX大屏  发现自己很会挑男士衣服，尴尬的是店员一直以为我俩是情侣，在我同学试衣服的时候就不停地给我夸他， 你妹的我们一直是互相损的好咩（为什么没有微博那个摊手的表情）  总之还是很开心哒，万达是吃货的天堂简直  要不要看一眼我的鼠鼠，超萌的 叮叮叮叮！     4.25 好久不来了，因为好忙  在忙传递正能量的事情 有好多和曾经的我一样的人 很需要帮助 我唯一能做的可能就是一点点安抚，因为是陌生人也谈不上长久的陪伴 总之要问心无愧才好 很心疼遇到人渣的他们 会和他们一起祈祷 报应来自于玩火自焚   5.21 看到你们的评论感到特别温暖❤真的特别特别谢谢你们，温暖善良的人一定会很幸福。  一切都稳定，学习，唱歌，跳舞，养仓鼠，玩美拍，养花种菜，出游，联谊，和参加心理团体训练等等都是生活的主要内容。  摆脱了梦魇幻觉和伤心难过，看见了一个很美好的世界，关于治疗，停了之前北京开的药，改吃帕罗西汀，加中药调养，去团体康复治疗是为了见同龄人，毕竟大家都上学了，没有同龄人陪伴，于是我认识了一群休学的学霸。由于目前我的情况最好，郭老师鼓励我去带领他们，能用自己的正能量感染他人，感到好幸福❤  5.24 团体治疗的时候，两个病友发生了冲突，连咨询师也拉不住。这大概是我人生中第一次拉架，比我高两个头的情绪极其不稳定的躁郁症病人，硬是被我扯出了咨询室。 很满意自己帮到别人。  哦对我今天发现自己被前男友删掉了，很突然的事情，不过我们平时也是不会聊天的。  有很高兴的事情，是评论里总会有特别暖的宝宝，你们的一句鼓励会带给我很久的好心情，有时候情绪低落的时候也会过来翻以前的评论，看一会儿就觉得很温暖❤   5.26 凌晨一点钟还醒着，觉得有一点抱歉，我和心理医生做了约定，要早睡早起，可惜今天没有做到，被我养的小仓鼠吵醒了睡不着。  三小只很闹腾，但是你喜欢一样事物就会无条件地原谅它，人是这样，仓鼠也是，所以尽管这些夜行动物有点吵，我还是和它们住一个房间。  总是很莫名其妙，心里会有一种很想爱什么的冲动，像是攒了很多很多，放不下了急着送出去一样，以前我尝试着找男孩子去爱，后来发现犯了很多错误伤到了自己，心理医生认为我那种为了爱去爱的行为属于病态，就是明明那个人没有什么可吸引我的，我却逼着自己去爱他，导致自己在亲密关系中处于被动劣势，不断做出妥协，而我的性格本身是强势的，长期冲突下来引起了心理问题。  明白了这一点之后真心好迷茫，有一种“这尼玛劳资几段恋爱白谈了”的感觉，我从前的路像是完全走错了一样。而这些又和我本身完美主义心态起了冲突。。。不学心理学真心不知道自己以前为什么郁郁不乐，现在才发现原来有这么多的冲突，都是莫名其妙出现的   我现在依然没有改掉那个莫名其妙想爱点什么的毛病，只不过这一次我把重心放在了我的仓鼠身上，蛇精病一样给它们买各种进口用品，各种鼠粮零食，导致我现在连约会的钱都没   什么时候我把重心放在自己身上，一切就正常了，我好像都没有，好好地爱过自己。  咿，晚安   5.26晚 每次打开知乎看到通知上的红点点就很开心哈哈  我的仓鼠要当网红了吼吼，虽然三百多粉丝不算多但是还是蛮开心的~   昨天的静态臀桥打卡~ 今天臀大肌疼了一天  还不是为了长胖，前凸大概不能了那么能后翘也是好的   6.6 好久没来写，最近好忙的说。  去看了神奇女侠，真心很好看 我一直以为自己不爱看电影，其实只是没有选好片而已哈哈  还回顾了初中时候的同学录，那是一段很美好的日子吧，那个时候我还没有展现出任何的心理问题，健健康康，和所有人的关系都很好。那个时候自己可以轻松地拿到很好的名次，能和老师们打成一片，能和男同学愉快地做好朋友而不用刻意保持距离。真的是边哭边看的同学录，因为真的是羡慕当时的自己。  可以说是一次非常有效的自我治疗，我回忆了一些事，分析了当时情绪产生的原因和可能对我造成的后果。之后获得了些许力量，大概是，从前可以，今后也一定可以，我只要做到和从前一样好，我就会很棒了。  大概就是这样。  仍然在努力增肥，因为太瘦并不是一件值得骄傲的事情，我想自己长到至少85斤吧，就像那个第一次看了维密的冬天，我开始疯了一样健身一样 没有人会拒绝美。只是为了高兴而已，看见镜子里好看的自己，会很高兴。  6.7 没有跟风去转任何“高考加油”的东西，高考不是唯一的路所以无需那么紧张，但它的确是一条捷径所以不能轻视。  希望那些决定了想要长久走下去的年轻人能够顺利地考到一起，希望分开的理由是“不爱”而不是“太远”。  ——一个被异地恋折磨过的老阿姨   图为上海演唱会上正在唱wildest dreams 的霉，有一句歌词特别好，Say you'll remember me，standing in the nice dress，staring at the sunset babe. 即将分别的人，希望你记住的永远是我最美好的样子。  7.10 好久不更了，因为觉得答案太长，我自己都懒得看，估计没有太多人会看完。  今天得知有朋友在看我的更新，虽然隐私泄露了很不好意思，但也很高兴，毕竟，有人在关注啊。  最近的情况如下  没有再去团体治疗了，因为自己已经恢复得足够坚强，自己的事情可以自己处理了，不再需要医生的帮助。也没有再去团体里帮助其他患者，因为日渐沉重的学业，重新学了大学课程，既然决定了要回去上学，就要好好的呀，从来不甘心于当一个半吊子学生，从前生病实在是没力气，而现在不同了，所以我可能又要追求完美了，对于我这种懒到家的人，应该会很辛苦吧，毕竟群体里的人都那么优秀。  情绪嘛，很棒很棒，虽然没有病友们传说中“豁然开朗，天空瞬间明媚”的感觉，但的的确确是好了，抑郁状态，很多很多天都不见一次。其实最大的体验是自己独立了，从前一有什么事，我第一个想到的就是去依靠别人，可能和家庭有关吧，高考前的我什么都不用做，也不能做，除了学习，想想自己从幼儿园到高三都是被家里人送着上学，感觉那时候的自己仿佛是个智障障(´•༝•`)以至于我不敢一个人去饭店吃饭，不敢独自去办理银行业务，高度路痴，搬宿舍我很慌，一个人去食堂去教室我很慌，一个人的时候，连外出游玩也办不到，后来严重的时候，作业做不出来我就感觉天塌了…每天对于下一秒发生的事情各种好慌，害怕要一个人面对这些问题，慌到我当时很痛苦还不敢分手，因为分手之后，很多事情就必须我一个人做了，怕到不行的我想拼命待在前男友身边，以至于忘了最初的最初，我和好朋友说，我只有非常非常喜欢一个人才会做他的女朋友，并且要当世界上最好的女朋友。人生中就是有很多次自己打自己的脸。所以前不久的一次大聚会，当我发现自己能独当一面的时候，我特别特别开心，慢慢迷上了一切靠自己的感觉，不再是什么事都喊爸妈喊奶奶找男朋友，父母已经开始老了，我应该变成可以给别人依靠的人。  很开心很满意，废话也很多，很聒噪哈哈哈  至于身体，似乎还是个弱鸡，普通感冒能持续三周，嘴唇上火持续了一个月还没好，上个楼心率能飙到一百六也是够够的。。。抑郁对于人体的内分泌及免疫系统简直是毁灭性摧残。。。俗话说生命在于运动，在身体吃得消的前提下我还是在默默地运动，其实是健身啦，大夏天的一个骷髅穿再好看的衣服也是丑唧唧的，很瘦的人真的很苦逼，没有胸没有臀（我好像暴露了什么。。），而且腿很细的话就会不直了，就像爽妹子的腿一样，膝盖骨那么大一块好突兀，如果能填上肉肉的话，那得有多直溜。。。为了形体我也是巨拼了，高二的那个寒假每天晚上都用绷带绑腿睡觉，半夜疼醒哭唧唧，不过老夫的XO型腿也得到了拯救，那时候有肉也还看得过去，然而现在瘦了又毁了，把空的地方用肉肉补起来简直是一项浩大的工程，然后增肌和开软度就成了日常，酸酸痛痛就是我(ㅍ_ㅍ)  嗯。。。这是一个励志的、抑郁星人置死地而后生的故事  7.13 每次难过的时候，就回来看看自己的回答，告诉自己“你是置死地而后生的人，你比别人更能承受苦难，更能感受爱”  会担心今天这样平静温和的状态仅仅是架空在药物上的，是药物维持着激素水平，才让我产生一切都好的错觉，而压力源虽然少了，确一直都在，会担心自己重新被压力源拉进深渊，并不是每一次都能奇迹般地坚持下来  即便是这样，还是决定要好好努力，在力所能及的领域优秀起来， 不管别人是怎样的，我很喜欢我自己  就这一会儿心情又好了起来  来自一个刚刚发现自己长出了马甲线的人，加油我是最胖的，笑得像个74斤的胖子  7.17 想胖到90斤的时候跑去献血  以前超级怕被针扎，自从生病后动不动各种抽血化验，时间久了也免疫了  所以，如果自己体重正常的话，特别想去献血  7.23 上次忘掉了呢，7.17是第一任男朋友的生日，刷来自星星的你的时候又想起来，因为他以前头发长的时候像女主角的弟弟［偷笑］，安宰贤戏份太少也是好气，来不及看清楚就闪过去了。  谢谢你成为比较美好的回忆  那天和好朋友还在说，我们在一块聊天的主要内容就是互相吐槽彼此的前任以及争论谁是爸爸   记得团体治疗的时候，一个一直不说话的高中生问了一个问题，我总以为她是在装深沉，但其实是很有意思的话题，她说，人为什么要活着？当时所有患者以及咨询老师都展开了天马行空的辩论，而我好像顿时失去了活着的理由，一瞬间想了好多也想不明白，为什么活着，以及数月前为什么死去，当时很怕自己想不通这个问题之后会产生“活着没意思”的想法，那我的后半生真的就煎熬至极了不是  很多天后又想起这个问题，有一句台词说“人类很可怜，明明知道结局是死，还是很努力地活着”   我经常说，XXX真是奇妙的人生体验，终于发现就是这些体验和记忆是我长久以来所积攒和收藏的，也明白自己对于记忆十分看中。当有人问我为什么要和某个人撕破脸断后路的时候，我说，因为我实在太讨厌他了，所以我对他做了最残忍的事情，毁掉他对于我所有美好的记忆，每当回忆起关注我的片段，第一反应是“不幸福”，那么我成功地把你的一些人生片段染成了黑色，转身去别人世界里当天使。实在做不出那些个勾心斗角去报复的事情，这是我唯一能做的吧。  黑暗的我啊  加油咯  能帮助陌生人感到很开心  昨天被陌生人保护感到很温暖  8.5 和一个好朋友聊起他一个月后过生日的事情，对方非说不要礼物，然后我回了这样一段话：  我这一生病，身边人换了好多，好多人不用我再送礼物了，但是有些人，我就想好好给人家把生日过起来   突然泪目，感觉物是人非了，曾经的很多人，很多故事都不在了，想起那个半夜在灯下纯手工给对方做生日礼物的自己，真的，平心而论，我不欠你分毫，问心无愧  人总是很奇怪，当看到别人处在比自己更优的情形下时，不是想着“我要去那里”，而是想着“你也下来吧，和我一起来泥潭里吧”  对不起，我不去，你所在的那个攀比，嫉妒，自卑的世界，我不会去  才明白你曾经说过的羡慕我是什么意思，我为我得到的一切努力的时候你在享受，凭什么觉得我就是那种什么都唾手可得的可憎的人  我想着的是自己很可怜，不要再有人和我一样了，后来明白了你的我在想，你很可怜，我不要和你一样了  虽然身边物是人非了，但留下来的都是真真正正想和我一起的人，感觉很幸福，很感激，以及一点点惶恐：我没有那么好，你们却愿意留下来和我一起，真的谢谢   8.7 买了自己喜欢的长裙，很开心  8.18 有靠谱的好朋友是很幸福的一件事 你一定要永远当我的好朋友  8.21 康复诊断书拿到已经十多天了 好像有没有它都没关系，只是为了办复学手续  心里清清楚楚地知道抑郁已经离我越来越远，还有一些其他细碎的心理问题也在越来越好  对于这些细小的发现心里超级兴奋，像获得了某种超能力一般，迫不及待地想要使用  简单地做下记录(*ฅ́˘ฅ̀*)  对于人际交往的恐惧和焦虑减轻，意味着我不会是一个高冷的宝宝了&lt;(▰˘◡˘▰)&gt;但是对于亲密关系仍然存在排斥，不会轻易把他人放在比较亲密的位置上  沟通能力有所提升，无论是亲友还是陌生人，基本上能顺畅地面对面沟通很久，即便遭到反对也会表达自己的想法  展示自己的能力，这一点超多人没法理解也最让我觉得难堪 就像去KTV唱歌这种简单的事情曾经对于我来说简直像登天，面对他人的时候再熟练的歌也会卡在嗓子里出不来，似乎还要感谢多次陪我去唱歌而从来不嘲笑我的老同桌  独自一个人的能力，会有一种病态的感觉叫做“只要一个人的时候我就觉得所有的目光都在我身上而导致我不能自如地做事情”，比如一个人吃饭，独自等人之类的bulabula ，总之现在有了很大改善， 另外很多事情我能独自承担而不是第一时间想去寻找依靠了，这一点更重要哇，这说明我以后的男朋友会是我真心喜欢的了(๑￣ ̫ ￣๑)  强迫症状的减轻，这一点改变真是太让人幸福了！！！不会洗手洗到脱皮，不会把休息时间都用在清洁上，省了好多消毒水的钱哈哈。还有不再非要买东西用同一个颜色同一个系列之类之类。不再那么疯狂地逼迫自己了，感觉轻松了许多。  躯体症状也基本消失，不会幻视看见小黑人，也不会有莫名的躯体疼痛之类的鬼，突然的心悸和惊恐发作也没有出现过了，惊恐发作真的是最恐怖的东西，明明身体指标没有任何异常但又会出现濒死的感觉，脸色煞白到吓坏爸妈ヽ(`Д´)ﾉ  唯一困扰的是梦境异常，就好像白天的自己已经足够强大，而它只好在梦里攻击我，依然在梦里脆弱到无以复加，会梦见很痛苦很恐惧的事情，几乎每天，以至于早上醒来都是懵逼的。不过没有影响到白天的情绪，只是每天要被吓一吓这样，醒来以后就不记得梦的内容了，依然活力满满୧(﹒︠ᴗ﹒︡)୨  一直觉得自己像被眷顾了一样，是一个很幸运的人，像被什么保护着，所有的伤害最终都会绕开我~~  莫名骄傲，不是所有人都能扛过来，而我可以。对以后的日子充满期待，同时也有面对打击的心理储备。  总之要好好生活嘛~  8.23 三点了还没睡着(ㅍ_ㅍ) 决定活跃在关于抑郁症的各种问题的回答里 以一个快乐的康复者身份 那些搜索这种问题来看答案的人，如果能因为我，获得那么少许的希望 一定是一件很美好的事情   8.24 十二点刚过，写完赶紧碎觉  晚上和妈去了家附近的大学，很喜欢草坪里长出来的蘑菇，喜欢葡萄架和校园里的喵。  如果以后让我在动物园或者农场工作的话我会每天乐疯的   然而工科女还是要先做好工科女的事情，虽然我喜欢的绘画舞蹈bulabula的一切都和高数和代码没有半毛钱关系，但前程也是很重要的 据说本专业将来工资很高哈哈哈 没有辣么喜欢钱，但它依然很重要，这决定了，将来的那个人，无论他经济条件如何，我都能坦然地和他在一起  未来男票！如果你看到了麻烦你感动一下！听到咩！  哈哈哈自恋地去睡觉  8.28 七夕到了 有好朋友陪聊天也很幸福 今天凌晨  我很快乐  很开心   8.29 到北京的第一天 和父母一起 突然疑惑为什么父母会跟过来，我没有邀请他们，他们也不曾问过我，仿佛觉得应该是这样，我们就一起过来了。 抵达的时候心情很好，仿佛到了我自己的城市，和童年，和家庭没有关系的地方，相比于父母，我对这里更熟悉，好像少了很多不安。  然而父亲显得很焦虑，一路上一直在发脾气，父母就一直当着我的面吵架，我带着他们坐地铁，朝回龙观医院去，我需要复学证明。  来了医院才知晓，要有学校的介绍信才能开证明。因为这个事情，母亲和我起了矛盾，她在医院里歇斯底里，破口大骂，问候着我以及我各路亲戚的生殖器官，那时候我只想跑路，她朝着我的背影大声叫喊，让人觉得很窘迫，在精神病院里失控地大叫无疑会引起医生护士的密切关注，他们看着我母亲，像在疑惑要不要给她帮助，之后我提醒她小声一些，似乎和我比起来，她更像病人，她听了之后更生气了，大叫着说“我看哪个大夫敢给你开康复证明，你永远都不可能拿到康复证明” 的确是失落的，无论我有错与否，都很少得到母亲的责骂，每一次，都是我学不出口的、问候生殖器官的破口大骂，仿佛一瞬间，我就成了她的敌人。我并不清楚她为什么不爱我，只记得自己从来没有在母亲怀里撒过娇，从没被溺爱地搂着睡过觉，我想长得比她高，这样就不用直视她的眼睛，她看我的目光，永远是恨恨的，让我想打冷战，回想起小时候她和我说“再盯着我，就把你的眼珠子挖出来”。我很怕她，那种和她独处的时候绝不会把后背对着她的怕。  三个人同行，我像一个局外人，父亲说，他们两刚来不知道情况，所以我要谅解我的母亲。 一路的地铁上，车厢里很安静，只有母亲大声地在和父亲说“现在的孩子都是白眼狼，父母没有打的巴掌社会迟早会打回来”的话题  我很反感他们这样聊天，仿佛整个车厢的人都在猜测我是怎样知道欠巴掌的白眼狼。同时也不清楚要怎样做才能不是白眼狼，我给他们切水果倒洗脚水，他们说“不敢不敢那能劳动你”，给他们买礼物他们说我拿着他们的钱乱挥霍，发微信问候又被指责玩手机，我一直在摸索，可从未找到让他们愉快的方式。  坐在地铁上鼻子很酸，但总不能在公共场合痛哭流涕，然后眨眼睛把眼泪憋回去，坐在地铁上流鼻涕，超囧   大约半个月前，母亲找我聊天，聊起了一个奇奇怪怪的话题，她说，我养你到18岁就没有义务养你了，可你还住着我的房子睡着我的床。我感到羞愧，目前还像寄生虫一样活着，上着大学，花着他们的钱，然后我又想到的我的同学，一样是女孩子，确被爸妈当心肝宝贝一样地爱着，之后我想到了一篇知乎的回答，我说“那我可不可以理解为，你认为按照法律到18岁就不该养着我，同时也按照法律，在你年老的时候，我所给你花的每一分超过国家关于赡养老人法律的钱，也是不该的，我也可以像你今天对我这样，和你说这个问题”，母亲转身离开，叹我没良心，后来，像商人达成交易一样，她认为，多养我两年，日后我多照顾她一些。 寻常家人或许不这样算计，可是我妈妈经商十多年，已经是老商人了。 她总说她和爸爸是相亲结婚，他们之间没有爱情，可在我和妈妈的矛盾上，爸爸永远向着她。  不过她们经常算计经常吵架是真的，也让我有时候有点确定，自己不是爱情的结晶，“大概是个忘带避孕套的产物吧”很伤心的时候会这样想，有时候也会很骄傲，即便这样，我还是活到了20岁，并且因为一场抑郁，重建了自己的思想和灵魂。“我和你们不一样，我会做一个很友善很快乐的人”，看着吵架的他们的时候，会这样想。  躺在床上，看了一部充满爱的电影治愈自己，然后合上电脑，计划着明天如何在一天之内办完所有手续，或许我真的是个不孝的白眼狼，扪心自问，我这样做的目的是赶快搞定一切让他们赶紧回去。  或许过一两天我又会再次忘记这些委屈和不快去爱他们，然后删掉今天的胡言乱语。这样的情景经历过无数次，我一个人，痛苦、委屈、怀疑，最终说服自己，没有父母不爱自己的孩子，他们的出发点是好的，然后重新努力地和他们和睦相处。  20年来，我最喜欢那次吃安眠药后又活过来之后的那一段日子，有在意我感受的爸爸妈妈，他们早上用笑脸迎接我起床，彼此之间说话的语气都那么温柔，也不吵架。  可是，总不能为了得到那样的日子就一次一次寻死，终究要活在现实里，不断尝试，不断改正，保护好自己，也保护好他们。  医生嘱咐我减药，可我没有执行，想坚持到他们回去再减药，好保证自己后期稳定，真的不能复发，我和我的家庭都承担不起。  这学期一定好好努力吧，无论是心理还是学习   8.30关于昨天的记录，今天完全冷静的状态下，我仍然不打算删除，对于父母的评价，符合事实，虽然不愿承认，但它就是这样。虽然很希望这是更年期症状，像人们说的，某个时期的父母就是这个样子，过段日子就会好起来。但20年来，我所感受到的父母，一直持续着这个样子，不知道还要持续多久。 但我仍然会是个孝顺的孩子，不会故意惹他们生气伤心，会做好自己的事情。 外在的事情不能轻易改变我的品性，我希望我是这样。  今天一个人完成了一天的奔波，走了两万多步，站了六趟地铁，磨破了脚后跟。 但不得不说今天真的是很棒的一天  重新做了心理测评，结果显示心理心理状态比医生还健康  自己准备的所有手续都齐全，各工作处的老师也都温柔帮忙 收到了一大包零食，巨喜欢零食的我抱着那一大包简直幸福感爆棚 穿着红裙子在校园里飘啊飘的感觉很好，作为一个正常人融在一所大学里，被认同，很好 碰见了好久不见的同学，获得了大大的拥抱，我很高兴，因为她很喜欢我 回到宾馆看了一部很喜欢的电影 和好朋友聊天逗趣，最后他说，你要一直这么开心我真的很高兴呢  或许我不会每个瞬间都开心，但我会大多数时候都快乐勇敢 我很相信自己，关于一切。以前总心慌慌的不知道该依靠谁，现在总算能自信地自己支撑起自己，关于未来，不知道我会不会有钱有爱情有友谊之类之类，但是我自己很确定我会过得很快乐  快12点了还是觉得自己活力满满，仿佛一身的疲惫不存在一样  噩梦不要再做了，给我一夜安眠吧   8.31 八月的最后一天，知乎的最后一更 喜欢完美的我想要一个全新的九月，所以从明天开始我就不在这个记载着我各种病痛的地方再次记录啦，这个回答让它画上一个美美的句号。  非常非常谢谢鼓励过我的每一个人！我今天的快乐和幸福有你们的功劳~  喜欢看更新的你，可以移步我的微博，全新的微博，还没有想好改什么杀马特名字所以先不公布啦，过两天想好了名字我会写在这里哒   希望每个人都和现在的我一样开心幸福！  See you ~
北京邮电大学计算机专业哪些导师值得推荐？,方滨兴
如何评价北京邮电大学校长乔建永？,只存在表情包里的人物    
急！！软件工程，我是选山西农业大学，还是北京邮电大学世纪学院？, 山西农大千般不好，软件工程是个二本B类，别拿一个三本来比。  我认识的几个农大软件学院的学生现在发展都还不错，软件的党委书记带过我课，管理很有一套。  方向只是上的课略微不同，对你考研影响不大。 
如何看待北京邮电大学将要搬到河北这个新闻？,这是一个错误的政策。高校云集是北京高素发展的一个重要因素，因为高校使北京汇集了全国的优秀青年，失去了高校北京将失去发展动力。另外优秀的高校，和繁荣的北京是一种共生关系。高校离开北京将不再是优秀高校，北京离开高校将不再高速发展。分离了高校的本科生部和研究生部，那请问优秀的老师，拥有校办企业的牛人老师，是离开北京去带本科生，还是离在北京带研究生？本科生教育不重要吗？本科生不该有牛人指导吗？高校迁出北京是一种自杀行为，恐怕是一些人想要卖掉高校所占的地皮。这真是非常短视，不顾社会发展规律的行为，让人联想起上山下乡。
上海大学和北京邮电大学哪个CS专业比较好？,这俩大学都放一个层次上比较了， 题主估计就是上海人
17年想报考北京邮电大学计算机研究生，现在还在上班，我在如何准备?,我也想考，但是发现真的学长太少了，很多都是卖资料的
北京邮电大学计算机研究生复试考什么？, 可以用这个来看看吧： 北邮人论坛-考研专版     感觉还是初试分数高最重要。 
关于北京邮电大学和中南大学的选择？,不了解土木工程，所以我无法回答中南好不好。但是我是北邮通信工程的学生可以回答你关于北邮的事情。   如果你对计算机，互联网，通信感兴趣。且不追求所谓的综合大学，人文气息，等等，以及高质量的宿舍，我觉得可以考虑。  北邮在培养学生核心竞争力——专业知识方面做得很好，在业内声誉很好。业内校友也足够多，影响力也足够。如果你觉得你喜欢互联网，计算机，通信相关专业的话，如果你喜欢沉浸在信息爆炸的校园的话，如果你想接触各种高新科技(非物理，材料等科学)的话，北邮是个不错的选择。  在北邮可以找到很多牛人，可以一起创业，一起参加比赛，一起玩耍。  但是缺点就是:你没有机会感受中南那么大的校园，学校中间有个湖，有一大片荒草地的那种大。你也没有机会和历史，地理，政治等文科生一起交流莎士比亚，喜马拉雅，颜色革命。不过这一切只要你想，都是可以的。北邮有即兴戏剧社，很好玩，来跟我一起玩啊，学表演啊！北京给你提供的是大视野，大信息，这些事湖南长沙无法比较的。对，来北京，就是来看大世界的。  综上所述，北邮可以让你拥有足够的核心竞争力，让你的职业生涯过得更好。给你一个充满信息的环境，给你一个大视野，大眼界。核心竞争力决定一个人的下限，眼界决定一个人的上限。至于其他的风花雪月，儿女情长，文人墨客，需要靠个人，看脸，看个人追求。这点在哪一个学校都一样。  最后，中南校区真是大！！物价真便宜！！欢迎来北邮！
北京邮电大学研究生控制科学与工程好就业吗？就业方向是什么呢？,我不是业内人士不敢妄言，我只知道北邮的计算机通信it相关专业非常好，巅峰时期连鄙校都不敢说比北邮强，相关领域北邮有大量校友，君不见目前教育网内最牛逼的分享站点就是北邮人论坛么...至于控制，我还真不知道属不属于这个范畴……
高考分数够上985，但专业可能一般，是上985还是北京邮电大学？, 能读北邮首选北邮，包你不后悔   说说志愿填报和职业规划的心得  一般来说决定专业（职业）“含金量”有5点  1、学校：同样的专业不同的学校差别是天上地下的  2、地域：同样的专业就业地域不同差别也是天上地下  3、个人综合素质  4、学历 整体来看  学历越高收入越高  5、行业 比如同样学中文的  进互联网行业做编辑和去传统媒体做编辑待遇差别也很大  所以不是选个“好专业”就万事大吉  选学校选专业这事说简单也简单（半小时都不用），说复杂也复杂（可以是一门课）  这个问题和跟很多因素都有关系，就看你看重哪个因素了。一般来说填报志愿最要注意三点，重要程度不分先后，因人而异。  1、城市（地域）：学校所在地城市对视野开阔，提高综合素质，特别是就业和保研有着重要的决定因素。为什么北上广成为就业地首选？为什么北上广部分211甚至一本也比部分外地985录取线还高，不就是地域优势吗。在北上广你可以获取更先进的理念，更广阔的视野，尤其是更多更方便的实习和保研机会。学IT就业地首选北京（其次是深广杭），学金融就业地首选上海（其次是京深）。  2、专业（地域）：如果你以读个好专业为第一目标，那么就不一定把目光放在北上广了。比如吉林大学的车辆工程，电子科技大学的信息工程，西南财经大学的金融学，山东大学的数学等专业都名列前茅，且分数不是太高，可以成为非北上广的选择。  3、毕业后的打算（未来规划）：这个容易被忽略，如果你毕业后考虑保研、出国、考研等，考虑综合类大学，偏远地区的985考研成为选择之一，比如兰大吉大川大等学校，这些学校的保研率和国外的知名度和认可度肯定比录取线超高的上财央财外经贸高很多。当然也要注意专业选择，理学基础类专业出国相对容易（数学 物理 化学 生化等）。如果想本科就业，那就选择专业性学校，比如财经类，工科类（特别是电子信息类）。两财一贸（上财央财外经贸）甚至南审、东财、江财、天财。两电一邮（成电西电北邮）甚至杭电，这类学校目前就业形势不错，起薪也挺高。  特别注意（理性看大学排名）：现在学校排名基本依据综合实力和学术能力等，有时候对部分本科就想就业的同学参考意义不是特别大。比如中南大学、吉林大学、山东大学、四川大学等排名很靠前（10—15），但是录取线却在25—35之间，为什么呢？因为这些学校门类齐全，比如文理法工农医都有，综合实力比较强，因此得分较高。但这些专业很多都是冷门，就业不太有优势，因此录取线不是特别高但排名很高。不过有一点害的还要注意，虽然这些学校录取线不太高，但优势专业录取线却依然很高，比如电气工程录取线为380分（江苏），机械工程可能才359分（江苏），所以不能因为最低录取线而轻视优势专业的录取线。  选专业这事说大可大（可以算是一门学问），说小可小（比如听邻居说谁学了什么专业不错就填了）。个人觉得虽然有那么一点点的运气成分，但如果想把握精确一些还是需要做一些功课的，可以划分步骤。  第一步就是了解有哪些专业（不一定都要了解，可以缩小范围在你感兴趣的范围内查询），这些专业大致学什么，干什么的。这里有个资料讲的有点参考价值。注意区分名字相近但其实差别很大的专业。   【选择专业】大学专业分类详解（非常非常重要！）（已发）     第二步就是确定方向（比如是财经 法学 管理等），确定这个主要依据几个因素  1、 本科是否就业：如果想本科就业，可以考虑实用性比较强的专业，比如会计、车辆工程、电气工程。如果是想深造和出国，可以考虑理学（指基础学科数学 物理等自然科学，大气科学等）这些专业相对来说申请学校容易些。  2、 个人秉性：比如如果热情活泼开放能吃苦可以考虑销售、管理类专业，如果内向，热爱技术可以考虑计算机 软工 电子类专业。女孩一般适合文科类专业，语言类也不错。  3、发展方向：比如将来想进高校研究所等，可以考虑理学类。  第三步了解具体专业（行业）  可以看看类似这种资料（知乎：不同行业的真实工作是怎样的）   不同行业的真实工作是怎样的？ - 调查类问题   我觉得做完这功课可以基本上对专业有个把握了，避免读了大坑专业，或者孩子完全不喜欢的学起来很痛苦还要转专业的专业（转专业也不容易的，不同学校要求不同）  以上为个人见解 仅供参考    更多信息关注公众号“老杨聊志愿填报和职业规划” 
北京邮电大学中外合作与首都医科大学临床专业选择哪个好？,既然兴趣在这里，那当然选择北邮中外合办啊。  你没有详细问具体情况，那我就强调一句我觉得重点的。  首先，北邮目前一共有13个一本学院。“学院”这个概念是北邮内部划分，对外招生是不介绍这个概念的。举个例子。如果你考入了北邮最强的通信工程专业，那么你就是北邮信息与通信工程学院的学生。  中外合办的三个专业属于北邮国际学院。   国际学院是北邮第二大的一本学院，每年招生近700人，人口数量仅次于信通院。  人口规模上就可以说明很多问题了。国际学院教学质量如何、就业质量如何？这些常见的对于中外合办的担忧统统不存在。北邮每年发布年度就业质量报告的时候并没有把国际学院区别对待，如果国际学院有问题，就会影响北邮的总体教学就业质量，北邮就肯定会控制国际学院的规模，不会招这么多学生。  每年给新生答疑的时候就发现很多同学根本不知道自己学院到底是什么规模，以为自己是学校中的小众、少数人口，担心偏见担心歧视，担心这担心那。了解真实情况后都大吃一惊。毕竟高招的时候“北京邮电大学”代码下招生几十上百人，“北京邮电大学（宏福校区）”下可能就几个人，这个确实很误导。要知道“北京邮电大学”代表了12所学院，而宏福校区只代表了1所学院。国际学院的规模其实是相当大的。
如何看待武书连2015年将北京邮电大学排为B等大学？,武大郎的排名也可以看？！
北京邮电大学的计算机研究生和软件研究生有什么区别?,这里我说一下我知道的区别  软院：学费贵一点，招生名额在100左右，报考比例3:1 看官网的数据精彩过线人数小于招生名额，所以。。。相对容易些 考试科目也少  计院：自己对比一下就好，分数在330左右。方向多一点，每年招生300人左右，报考2500左右。
如何评价北京邮电大学《就用电安全与楼管员权责问题的说明》？,挺好的啊，明确了是代管，并非没收  有些事情，为了出了事故免责，必须嘴上说不支持。实际上并没有人管，希望大家不要做熊孩子，在宿舍做点什么不该做的引起火灾，弄得不得不严查，结果大家都不舒服。
我是北京邮电大学的学生，有出国读研的打算，请问去英国读研比在北邮接着读研就业有优势吗？,时代在变，现在指望留学就能怎么样也不太现实，那么为什么还要出国，建议题主可以从以下几点去权衡比较。  首先，英国研究生学制只要一年，你可以通过这种更快捷的方式获得硕士文凭。其次，可以扩大更大的交际面，为以后的创业或者工作提供更多元的观念以及眼界。不一样的思维方式，成长会更快。  那么国内读研又是怎样的状态呢？与出国读研相比，成本肯定是降下来的，安全系数也会更高一些。但是一方面现在国内985，211的研究生也不是那么容易就能能考上，一方面时间成本会很大，三年的时间。你出国一年花费是大，但是你回来的两年可以直接就业工作，那一年的话费是可以弥补起来的。  再或者你直接本科毕业就业，也是一个选择，但是就长期的眼光来看，未来的发展是受到限制的，可塑性会降低。  综上，其实每一条路都有可能，但是主要靠的还在于个人。只是，长远一点看，在家庭经济条件也可以的情况下，能出去看一看，学习更多元的文化，又何乐而不可呢！  希望题主能够找到最适合自己的路
【考研】中央财经大学传媒经济学和北京邮电大学产业经济学那个好？,看你以后想干啥？ 1.从事互联网、运营商相关非技术工作，去北邮。 2.去银行、投行等金融机构，选中财。 去金融相关公司，北邮跟中财没法比，连跟北交比都没资格。
怎样看待北京邮电大学信息与通信工程学院的“英才计划”？, 谢邀，表示还没有看到相关的消息，上教务处网站看了看，发现最近新成立的网络空间安全学院有一条新动态，学院打算从2016级本科生选拔优秀学生组建网络空间安全学院“信息安全 (网络安全方向) 专业实验班”。    看到这一消息还是比较高兴的，因为学校在教学制度上正在不断进行变革，更多地设立这种类似的实验班，对于本科生教育而言应该算是值得赞赏的尝试。  如果真有题主所说的“英才计划”，我觉得对于信通院本科生中真正对通信领域感兴趣的同学而言，还是不错的，更多的选择，更精准的培养方式，都值得学院好好思考一下。 
如何看待北京邮电大学要求大一新生补交书本费？,因保险费涨价，郑州大学一万人补交保险费，so what ？
北京邮电大学北面的那条路为什么叫师大北路？,楼上说的没错
请问北京邮电大学宏福校区国际学院的学习氛围如何？毕业证和本部的一样吗？,听说他们大一宿舍里有玩网游到半夜三更的。
计算机专业考研的话，选择南京大学还是北京邮电大学还是哈尔滨工业大学或者哈工大深研院还是华中科技大学？,别来北邮了
北京邮电大学的数字媒体技术怎么样？,惶恐的谢邀 北邮数技在读本科，开学大二，可能回答问题不全面，力求客观。 1.北邮数技的就业方向其实很多，据老师透露大多做了码农，但还是有一心投入影视行业的人才。上几届有师兄去了皮克斯。所以还是看自己努力的方向。也有去做游戏开发的。数技的课程设置较杂，所以以后的就业要靠自己选定一个方向来钻研。北邮的就业一直很好，所以认真学习不用担心。 2.影视特效方面当然也有涉及，但是个人感觉不是很多，毕竟本专业是从信通院分出来的所以涉及信号方面的更多。但是有相关的专业选修课可选择，有三维动画，影视剪辑等必修课，总而言之，还是要靠自己努力的。这个方向的就业不是很了解。不过读研可以去北影啊就在北邮旁边，小学期听说也会和北影合作。 3.人机交互在北邮好像是工业设计的方向。其他的三个方向是数技的主要发展，但是我们貌似不会专门去分，还是三个方向同步学，自己有侧重就好啦。 4.现在还是有挺多信号的课，但是也不是特别多，其实学好这方面对自己也是有帮助的，因为许多专业课都运用这些知识，个人感觉只要努力学，考试之前好好复习，也不是很难的。  其实数技是一个有意思的专业，在北邮是通信和计算机以及艺术的交叉学科，一句话还是自己努力
华中科技大学与北京邮电大学如何选择？,谢邀。 知乎还第一次接受邀请呢，虽然并不认识也不是关注我的人。(՞•Ꙫ•՞)ﾉ  因为前几天都考试了，今天才有空来答。 其实关于大学，我上的真的也不是什么好大学，就是关于这两所大学去做了一点点的信息整理。  其实关于选学校这种事情，别人也只能给给建议，决定权在于自己啦。  选学校不仅仅是说这个学校好不好，还有要想自己其他很多东西。 比如 1.想学的专业在哪所学校更好。不管是知名度还是就业率或者考研通过率啊什么的（如果要考研的话）。  2.搞清楚想选的学校的专业是直接选好进去还是先选个大类比如电器类然后大二再分细的专业。  3.学校的住宿条件好不好啊。这个不一定很注重，看你是不是很在乎有没有独卫之类的，还有空调也是，一般来说这些比较历史悠久的学校条件可能没有更新到位。  4.这个也看你自己啦。我觉得食堂挺重要的。我们学校食堂不好吃，小吃街又拆了，外卖会腻，所以考试周的时候我好多天没胃口瘦了好多。  5.你毕业后是想回家乡还是在大学所在城市工作。家乡哪种工作更容易找到，比如据说看来北邮的通信之类比华中要好，那你家乡通信以后好就业又喜欢通信的话那可以去北邮。或者想着其他的比如机械可以考虑考虑华中。或者说家乡工作的话其实可以找近一点的学校以方便积累人脉。（反正我家长是这么说的）如果在大学所在地工作的话那就考虑哪里更适合找到工作。或者说容易找到适合自己自己喜欢的工作。 奉劝一句，不要就凭名字决定自己喜不喜欢，去查查要学哪些，就业方向等，可能比你想象的要难很多。  6.和上一条差不多，就是学校的地点，就业啊什么的。还有就是气候美食。华中在武汉，我也不太了解气候，但是知道是火炉城市，冬天好像也有点冷。北京的话秋冬沙尘暴雾霾什么的也要有心理准备。我以前同学冬天就刷屏呀。饮食也是，口味你要想一下适不适合自己。主要是保证你以后上了大学能够适应。 还有哪个城市你更喜欢呀，毕竟四年多甚至更久呢。  7.专业排名前的没那么有名的大学，还是知名大学的并不是那么喜欢的专业，每个人看法不同，自己选吧。  好多都想不起来了，想到会补充。 其实就是不单单选专业学校那么简单。 也可以问问家长意见，决定还是自己决定吧。 还有真的填志愿之前的时间可以逛逛贴吧什么的，了解了解学校和专业。  下面是我查的一点点资料。 想必你可能也查了很多了。    北邮重点学科六个并不说一定不好一点，可能综合性弱一点。    也注意一下别人的答题的时间          总之还有好多啦，看上去就是如果想读通信或者电气类的可以选北邮，其他什么的可以选华中。  别人说的也并不一定对，可能只是他觉得对。 所以有一点自己判断的能力。 考虑一下自己未来的方向。   北邮看来男生多，因为毕竟工科为主，华中因为是综合性大学，女生应该不会太少。你看情况咯，不过大学在一起的以后成功的几率我觉得并不很大。  还有你准备不准备修双专业学位，想的话喜欢的另一个学科在你想进的学校里好不好也要考虑啦，不过我觉得这些学科已经很累了诶，你自己考虑吧，大学里自律超级重要。      两所附近都是大学啦   其实去其他大学玩耍也是很好的，看看能不能溜进去听个讲座什么的，有同学认识或者交到朋友在那里消息更灵通就更好啦。  真的选专业选学校是个技术活，而且有点看运气的。 千万不要拖。 该查的都查，未来的事也可以想想。  我当初其实就是太拖了，也没有考虑太多就到了现在学校。    其实也没有很后悔，一直有那种宿命观观点，这都是命中注定啊。  选的专业有点难，我这种假理工生有点吃不消，但是不怕。       还有选了学校没有后不后悔的事，有决定必有得有失（嗯我姐姐说的至理名言）。选的专业以后觉得找不到好工作都是不会的，真的专业知识和能力才是真正重要的。如果逃课多了，期末兢兢业业，后来找不到工作说什么自己专业不好有什么意思呢。  大学了之后，就好好充实自己吧，也抽空好好玩玩，专业知识不能落下，自己处理好人际关系，总之让自己以后不要后悔就行。  大学啦，没你想的那么容易轻松，但是真的也可以算是自己的人生——启航！  祝你好运。  祝你开心。  手机没电了要充电了嘻嘻。  (◦ˉ ˘ ˉ◦)
厦门大学和北京邮电大学，考哪个学校的数字媒体技术专业的研究生更好？,北邮没怎么了解，但作为计算机领域的强校，专业实力肯定不弱，况且地理位置优越。  厦大去过夏令营，数字媒体技术是依托于软院，人数明显少于软工。师资力量有限，专业水准一般。另外，学院在海韵园，本部边上的一块地。  相比而言，厦大好考，北邮难上难。
iOS设备如何连接北京邮电大学校园网bupt-mobile？,WiFi中连上校园网。 打开safari，输入10.3.8.211手动登录。
在北京邮电大学当学渣是怎样一种体验？,哈哈哈，这个问题我很有资格来回答一下啊，因为游戏而当了四年的学渣。嗯，游戏和小说就是我的一半生命。关于体验嘛，北邮管的还是相当之宽松的，只要实验课都去了，其他课不去都没什么关系，只要你期末考试过了就行。所以平时玩的特别high，一星期只上两天课，期末的时候有这么一句话，“一天一门课，一周一学期”就是这种写照。努努力，抱下佛脚也基本都能过。我今年刚从北邮本科毕业，四年来挂了五六科，有补考过的，有重修过的，还有最后一门是清考过的。大学怎么样完全看你自己，老实说，如果你要考研的话，本科的课程最好学的好一点，如果你一开始就不打算考研的话，那就在保证科目不挂的情况下，把其他学好，我邮很多程序大神可能成绩不是很好，但是代码能力贼强，这种也不影响。可千万别科目没学好，然后又没有一门拿的出手的技术，这样找工作的时候会很惨的。祝好，能不当学渣，就别当学渣，大夏天的，教三的空调多凉快啊！！
宁波诺丁汉大学与北京邮电大学国际学院（宏福校区）两者具有可比性吗？如果有那哪一个更好呢？,宁诺比北邮宏福收分低多了吧
北京邮电大学宏福校区的三个专业如何？他们之间哪个专业更好？, 有人说过物联网专业最好，不知真假。 
北京邮电大学大学王牌专业？,计算机
湖南今年高考630分，想选计算机专业，求问华中科技大学能录上么，或者北京邮电大学！排名2600左右！？, 哈哈 录上了 华中科技大学软件系  
在北京邮电大学 (BUPT) 就读是怎样一番体验？,感谢邀请，作为一个已在北邮待了6年的程序员有话说。以下内容尽量做到理客中，但因本人能力和经历所限，还请看官自行斟酌。  1.学习 没错，大学里最主要的任务就是学习。2008年我开始在计算机学院就读，专业是计算机科学与技术。依稀记得大二大三课程满满，除了CS必修的那几门课，还有颇具北邮特色的通信原理，信号与系统等等，作为一个学酥压力也是颇大，到了期末同学们更是挑灯奋战（e.g. OS考试的前一个晚上一寝室的人复习到早上6点，8点去考试）。大部分的任课老师都是很有水平很负责的，尤以教授基础课程的为甚。总的来说，只要认真上课还是能学到不少东西。  现在回想起来，北邮的课程设置还是有些不合理的，尽管当时已经进行了一些改革，试图在本科阶段的末期引导学生选择专业方向，但由于这些课的先修课程时间占用过多，导致这些专业方向课程往往流于形式，并没有达到良好的效果。  另外一个不得不提到的是当时的算法与数据结构课程，如果现在没有改观的话强烈推荐自行观看MIT算法课视频，水平不知道高到哪里去了。  2012我保研到网络技术研究院，计算机方向。进来之后第一感受就是强手如云，大家水平都很高。在之后的学习过程和工程项目中，竞争和互帮互助的氛围非常好，自身实力增长的也比较快。在北邮日趋下滑的今天，我认为北邮的核心竞争力就是 同学们一代一代传承下来团结精神 。你没看错，要说北邮人在IT领域还稍微有点名头，靠的还真的是秉承着新老传承精神在外打拼的北邮人。每年都有组内的师兄师姐分享经验，内推名企，这个带动和激励作用确实是卓著的。  不好的地方不多说，就一句：导师们赚钱之余多搞搞研究，对学生宽容一点，北邮才会有明天。  2.生活环境 太小，基本上从东头能看到西头，六年一辆自行车也没买过，某种意义上也算交通便利吧。对比南方学校应该算艰苦了，住过学一学二学十三的同学们表示随便换一个地方就是天堂。这两年饭堂和澡堂都有改观。你问我教室？不好意思本科我都是在宿舍自习，研究生了就一头扎到实验室了，大概……还好吧，也是人多资源少的老问题。体育场神马的不太懂啦，游泳馆我还是经常去的，7元一次，大大的良心。  北邮附近吃饭娱乐的地方也不少，丰俭由人，几年下来也算都刷过一遍了，还可以。  总的来说，一旦接受了这种设定，还是可以过的蛮惬意的。当然沙河效果火热开发中，我是享受不到了。  3.同学 都很nice，还没怎么遇到过特别不好相处的人。玩起来都很high，探讨问题时都很严肃。参加过的几次组队比赛队友也都很给力，当然这些都不是重点，重点是男女比例（拍飞  好吧，我想说北邮的妹子们还是很给力的，虽然有男女比例三比一的说法，但我们应该看到的是质量好才是真的好，对吧？  以上。有人赞的话想到点什么再补充吧。
本科计算机，中山大学和北京邮电大学如何选择？, 北邮好太多 
北京邮电大学宏福校区？,补充：以下所有的“本科”，请自动理解为一本。像继续教育学院、世纪学院那些我们向来是无视的。   高考填志愿中的北邮宏福校区是特指北京邮电大学国际学院。国际学院目前包括三个专业：电信工程及管理、电子商务及法律、物联网工程。但是宏福校区不是只有国际学院这三个专业。北京邮电大学宏福校区是北邮位于北京市昌平区的一个校区。因为北邮海淀区本部资源紧张，宏福校区以及2015年新建的沙河校区的定位就是容纳低年级学生，缓解本部的资源紧张问题。除2015级以外，北邮的每一届大一新生都在宏福校区居住学习。从2016年开始，原本常驻宏福校区的国际学院和软件学院也改成了大三大四回本部学习。  我还需要强调一点，也许你在看招生录取资料的时候发现北邮本部招生很多宏福校区招生很少，以为中外合办专业在校园里会是一个特殊的少数群体。事实上完全不是这样，在高招时，北京邮电大学代表的是12所学院，而宏福校区代表的是国际学院一所学院。国际学院每年近700名新生，是全北邮第二大的本科学院，仅次于北邮的招牌信通院。  国际学院是一个规模庞大的学院，人口占北邮本科总人口的近五分之一。因此从规模上就决定了国际学院不会、也无法与其他学院之间有什么特殊的区别。  国际学院是北邮的十三所本科学院之一，不是独立办学机构，因此没有独立的颁布学位证毕业证的资格，因此国际学院的学位证毕业证跟本部是一模一样的。  有图有真相。  传不上图片，贴链接吧。  http://  is.bupt.edu.cn/zyjs/dxg  cjgl.htm        学费六万一年。住宿费一千五一年。生活费多数人两千到五千一个月，上不封顶。
在面试中，考官一直关注于北京邮电大学国际学院和北邮本部的关系 我该如何回答。？,说呗，北京邮电大学国际学院是北京邮电大学下属的一个学院，一本，是北邮与伦敦大学合办，北邮不认，伦敦大学学士呢？
能考上985的学校，选择北京邮电大学是不是浪费了。本人很想学计算机，不知有什么好的建议？,北邮计算机比一些985的计算机强多了……每年去硅谷的很多，计算机方面的校友资源优势大
北京邮电大学和上海财经大学选哪个？,尽量不要选北邮  有能力争取考清华北大浙大中科院上交复旦等等  或者拼一下南大北航华科中科大中大人大  北邮说出去很丢人的。。除了在bat的烂部门抱团（什么前端啦 ios啦），北邮真心没啥好处。
北京邮电大学可以转专业吗？,可以，国际学院只可在本学院内转
北京邮电大学是否缺乏人文气息？为什么北邮在校生认为学校缺乏人文气息？,谢邀。  先上结论：是，但是北邮依然是北京最优秀的专业类大学之一，与众多理工科名校相比，并没有在人文气息方面存在明显差距。  在我眼中，北京邮电大学与很多一流的大学相比，确实缺少很多人文气息。 为什么呢？一定要刨根问底上纲上线地问个为什么，我认为主要原因可以很俗气地概括为：天时、地利与人和。 （篇幅所限，下文只讨论校本部，宏福校区、沙河校区、世纪学院等都是我邮不可分割的一部分）  一、天时 北邮成立于1955年，建校历史在整个“泛学院路”范围内属于比较短的，一街之隔的“北京普通大学”（大误）始建于1902年，相差的53年中可以发生很多事情不是么，历史悠久，自然可以讲的故事就多，可以缅怀的人物也多，无形间让提升整个学校的人文气息。建校早还有一个好处，就像0到1是质变，1到100只是量变一样。北邮和北师之间的街道叫做“杏坛路”，起名源自孔夫子讲学之处。那为什么不叫“鸿雁路”、“通邮路”、“青鸟路”、“传芳路”、“烽火路”、“尺素路”呢，跟北师早早地占住了这片地关系很大吧。北师东门和南门的公交站都以北师命名，北邮西门和南门的公交站都没有北邮的印记。北邮北门外的一条马路，居然叫做“师大北路”，在北邮和北师还是很相爱并没有那么相杀的年头里，有一个老梗，现在可能说的少了，“当年北邮要建校，就是跟北师要来的地，以前这片地都是北师的。”可见一斑。  二、地利 题主可以去百度地图上搜一下北邮的地图。  北邮坐落于北三环以南，学院南路以北，西土城路以东，北师大以西。 学校西面是西土城城墙遗址公园，就是当年元大都的城墙，现在还可以看到700多年前的夯土城墙。墙外的护城河在几十年前是重要的灌溉水源（没有错，好久以前西土城沿线全都是菜地）。1985年后改造成今天的小月河，但是守着这条北京非常重要的水系支流这么多年，鲜有北邮人能说出来这条河叫什么，也很少有人知道西土城有什么历史。一方面归咎于学校人文教育和宣传的缺失，另一方面，是不是确实没什么好宣传的，小河和小土山而已。而燕京八景的蓟门烟树（谢谢@ 田原 指正）现在只剩下一座立交桥，实在难以让人产生美好的遐想。西土城路堪称北京最宽的马路，与马路西边的交流不畅，一定程度影响了北邮的周边的繁荣程度。 南边一直到二环的范围，大都是老小区。西边与央财之间是一个巨大的批发市场，这几年在慢慢改造，室外的农贸市场几年前就拆了，但是依旧是一个毫无吸引力的地段。 北边的地皮分别属于交通运输部（公路、水路研究院等）、家属区和人民教育出版社（没有错，就是那个我们从小学到大的人教社）。 东边就是我们的好朋友好伙伴——北京师范大学。  校园面积较小，一条主干道贯穿南北，一半面积是家属区。校园中标志性的景观不算多，但是质量还都很过硬，一到秋天，全校的银杏树，非常好看。MAAN COFFEE也是北邮非常“人文”的区域，但是却不是北邮自己的“文”。校园小，空地少，负担重，掣肘多，很大程度上影响了北邮变得更加“人文”的进程。  从地缘上讲北邮的位置的确称不上是有什么人文气息，既没有武大的珞珈山，也没有北大的未名湖；校园风格没有清华园的“西洋气”；周边也没有中关村，没有新街口，没有南锣鼓巷，没有CBD。很少有游客来北京还专程或者顺便去北邮逛逛，一方面是因为北邮知名度在北京这个特殊的地方是在排不上，另一方面北邮常年不通地铁也有很大影响（目前北邮附近在建12号线和，未来还有9号线）。我认为这也都或多或少地影响了北邮的人文气息。而从2015年持续至今的“疏解工程”，将北邮周边的流动商贩、小吃违建、穿墙打洞一一清理干净，虽然保证了市容市貌，但是周边商贩餐饮社服数量的减少，确实也让北邮人口中可以讲的故事和可以传播的梗的数量极具减少。  三、人和 北邮是一所理工科院校，一所专业性较强的大学，在校生大多数都是工科、理科专业，在校本部以前只有经济管理学院和人文学院这2个较为“人文”的学院，过去这几年新增加了公共管理学院和数字媒体与设计艺术学院，大大滴提高了我邮的人文气息。 一个学校是否“人文”，我觉得校友的力量不可估量。一方面，大量优秀的校友，给在校生提供了非常多的资源；另一方面，也起到了很好的社会影响力。北邮在国内互联网火速发展之前，大多数毕业生都输送进了通信相关领域，在政界和文化界较为知名的校友少之又少。这部分很容易理解，就不展开了。  四、思考 人文气息这个问题要辩证着看。生活中不是缺少美，而是缺少发现美的眼睛。住在未名湖畔，每天宅在宿舍里打游戏；住在北邮学一宿舍，每天积极参与校园文化活动，对学校每一栋楼，每一片草地，每一个地下防空洞（其实不仅仅是防空洞那么简单），每一个可以把自己拍的美美的地方都了如指掌，熟悉学校的历史和发展。两个相比，哪个更“人文”呢？  一个学校的人文气息有多少，与各级政府赋予对其的定位、学校自身的定位、学校的历史传承、学校的专业设置、学生男女比例、学校的地理位置、学校的气候条件等都有很大关系。 你能说北理工因为交通便利就比北邮拥有更多人文气息么？ 你能说北航有那么巨大的新主楼，比北邮五十年历史的教四楼更人文么？ 你能说中央财经比北邮的面积还小，就没有北邮人文么？ 如果理工科专业就等于缺少人文气息，那清华不人文么？ 每个学校都有自己的风格，不能用同一把尺子去衡量。  北邮的各种艺术团、学生社团、学生组织为我们带来了丰富的校园文化活动、精彩的人文讲座，铸造了北邮自己的人文特征，让每一个从这里毕业的学生都对母校赞不绝口，终生难忘。  评价一个大学的好坏，有很多维度，不能简单的以人文气息是否浓厚来评断。何况“人文”本来就是很主观的概念。校园环境是否优雅，楼宇是否豪华，软硬件设施是否先进，教学质量是否过硬，毕业深造选择是否多样，学习科研压力是否繁中，教职员工是否德才兼备，都是影响学校好与坏的重要因素。希望广大有志于考入北邮的学子，能够问清楚自己最想要的是什么，最看重的是什么，自己是什么类型的人。而不是一味因为“排名”、“就业”、“热门”等标签，选择（不选择）北邮，在自己真的进入（错过）北邮后，才追悔莫及。  不是因为北邮“人文”，我才爱北邮，而是因为我爱北邮，我会让他变得更好。 答主在校7年多，也见证了北邮的人文气息不断提升的过程，随着最后一批80后离开学校，00后开始进入，北邮一定会发生很多改变。未来北邮的样子，由学弟学妹们你们亲手描绘。想看到一个更“人文”的北邮，就从先让自己变得“人文”开始吧，加油。
北京邮电大学和电子科技大学如何选择？,搞ACM去成电啊，每年都有几个本科直接签美国谷歌的。成电是两电一邮中唯一的985，“中国电子类院校的排头兵”。讲真，毕业后你会发现很多时候会卡985牌子，有总比没有强，真正被卡的时候后悔都没地说。华科和成电都是985，也不是C9，就业相当吧。另成电ACM还是很强的，另外两个就没什么优势了。最后看描述，题主也自己做出了选择，就follow your heart吧。
北京邮电大学出版社的《通信原理》是不是一本好教材？,谢邀  @白如冰  。  冰冰老师前一段问我自学通原用什么教材，我给他推荐了北邮的这本，没有推荐樊昌信的。因为樊昌信的书非常适合入门，就是没有接触过通信原理的人阅读；而周炯槃老师的书则讲得很深入，注重数学推导。对于冰冰老师来说当然应该看后者了。  具体地说，北邮的通原是非常特殊的一门课。北邮通信的实力在全国都是数一数二的，《通信原理》这门课是北邮的精品课程之一，而且要学两个学期。如果题主不是通信的学生，其实樊昌信那本就不错了。但如果是通信、电子专业的，还是建议好好研读北邮的那本。   @scorego  知友的答案我基本认同，北邮的教材确实过于注重公式推导。因此如果是新手自学的话，其实可以同时看樊昌信的和周炯槃的，优势互补一下。  最后推荐一个网站： 北邮通信考研复习资料下载--灰虎网    这个网站是专门针对北邮考研的，上边有很多通信原理的资料，包括考研题目和答案、课后题目和答案 以及 期中期末题目和答案。这些资料对学习北邮的《通信原理》是大有裨益的。  利益相关：本科西电，考研北邮，专业课通原。
有了解北京邮电大学的应用经济学专业的吗？就业如何呢？谢谢回答。 ？,在读，但还是不了解，不清楚
二本学校一本专业考研到北京邮电大学会很难么？,既然是考研首先确定自己想考哪方面，通信还是计算机。写代码真的要感兴趣才能做下去。 然后确定自己的专业课，如果基础不好的话最好提前复习。其次尽量参加一些比赛，复试时候老师还会看个人能力的。最后只要努力就会有收获。
北京邮电大学软件工程专硕怎么样？, 单证，好找工作，尤其是去互联网企业。而且不在本部。 
想学传媒，是上海视觉艺术学院好还是北京邮电大学世纪学院好？,谢邀  不过我不太了解北邮那个学院…… 我只能稍微说下上海视觉了  作为一个上海视觉的设计学院的人 我的确不知道传媒怎么样…… 符合传媒的，应该只有新媒体学院的 广播电视编导吧？  但按照资源来讲 学校每年都会有组织人去上海电视节电影节 然后也安排过严宽啊，撒贝宁啊等名人的讲座 我只能看到这么浅显的一角了  不过表演每年的大戏都挺有看头的 （我不太清楚广播电视编导会不会和表演挂钩） （因为舞台美术设计就会和表演挂钩） 要说学校出过什么名人 胡冰卿算吗？  然后就是 学校跟蛮多企业都有联系的 比如smg  好好学习的话 应该在哪里都不错吧  不过学艺术的话 北京那个学校，我可能比较寡闻，我真的没有听说过……  再多一句嘴 上海视觉发展比较好的学院其实是设计学院 其它的我真的不好说…… 毕竟也有人觉得不好……  你要不要看看中传南广？
本人专科学历想自考北京邮电大学的计算机网络本科，难考不，大家给点儿意见？,计算机科学与技术本科毕业，半个自考教材从业员，只能说一句话：用功不傻肯定过，偷奸耍滑死翘翘。
如何看待北京邮电大学未经学生允许在学生不知情情况下擅自闯入学生宿舍翻动学生私人物品检查违章电器并没收？,未经允许进入宿舍检查违禁电器这个行为是有法可依的。 至于擅自翻动需要具体情况具体分析。 这种事情宏福和本部也没少发生，建议在北邮人论坛上搜一下以前学长学姐们声讨的帖子。  你们啊，还得学习一个。
帮朋友问的：北京邮电大学通信工程考研如何复习备考好？,楼上的回答说的很对。 英语政治，考研复习经验贴超级多，这个不用说。 数学一，其实就是多看多总结多做题，注重基础！！！！！！！最最重要！！！！ 专业课很重要，对于想考北邮通信的学弟学妹，推荐一个网站【雪山灰虎】，里面有很多有用的资讯和资料。除了好好复习，信息收集也很重要，北邮人论坛多看看，有考研专栏。
北京邮电大学软件学院专业硕士有老师带吗？, 确实有听人这么说，第一年上课，后面基本没人，可以自己出去实习 
请问各位学长学姐，华中科大比投档分只高了两三分和北京邮电大学专业基本选自己喜欢的，该如何决定？,要我选，必须北邮呀.选大学不仅是选学校，更是很大程度上选择了今后就业和生活的平台. 武汉虽然说还不错，但是比北京还是差多了. 尤其是就你喜欢的这几个专业就业机会来说.
如何看待北京邮电大学疯狂删贴的行为？,不能证明是学校的行为。 此前同类话题下的问题都遭遇过“临时屏蔽”的现象，被误以为是学校做了什么。 事实上可能只是某些“别把知乎当北邮人论坛”、“死者为大”党的举报而已，从始至终都是学生内斗，学校没有参与。 “如何看待「如何看待……」被删除”这类递归问题被删除是非常正常的，对知乎的管理决策有意见应该走正规渠道申诉而非发起一个新问题，这跟学校一点关系都没有。 至于最开始的问题被删除而非像以往一样被屏蔽是不是学校做了什么，那就不清楚了。
我想考北京邮电大学通信专业，有研友报过辅导班吗？辅导班真的可靠有效果吗？, 　　大家报班的最终目的都是为了提高分数，但是有的人报班却比同等水平的考生差很多，究其原因，是考生没按照自己的想法，找到适合自己的辅导班，那些不正规的辅导班不是以提高学生学习效率为目的的最好不要报。其实对于考研的人来说，自我学习能力首先是必须要有的，只有自己学进去了，知道哪里不会，才能通过所报的班来解决，考生报的考研辅导班要找有名师指导，真正引导自己往正确道路去的班级，切不可完全按照别人的思路去报班，复习的时候跟着别人走，分数出来的时候也会达不到自己理想的效果，因此，选适合自己的班是非常重要的。         全年我靠北邮的时候，当初选择的时候也很久也，不知道该怎么选择，也去北京考察了好几家考研辅导机构，最后选择了一家比较适合我自己的，尚考考研辅导班，不管是专业课辅导还是公共课辅导，我觉得都挺适合我自己的 
北京邮电大学的信息工程和通信工程有什么区别？哪个好？,小学期不一样 某些专业课不一样，嗯。。。反正信息工程不用学电磁场
北京邮电大学计算机学院和软件学院哪个实力强一点？,研究生不是学习东西的，是研究东西的，研究过程中需要用什么工具，就学什么工具。 无论计算机院还是软件学院，研究生的日常工作大约就是给老板打工，这个过程中自然会接触和app开发相关的内容，但都不会是你研究生学习任务的核心。 计算机院和软院相比，更偏重算法的理论研究（比如设计一个新的机器学习算法），而软院（我估计）会更偏重于如何将现有算法更有效果地实现在软件系统中。  找工作角度，建议去计算机院，因为以后简历会更好看。至于学多少东西，俩院可能差不了多少——毕竟主要看的是自学能力。
北京邮电大学国际学院值得报考么？学术专业，和整个学院在学校的认可度如何呢？,作为一个在这读了两年的人来说，我觉得一点也不值得。就是作为学校的提款机，学校根本不重视我们。 
北京联合大学通信工程考北京邮电大学的研究生可能性有多大？, 这种东西没有概率一说，你自己实力好，分高那就是100%。你没能力，没人脉，那就是0. 
北京邮电大学近代史考试考的是书本上的内容还是课件上的内容？（老师不按套路出牌……）?,“书上有的我都不讲，我讲的考试都不考”  近代史老师这样告诫我们
如何评价讨论「北京邮电大学信安一组马兆丰博士」的数百个答案被删除?,我想问一下中国人是怎样看待美国留学生的？？？西方和东方文化不一样，不要拿西方的标准来评价东方人！东方是含蓄，西方是直白，我更喜欢东方文化！！！！！
东北电力大学与北京邮电大学选哪个好？,如果你在考虑东电…那就选择东电吧孩子 …… 因为你肯定上不了北邮
2017届北京邮电大学网络技术研究院考研专业课都有哪些？,803计算机有四门，数据结构 计算机组成原理 计算机网络 操作系统
2017考研，北京地区哪个辅导班辅导北京邮电大学比较好，今年考北邮的通信，自己复习太吃力了？,北邮通信专业考研就业特别好，复习吃力的话建议报考新祥旭考研一对一的，哪个效果特别好，我身边有好几个朋友都在那儿辅导的
如果能上北京理工大学，还去北京邮电大学吗？,去吧，给你看看北理的学生 
内蒙古2017届考生，男，省排名959，考虑同济大学，武汉大学，华中科技和北京邮电。去哪个？,内蒙13级考生。全自治区排名1500+多少不记得了。大概1600多? 华科计算机相关专业。报考专业只写了两个(软件工程，计算机科学与技术，拒绝调剂，尽最大发挥分数，补习备选)备选学校：北京邮电，大连理工，华科  报考时候有几个点要说下: 1. 北京有些高校在内蒙因为地理位置原因导致分数偏高性价比不高，同理南方部分高校也存在这种情况，因为地理位置原因分数略低，华科比较典型(个人经验) 2. 校区雷坑，北京地方就那么大，不一定挂个北京的名，校区就一定在北京。例如 北京理工大学良乡校区，北京邮电大学宏福校区，应该是有在那边呆个一两年回市区的，也有呆四年的，具体不清楚。 3. 对本科生而言，而且是想毕业直接工作的人来说，专业排名意义不是特别大。华科计算机还全球11呢(不吹不黑，我不大信）。  如其他人所说，选个985高校总是没错的。 武大华科如果说是工科的话首选华科，题主分数报计算机应该差不多，计算机毕业了工资也不会太少。可以考虑华科，有问题欢迎私信咨询。
东南大学和北京邮电大学研究生该如何选择？本科是学电子通信类。?,真是神烦这种问题。  都读研了，就不能自己找找资料吗？  题主你想去哪里工作啊？北京、天津、上海、杭州、南京？  题主你是想搞学术吗？  题主你有妹子吗？尊重下妹子的意见？  题主你家里有钱吗？不妨考虑下出国？考虑下北京上海的房价？  题主你有心仪的导师和感兴趣的研究方向吗？你确定那些好老师愿意要你吗？  题主你知道在通信领域中，北邮和东大分别的强项是什么吗？  不用总想搞个大新闻，把我北邮批判一番。
如何看待北京邮电大学2014年毕业生就业质量年度报告？,我邮学生何时懒得回复这类问题，外校同学何时不再问这类问题，我邮就真正强大了。
北京邮电大学是一所怎样的学校？,北邮是一个优势和劣势都非常突出的学校。虽然学校专攻民用，有没有特别悠久的历史，没资格评上985，导致过去很多年的发展一直受限。近几年搭上了互联网的快车，通信和计科两个专业排名一直保持在前列，毕业生在BAT等互联网公司中占据了半壁江山这个说法一点儿都不过分。我们都戏称百度是北邮人的实习基地，研一的时候，我们班有机会出去实习的，没去过百度的，屈指可数。选学校不仅仅是选了一张毕业证，更是选择了一整套学校文化和校友资源，未来进入社会时候身上贴着的第一个符号。985固然牛，但是未来985和211的概念将越来越弱化，高效考核的方式也发生变化，科研能力、区位优势和就业能力永远是衡量一个高校好坏的重要指标。如果未来想在计科这条路上走下去，无论是出国还是去清华读研，北邮人都是非常受欢迎的。  另外说一句题外话，计科这个专业，放眼全世界，都是一个很靠自学的专业，说实在的，教师和教材在这个专业中起到的作用并没有那么大，入门了之后，你最后的高度，取决于你的意念、努力程度和在写代码上花的时间。从这个角度上看，我觉得第一梯队的各个学校，在计科专业的教学上，很难拉开太大的差距，主要还是学校之间的教学风气和培养理念不同，北邮很注重动手实践能力，计科专业有大量的实验课，需要自己动手写代码，而且北邮学习氛围比较浓，到了周末，所有的自习室里全是在学习的人。  如果你不是很在乎社会实践，学生工作，想把精力主要放在科研上，那其实校园的大小和人文素养，影响就没有那么大了。住宿条件吧，有2栋老宿舍楼，是8人间，确实比较艰苦，还有3栋新宿舍楼，环境比较好，其它的楼都只能说一般。北京寸土寸金，在四环以内的校园都没有面积太大的。  每年北邮计科都有保研和考研去清华的，我本科同学就有几个，这个离现在太远了，可以以后慢慢再聊。  ---- 2017-02-24 更新 北邮校本部从寒假开始安装空调，目前已完成大部分宿舍的“打洞”工程。  从这几年北邮毕业生的就业情况可以看到，北邮人择业选择越来越多样，所进入的行业或领域越来越广泛，每年都有大量毕业生进入金融行业从事前后台岗位，进入科研院所，进入政府、事业单位，大型跨国企业等。未来，更加优质的校友资源，也会让北邮这个有着“传帮带”优良传统的学校的竞争力更加强大。
北京邮电大学和北京邮电大学宏福校区有什么区别，为什么宏福校区低那么多分？,一楼不懂别乱说 除了北京特殊情况我不说 果园是正儿八经的一本 我在山东省比一本高了八十分 果园钱的确多 但那是因为全英文授课并且保你双学位 民院就不说啥了 分的确低 就是个预科班
北京林业大学 北京邮电大学 中国农业大学这三所大学的经济，商学差别大吗？,不知道你是哪个地方的考生呀，如果是北林的话，我觉得经管学院学经济挺不错的，从去年开始选专业分大类了，比如工商管理类，不过像会计学，金融学，国际管理与贸易的话还是单独的专业。我现在大二，觉得还是挺不错的。 北邮的话，对于我们这里的考生来说，要比北林好一点，我当时分数不够没有选。至于它的经济类专业怎么样我也不是很清楚，你可以再问问其他学长学姐。农大和北林的区别在于，农大是985，北林是211，农大在北林隔壁，感觉差不多。 以上是我的一点理解，不知道能不能帮到你。
北京邮电大学有没有校花？,有女生，就一定有；有男生，也可以有。
如何评价北京邮电大学15级计算机组成原理的期末考试？,后面的指令和浮点神坑
如何看待北京邮电大学近期学生连续频繁跳楼自杀？,作为北邮的文科生，讨厌北邮不是一天两天了，首先呢，学校气氛很差劲这是不争的事实，比较压抑，包括社团什么的，北邮是一个典型的没有乐趣的学校，工科生们苦逼着脸，头发都能挤出油水，。  另外还一种感觉就是感觉工科生们心智或者说智商不成熟，经常在寝室能听到一批工科生们那种无法表达的笑声，回荡在过道里，就是感觉笑的很傻逼，我觉得这都是典型的工科生代表。   还一个事更不能忍！！开车的时候有别车现象，在北邮我经常遇到别 人 的现象，我走路比较慢，经常有长得跟学霸一样的人匆匆从我斜后方超越我，我总是被迫停下脚步，不然我就会踩到他。开车的朋友都知道一辆车从你后方突然超车变道，会让你很不爽。后来我发现我遇到这种别 人的情况，后来遇到这种人加快速度一脚踩上去，妈的傻逼  北邮领导不把生命当回事哎，这只能说领导们见多识广，什么大风大浪没见过，你跳楼你也上不了头条，也就只能默默的死了，而且死的一点价值没有，你的死对学校造成不了任何影响，我改变不了什么，北邮是个理性的学校，看看学校学生麻木的表情你就知道这不是一个充满人文关怀的学校 ，北师也不好，人大 北大 北科 学校氛围很好，从学生脸上都能看出来。  顺便说句，当初是我选的北邮，不是北邮选的我，什么母校情分
北京邮电大学计算机就业好是不是人口基数大的结果？,题主可以适当解释下问这些问题的目的是什么。  光就题主的三个问题来看，答案全部都是：是。
北京邮电大学附近有什么好吃的饭馆啊？,不知道你说的是哪个校区啊。我现在在宏福校区，只能说从校门口前马路走出去的十字路口那，阳坊胜利涮羊肉不错。
上海大学，华东师范大学，华南理工大学，北京邮电大学，北京交通大学的全日制mba哪个学校的好，求教 ？,个人认为属于985的华理。  另外如果是IT圈，华理和北邮。校友很广。
文科生适合报考北京邮电大学吗?,北邮的文科专业包括人文院各专业和经管院的公共事业管理及国贸专业（论坛资料可能不全，讲道理应该还有马研院的内容）。 前者，人文院在整个北邮属于比较边缘化的院系，不建议作为主要目标报考；后者，这个专业以后干啥我不太清楚，所以不多评价，不过经管院本身还是属于北邮比较看重的院系，应该坑不会太大。  整体来看，不建议文科生报考北邮。 或者说，如果不打算当程序员，就别考北邮了……
北京邮电大学的计算机学院的研究生和网络技术研究院的研究生有什么区别啊？还有组又是什么意思啊？,计院和网研院的区别，，大概就是网研更侧重网络应用吧，， 至于几组，就看研究方向前面的编号就行了，，    比如网研5组，，就是05吧目测
重点大学下面的三本是什么概念如北京邮电世纪学院等 如果上这类怎么样 大学证书是如何写的呢 谢谢你们？,就是民办学校，毕业证会写完整校名，比如“北京邮电世纪学院”就会写“北京邮电世纪学院”，有公章的。
北京邮电大学互联网+新电商到底怎样？, 还可以吧，能在北京这样的大城市上学环境不一样，就业空间也大点;在北邮这样的好的大学读书学习氛围要比其它大学好的多;这个专业有个很大的特点就是学的课程都是实用的到社会上能用的上;还有管理要严的多，宿舍被子每天都要和豆腐块一样、上课有军人教官看管。最好的就是可以节省时间，两年就可以把四年的专业课学完了，后两年可以拿到工资积累经验了;我的一个亲戚去年从这毕业，工资还可以每月8K左右，但听说今年的招生名额少了，也不知是什么情况，而且录取要求严了，除了分数以外还要面试看综合能力什么的，具体我也不太清楚，你能不能被录录上看运气了... 
作为北京邮电大学王红熳老师的学生是一种什么样的体验？,那感觉并不好。
想保研到北京邮电大学，给北邮的几个老师都发了邮件却没收到回信，是不是因为老师不想收？？,还没开学。有的学生我的确不想收。
北京邮电大学的电子科学与技术怎么样？,参见 教育部学位中心2012学科评估结果公布    1、实力：北邮排名第九（这个已经退步了，07年时教育部评估北邮这个一级学科第一，12年这次降到了第九，但是和电子紧密相关的信息与通信学科又回到了第一的位置）。（当然，如果是武书连之类的民间排名，那我估计很难见到北邮） 2、就业前景：多是去IT和互联网企业，还有一大部分去了银行的iT部门（挺辛苦的，其实搞it都差不多），当然，还有传统的：去运营商。 3、薪资：这个我不说了，再说就太俗了，以前北邮总喊“三高”，非常不喜欢这种现实主义风格。。。  
北京邮电大学宏福校区值得报考吗？,1，电子商务与法律专业，会用英文学习英国法，听说论文作业有点头疼  2，出国和考研是两种选择，这么高的学位算是给了你比较晚做选择的机会，同样来说我们班也有考研保研的同学，透露一下国院很好保研的。  3，英方学位的用处应该是英国学校的通行证吧，因为是罗素联盟的学校，在萨里这种学校可以免语言，二等一学位可以申请G5之外的学校，一等估计可以申G5吧。。  4，30万数目不小，建议和家里讨论讨论，以后如果确定国内的话，斟酌一下，这事情外人不好给你建议的  5，本部的和国院交集不多，也没有歧视。至于内部炫富，我所知道的炫富的人后来都很后悔，因为总有更牛的人，所以还好啦其实，国院的男孩子很少有斤斤计较的人，所以一个宿舍也不太讲究谁的谁的。
如何评价北京邮电大学教授杨义先教授的文章《量子的安全笑话》，量子通信真的绝对安全吗，或如文章叙述一般？,首先，量子通信有两个不同概念，一个是量子密钥分发，一个是量子隐形传态。  量子密钥分发仍然遵守经典密码学的原理，通过分发私钥来实现加密和解密： 比如A要加密传输一个文件给B，首先通信系统产生一个密码作为“私钥”发送给他们俩，然后A用这个密码来加密文件，把加密后的文件传输给B，B再用同样的密码来解密。 这个过程的危险在于如果有监听者C同时获得了A发出的加密后的文件和分发时的私钥，C就能自己解密文件。  量子密钥分发，顾名思义就是这个分发途径是量子的，产生私钥后必须直接送达通信双方，这个过程中任何外界监听都必然会扰乱私钥状态，从而导致通信双方发现监听的存在并抛弃这个私钥。  这个扰乱状态是物理定律层面的 ，就像在引力场中的一个物块不受别的力作用的情况下必定自由落体一样，不是光纤插接困难之类的技术问题。 这也是中科大潘建伟团队的卫星使用的方法。  量子隐形传态是个诡异得多的方法，在此只简述原理。看的时候请提醒自己，这个过程是被实验验证的，没有实验的话这种现象简直诡异得令人完全不能相信。 假设我们要从地球到月球传输一个量子态A，也就是一个粒子目前的状态是A。地球的发送方持有A和B粒子，月球的接收方持有C粒子，并且B和C处于纠缠态。 现在地球的发送方对A和B构成的整体进行一次测量，得到“A和B的整体状态”（从 A和B的整体状态中是不可能还原出A单独的状态 的）（这一 测量后，A、B、C的状态都和测量前不再一样 了）； 然后地球方面把这个“A和B的整体状态”通过经典通信方式发送给月球（由于不能从整体中还原出A单独的状态，这个信息即使被窃听也对窃听者毫无意义）； 月球方面通过接受到的“A和B的整体状态”，可以得出一种独特的变换方法，将这个方法用在C上，C就会“变成”测量前的A，或者说C的状态将是测量前的A的状态的完美复制品。  这样就实现了从地球将A的状态信息传递给月球。要窃听这样的系统，在目前物理理论允许的情况下只有一种可能：完全控制发送端和接收端。这个完全控制不只是安插间谍偷出信息什么的，因为你就算拿到了完整的“A和B的整体状态”，如果没有曾经与B纠缠的那个粒子C，你也不可能还原出A原本的状态。  名词解释完毕，接下来是文章评价：这篇文章是从密码学的角度出发的，但是作者似乎不太明白量子通信的分类和原理，因此出现了一些基本谬误，比如认为不确定性原理和“难以在光纤上插入窃听设备”是同一等级的技术问题，精良的技术可以解决。实际上，即便是抛弃所有现实限制的理想实验也不能绕开不确定性原理。
如何看待北京邮电大学半年内出现五起学生自杀事件？,生无可恋，你们知道这种感觉吗？我不知道我是谁，为谁而活，该怎样活。 人到底为谁活着？为学校，不能辱没了北邮的名声；为导师，实验室的项目必须如期完成；为家长，好好学习考大学找好工作娶媳妇；为社会，交税买房争当人赢。 在这里，人为别人而活。 为别人学习，为别人做项目，为别人找工作，为别人高大上。付出，是我自己，压力，疲惫，无奈，别人都一样，怎么就你不行，为了看起来正常，不得不咬牙坚持；收获，大部分给了别人。北邮又一个BATer，导师又一个劳动力，家长又一个好儿子，社会又一个好良民。 我是一个孩子，一个学生，一个员工，一个丈夫，一个父亲，我是一切唯独不是一个人！ 人是独立的，人是有区别的，人是有感情的，人是为自己而活的。 在这个可怕的地方，我们不像人，像是某种巨大的，黏糊糊的共生体，一个家庭，一个团体就这样互相依赖互相撕扯着生存。每个人都想得到，没有人喜欢付出。我们用责任，用期望，用“大多数”，用“爱”，用“道德”，用你习以为常的方式来实现温柔的捆绑，你好像得到了很多，直到你发现自己和他们不同，却无法离开。你想挣扎，发现长期依赖别人，四肢已经退化。你想离开，发现外面风大雨急，自己无力抵抗。这是他们的默默纵容和你的无知堕落共同的结果。 在这里，想要离开，或者伤痕累累，或者鱼死网破。 有时候，我想让你们明白，我爱你们，但我不想成为你们，也不想用你们的方式生活。你们的幸福不是我的幸福，我们是不同的人，有不同的路。 自杀与否并不重要，重要的是让我们都好好活着，不要把生命浪费在互相折磨上。 相濡以沫，不如相忘于江湖。 江湖再见。 安息。   2015年12月25日增加（就当是一个树洞吧，妄言太长，请随意。）  本人北邮本硕，在北邮待了已六年有余，最近也面临着毕业找工作等等，对于北邮自杀事件一直有些感慨，自己也曾想过自杀。既然问题是如何看待，我就从跳楼者的角度给大家讲讲。 以前主战场一直是主楼天井，一年也就一两个，我们还戏言本科生都不好意思去主楼，只有研究生和博士才有资格跳。今年一个学期五人自杀，校园各处都有，走过新科研楼，走过教三，走过学十，走过学五，处处皆是愁云惨雾，怎一个压抑了得。 我不知道自己是不是有抑郁症，曾去过学八的心理辅导找老师聊天，有的老师陪聊，听你说上一个小时；有的老师，尤其是中老年女性老师，直接开骂，骂我一无是处，对不起父母，我抗压能力太弱，和别人不一样，就是我的错；有的老师，说我有自杀倾向必须向学校报告备案，请我理解。面对陪聊和上报的老师，我苦笑；面对骂我的老师，新旧委屈劈头盖脸的涌来，我当时嚎啕大哭，仍然盖不住她的骂声。 有好多次刀架在手上，漆黑的夜里我盯着刀很久很久，我知道只要一下刀，我就会一直切，最后一步，到底走不走。这样的次数多了，我害怕了，把刀藏起来，怕有一次忍不住就真切了，有很长一段时间，一个人的时候我从来不碰刀，不从楼上往下张望。后来有一次晚上，我跑到了主楼的楼顶，顺着楼梯走上去。上面的楼梯间没有灯，很黑。每一步我都走的很慢，激动，害怕，悲愤等等情绪让我精神很紧张，再过几步就到最上面那扇门。我很害怕，但还是坚持往上走，突然漆黑寂静的楼梯间爆发疯狂捶门的声音，巨大，响个不停。我觉得我心跳被吓停了，但觉得可能是有人要自杀，或者是以前跳楼死掉的人魂魄在显灵，我想去救他，即使是已经死了，去听听他要说什么，完成他最后的愿望也是好的。继续往上走，我已经准备好了看到任何东西，没想到走到能看清门，我才发现在惊心动魄的响声中，门一直纹丝不动，一个人都没有。我的面前只有死一样的门，和震耳欲聋的咣咣声。那一刻我被恐惧压倒了，转身狂奔下楼。后来白天又上去看了，发现门是锁住的。那一天，可能是冬天风太大，吹得门巨响，也可能是某种天意。顶楼不能跳楼，所以我在楼里走了一圈，发现如果要跳，就要从走廊的窗户旁边跳到天井里，也就是说，任意楼层，任意窗户，可能有人像我一样探头，向下张望，天井里好多次染满了血，狭窄阴暗的几平米，升起过好多绝望的灵魂。站在窗前，我很平静。 自杀的人为什么想自杀，可能就是觉得没意思吧。活不成别人或是自己想要的样子，能力不够，命运不足。不得不说，在现实中我是个loser，就是那种烂泥糊不上墙的角色。控制不住自己，没有足够的勇气和力气去做事。我也有过很多激烈的情绪，不过最后都变成了无奈。好像面对一种宿命，自杀可以是对宿命的顺从：既然我做不到，只好一死了之；也可以是最后的抗争：想让我随波逐流顺从的活着，给别人增添幸福，我偏不让你如意，我要用一死来诅咒所有人。别的自杀的人是怎么想的我也不知道，但我理解，我明白那种感觉，我希望活着的人放过他，也希望他已经放过了自己。 当然我也理解活人的情绪。且不论生命或者责任到底归谁，自杀是对活人利益的剥夺。金钱和情感投资了二十多年，突然退市了，谁不心疼呢？至于路人，更像是遭受了强迫的精神污染，好好地突然冒出来一桩事提醒你，原来人是会死的，原来并不是每个人都想活着，这件事让人恐慌，让人思考，这样可太败兴了。类似于《祝福》里，鲁四爷说祥林嫂死的不是时候，是个谬种。 我为什么会发出上面那些感慨呢？作为一个loser，是活的不开心，才把所有罪过和责任推出去吗？你要是愿意这样以为也随你的便。我的实际意思是我们本可以让活人更开心一点，让死人更少一点，像是屎坑里的蛆一样拱来拱去，死了是坨屎，活着是条蛆，成功了，不过是只苍蝇，为什么致力于让所有人变成苍蝇，而不是允许屎坑、大树、草丛甚至沙漠同时存在呢？现在的实际情况是，只有太脆弱的蛆虫，没有太肮脏的屎坑。在这种大坏境之下，我也不知道我自己是蛆还是什么别的虫子，坑中之败，是主观还是客观呢？ 空中的苍蝇啊蝴蝶啊，你们很努力，你们很坚强，我是不如的，希望你们永远保持狭隘谢谢。 你以为活人和死人之间是天差地别吗？并不是，自杀的人没死之前，就和你我现在一样，一样工作，一样吃饭的。从某种角度来说，空中飘着许多生机勃勃的死人，地上走着许多死气沉沉的活人。一个不小心，哎呦，他就真的死了。一个小时之前还开玩笑呢，现在就变成尸体，变成一堆肉，和你在肉摊子上看到的东西变成同类。人生无常吗？不是，他的死并不是从那一刻开始的，死不是一个瞬间，而是一个过程，这个过程可能被结束，也可能继续下去直到真死了。看看你身边的路人，他们身上有沉默的火山等待爆发。 死生亦大矣，这是大事，但和道德没关系。你说阴极和阳极哪个好，哪个不好？夏虫不可语冰，毕竟咱们还都活着，谁也说不好死的事情。能确定的就是自杀的人是经历了对他来说不可承受的东西。导师、家长、学校这些，都是生命中矛盾的一部分而已，怪谁？这个锅谁都不想背，哪怕死人都不愿意，怪谁谁都有委屈。好多事情也是一样，想一样，说一样，听一样，做一样，结果一样。世事难料，且行且珍惜喽。死的活的，大家开心就好。  自杀这个锅，到底谁来背，不好说。学校导师做多做少，也没个标准答案。这件事不管谁对谁错，自己的命终究是没了。作为一个想过自杀问题的人，我是觉得生死之间的界限并没有那么清晰，一个念头，一个动作，就死了，反而是长期的思想压力更痛苦一些。压力来自于哪里，说不清，就是觉得总是被逼着奔忙。不能不动，好像在湍急的河里逆流而上，一点力气都不出，直接耍赖不玩了，会被冲到各种石头上撞死；如果你想往边上走或者站那不动，就会被同侪落下，四面八方的水流向你涌来，问你为什么不随同向前；你要是随着往前走吧，费劲，而且不知道自己在干什么，到底要走哪去。我猜啊，好多人其实都没想过自己要什么，也没那个能力想这种问题，当然也包括我。如果你碰巧又有些毛病，比如懒啊，蠢啊之类的，或者是运气不好，遇到了坎，就会活的比较难过了。 这也是我认为的主要问题：信念问题。假如人有个坚定的信念，哪会因为什么导师啊项目的自杀。好些事情，是自己没想明白，或者刚好没想开。没有信念，又是谁的错？孩子可不是天生就带着成熟的价值观的，怪家庭还是社会？他爸妈还不知道怪谁呢？社会就是个整体，锅甩给社会也没有鸟用。所以这东西就变成无解了。综上呢，我倾向于认为人各有命，都宽容一点，宽容的看待自己、他人和命运。当然了，谁要是想明白了，就是要去砍让他活不下去的导师我也没意见。生命自由嘛。 唉，删删改改，增增补补的，干脆再说点立场方面的话吧。屁股决定脑袋，这话不假。发言之前，不妨先想想自己为什么会这么想，为什么会有人想法和你不一样呢？杨义先教授是导师，自杀者的处境他是没法想象的，有学生自杀就是给他找麻烦添堵，包括各位领导们，自杀事件对他们更多的是一个需要解决的麻烦，而不是生命诚可贵这种虚无缥缈的东西。学生是自己过得也很艰难但不想死，现在看到有人死了，悲伤、鄙视、恐惧等等看个人心境了，仔细想想你为什么会有这种情绪，也许会是个发现自我的机会呢。至于我呢，我是兔死狐悲，物伤其类，五十步笑百步罢啦。我既不会拿死人来激励警示自己，也不是事不关己高高挂起。我感同身受的觉得悲凉和绝望。人和影虽然隔着镜子，却本为一体，形影相吊而已，有些活人，是死者在人间煎熬的倒影；死者，是有些活人在地狱残缺的替身 现在的状况，颇有些以前把尸体吊在城头，以警示活人别轻举妄动的意思呢。各路人马纷纷扰扰，不知道逝者会不会被打扰。我也是借着尸体自说自话的虚伪家伙。不就是怕死，活又活不好么，也许纠结就是本质吧。今日雾霾大作，易于隐藏，魂兮归来，呜呼哀哉，伏惟尚飨。
北京邮电大学 在信通院康桂霞组读研怎么样？, 首先你确定你喜欢这个实验室的方向？实验室里面那些数据挖掘啊，大数据啊那些专业都是给博士的，硕士的话方向并不是很好哎，而且方向是不可以自己选的，老师让你做什么就做什么~~另外，如果你是男生的话，千万别来，因为你很可能分到小灰楼张NB那里做纯通信，不但学不到东西，还会经常加班哦。。所以我给你的建议就是，报考的话还是不要来这个组了~~ 
北京邮电大学专项招生初审要求高吗？,有希望，哪怕是自主招生，也会有一些没多少奖项的人被录取，更何况这个农村专项呢。  大胆试，别怂，许多事情的竞争其实都没有想象中的那么激烈。
为什么会有人从清华大学保研到北京邮电大学？,这太正常了，很多研究是要看专业看导师的，甭管你是清华还是北大，想学太极拳就得上武当，一个道理
北京邮电大学互联网+新电商是个怎样的专业？, 本来不想认真的。毕竟高考分低的人被坑蒙拐骗也跟我没关系。对于这些同学来说拿一个“北邮”的成人教育文凭也许也是很划算的事情。  但是看到某两位“继续教育学院”的公关在这么一个只有两个回答没人点赞的问题下居然还玩举报折叠、删评论关评论这种小手段，不想忍了，呵呵，既然您在这么一个没人气的问题下也这么认真，那我也认真回答一下。  被折叠的答案的折叠原因是“需要详细阐述”，好好好，我就来详细阐述一番。     不扒不知道，我原本以为这个互联网+新电商项目确实是北邮继续教育学院搞出来的，今天一扒才发现，这个项目 根本就跟继续教育学院无关 ！完完全全是一个打着北邮的旗号，实际跟北邮完全无关的骗钱项目！     反驳匿名水军的回答  1、“有这个专业，北邮官网可查”  首先我们都知道招生专业的名字可不是能够由哪个学校决定的而是由教育部决定的。  教育部官方的查询平台在这里：  http://  gk.chsi.com.cn/zyjs/col  lectzymc.do        你能查得到这个所谓的互联网+新电商专业吗？？？         搜索“互联网”三个字搜不到任何信息，搜“新电商”也搜不到，搜“电商”还是搜不到，只有“电子商务”能搜到“电子商务”专业和“电子商务及法律”专业。  其中“电子商务及法律”专业是北邮开设的专业，这个是中外合办专业，高考分数线只比北邮普通专业低20分左右，仍在600分以上，学费六万一年，正常的四年学制。跟这个互联网+新电商完全不是一码事。     所以这个专业 根本不存在 ！我一直强调这是一个项目项目，项目不是专业，项目名字起了这么一个名字，最后发的毕业证学位证上写的专业名肯定是另一个。你拿上面那个网站的搜索结果去质问“继续教育学院的老师”的时候，估计他们也会这么说。     接下来我们来验证“北邮官网可查”。首先我们要明确北邮官网的域名是什么：北邮官网有且只有一个域名：  http://  bupt.edu.cn      。注意最后的.  http://  edu.cn      ，这个后缀不仅代表了正规性，还代表了国际的认可。举个例子，拥有@  http://  xxx.edu.cn      邮箱的学生和教师可以免费获取Autodesk家的AutoCAD等产品、JetBrains家的全套IDE、微软DreamSpark上的Embedded版操作系统等等，这些都是原价几千美金的东西，对拥有edu邮箱的学生免费开放。  北邮官网有且只有  http://  bupt.edu.cn      一个域名，任何不是这个域名的网站，都不是北邮的网站。举个例子，北京邮电大学世纪学院的官网是  http://www.  ccbupt.cn      。这个所谓的北京邮电大学世纪学院，是一个独立学院，不是北邮的二级学院，和北邮是完完全全的两个学校，之所以名字里带北邮，是源自一些历史遗留问题，你拿了这个学校的文凭，招聘的时候用人单位不会把你当北邮的学生看待的。北邮的二级学院，一定有  http://  bupt.edu.cn      的域名，比如信息与通信工程学院：  http://  sice.bupt.edu.cn      ，北邮继续教育学院：  http://  sce.bupt.edu.cn      ，等等等等。      （北邮二级学院列表）     那么北邮官网能不能查到这个专业的招生信息？  北邮本科生招生办的网址：  http://  zsb.bupt.edu.cn      。在这个网站中，你搜不到任何跟这个互联网+新电商有关的信息，包括新闻通知、招生政策、招生计划、历年分数、学校概况、专业介绍等栏目，统统没有这个项目的信息。  当然，“继续教育学院的老师”可以狡辩说这是“计划外招生”，所以招生办网站里没有。  针对这个狡辩，招生办网站上还有这么一条通知：         （  http://  zsb.bupt.edu.cn/content  /content.php?p=2_2_646       ）     重要的内容再强调一遍：  另外，我校在此向广大考生及家长郑重声明： 1、我校不委托任何个人及中介机构进行招生，也没有任何与招生录取挂钩的收费行为。我校录取的学生必须参加高考，同时达到我校在当地的最低录取分数线，通过考生所在省、市、自治区招生办公室办理录取手续， 不存在任何形式的“提前招生”、“计划外招生”和“内部招生” 。 2、我校本科招生章程、招生计划、录取结果等通知或信息，均在我校本科招生网上公布。我校招生办公室电话及前往各省招生宣传人员在宣传期间使用的联系电话（截止到7月27日），均可通过我校本科招生网查询。凡不是我校本科招生网上所列电话、邮箱，均与我校无关，请考生及家长提高警惕，防止上当受骗。 我校招生办公室电话：010-62282045 传真：010-62283407 电子邮箱：zsb@bupt.edu.cn 北京邮电大学官方网址：  http://www.  bupt.edu.cn       北京邮电大学本科招生网官方网址：  http://  zsb.bupt.edu.cn                          如果你还有侥幸心理，那我们再来：  百度搜索“新电商 site:bupt.edu.cn”、“互联网+ site:bupt.edu.cn”等关键字。  其中"site:  http://  bupt.edu.cn      "是指只显示这个域名下的搜索结果。  搜索结果中，跟互联网+新电商有关的只有这么一条：         然而很遗憾点进去之后是一片空白：         文章早就被删了。     这也是我最开始以为它真的是继续教育学院的项目的原因，因为我确实在北邮宏福校区见到过继续教育学院的互联网+新电商项目的宣传。然而了解了继续教育学院的本质之后我发现，继续教育学院其实是一个提供培训内容和服务的学院，主要业务是给企业员工提供培训服务，并不面向学生，也不会颁发毕业证学位证。现在，显然是这个互联网+新电商项目被别有用心的人利用、挂羊头卖狗肉打着这个项目的旗号骗钱，逼不得已只得在官网删除这个项目的一切相关信息。      继续教育学院的“学院简介”里明确强调了提供 非学历教育服务。   在继续教育学院官网，也有这么一条公告：      再次强调了 非学历 、 不面向应届高中毕业生招生 、 不享受计划内本科学生待遇 。继教院的项目只有HND是面向高中应届毕业生的，然而这个项目是拿国外合作院校学历的，拿不到北邮的毕业证学位证。至于这个“国外合作院校”是什么级别……呵呵。国外的好学校跟北邮展开的合作办学，属于北邮的国际学院旗下，不属于继续教育学院。     如果你还有侥幸心理，或者“继续教育学院”的老师又狡辩称这个项目的信息全在北邮内网，没有被百度搜索引擎收录。那么我再给你最后一击：   北邮内网信息门户，网址是  http://  my.bupt.edu.cn      ，只有在北邮校园局域网内网才能进入这个网站。任何学院的通知公告，全都会发布在这个网站中。         搜索互联网+，搜到一堆比赛和讲座。         搜索新电商，结果一片空白。     如果这样还能说北邮官网在某个我不知道的地方隐藏了互联网+新电商项目的信息，那我真是无话可说了。     结论： 没有这个专业，北邮官网查不到。      2、“假期可以去学校亲自考察”、“发北邮的学生证、一卡通、吃住在北邮”、“上课在北邮、老师也是北邮的”。  其实反驳了上一点之后结论已经很明确了。我也有点累了懒得写太多，这一点就长话短说吧。  吃住在北邮，没错，上课在北邮，也没错。  这个项目确实是在北京邮电大学宏福校区展开（至少曾经的 真项目是 的，这个打着继教旗号的 假项目不知道是不是 ）。  但是，北京邮电大学宏福校区不只有北邮的人。北京电影学院成人教育的人、北京化工不知道哪个学院的人、北海艺术学院某专业的人、还有某个名为星干线的艺术培训学校的人，他们都在北邮宏福校区。在宏福食堂吃饭、在宏福学生宿舍楼里住，在宏福的属于北邮的教学楼里上课。难道他们还能从艺术生变成工科生了？  自从2015年北邮新校区沙河校区启用以来，宏福校区人口减少了三千人。这三千人的空缺怎么补？学校就把宿舍楼教学楼租给了一些其他学校和培训机构。 只是单纯的出租而已。在这个校区生活完全不能说明任何权威性。 有人问了难道你出租的时候不验证一下对方的真实性？央视给霸王防脱打广告的时候也没验证过这玩意到底防脱发还是促脱发啊。     更何况在这个校区学习有什么好的？你周围都是高考600多分进来的人，他们知道你是低分学生之后，怎么看你？会不会有歧视？哪怕人家修养好不表现出来，心里也会有这种想法吧。我看还不如读个三本读个专科，大家考分都那么低，谁都别看不起谁。     3、一些闲话。  百度搜了一下之后发现了这个项目的“官网”和一个宣传视频。  官网：  http://www.  buptin.com      ，我上面说过了，不是  http://  bupt.edu.cn      的网站，绝对不是北邮的网站。  如果这个项目真的是真的，那为什么不把这些信息放在北邮的真正的官网上，反倒要单独注册一个新域名开一个单独的网站来宣传？  这网站明显就是随便抓了一点新闻就拼拼凑凑出来的。右侧悬浮的“在线咨询”按钮看着都像卖假药的好吗。真是搞不懂做网站的人怎么想的。  随便点开一个页面就发现了明显的疏漏，比如“师资团队”页面里汪晓春的信息居然重复了两遍。  汪晓春也是北邮数媒院很著名的教授了，你们这样盗用人家的信息，还把人家重复了两遍，是要把老人家气哭吗？  （更正：汪晓春不老。）     视频  http://  v.qq.com/x/page/c0370ry  1o6k.html        看完我算是明白那天操场上假模假式穿西服跑圈的人是干啥的了。摆拍也不要违背常识好吗？  看视频里拍的地方，上课的地点目测是小扇和东教室……  这是宏福校区的地图，我用绿色标出来的最右边那一排低矮的建筑就是东教室了……  这地方我们一般不去，学生社团开会实在找不到教室的时候才去那里。         在学校这么边缘的位置上课，你真的能认同你确实在这个学校里上课么………………………… 
本人农村户口，刚考上北京邮电大学通信专业研究生，求问是否应该迁户口？毕业想留北京。,应该要迁过来吧 我知道的一个本科同学就是因为户口在老家结果接收单位解决不了北京户口 本来这个单位是可以解决北京户口的
北京邮电大学公共管理行政管理考研复习方法，复习经验？,  北京邮电大学公共管理专业考研权威参考用书以及解析    初试参考用书：   1、《行政管理学》（第四版）夏书章主编，高等教育出版社、中山大学出版社，2008年版  2、郑航生：《社会学概论新修》（精编版），中国人民大学出版社，2009年版。（为主）  3、张成福、党秀云：《公共管理学》（修订版），中国人民大学出版社，2007年 1月版。（为主）  4、《公共管理导论》，欧文·休斯，中国人民大学出版社  5、《公共管理学》， 李国正，广西师范大学出版社，2015年。（对十八大以来热点有详细总结）  6、《公共政策分析》，李国正，广西师范大学出版社 2015年。（对十八大以来热点有详细总结）   2017年专业一615公共管理理论考试大纲和2016年大纲相比较，17年大纲第二部分去掉了16年公共管理导论部分，换成了公共经济学部分，删掉的部分同学们可以不用复习了，  公共经济学这块推荐参考曼昆的《经济学原理》和黄恒学的《公共经济学》。专业二819公共管理专业综合新增加了政治学部分，参考书可以参考景跃进的《政治学原理》。    复试  笔试  参考  用  书：   徐双敏，《公共事业管理概论》第一版，北京大学出版社；  冯静，《公共政策学》第一版，北京大学出版社  育明教育赵老师解析：  1、北邮作为一所理工类院校，行政管理专业本身的考试难度并不是很大，大家应该抓住重点，有针对性的进行复习.北邮的参考书相对来讲不多，但是读通读精，还是有一定难度的。参考书是理论知识建立所需的载体，如何高效的研读参考书、建立参考书框架，如何从参考书中遴选出重点章节常考的考点，如何灵活运用参考书中的知识内容来答题，是考生复习的第一阶段最需完成的任务。 咨询右上角个人介绍中育明教育赵老师叩叩，有精美课程赠送。  2、北邮行管算是题型比较多的，题目灵活度也大，但是从这几年育明教育辅导情况看，学生专业课拿高分很容易，就业也不错，一般邮电电信口做行政或者人力工作较多。  3、2017年考试大纲发生一定的变化， 615公共管理理论新增加了公共经济学部分，参考书推荐黄恒学的《公共经济学》和曼昆的《经济学原理》，819公共管理专业综合新增加了政治学部分，参考书推荐景跃进的《政治学原理》。 参考书有其自身的理论体系框架，虽然侧重点不同，但就知识体系而言，一般要以张成福的《公共管理学》和夏书章的《行政管理学》以及黄恒学的《公共经济学》为复习重点。基本上70%的试题来自于这三本书，理清他们的脉络，这对你后期的重点背诵和答题有莫大的好处。  4关于休斯的《公共管理导论》，我们只需掌握新公共管理学发展阶段的几个代表人物和这个阶段的主要思想以及公共行政和公共管理学发展阶段的比较，这几个问题就足够了，这本书一般不会直接出题。  5、关于郑杭生《社会学概论新修》，每年都会有一道或者两道论述题，所以，这本书是值得看的。有个技巧是，以前考过的题目不会再考，所以，你可以有选择的看，把每个人的核心思想做摘录，不用全背，其实，这本书理解后是比较好记忆的。  6、夏书章的《行政管理学》一定要看得非常熟，这本书非常简单的，也非常好记忆。最好掌握所有的知识点。因为出题老师喜欢举例子，所以最好能有针对性的思考一些与专业相关的时政热点，到时答卷时，一定能出彩。  7、张成福的《公共管理学》是复习的难点，内容有深度，让人感觉无从下手，但是如果能有针对性的列出整本书的大纲，从而理清整本书的复习思路，用一本书的整体思路来思考问题，解答问题，效果更好。多努力，勤做笔记，就一定能攻克这本书。  8、2017年官网公布的最新大纲新增加的知识点，公共经济学和政治学部分，大部分学生不知道复习什么资料，公共经济学这块涉及到的参考书非常多，单看某一本参考书是不行的，育明教育针对经济学这块的复习，专门请了北京邮电大学公共管理专业成绩优异的硕士和博士生为同学们一对一讲解专业课知识，对于新增加的考点范围和重点也能够通过导师间接获取到一定的信息，育明教育也有专门整理好的经济学笔记和重点，包括北邮出题老师的笔记、讲义，同学们可以通过辅导免费获取。   2017年北京邮电大学公共管理专业考研专业课考试大纲    615公共管理理论    一、考查目标   公共管理学是研究政府和其他公共部门对社会公共事务进行管理的一门应用性学科，旨在帮助公共管理者获取解决公共问题，处理公共事务所需的知识、技能与政策。本科目要求考生系统地掌握公共管理的基本概念、原理和方法，能够运用所学的知识分析、判断和解决实际的公共管理问题。本科目既考核学生对具有中国特色的公共部门管理的具体实践和改革发展趋势的熟悉情况，也考察学生对当代西方公共管理学发展的最新理论、方法与最新实践成果的了解和跟踪情况。   二、考试内容    第一部分：公共管理学    第1章公共管理导论  1.1 公共管理的意义 1.2 公共管理学的发展与研究途径 1.3 公共管理的特质以及与私部门管理的区别 1.4 新公共管理 1.5 公共管理:现时代的挑战   第2章公共管理者的角色与知能  2.1 作为一般管理者的角色 2.2 作为公共管理者的特殊角色 2.3 公共管理者的技能 2.4 有效的公共管理者 2.5 面向未来的、具有前瞻力的公共管理者   第3章公共部门的角色  3.1 公共部门的性质与需要 3.2 市场机制、市场失灵与政府干预 3.3 市场经济中政府的经济职能 3.4 政府治理工具的选择 3.5 政府失灵   第4章公共部门战略管理  4.1 公共部门战略管理的性质 4.2 公共部门战略管理过程 4.3 公共部门战略规划与战略管理 4.4 公共部门战略管理的问题与改进   第5章公共政策的设计、执行与评估  5.1 公共政策的性质 5.2 公共政策问题的建构 5.3 政策规划与设计 5.4 公共政策执行 5.5 公共政策评估   第6章公共组织管理  6.1 公共组织的特性 6.2 传统科层组织及其困境 6.3 弹性化政府的组织设计 6.4 组织设计:组织学习的观点   第7章公共组织中的领导  7.1 领导与影响力系统 7.2 领导权力与领导效能 7.3 领导方式与领导效能 7.4 权变领导理论 7.5 转换型领导   第8章公务人力资源管理  8.1 人力资源的特性 8.2 现代人力资源管理的兴起 8.3 人力资源管理的性质、功能和系统 8.4 人力资源管理者的角色与知能 8.5 公务人力资源管理的战略目标 8.6 工作生活质量--公务人力资源管理的新策略 8.7 现代公务人力资源管理发展的新趋势   第9章公共预算与财务管理  9.1 公共预算的性质、功能 9.2 公共预算的原则 9.3 政府预算制度及其评估 9.4 政府会计 9.5 政府财务报告 9.6 政府采购管理 9.7 政府财务审计   第10章信息资源管理与电子化政府  10.1 信息与公共管理 10.2 公共管理信息系统 10.3 公共管理决策支持系统 10.4 电子化政府   第11章公共服务的绩效管理  11.1 绩效管理的性质与作用 11.2 公共部门服务的绩效评估与衡量的一般性指标 11.3 标杆管理与绩效管理 11.4 公共部门绩效管理的问题以及改进策略   第12章公共管理的新策略  12.1 公共服务的民营化 12.2 非营利组织与公共服务 12.3 公共部门的目标管理 12.4 公共部门的全面质量管理 12.5 公共管理的顾客导向   第13章公共管理中的责任与伦理  13.1 公共管理中的责任:性质、重要性及困难 13.2 责任的行政控制机制 13.3 立法控制与责任 13.4 司法控制机制与责任 13.5 公民参与责任的维护 13.6 公共管理职业与职业伦理   第14章企业型政府与政府再造  14.1 政府再造的内涵与背景 14.2 企业型政府的基本理念 14.3 企业型政府的实施策略及其限制 14.4 企业型政府与政府再造实践    第二部分：公共经济学    （一）市场与政府    考试内容：   帕累托效应、资源配置方式、市场失灵的原因与表现形式、资源配置目标、公平与效率的关系、政府的经济职能、政府失灵及其表现、政府管理范式的改革。   考试要求：   1.了解公共部门经济职能的决定因素；  2.理解资源配置的含义与目标；  3.理解资源配置方式及市场失灵的原因；  4.掌握帕累托最优、帕累托改进、资源配置效率的实现条件；  5.掌握政府在经济活动中的职能；   （二）外部效应理论    考试内容：   外部效应、科斯定理、公地悲剧、外部边际成本与效益、矫正性的税收、财政补贴等基本概念和内涵；外部效应的表现形式、外部性的矫正措施。   考试要求：   1.掌握外部效应的含义及其分类；  00001. 理解外部效应的表现形式；  3.了解私人纠正外部性的机制及缺陷；  4.理解外部效应是如何导致资源配置扭曲的；  5.掌握政府纠正外部性的措施；   （三）公共物品理论    考试内容：   公共物品的特点、搭便车、林达尔均衡、公共物品的分类、纯公共物品与准公共物品的概念与特点、公共物品有效供给的条件、公共物品的供给模型。   考试要求：   1.掌握公共物品的含义、特征；  2.了解公共物品的供给与生产；  3.掌握公共物品的分类；  4.掌握林达尔均衡和免费搭车的含义；  5.理解公共物品有效供给的条件以及公共物品的供给模型；   （四）公共选择理论    考试内容：   公共选择、政治均衡、单峰偏好、多峰偏好、投票悖论的含义；各种投票规则及其优缺点；单峰偏好、多峰偏好与政治均衡的关系；中位选民定理；利益集团与投票交易及其对资源配置效率的影响；公共选择过程中各行为主体的行为特点。   考试要求：   1.理解阿罗不可能定理；  2.了解各种投票规则优缺点；  3.理解公共选择过程中各行为主体的行为及其特点；  4掌握公共选择、单峰偏好、多峰偏好、利益集团的含义；  5.掌握投票悖论与中位选民定理；   （五）财政乘数与财政政策    考试内容：   预算平衡、功能财政的内涵与意义；GDP的均衡公式；紧缩性财政政策；扩张性财政政策；非自决的财政政策；政府支出的原则。   考试要求：   1.理解国内生产总值（GDP）的决定原理；  2.掌握支出乘数、税收乘数和平衡预算乘数的内涵；  3.掌握财政政策的实施机制；  4.理解扩张性财政政策的功能与意义。   三、试卷结构   1、考试时间为3小时，满分150分；  2、题目类型：概念题、简答题、论述题;  3、考试内容比例：公共管理学100分、公共经济学50分.    819公共管理专业综合    一、考查目标   公共管理是以政府为核心的公共部门整合社会的资源，广泛运用社会学、政治学、法学、管理学和经济学的理论和方法，强化政府的治理能力，从而达到提高政府绩效和服务品质的管理过程。本科目要求考生比较系统地掌握公共管理的基本概念、原理和方法，能够运用所学的知识分析、判断和解决实际的公共管理问题的能力。   二、考试内容    第一部分：行政管理学   （一）行政与行政管理学  1.了解行政与行政管理学的区别，了解行政管理学的研究对象、基本内容和研究方法  2.掌握行政管理学的演变及我国行政管理学发展现状  （二）行政环境与政府职能      1．了解行政环境与行政管理的关系      2．掌握政府职能的含义、特点、构成体系      3．了解治理的兴起与政府职能转变  （三）行政组织与改革      1．掌握行政组织含义、特征、类型      2．了解行政组织结构和组织体制      3．理解现代行政组织理论和我国行政组织改革  （四）人事行政与国家公务员制度      1．了解人事与人事行政的关系，掌握人事行政的含义、原则、作用      2．了解西方国家公务员制度的产生、发展与基本特征      3．理解我国公务员制度的特点、基本内容  （五）行政决策与行政执行      1．了解行政决策的含义、特点、掌握行政决策体制和过程      2．了解行政执行的含义、特点和作用      3．理解我国行政决策和执行过程中存在的问题及改进  （六）公共信息管理与电子政府      1．了解公共信息资源的特征和意义      2．了解互联网+时代的公共信息管理过程及我国公共信息资源管理战略      3．了解我国电子政务发展现状  （七）责任政府与行政监督      1．了解责任政府的含义、特征以及意义      2．了解我国行政监督责任体系内容及行政问责制的发展  （八）绩效管理与改进      1．掌握绩效管理内涵、过程、政府绩效管理的特点      2．了解政府绩效评估的指标体系及方法      3．借鉴国外政府绩效管理经验理解我国政府绩效管理存在的问题及改进意义、措施  （九）行政改革与发展      1．掌握行政改革的含义、意义、原则      2．了解当代行政改革的特点、趋势及内容      3．了解我国行政改革的目标、内容、存在问题及改革方向   第二部分：社会学   （一）社会运行的基本内容  1.了解社会学的研究对象和研究方法  2.明确社会学的学科地位  3.理解人口、环境、生产方式与社会运行的关系  4.理解文化对于社会良性运行的影响  5.理解文化的本质、特征和功能  ·    1.理解社会化的重要性  2.掌握社会互动研究的主要理论  3.明确社会互动的意义  4.理解社会角色问题  5.了解社会网络和社会群体  6.掌握婚姻家庭社会学的内容  ·    1.掌握社会组织理论  2.掌握不同类型社区的治理问题  3.理解社会制度对于社会运行的作用  4.掌握社会分层和社会流动的相关理论  5.理解社会变迁和社会现代化  6.了解中国的城市化进程   第三部分：政治学   （一）政治与政治学  1.了解政治在社会生活中的地位、政治学的定位  2.理解中国传统政治观、西方诸种政治观、政治学的学科性质、政治学的知识体系、政治研究的途径、政治研究的方  3.掌握政治的含义、马克思主义政治观  （二）公共权力与公民权利  1.公共权力与公民权利的关系、政治权力的实现和作用方式、政治权力的分配模式  2.理解公共权力与公民权利界限的界定、政治权力的来源和基础、政治权利的保障机制  3.掌握“公权”与“私权”划分的意义、权力和政治权力、权利及权利观念的变迁、宪政体制下政治权利的基本内容  （三）国家与政府  1.了解国家的组织机构  2.理解“国家”的不同含义、“政府”概念的不同理解、国家的类型、政府的构成、政府职能  3.掌握宪法与国家组织原则、国家权力关系及结构形式、政府形式及政府制度  （四）政治秩序与治理  1.理解良好社会的标志和条件、政治合法性的基础、政治合法性危机与政治革命、“善治”的精神；  2.掌握政治秩序的含义、政治合法性的含义、实现政治合法性的途径、治理的含义、治理模式的变化：从统治模式向善治模式的转变  （五）政治文化与意识形态  1.理解政治文化的构成、政治文化的作用和功能、政治意识形态的定位和分布、政治社会化的途径  2.掌握政治文化的含义、政治意识形态的含义、主要政治意识形态、政治社会化的含义  （六）政治发展与政治文明  1.了解政治发展的方式、全球化的动力  2.理解政治发展的模式和类型、政治稳定与政治制度化、政治文明的含义、全球化对国家政治的影响  3.掌握政治发展的含义、现代化过程中不稳定的原因、现代政治文明的基本原则、政治文明的基本路径   三、试卷结构   1、考试时间为3小时，满分150分；  2、题目类型：概念题、简答题、材料分析题、论述题  3、考试内容比例：行政管理学80分、政治学40分、社会学30分。   2017年北京邮电大学公共管理专业考研复试指导规划    一、复试名单确定原则   1、第一志愿报考北京邮电大学公共管理学院，初试成绩达到教育部规定的A区专业学科门类分数线的考生。  2、按照考生的初试成绩，由高到低排序，以招生人数的120%左右确定复试名单。   二、复试内容和计分标准    1、复试内容     复试内容包括综合素质考核、思想政治素质考核、心理测试、笔试、面试、外语综合能力测试等内容。   2、计分标准   复试成绩满分为100分，含外语综合能力（10%）、专业笔试（40%）、专业面试（50%）总成绩=初试总成绩÷5×70%+复试成绩×30%　   三、复试形式    1、专业笔试   专业笔试：组织形式：学院统一组织出题，安排考场和监考。   2、专业面试    面试内容：   （1）专业面试：外语综合能力、专业基础知识及前沿知识、科研能力、应变反应能力。  （2）思想政治考核、资格审核。   四、录取名单确定原则   1、专业课笔试、面试、外语考试结束后，按照计分标准，计算入学总成绩。  2、根据综合分数，按照由高到低的顺序予以录取。  复试成绩不合格者（若复试成绩以100分算，即低于60分者）、思想政治素质和道德品质  考核不合格者、体检结果不合格者、同等学力考生的加试课程成绩不合格者，均不予录取。   北京邮电大学公共管理专业考研全年复习规划    第一阶段：预热（3月1日至7月1日）    原因：   考研复习比较好理想的时间长度是6-9个月，因此从3月开始比较科学。如果复习的时间太长，容易导致后劲不足。正所谓“强弩之末势不能穿鲁缟”。这是无数学子的血泪教训。   重点任务：   1.收集考研信息，包括所报考专业的未来发展趋势、就业难易程度、所报考专业的难易程度、所报考学校的录取率、资料。毕竟考研所需关注的点无非就两个：一是考研成功的可能性，二是研究生毕业后的就业问题。  2.根据所收集到的信息决定所报考的学校和专业。对于这一点，育明教育团队认为，选择学校和专业的方案有两个：一是，选择尽可能好的学校，如北大、清华、人大、中央财经、南开、复旦，专业可以稍微差一点；二是，选择尽可能好的专业，如金融、经济、计算机、自动化等，学校可以差一点。这样的好处是，以后方便就业，具体的原因分析请关注之后的相关文章。  3.购买参考书，慢慢熟悉所考专业。这个时候学校课程还比较多，且处于学期末，考试又比较多，学校事情繁杂， 无法全身心的投入，所以以“预热”为主。不易过快进入紧张的复习状态。  4.掌握学习的方法、了解复习的重点，为下一步全面展开复习，奠定坚实的基础。这一点至关重要，很多考研学生最后没有考出理想的成绩，不是因为没有努力，更不是付出不够，而是方法不得当，重点没把握好。这一任务的实现，一般需要有考研经验的师兄师姐的帮助。这一点也是育明教育专业课授课的重点之一。  5.制定复习计划。一个完备的复习计划是考研成功的“寻宝图”。没有好的复习计划，只能每天手忙脚乱的复习，昏昏然，却没有丝毫进步的感觉。  6.在整个过程中，数学和英语都要一步步的安排复习。数学以知识点的掌握为主，通过做题积累知识点。英语，主要以单词和真题为主，真题要每做一套就分析透彻。专业课的复习，主要以掌握参考书的目录和框架为主，不需要去费力的记忆。   第二阶段：发力（7月1日-10月1日）    原因：   这个阶段时间比较充裕，没有学校里的繁杂事情影响，可以安心的投入复习。抓住这个阶段，就成功了一半。   重点任务：   以英语、数学这些需要长期练习的科目为主。尤其是英语，在不放松单词等基本知识积累的同时，“以真题为纲”进行复习，把每一套真题彻彻底底的分析明白，真真正正把握住出题人每一道题的出题意图。  专业课复习要有计划的进行，这一阶段要开始有计划的进行知识点的记忆。争取完成第一轮的复习。达到的效果是，对每个知识点做到能够基本记住。   第三阶段：坚持（10月1日-12月1日）    原因：   这是一个考验毅力的阶段，无数前人的血泪经验告诉我们，谁坚持到了最后，谁就能够成功。经过长达三个月的紧张准备，精力和体力都耗费很大，但是“革命尚未成功，同志仍需努力”。加上周围的同学开始找工作，很多的机会都可能分散考研的经历和时间。这个时候要耐得住寂寞，坐得住冷板凳。毅力不坚定，三心二意，是考研的大忌。很多人没有成功，就是因为机会太多了。   重要任务：   这个阶段以专业课为主，辅之以政治、英语、数学。   第四阶段：冲刺（12月1日-初试）    原因：   这个时候各个科目都达到一定程度，知识的储备都已经达到了一定的程度，开始进入高原平台时期。在一定的时期内会感觉很烦躁，感觉好像什么东西都不会了，这很正常。  如果能够基础坚持下去，多多模拟，多多联系，就可以实现量变向质变的转化。为此，育明教育专业课“冲刺模考点题班”，在晚上安排了模拟考试，对于这一阶段来说，是非常科学的。很多考生，平时背的多，写的少，加之对自己很自信，往往不愿意浪费时间去模拟考试。但是，如果不去正式的进行模拟考试，很难在考研的考场上找到考试的感觉，而且在考场上可能发生的问题，因为没有提前通过模拟考试掌握和解决，以至于被问题和困难打得措手不及。这些很有可能导致半年多的复习，功败垂成。   重点任务：   以政治热点、英语作文、数学真题、专业课真题为主。这是个“模拟练习的阶段”。   第五阶段：调整（初试至复试）    原因：   经过长时间的复习，经历几乎被耗尽，需要通过这一段时间加以调整。但是，由于现在考研复试的比重越来越大，平均达到25%以上。因此，这个阶段还是不能够太过于放松。很多人没有把握住这个阶段，结果大意失荆州。万望诸君注意。   重点任务：   1.考研复试，往往以时政为核心，来灵活的考察知识点的应用。因此，这个阶段应该多多收集一些时政热点，并尝试用所学知识去解决。  2.寻找复习的资料。包括老师们最近的讲话、论文等等。  3.准备听力和口语。很多学校，例如北大、人大等复试时考察口语和听力的。  以上“五阶段复习法”，步步为营，按部就班，依次行事，一切尽在掌握中，则考研无忧矣。   北京邮电大学公共管理专业  考研独家真题答题方法示范   《育明教育：考研专业课答题攻略》   （一）  名词解释    1．育明考研名师解析   名词解释一般都比较简单，是送分的题目。在复习的时候要把重点名词夯实。育明考研专业课每个科目都有总结的重要名词，不妨作为复习的参考。  很多高校考研名词解释会重复，这就要考生在复习的同时要具备一套权威的、完整的近5年的真题，有近10年的最好。   2．育明考研答题攻略：名词解释三段论答题法   定义 ——》 背景、特征、概念类比、案例 ——》 总结/评价  第一，回答出名词本身的含义。一般都可以在书本找到。  第二，从名词的提出的背景、它的特征、相似概念比较等方面进行简述。  第三，总结，可以做一下简短的个人评价。   3．育明教育答题示范    例如：“战略人力资源管理”   第一，什么是战略人力资源管理（这是答案的核心）  第二，它的几个特征，并简单做一下解释。  第三，和职能人力资源管理，人事管理等进行对比。   4．危机应对   如果出现没有遇到的名词解释，或者不是很熟悉的名词解释，则尽量把相关的能够想到的有条理的放上去，把最有把握的放在第一部分，不要拘泥于以上的答案框架。   5．育明考研温馨提示   第一，名词解释一般位于试卷的第一部分，很多考上刚上考场非常的兴奋，一兴奋就容易下笔如流水，一不小心就把名词解释当成了简答题。结果后面的题目答题时间非常紧张。  第二，育明考研咨询师提醒大家，在回答名词解释的时候以150-200字为佳。如果是A4的纸，以5-8行为佳。按照每个人写字的速度，一般需要5分钟左右。   （二）简答题    1．育明考研名师解析   简答题一般来说位于试题的第二部分，基本考察对某些重要问题的掌握程度。难度中等偏低。这就要求考生在复习的时候要把课本重要问题梳理清楚，要比较扎实的记忆。一般来说书本看到5遍以上可以达到记忆的效果。当然，记忆也要讲究方法。   2．育明考研答题攻略：简答题定义框架答题法    定义——》 框架  ——》总结   第一，先把简答题题干中涉及到的最重要的1-2个名词进行阐述，类似于“名词解释”。很多人省略了这一点，无意中丢失了很多的分数。  第二，按照要求，搭建框架进行回答。回答要点一般3-5点。  第三，进行简单的总结。   3．育明教育答题示范    例如：简析绩效管理和绩效考评的区别和联系。   第一，“绩效管理”和“绩效考评”的定义。  第二，区别  第三，联系  第四，总结。   4．危机应对   当遇到自己没有见过，或者复习时遗漏的死角。这个时候不要惊慌。只要你平时认真复习了，基本你不会的，别人也基本如此。首先要有这个自信。其次，无限的向课本靠拢，将相关的你能够想到的内容，有条理的全部列出来，把困难抛给改卷老师。   5．育明考研温馨提示   第一，在回答简答题的时候，一定要有头有尾，换言之，必须要进行核心名词含义的阐释。  第二，在回答的时候字数一般在800-1000为佳，时间为15-20分钟。   （三）  论述题    1．育明考研名师解析   论述题在考研专业课中属于中等偏上难度的题目，考察对学科整体的把握和对知识点的灵活运用，进而运用理论知识来解决现实的问题。但是，如果我们能够洞悉论述题的本质，其实回答起来还是非常简单的。论述题，从本质上看，是考察队多个知识点的综合运用能力。因此，这就要求我们必须对课本的整体框架和参考书的作者的写书的内部逻辑。这一点是我们育明考研专业课讲授的重点，特别是对于跨专业的考生来说，要做到这一点，难度非常大。   2．育明考研答题攻略：论述题三步走答题法    是什么——》为什么——》怎么样   第一，论述题中重要的核心概念，要阐释清楚；论述题中重要的理论要点要罗列到位。这些是可以在书本上直接找到的，是得分点，也是进一步分析的理论基点。  第二，要分析目前所存在问题出现的原因。这个部分，基本可以通过对课本中所涉及的问题进行总结而成。  第三，提出自己合理化的建议。   3．育明教育答题示范    例如：结合治理理论，谈谈我们政府改革。   第一，阐释“治理”的定义，然后分段阐释“治理理论的核心主张，包括理论主张和政策主张”。  第二，分析目前“政府改革”中存在的问题及其原因。  第三，结合治理理论的理论和政策主张，并结合相关的一些理论提出自己的改革措施。我们育明考研经过长期摸索，总结了一套考研专业课答题模板。   4．危机应对   万一遇到自己没有碰到的问题，特别是没有关注到的热点问题怎么办呢？其实，论述题虽然是考察考生运用知识点分析问题的能力，其核心还是在于课本知识，在于理论。因此在回答的时候一定要紧扣理论不放松。   5．育明考研温馨提示   第一，回答的视角要广，不要拘泥于一两个点。  第二，在回答论述题的时候一定要有条理性，但是条数不宜过多，在5-8条为主。字数在1500左右。用时为25-30分钟。   （四）  案例分析题    1．育明考研名师解析   案例分析与其说是在考察案例，不如说是再考察考生对核心理论和知识点的掌握。难度适中。但是很容易丢分，想要得高分，比较难。   2．育明考研答题攻略：案例分析两点分析法    理论结合——》案例分析   第一，对材料所涉及的问题寻找理论依据。  第二，结合材料进行分析   3．育明教育答题示范    例如：关于北京公交车现行的问题，运用公共政策知识分析。   第一，要精确找到所考察的知识点——政策工具。然后阐述什么事政策工具，包括哪些政策工具，各自的优缺点是什么。  第二，结合材料进行分析。   4．危机应对   有时候在考试的时候遇到自己并不熟悉的资料，不要紧，抓住一点——考察的知识点肯定是课本上的，然后无限向课本靠拢，找到最接近的理论和知识点。   5．育明考研温馨提示   第一，要理论先行，不要上来就分析。  第二，如果那不准考察的理论点，就多写几条，反正多写了不扣分。    复习规划--制定一个属于你自己的规划    第一阶段：基础阶段    至六月   方法指导：各科基础阶段学习方法1v1指导  数学：做李永乐660题，看同济第六版，李永乐复习全书  英语：背单词，做张剑150篇，不建议大家做真题，与雅思托福完全不同  专业课：随同基础课程形成一本框架性的笔记，仔细看统计学部分的内容。   第二阶段：强化阶段    7-9月   方法指导：各科强化阶段学习方法1v1指导  数学：继续做复习全书，至少完成第一遍归纳总结重点、难点、混淆点，形成框架  英语：做张剑英语提高篇150篇，同时做两套真题作为检验。勿使用2010年真题  政治：重点复习马克思注意原理，其他先不用看，做风中劲草肖秀荣知识点精讲  专业课：开始复习完整的专业课教材，看其他版本的教材。   第三阶段：深化阶段    10-11月   方法指导：各科深入强化阶段学习方法1v1指导  数学：开始做历年真题（包括数学一二三），不要做400题，总结归纳之前的错题  英语：认真做真题，把阅读中的错题和不认识的单词认真整理出来，不做完形填空  政治：一三五七法（一个核心，三个月，五种方法，70分），完成肖秀荣的1000题  专业课：完成课后的习题，冲刺班的老师会给大家归纳分析框架。   第四阶段：冲刺阶段    12月至考前   方法指导：进行三次模拟考试  数学：开始做李永乐的5+3 ， 6+2的题，总结归纳之前的错题，再看一遍复习全书。  英语：再做一遍真题，把阅读中的错题认真整理出来，记忆大小作文的模版  政治：做各类最后四套题  专业课：复习之前做的题，再次梳理框架（看目录） 
计算机系，对比北京邮电大学和电子科技大学如何？,我在电子科大待了七年，本科毕业没啥追求就直接就读了本校的研究生，不得不说最近两年电子科大着实很火，收分一年比一年高，甚至很多本省可以上清华的分数选择来成电，我想这和近一些年来成电越来越开放的文化有一些关系。 成电坐落于天府之国成都，这里的人生活的都很安逸，学校新校区建设的很美，计算机也是王牌专业，就业基本不成问题。但是如果让我再选择一次或是推荐，我选择北邮。年轻人就该去大城市见识见识，那是帝都耶，它能提供的资源和机会绝对不是这一个讲究生活安逸的城市可以给予的。
武汉大学和北京邮电大学如何选择？,去北邮啊，要考虑地域因素啊，一线城市就业什么的还是有优势的，要是我就去北邮选个热门专业。转专业根本不靠谱，要大一成绩靠前才行，还要付出时间成本，有风险划不来啊。
如何看待“信息黄埔”之称的北京邮电大学每学期选课时段均出现的宕机现象？,WTF教师工资系统实为大势所趋
如何看待北京邮电大学跳楼事件？,1、都是知乎反鸡汤做下的虐。如果知乎不扭转极端反鸡汤的局势。像北邮这种悲剧还得出。所有在知乎上反鸡汤的人都已背上血债。   2、有些人饱汉子不知饿汉子饥。自己心理强壮，就以为天下人都心理强壮。这就是典型的中二思维。   3、鸡汤虽然不能从病理上彻底治疗抑郁症。但是鸡汤可以快捷有效的预防抑郁症。使那些挫折中的人至少能在现实之外得一丝光亮与慰籍。别小看这微小的触动。千里之堤毁于毫蚁之穴。能不断修复漏洞，就必不至于全局奔溃。   4、反鸡汤的人就如同那些围观跳楼的看客，高喊：跳啊！跳啊！鸡汤都是骗人的。    5、老夫我也曾学业受挫。不仅如此，老夫我还TMD矮矬穷。按照北邮的跳楼标准得跳个10次。但老夫我为什么没跳呢？因为我年轻时，正是读者知音之类鸡汤刊物鼎盛的时候，随便一个犄角旮旯都能摸出一份。心情再差，读完鸡汤也会回血50%。   6、别以为有了知识，就可以瞧不起鸡汤。北邮的事一再证明：知识再多，也挡不住跳楼的脚步。只有鸡汤才能真正的陪我们这些在低谷中的人度过孤寒之夜。内心中只要有一丝萤火，就有希望燃起熊熊的生命之火。   7、呼吁广大爱心人士积极光复鸡汤的正面形象。同时严厉打击反鸡汤言论。我几乎认为反鸡汤就是个阴谋。   8、为逝去的青年才俊，倍感惋惜。   9、看到有些小学生声讨导师如何冷漠，如何傻x，如何整人。你们说的这些我都愿意相信。但这不应是跳楼的理由。老夫我在学校受导师的气，进社会受上司的气。我是不是应该去死？但鸡汤告诉我，不要去死，应该平静的面对。只要忍耐得住，总有翻身之时。   10、忍耐了10年，终于翻身。我没有把上司打倒。而是成为了他的盟友，事业伙伴。我回到学校去看望老师，回忆往昔种种。我得出一个答案：不是导师特别傻X，而是我们缺少沟通。不是导师特坏爱整人，而是我们缺少沟通。   11、当年，老夫我就曾面临延期毕业。我能理解因此得抑郁的同学。因为当年我几乎就因此而抑郁了。为什么我没抑郁呢？这要感谢我妈。她是一个充满乐观精神的人。按现在的话说就是一个正能量人格。从小就给我讲塞翁失马焉知福祸的故事。延期毕业是不是坏事？那要看未来的种种结果才能下定论。这是科学精神的一种体现。人生之变数，岂只是一个延期毕业所能决定的？   12、愿北邮这些悲剧，不再发生。在完善全社会心理辅导治疗体系之前。我们这些曾在低谷中隐忍和抑郁作战，而侥幸得胜的人更应该拿出担当和勇气，用我们的经历去帮助同样处境的人们。鸡汤不治病，但鸡汤能增强免疫力。  13、我有一计，可不战而灭倭国。就是在倭国年轻人中散播负能量，同时反鸡汤。这样会导致倭国青年精神低迷而无药可救。长此以往，不出三十年，即可让倭国后继无人。
为什么那么多高分同学选择北京邮电大学？,.  【利益相关：北邮·工业设计·在读】  这道题对我个人而言，是攒了很久的一道题，其实早就有答题想法，奈何一直被校内校外各种奇奇怪怪的事缠身拖延至现在。 所幸，现在这个时段正是一年一度的招生季，答这个题，倒也颇合时宜。    壹 、学校篇  （参考PEST分析框架）  （1）政治环境(Political System)  从这个角度来看，北邮是没有什么优势的；作为一所根正苗红的通信工科院校，北邮在政界的影响力可以说是微乎其微。21世纪之前，尚有吴基传、谢高觉、林金泉、周宝信等北邮杰出校友在邮电部呼风唤雨，虽然本来邮电部就是个比较边缘的部级单位，但起码当时全国通信业正处于基础建设阶段，资金方面从来不是问题；就现在而言，北邮人活跃于政坛的愈加稀少。（当然中国电信董事长这种政治属性暂且不提） 其实我个人并不觉得这是一件坏事，但是，这基本确定北邮近几年甚至十年内是绝对不可能走上交大、华科那样的快速发展道路；又由于身处帝都，所以浙大的这种快速发展道路也直接被堵死。 综上，在政治层面（即政界人士对国家拨款及政策倾向的影响）这一项上，北邮没有优势。 （应同学要求在此加上北邮政界杰出校友——阿卡耶夫，吉尔吉斯斯坦独立以来首任总统，而且蝉联总统职务长达15年之久，2005年郁金香革命中被推翻。阿卡耶夫是技术出身，有八十多部学术著作和论文，是伊斯兰科学院与纽约科学院名誉院士；在其学生时代，曾被国家遣派到北邮留学深造，在北邮校友里面政治成就应该是空前也绝后了o(￣-￣ﾒ)o ） （2）经济因素（Economic Factors）  从上，在我大天朝政治和经济其实是很难分得清的，由于所有的顶尖大学都是「公立大学」，所以学校的经费全部来自于政府的拨款——所以呢，我邮这几年经费愈来愈捉襟见肘也实属正常。 既然说到这里咱们就顺便说一下国内大学的经费等级，大致是有这样的一个等级体系，那就是：c9--985--211，除了某些特殊的被地方政府重点扶持院校以外，各层级的经费差距是非常巨大的。具体的经费数额不好细说，但是可以参考的是，清华的经费在北邮的10倍以上。 经费的差距体现在以下方面：    最直观的，大楼之大： 你只需在清华、北理、北航、北师、北邮逛一圈就可以得出直观结论。   校园及社会活动的支持力度：以清华为例，暑期实践活动立项以后学校给实践小组拨几千块钱的经费实属正常；但是北邮的话这种暑期实践立项拿到经费的人实在是凤毛麟角。另外北邮学生会的经费额度和清华也有十倍之差不止。 （当然拿清华和北邮比是不公平的，但是我想这种比较也并非没有意义，因为报北邮的同学成绩肯定是允许报考很多985的，这两者的经费差异就是顶级211和顶级985之间的差别，可供参考）   校园基础设施质量：北邮 本部 大部分宿舍还是上下铺、没有独立盥洗室、没有空调的，这就意味着大冬天要出寝室自习、跑几百米去公共浴室洗澡、夏天顶着30+的气温睡觉…… 但是，新生们就不用担心这个啦；你们在沙河新校区，虽然现在还不确定何时回迁，但起码沙河住宿条件还是相当不错的，无需担心。    科研经费： 这一点上北邮倒不算劣势，因为北邮学科集中——通信计算机电子三驾马车牵头，牛导众多，科研倒是没有觉得穷过。 国家重点实验室2个、国家工程实验室5个、教育部工程研究中心2个、各类部级重点实验室9个，建有国家级大学科技园（校内俗名「新科楼」），学校也官方鼓励学生尽早进入实验室搞科研写paper，真正想做科研的人在北邮不会觉得没钱，这一点大可放心。    （3）社会因素（Social Factors）  这个，其实就算是口碑吧。  北邮的现状是这样的：在北京、通信行业、互联网行业都有极高的认可度，但是在外省其他产业你难免会遇到「邮电大学？以后毕业会进邮局工作吧，不错不错。」这种评价。这个影响大不大看学生自己吧，玻璃心的话难免会觉得不舒服。 最近学校整天在大力搞「互联网+」，但是说实话，北邮在互联网圈子里的地位其实并不来自学校官方的努力，而是一种「学长红利」；众多师兄师姐们活跃于各大IT圈子并作出了出众的成果，所以给我邮争来了非常好的名声，但是由于这十几年内生源质量的不断下滑，这种学长红利还能延续多久并不可知。 顺便，个人看来，作为一所高校，在北京这个因素极其重要。 能选择北上广就不要待在内地。 （4）技术因素(Technological Factors)  技术方面，我一个人很难把整个北邮的学科建设水平详解一遍，所以就只拉几个数据好了：     国家级科技三大奖：19项    省部级科学技术奖：163项    中国高等学校十大科技进展：4次    国家重点实验室：2个    国家工程实验室：5个（其中2个为牵头、3个为合作）    教育部“111创新引智基地”：2个    各类部级重点实验室：9个    在2012年学科评估中，北京邮电大学“信息与通信工程”一级学科位列全国第一；    在2012中国大学标准创新贡献奖排行中，北京邮电大学获奖最多，居全国大学之首；    2012年，北京邮电大学发表于国际会议论文索引结果在全国高校排名位居第12位；    在2012中国大学重大科技进步奖排行中，北京邮电大学位列第18位。    建有国家级大学科技园。   总而言之，如果你是抱着进行「通信」「电子」「计算机」方向科研的想法来到北邮，北邮不会让你失望——校内会选拔成立「叶培大实验班」，大二就进行专业的科研能力培训，在国内同级别高校里，绝对是极好的学生学术平台了。 -----------------------------------------------------------------------------   贰 、学生篇  （1）高分学生本身 说到这个，其实很心酸。 最终选择了「哈工大」「华科」「北邮」这个档次学校的「高分学子」，其实 大部分 内心都是很委屈的；他们大部分平常考试成绩优异，目标学校在除了top2以外的那一大串国内名校，最终高考因为各种原因失误，选择了我邮这种听起来奇奇怪怪完全无法向外人炫耀的学校。 就像采铜大大之前提到的那个「考败来浙」的说法一样，大家放弃了心心念念了几年的名校，最终来了家里大部分人闻所未闻的学校，其实心里挺有怨念。这种怨念并不一定是坏事，我见到很多同学就因为这种怨念，在大学里拼命努力了四年，最终去了海外名校或者T大P大深造；但我同样见过很多同学，把这种怨念转化成了一种「自视甚高」的傲气，看不起学校也看不起同学，以这种盲目自大的态度错过了自我成长的机会，最终大三大四没有拿到理想的offer时依然在怨学校名气不足平台不够。很可悲。 所以这儿扯一句，如果你是我所提到的这种「高分学生」，不管你考来了北邮还是其他学校，都要让自己成为前一种人。  （2）北邮对高分学生的吸引力 说实话，作为高分考生，我从内心认同的大学选择标准，是「优先选择学校，其次再选专业」，当然，低分的话就相反。 遵循这个原则，很多北邮的同学当年应该做这种选择——南开的材料化学、同济的公共管理、央财的劳动与社会保障（各省情况不同，我仅以自己为例）。然后，大一拼命努力转专业。 但是借此题，我要提醒一下 高考弱省 的孩子们， 千万不要做这种选择 ，即使你在高中觉得你的实际实力可以碾压那些考了这些学校的同学，但是你上大学以后要碾压来自山东、江苏、广东等地高考分数比你高50分甚至更多的学霸，才能达到转专业的要求，绝对不要自视过高。  话又说回来，为什么这帮人没有选择去名校而选了北邮，则大部分有两个理由： ① 自己/家长觉得一定要选择个就业情况较好的专业 ② 查看专业排名（主要指通信工程和计算机），觉得北邮性价比很高  「这两个理由是否成立呢？」 「成立。」  高考报志愿是个极度信息不对称的过程，大部分考生对学校、专业的了解仅仅来自于百度百科，最多再去百度一下「国内工商管理专业排名」的水平。而你百度以后就发现，北邮在「国内通信工程专业排名」这种榜单上，常年雄踞前三，在教育部官方的榜单上甚至一直是排名第一的。 其次说计算机科学，最新的U.S.NEWS的CS全球专排，北邮计算机也是挤入了全球top100。专业实力确实很强。（ 2015年U.S.NEWS计算机科学专业全球大学排名   ） 再次说就业，多年来一直传「北邮就业很好」，其实这个非常巧，这个说法兴起的时候是因为赶上了国内通信业发展的黄金时期极度缺人，作为通信行业的「黄埔军校」，北邮就业不好才怪...... 到了现在呢，恰好又赶上互联网飞速发展的大潮，无论是学通信、电子、计算机、软工、甚至是设计的同学全部都能进入互联网行业，顺大势而行，就业情况自然还是非常喜人。 最后，让我们谈谈创业，在北邮校内创业其实是一个非常好的选择，因为无论是学校、学院、学长都是帮扶态度，创业校友也是一个非常有凝聚力且有爱的团体，可以给新的创业byr很大帮助（无论是理论还是实操还是资金）；另外，从互联网创业的角度而言，别的学校创业团队的最大困境往往是「就差一个程序员了」，在我邮则最不缺这个。具体成功案例，看这儿：  在互联网界，有哪些知名的北邮校友？ - 马德龙的回答     （3）北邮培养高分学生的劣势 但是北邮缺点同样突出，那就是偏科极为严重；而且这种偏科会全方面表现在专业设置、课程设置、学校政策、图书馆藏书等方方面面，最终作用于每一个学生。 比如「世界宗教」、「国际政治经济形势」这一类的选修课，即使罕见的被写在了选课单上，最终也往往会因为选课人数不足而被停开； 比如图书馆，编程类的书籍庞杂到极点，名字类似「C++编程宝典」的书有整整几个书架，而古典文学和诗词类的书，个人表示呵呵； 比如讲座，余弦大大来北邮做分享，场面会人气爆棚；如果是人文类讲座，则会上座率堪忧。我们学院办过几次设计类讲座，最后也基本退化为了院内活动，并不会有其他专业的同学来听。 这样的环境，对于志向坚定要投身于互联网的人来说，自然是如鱼得水左右逢源；但是对于当初稀里糊涂来了北邮的同学，特别是一些本身对人文社科有浓厚兴趣却迫于父母「就业好」说法选择了北邮的同学来说，却是个极大的悲剧。 我有一位学长就是这样，他是一个非常具有传统知识分子情怀的人，自己的志向是「修身齐家治国平天下」；但是来了北邮之后发现比起国家大事，大家更爱讨论的是阿里的HR和百度的狼性，更关心的是Hadoop应用前景如何，等等。自己喜欢的东西永远不被别人认可，周围极度务实的同学只会觉得你在「装13」，并给出「善意提醒」——你有玩这个的时间不如去多码几行代码。 这种感觉，如同处于人群中的一座孤岛。（当然学长现在去了北大喜欢的社科方向读研，算是个good ending） 大学的目的究竟是做通识教育还是做专业性教育也许并无定论，但是我邮无疑是把后者做到了极致。再举个小例子，别的学校总是听说各种「摄影社」「骑行社」「文学社」「辩论社」各领风骚，而反观我邮存在感最强的社团，除了几个志愿者社团以外，全部都是百度俱乐部、联想idea精英汇、腾讯俱乐部、微软技术俱乐部......  不过如果看了上面这一段给你的感觉是兴奋而不是失望，那么来吧来吧，北邮欢迎你；不愿意来北方的话去华科，一样满足你：） -----------------------------------------------------------------------------   叁 、互联网篇（以下均与此题无关）  这个部分我来随便说几句互联网行业，针对高中生的，希望有用。 在很多高中生的眼里，只有学计算机或者是学网络工程或者是软件工程等等，以后才能进入互联网工作；这种想法是错的。 互联网是一个极其巨大的产业，当然主力人群是程序员，但是同样也需要设计师、产品经理、产品运营、文案人员、营销人员、市场与法务人员、新媒体从业人员，等等。  作为一个还算新兴的行业，互联网最大的特点，是更新换代速度奇快。 （对应到大学就是大学知识体系一不留神就落后一个时代了，所以更看重你的自学能力和终身学习能力） 作为一个脱胎于通信行业的产业，互联网最大的作用，是打破信息不对称。 （对应到大学就是无论你在哪个学校都可以看到哈佛、斯坦福、清华、北大的公开课了） 作为一个从业人员喜欢常年T恤+大裤衩+拖鞋穿着的产业，互联网招聘时最大的革命，是 Don't BB， show me the code. （对应到大学就是无论你出身如何脸如何学历如何，只要你代码写得好就能拿到好offer；而且互联网公司的办公室政治非常少见）  So，无论你是否来北邮，都可以仔细考虑一下这个行业。 -----------------------------------------------------------------------------   肆 、彩蛋  彩蛋里面写太多字会不会显得我这是篇软文Σ( ° △ °|||)︴  所以我就少写字，只放视频。  这是去年我邮的宣传片，基本是我们学院主力制作的，供参考： 优酷： 北邮2014招生宣传片《未来邮你创造》 （北京邮电大学）    搜狐： 北邮宣传片 超清版 2014北京邮电大学宣传视频    腾讯： 北京邮电大学2014招生宣传片    .
网上有比较说北京邮电大学住宿条件0分，到底怎么样呢?,估计是你看了微信上传的那个各大高校宿舍水平排行吧 哎 我觉得很扯 我邮住宿水平虽然总是被自己学生批评 但是 那篇文章直接把北邮宿舍定义为八人间 然后各种数据分析得零分   真是无语死了 这个也是看你住在哪 我们班女生住在学十三 就是八人间 上床下床 我们班男生住在学五 六人间 上床下桌 所以不能一概而论吧 然后北邮住宿水平 也就那样吧 最不能忍的是 没空调
北京邮电大学本科生部队特招入伍，7年退役回来却只能做协警。这合理吗？,不参军，可能毕业后连协警都没得干。 所以这根本就不是公平的问题，而是现实的问题。
如何评价北京邮电大学60周年校庆众筹？,没1000块都进不了母校的校庆，但凡交了钱的人都比你在校生更有资格参加校庆。北邮这是要完。方校长走了之后一年不如一年
我接到北京邮电大学教育培训中心的电话，说他们那有UI设计的课程，不知道是不是真的，这个学校怎么样呢？,我也接到过他们的电话，上次我还去学校看了一下呢，就在北京邮电大学宏福校区内。
北京邮电大学宏福校区住宿条件如何？,北邮今年大一新生除了英语日语都是在宏福，首先，作为沙河校区的，我觉得宏福的饭真的。。。好吃到爆表-_-||然后基本上六人一间吧⊙_⊙其实我忘了，你可以去贴吧或者QQ群里大概都会有介绍，但今年来北邮是不会亏的 (￣o￣) 然后洗澡也很方便，其实北邮各个校区最大的软肋吧，大概就是地方很小，但好处是…………你可以每天课前十分钟起来……洗漱……再去教室！完美～
北京邮电大学有哪些好老师？,王尊亮
怎么看待北京邮电大学疯狂删知乎微博等平台关于关闭bt，bbs的帖子？,知乎上并没有删除，只是临时屏蔽，过几天大概就会显示出来了。 微博和微信删那没办法，毕竟得让领导有台阶下。  这次是学生舆论成功逼迫领导认怂，是学生的胜利。  但是并不能高兴。因为我们现在清楚地知道了，校领导里有具有这种想法的人，而且是明明确确用行政力量去做出行动了的人，这个人必须滚出北邮。
北京邮电大学 智能科学专业就业前景?,不是这个专业，但是在这个专业下的实验室打杂，导师也是这个专业的教师。（认识挺多学长学姐来自这个专业）  这个专业在计算机学院下，只招一个小班（大概30人不到）。据说是大一大二的课程和计算机科学与技术差不多，大三的课程会涵盖机器学习，NLP，信息抽取，模式识别等。这些课程就是现在人工智能下的子方向了。 其实，国内是没有人工智能专业的，也可以把这个专业理解为人工智能专业吧。  就业的话，我不太清楚本科生就业，研究生就业，之前有一个学长去了搜狗做算法，还有一个学姐去了百度。基本都是技术岗吧。
北京邮电大学国际学院（宏福校区）怎么样？,新人常见的错误提问方式。  国际学院没有自己的老师，所以师资力量是0。  老师从哪里来？教高数的从理学院来，教通信原理的从信通院来，教英语的从人文院来，教毛概的从马克思主义研究院来，教C语言的从计算机院来，教电路的从电子院来，教企业技术战略的从经管院来。外教从QM来。  你以高分考入北邮通信工程，成功进入了北邮招牌的信通院，你也不会指望信通院的知名教授能教你毛概对吧～  宏福校区的硬件条件，住宿和餐饮比本部好太多了哈哈哈哈～～如果你来了国际学院，等你大三搬回本部就能体会到了。  当然，除了住宿餐饮就没什么优点了。整个校区几乎就是宿舍楼和教学楼，再加几个体育场。几乎没别的设施了。小破图书室小破医务室，比很多高中都要简陋。  学习氛围不需要担心，北邮是一所工科学校，学业压力相当大，不好好学习会死的。有一小部分人为了考试甚至都磕药了，红牛、大剂量咖啡因、莫达非尼等等，去年有同学给了我一粒莫达非尼，没敢吃，哈哈。
华东师范大学，北京邮电大学，电子科技大学，山东大学，想学计算机，哪个好。？, 我再更新一次吧，明天山东就要开始填志愿了，题主不要选山大，其他三所都行。华师和成电看起来是更稳妥的选择。  ===  优先考虑北邮，这点毫无疑问。肯定被调剂的话你需要了解一下北邮转专业的政策，看看能不能后面再转到计算机去。  华师和成电两个都可以选，华师在上海具有地域优势，成电是理工强校氛围更好。你看的应该是教育部学科排名，华师的软件很靠前是真的，但对本科生来说意义不大。说师范院校水平不行就属于外行了，华师软件专业的师资、名气、就业都挺不错。  山大不用出省是减分项，你不要觉得方便，这个选项可以排除。  这一行毕业后就业看的是你本人的能力，这几个大学都是 985 或相当于 985 档次的，作为学历门槛已经足够了。能到什么水平取决于你后面几年下来投入了多少精力、有没有持续的兴趣。  最后，个人建议：优先去北京、上海，4 年下来平台、视野、人脉具有优势。这也是互联网行业里大多数人的建议。 
电子科技大学沙河or北京邮电大学国际学校？,沙河学费哪里贵了==就是软工的正常水平吧
在北京邮电大学搞基是怎样的 体验?,哈哈哈哈哈。虽然我想回答。但可惜我没有男票啊。红红火火。好有意思的问题 
北京邮电大学本科阶段有哪些让你不满意?,乔建永你到底安不安空调= =
计算机方面，北京航空航天大学和北京邮电大学哪个好？,北邮即将毕业的机械狗前来回答。 作为一个北邮毕业但在北航致真上班的童鞋来说。 我建议从个人角度去选择， If你想投身互联网，北邮，else，北航。 If你想感受北京真正的夏天，北邮，else，北航。 最最重要的一点，无论你选什么专业，学的好坏在于你自己。 顺便提一下  北邮宿舍，夏暖冬凉，锻炼体质真的很棒。 北邮食堂，不管哪个，在三楼以上口味更佳。 北邮澡堂，请选择没有课的下午三点，空旷得可以撸一发。 北邮健身房，不是那种人很多的健身房，顶多早八点的西二旗。  顺便回忆一下，这四年学了啥，作为机械狗我还真没学到机械啥东西，还真就玩了会儿数据结构，微机原理，嵌入式开发，c家族，python，lua，然后圆润的混进了游戏行业从事了一名策划，就酱。
北邮（北京邮电大学）吕铁军老师为人如何？北邮保研这个导师会不会坑？,来说个真实的事儿。吕铁军对学生的科研是 不看过程只看结果，不指导(根本不懂)不改论文(一指禅，不会打字，小学水平英文)。在这种情况下，压榨学生写文章发文章，会议只能globalcom， icc， wcnc。每年只要哪个会议中的人多了，就说那个会议垃圾，不能再投。 经常把威胁学生不放毕业挂嘴边。试问：一个做理论研究的实验室，老师无法指导，不能改论文，还狂威胁，学生如何能够中好的文章？学生只能瞎摸索。实验室在读的每天生活在惊恐焦虑中，早已失去对科研热情！！！ 都希望早日脱离苦海。 再来说说17届刚毕业的的7个学生。其中两个专硕5个学硕。 专硕要求稍微低一些，发表2篇以上说的ei可以毕业，学硕一篇ei一篇sci(并且指定的access ksii tvt才可以)。五个学硕中，1个已经退学，剩下四个里面有1人中了3篇ei和1篇sci三座不让毕业(威胁说 不再中一篇sci就不放人，并且16年底11月找工作期间，被吕发现还被在微信群骂“你认为你能毕业吗？还敢找工作？”)。剩下三人一直到今年年初都不给毕业，威胁延期如果sci不中(三个人都是ksii在投期间)。2月，3个人中有 1个人中了ksii顺利毕业，剩下两人被延期已成事实。重点来了，延期两人中的一人除了ksii还投了一篇IEEE Access，出结果比较晚，吕毅然决然的把他延期，不给他等待access出结果的时间。结果被签字延期第三天，男生access中了！欲哭无泪！！！已成事实的延期 无力回天。又在水深火热中多待3个月！这就是事实，如人饮水冷暖自知。
四川考生，电子科技大学还是北京邮电大学？,当然电子科大，正在建设双一流大学，北邮当然也不错，就是氛围压抑，一学期跳楼三四个。。。。，另外北邮校园不好看，还小。
为什么北京邮电大学科技英语阅读与翻译这门课的徐玮老师这么僵化？,楼上说到徐玮老师特别**，总是装不成功的逼，字里行间透露出的对徐玮老师的意见和歧视，我是很愤怒的。 每一个人，尤其是大学生，都不应该歧视弱者。徐玮老师英语说的差，中文也讲不明白，提一些他自己都搞不清楚的要求，装乱七八糟的逼，这些的确是他的错，但这不是我们针对他的理由。 一个不会说英语的英语老师，一个不会装逼的装逼者，一个作业要求讲不清楚还喜欢提要求的弱者。我们要关爱他，要给予他应有的尊严，要像对待一个人类一样对待他，虽然他是真的菜。 说到最后：别选科技英语阅读，别亲手毁掉自己的生活。
如何评价北京邮电大学六十周年校庆晚会？,必须答一个题表示爱过！没赞我也不删，嗯！是不是一下暴露了。。。 昨天的晚会我认为在歌颂这些先辈们，在歌颂老师上真的非常值得称赞。正是很多默默奉献的老师在北邮的讲台上无私的耕耘，才有了我邮的今天吧。节目也还算精彩，看到了许多人的努力和付出。让北邮学子无论身在何处都倍感骄傲，觉得母校即使小即使破即使被发了姐弟卡但仍然是备受爱戴的母校。多可爱的学生和老师啊！昨天下午和基友看完电影，他说一块吃饭去？我说，不了，回学校看校庆去！他说我们学校就没这种气氛，要知道那可是学院路著名的985啊。虽然985意味着资金和资源，但是如果在凝聚力和985之间二必选一的话，我宁愿选择今日的自豪。 好了，接下来是吐槽部分： 1、乔校长，您来学校时间还没我长呢，这话讲得有点太长了吧。。。 2、那位暖场主持人这可是优酷全球直播呢，戴个女表真的好吗？(恕我愚昧，要是这是2015新潮流的话，请大家指正) 3、现场确实太冷了，让那么多老爷爷老奶奶我们的学长学姐们冻那么久，哎，真不容易啊！ 4、这对联真的是屏幕的右手边是上联，竟然那么多个都没人发现嘛。。。怪不得发你姐弟卡，这姿势水平是没法在一起的。 5、 我爱你北邮！今天所有的吐槽，评论，希冀都会在日后七十年，八十年，一百年，乃至下一个甲子的时候，化作那浓浓的情谊来得更急浓厚与炽烈！么么哒！ 
如何准备北京邮电大学计算机科学与技术研究生招生考试？, 据说从今年开始，复试的笔试部分是再考一套803试题，比以往的5选4题量有所增加，而且打印店也买不到题了。  ---------------------------------------------------------------------------------------------------------------------  初试803自主命题相对于408简单很多，复习的话使用王道4本加408真题和模拟卷完全无压力。  复试分笔试机试面试。笔试可以去学校的打印店购买往年题目，大多很简单。机试考察的是算法多刷刷oj很有帮助。面试各种各样主要还是看本科项目经历和基本功，但是一般来说走到面试这一步了，再不济调剂也是有学上的。 
北京邮电大学的软件工程怎么样？, 额   知乎虽然可以让你接触很多东西，但还是有些片面的啊，这种事情不是应该主动加一些   过来人   然后去询问么？ 
北京邮电大学宿舍条件?,你们这一届来了是去沙河，首批入住，好像是四人间上床下桌有独卫中央空调。你说好不好，虽然也没人住过。最近在招收志愿者暑期入住测试，我在考虑要不要去。在沙河一年后一般是回本部，回本部就看命咯，宿舍有好有坏。
北京邮电大学国际学院怎么样？对出国留学有帮助么？,果园非常棒，她与九院最大的区别在于对英语特别重视。     果园大一时期的英语学分是6，你想象一下，课时是九院的两倍之多，英语考试的难度也是十分逆天，可怜答主被虐的死去活来。    果园大二开始就会出现英方课程（哦对了大一到大四所有课都是英文授课），英方老师口音都十分的地道，可以在国内提前适应下出国后的生存状况。    果园的出国率将近70%，所以出国基本是每个果园人的目标。但是在哪个学校都是一样的，你要为此付出的比保国内研多得多，你要大一就开始大量的背单词，四六级基础不必说，还有TOEFL，GRE。在这里的四年你没有一刻是允许闲下来的，因为周围的人全部家境殷实，经历丰富，各种他们高中就参加过的项目，得到的荣誉你都闻所未闻，你按时完成作业，回宿舍打打dota，不知不觉就会被拉开很大一截。在这里光努力是不行的，你要有自己的思维，要有自己的眼界，要抓住一切机会。    但是，在果园你有一些事情必须去承受，去面对，那就是与本部的区别待遇。新生或许体会不到了，但我是看着昔日一起玩耍，一起奋斗的同学在一片欢声笑语中搬向本部，杂乱的道路一点点清空，喧闹的校园回归宁静，我站在夕阳下，像个被遗弃的孩子。    普通人最讨厌与他人的区别，这孤独到窒息的感觉是我们一段时间痛苦的来源。但是认真思考之后，我意识到一点    如果你的价值仅仅是因为你身边有一群优秀的人，那你简直就是个垃圾              图书馆的藏书虽少，却也远远超过你四年的阅读量，虽然只有两栋教学楼，教二却是全北邮所有楼里条件最好的，宿舍没有空调，一天自习十二小时以上也能让你在教室度过一个穿长袖的夏日。    生命不息，奋斗不止。你在怎样资源丰富的环境都是一样，如果你没有足够的能力，它们的意义只能体现在高中聚会的酒桌上。     
如何评价有学生举报，北京邮电大学校医院套取公费医疗资金？,不予置评。
如何看待北京邮电大学对“2016级本科生军训期间不幸死亡事件”的处理方式？,利益相关：北邮2016级大一在读新生 目前军训中   清晨更新：早上起来的时候同学表示这个问题在知乎已经搜不到了。 而昨天晚上，我输入这么多内容的时候，那个问题是排得很靠前的。我不清楚这里面发生了什么，希望有人能给出一个合理的，干净的解释。  最好是我多虑了。  以下是原答案：  本来是没想来回答的，楼上各位回答已经非常翔实，切中要害。再者作为一个偷偷带着手机来到军训基地的学生，来回答这个问题也实在是麻烦。然而这几天见到的一些事情，让我内心的正义感，或者是中二病，又发作了。  忘了是谁说的，我们生来都有一股极其强烈的正义感，但是因为我们的能力有限，让我们只好时刻压抑着自己的正义感。以至于当我们最终拥有这样的能力时，我们已经失去了自己的正义感。   目前我尚不具备这样的能力，但我希望能好好珍惜自己的正义感。  回到事件本身。  整个事件对于哪怕是作为北邮学子的我们也是一直笼罩在迷雾里的。  死者和我并非同营，但军训基地一个巴掌大的地方，我了解事实的途径，居然和各位相同，是通过网络。  最初的消息来自一个当事的朋友。他在QQ群里表示有人在军训中不幸去世了。此语一出群里一片哗然。这位朋友我是信得过的。他还表示，此事经过他们教官确认，并且救护车来的时候就在他的宿舍楼下。  半信半疑中，我留意到这个传言在校级群里也开始悄悄流传。我希望能得到更详细的说法，然而也是众说纷纭，难以相信。到当天晚些时候，群里已经发出一个公告，确凿地说，此事系谣言，并建议带手机的新生打电话回家报平安，并澄清谣言。  事情到此看起来像是要告一段落。  然而，我开始注意到，从第三天起，军训的强度开始明显地降低，休息时间一坐就是近一小时。而前一天我们还在长时间站军姿，站到怀疑人生。  之后又得到消息，其他学校在军训的开营仪式上特别提到北邮的这一事件，以警示新生。  至于我那个朋友，依然在确凿无疑地表示，这件事情是真的。  我开始怀疑。  再然后，到今天，看到消息坐实，风向再变，心里很不是滋味。 打开校级群，有人提起此事，群里的样子是这样的。   还有学长戏谑地说   虽为戏言，但你要是问我这是不是事实，我觉得我无法反驳。  这就是北邮，它看起来没有一丝人情味。  声泪俱下的家长并不是想要多少赔款，他们知道多少钱都换不回自己孩子的生命。  他们需要的是一个说法。  需要学校的妥善处理，需要一份能解释问题的声明。  但北邮是怎么做的？  作为以万里长城闻名的学校，北邮封锁消息的能力的确厉害。整个军训基地，保守估计百分之六十的人对此事仍不明就里；训练悄悄变水，，但仍然在正常运行；学校本部家长讨说法，保安的工作却是禁止路人拍摄。  你告诉我，这所我即将停留四年的学校，它的人情味在哪里？   看到这则消息，我的第一反应就是把自己代入这个环境：假如死的是我，我的父母会有多伤心？假如我的死亡换来的是学校这样的回应，这对我的父母该是多大的伤害？  高三那年，一位我非常敬爱的老师痛失远在吉林上大学的爱子，也是遭到同样的待遇。讨说法时直接被保安阻拦在外，好像他们是前去闹事一样。不出意外地，这件事最终的处理结果也就是私自了断，学校象征性地赔偿了几万块，也就算过去了。  只是暑假时当我去探望那位老师时，我只记得他和师母看起来那么苍老。  再回到此事。对于此事，我的感受是很复杂的，既有心痛，更有心寒。   只是我转念一想，我又能做什么呢？    我能做的不过是好好活下去罢了。   *********************分割线*****************  写完这个答案的现在已经熄灯近一个小时了，没能好好排版烦请见谅。这是我的知乎首答，本来指望自己多学些专业知识以后变成很厉害的人再来回答，现在看来是提早了。我不在乎有多少人看到，我只希望我再也不需要回答这样的问题了。
北京邮电大学跟哈工大威海比那个学校厉害？,本人是哈工大威海大二通信工程专业的学生，就我看来，这两个学校根本不在一个数量级上，不论从地理优势还是学科势力上讲，北邮完爆哈威。 北邮是发展的很好的大学，哈威还年轻，有很长的路要走。 本人正准备往北邮考研。
大二党，普通一本211，想考北京邮电大学信息安全研究生。?,谢邀。建议你去北邮人论坛考研版问，有更准确的资讯  北邮人论坛-北邮人的温馨家园   
在北京邮电大学(BUPT)读研，有哪些坑爹的导师？,这个贴太坑爹了。我是彭老师的学生，最有发言权。我自认很幸运跟了北邮最年轻有为的老师读研。彭老师学问应该是北邮年轻老师中做的最好的，当然也是最勤奋好学的。他总是最早到实验室，我们走时他还经常在办公室。如果想在彭老师团队混研究生文凭，那这里绝对是坑，当然现在想混文凭的同学大有人在。但如果想提高各方面能力，顺利写出答辩论文，甚至追求优秀毕业生，为未来职场打下基础，我自认这里绝对是北邮最好的实验室。彭老师自掏腰包买好蛋糕每2周组织给同学们一起过生日，每月津贴基本是北邮最高的，从不让我们去做公司的下手活或者横向项目，我做了两年的这个项目都是彭老师自筹经费。黑我们彭老师的不知是何居心，太气不过了。可能是北邮环境不太好，基本没有老师安心做理论或者都想着去卖学生赚钱，短视围绕BAT就业，看不到未来10年后技术需求变化。 师弟师妹们，眼看为实，不要道听途说，欢迎过来实验室感受北邮为数不多的能跟国际大学接轨的实验室，彭老师从美国普林斯顿大学回来的，视野和要求真的不一样。
如何看待北京邮电大学2017年4月4日网络中心UPS老化失火事件？,防火墙 不防火 4.04 not found 的节日
如何看待北京邮电大学沙河校区2017年1月2日学生意外死亡事件？,我是北邮的 是真的     没有抢救过来 现在有点难受   尽管不认识     
怎么看北京邮电大学新成立的现代邮政学院？,第一次被邀请，好鸡冻…… 现代邮政学院啊，其实不清楚，不过看那天校党办发的一个文件已经包括这个院了，估计很快就招生了。作为北邮人，学校开这么一个学院我倒是一点都不惊讶……可能重点是物流之类的专业？听过一个吐槽大概是说“这样我邮就从设计到组装再到物流就全了”。 期待更专业的回答 以上  5.27. 13:30更新 在信息门户找到了招生通知，贴一下吧  现代邮政学院是北京邮电大学直属二级学院，在教育部和国家邮政局的大力支持与共建之下，于2015年10月成立。学院积极构建与政府、邮政快递等企业的政产学研合作平台，依托政府的政策支持与指导及企业的通力合作，实施大学与企业双导师制度，探索新型校企联合人才培养模式，面向邮政快递等行业领域，致力于培养引领未来行业发展的高层次人才。  为加快培养邮政快递等行业急需的高层次人才，学校拟从2015级本科生中选拔优秀学生组建现代邮政学院“邮政快递实验班”。现代邮政学院2015级拟设置两个本科专业：（1）物流工程（邮政快递智能工程）专业，学制四年，授予工学学位；（2）工商管理（邮政快递管理工程）专业，学制四年，授予管理学学位。2015级实验班每个专业计划招生30人，合计60人。  实验班组建办法如下：  一、申请资格      1、2015级全日制本科在校学生；  2、没有违反法律法规或校规校纪行为；  3、大一第一学期的必修课成绩全部合格。  二、申请限制条件  凡有以下情况之一者不能申请转入现代邮政学院：  1、根据教育部关于艺术类招生的规定，艺术类学生不能申请转入；  2、根据教育部关于保送生招生的规定，外语类保送生不能申请转入；  3、根据我校转专业相关规定，国际学院学生不能申请转入；  4、高考以文史类考生身份考入学校的学生仅限申请转入工商管理（邮政快递管理工程）专业。  三、组建实验班实施程序  1、申请报名  有意向申请现代邮政学院相应专业实验班的学生填写申请表（见附件），并提供大一第一学期成绩单（教务系统成绩查询结果截图）。  学生可同时申请转入物流工程（邮政快递智能工程）专业和工商管理（邮政快递管理工程）专业，在申请表中要注明志愿顺序，或仅报其中一个专业。  报名起止时间：2016年5月27日-6月6日。  报名方式：学生下载填写附件中的申请表，打印纸质版申请表并由学生本人签字，拍成清晰的照片后，以邮件形式发送申请表照片版及成绩查询结果截图（截图须体现学生姓名、学号及各科成绩）至chshy@bupt.edu.cn。邮件主题需注明“现代邮政学院实验班报名”。  咨询电话：010-62282606，13811511501，陈老师。  2、组织考核  现代邮政学院根据报名情况，确定参加考核名单并组织考核。考核时间初步定于2016年6月9日-10日，具体考核办法根据报名学生情况确定。  学院拟以学生第一学期末专业排名为主要考核依据。  若第一学期末成绩排名在原专业前50%的申请学生人数大于计划人数，学院将组织原专业排名前50%的申请学生进行面试，根据学生的成绩和面试结果综合考虑确定现代邮政学院各实验班学生名单；  若原专业排名前50%的申请学生不足计划数，则此部分学生优先进入实验班，学院组织其余申请学生进行面试，根据学生的成绩和面试结果综合考虑确定现代邮政学院相应专业实验班的学生。  安排专业时，优先满足学生的第一个专业志愿，当所报第一专业志愿无法满足时，若考生服从调剂，将视情况调剂至另一个专业。  3、报教务处审核  现代邮政学院根据考核结果提出实验班学生名单，并于6月16日前报教务处审核。  4、公示现代邮政学院相应专业实验班学生选拔结果  学校审核通过后，将在学校网站上公示现代邮政学院相应专业实验班的学生名单。  5、办理相应手续  学生在2016年7月6日前到现代邮政学院领取转入现代邮政学院相应专业的手续转单并完成转入手续。办理手续时需同时提供由原学院出具的学生成绩单。  教务处于2016年秋季学期初完成学生学籍变动处理。  四、成绩认定  1、转入现代邮政学院的学生仍参加原学院2016年春季学期期末考试并参加原专业2015-2016学期的奖学金评定。学生第一学年所修读的原专业课程，其名称及学分如与新专业要求完全相同，成绩、学分可直接认定。在评优、推荐免试研究生、评奖学金等涉及学生成绩排名需核算智育成绩时，按实际成绩计算。  2、学生转到现代邮政学院新专业后，须按新专业培养方案学习。新专业要求的第一学年未修读的课程以及所修课程名称相同但学分较低的课程应于第二学年补修，到教务处办理“跨年级选课”手续。未按照规定学期补修的，该门课程以“缺考”处理，按零分记载。原专业所学课程如非新专业培养方案所要求的，已取得学分计入任选课类别，最高可替代2学分对应类别的任选课。  3、学生毕业时按新专业培养方案要求进行毕业资格审核。 
北京邮电大学有哪些有意思的网红（网络红人）？,404not found
北京理工大学，华中科技大学，北京邮电大学学计算机专业哪个好？,北理工计算机不算强势学科，北邮计算机很强势，相比华科还有地域优势，但是华科是985，计算机也是强势学科。本科毕业不打算工作的话建议华科吧。话说这是怎么邀请到我的。。。虽然我是北理工的
北京邮电大学和哈尔滨工业大学如何选择？,北邮！
北京邮电大学世纪学院如何？,作为一个16级的在校生，学校给了我许许多多不一样的东西。不论是在学习，在工作的能力提升上，感觉非常的有帮助。从办学上，这儿的老师许许多多来自北邮，他们非常的博闻强识。对我在学业上许多的帮助。在生活上，学校有许许多多的团队，招生办，学生会，团总支。里面有各种各样的人会给你温暖和关怀，也在团队上给你许许多多的历练。
北京邮电大学的管理科学与工程专业博士好考吗，北邮的这个专业怎么样？,北邮的管理科学与工程是很好的，博士考试是考试制，按成绩排名，不像北理是面试问的问题很难，北科需要先交材料再考试，能不能有机会还很难确定，了解考博信息可以私信聊
北京邮电大学软件工程考研有多难？,谢谢邀请，看你是什么专业的学生吧，如果本来就是计算机软件的，还好，如果不是的话，计算机那些基础，比如操作系统，组成原理，编译原理，数据结构算法，肯定要好好学习了。不过针对就考研来说，好好准备专业课，针对性的准备，考个340+没啥问题的，但是复试了，那些基础的知识也肯定要刷一遍的
如何看待北京邮电大学新成立的网络空间安全学院？,一点猜测。 独立出来有助于远离在计算机院内部受到的掣肘（类似于当年从信通院移动到计算机院） 而且可以有更多相对独立的发展资源  缺点的话 没计算机院罩着了（）
如何看待北京邮电大学租用宏福集团地区进行使用的行为？,1，北邮的饭补是打到卡里的，每个月60，与食堂费用直接折扣各有利弊吧。。。我在的3年觉得师生戎城还挺好吃的，不知道还在么。 不过题主既然在清华了，怎么到宏福校区呢？现在宏福不止国院本科了，研究生也过去了？ 2，校区管理的确是大问题，曾经我们也传出过丢东西的事情，近几年是无法解决了估计，听说租期要结束了，集体搬迁到沙河校区，不知道什么时候成行。 3，操场的确是老大难问题，估计是学校觉得就租几年了懒得弄了，我们平常也是极少去运动，浮土有一层，混合着雾霾味道醇厚  PS:赶紧珍惜在楼里就有的浴室吧。。。真心的，回到本部我们无比怀念想洗澡就洗澡的日子
北京邮电大学自动化研究生怎么样？,你考上了没？
想考北京交通大学的通信，也复习了北交版的通信原理一个月了，可感觉北交难度大，突然想考重庆邮电，求指点？,求学长学姐指点 
谁知道北京邮电大学教育培训中心好不好，他的IT培训优势特色是什么？,亲，我建议你不要去，真正的IT行业不是靠培训，靠的是经验，自己去网上下载一点教学视频就可以学会的。
在北京邮电大学体育馆几千人睡是种什么体验？,看我的表情 几天以来终于完整的把一晚上睡过去了。 晚上睡觉为毛大灯还亮着？我们是来吹空调的，不是享受光明的。 早上是被冻醒的。  还有一点，男女是分开住的，阻碍了同学间感情的交流。 最后再说一句，希望校方不要认为这是一个很好的解决办法，真正改善居住条件才能解决问题，我们想要的不仅是空调，一般我们都是私下说学校怎么怎么不好，只不过就是最近，高温逼着我们把要空调这事喊出来。
学通信电子的，研究生选择东南大学还是北京邮电大学？,找一个好的导师，比什么都重要。
北邮企业精品班是北京邮电大学继教院承认的吗？, 同求答案  谢谢 
北京邮电大学考研培训班哪个好？, 可以联系我，我是17考研党正在和通信的一个师兄弄一个考研班，不过只负责专业课哈 
如何评价北京邮电大学的乔校长？,北邮16级渣渣 前几天北邮人论坛事发的时候 所有转发点赞的知乎账号和空间账号都被封了 北邮势力已经渗透到了这种地步 也不会有人敢对北邮领导出言不逊 客观来讲 乔校长是一个很正常的校长 没有任何突出功绩 也没有捅出太大篓子 写这些我都害怕自己被封号
我是浙江的，去北京邮电大学当最后好还是在浙工商选个好专业好？,北邮最后是什么？这是一个伪命题。起码，你得告诉我具体的专业，最好还要浙江工商的。理论上，在地域和院校上，浙工商和北邮都不是一个档次的。如果是我，不管北邮什么专业我都会毫不犹豫的选择北邮。以上仅仅是我的观点，仅供参考
请问一下北京邮电大学2017年大一新生搬到沙河校区后，宏福校区是不是学生就会很少了呢？,由我们这些搬不走的2016级新生来填充啊，好想哭
2017年考研北京邮电大学801通信原理考研辅导班求推荐？,新祥旭考研一对一效果很不错的
北京邮电大学宏福校区毕业证与本部的差别？, 没区别，都是正规的北邮毕业证。  当然要通过专业来辨别也是可以的。 
北邮 北京邮电大学文科专业如何？,北邮经管国贸专业 本身经管在北邮不是特别有优势 另外告诉你经管八个专业八个班只有一个文科班 边缘化危险 另外三个文科班是人文院的 法语专业。。。 英语日语专业还好，大一开始就在本部上 前景，说不好，看个人吧 北邮给你的，是通信计算机和互联网背景 真心不建议纯文科生来北邮这种纯理工院校
如何评价北京邮电大学的杨义先教授在发生跳楼事件后的言行？,他多少年之前就已经丧心病狂了。当年骂他副手辛阳的帖子合集三次都能上十大。后来是放校出面才给卖出去的学生从800涨到1200，这里面还有200说要结项之后给。然而华为给那帮学生开的工资其实是按一个人头8000算的。 给自己洗地也就算了，还污蔑学生。 只能摆一张武侯脸了。
长春理工通信工程的学生想考北京邮电大学通信的研究生的可行性有多大？,更新：我拿理学院举例并不恰当。造成了评论里大家的困惑。北邮的通信是王牌，两电一邮的通信都很难考。这毋庸置疑。不过我原答案所说也属实，不过我说的是光学工程专业，和通信的情况是大不相同的。 ——————————————————      拿我们理学院为例，一志愿一般都是985，然后，分为考上，进入985，没考上调剂，要么211，要么本校。(考不上的就不用说了)所以北邮在考研成功的人的院校中并不是很高层次。(当然北邮很好，我是说，相对于学霸们进入的哈工大，吉大，华科而言）。。。。。。。。。。。。。。。所以如果你一志愿就报考北邮，然后付出该有的努力，并不难。毕竟那么多一志愿985的都成功了。。。。。。。。。。。。。。。。说件事，北邮曾来过理工理学院宣讲，物理学院的光学专业，当时是系主任来的，很重视。并且告诉我们，现场决定一志愿报考的，免复试费200。报销车票，还无偿提供专业课量子力学的资料。等等等等。。。。。。。。。。。。但是没人报考，因为现场只去了四位同学，学霸们都在浙大的宣讲会挤着呢，学渣又不考研。只有我这种半上不下的去了，不过也没报名。因为实在心有不甘，后来还是报了985。。
北京邮电大学怎么wifi都不让蹭下呀，今晚到明天晚上十二点难倒就静静的看着这校园路灯呀。有点胆小？,有bupt-guest啊，校内的咖啡店饭店也有不需要用校园网账号的wifi。
选择北京邮电大学还是电子科技大学？,冒然推荐计算机的真的都不负责啊…… 我的意见是还是需要深入了解这些专业都是做什么的，根据爱好选。强行读所谓的宇宙无敌计算机真不是最优解 题主来知乎问，我还没看答案就已经知道高赞口径了。尽管我知道这里是个程序员大圈子，对计算机专业的推崇还是让我吃了一惊。看不到成电进步，对地理位置决定论奉为真理让我看了都汗颜。 母亲83届北邮通信毕业生，同届几个同学有留校任教的。这次考研结束，专程去北邮了解了一些事情。 北邮首先定位是一所就业导向型学校，全校码农化。本身有一定实力（但绝不是国内一流，实际上国防科大实力要比北邮强）再赶上了最近几年的互联网大潮，让整个学校靠着就业就名声大噪。 相比之下，成电的地理位置不占优，综合排名不咋地，总被人吐槽是照顾四川才给了个985，这几年稳重进步靠得的的确确是硬实力。个人在北邮和成电的感受是，北邮就业好，收入在全北京都算前列。成电学术气氛浓，很多老师的和实验室领域都是国内一流，世界先进的。各有所长，俗话说得好，文无第一嘛。 题主应该深思更多的问题，而不是像楼上的回答一样，计算机，北邮，北京 ，别考虑成电了。诸如这些简单暴力的想法和赌博也没区别了。 你该考虑这几个问题 1，编程这个事情是否有兴趣。 上面很多人说计算机好好好，编程收入高。殊不知调程序，写代码本身是个有些枯燥的事情，如果没兴趣强行做真的是煎熬。 2，是否有科研，深造，留学的计划。 深造来说，985平台要比211还是高一档次的，而且成电在电子和通信的学术实力不是北邮在计算机这块可以相提并论的，毕竟罗马不是一天建成的。很多人说北京的巨大优势，我表示怀疑，因为理工科课外时间并不多，北京实习机会的确多些，但想利用清华北大中科院的资源我表示多数人特别是本科生还是机会比较少的。而在成电，如果读微固和通信，这里可是有国家重点实验室支撑的，本科期间就有发文章的机会，对于申请国外的高校还是不小的优势。 通信行业这个事，  @天才小猴  同学写的很好了。我补充一点，现阶段5g还在摸索，标准尚未定出来，物联网还刚刚露出来苗头，这时候唱衰通信也太…要是这样的通信都算衰，我看计算机专业也太目中无人了吧，电气，机械，化工都别存在好了。只要学术界和工业界大饼还在一张一张画就绝对不是没落了。 再说ee，摩尔定律的确瓶颈期了，但国内IC行业刚刚起步，马上一个黄金十年就来了，真不行么？我也承认通信相比计算机收入没法同日而语，但通信行业相对稳定，30岁时候不用担心后面的人会将自己取而代之，从事本行业5年时候会具备一定跳槽或从事团队领导能力，已经比很多传统工科好太多了。 而且主流互联网企业也并不是永远在快速扩张，当智能手机普及，移动互联网普及，人口红利消失，互联网也会逐步走向利润常态化。 至于很多都说的微固材料垃圾，计算机完爆之类的话我只能理解为自己不给力摔锅给专业了。且不说微固那边读研有做成电的招牌功率半导体。就说做材料的，南京大学的王欣然，80年出生的，长江学者特聘耶。成电微固的刘明侦博士，90后千人啊。搞得做材料的都不能给互联网从业者提鞋似的，这价值取向也太奇葩了吧。 题外话 您应该形成自己的思考能力，深入分析所有情报，我对您是否能在“CS最高”的呼声中保持自我表示怀疑。 我觉得兴趣永远是最好的动力，我高中同学有在北航强行计算机读废的，也有在西安交大这个地理位置垃圾，学校衰败的地方读电气读出来成就的。人一定要对自己有个相对准确的定位。带着兴趣做喜欢的事成功率比读一个热门但不喜欢的专业成功概率更大。不过你要是什么都不懂，没什么兴趣，那还是计算机吧…毕竟哭着低收入，比累死高收入感觉更差。人生理想实现不了，为钞票而活也能提供你很多动力。 所以最关键的是自己的前程与学校的平台是否符合。 最后，我想说，通信其实和互联网千丝万缕，都需要掌握编程能力，学生阶段你拥有大量实验各种可能的机会，根据爱好和形势随时转行并不难。树挪死人挪活。
关于东南大学和北京邮电的抉择？,本科，要考虑四个因素，学校、具体专业、大学所在城市、工作期望城市。  单纯的问哪一所学校没有意义，上面四个因素你分别考虑清楚，选择就出来了。  志愿填报，我倾向于引导思考，而不是告诉你哪一所学校，因为这没有任何意义。
北京邮电大学宏福校区究与北邮究竟有什么区别，是否建议报选？,北京邮电大学宏福校区指的是国际学院，学费6万一年。  国际学院是北邮与英国玛丽女王学院合办的项目，毕业后拿中英双方毕业证，出国方便很多，英语教学，但是学费较高，请综合考虑
北京邮电大学世纪学院怎么样?,看了这些帖子，有种说不出的味道，因为我就是那个有幸出现了两次的教师。我本人是来自北邮教师，主要管理通信系工作，现在全系来自北邮的全职老师有7位，北邮毕业的博士担任老师有3位，部队高校专业教师4位，他们都具有较高职称和在北邮十年至30年左右教龄。还有重邮和其他高校毕业的硕士若干位，中兴通信工程师2名，还有北邮兼职教授1位，副教授2位，这就是通信系的核心班底。三本院校最大的问题是高中阶段没有养成良好的学习习惯者居多。电子与通信类专业的课程难度在所有工科类专业中是最难的，没有之一。从高数开始到大物，概率，复变，电路，模电，数电，信号，通源，数字信号处理和若干计算机类课程，哪个是好学的？学不会没关系，可以继续学，不学者嘲笑学习者是最不能让人容忍的。上面那个徐同学肯定不在优秀者行列，因为优秀者很忙，已经被送到北邮本部访学了。我到了世纪教学有许多不适应，学生的学习习惯是最大的问题，辅导员有时候不得不将部分学生赶往教室，对于普遍学习动力不足，不知道思考人生未来的同学，我们该怎么办？既要让他们学到点什么，又不能太难，这就是要面对的现实。能够定位的就是让他们学的比高职高专多一点，比北邮本部少一点；理论少一点，动手实践的机会多一点，走向工作岗位有一技之长。我们这几年参加国际、全国和北京各种大赛获奖很多，比如今年16年北京市高校电子竞赛，我们11个队取得了北京赛事的1，2，3等奖各一项，力压北京理工等著名高校（50个队，一个一等奖），全美数学竞赛二等奖1人，上面的几位同学肯定不在这其中。作为“愤青”和“奋青”是有极大区别的，奋青是在奋斗自己的未来，愤青是在愤世嫉俗，全然没有想到他们还没有为社会做出贡献，全然不知道自己和优秀人之间的差距，谈享受，谈权利，大家猜猜真把他们放到北邮，他们能怎么样？前天我又送走一批优秀的学生去北邮访学，还送走了9名考上研究生的同学，世纪是以优秀的学生为荣！但愿我的这番话能让愤青惊醒，脚踏实地的做好自己的事情，从点点滴滴开始。如果不想从事一眼望到底的工作，那就要有精钢钻。
为什么有很多单位到北京邮电大学租借场地办运动会？,吵到贵校的同学们了…… 作为一个6年的北邮土著，来学校操场办运动会的有附近中学还有一些企业，国企私企貌似都有。有的单位待遇比较好，开车的人多，学校篮球场还会改成临时停车场。我们虽然不会有宿舍挨着操场的困扰，但是这同样也会给我们带来很多不便。 我想主要原因还是因为便宜，地理位置也不错，另外学校还能创收，所以就来者不拒了。没办法，大北邮穷啊！贵校每年教育部给拨的款项够我们好几年了。另外北邮内部面积过于小。所以贵校能专门养一个纯草皮的操场，北邮就只能靠出租挣点外快。 至于为什么便宜，可能还是跟人际关系有关吧。据说每年开学时联通、移动、电信来办号、充值的时候，其他学校的场地租金也是远远高于北邮的，有时候能差到5~6倍…… 总而言之，还是因为穷啊……
为什么北京邮电大学在外省和北京都很知名，而北京交通大学却相对差一些？,我觉得这个问题唯一的有用之处就是让我发现原来知乎上有这么多我交的校友。。。。。。
北京邮电大学本科生毕业能否申请到类似于Stanford Berkeley之类的名校？,我不是北邮的，不过也是工科狗准备出国出国读研，可以给你点建议。你要做的就是把托福和GRE考好，刷高绩点，尤其是你想去斯坦福的话，那儿的申请要求几乎是全美最高的。最好还要有竞赛科研经历，这对电子信息工程这个专业应该不难。最后，你要是想保险点，找个中介
北邮（北京邮电大学）各个研究生导师、组、实验室情况如何？,咋的木有回复
如何看待2017年5月21日北京邮电大学主楼发生的一起高空坠物事故？,说一下学校心理中心吧，其实我得过神经焦虑症，但是我却没有去过学校心理中心，虽然它免费，原因有三，都是从同学那儿收集到的。学校心理中心的实际掌权者是一群老阿姨，她们不是专业学心理学，喜欢在闲暇时间，八卦患者的病情；同时，学校在心理中心的咨询室安装了摄像头；最后，如果你在心理咨询过程中流露出一点自杀的倾向，你的个人资料马上就会上报给辅导员。 对于这些学校大可以举着为我们好的旗号，但是大家心里都清楚这并不是为我们好，而是为学校好，这样学校就可以将事情掌握在自己手中，容易控制，遇到危机容易处理。我甚至理解学校希望稳定的初衷，但是这方法实在用得不恰当。   以下为原答案一个认识的人就亲身经历了这件事，说一下大概情况吧，就是一个学生在主楼选择结束了自己的生命（经提醒，和确认，这是个大三学生，没有问清楚就上来说，确实是我的错）。其实这个事件如果孤立的发生，没什么可说的，学校不希望这种事情传播我甚至也可以理解，但是它只是积蓄已久的矛盾和问题的一个表现而已。北邮从乔校长开始，学校和学生的关系就在不断恶化，就在今晚发生了将会影响深远北邮人论坛被关事件，这样一个小小的论坛，承载了多少人的记忆。虽然现在事情暂时平息了下来，学校领导也完美的把锅甩了出去，我也不知道广大的北邮人会不会很快的遗忘这件事，我只想说，来北邮的这两年我很失望，它完全不是你想象中的大学，和我本科也相去甚远，整个学校弥漫着急功近利的气息，从上到下，从老师到学生。甚至我有同学在这种时候还只是关心bt关了就下不了资源了，如果这样的学生就是你们想要的，那我不当也罢。
广东学生，相比起选择北京交通大学，北京邮电大学.留在深圳读深大是否更好.？,谢邀。 这种问题，我始终一个答案，能去北京的211读个不差的专业，读个屁深大啊
剧组想在北京邮电大学（昌平校区）拍戏，应该联系学校的那个部门或者哪些人？,这个校区叫宏福校区 就在这里读书的表示这个校区其实挺可怜的  为什么不去考虑下隔壁富丽堂皇的中央戏剧学院呢
北京邮电大学的学生为何最受互联网巨头们青睐？,我都是乱扯的，临时想的，可能也不全。 1.人多：虽然计算机院的人数和其他高校差不多，但是北邮还有信息通信工程学院、电子工程学院等等，因为北邮研究的东西整体偏软，即使非计算机院的学生，编程能力也是杠杠的； 2.传统好：每个学校都有前辈留下来的东西，北邮的前辈留下来的东西就是实用主义和分享精神，学以致用、以史为鉴。 3.科研任务少：不怎么搞科研是北邮的特色，如果中科大的计算机院能够有四百人的规模，分分钟排到全国第一去，放在北邮，才全国第十左右，科研任务少，学生就有更多的时间放在工程实践上，在互联网对工程技术人员需求量越来越大的大趋势下，这必然有益于毕业生进入互联网。 4.地理位置：一是能保证学生的价值观不会出大问题，二是能够给学生提供大量的高质量的实习机会，使得毕业生在找工作的时候处于优势地位。 5.学校性质：虽然北邮招到的学生质量还不错（聪明），但因为学校不是985，学生也不会认为北邮是名校，因为没有名校光环，北邮的学生在毕业时，更容易放开之前的所有成就，全新投入到工作中去（务实），自然能够取得更优的成绩（聪明+务实=无所不利）。
北京邮电大学学校内的氛围是什么样的？,       北邮的计科和通信工程还是相当强的，毕业以后不管出国还是读研深造，或者直接找工作待遇都不会差。互联网氛围相当好，毕竟很多毕业生的就业方向都偏向于互联网，因此大家也很关注互联网。很多互联网大牛讲座，活动，实习，多到你都想下去听。        跳楼，是个略微悲伤的话题，但其实大部分心理正常的孩子来说都不用担心这种情况。本科四年，身边认识的没有一个跳楼的，大家过得都还行吧。对那些跳楼的不太了解，不加评论        现在已经有空调了，哈哈哈哈哈        注意事项：        1、北邮后勤是真的差，真的糟心。        2、伙食一般，个别餐厅死鬼        3、极度缺乏人文氛围   4、确保自己的分数足够，不要被调剂到小学院（极度重要，极度重要，极度重要）   总而言之，学校硬件是差学校，学校领导是差领导，学校老师有好有坏，学校同学是好同学。这里能学到知识，交到朋友，得到好出路，但要来，要足够慎重。   Ps：以下是北邮人论坛内的一些学生关于北邮话题的投票，你可以一窥大家对北邮的看法        
报考北京邮电大学宏福校区后大三大四确定会回到本校吗，那请问费用还是六万一学期吗？,当然。当然。 这些都是写在招生章程里的东西啊= =  等一下 不是六万一学期是六万一学年
北京邮电大学的法学怎么样？,我是一个在读法学专业的人，所以有亲身体验。首先，北邮的人文气息的确不太浓厚，但是老师还是很负责的，而且会很细心很温和的回答同学的问题，关键在于自己肯不肯去问。就算是北大，缺乏积极性和主动性的人也很难成才。所以，对于上一位同学说的老师教不了什么实在不敢苟同。 其次，北邮的法律还是很有特色的，关于通信互联网这一块儿比较有优势，如果对这一方面有兴趣，那北邮就算与清北相比也不亏。就算是其他方面的法律，如果自己肯努力，多与老师探讨，也能通过这个跳板上一个不错的大学读研。没有所谓的学校决定命运的说法，在机会如此多的北京，要抓住机会还得靠自己。 最后，客观的说，北邮与综合性的大学相比，有他的弱点，就如同我前面所讲的人文气息太弱，法学人也是提升杯有人文气息的一支重要力量呢！每一个学校都只是会一定程度上影响周围的环境，但不会决定我们的命运，所以无论大家上哪一所大学，都是值得欣喜的。 现在的平凡是客观存在的，但母校给了我成长的地方，我会努力为母校书写未来的憧憬。还希望大家可以客观评价每一所学校及其专业。我不在意别人是否看好它，但我不允许别人诋毁她。
