长安大学路桥毕业，从中建系统跳出来，进了一家小设计院，值得吗？,非要从赵家入坑王家，还能说啥呢？熬
关于长安大学的一系列问题？,替一位女同学写一下答案:刚被录到长安大学，以为是民办三本。入学到了宿舍一看，这肯定不是民办三本啊！
请问长安大学计算机专业在哪个校区？拜托了！？,信息学院大学4年全在渭水
安徽大学 郑州大学 湖南师范大学 东北师范大学 华中农业大学云南大学 海南大学 长安大学怎么选？,东北师范大学应该不屑于和这些大学比拼。就算不是985，也是顶尖211了，你看看教育部直属的师范院校有几家？  新闻系东北师大应该有2个，一个艺术类，在传媒学院，一个新闻学，在文学院。
长安大学的环境工程专业怎么様?,在长大不是优势专业
道路与铁路工程的综合实力，华南理工和长安大学哪个好一些？,铁路院校.北京交通大学，西南交通大学，兰州交通大学三所，你说的那些土木也许不错，但是铁路工程恐怕都不够专业，北交最好的是交通运输吧，西南交大的电气比较NB，兰州交大最好的是桥隧
长安大学地质类即将入学的学生转专业去路桥要做什么准备？,还是转计算机或者软件比较好
海南大学的法学与其他内地如集美，长安大学，还有一些财经类大学的法学专业相比如何？,来说下我的观点   1.海南大学的优势专业中法学相对突出，是全国三十三所法学一级博士点之一，在全国900多所法学院校排名30左右，在211院校当中算不错的专业。海大法学院本科阶段只设了法学一个专业，每年也只向全国部分地区招收120名左右本科生，细专业在硕士研究生设了，其中民商法专业还是比较出名的，能与全国知名法学院校相媲美。要学法律，推荐报考。  2.集美大学，省级重点大学（因为不是985，不是211，当年高考也就没有了解过这样的学校），地址位于厦门，但和厦门大学相差甚远。轮机工程、财政学、航海技术、水产养殖学等专业可以说是集美大学最好最有特色的专业了，这些专业为同类型高校相关专业和本校的专业建设与改革起到示范带动作用。与楼主的法学志愿关联不大，如果楼主只选择法学，不推荐报考。  3.长安大学，（本人就是，现大二）四部一省建设高校，211工程重点建设大学，985工程优势学科平台，公路，道桥，汽车是王牌专业，交通运输是类学科较为强势，尤其是公路，道桥，号称亚洲前列，全国唯一一所拥有自主汽车试验场的高等院校，但根本没有法学专业，是完全的理工院校，如果楼主热衷法学，切记千万不要报考。  4.至于其他大学，我想楼主心理应该是有数的，我不再罗列分析。考得好不如报的好，最后祝愿你能报到理想院校。
在长安大学信息门户上选课是怎样的一种体验？,便秘是一种怎样的体验？
浙江2017高考超一类线22分，名次三万零一点，能上长安大学么，挺急的在线等？,希望不大
西安大略大学和长安大学，以及西京学院，哪个更好一些？这三所学校的优势各是什么？,长安大学被黑的最惨的一次 人家怎么说也是211啊
长安大学经管学院四大组织哪个最好？, 神雕侠侣 第三十九回        但见室右有榻，是他幼时练功的寒玉床；室中凌空拉着一条长绳，是他练轻功时睡卧所用；窗前小小一几，是他读数写字之处。室左立着一个粗糙木橱，拉开橱门，只见橱中放着几件树皮结成的儿童衣衫，正是从前在古墓时小龙女为自己所缝制的模样。他自进室中，抚摸床几，早已泪珠盈眶，这时再也忍耐不住，眼泪扑簌簌的滚下衣衫。  忽觉得一只柔软的手轻轻抚着他的头发，柔声问道：“过儿，甚么事不痛快了？” 这声调语气，抚他头发的模样，便和从前小龙女安慰他一般。杨过霍地回过身来，只见身前盈盈站着一个白衫女子，雪肤依然，花貌如昨，正是十六年来他日思夜想、魂牵梦萦的小龙女。      两人呆立半晌，“啊”的一声轻呼，搂抱在一起。燕燕轻盈，莺莺娇软，是耶非耶？是真是幻？      过了良久，杨过才道：“龙儿，你容貌一点也没有变，我却老了。”小龙女端目凝视，说道：“不是老了，而是我的过儿长大了。”      小龙女年长于杨过数岁，但她自幼居于古墓，跟随师父修习内功，屏绝思虑欲念。杨过却饱经忧患，大悲大乐，因此到二人成婚之时，已似年貌相若。  第二段第一句看得让人动容，十六年对于他们来说仿佛一场梦幻泡影，小龙女一句话戳破了时间的隔阂，真如她伸出的那温柔的手，抚摸在十六年后的今天，爱意无一丝消减。
有没有长安大学行政管理专业的研究生师兄师姐讲讲自己的考研经历？感觉熬不下去了。？,加油！
如果你是长安大学公路学院被要求“删除电脑内游戏否则没收电脑”的学生，你要如何保障自己的权益？,作为一个曾经在大学被辅导员没收过电源线的长大孩子来说，这是在太对了，就应该让学弟们好好学习或者泡妞嘛！像我这种被收掉电源线继续借同学电源线打游戏的人整个大学都没找到女友
长安大学2011届车辆工程毕业生就业情况?,汽院的就业形势是越来越差了？这种问题都上知乎了？
在长安大学读书是怎样一种体验 ?,渭水宿舍差，本部宿舍更差
长安大学很像一所三本的民办大学，原名西安公路交通大学，为什么不更名为西北交通大学就像西南交通大学一样？,因为西北有西安交大，取名西北交通大学只会让人觉得山寨，而且简称都叫西交吗？
如何看待长安大学禁止学生玩游戏?,学校周围网吧大概生意会很火爆吧 实际上根本没什么用，想玩的总有办法玩
陕西几所高校，除了难以攀登的交大，企业管理专业西北大，西工大，陕师大，长安大学，大家怎么看，急求 ？, 我也想知道 有关西北大的报录比  每年报人数会不会太多，大概考多少才会有把握？ 
如何评价长安大学校长马建？,很帅 不胖
如何评价长安大学公路学院创新教育中心的教学模式？试讨论优势和弊端，最好有针对性讨论各个老师的风格？,利益相关，就先匿了 平常学习的都很浅，考试考不出真实水平，有的老师甚至拿往年的题糊弄，找个高中生考前背往年卷子都能及格。   身为理工科学生该学的都不学，遇到微积分就跳过，公式几乎不推导，就会让人查表查表查表，电脑能干的事几乎都让人用手写.....   师资不错，年轻老师全是海龟博士，可是年轻的博士的教学经验确实有待改进呢。老教师水平就良莠不齐了，有的认真，有的混日子，还有的连话都说不清楚就敢讲（遇到了都懂）  双语课就不吐槽了，我相信老师的水平，但同学们又hold不住，所以还是汉语。我的理解是，汉语听课，关键词记英文的，基本这个套路
本人长安大学学生，专业是工程造价打算考研，研究生毕业之后想从事造价方面的工作，考研考那些学校比较好？, 长安大学本校的就挺好。 
长安大学 江南大学 郑州大学 南京农大 华中农大 西北农大 哈医大 理科生女孩选哪个大学？,我和你的情况差不多，也在这几所中纠结，其实也没有什么好想的，反正有十个志愿，从高分往低分填就行了。
西北工业大学跟长安大学的车辆工程研究生哪一个更好？,谢邀，今年找工作刚好回西安找的，我在外省读书，车辆工程专业。所以对这个还是有一定的认识吧！单纯从就业来说，两个学校都没什么问题，都非常容易就业。但是长安大学的车辆工程更为专业，大多车企在西安的宣讲都在长安大学，当然西工大也偶尔会有一些，但是车企的话，更愿意去长安大学的（特别好的除外，毕竟还有交大，西电，可能想不通为什么车企会去西电，很简单，现在做智能车比较火，需要软件工程的学生）。我在西安找工作的过程中，遇到的基本都是长安大学车辆的人，西工大的就见过两个，因为本科班就基本没几个选择就业的，唯一见到一个找车辆的西工大研究生不是车辆工程专业。车辆应该算是长安大学比较好的几个专业之一了，车企也特别喜欢长安大学的人。感觉西工大的学生更偏向去研究所，不过车辆的去西安的研究所很少有招这个方向的嘛！还听说西工大车辆的做的基本不是车辆的东西，不过长安大学肯定比较贴合实际了！说的挺乱的，在忙，随便讲讲，如果能更好的话去交大吧，交大本科车辆的就只有四个人选择就业
如何看待2016艾瑞深中国大学排行榜前100强中长安大学的排名？,答非所问，见谅。 我看过这样一句话，原句记不清了，大概意思是：一个高三党关注大学排名很正常；刚进入大学的新生关注大学排名仍情有可原；一个大二，大三的学生还在关注大学排名，基本上是一个不学无术的学渣；毕业了还在谈论大学排名，不得不说，有些装逼 。 我不管这句话是否有些偏激，但确实给我留下很深的印象，在遇到他人和我谈论和某某大学排名有关的话题时，都会很自然地想起上文这句话。说实话，我没有能力正面回答这个问题，我对任何排名也只是一笑了之。作为学校里一名普普通通的学生，我更关注的是自己的利益：我能怎样有效地利用学校给我提供的资源，在大学短暂的时间里尽量为自己将来的就业奠基。至于学校的发展，学校在全国上千所高校里究竟能占怎样一个地位，我认为并不在我的关心范围内。 还是开头那段话，我已经过了考虑大学排名的年纪。
城乡规划专业，选择长安大学更好还是西安建筑科技大学更好?,还是西安建筑科技大学好些。 因为作为建筑老八校，西建拥有比较雄厚的建筑类专业实力和相应的学术氛围。相比之下长大的建筑学院要逊色些。
长安大学出国的gpa换算方法？, 本部小白楼，档案馆，他们的算法是简单粗暴地用成绩单上的百分制加权成绩直接除以25，这样会导致3.0这个很多学校硬性要求的GPA（对应国外成绩等级B）在长安大是75/100分，而我们都知道在大多数情况下，B这个等级是普遍换算成80分。所以， 建议百分制加权平均成绩在75-85之间，按处以25的算法算 ， 高于85的话，还是按照北大算法 自己算。当然如果是走学校的项目的话，多半是不会太在意这个GPA的，只要能通过校内选拔这一关，剩下的都不是问题。还有问题的话可以咨询一下国际合作交流处的老师，2年前他们的办公室是在本部小白楼1楼，国际合作交流处的老师们都超级nice。来自长安大-都柏林大学项目首批联合培养的老学长 
给排水专业女生考研 长安大学环境工程和兰交大市政该选哪个?,题主给予的信息太少了，无法帮你具体分析…选择学校的话，先得依据你自己对未来的职业规划，简单点说就是毕业了之后想干嘛的…进设计院，干工程，还是借助研究生学历去考公务员什么的…没有具体详细的信息，没办法帮助你具体分析的，长安大学是211且前50，兰交通好像是双非的，但应该在土木道桥方面还可以的…如果确实是可以有二者可以选择的话，还是建议长安大学的，毕竟不错的211，如果以后考公务员什么或者不干本专业的话，会有一定的好处的…
有善良的小哥哥小姐姐来介绍一下长安大学吗？,长安大学的住宿条件怎么样呀。有没有空调，热水，几人间呀。
长安大学车辆工程有哪几位研究生导师比较好?好在什么地方？,非专业回答～ 马建，本校现任校长 但问题在于被本校保研生瓜分完了 利益相关：本人男友就是他的研究生，专业方向电动汽车
东南大学 专硕和 长安大学学硕如何选？,还用问么？福建比西安的地理位置好那么多，工作也好找哇
西北工业大学长安校区附近有没有比较适合一个班烧烤的地方？,农家乐，自己去菜市场买肉，农家乐租烤架调料就不到100
2017陕西高考561分，报长安大学还是南京邮电？,南邮。考虑即将到来的双一流。南邮就业状况很好，远非普通211能比。同时南京地理位置佳，发展机会也多。
土地资源管理硕士西安交大与长安大学哪个更好？,交大学校更好，但专业在全国一般，公管院主要是搞行管之类的比较厉害，土管办学规模比较小；长安大学学校差点，土管在全国排名也一般，但比交大好点，长安大学土管富有特色，主要是搞土地整理工程，偏向工科，土地信息系统是这么说的，真的到时候学可能也就学习个gis和遥感之类的软件。
长安大学环境设计?,这个专业叫做艺术设计，隶属于建筑学院，学院内叫环境艺术设计，简称环艺，本校无环境设计这一专业。属于艺术类，一本，需要独考，毕业时授予文学学士学位。
在长安大学生活是一种怎样的体验？,长安大学东西区确实蛮长的，曾经西区的1号楼老大爷给东区的15号楼大妈表白被拒绝了，理由是接受不了异地恋。
关于长安大学建筑学考研的相关求助？,同学，你是如何想不开了要考长大的建筑学？ 好吧，关于考试就让学长试析之。 首先，是考题内容，在淘宝上买得到买不到我不清楚，在长大复印店是可以搞到的。长大考题比较简单，比较基础，理论考题并不很难，快题要求也比较简单，没有固定的风格要求。 其二，总分要求，我们这一届最低分～～是鄙人～～所以我感觉只要好好学习的再没有考不上长大的了，英语好的话就放开考。 其三，生源，西安当地的三本多，本校的环艺多，外地（主要河南、湖北）二本学生多，好学生一般是不屑于上长大的。想当年长大的本科建筑学、城规以上本校研为耻，直至本届，破了规矩，后面就一发不可收拾了～～ 其四，导师，建议选择以下几位导师（主流）：武联、于汉学、刘启波、李国华。其中武联教授是院长，比较忙，不太管，不过项目较多，锻炼充实，为学比较严谨。于汉学副教授为前任系主任，治学严谨，值得学生敬重。高冷女神刘启波教授是博导，学术水平较高。李国华副教授是哈工大建筑物理出身，近些年在建筑材料方面长大无出其右，对学生也比较好。推荐校外导师赵元超，中建西北院总建筑师，推荐理由是：名气大，不管事。选了该导师那么你的研究生三年都会在假期中度过，当然了，在你谋求工作时你可以潇洒的说：我导师是赵元超。（该话仅限西北地区使用） 最后，劝慰这位同学一句，长大只是看上去很美～～ 马上毕业了，我也就不匿了
长安大学或江西财大最好的专业和上海大学踩线进校间该如何抉择？,上海大学踩线就别选了，被调剂就不好了…先决定自己能接受那些专业，然后看自己能上的学校…从里面选出比较好的！ 其实填自愿不难，记得当时我两天就填完了…放松就好！
妹子在长安大学管理科学与工程类，有点迷茫。不知怎么办？,首先来说，今年长安大学第一次实行大类招生，而且分流时间不一样，所以，在正式分类政策还未出台之前，建议你还是把公共基础课程学好，因为学习成绩好了，转到哪个专业都不是问题。 其次，经管专业比较好的是运管，会计（会计侧重于公路交通会计，毕竟是长大特色就是公路交通）以及工程管理，女生还是倾向于你选择一个适合你们的会计工作（当然，这是在你对管科专业不感兴趣的情况下），不过转会计的要求还是不低的哦。 最后，希望迷茫的你不要再迷茫下去了，把基础打牢，给自己找点事情做，慢慢的你就有自己的方向和兴趣了，加油( ¯ᒡ̱¯ ) 
求万能的知乎网友解答，长安大学的技术经济管理怎么样？,别入，你这个专业读长大太坑了，要选就985或者好一点的211，否则意义不大。我本科长大车辆工程（算是学校好专业），现在长大发展迟滞，而且因为这个名字问题段时间内很难有突破（实话，这个名字已经让我遇到了很多困难，基本是读了211和一般本科没多大差别）
本人武汉科技大学土木屌丝一枚，想考长安大学硕士，考了350，又被中建三局录取了，何去何从，求大神指教？,工作
大学毕业，汽车自主品牌中你选哪一家作为职场人生的第一步？奇瑞，江淮，长安，长城，吉利，比亚迪？,吉利
就读长安大学道桥专业是一种怎样的体验？, 非土木道桥专业。  道桥专业 实力应该不错。不过真的要做？？？  上了知乎不是都要当码农的吗？ 
长安大学？,不能 去年最低12000可以放在第一个冲一下  可以考虑国际班或者新开设的专业：土地*
预算千万，大学生，在lp700，porsche918，P1，长安之星，福特野马中怎么选？,前三个对腰不好 题主看着办
长安大学工商管理类录取or复读？,没有人能替你做这个决定，遵从你的内心。如果别人能说得动你，都是因为你自己内心动摇了。 复读你可能后悔一年，不复读你可能后悔一辈子。
桥隧方向大三学生，想要考长安大学研究生，要做哪些准备？,感觉你才大三，导师不着急。好好学，最好考的分能高点。过了初试，复试前联系一下导师。
长安大学和西北大学哪个好？,西北大学百年老校，长大一个民办三本，所以选择长大肯定错不了 ( ˘•ω•˘ )
我想学计算机去长安大学还是西北大学？, 1. 综合实力排名：   长安大学：     西北大学：     排名相近，综合分数不相上下，都是陕西省数一数二的知名大学~~   2. “国家级教学团队”覆盖到的专业对比：   长安大学：     只出现了一个和计算机专业相关的——“Delphi计算机高级编程技术”，是“国家级双语教学示范课程”    西北大学：     “计算机基础”，出现在“国家级精品课程”里，私以为，“国家级精品课程”的权重，要比“国家级双语教学示范课程”要大      从目前来看，西北大学的计算机专业的实力和被重视程度，要比长安大学要高。    科研方面，两者都没有专门的计算机科学实验室，如果想在学术方面深造，还是考其他学校的研究生吧~~ 
长安大学，安徽大学，燕山大学，我该怎么选？,拜托，我不是针对谁啊，长安大学和其他两个学校是一个等级的吗？录取分数线在我们省起码差了二十分好吗？要比也得是合肥工业大学，大连海事大学，武汉理工大学这样的吧。如果你的分够上长大的话，就算你不来去别的学校，那也不该是另外两所学校啊。PS 本人长大的。不是贬低另外两所学校，只是事实如此，录取分数线就不一样
我是北京一市属一本土木道桥专业大三的学生，正在准备考长安大学的道路专业的研究生，目前复习状态还行？,我司现在收人反正底线是研究生过六级。长安道路还是不错的，几个大院都有不少毕业生。根据自己情况来制定计划吧。 不过这几年确实市场不好，但是四五年以后的情况谁又说得准呢？
如何看待长安大学2017年4月宿舍楼着火事件？, 学校最近开始修复电路了。但是施工质量：  一层楼两个宿舍的空开推不上去，一看厕所零线和插座零线接反了，装空调时我们宿舍和对面宿舍的空调也反了，我们充电费充到对面宿舍，对面充到我们宿舍。  我只能。。。。。了，火灾后修复电路，工作就这质量？  &#13; 不得不让人怀疑有没有其他地方搞错了 ，火灾隐患怎么来的就这么来的，刚烧完而且还认为是电路问题，结果还这么不长心。  --------------17-05-12更新结束分割线------------------------&#13;  &#13;补充一点东西  【贴吧，微博、空间上有人想把对学校的问责，火灾隐患一直存在为什么不及时解决这件事，带到不要批评郝主席上。希望来知乎的学弟学妹们可别被带偏了】  大家应该关注的是这种事：为什么着火？为什么消防设施失效？为什么这么久了还没出结论？为什么在第二天就赶女生回去，打扫宿舍，造成火灾证据被打扫的一干二净。然后下午再说说错了？为什么一堆明显是校会的账号，跑来贴吧说其他人是键盘党？去顶无关的帖子？说不是大功率电器的人是传谣（反而说是因为大功率电器，违规电器起火的他们倒不说人家是传谣了）？  因为至今学校未给出任！何！说！明！所以我引用了主席的汇报。但我觉得没必要去纠结主席做了什么。从起火到救火不力到善后不当到无人出来负责。这都是学校的锅。郝主席不过是那个背锅的。给领导汇报的文笔不就是这样嘛，没人能断定他跑去救火时，是真的大公无私还是只是感觉有个机会要抓住，还是早早的谋划后，还是上边三种的混合。我觉得从我对他的了解，应该是1+2。但是他是唯一一个真的跑去维稳，还确实起了很大的作用（现场女生的说法）联系了很多人过去帮忙。起码比那些至今缩着脖子不见人影的保卫处后勤消防负责人等一干人要强不知道几倍了。  宿舍用没用大功率电器没看出来，根据长大学生会主席的报告来看，当晚灭火器很多存在漏粉问题，防火门居然直接被烧坏了，楼廊的消防应急灯没亮，保卫处等理应经历了消防培训的人员，却根本不会正确使用消防设施。在等消防队过来前，是学生在自救。  怎么说呢，我倒是想知道为什么有定期按时检查，还有检查记录的灭火设施怎么就那么多就不能用了。至今未见消防负责人，有为此负什么责任。着火宿舍学生，学校仅安排了着火当晚一晚的住宿， ，着火当天的一早 在宿舍尚未清理，彻底消灭隐患时，就强逼学生住回宿舍。（PS：当然这是25日早上的说法，晚上时又通知学生不用继续打扫了，可以继续在教师公寓住，于是有些学生就搬了两次行旅）  在火灾原因尚未查明时，就让学生回宿舍打扫，我不知道校方此举的目的，可能是教师公寓要住的老师太多（虽然平时那里基本也就有些老师在午休时去，过夜的老师并不多，那我只能认为可能那天有很多老师要住吧，学生要为老师腾地方）可能是为了毁灭证据吧，推到学生自行返回打扫的头上，最多背个“处置不力”的锅，反正着火原因就变成无法查明了。（希望只是我想多了）  【灭火器漏粉】    只能说每个月的定期巡查成了敷衍。 估计最多就看一下压力还在绿区就完了  【防火门玻璃融化脱落】   虽然不是建筑专业，但我印象里疏散走道与楼梯的分割需要是乙级防火门吧，起码1小时耐火时间。  【楼廊的消防应急灯有些没亮 】  这个倒不是完全怪学校，有些是因为学生改通宵电，改功率导致的。但是学校没有定期巡查发现也是学校的责任。  【保卫处等理应经历了消防培训的人员，却很多都不会正确使用消防设施。 】  这个是长大学生会主席的说法，如果他说的是真的那么消防培训形同虚设，如果他说的是假的，那他就是为了突出自己救火的功劳，好捞个奖励什么的。  【有些楼层的消火栓箱的水枪型号不匹配】    只能说每季度的检查都白瞎了。最起码是个不仔细。  作为长大的毕业生，虽然不想黑自己学校，但是不得不承认学校的应急公关能力真的很棒。  而且对消防不重视也是真的，当时大四实习想去看下消防泵房，结果门锁着那个负责人根本找不到（按规定规范他应该每天都要进入检查报警阀等设施的）。而且长安大学前一段本部（南二环北校区）也有起火灾，只是规模较小并没造成什么大影响。学校直接就压下去了。    PS：长安大学贴吧目前学校还管不了，虽然学生会郝主席在给领导汇报时说“发言成本很低的百度贴吧”“发现一贴立即删除一帖”。  但实际是有些组织上的人进入贴吧维稳。恩，基本就是干一些说抨击学校的人其他人是键盘党，学生会主席大人亲临救火现场，你们都没去还BB都是键盘侠。或者将无关帖子顶起来，试图将讨论火灾的帖子淹没下去。  微博倒是还真是很少见报道不知道为什么。  学校怎么说呢，还是没脱离传统思想，出了事是家丑，要掩盖，千万别扩大。  那相关责任人的监督靠什么？  反正就是内部惩罚，扣点钱评职称缓几年。脸面学校会尽心尽力给保住。  这个监督的力量就会轻很多 
如何看待长安大学公路学院求学的题主？,一个个匿名回答黑自己母校的自己觉得合适吗？  据我所知各大高校自费实习的不少，自己出去找实习也会有所花费。 因为学校财务不允许经费超支，而希望大家能负担两百块左右的住宿费用，就这样给学校在网上上纲上线合适吗？ 学校公路学院的实习机会很多，大多也都是学院报销，其他学校学院交一样的学费实习机会比公路学院多的我想很少吧？ 学校老师尽心尽力为同学们联系工地实习，在学院里跑经费还听这些风凉话该怎么想？换句话说桥梁系的老师们会缺那么点钱吗？ 冷静一些，有些事情多一些理解少一些戾气世界更美好
长安大学给排水即将毕业，对就业比较迷茫！？,回答： 1，适合考研，公务员，水厂，事业单位吃闲饭的工作适合你考研，考研考完你如果继续从事以前的职业你可能依旧是个废物，当然除了你很有能力以及有背景。 2，不适合考研，高强度的设计院工作，本专业繁忙的工作，但是你没有时间去复习，你还有要考注册什么证的事呢，这些都几乎没有时间，还有，一个小本毕业进设计院也够呛。去施工单位类似，除非你是个强人，回答完毕。
长安大学岩土工程怎么样？,泻药～  抱歉这几天有点忙，现在才来答，实在不好意思。  我本身对公路学院的岩土研究生不是很了解。  不过我舍友今年参加研究生考试，报的长大隧道专硕，初试分390……手动微笑。  等我跟他交流之后，再来填这个坑。
长安大学道桥国际班就业前景如何？,看到很多校友校友在讨论这个事情，同时出于自己当年也是一样在知乎上面寻找这个问题的答案，特奉献出自己的处男答贴(至于为何匿名？废话，哥哥我的知乎昵称就是自己的名字，作为大学四年混吃等死的学渣，就不露丑脸了，仅在此作为一个工作一年的长大学子说下自己个人的想法。 1.        工资问题：这个是大家最关注的东西，就放在第一个说。本科毕业国外施工单位年工资大概为16w左右（参考我自己的单位），路桥、港湾的估计工资会更高但是也就是20w左右，设计院我不太清楚，为我们项目做设计的单位海外施工新生的工资大概为年20w（本科生是不要的，最起码研究生起步）。国内施工单位大概在5000左右，沿海地区在8000左右（参考当时去国内施工单位的时候同事的工资）。研究生、博士生、出国深造的前景我不了解，毕竟我是学渣，我是学渣，我是学渣。针对学校宣传的年均30w基本上，大概，仿佛，好像，我觉得是有点不太真实。当然等你从业几年之后这个工资很正常。 2.        国外环境：这个应该比较可靠点，毕竟自己就在国外，首先安全问题，毕竟出门在外，安全第一，国外施工中国人都集中居住在项目部驻地，周围有持枪宪兵保护，晚上是不支持出去玩的，当然当地也没啥好玩的，就和中国的小县城一样（该国首都），司机晚上也不在，夜生活很少等这些因素决定了安全还是不需要台担心。当然我们项目部也出过一次事，一个进来抢劫的，针对这种事情自己始终记住对方要啥给啥，这个所有损失公司都是给报销的，最后那个哥们奖励20年牢饭。另一方面，传染病，出来之前会在国内注射大部分传染病的疫苗，主要的就是疟疾，这个东西存在于非洲部分国家，主要症状就是发烧和头痛，大部分人都是第一次患病症状特别强烈，我当时是烧的自己都有点飘了，当然及时治疗是没啥问题的，往后再次患病症状基本上就很轻了（大部分情况下），当然也有过死人的（几年一个的频率），基本上都是因为自己得病了还一直在宿舍待着，不去医务室治疗，这个其实主要原因还是在自己，毕竟项目部都有医务室，得病是可以不去上班的（一次患病的治疗周期是五天，基本上后面三天已经没症状）。 3.        主要要说的，看到有的回答里面提到了母校的一些教师，针对这个说下自己的看法，自己作为一个混了四年的学渣，现在很多老师的名字都记不清了，但是我还是想说，你没有资格去批判任何一个老师。师者，传道、授业、解惑愿意把自己的知识传授给你的都是一个优秀的老师。鄙视那个提到老师说英语带河南口音的，对，就是鄙视你，鄙视你，鄙视你。同时说说被其他人提到的几个老师，GXY就是FIDIC老师，这门课程主要还是关于合同方面的东西，大部分国际班毕业的在施工单位基本上都是去工程部，主要是施工方面，合同方面的东西都在经营部。这个老师咋说，能力吧，个人觉得不太适合传授这门课程，比较适合去传授那种类似力学方面的课程，这个FIDIC还是需要一位有合同管理方面丰富知识的人来，当然有实际经验的更好，毕竟这些东西是需要大量的案列来理解分析才更容易理解，也是一位特别好的老师，很喜欢和同学打成一片。奈何在大学只要是喜欢点名、考勤、挂科的老师很多人都不喜欢（挂成狗的飘过………）。总之，每一位老师都是很优秀，那些说野鸡大学毕业的，我就呵呵吧。着重提下，长安大学在土木类大学里还是名列前茅的，如果想报考土木类可以慎重考虑下，同类还有长沙理工，中南林业科大等。要是你旨在土木，愿意为了土木奉献终生可以…….去看医生（开个玩笑）。 4.        最后说下这个专业，土木行业相对其他行业门槛低，技术含量较小，可替代性比较高（不包括那些做学术研究的大佬们，仅仅说施工单位）加上工作环境不好，所以人员的流动性还是比较大的。针对很多人说又苦又累，我自己觉得每一个人不管干啥工作都不会对自己当前的工作环境，待遇这方面完全满意，这些不满意才是我们前进的动力。就是学个IT去了BAT也是各种加班啥的。所以只要学了，后悔也没用。 5.        真*最后，说说自己对国外施工的看法，如果你属于家境优良、放荡不羁爱自由、和女朋友分开就会死翘翘等这种人，个人不建议来海外，周围的同事没有女朋友的还是没有，有的也没了，至于那种在项目上找到女票的，我接触到的都是女追男，男追女没看到过成功的案例（当然还是有的），所以这个东西你自己评估下自己的颜值和情商。国外施工单位相对国内压力小很多，工作强度也不会很大，适合哪种想毕业赚点钱，能忍受孤独的人。 6.        真真*最后，作为长安大学的毕业生，没有回馈母校的能力，但是别忘了有颗感恩的心，感谢这个让你成长的地方，你不是龙傲天，你不是叶良辰，这个学校每一个老师教给了你赖以生存的知识，他的氛围让你成长，对你可以不喜欢，但是，请不要去诋毁。  最后，对我又说最后了，不服你打我啊，有啥问题可以问，知道的看心情看能力回答。  2017.7.20
长安大学电气工程及其自动化怎么样？,凑活吧，正上着呢
自主招生初试过了南京农业大学和长安大学，选哪个好一点？,如果考虑将来从事农业工作的话，南农显然是更对口的选择，农学专业全国排名顶尖，仅次于中农。不过要对南农较落后的硬件条件，尤其是宿舍，做好心理准备。
如何评价长安大学公路学院硕士研究生论文排名后百分之二十进入二审，并强制延期后百分之五？,我们学校信息学院也是这样，末位淘汰，很残酷，给人压力也很大，感觉以后要慢慢在全国放开，对研究生要严出了，也让大家别水水的混几年，不知道会不会给某些渣教授延期学生干活以正当理由呢？
关于长安大学老师关于地域黑的言论你怎么看？,首先，我当时是选了这位老师的课的，可以说是整个事件的目击者吧，所以，我想我还是有一定发言权的。        先说一下对这位老师的印象，1.他身体不怎么好，好像是腰椎间盘突出，不能久站。第一节课是他为了这个事情给我们解释了好久，为的是让我们理解他需要在讲台上放一把凳子，时不时坐一下。让我觉得他对学生诚惶诚恐的样子。2.这个事件发生后，我们一起选课的几个同学在一起议论，几乎所有人都说了一句“心理测评老师人那么好，怎么会有这种**唯恐天下不乱”。3.我们体育老师是选修课老师的同学，在一次上课时提到这个事，他说：那人一辈子唯唯诺诺的没什么本事，你们学生还这么整他         在说一下这个事件是怎么发生的，一次上课，老师讲到了“地域环境对人性格的影响”这个问题，说，我找到了一个有意思的网上的一个小网文，和大家一起分享一下，提前说一下，这个文章非常不客观，不代表我本人观点。然后打开了一个PPT，就这样打开了潘多拉魔盒，那个PPT上写的一下非常主观臆断的对各省人脾气的论断，对各省都有吹有黑(手动心疼河南同学三秒钟)，就在大家笑成一片时，下面有人掏出了手机，咔嚓咔嚓，然后发往老乡群，想让老乡们看看，大家都没什么恶意，这种网文我高三时就看过了。但是，在场所有人都低估了信息传播过程中扭曲所带来的威胁。我们笑做一团，可场外人可不这么想，曲解，误会，起哄，我眼睁睁的看着一场对老师个人的暴风雨酝酿并向他袭来，感受到了真相的苍白无力。        事后，老师受到处分并且在大会上检讨，我无法也不想体会他的心情。       好了到此为止，越说心情越不好
通信工程考研选择西安电子科技大学好吗？本科在长安大学就读？,泻药 卧槽才大二……先玩会再说…… 本渣2016届长大通信毕业生……我们这届两个班考西电的基本都成功了…… 我们这届考研的主要去向，北邮，西电，成电，西交，西工大，还有个别考牛逼高校的例如清华上交同济之类，感觉对比下来西电应该是略容易的…… 成功率的话，两电一邮和西交西工大都还可以… 个人觉得，西电性价比相当可以，值得一考。（考不上可以像本渣一样调剂来中科大软院…）
长安大学载运工具怎么样?,首批国家重点学科，汽车（客车）行业第一个（好像也是客车领域唯一一个）国家重点学科，这个学科的研究生属于长安大学汽车学院的，是长安大学第二大学院。
长安大学，大连海事大学，中国地质大学，汕头大学，哪一个比较好？,我也在纠结长安大学和汕头大学填哪个
长安大学车辆工程主要进行那几个方面的研究，那个方向的实力强一点?,当然是客车呀。宇通金龙安凯。
长安大学大一上完转专业方便吗？,不方便
长安大学提前批？,西安理工大学毕业。。。长安大学挺好，具体招生方面的情况不是特别清楚，不敢妄下结论。。谢邀。。
长安大学和西北农林哪个好？,西农计算机系大二(马上大三◑▂◑）知乎处女答。  从保研角度来看，西农985优势更大(前提是学分成绩80分以上，过了四六级)，保研什么的，机会还是挺多的；  从奖学金角度来看，每年都有各种奖学金，当然大一时候每个学期都有专业奖学金，一般成绩在班级前三分之一就有(一等2000，二等1500，三等1000)，还有国家奖学金8000，励志奖学金5000(离我好远的样子，学渣不解释)；  从社团活动角度来看，学院每个学期都会举行一些全校性的活动，比如动漫设计大赛和网页设计大赛之类的，当然也有像计算机义务服务队等等；  从实习机会角度来看，学院对于课程的实习还是挺多的，像数据结构、数据库、C+＋、计算机组成原理等等，学院也在努力争取更多的企业(大多数都是西安市里的)的实习机会，大三也会有一些培训，像j2ee、安卓之类的； 从计算机系实力角度来看，老师多是非常好滴，有问题会给予及时的处理，这点还是值得点赞滴，经常会有很多学长跟着老师们做项目，学习专业知识，很多可是课堂上学不到的哦！老师实力虽然可能没有西电那么强，但也是杠杠的！  以上属于个人拙见，希望能对提问者有一定的帮助，学长在西农信工等候学弟学妹的到来！哈哈！
长安大学公路学院？,   半年更：单位是真的壕。。。 ……………………………………………………………… 分割线   分割线    分割线    长大主楼樱花镇个楼～   谈一谈公路学院就业的体验，一篇走心的处女答，以下。   讲道理，长安大学公路学院公路桥梁隧道交通等专业虽说没有像宣传那样牛逼上天（跟同济东南比），但不可否认，长大公路在业内还是很有影响力，约等于一块金字招牌。   因为参与过有关公路学院的就业工作，所以对公路学院整个就业大环境，以及同级或者学长学姐的就业情况，有一个的基本全面认识。这里暂且班门弄斧，希望给需要的盆友以借鉴，如有不足，还多包涵。   以下重点在本科生就业，保研考研以及研究生等就业不做详细介绍。   本科就业都去哪些单位？  找工作很容易，容易到即便挂了好几科，找到工作也不是什么难事，但找好工作难。以上只适用于男生。   本科毕业有以下去向：施工单位、设计院研究院、业主、公务员、出国、读研。   ①施工单位：此去向占据了本科生就业去向的百分数之八十以上。绝大多数是央企国企，以中交中建为绝对主力，也不乏港湾路桥等行业顶尖力量。每年九月十月，中交和中建就会签走一大波，想签施工单位的同学，在此期间基本都能够把自己卖出去。施工单位，工作环境可能没那么理想，风吹日晒，假期少，但只要你真正能吃苦能坚持，到最后都不差钱。但是绝大部分人做不到这一点，干不了几年就走了。   ②设计院：其实只要不是研发岗，就设计岗来说，本科生和研究生差别不大。但是僧多粥少，不是有两把刷子的本科生，你拿什么和研究生来争？（当然研究生水平也参差不齐）  所以现在设计院有两种情况，一是省院以及一些国企设计院，学历要求基本研究生及以上，除非你有关系，或者本科进去搞驻场管理。二是一些大的设计院，有人才储备意识，愿意在招研究生的同时，招本科生作为后备力量，因为本科生年轻，可塑性强。   楼主公路本科大四，明年毕业，经过努力很幸运地签约一家在交通规划行业实力很强的国企设计研究院。本科生全校就签了我一个，其余都是研究生，我认为我是踩到了狗屎（笑脸）。所以这个单位是上面所说的第二种情况。   ③业主：每年都会有业主单位来长大招人，比如省市级交通投资集团。还是僧多粥少，本科生研究生都想进，而且业主的需求也少，所以业主竞争蛮激烈。   ④出国读研公务员不做详细介绍   ⑤关于公路女生就业      工科女就业有歧视是老生常谈，公路女生可能更难。但就我身边的情况而言，想工作的女生最后都签到了工作，也挺不错，都是施工国企。所以女生好好找也能找到，只不过过程相对艰辛，但不怕有心人。  -----------------------------------------  最后是大四老腊肉走心的有感而发。   大学不是养老院，好好学习才是王道。千万别相信不挂科的大学是不完整的这类毒鸡汤，说这些话的多半都是已经挂科后的故作潇洒，摊手。学习拔尖的都保研了，即便不读研，一份相对漂亮的成绩单绝对比你一沓五花八门的含金量不高的活动证书有用的多。我的意思绝对不是告诉你不要去参加活动只顾埋头读书，我想说的是大学一定要以学习作为主体，但也应该积极参加各类竞赛活动，但是要有所挑选，重质而不单单是以量取胜。   楼主学习不算拔尖，但也拿了三年奖学金，四六级，声乐，文艺比赛及表演，地铁志愿者，社会实践，单位实习，风花雪月也没少。绝对没有炫耀的意思，我只是觉得，除了学习，我们其实有很多种让自己变得很好的事情可以去做，而且也应该去做。于我而言，大学很精彩，也很幸运。   所以想深造，就把相关课程学扎实，多参加课外竞赛，拓宽眼界；  想工作，就早点去实习，多一些筹码，让自己更全面一些；  提早准备，总比一脸懵逼好。   最后祝福所有CHDers，祝大家的事业路和人生路都能越走越宽！比心！ 
请问长安大学的道路桥梁与渡河工程就业后的薪酬待遇如何？,长安大学不是很了解，不如直接问问长安大学的毕业生
如何看待长安大学学生刷爆网易云音乐的歌曲中国美的评论区这一爱校情怀 ？,网络时代多元化发泄个人情绪的途径之一，毕竟我是看不懂学校这么做的目的，大多数人可能也是有一些不满和嘲讽？广播操搞那么多届难道只是因为多年传统了？作为一所国家211工程建设高校还是多专心学术，体育活动可以开展，但是这样形式的我觉得意义不大，要强行说意义可能就是提高班级凝聚力吧。
长安大学软件工程怎么样？,   我们学校就公路的名字比较响亮。   软件班大神很多，老师也很负责。如果你认真学，能学到很多东西。   15级教学大纲修订了一次。四年级基本没有专业课。 就老师而言，因为我才大二，接触的专业课老师比较少，就说一说之前的老师吧。 我是袁绍欣老师的迷弟。 老师讲web服务和rmi对比，引用庄子的相濡以沫不如相忘于江湖。很惊艳。课堂普及各种历史知识，需求分析swot模型讲了半节课隆中对。时不时来个黑格尔之类的。 李鹏老师颜值很高，带我们的项目也很负责。老师讲了两门课目前主要是linux和编译原理。 我都学的不是很好。 我们计算机组成原理是计算机系的老师教的，那个老师也很赞。 还有思聪老师也很nice。老师比较有趣哦，也很有套路。。。 我们数据结构老师就是小公主人设。。。上课找优盘顺便吃个小面包然后用雨水洗手。。。 我们的语言老师是系主任。。。 我有点忘记了。。。 我们的Java老师超级年轻。。。   学长学姐很热情，都愿意分享自己的学习资料。  至于其他的机会，我没怎么接触不是很了解。  大学的教育模式选择权在自己手里。精英教育和社会化教育其实都是你自己选的。  但是客观讲和别的学校还是有差距，但是对于有能力的人来讲，这种差距其实不算是问题。
大连海事与长安大学，应该选哪个？,前两天看到这个问题，心里小小激动了一下，这么有缘分的问题，我怎么能不回答呢，题主是要参考答案填报志愿吧，可是长安大学2016年第一封通知书昨天已经寄出，好像还是寄到台湾的，现在回答有点晚了，但是我还是想说一下自己的看法。 本人长安大学研究生一名，在长大已经呆了6年，男票是大连海事毕业的，缘分就是真么的奇妙。哈哈哈…… 关于专业，大连海事的航海、长大的公路在国内都是很不错的，以后就业也都不是问题，但是工作环境比较艰苦。一个是去偏僻的地方修路架桥打隧道，一个是出海；还有海事的轮机，长大的汽车和土木也都是可以的；其他的专业嘛，两个学校都差不多了。专业还是要选择自己喜欢的。 关于学校，去年9月份去了被男票带到海事转了转，大连不大，从市区去学校很快，令我震惊的是校园没有围墙，公交车都在里面跑。教学楼，宿舍楼，篮球场，草地，湖给人感觉很干净，听说学校离海挺近的（在学校没有直接看到海），总体觉得棒棒哒。再说说长大，因为是三个学校合并的，校区很分散，2002年学校在大北郊买了一块地建了渭水校区，一个东西向很长很长很长的校区，所以一个校区又以图书馆为界被分了成东区和西区，渭水离市区很远很远很远，教学楼，宿舍，操场，绿化看着还算可以。关于宿舍我要吐槽了，男票说他们是4人间，还有独卫，他是06年入学。可是长大呢，到现在还有六人间（两个上下铺，两个上床下桌，一个四层柜子，一张长桌子），西区都没有独卫，而东区是带独卫的六人间，不过听说东区现在有四人间了。长大的本科大一到大三都在渭水，大四的时候部分学院会经历很气派的搬家来到长大本部，本部在南二环边，附近有很多景点和商圈，这么便利的交通会让你不介意宿舍楼的年代已经很久远了。长大前年推掉了211大学唯一的土操场，盖成教学楼，我没赶上用，但看起来挺高大上的。因为渭水是新校区，树都没有很高大，所以到了夏天不会有林荫大道，到哪都要撑着遮阳伞，但还是会很热，有很多果树，石榴、桃子、琵琶之类的，本部还有柿子，都能摘到果子吃。 关于城市，个人感觉学校所在的城市对自己选择的影响还是很大的，毕竟要在那里最少生活4年，一个地方呆的时间长了会有归属感的，还会受到这里地域文化的影响。在大连的街头看到一个身材窈窕的妹子拿着电话操着东北话发泼的时候，我是震惊的，而我男票却很淡定的继续往前走，还告诉我很正常，或许我在大连呆上几年也会这样，就像在西安呆久了，老是先把“你咋是个这”挂在嘴边。男票的一个大学同学陕西人，都从大连回来两年了还带有的东北味的口音，我们经常去一家东北菜馆吃饭，必点锅包肉。说到吃，如果你是吃货，去哪都不会失望。东北菜量大、肉多，大连在海边，海鲜是吃不够的。西安主要以小吃著称，还有面食。两个城市的交通还是有很大差别，大连不大，公交电车出租去哪都方便，然而西安大，地铁只通了两条线，虽然有公交车专用道，但是到上下班高峰期还是会堵得不要不要的，从本部去渭水在坐校车不堵车的情况下40分钟时可以到的，坐地铁转公交的话估计1个多小时，如果遇上堵车……哈哈哈！西安的火车站虽然又老又破又脏，但是哪都还算方便，再加上北客站的高铁，西安对外的交通还是很便利的。大连在大连湾里，第一次去大连是从烟台坐船过去的，从西安到大连坐火车要折腾两天，火车票比机票也便宜不到哪去，还不如飞呢。来来回回几次之后发现太烧钱，最终决定结束异地恋，让男票来西安了，男票在大连呆了九年，他回家（安徽）的话可以坐火车先到徐州在转汽车回家，可以坐飞机到上海再转火车（从大连到上海的机票比较便宜），还可以坐船去烟台然后转火车，各种交通工具玩的666……气候什么的算重要吧，大连有寒冬，西安有酷暑，大连的冬天肯定有暖气，西安的夏天却不一定有空调，没有空调的宿舍热的根本睡不着，不过听说要是申请的话，渭水可以给安空调了。大连人普遍很高，可以欣赏很多美美的大长腿，一米六的我走在街上好感觉自己好矮好矮好矮。大连是一个新并且干净的城市；西安有历史悠久的古建筑，也有现代化的商圈，但是有些街道也会脏脏的。 附一张前天随手拍的西安城墙  不管去哪个学校，好好学习，常回家看看。 祝好！
刘道玉公开鄙视延边大学和长安大学的言论如何评价？,你知不知道他后来成为中国第一个被罢免的大学校长
【求解答】新生对于长安大学的迷茫？,不能说是就读长安大学就业不好，而是你的专业对女生来说不怎么合适，既然在交通，说明成绩挺好把，可以尝试转专业在大一结束，虽然很多人想转去你的专业。转专业可以找适合女生的，经管里有些，汽院貌似也有。  因为我了解的也不多，所以仅供参考吧，要是有不对的也请包涵～～
我是西安市长安区的农村户口，大学毕业后签了工作，也交了社保，那么，家里以后拆迁的话，我还可以以户口在农村为由分钱吗？,如果户口还在农村的话可以的；如果上大学后把户口迁到学校了，户口性质就变了，就不可以了。
长安大学道路与铁道工程？公路厉害那铁路怎么样呢？,这只是专业名字规范化而已。实际上长安道路与铁道工程≈公路。当然签铁设院，市政的也有。搞铁路，你还是找原铁道部直属院校吧，长安交通部下的。
长安大学道桥国际班如何选择就业？,长安大学非常好的专业，珍惜吧。
普通二本考长安大学车辆工程研究生好考么？,去长安大学的理由是什么
我想知道长安大学的土木工程能考西南交大的土木工程桥梁方面的研究生吗（长安大学的桥梁是单独分出的学科。？, 为什么不能考呢？并没听过有什么限制吧 
怎样评价长安大学？, 我是长安大学2013级本科生，回答有一定偏向性，在此说明。   评价一所高校，不同角度有不同衡量标准。现行主流大学排名，主要基于社会贡献（中国校友会网 2014中国大学排行榜评价指标体系   ）、科学研究（武书连 武书连2014年中国大学排行榜   、泰晤士 《泰晤士高等教育》世界大学排名简介   ）两类评分，那么，事实上，对于普通本科学生而言，这些数据并不真的重要，它们的意义更多在于 社会认可程度 。从这一点，长安大学2014年校友会排名是全国第43位 中国校友会网2014中国大学排行榜   ，而另一方面，它在前50强中知名度 很低 。   下面，我会从几个与普通本科学生有关的角度说说长安大学。   第一，财务水平。发展离不开资金的支持，长安大学合并成立只有十年左右，各方面依旧处于不断建设中。 2014年度部门预算公开信息-zerui87    这里可以下载2014年度财务预算，年总收入约2.2亿人民币。211高等院校一般总收入在5千万到2亿之间，意味着长安大学在同等级高校中资金是较充裕的。这其中，每年用于基础设施建设的资金约为2千万。   第二，学科质量。众所周知，长安大学以公路交通、汽车制造专业闻名。教学经验很丰富，实习机会很多。这些重点学科在同等级高校里发展更为成熟。  http://www.  xahu.edu.cn/html/zdxk.h  tml      其他专业领域则实力较弱。具体的教学方法，包括教材选用、课程计划的设计合理性，可以咨询这些校友  @吴耀辉  @柏顺杰  @zhi Xu  等等，信息来自于关注长安大学用户列表。   第三，学习氛围。图书馆、自习室总是有着非常多认真读书的同学。但是，除晨读外，校园里可以见到学习的人并不多，这也许和工科学校的环境有关。长安大学致力于培养工程型技术人才，课业内知识的重要性远远大于其他，因此，人文式的学习环境并不理想。然而，自学是非常重要的技能，有效率地通过阅读、分析、训练掌握某种知识，实际上并不依靠外因，所以，无论是在清华大学还是民办专科，这一点都是一样的。   第四，学校建设。实验室的设施情况  http://www.  xahu.edu.cn/html/sysjs.  html       值得注意的是，本科生可以享受的资源并不包括全部。位于秦岭太白山校区是专门的实验基地，相关专业二年级会去那里实习。渭水校区本科生院是独立于大学城存在的，给学生社团、社会实践的便利造成不利的影响。校区有效占地面积约1700亩（除渭水实习基地），2013年新征地约300亩。体育运动场所比较单一，都是常规项目。食宿条件等可以参见百度贴吧。   第五，深造与就业。长安大学学生考研比例不高，因为多数专业 与工作对口且招聘便利 。中铁、中建这些集团都与长安大学保持着密切的来往。具体就业方向，可以参考  http://www.  zhihu.com/question/2078  4250     等。   长安大学精品学科分数线较高，普通学科分数在211院校中属于偏低。其知名度低的原因主要在于优势专业比较冷门，而学院均衡建设不到位。西安的高校非常多，包括交通大学在内，地处西北内陆的先天环境注定信息闭塞并且资源不充分，客观来讲，在相对应层次里，与沿海学校的差异还是比较大。 
长安大学留给你最难忘的人或事是什么？,2小时一班的214，挤爆了的901，西街的桶饼炕锅，饭堂的情丝丝卫生纸。明远楼修远楼，楼边没什么树荫的人工“湖”，图书馆前被风刮倒的自行车，5点半澡堂门口进进出出的屌丝和女神。见面就握手的回教同胞，从来不打招呼的国际友人，无数对分分合合的他和她，当然还有散伙饭后的各奔天涯。当时觉得最憋屈的四年，现在觉得是人生中最自由的四年，上学时总喜欢骂自己的学校，毕了业理解了为什么那么多人说：“自己的大学只准自己黑”。
如果报了长安大学本科预科班，一年后，能够自主选择专业吗？,额。。这个我不清楚，电话招生办吧
长安大学城附近有什么驾校？,一家叫做小木学车的互联网驾校。 价格上：本地、外地户口，价格相差500元以内，2000左右就能学， 一费到底。 服务上：7天无理由退款，客服24小时追踪服务；教练不收礼、专业耐心态度好； 拿证速度：多时段预约练车，不耽误上班、上学时间；学车1对1，不排队；拿证速度更快； 活动多，貌似团购还有优惠。 望采纳。
长安大学工程造价专业就业前景哪个好?,造价挺好就业的
本人为长安大学大一学生 在纠结要不要转去公路学院道路桥梁和渡河工程 求指点？,长安大学大三学姐一枚，曾经也转过专业，只不过转到了车辆工程。 如果让我给你意见，是转到道桥。 道桥这个专业、真的是长大其它专业无法比拟的，学习氛围好，就业好到你无法想，据说是个正常毕业的男生就可以被抢，现在我的很多同学还在后悔自己曾经没有转到道桥。 当然转专业后也会承受很多，比如同学之间的关系，补课的压力，竞争的加大，各种名额资源的稀缺，但是这些专业应该每年还要新开班，再认识一批优秀的同学也是很棒的。 如果你的成绩很优秀，那么还是希望你到一个更高的平台去发展，因为我见过很多本来可以转专业儿没有转最后堕落的例子，不希望你也成为其中之一。 当然这些只是建议，最后的决定还得你自己做。还有什么问题，欢迎私信。
长安大学机械系可以找到什么工作？,泻药，虽然我是长大的，这也是首次有人邀请我，但我才大一.......
长安大学有哪些都市传说？,简短的说吧。13号楼的宿舍号722X的宿舍全都有，唯独没有7222。
有木有看考长安大学新闻传播专业的同学呀？,有～
土木考研长沙理工大学和长安大学哪个好？,长沙的好   兄弟听我一句话        离得近就是优势    土木看实践的   学历只是一个小小的部分
西安建筑科技大学和长安大学环境专业读研，女生选哪个学校？,泻药。   环境科学专业排名供参考。 我理解你的纠结，西建实力很好但碍于学校双非，今后就业面临压力；长安大学211但学科实力确实有些差。 读一次硕士如果都不刷一个211以上的学历多可惜，是不是？每个考研党都会有这样的想法。  我的建议是，根据目标导向，大致规划一下你的毕业后去向。 如果你选择在地产企业/设计院就业，那么就放心大胆地选择西建吧，在行业内西建是很吃得开的，完全不被双非限制。本人在500强地产工作期间，无论是工程师同事还是设计院的设计师均有西建毕业生，他们完全能胜任工作。 如果你有读博或者今后从事科研的打算，那无论是西建还是长安都是不够的，在本科学历上你可能已经吃亏了，因此硕士一定不能不是个985。学术界对新晋教师和科研人员学历查三代，会一直追溯到本科，许多人会在这件事情上陷入被动，需要用几倍的努力来弥补。 综上，企业就业选西建，深造科研建议冲大工/湖南。近年工学国家线持续走低，自划线院校工学线也才300出头，初试是很好过的，为什么不破釜沉舟一次呢？加油吧！
西安电子科技大学长安学院今年7月份要搬到西电新校区，这是否损害西电学子的权益？该怎样维护？,三本的意思应该是西安耀德顺实业每年都向西电交着钱呢吧。现在西安耀德顺实业老板跑了，长安学院仍旧存在着，我觉得应该是西电还是想要长安学院的，至少从程序上来说不能解散它。 搬过去是只是地理环境的一个改变，还是怎么回事？即使这样长安学院还是长安学院，西电的学生也还是西电的学生，你们的权利没有被分给他们一部分，你们的利益也没有被占去，只不过用了你们的校园，可能会共用你们的老师，其他没什么影响吧应该。 另外西电没有对象的同学也因此可以多些选择了，多好！
我应该去老八校的西建还是去211的长安大学学建筑学?,谢邀。1.如果一定要学建筑：选学校招牌的话，要是北大这种级别还值得犹豫一下（北大没建筑学），长安大学就算了吧……当然去建大。 2.如果不是你自己选的，而是家人选的，别学建筑！别学建筑！别学建筑！这行当现在没有疯狂的热情根本过不下去，何况还五年浪费青春。
我是长安大学的交通工程的新生，看过好多帖子，都说这个专业好鸡肋，很迷茫啊！？,没有期望的好，也没有想象的糟！相对不如土木，建筑火，但竞争压力也小！
如何评价长安大学一年一度的阳光运动会？,感动了自己，感动不了别人  毕业之后，不知道谁能感动谁  对增强集体荣誉感有一定作用
在长安大学就读是怎样的体验？,最近考研路上甚是不顺，也是寂寞如雪怒找一题排解做题看书不适症。 是不是同一个人问了这么一个系列啊，不管了我来答我长了吧！(好吧跟风) 下面开始我富含强烈的感情色彩答案！ 鉴于眼界没有高到出国创业，也写不出考研工作的攻略，来个学习篇？生活篇？算了吧，看洒家四两拨千斤~ ① 江湖盛传我校只分两个学院，公路学院和其他学院，那我就要告诉你了，这是个诚信的江湖。关于公路学院历史外面的同胞你自行百度，激动的校友你默默地give me 5然后继续往下捧场吧。    (热乎乎的自习室拍的长大交通科技楼)   ①+ 上面的概括固然high，但我还是觉得有必要用点湿货来润色一番，那便是南二环上的彩虹桥的故事。话说西安市政府当年在地图上大笔一挥硬是挥出来一条二环把我长一分为二。然后就有以下对话 我长(笑呵呵):政府大哥，你看我都被你搞成这样了我就在这上面修一座天桥好歹把学校连起来吧。 政府(笑呵呵):行吧给你批，要不你弄一座二环天桥，以后大家也方便。 我长(笑呵呵):我觉得应该是学校天桥。 政府(-_-):你丫几个意思啊，不想给别人弄是吧，行，那你别用公共区域，有本事在公共面积上修桥墩。 我长(ˇ_ˇ):那行。 于是我长跟政府大哥把文件弄好后回家了。于是下图就出现了！    (图片来自互联网) 当然这个故事还有后续，没桥墩的桥出来了，我们的政府小兄弟也黑着脸彩虹桥约摸100m处也给来了一座。唉，政府和长大的品味也就不多说了 是不是有一种肃然起敬的感觉～ 也是口口相传的霸气野史，不管你信不信，反正我是信了。    （彩虹桥上小牌牌，还留着西安公路交通大学的名字）   ②说完了路院，于是悲惨的部分来了，因为我正好是其他学院的，所以说只是其他学院的体验！首先还是到处都能感受到公路学院存在(怎么这货阴魂不散了还在！)，实在是光环太大，老师讲课偶尔插播一天公路新闻学院，要复兴长大的有志青年一心在8西安公路交通大学的历史，给老家同学介绍学校的时候一定要来一句公路桥梁亚洲第一，吃完饭往回走一定要吐槽一下公路学院能不能把自家路修好点……说实话，我校在外地(指西安以外，对，不是陕西)仅有的知名度基本都是靠路院在公路桥梁交通体系的行业内认可度在撑着，也有传言交通系统内开大会基本上叫长安大学校友会Orz。所以其他学院的生存现状……就像我最近做的一篇英语阅读，将大牛和一群普通工作者放在一起的群体智慧是不如普通工作者群体的。于是普通工作者既然有了大牛了，那要到从普通到卓越更是难上加难呀。所以咱校要更好那就得兼顾甚至是重点发展其他学院。好在现行政策亦是如此，學長学姐们还是在社会上把长大的牌子打响了不少。与此同时，高考志愿查询系统最热门榜也是好几次一举夺魁，虽然不明白既然如此关注了为甚社会知名度还是如此那么低，甚至有人放出消息相关利益方在其中作弊，而且也不明白他最终能给咋们带来什么，但是作为本校人也只剩下单纯的虚荣的满满的激动了。拿我院来说，我院在整个其他学院来说应该是中等的位置，几乎是正中间，(其实认真排这个名也没意思，乐呵乐呵得了)。实实在在有太多老师真心是全心全意为人民服务，为院发展在不断尝试，总的来说充满生机，虽然也有些刚上任的立马变成了三句话不离领导的…，算了咱就不说了→_→。学生学习情况吧，据我了解也就是和其他中等211学校广大同胞一个德行，各路英雄都有←_←。虽然没有太好的平台，不过让我等合格出厂还是绰绰有余的。     ③再说说渭水印象。继南二环、小寨、雁塔核心地段享受了无尽的繁华之后，我校默默避开其他高校淡泊养性终于在北郊渭水边上找到了一片净土，让学子在喧嚣之外寻求本真。这本也不足为奇，完全就是现代中国高校发展模式，那好，下面我们来看一下喧嚣之外的长大。 校如其名，又长又大。 西边还有数百亩地正在施工，长方形狭长校区贯穿东西步行30min+，中国城市规划的里(qi)程(pa)碑有木有？住俩边的异地恋情侣过来默默点个赞有木有？东区14.15.16#楼表示不想去鸿远外地上课只想做一个在宿舍lol的美男子的有木有？ 还有就是渭水的建筑文化了。 除了修远楼一身淡黄，明远少数楼能有一抹深蓝外，几乎就是主打西北主流灰色调了。总得来说还是少了点活力。 逸夫先生的图书馆还是挺霸气的大西北地区印象中规模没有再大了的了(虽然不想承认，现阶段有点虚胖…)。鸿远，修远，明远三座教学楼也算是错落有致。    长长大大的校区习惯了也是别走一番滋味。真要稍不满意的地方就该是接下来要说的宿舍了。 既然说是体验的话，在渭水待的日子里，总时不时会有种感觉，那就是我还在上高中！后来想想这也可能宿舍的分布有关吧，校区两边两块集中的校舍整整齐齐，俨然高中学生公寓。教室宿舍路上人文景观也少的可怜，再想想其实也尴尬，狭长的校区也决定了南北方向的面积不能浪费，那么南北面相对固定的设计也就使东西受到制约吧。唉祝新开发的数百亩地幸福！     ④拉面女神。拉面女神据说是一位非洲菇凉，难道这就是留学生非洲人民居多的原因？手里托着据说一道彩虹，寓意是我路院修的桥梁一定要像彩虹那么美？所以说大女神不是拉面女神而是彩虹女神！如此自黑，其实也代表了我校学生亦或是当代学生的一种自嘲精神吧(也可能是某种满足虚荣心的手段←_←)。其实一般拿来自黑的反而真心是能拿出手的，或者正在前进路上的。所以前进路上的嘲笑诋毁，你就一笑而过吧，或者你也加入他们自黑一把再继续行走！不过拉面女神这些年真的越来越美了，我想假以时日定能被这世界看见！    (不要说我是裙底艺术家，我只是害羞懒得走到前面去拍！)   ⑤本部。大部分人三年渭水一年本部就该说拜拜了，现在也有好多直接渭水到底的。二环上的学校实在不能再方便，小寨校区正处西安小中心地段让我等穷乡僻壤来的追梦少年也算圆了都市生活梦。说到本部的体验，实在是新人只体验过自习室和宿舍。不过还是有一件不得不说的一生一次的体验——搬家。每年的搬校区工作都是我们的解放军叔叔(啊呸是哥哥其实说真的说不定是弟弟)开着霸气的大军卡带我们飞。搬家前夜军车上排满了大伙的行李，洒家抉择了许久还是决定来守车，于是在军车上待了一晚上。然后，第二天车队就浩浩荡荡出发了。到点后，该出发了，于是先是俩领导车轮换开路，保驾护航，管制交通，整个车队整整齐齐统一间距同一速度还真有军训时方阵阅兵式的感觉，于是我们一路上无视交通灯无视一切其他载具穿越了大半个西安，这待遇，纵使不细说现在想想也还有点小激动啊(请原谅我这放荡不羁的虚荣心)。折腾完后，从此，我也在二环上有房子的男人了，还是全小区最豪华户型哦(还有谁？ˇ^ˇ)。啊哈哈，其他关于本部还得继续体验啊，像洒家那就是一切为了考研而努力了，不管怎样，最后一年也要西北大都市过得精彩！      花擦，已经极力不吐槽了怎么还是写成了长大宣传广告。你这排解心情不适排得辣么长还想不想考上研啊。就这水平还越写越high，老子信了你的邪。  咳咳，还是继续把结尾high完吧。  有时候想，其实我们这代人的大学体验像极了至尊宝和紫霞的爱情故事。所有大学军训时候都会有一个特别有话聊的话题，那就是，要不是当年我…，就能上**大学了！就像至尊宝奔着晶晶菇凉打开月光宝盒结果阴差阳错去了水帘洞碰上了紫霞仙子，拔开了她的紫青宝剑。你说你不喜欢这的生活，你属于别处，却是当紫霞把剑架在至尊宝脖子上时，至尊宝为了活命说出了那段满口谎话接近完美的爱你一万年，就像你发现了你在生活面前的无能为力，开始接受你在母校的生活，然后慢慢有了规律走上了正轨，日久天长，结果是你真的爱上她了，你开始梦见了她，葡萄会告诉你你会在梦里叫她785次，你不信依旧和葡萄争辩她在你生命中是问号还是惊叹号，再后来就是你经历了一切后，终于有能力能身披金甲圣衣，脚踩七色云彩的时候你却真心实意地在观音大士面前再一次说出了爱你一万年。你对着葡萄欺骗着自己，“我怎么会爱上一个我讨厌的人呢”，对着看穿自己一切的葡萄极力去找借口，我想这样的你，临走的时候也许会被以前的自己看不起吧，我怎会心口不一，偏安一隅？不过，就算被说“你看那个人好奇怪啊，好像条狗啊”，还是要去热爱啊——  毕竟你是给我了三颗痣的人啊。 
长安大学的土木工程和道路桥梁哪个好一点?,道路与桥梁
长安大学测绘研究生难考吗？,不请自来，长大测绘大三学生。 根据我们老师说的情况，一本学校考我们学校还是不难的，现在老师们带的学生有很多二本的，对于一本学生还是很看重的。 至于专业课，主要是数字测图和测量平差，我们学的都是武大的教材。当然还要看你的方向了，大地测量，摄影测量与遥感，现在还有导航方向的。 研究生宿舍我去住过一次，四人间有独卫，还可以。
长安大学公路学院交通工程的研究生哪个方向或者导师比较好 求助?,补充一下楼上的，王元庆老师课题组搞的公交，绿色交通还是挺不错的，可以考虑。 多说一句，有心搞交通工程研究的话，个人建议尽量尝试出国留学，交通工程学科国内和美国大概10年的差距吧。
被调剂到长安大学地质系，想复读，考到什么水平算没亏？,“我考到什么水平算不亏？”你院校选择有问题，好专业比好大学重要，让你去中国地质大学学矿业加工你愿意去么？我建议：复读。学好专业，不要过分注重大学排名。
合肥工业大学，长安大学，安徽大学报哪个会好一点？,作为一个本科长安大学，研究生合肥工业大学的人来讲，还是想主动回答一下这个问题滴。 其实读了大学你会发现，除了清华北大一个档次，985大部份是一个水平，211又是一个水平，其他的又是另外一个水平。所以长安大学、合工大还有安徽大学其实差距没有特别大。当然安徽大学作为省属211来讲，可能稍微弱一点点。当然这个也得看专业，你总不能拿长大的公路和工大来比，也不能拿安徽大学的文学和长大来比。每个学校都有每个学校的特色。 长安大学，这个我还是很有发言权的，一切都围绕着交通 国土资源 和 住房与城乡建设这三个中心。专业特色非常显著，我觉得我校从换了校长之后，大有发展的势头。虽然离开了母校，还是希望母校在争创双一流中能抓住发展的机会，好好发展一波。 合工大，和长安大学有类似情况，是个工学为主的高校，优势学科也很多，但是我觉得貌似工大一直都不太受待见啊，当然这个是个人的见解。院士就一个，有点少，长江学者这个还可以吧。地理位置，在合肥，这个确实限制了工大的发展，虽然现在合肥发展势头很猛烈，但是人们固有印象还是存在的，导致很多人不愿意选择到合肥上学，下面的安徽大学也是同样的道理。 安徽大学，据说一直不服气相争安徽省排名第二，无奈工大依旧比较强势。但是安徽大学绝对的安徽省的亲儿子，这个不解释，哈哈哈哈。文科之类的专业比上述学校的大部分专业都要好。理工类的话就难说了。不过安徽大学计算机是国重，实力也不容小视。 好啦，以上是我个人一点点拙见，理工类，你就选长安大学和工大就好，文科生你就选择安徽大学吧。    毕业照镇个楼，哈哈哈哈哈哈哈。不要骂我，好不好 
如何评价长安大学土地整治工程专业获批？,地建集团用钱砸出来的
就读长安大学道路桥梁工程国际工程班是什么体验？,国际班的亲学长吐槽，真不怎么样
求建议。先说说我的情况，我今年毕业，工作签了一施工单位，同时考研了长安大学初试估计能过线。工作or读研？,必须是长大，工程局太坑
西北大学和长安大学软件工程类斟酌？,我很羞耻的问下...西北大学真的这么差劲了？ 真心不清楚为啥长安大学的分数线为啥比西北大学高。长安大学不是精通于建筑类专业么？客观来说，你可以比较这两年两所学校理工科的全国排名。西北大学计算机学科属于一级学科吧，很早就有了博士点，不知道是否可以从侧面说明这个专业还行。长安大学当然也很好，但我真心不了解那边在做什么，开国际会议从来没见过他们学校的，学术期刊从来没见过他们发表的文章，可能我的圈子太狭隘了。他们可能也从来没听过西北大学计算机在搞什么。plus，西北大学计算机有两个国家千人，我不太了解他们学校你可以问问。welcome to nwu
长安大学和西安交大的外国语学院研究生院，哪个更尴尬？,长大的英语本科就很尴尬
西北工业大学长安校区附近是否规划了地铁／轻轨？,  先上结论，有规划，轻轨23号线在长安校区南门附近（未建成）设站，但目前尚未见到规划落地实施的迹象。   在西安目前规划的23条轨道交通线路中，有4条是规划建设轻轨，分别是20号线（朱雀路-长安通讯产业园）、21号线（纺织城火车站-蓝田县城）、22号线（铁路北客站-高陵）、23号线（常宁新城-草堂镇）。  23号线就是长安校区唯一的期待了，南起草堂科技产业园，沿途与20号线交汇、途径长安通讯产业园进入南客站，然后东行与20号线再次交汇、经长安大学城，与2号线交汇，东至常宁。   由于西安市政府与比亚迪签订的云轨协议，23号线将采用比亚迪云轨技术，网传目前已经开始勘察，试验段4.5千米年内完工。但官方没有尚未有开工消息。  一期站点：16座17.7KM 韦曲南--长兴南路--政法大学--崔家营--子午大道--师大-文苑中路--西大-翰林路-机电学院（城市学院）-韦三十二—侧坡--西电--南客站--三星城--蛟河公园 二期设站：3座5km蛟河公园至沣峪口    然而，网传的这份线路图无疑再次给长安校区泼了一盆冷水 ，原线路图在沣峪口转盘后沿环山路到达草堂产业基地，途径西北工业大学长安校区，西安建筑科技大学草堂校区。网传的这份图一期工程只到蛟河生态公园，也就是目前西沣路上中兴公司的位置。距离长安校区还有10公里左右的路程，与地铁六号线终点南客站相距不远，6号线直达老校区，钟楼，2021年前通车， 蛟河公园的云轨对长安校区意义不大。    更让人担心的是二期也只到沣峪口 ，距离长安校区还有5km，而通向长安校区南门的三期（不知道是否还存在）就又只停留在规划图上了。  说完云轨，再说一下长安校区附近的规划，那就是—— 没有规划！   东大国际之发展，完全就是建立在西北工业大学长安校区的不断发展上，然而，学校的能力也只能在学校围墙内部，是无力驱动整个东大街道的城镇化发展的。长安区东大街道均处于秦岭限制开发区，不过限制的似乎也没什么意义，东大街道环山路以北区域土地已经被西工大长安校区、西安城建学院、武警部队、西工院、还有别墅和农家乐以及农民宅基地占去大半，剩余可开发区域不多。人口众多，但是，产值很低。同样尴尬的是，这片区域毫无规划。土地又被高冠河切割， 道路保留在乡村道路水平。服务业的顶级水平也就是万家和，城中村风格浓郁，服务业水平的不足导致我校学生看电影都要无奈地跑到市区。   东大国际的两侧的滦镇和草堂均为省级重点示范镇，也均在秦岭限制开发区域内，但都影响不大。先说草堂。  西安高新草堂科技产业园是草堂镇的招牌， 由此也导致了原来通过规划过长安校区的地铁改线 ，产业园内比亚迪，强生，中电名企很多，路网已经基本建成，完全一副城市形象，受太平河切割影响，河东岸的草堂寺与建筑科技大学草堂校区周边发展较慢，但是，草堂有规划，（不信你去看看建大草堂周边的村庄内宅基地加盖成风等拆迁的现象）以后建大周边全在新城规划内， 区域内电影院，商场均在建，甚至，稍远一点的高铁站—户县东站也即将开始运营，高新区也即将全面接管草堂镇全境，未来可期。   滦镇占据地利优势，距离市区更近，还有长安通讯产业园，进城路过时也可以看到人家新区的居民楼也都完工。  总结起来，东大国际算是起个大早（西工大2000年左右就确定落户于此），赶个晚集（目前两边都是关中地区产业实力很强的镇）， 没有规划，没有产业布局要背锅， 以后该片区域发展大概要寄希望西边的草堂了。   PS：相较于不靠谱的地铁规划，建议关注即将开通的西成高铁户县东站，距离长安校区不足15千米，20分钟，20多元，从户县东站即可到达西安北站，你值得拥有！（ 当然，以后开通长安校区到户县东站的公交会不会被916和黑车逼停还是一个未知数，公交也是个大难题，有空再补。） 
路基路面专业考研是选择东南大学还是长安大学呢？,长安大学好点。你说的这种跟道桥有关的专业还是长安大学更有优势一些。
被长安大学某买资料学长骗了！求出谋划策，教我怎么反击？,求真相。请帖出全部有关这件事的信息，相信即使不能挽回你的全部损失，至少也能让关注此事的知友能避免更多更大的损失。
河海大学和长安大学如何抉择？,都是211，平台一样。综合实力长安大学不如河海大学，长安大学在有些排行榜上升至排名100开外。强势学科，河海水利是国内第一的，长安的交通不是。所处城市，南京好于西安。就业长安大学不清楚，但是我认为水利不算一个很好的选择。另外楼上有个扬州大学水利的居然看不上河海水利外的其他专业。在河海读最次的专业都比扬州大学水利好多了。
我在山东科技大学读书，考长安大学亏吗，道铁，专硕，本人成绩不好，学习能力很强?,成绩不好，学习能力很强。  拿什么证明？
去西农还是长安大学？,如果以后要留在高校 事业单位 政府 读研深造 出国 那就西农吧 如果直接就业 长安大学要好一点 西农毕竟985的优势还是有的 现在也是网传的42的世界一流大学之一 以后这个优势会更大 长安大学工科院校就业不用说 看你的选择了吧
长安大学文科专业如何？文科生在西安有什么好的专业或学校,1.陕西师范大学、西北大学。 2.西北政法大学、西安财经学院。
长安大学西区被拆的小吃街叫什么？,还没有拆啊，就叫西街而已
材料学西安石油大学和长安大学哪个很好？,西安石油大学好，长大太弱
西安长安区高校成立的“长安联盟”为什么只有邮电大学宿舍没有空调？,钱都用在高大上的刷脸机上了  还能有钱装空调？
阴差阳错，本来一心读法学的我要去工科为重的长安大学就读了，我该怎么接受这个事实，如何度过大学这几年？,梦想和差别大的多了去了，你去这所大学难道不是自己报考的？自己分数不够才会来这里，你心里也是想过的。只不过接受不了这个事实。  心里实在不爽就叫上好朋友去玩一次跳楼机，保你下来什么都想明白了。  别人只能给你一些建议，如何过还是要看你自己。谁又不能替你去过你的人生。
在长安大学就读洗澡可以几天洗一次？,更新部分内容：1.渭水校区于2017年春季学期在西区新建了四栋新宿舍楼（有独卫）。2.浴室开放时间调整为西区16.00至22.00，东区12.00至22.00（以后我就不知道了，大四最后一届搬本部了）  原答案——   本科生大多在渭水校区，渭水校区现阶段西区宿舍无独立卫浴，东区宿舍有独卫(无浴)，东西区各一个大公共浴室(东区公共浴室有单间)，一次两元(单间四元)西区浴室开放时间大概是15:00至20:00，东区为17:00至22:00，浴室离宿舍楼不远，至于说洗澡频率这个问题，看自己，把自己搓破都没人管  。。。。。。额。。如果你是问学校里同学们对洗澡频率的看法的话。。。怎么说，让自己干干净净没什么错，自己舒服别人舒心，男生至少至少一周一两次吧
长安大学建筑学怎么样？就业情况如何？准备考那边的研究生,建筑学本科去年过的评估，研究生不太清楚。有一个瑞典皇家理工学院毕业的女神老师。就业基本不成问题，即使这两年行情不好就业率也都在90%以上，当然这主要看个人。
长安大学渭水校区怎么样？,还行吧，毕竟没建多久
寻求2001年长安大学67事件具体情况！最后是怎么处理的！?,只能说一辈子都不想踏足新疆！
请问长安大学宿舍铺位如何分配？,床位都是随机的，就我的观察而言，一般是家远的分到上床下桌的可能性大，但是也不绝对哦，见过家在新疆被分了上下铺的
长安大学资源学院有个叼毛硕导骂手下研究生可以骂一天（早上八点到下午六点，）？,一直吹嘘自己多牛逼，就算确实牛逼也不用一直吹嘘，向自己手下研究生吹有什么用？
长安大学文科怎么样？,还是别来了吧
如何评价长安大学公路学院创新教育中心？希望从多角度分析？,题主为什么要匿名呢？ 还是回答一下，我是长安大学公路学院桥梁工程的本科生，马上就要大二了，桥梁系系主任和我们说过打算在桥梁工程搞一个创新教育中心，说白了就是搞一个特殊班（并不是传统的优等生班），这个班的学生成绩会比一般学生好。和其他班不同的就是会有更多的和专业老师交流的机会。然后下面说我对这个的看法。 首先，我感觉有必要设立这个班，因为作为一名学生，我感觉到了长安大学公路学院，因为公路学院自身拥有的前辈们搞来的许许多多荣誉，所以很多人停止了脚步，好像失去了目标，我们总喊着要做更好，可是连“更好”是什么样子都不知道。所以弄这个班可以让更多的同学努力学习，说白了就是给他们一个目标。当然那些本来追求比较高的同学就不用说了。 其次，专业老师都在本部，我们的班主任也是很难和我们见上一面，所以搞了这个班之后和老师们有更多的交流机会，同时因为这个班的学生是经过筛选的，所以老师的时间的价值也比之前有所提升。 但是我想这个政策刚出来的时候可能会有人喊不合适，说到了大学为什么还要分重点班，不过这个声音不会很大，但是牢骚总是要发的。 以我的目光来看，我感觉这个是个好政策，确实有创新。 ps：知道这个消息的应该不多，就是我们本专业的本科生也有好多不知道的，所以，题主的身份真的很让人向往。
长安大学建筑系与西安建筑科技大学建筑系相比哪一个更好？,长安大学的建筑系是什么东东，不要把钻石和粑粑放在一起比好嘛
长安大学能源与动力工程？,长大能动就是汽车发动机，女生的确不多。但长安大学工科院校，有男女比例7:3一说，这还是有文传，政治等文科学院平衡的结果。
长安大学的宿舍、洗澡环境、图书馆怎样呢？, 百度地图有长安大学渭水校区实景，可以全景浏览  号外：听说学校重新改造浴室了，取消了更衣柜？西区搞了单间？具体什么样我不清楚，还请同学们自行前往查看  感谢同学们在评论区的指正  学妹你好:   长安大学分为渭水校区和校本部，校本部分为小寨校区，雁塔校区，本部南院住宅区、本部北院（三校区分布在小寨与体育场地铁站之间，相距不远）      本部我现在还没摸熟，而且从今年开始，渭水宿舍楼新建了四栋，本科大四生停止向本部搬迁，所以，就着重谈一下新生更关注的渭水。  渭水校区形状狭长，东西走向达2.2公里，相较之下南北仅700余米。以图书馆为界，分为东西区。      西区有宿舍楼1到6号，17到18号（新建），其中一至六号楼为六人间，开放阳台，无独立卫浴，有楼道公共卫生间。  西区四号楼（图片来源网络）   六人间（图片来源自网络）   十七至十八号楼四人间，内置阳台，有独卫。新建的17，18，与16号宿舍楼比较高大，内设电梯。  东区宿舍楼为7到16号，绝大部分为四人间，都为内置阳台，有独卫。四人间就是把六人间的上下铺换成左边的上床下桌，把中间桌子撤掉。  所有宿舍内皆设饮水机一台（校内水站提供，需押金）、风扇一台、可装空调（需押金、租金），在本部宿舍被热死的大四狗想渭水空调想疯  新生住东区还是西区，是看学院的，一般来说公路、汽车、建工、经管、理学院在西区，其他学院在东区。  渭水校区图书馆为逸夫图书馆   图书馆算大的，再加上学校几乎每个校区一个图书馆，书绝对管够。渭水校区离西安市图书馆40分钟公共交通，校本部离陕西省图书馆20分钟步行，不行还有它们顶着。  说到这里感慨一下，当年大一的时候我立志，横扫长安大学图书馆，结果最后支撑我去图书馆的动力就只剩考试周，空调和妹子了   洗澡为公共浴室，公共浴室东西区各一个。.浴室开放时间为西区16.00至22.00，东区12.00至22.00  洗澡每次两元，东区公共浴室有单间，单间一次四元（刚涨价，5块了）  公共大浴室的样子很多南方同学没见过，就是一个楼层外面是一个储物室，里面设置很多隔断墙，中间留一条通道，隔断墙上设置很多淋雨头，大家就光屁股站一排开始洗。南方同学先不要哭，学校那么多南方同学，我没听过过了一个月还没适应的。单间就像公共厕所一样，加了隔板，大家互相看不见。 
土管考研，西南大学和长安大学如何抉择，求大神?,哪个都不要选，去人大，中国农业大，浙大，武大，考研你还不考个好点的？长安大学和西南大学的研究生院都不是教育部承认批准设立的56所，我在转专业之前就是长安大土管专业的，该专业在我校毫无存在感，望三思。
长安大学转专业容易吗？,我今年刚毕业，也是大二转专业成功的啦，总的来说你想转专业，然后好好学习，平时想着这个事，最后就肯定能转啦，不难的，加油，对了我就是转到公路学院的
长安大学好还是北京化工大学好？,要是问我，我肯定说北京化工大学好啊。 说实话，我报志愿的时候还真没考虑过长安大学。听说过，没考虑过。所以不太了解。 具体还是得看学什么专业吧。 虽然没什么干货，但还是应邀来答，主要是为了放张图。  
长安大学公路学院的交通设计大赛奖金要求获奖队伍拿对应额度的发票进行报销才能领奖金是什么原理？,去买…
为什么有人长安大学都能读出优越感？,感觉 你比你说的那个人更有优越感
长安大学建筑学考研资料与真题谁有或者获取途径？,同求
求长安大学建筑学考研真题，求购，最好是学长学姐的?,等我考完复试给你
为什么说长安大学不应该是211 ?,因为对于本科来说，我感受不到它设置的课程和2本3本有什么区别与优势。 汽车学院catia等三维软件都不教。╮(╯_╰)╭ 人少，不匿。
外地户口西安买长安大学城的悦美国际，还是曲江二期的金地褐石二期？, 如果看中学区，为什么不选金辉世界城呢？ 
现在大三 长安大学公路的 想将来进考研设计院？, 官网上有每年的应届生招聘计划、实习生计划和相关的条件说明 自己投简历或者找里面工作的师兄师姐内推 
长安大学生活周边及宿舍条件怎么样？,现在来答算不算晚  先说周边 周边。。什么都没有。。学校可能在村里吧。。东面有个小区叫长乐西苑，居民楼里有一些小饭店和小宾馆。长乐西苑靠近学校东面有一些小商铺，有一些小吃。如果你想出去吃喝玩乐，只能坐车去市里。  再说说住宿吧 学校住宿分为西区和东区。西区离教学楼比较近，上课可以少走一些路。因为我是东区的，只说一下东区住宿条件吧。住在东区的专业是在学校里较差的专业吧，一些学院是四人间，上床下桌；一些学院是六人间，两个上床下桌，另外四个上下铺。宿舍里都有独立的洗手台和卫生间。空调可以申请安装，空调的电费自己负责。  就这些~有不懂的可以问我~
求问长安大学在公路道路行业的地位？桥梁在国内属于什么水平？,实事求是的讲，公路专业亚洲一流，没什么争议的。桥梁地位比较尴尬，套用我们结构老师的原话：一流的末尾，二流的老大。
长安大学交通运输类新生正在纠结于汽车学院和经管学院？,经管
复旦大学金融考研难度，本人退伍大学生，本科长安大学房地产管理，已经考到证券分析师，请各位知友帮忙参考？,难度挺大的，复旦周围有好多人租房子考研，考金融尤其多，二战三战都有。
长安大学会计专硕？,1，考研目标选择，一看学校，二看导师。所谓的教学水平每个人都有评价的标准，不易作为参考，教学水平再好，你遇到变态老师，导师很坑你也会呵呵。 2，任何学校，任何企业再招人的时候都会看你学校出身，所谓的歧视怎么可能会完全避免，同等条件的人，你是清华的，我是河南财经的，我自认为比不上你，相信单位也会选择你而不是我。不要抱有什么不歧视啊神马的幻想了，没有意义。 3，所谓的实践与理论结合本来就是虚无缥缈的定义，尽管课程名字不一样，可学硕专硕讲的课程实际上都差不多，结合与否看你自己能否把握。 4，一般情况下都是上两个学期的课，相对比较自由，所以考cpa的时间一般来说是没问题的。 加油
正在长安大学读大三的学生，读的是公路工程，考研与就业无法抉择？ 好烦恼,没事的，干一行厌一行，不论怎么选择，你都会后悔的。
长安大学岩土与隧道工程的就业前景?,强势专业，就业也强势！
如何看待“长安大学33岁讲师刘艳杰校车猝死”这一事件？,谢邀 这个事件没什么特别的，就是平时应该多注意身体，没有健康的身体，就基本等于白忙活。 不过这都是命，谁也不知道明天会不会睁开眼睛，还是多陪陪爱自己和自己爱的人吧。
长安大学转专业？,其实这个问题我没什么发言权 毕竟我没转过也不知道怎么转 BUT 第一、我们隧道108人从大一就没转进来别的人（除了上届够了17学分滑下来的），所以概率可能不大，但不是没有。 第二，公路学院实力是不错，但是从目前本科和研究生就业情况来看，就业很容易，但是很少工作称心如意。血泪教训啊。  所以小弟弟（机械小妹妹太少），谨慎！
准备考长安大学道路与铁道工程的研究生，有什么建议？选长安大学有没有问题？,目前长安大学公路学院道铁研一学生、乐于分享经验。 首先道铁这个专业推荐学校大概就那么几个吧。【来自百度百科，基本认同】                   这个表中既然是考研推荐，是考虑了考研难度、考研性价比的、并没有说谁更牛一些，请自行感悟。有十足的能力当然想考同济啦！ 选长安大学应该是没有问题的，我本科是长沙理工大学的，之前一直在犹豫要不要留校，说到底不想再一个地方呆7年还有考虑到母校不是211~现在有点后悔哈哈               下面分析长安大学道铁专业。长安公路号称亚洲第一，公路界的黄埔军校基本还是被认同的。师资力量、科研配套设施、就业都很不错。【就业情况可以在网上找到】在公路学院就读自豪感还是很强的，看着南二环外面的那座与政府对抗，回想我校傲娇地修座彩虹桥的故事、坐在会议室听王秉刚讲解新规范的修改历程想着在工地的同行要跟着“我们”的脚步来的暗爽。。。。。               考研科目主要是路基路面和道路勘测，题目难度不大，要求对书理解比较深比较灵活，但是分数会给的很低，我只考了87，估计平均分也就70左右吧【对比华南理工，长沙理工那些给130很平常的学校，考长安大学是很坑的！】不过不着急，我们总分要求很低，今年是国家线285，而且复试是按照1:1.1来的，而且很公平无黑幕，基本上分数不是很垫底复试无压力。这一点对比同济、中南那种激烈竞争是非常幸福的。 注意一点啊！请一定报学硕！！！！！！！ 因为专硕也是读三年，而且学硕可以调剂、调剂可能去处是长安专硕、重庆交大。              不过公路学院在老校区、生活设施不是很好、不适宜养尊处优愉快生活哈哈。       如果题主是南方人，还是考长沙理工或中南大学（华南理工地理位置是极好的，不过他们道铁研究生是近几年才开始搞的，招生规模和设备什么还是难比这些老牌交通院校，不过毕竟985，在广州地区就业刁刁的。）。               北方人，长安是个不错选择呀。  当然啦，大家都更爱同济，东南啦  考研也有成本，成功率这些因素，大家量力而行，加油。  
以就业为导向，地质工程研究生应该如何在西南交大，长安大学，成都理工做选择？,西南交大吧。。虽然成都理工地质实力比交大强
西安交通大学、西北工业大学、西北大学、西北农林科技大学、西安电子科技大学、 陕西师范大学、 长安大学、西安理工大学 、西安建筑科技大学、西安科技大学这些大学那些专业毕业后好找工作？,我是西电的，首先说一下西电。  西电的就业率比较不错，一直以来都居于西北地区的就业率的前列。不过我想大家关注的可能不是学校的就业率，应该更关注毕业后能不能找到一份比较好的工作。  通信类硬件类：西电的通信工程居于全国第二， 嫦娥计划五个总工程师三个是西电的；  中国移动总工程师西电毕业的 。例子太多了，就不说了。 作为西电的王牌专业，很  多人将西电的通信工程作为首选。 那么西电的通信工程毕业之后可以去哪呢？华为中兴是比较不错的选择吧。华为最低工资月薪九千，中兴八千。而且最近物联网以及智能设备非常的火热，将来这方面专业的就业比较看好。  计算机类软件类：程序员在这个行业内是非常受欢迎的，很多大牛到BAT，360，金山，58同城，赶集网，年薪20W+以上的不在少数。因此， 西电的计算机科学  与技术，软件工  程，都是非常不错的选择 。程序员并不屌丝，只是将屌丝作为了一种生活方式。  再来说说软环境。个人觉得交大的软实力还是非常不错的，培养了周鸿祎这样的牛人，我去过交大，感觉确实是西北所有的大学的标杆，自由宽松的、重视实践的氛围，是值得每一个学校去学习的，交大大部分专业都是非常棒的，关键是一个好的氛围，因此， 报考交大的各种理工科专业都比较好找工作。 再者，很多公司来西北地区招聘，往往只招交大、西电、以及西工大的学生，招聘会直接在交大或者是西电举办。  当然啦，西电也在努力中。比如 腾讯联合创始人曾李青，西电毕业的，文件大师、  每日瑜伽多个移动互联网产品的创始人或者是联合创始人，西电的 。当然了，现在在西电正在创业的慕声耳机团队以及多个互联网团队，都是非常不错的，我们看到了西电在这方面的努力，我们也看到了西电学生的努力。  清华的学生从一开始就自认为是社会精英，可以做大的事情，而我们西北地区学校的学生，大部分都在想着以后要考研，要做技术。 希望之后的我们，九零后的我们，能够展示我们的青春活力，有自己的想法，有自己喜欢的事情。 然后在校期间能够做点事情出来，让自己真正牛逼起来。
长安大学公路学院?,必须路线方向
江南大学哈尔滨工程大学长安大学哪个厉害？,江南大学，长安大学，一听就是民办大学的塑料感，哈工程，有一种哈工大的余威，坐落在东方小巴黎，吃秋林红肠，饮纯正哈尔滨啤酒，学校与省军区，欧亚男科相伴，有全国第一大的操场，前身哈军工，红色贵族学校，远东第一军事学校，纯正苏联军工混乱邪恶血统，教学楼里可以开坦克，三海一核，吊打所有
土木专业的想考西安建筑科技大学和长安大学，想问一下哪一个好一点？,土木的话 长安吧 好歹是个211 建筑的话 西建大
考上了长安大学，复读一年值得吗？,合适，利益相关，长大学生。匿了。
今年高考理科男574分，江南大学、西北大学、长安大学、郑大等等等怎么选？,这个不是很懂，不过学校都还可以，不晓得哪个是985原则是首选985，其次要看好城市，再次要看学校专业发展潜力
长安大学交规与西南交大交规的区别，谁更好？,看你想在哪儿发展，个人觉得西南交大更好
如何看待长安大学许同海老师的地域歧视言论？,9.25更 我看到有长大的学生发表评论 他说明了这个老师PPT上的内容很多是从网络截取的 那我很好奇，他是想表明网上这些地域歧视的言论是心理扭曲？还是他自己就认同？  为什么只说了海南人？ 放出截图的是海南人，而且也有其他上过这个老师的课的同学指出这不是唯一一个地域歧视PPT 如果有人开始攻击你的大学，你生活以及钟爱的城市，你会不会也像我一样开始讨回公道？  地域歧视这样的事在中国持续太久了，我觉得近几年已经好了很多。但是当为人师表的教授公然宣传地域歧视以及当作笑柄教授？！我认为很不妥，应予以阻止。  我知道长大的同学爱自己的学校，爱自己的老师。而我并无攻击你们学校的意思，只是许同海个人的做法不正确 9.24 我是一个2岁随父母定居海南的海南人 虽然我不会说海南话 不在那里出生 但是我对海南是有很深的感情  许同海这个人不配做老师，更不配评头论足其他地区。 既然他是教心理学的，请拿出证据来。拿出统计数据证明自己PPT上所教授的东西是合情合理，有理有据  我现在在国外留学，教授的所有课堂笔记等等都要经过系里的审核，以及助教的修改。一旦有任何涉及地域歧视，种族歧视的内容，老师会面临被开除以及取消教师资格。  我并不明白许同海教室里的学生看到这一幕会笑，这是无知的表现。 人的出生和成长环境是没有选择的，我也听过很多人骂上海、北京、河南（地方及当地人），但是这样做有意义吗？ 大家不都是中国人，而且不喜欢的讨厌的也是少数。每个地方都有你讨厌的人，小到亲戚 到学校，大到社会到世界，你都要骂一遍吗？一个人为单位骂一个城市一个民族一个国家？！  这让我想到了希特勒，因为小时候被犹太人欺负，得权后想要灭一个种族。（不知道我有没有说的不对的地方，请大家指出）  我从来都是个游客，去翻看各种言论却从不评论。这次我觉得我忍不住一定要为自己成长的地方辩护。  我在新疆出生，纵使很多人害怕以及厌恶这个地方，我也是喜欢这里的。但我对海南的感情更深更浓  海南对我来说是一个仙境，是我这辈子度过最快乐最幸福的时光的地方。那里有我最美好最独特的回忆。  所以许同海请你闭嘴 也请你尊重教师这个职业 请辞
知乎安卓版本界面为什么会有长安大学的校徽？,界面显示的是你感兴趣的话题的图片，应该是你关注了长安大学，所以才会显示的。
长安大学的管理学院怎么样？？？,我怎么记得长大只有两个学院:公路学院和其它学院。
被长安大学交通运输类专业录取了，打算进汽车学院，关于未来发展求教各位前辈。？, 谢邀。汽车学院是长安大学比较好的专业吧，建议去同济进一步学习硕士和博士，前途很好的。 
美术专业 西南大学和长安大学选哪个比较好？,长大只有环艺属于建筑学院一年收20个人左右， 西南大学不清楚
