今天开学大四，一线城市外国语大学，英语过六级水平，想考2018年中国政法大学法律硕士。怎么学习？,老师这个工作多好啊，好好珍惜！方法千万种，志在用心人！
中国政法大学如果不学法学，学经济学的出路如何？,在这种类似于职业技术学院的学校，一半以上法学专业，剩下的一半又有一半辅助法学。 其实想表达的是，政法或不以专修经济见长。 慎重考虑。 期末预习中
中国政法大学和北京林业大学哪个MBA含金量更高，为什么？,这俩学校的MBA远不如中国农业大学。
中国政法大学能称得上是国内顶尖法学院吗？,顶尖不好说，但是很多方面是第一梯队法学院里性价比最高的。  学术资源（总量）全国前三没有悬念，可算顶尖，均值嘛不好定位，毕竟政法院校老师可比那些综合高校小法学院不知多到哪里去了，几百人总量上击败你们几十人的论文数课题量还是做得到，究竟有没有患不均我也不太了解。  资金和硬件设施不知低到哪一流去了。  生源整体确实不错，但肯定算不上顶尖，高考分数比不过那些top综合高校咯，一般来说也比不上浙大南大，最好的情况下和两财一贸持平吧。读研门槛同理。  区位研究生院算顶尖吧，昌平…好歹我们也在北京不是！  国际化程度和华政差不多，qs排名排在我们学校前面的一般只有清北人复交，而且这几年发展也很快，顶不顶尖不好说，只是出国氛围远不如保研氛围浓。  学习风气确实好，特别是考试周和经验交流会的时候，还有十分励志的排队占座，也不知道是因为爱学习才占座还是因为座位不够，学校还喜欢拿这事出来宣传…我个人认为在舒适的环境中学习不代表学风不好，所以不知道和其他学校比学风怎么样，反正这个东西没法量化，爱顶尖就顶尖吧。  教师待遇两极分化可大了，顶尖的也是全国顶尖，差一些的起步阶段的年轻教师可就…而且因为历史深厚，很多关系可以说是错综复杂了。  就业情况的话，学校里顶尖的自然全国也顶尖，所谓清北人政贸说的就是这几所学校的最厉害的求职者水平都差不多，所以学校达标。但平均到全校每年一千多个学法的每一个同学…我这么说，如果把学校就业报告里的“大成盈科等顶尖律所”当真的话，就业情况就算顶尖。毕竟国内法学的教育来看，基本靠自学，就业情况基本上和生源是成正比的。  总的来说，性价比超高，以同等非顶尖分数享北京区位优势，五院四系大名，良好就业声誉，无数学术资源，你值得拥有。当然，你如果不争取，这些都和你没啥关系，你如果要争取，同年级还是很多人在那跟你争呢，大家战个痛哈！战着战着说不定你就顶尖了哈哈哈。  最后不敢定性说学校顶不顶尖，随意吧。
中国政法大学法硕（非法学）复试内容？,你想了解什么呢？你问这么简单我也只能简单回答：认真备考（笔试），加个复试群（拿资料），看看往年题目（反正有题库）
考研中国政法大学，保研澳门科技大学如何取舍？,如果可以争取的话，建议你试着考一下中国政法大学。澳门科技大学是发展中的学校，进步飞速，但与老牌法律院校可能暂时不存在比较性。如果你是希望借研究生的学历提升背景，建议你争取一下中国政法大学；如果你家庭并无压力，希望能感受一下中西文化交融的学习环境，以及希望丰富自己的人际网络，可以来澳门科技大学学习。 作为科技大学的学生，我认为学校带给我更多的是心态和适应能力的培养…而且，学历背景并不是衡量个人能力的唯一标准，更多的还是看自己如何设定自己的位置以及如何达到自己的目标。坦言之，在寻找工作的过程中，无论是怎样的企业，当你能够通过简历筛选和笔试时，你和其它target school的学生可以说已经可以站在同一起跑线上了，所以还是自己本身的综合实力更为重要。 仅提供参考建议，希望你能做好选择，人生坦途。
18考研，想考中国政法大学心理学？, 法大心理学还是蛮好的，去听过一个老师的课讲得很好，考研的话应该看看18年法大出的考试范围，可能和17年的变化也不大，好好考~ 
高考三本线没过为什么可以上中国政法大学？,说不定别人复读了呢？你这份东西根本就不能证明别人三本线都没过。
中国政法大学的经济法，法与经济，国际经济法哪个更好呢？,从分数看，经济法和法与经济相对难考，从专业兼容性来看，法与经济更适合本科属于商经类专业的，经济法和国经都是纯法学的，对法学功底要求更高。
「求助」请问中国政法大学MBA和中国社会科学院研究生院MBA哪个更好？,      没有好不好，只有是否合适。适合自己的才是最好的。中国政法大学和社科院研究生院都是在2009年获得教育部第八批审批通过的MBA项目的学校。政法大学属211院校，以法学为特色和优势，法商管理是其首要的特色方向，另外企业变革与组织创新和企业法务管理也是其方向之一。而中国社科院研究生院不属于高校范畴，自然没有211和985的划分。社科院是人文社科领域的最高殿堂，学术导师资源丰富，你的MBA指导老师是博导的大有人在，而且社科院是实行双导师制。战略管理和金融与财务是其特色方向。另外，两所学校学费也不同，政法的略贵，但如果面优，会有4万的奖学金奖励。因此，看你自己的将来择业方向或者自己的兴趣志向再来定夺吧。祝好运！
高中四年抑郁，终于考上北京中国政法大学。大学四年迷茫度日。对法学实在提不起兴趣。如今已经毕业，无方向?,不喜欢法学就找喜欢并且切实可行的去努力。  实在没有就找赚钱多的。起码努力几年之后可以每天高枕无忧的躺尸。  抑郁焦虑多多少少大家都有，不要总是暗示自己在因为这个焦虑，着手解决就好了，年纪还小怕什么。  祝好
华东政法大学和中国政法大学的比较？,能考上中政的一般不会考虑华政了（江浙沪除外）所以能考上中政最好了 考不上中政来华政也不用觉得人生无望 从律师行业来看，北京执业人数大概三万。上海两万人，然而北京的蛋糕并不明显比上海大，上海律师人均创收高于北京十万元左右（没记错应该是）其次，北京好学校太多。虽说目标院校是清北人政贸，但央财北师北外外交学院等法学院毕业生就业也会来分蛋糕。而上海目标院校是复交华政，财外师来分蛋糕。竞争难度小于在北京。且上海因华政长期一家独大，校友遍地，说的是上海一半律师是华政校友，至少不会在学历当面卡你 但最重要的是自身实力，毕竟中政华政学生太多，前辈照顾不过来了，对你有利也很有限，且因质量良莠不齐饱为诟病（当然，中政学生平均质量比华政平均高是无疑的）任何时候都是自身实力才是王道！！！
中国政法大学社会学研究生在哪个校区？,学院路校区，海淀
西南政法大学有多强？,重庆人真是身在福中不知福，隔行如隔山，法律圈子西政算是黄金招牌了，只是现在所有的法律院校都不是很景气，中国政法干不过中央财经，西南政法干不过西南财经，华东政法干不过上海财经，中南财经干脆直接合并了中南政法，谁让中国人都往前钱看尼！（我说的是高考收分，不是说人才培养。）即使如此我们外地的不知道要多努力才考进西政学法律，我的分远超西南大学，但差点没考上西南的法律。这所学校是重庆的骄傲，曾经的政法第一名校，曾经的法学半壁，曾经的法学圣地，即使褪去历史的光环，西政也已经足够伟大，她永远是中国法学届的一面旗帜。另，作为毕业好多年的师兄，给看到回答的在校学生多说几句，不要太关心这些什么排名，对你们毛用不顶，本科一定好好学基础知识，西政的毕业生历来都是以法学基础扎实著称，我们单位有个本二的法学，基础学的好，现在领导北大的，关键在自己要静心学习。名校只是增加了你成功的概率，而不是代表你就成功了。
北大国际法学院 浙大法学院经济法 中国政法大学法与经济学 研究生选哪个学校好啊？, 做投行的业务，应用比较频繁的法律主要是民商法，以公司法、证券法和民法为主，当然像经济法中的招投标法、反不正当竞争法等也经常用到。此外，还要考虑你工作的地点，如果是在北京或北方，那么北大或政法可能更方便一些，反之浙大也是不错的选择。甚至，选择北方还是南方的学校跟你的个人习惯也有很大关系。  对我个人来说，如果专业都差不多的情况下，我觉得学校的品牌和排名就是最优先考虑的因素了。就算是专业跟未来的工作内容不对口，那么也可以在学习里加强自我学习。 
为什么中国政法大学的宿舍条件得不到改善？,王健林成为我们校董了。。指日可待！ 但是估计要到我毕业后了。。。。
中国政法大学本硕连读法学实验班是什么模式？招考条件是什么？ 与普通班有什么区别？,按：我现在就在题主所说的「法学六年制实验班」读书，今年大二。写这个回答，一方面是供那些有意报考「实验班」的同学参考，另一方面是对自己近来的思考稍作总结。   引子  在回答要不要读实验班之前，有两个问题先确定一下：其一，你是否真的准备读法学？其二，你是否真的准备在中政读法学？  对于一个高中生来说，第一个问题不好回答，需要自己去思考。  第二个问题：你是否准备在中政读法学？可以参考这个问题： 在中国政法大学就读是怎样的一番体验？  补充一点：中政本科都在昌平区，昌平区离北京市区有多远呢？看下面这张图：  上图还标出了北大、清华、人大、贸大这四所学校的位置。身在昌平，意味着法大的本科生进城实习要比市区的几所学校辛苦得多。位置上的偏僻，对于需要实习的同学来说，无疑是多费了许多苦功。   一、实验班概况  中政的法学实验班始于2008级。2008、09、10级都保持50人的规模，小班教学。自2011级开始，实验班招生通过  高考填报志愿  进行，规模扩大到200人，并且统一划归到法学院管辖（需要解释的是：中政法学学生太多，为了便于管理，分成了四个学院，分别是法学院、民商经济法学院、国际法学院和刑事司法学院。四个法学院仅有行政管理上的差别，教学内容上都是一样的）；2011、12和13级都是200人的规模。    法学实验班  基准学制为六年，修业年限可以延长到七年  。六学年分为两个阶段，  第一阶段  为基础学习阶段，从第一学期到第七学期，第二阶段为应用学习阶段，从第八学期到第十二学期。  基础学习阶段主要完成通识教育相关课程和专业学习中的课堂教学相关课程以及与之有关的实践教学环节，使学生建立较为宽广的知识结构，形成良好的法学思维方式，掌握初步的专业技能，为学生进入实践教学进一步发展职业技能创造条件。  学生完成基础学习阶段，经考核合格，获得本科毕业证书与学士学位证书并进入到应用学习阶段。  应用学习阶段主要包括三部分内容，其一是为期  一学年的专业实习  ，旨在使学生全面掌握法律职业相关实务，其二是  专题课程  ，旨在以基础阶段学习和专业实习为基础，深化学生法学专业学习深度，达到  法律硕士  应有的学术水平，其三是毕业/学位论文，旨在反映学生运用所学理论与知识综合解决法律职业中面临的理论和实践问题的能力。  法学实验班的专业课程设置是根据实验班培养目标，遵循法学教育教学规律，参照教育部高等学校法学学科教学指导委员会核心课程确定的。法学实验班培养方案设置专业必修课程30门，其中包括借鉴国外著名大学开展案例教学的成功经验开设的宪法案例研习等12门案例研习课；专业选修课78门，实验班学生在基础学习阶段修满18学分专业选修课，应用学习阶段修满8学分专业方向讲座课程。  ——摘自2012级法学实验班《培养方案》   实验班学制为六年。大一至大四上学期，为基础学习阶段。这段时间与普通法学一样，学习法学专业课。最大的不同点，是实验班要比普通法学多修12门案例研习课。在每一步部门法学习后，都会开设相应的案例研习课，比如宪法案例研习、民总案例研习等。案例研习课是算入专业必修课学分的。 案例研习课都是以研讨案例的方式展开。与普通法学相比，实验班的同学多了一个学期利用课堂研习案例的时间。但是现在研习课教学效果不太理想，因为扩招后的实验班分为4个班，每个班50人，研习课就按50人开。50人的研讨，最后只能成为老师和几个同学的「脱口秀」。  大四下学期开始专业实习。半学期检法机关，半学期律所。实习单位是学院帮忙联系安排，当然自己也可以去找实习单位。我手上没有08、09级的实习去向，不过，听一位10级的实验班师姐透露，10级有8位同学得到了去金杜实习半学期的机会。当然，10级还是50人的规模。等到11、12、13级的时候，这样优质的实习资源恐怕都是要靠抢了。学院也在为此做准备，但是，等学校给安排是最后的打算，最好还是自己去找实习。  中国政法大学法学院与知名律师事务所合作共建签约仪式暨兼职教授和联合培养导师聘任仪式圆满举行      二、疑虑  这一体制的优点在于：  1. 时间  六年拿两个学位（法学学士与法律硕士），对大多数同学而言，省去了考研这一道程序。  2. 质量  中政四年的法学本科教育，一年的实习经历。  而我们这些学生的疑虑在于：  1. 法律硕士的认可度如何？  这也是刚入学的时候，同学一直在讨论的问题。不知为何，大一的时候我天生觉得「法律硕士」听上去比「法学硕士」低一个档次，而且时不时会有人提醒我，有些地方会「歧视」法律硕士。我们也曾经向学校提议，希望能够将「法律硕士」改为「法学硕士」，最后无果，因为这是教育部批准的项目，学校是无权改变的。  选择考研的同学，一部分原因是想拿一个「法学硕士」的学位，当然这一做法可取的前提是：「法律硕士认可度没有法学硕士高」的假设可以成立。但这一假设其实是存疑的。  当然，由于我没有作相关的实证研究，检索信息得到也都是些个人经验，因此我无法给出「法律硕士」、「法学硕士」相差多大的结论。个人感受是，法硕与学硕没有那么大的差距。法律行业，很大程度上是一个「看学校」的行业。引方流芳老师的微博作证：  法学分本科教育和研究生教育，用人单位认为研究生比本科生“档次高”，不管什么岗位都要研究生学历，这就形成了本科生为研究生垫底的就业格局。这一格局又驱动本科生推迟就业，攻读研究生，法学本科就变为研究生预科班。然而，接受七年就业前的法学教育，这在任何意义上都是时间和资源的浪费。 ——7月8日 20:38  “一本”、211、985大学的法学院集中在京沪两地，法律职业的就业机会集中在京沪两地，京沪两地的落户指标更具有吸引力，因此，京沪两地法学院的研究生在职场具有明显优势。在可以预见的将来，外地法学院办得再好，也只是为京沪两地的法学院输送研究生候选人；京沪两地法学院办得再差，也不缺学生。 ——7月8日 21:02 中政法学本科出身的法律硕士，应该会与一般的法律硕士不同。遗憾的是，手头上没有08级师兄师姐的就业信息，无法来印证这一观点了。   2. 选择实验班意味着同时放弃了保研资格  因为实验班的学生是保法律硕士，在大四上推研的时候，法实的学生只有两个选择：保法硕，或者放弃。放弃意味着工作，或者考研。  不能保研，对于成绩优秀的同学来说，损失了一个机会。如果当初没有选择法实，而是去了普通法学，或许就是另一种境地。尤其对怀揣「名校梦」的同学来讲，保研有可能助他们以较小的成本进入北大、清华（因为考研实在是太残酷了 ==！）。  但是选择考研，同样是要作出比较艰难取舍的。考研，自然要考去一个更好的大学。而在国内法学界，比中政好的学校，能数得上也就是北大、清华、人大这些名校——这些学校又是竞争非常激烈的学校。如果放弃了中政的法硕，最后又没有考上，或者去了一个次一点的学校，就有点得不偿失的感觉。   3. 实验班是实务导向  实验班的课程体制是按照培养实务人才设计的，因此，对于有志于学术的同学来讲，可能就不那么友好。如果想从事研究，读法学硕士的研究生是更好的选择。   结语  坦白讲，我现在还没有决定是否继续读下去，因为我还没有想清楚自己要从事哪一职业。如果确定走学术道路的话，我会准备考研；如果是要做律师，我很有可能按照这样的模式读下来，因为这样省时间，会有更多的精力接触实务、丰富自己。  明年这个时候，我就能给出答案了。  以上。   回应匿名用户：  1. 资源不够 在法大，资源不够是常态，毕竟北大、清华、人大、贸大四所法学院学生总和都不如我们学校多。优质资源，如奖学金、出国交流等都是要考抢的。一般而言，法实的资源要优于一般法学。  2. 大三大四成绩好的大多放弃了这个保研。 不确切。11级情况还未确定，08、09、10级大多数坚持了下来，每一级仅有几个人选择考研、工作或者出国。（2011级法学实验班，共7人退出，方向是考研、出国等，其余193人选择坚持。）  3. 导师制度 法实的导师制度，不同于研究生阶段的导师，功能定位是给学生提供学业上的指导。至于师生之间有多大接触，分情况：如果老师比较热心，会经常给学生开读书会、组织同门聚会；如果老师不热心，可能就基本没联系。  人与人之间的交往，关键在于用心。不能等着老师来找你。平时在学习、活动、阅读等方面遇到疑惑，都可以通过电邮、短信、微信等方式与老师交流。看你自己如何把握。
中国政法大学只在提前批次录取?,   哪些大学只在提前批次要人，翻一翻高考指南，最不济，百度下招生办，马上就知道了，没必要知乎上邀请一堆人，懂吗？摊手～
中国政法大学的CP到底是哪个学校？,有人说是石油，还说法大和石油可以合并，叫“中国油政大学”
中国政法大学本硕连读法学实验班毕业就业前景如何？,基本都认同。 如果报志愿的话，还是推荐法实，亲儿子。直硕的压力会小很多。
法律硕士（非法本）武汉大学，中国政法在全国的认可度和就业的类型，就业总体层次来看，哪个更好，如何抉择？, 您好，谢邀~  综合考虑的话，二者是不分上下的，从地理位置来看，中政在北京确实有一定的资源优势。  学习氛围，那是相当浓厚啊，除了司考和考研刚结束的一个星期，自习室场场爆满，早上六点都是朗朗书声，当然也有酣睡不起，自习不去，节节翘课的实习机会，很多！由于地区优势，律所云集，基本上所有人都去比较好的律所实习过，法院检察院也很喜欢法大的实习生。 不过也是有劣势的，学校在北京的昌平，交通不及武大便利，男女比例失衡，女生居多！  下面说下武大，综合性大学，学术环境是自由开放的，学科建设均衡，学生社团众多，业余生活丰富。  不过武大的教学体系很零散。  至于选择的话，想寻求更多的发展机会，建议中政，如果家是湖北湖南，建议选择武汉。  以上建议仅供参考，希望可以帮到您。 
中国政法大学行政管理研究生书目？,考研？你可以去中国政法大学研究生院看看去年发布的专业目录，一般都不变，今年大纲9月份才出的。
报读中国政法大学和选该校专业时是否承认少数民族加分制？最高是多少分？,承认，都承认 高三好好学别像我一样分不够被挤出来啊
中国政法大学 法律硕士非法学好不好？是一种什么样的体验？,如果你还没决定要考的话，建议多了解非法本法硕的一些相关情况再做决定。总的来说非法本法硕其实并不把教学和科研当做一个目标，所以老师好不好并不重要，重要的是如何在非法本法硕就读期间提高自己的专业能力和综合能力。
北大法学院和中国政法大学如何抉择？,如果真有想学法学的能在这个问题上纠结，我把张明楷的《刑法学》吃了。
中国政法大学同等学力研修班会不会是骗人的？,是啊 我在纠结民商法学院和继续教育学院，请问你最后选择哪个呀 
现大二，中文转法律，想考中国政法大学，可行吗？要做什么准备工作呢？,刚刚看到，不好意思。 大二其实不用急，现阶段最重要的就是英语。如果英语基础好，建议直接背《星火7000》，如果英语成绩一般，就从红宝书开始背也行。但是要保证单词至少过三遍。不要急着做真题，先把单词背扎实了。
有什么关于中国政法大学的冷知识？, 1、在法大，同学都以“师x”相称，如师兄师姐师弟师妹，学长啊学姐啊这种称呼是没有的，基本上入学第一天就会被师兄师姐纠正过来。我也不知道为什么...老传统了。  2、下课时候掌声的热烈程度是衡量同学对老师个人及授课评价的重要标准。  3、结课论文需不需要手抄是要赌人品的，看教务处心情，每个学期要求都不一样。  4、教室里的监控质量极好，清晰度极佳，且有专门的一间监控室，长得和各种警匪片里的特警指挥部一样一样的，然而，只有考试周才会开...专门抓作弊，还会公开一切相关信息，直接向作弊分子宣战。  5、分数一经录入，除非老师向教务处提交合理理由，否则无权改分。  6、有时候上课时会发现最后一排坐着一位老先生，多数情况下授课老师下课的时候都会过去和老先生寒暄几句，有时候还会特别恭敬......这是学校安排的教学质量评估，评估员都是退休老教授，一般情况下都是授课老师当学生时候的老师...所以经常能见到师爷  7、实话实说，相比于研究生，大部分老师更喜欢给本科生上课，可能是本科生更积极思维更发散吧...  8、在食堂吃饭经常能碰见黄大大（黄进校长），只要大大不急，求自拍和合照都会答应的。（毕业的时候全班女生挨着个和黄大大合照过）  9、还是黄大大，12年本科生毕业的时候，不知道是哪个安排毕业典礼的人脑子抽筋了，居然让黄大大一个人给全体本科毕业生拨帽穗...2000多个人呐...然后大大就从早上一直拨到了晚上...  10、灵异事件是有的，因为bbs上有人开过一贴专门写灵异事件，不过是陈年老帖了。学校里也有各种传说，关于格物楼的传说是最多的。大概内容无非是格物楼各种阴气重冷风吹，原因有的说是因为二楼是法医的实验室...会解刨尸体什么的...当然内容并不靠谱啦，看着玩就好  11、讲到bbs，法大bbs自2012年开始不断落寞，目前新生几乎已经不知道还有这个东西了。每个法大学生可以注册5个账号，我自己之前就注册了5个给学院顶贴用...  12、说道海子，海子是在哲学教研室，当时应该是在社会学院（还是政管...老记不住），是我一老师的对桌，老师对海子的评价是：不爱说话...挺沉默的小伙子  13、过年不回家的话，黄大大会给拜年，还会发压岁钱~（本科时有过，到了研院就不知道啦）  14、男生寝室叫“菊园”，感觉怪怪的  15、和石油大学门对门且关系暧昧，食堂没有馒头的时候借过馒头，迎新停车场不够的时候借过停车场。选课的时候也会发现两个学校的部分课程可以互选，各种活动也会发现有对门学校的同学来，当然，考虑到两校的男女比例，这些现象都很正常（感谢@追风）  16、除了宿舍以外，校内所有洗手间中均提供手纸，用完了保洁人员会更换，极其方便。据说全国还是全北京只有4所高校有这待遇。  17、如果前一天晚上下大雪了，第二天早上会发现全校的国防生都会出来铲雪，一上午差不多整个校园的路面都能正常通行了，给国防生点赞。  18、两个校区之间有班车，老师免费学生5元，可以刷校园卡。如果老师没有座位的话学生是要让座的T T不过如果人多的话（几个就行）就会加开一辆车，还是很方便的。  19、老师们为了上课真的很辛苦，特别是昌平校区。8点第一节课，很多老师6点多就得往这边开车（如家住东三环的家安老师）或者赶班车，到学校以后匆匆去食堂吃点东西就得去教室。  20、还是授课时间，法大上午最后一节课是12:10，下午第一节课是13:30，午休基本不可能。老师啊学生啊提了好多次意见，但没法改。因为改的话或者早上提前或者晚上延后，晚上最后一节课是21:10，如果再延后的话很多老师到家都得12点了...地铁公交也都没了...没办法，昌平实在太远  21、关于，研究生院，研究生院的上课还是下课铃是周杰伦的《安静》前奏。  22、WiFi信号studentx1（还是x1？）是免费的，然而相当多的人上不去T T包括我  23、如果非必修课成绩低于60分的话，教务处成绩单上是不显示的，只有你自己查的时候会查到。必修不及格的话重修之后新成绩会取代旧成绩，不过边上会多个（重）字。换句话说，不及格的成绩别人看不到，似乎也不影响绩点。（但实际情况是，没不及格一科绩点会下降0.03，而且全院排名时候会影响...但教务处老师也不知道全院排名是干吗用的）  24、说到成绩，本科60及格，60到70叫小挂，好像是一半以上必修课小挂就没有学位证了。研究生更惨，70及格...  25、据说，之所以校内的楼都是斜着的，是因为设计师希望所有房间每年都能晒到太阳...  26、这是前两年的经典段子。因为奖学金的事，法律硕士学院的数名同学愤而起诉中国政法大学。于是在昌平法院开庭的时候画面就是：原告、被告、双方代理人、书记员、法官统统是中国政法大学的人...时人评价——中国政法大学在昌平法院搞了一次模拟法庭。  27、学校里面的大路叫“宪法大道”，小花园叫“法治广场”，当然，所有人都叫内地方“婚姻法后花园”  28、60周年校庆的时候校友捐了一大批长椅，很大程度解决了法大本科生院同学们没地方谈恋爱的问题。  29、蹭课很正常，哪怕没座位了也可以蹭，拿着一卡通或者身份证去找教学楼门口的大爷借一把小板凳就好了。就我个人经验来看，还没有出现过老师拒绝没有选课的学生上课的情况，反而还挺开心有人来蹭课的。（听说有的学校老师会轰人...在法大上学都习惯了，有的课选不上就直接去旁听）  30、家属院里面有一栋一层小楼，叫“临建”，是自习室...好多人都不知道，所以人相对比较少。  31、临建的大爷是之前环形阶梯教授的大爷，大爷人超好，目前正在写一部小说，颇有少林藏经阁扫地僧的感觉啊~  32、从2017年开始，法大变成三个学期了。因为已经是研究生了所以没什么感受，只知道放了一个50多天的寒假~  33、民法教研室似乎从来不划重点，刑法教研室则喜欢统一划重点，当然范围和没划区别不大，还是星辰大海。  先写到这吧~ 
中国政法大学中欧法学院出现什么问题了？, 中欧就是这一亩三分地，不匿了，随便写点，看看就罢了。  “与唱衰中欧之声不同的是，我们又续签了合作合同了，未来五年的存续不必担忧，中欧在某些人嘴中再怎么不堪，依然在茁壮成长。马上又要复试了，新的学弟学妹即将到来，作为依然在校的一介学子，我只能想方设法，略尽绵薄之力，让别人口中的中欧不再是你眼里的尴尬，而实现这个目的，每个中欧人都有责任。”  一、   序言  输了比赛，夜实难寐。匆匆写就，直抒胸臆。我知道这篇文章中的很多话说出来会触众人之逆鳞，但积郁心中许久，需当发泄，毕竟相信中欧依然存有心之人。此FLAG一旦立下，不知几人恨我，几人恼我。我不在乎，船破屋朽而其自身不破败，非要靠外力来摧枯拉朽才得以重生。就让我打响这第一炮吧。  注：除部分熟悉的名人之外，文中的涉及到的人物笔者已经隐去了名字，该文只作反思，不为甩锅于谁。笔者仅一介布衣，此文与我并无任何利益，只求能遇二三知己，共尽绵薄之力。  二、   开端  刚来法大的时候，我还是个偏执的少年，自以为多读了几本闲书，对政坛风云可以指手画脚，非国际政治不报，乘着鄙省平行志愿的东风，填写了五个北京的高校，稀里糊涂的来到了之前从未听说过的法大——为什么叫法大？政法大学政法大学，不是政在前面么？  那时的中欧刚刚建院不久，意气风发，学院与欧盟的旗帜飘扬，明法楼是法大以学院名称冠名的教学楼，明305、306、210、412也是法大极少供以学院专用的教室。那时，法大辩论队也在各路赛场势如破竹，大小冠军无不收入麾下，肖磊、吴琼、常乐的大名如雷贯耳，成为法大辩论圈中的传奇。  抱着对各路大神的向往和之前仅仅在电视上见过的国际大专辩论赛，我一股脑儿的投入了辩论队当中。彼时的中欧还不向考研学子公开招生，而是从研院选拔招募。方流芳老师凭借着一手铁腕，将中欧打造成了绝不同于以往其他学院的新风貌：中西结合的教学风格，排除政治、英语等“样子”学科，保障学生组织的绝对自治，以及与欧方争取学院权益的种种轶事都或直接、或间接的流传在校园中，成为一段佳话。作为玩世不恭的一个国际政治学渣，很是羡慕，然而想到自己与这里唯能扯上点意淫出来的关系的，可能就是我们有一门欧盟政治与政策的选修课吧。  三、   转折  一年又一年，在法大经历了很多事，自己也不再是那个吊儿郎当的少年。偶然的接触到司考，让我对法学燃起了浓厚的兴趣——那大概是2013年。  在过去的这三年里，我经历了很多，但不知道中欧发生了什么。我只知道这些年里她好像淡出了我的视野，只是明法楼上的牌子、楼前的旗帜、以及进去会被赶出来的专用教室提醒着她的存在，她就在那里，一年又一年。  直到有一天，在网络上读到了一篇文章，《龙年回望：中欧法学院2012年工作总结》，突然意识到：哦？还有这么回事？也是从那时开始，关注起方老师的微博，完完全全从一个看热闹不怕事大者的八卦心态：中欧药丸？为什么？为什么还没完？  如果非要臭不要脸的硬拉关系的话，小标题“转折”，大概指的是我对法学开始有了兴趣，与方流芳老师离任中欧院长，都发生在2013年吧。其实此后的一年多里，除了网上的各种负面消息以及私下里流传的“中欧是不是要办不下去了”、“‘哪个院好考？’‘中欧’‘为啥？’‘没人报’”、“保研不考虑中欧”等等流言蜚语之外，其实也跟我没什么关系。  四、   加入  玩票似的一战司考考研不出意外的全军覆没之后，我开始真正认真考虑自己的人生。大学四年就这样荒废？怎么对得起家中满眼都是期待的父母。再来一年！我如是说：目标司考400分，考进国经院。冲出昌平！中欧？又乱又远，不考虑！  然而自己并非什么天赋异禀，也没有破釜沉舟复习的冲劲儿，上天眷顾，司考离400差4分，考研擦着学校的调剂线。怎么办？叫天不应叫地不灵，国经的线够不着，有个能收留的学院就谢天谢地，比较法竞争惨烈，总得有个学上——那就中欧吧。  于是和高考一样，就这么稀里糊涂的来到了这里。复试的时候还在实习，也没有过多的关注学院最新的情况，只是暗自庆幸：感恩伟大的母校收留了我这个废柴的学子。  诶？感觉为什么不对？我能够成为常乐师姐的师弟，可是我真的有这样的水平吗？还是说，中欧的门槛现在就这样低？  是的，很低，越来越低。前几天和朋友打趣，她说介绍闺蜜来考中欧，因为中欧好考。可是今年中欧与国经的录取线同样是335，怕闺蜜埋怨她。我说埋怨什么，中欧就是好考啊，国经忽高忽低捉摸不透，可是中国这几年分数线是稳定的低啊——一个去年从350国经滑落loser的自白。  五、   门生  中欧门槛低了，不是说没了大神，大神依然有。我们这些渣滓废了吃奶的劲儿才进来的，大神随便一迈腿就是全额奖学金。只是大神也有其独立之思想，更因为中欧依然有着能够吸引她/他们的闪光点。  但是和星光璀璨的建院初期相比，如今的生源不可谓不惨淡，本以为今年有所起色，一看调剂名单，哟，又是40个名额（学硕法硕加一起），这耳光给我自己打的都啪啪作响——要知道15级中欧一共才来了99人，1/3强的调剂名额，让我想起了调剂大校西北政法……非黑，扯远了。  写到这，估计很多朋友就已经不服了——怎么着，瞧不起我们，瞧不起调剂的啊？诶，说到这，终于引出了本文要讨论的大问题：现在中欧的学生到底怎么样。  优秀这个东西，要分怎么看。清北里面也有不学无术的，毕了业找不到工作，或者回家养猪，卖卖烤冷面这些新闻，能让不少loser高潮一天。但评价一个学校也要按照基本法，清北的学生，整体质量还是远超中国高校平均水平的，至少在我认识的朋友里，能去清北的确实是人中龙凤，我自愧不如。  而全国上万所中学，上千所高校里，那所谓“优秀”的定义可谓千差万别了。京沪高校中存在着为数不少或因为“时运不齐”或因为“自身原因”与清北擦肩而过的高手，他们的基础并不亚于很多清北的学生，到各自大学中也都出类拔萃——然而大学的熔炉，残忍的竞争也是其中一个魅力，有的学子一辈子活在“我差点去了清北”的自我欣赏之中就此沉沦；而另一些则发愤图强，试图通过更加的努力来证明自己。  还有一些人甚至落到了排名更低的学校，他们选择卧薪尝胆，甚至从大一开始就奋发考研，誓要进入心仪的高校，不仅是圆自己的心愿，更是证明自己。在这个胜者王侯败者贼的社会，loser不会有人提及。然而一旦破茧成蝶，就有无数的后继者簇拥前来询问“经验”、交流“心得”，可是或许他们自己也知道，又有谁的成功，是真正能够复制的呢？只是那成功时、逆袭时、证明自己时的快乐与喜悦，以及由此带来的“光明的前途”，是很多人无法拒绝的。因此即使考研是一将功成万骨枯的独木桥，人们依然前赴后继的来着，去着，走着，跑着。这是一场盛大的宴会，一场燥热的狂欢，前人有些走上了舞台，有些被挤出了会场，更多的人在往里面涌——而外人往往并不知晓里面发生了什么，这是一个围城。  中欧这个大Party，就更精彩了。有了前述种种背景的描述，各位看官，我想您也心里大致有了个谱。这里既有吸引大神来的特色，也有法大考研前所未见之低门槛；既有小道消息八卦释放负能量，也鼓励着一些投机者前来寻觅机会；这里有中国学生民主自治的最前沿的实践，也有民主最丑陋弊端的最直接的体现。  六、   体味  在这些往来的门生里，你不能够用一个统一的“优秀”标准去衡量他们，除去1/3强的法大本科生以外，或保研或考研进来的外校生源，哪一个不是他们各自学校里的翘楚，哪一个会觉得自己比别人逊上一筹？所有人都觉得自己没什么问题，然而在一个没有专制，拥有绝对民主的而又远离研院隔绝于本科的世外桃源般的世界里，并没有形成“黄发垂髫并怡然自乐”的逍遥景象。相反，这样迥异的世界观，这样巨大的背景差异，带来了大问题。  大家都觉得自己很“优秀”（这里需要指出的是，我这里不是地图炮，大家、很多都是虚数，您用文章逻辑数据事实回应我的观点可以，过来咬文嚼字就没什么意思了）。是的，放在原来的哪一个学校里，他们无疑都是最优秀的那一批，否则不可能杀破重重考验来到这里，尽管中欧分数低，但法大最低录取分数，也不是吃素的。  可是坏就坏在这个定义不同的“优秀”上了，当大家都觉得自己优秀，而事实上又确实能分出来三六九等的时候，那种曾经的骄傲和现实的心理落差，光是讲一讲就让人感同身受。而隔绝于本科又远离研院，让大家的目光就集中在中欧这一亩三分地，一个普通的班级干部也要争，班级荣誉也要争，学生会换届更要争。别人讲的话不算讲，我讲的话才算对，撕逼打脸不算什么，口舌之争占了上风心里才稍觉安慰。庄子讲过一个“蜗角”的故事，大概是传说有建立在蜗牛角上的国家，右角上的叫蛮氏，左角上的叫触氏，双方常为争地而战，伏尸数万。大家对代表学院代表学校参加的比赛多作漠不关心，而在院内较量之中费劲浑身解数——其实也不难理解，去遥远的海淀不一定干得出什么成绩还劳心劳力，在这块小地方获得了点荣誉便可以尽人皆知，干嘛费那个劲呢。  可是真正的高手，学校内部已经束缚不了他们，更高远的天地等待他们去征服——中欧也有这样的英才，可是与这大环境相比，太少，太少了。而这星星之火，无法带来燎原之势，他们的荣誉是他们自己努力所得，与中欧并无太大关系。建邦立业不易，想毁掉它可是太轻松了。  七、   后记  洋洋洒洒三千多字，尽是吐槽，夜半写就，迷迷糊糊之中，逻辑语词也未必通顺。想来各位看官看个热闹，也就热闹热闹吧。  虽然尽是吐槽，可是我对中欧爱之愈深。你的母校你自己可以随便谩骂表达不满，可是但凡听到外人有谁说她不好，你心里绝不会舒服甚至想卷起袖子找人理论理论。笔者空空言此这般，也没提出什么建设性的意见，只是把自己这些年所见、所闻、所感表达一番，感叹中欧大起大落的悲歌。  而如今这番局面，亦非某一二人之过错，中欧的每一份子，对于现如今的状况都有自己的“贡献”在其中。  与唱衰中欧之声不同的是，我们又续签了合作合同了，未来五年的存续不必担忧，中欧在某些人嘴中再怎么不堪，依然在茁壮成长。马上又要复试了，新的学弟学妹即将到来，作为依然在校的一介学子，我只能想方设法，略尽绵薄之力，让别人口中的中欧不再是你眼里的尴尬，而实现这个目的，每个中欧人都有责任。  孟凡钦  2016年3月22日凌晨于家中 
中国政法大学的行政管理专业的就业情况？, 关于行政管理专业的就业方向，这里谈点经验。全国高校基本都有行政管理专业，清华、北大、复旦、人大、中科大、浙大、南大的行政管理专业都较知名，不仅名校，许多独立学院也都设置行政管理专业，如吉大珠海学院、北师大珠海分校、中大南方学院、同济大学浙江学院、云大滇池学院、广州大学华软软件学院等。这里高校与学院随手举例，挂一漏万。   行政管理专业所学的知识领域是综合性的，涵盖了管理学、法学、经济学、统计学、心理学、社会学、政治学等多个学科，能力培养较为全面，学生基本上具有较强的分析能力、组织策划能力、执行能力与沟通能力，文书功底亦比较扎实，对政府、事业单位以及企业的运行机制、规章制度与流程都很熟悉。因此行政管理专业在就业方面有很广的适用范围，本科毕业后主要有以下就业方向：   1、  公务员。历年来，诸多国家部委（公安部、水利部、文化部、民政部、国家税务总局、国家发展改革委员会等）以及地方政府都有面向行政管理专业，职位诸如办公室科员、办公室文秘、办公室综合管理、人事处综合管理、党委办公室科员、政策法规处科员。  2、在企业人事行政部门或者总裁办公室从事行政专员、行政助理、人事专员、人事行政主管、总经理助理、人事行政总监、董事长秘书等岗位。  3、在企业的业务部、营销部、策划部从事业务推广、公关策划、市场策划等工作。行政管理的专业训练使得这些工作更有效率。  4、从事文秘、调研、咨询方面的工作。主要面向咨询公司、市场调查公司。  5、在共青团、工会、妇联等社会团体中从事管理与服务，以及非政府组织与非盈利组织的工作，面向环境保护、社会救济、医疗卫生、教育、文化等领域的社会公益事业，如环境保护组织、慈善基金的各大办事处。  6、报刊、电台、电视台、门户网站的编辑或评论员。行政管理的专业训练带来的独特视角使得从事这些工作有更多的优势以及深度。   大致就是这样。 
哪位可以联系中国政法大学的教授？,恕我直言，你的合同是有多大的标的还是是一个重大疑难案件，需要法大的教授来解决？
在中国政法大学就读的非法专业的师兄师姐现在在的就业状况？,受宠若惊，第一次被邀请，谢谢准师弟？或者师妹。 是这样的，我就是 所谓的非法学生，读中文的。 首先要知道虽然法大以法著称，但是，并非只有法学最厉害。哲学，德语，成思危班，都是很优秀的专业。 其次，我认识很多冲着法学来读法大，但是后来学的一塌糊涂，对法学失去兴趣的人；还有很多刚一读法学就失去兴趣的人。有时候，你看到的专业并不是你想的那个样子。 我在法大马上大三了，准备去南开交流，虽然刚开始我也有和你一样的顾虑，但是随着学习的深入，我愈加感受到中文的魅力，也坚定不修第二学位，专心考中文研究生的信念。 最后我是想对那些同为法大人但是对非法专业戴有色眼镜的人说：每个专业都有自己优秀的人才，请你做到最好了再来尝试评价我们，当然，你可能也说不过我们。 
关于中国政法大学非法学硕士 跪求指导？,本人大三非法学专业，现在决定考研已经很晚了，准备明年再战吧。现在急求指导，一点法律基础没有，不知道从哪里入手。想考经济法，法综教材是在淘宝买就可以么，还有其他复习资料。 真的需要指导！感谢！
北师大和中国政法大学的法学考哪个呢？, 新祥旭考研汪老师为你分析：  选择1、北京师范大学 刑法学专业 --从此过上安逸幸福生活  选择北京师范大学的刑法学专业，自然是国内最牛的刑法学专业之一了！刑法学界新生代代表之一赵秉志，让北师大刑法学提高了不止一个档次。所以，北师大刑法在全国算是数一数二的。  选择2、中国政法大学 刑法学专业 --工作不难找  我们是“中国”政法大学啦，法学教育自然是排名在考前啦。虽然啊没有北大、人大这么强，但是，我们人多啊！那就是“北京走出门，都是法大人！”尤其是北京市，在基层检察院、法院的很多法官、检察官，都是政法大毕业，做律师的尤其多。因此，从政法大毕业，在北京找个法律工作，不是难事。  具体的你可以去新祥旭找汪老师面对面的为你一一分析，最终帮助你选择适合你自己的院校，提前祝你考研成功。 
中国政法大学网上报道外语成绩？,没有，非实验班的有入学考试，看那个。 实验班的没入学考试，直接十二月的就能报
中国政法大学与武汉大学的法学谁更好？,只能说是法学只有中国政法为最佳选择 cupl在国外认可度是相当高的 在中国国内城市等级越高对中国政法的认可度越高 但武汉大学毕竟是综合类大学 
现今大二，普通类大学法本，想考中国政法大学的法律硕士，希望高人们指点一下？,报考当然是有资格的呀，财税法方向是今年（2016级）新增的，官方说报考很火热，推免的情况和考试科目这些可以浏览中国政法大学研究生院网站或者民商经济法学院网站，加油哦！
中央民族大学、北京邮电大学、大连理工大学、中国政法大学，这几所学校的如何排名？,新闻传播学，首选人大，次之中国传媒大学。
中国政法大学暑假生存指南？,在家属院或东关二条附近租个有空调的房子。
中国政法大学法学院？,没有要求  考试院官网上不是有？
我应该报考武汉大学还是中国政法大学？,中政
我是中国政法大学法实班的学生，关于再考研有疑问？,法大的法学实验班不错了，做法务的话，多找实习，先就业，有了工作经验后再择机读个MBA。
请问在诸如中国政法大学的法学院留校任教是否一定需要本科学历是211或985大学？,这个是最起码的吧，名校任教很注重本科出身
如何看待中国政法大学等法学院校学生对辩论的热衷？,挺好的，比玩儿守望先锋强。
中国政法大学的urp服务器究竟有多落后，求专业人士解答？,中国政法大学urp就像一个害羞的小姑娘，明明答应了让你上，却总在关键时刻用各种理由拒绝你。比如非选课阶段不允许选课；会话超时；账号在多个地方登录；数据库繁忙；以及密码错误……同样的选课出错，对面的某油请来某宝网络工程师修系统，分分钟搞定；我法估计是让计算机选数据库的同学帮忙修了吧，看来学校应该建一个计算机系了，不然同学们十分崩溃啊！！！以后再也不敢说我法软件好了！！！当然，说到底，什么叫母校？母校就是那个你一天骂八十遍却不允许别人骂一句的地方。  ----------------------------------------------------- 又是一年选课季，失望
中国政法大学研究生就业前景？,本
中国政法大学心理学17年考研怎么准备就业前景如何？, 考试科目：  ①101思想政治理论   ②201英语一或202俄语或203日语或240德语或241法语或242西班牙语或243意大利语       ③766心理学综合    一 试卷结构和参考书单  考试内容：  [1] 《普通心理学》（第四版），彭聃龄，北京师范大学出版社  [2] 《实验心理学》，郭秀艳、杨治良，人民教育出版社   [3] 《现代心理与教育统计学》（第三版），张厚粲，北京师范大学出版社  [4] 《心理测量学》，郑日昌，人民教育出版社  [5] 《社会心理学》（第三版），侯玉波，北京大学出版社  [6] 《人格心理学》，美 Jerry M.Burger 著；陈会昌等译，中国轻工业出版社  二、题目分析以及复习策略  很多同学看过一些美剧对犯罪心理学感兴趣，恰好也是中国政法大学的热门方向，政法的犯罪心理学大牛马皑老师，他的犯罪心里画像是很好的，有若想进法院检察院，政法大学是不错的选择，尤其是女生，目前北京地区的话只有中国政法大学有招生，（中国人民公安大学以前招生现在已经不招犯罪心理学研究生了）但是学硕招生人数除去推免所剩无几，如果你是跨专业的同学务必不要以考研为目的而学习，这些科目都是读研期间的知识贮备。  张老师为大家分析2016年中国政法大学真题在2015年基础上的变化，  题型上：题型上基本没变化，虽然从去年的单选、简答、论述到单选、简答、论述、综合题，但都是8道大题，重点是题目分值分布却进行了调整，通过15年16年分值分布可以看出，普心和实验的分值比例明显增加，统计实验减少和社会、人格持平，大家看见题肯定很高兴，选择题好多看起来好像很简单很基础的样子，大题题量看起来好像也不多，然而并没有！对于复习得好的同学来说时间永远是不够的，对于只能看懂题目，答不出来的同学来说半个小时就可以让你停笔了，因为你实在是不知道该写什么了。  选择题：60*2’=120’  简答题：2*15’=30’  论述题：4*20’=80’  综合题：2*35’=70’  从科目内容上看：普通心理学、实验心理学绝对是重中之重，各占了70分， 统计心理学、测量心理学、人格心理学、社会心理学各40分并驾齐驱，切忌顾此失彼，不可偏重普心、实验不重视其他科目，以后考试的趋势就是融会贯通，你中有我，我中有你，是的，白话文解释就是普心、统计、实验、测量知识点结合着考。建议大家多学习一些，比如心理学研究方法、VIP学员的改变心理学40项研究等等。  从难度上看：出题难易得当，注重考察学生的理解力和实践能力，比如实验题，直接请你设计一个实验，比如系列位置效应，选择题智商、记忆、提出各理论的心理学家、实验研究的变量等等基础知识。人格心理学这门科目很多本科同学在校期间并没有好好听，虽然跟普心有很多相结合的知识，但务必重视复习，大题还是比较难的要全面复习到。 
国际关系学院与中国政法大学的选择？,首先先明确一点，既然你已经面试完，那你便没有什么选择的权利了。 想当年我提前批报了国关然后一志愿第一个报了中国政法大学，然后糊里糊涂就被国关掳了过来。 然后我要向题主明确一点，“大学的学术氛围”没那么大作用。很多人口中所谓的学术氛围，就是学霸多不多而已。无论在哪所高校，学习靠自觉才是王道。 其次，选择大学不只是要看学术氛围 还要看学生素质、硬件水平什么的。中国政法大学的话没记错的话本科生校区条件一般(当然有可能错了欢迎拍砖)，国关虽然也很小不过寝室有空调(……) 总之吧我来了国关我不后悔。 作为国关的学生，可能回答略有偏向性，勿怪。
中國政法大學的交換相關問題？,作为法大本科+硕士的土著来答一下吧。非大陆交流生的情况不是很熟，不过本科班里有个台湾妹子，只能以她为标准啦。    1.交換生是住留學生宿舍還是一般宿舍呢？設備大概是什麼樣？價格大概是如何？   住留学生宿舍，有个叫“国际交流中心”的宿舍，一半是三星级的酒店，另一半是留学生宿舍。我只住过酒店那部分，留学校那部分似乎是类似酒店标间的双人间，怎么着也是准三星吧，价格就不清楚了...   2.雖然問得太早，不過有什麼推薦的課嗎？雖然我本身是非法學科系（我知道法大分成法學和非法學專業XD），但對法律也蠻有興趣的，原來的學校的法律也不錯，所以法學非法學的課都請推薦～我是讀歷史的，如果有什麼法律史、社會主義相關的歷史也都很有興趣～   历史的话很抱歉，人文学院的历史专业不招收本科生...（我本科是哲学系的哈哈）不过有相当多哲学史的课程，法律史的课程也是多的不得了。就不一一介绍了，因为选课以后可以试听2个星期，不适应的话完全可以退。社会主义历史的话推荐人文学院有关马克思主义的必修课（抱歉名字忘了...）    3.生活用品的採買，學校附近能夠滿足嗎？  可以，旁边有n个中等规模超市以及n个综合商场，公交车2站就有沃尔玛这种大型超市     4.一個月的花費大概是多少呢？（一個月大概進北京市中心一次吧）   这...说不好...感觉北京物价和台北差不多吧...贵有贵的活法便宜有便宜的活法    5.跟宿舍的問題類似，我看到教學硬體似乎比較不足，大概的狀況是如何？  还好啦，主要是宿舍比较差，洗澡、热水比较麻烦。不过这一点和非大陆学生是没啥关系的（呃没有别的意思哈，就是非大陆学生算留学生嘛，住国际交流中心） 教学设施主要是自习室比较少，想自习的话可能需要多找找自习室。不过国际交流中心里面应该是有个自习室的，门口是小图书馆 然后就是校园比较小，别的也没什么    6.霧霾的狀況很嚴重嗎？    冬天比较惨，你应该是下学期来，会好很多。 而且本科在昌平，我本科时候是没什么感觉的 现在在北京三环边上，出门必带口罩 总之不用太紧张，买好口罩出门戴着就好啦
中国政法大学海淀校区2017高招不招生吗？,海淀校区是研院
中国政法大学的分数线为多少？在一所重点中学，大概多少名可以考进中国政法大学？ 现在?,推免很容易的。
中国政法大学mba还是北京交通大学MBA好？, 首先，上述两所学校都是非常好的高校。  其次，选择两所学校的MBA要结合自己的本科背景或者工作经历。  如果楼主是法律背景的，毫无疑问读中国政法大学的项目更具有潜力。如果是理工类的，不妨考虑北京交通大学。  当然，如果你对法律敢兴趣，也可以选择中国政法大学。  最后MBA绝不是雪中送炭，而只是锦上添花。 
中国政法大学与武汉大学谁的法学好？,武大法学院，在中政交流。 论法学教育，中政确实资源丰富，能选的课多。但是！！在生活方面武大完胜啊！！ 以后有时间再吐槽。
中国政法大学商学院是否接收校外调剂？,每年情况都不相同，我记得前年可以。调剂的话时刻关注研究生院网站通知。
有关中国政法大学复试体检的问题？,女生方面表示，需要脱衣服，唉，心塞.
中国政法大学的自主招生材料通过率高吗？笔试都考什么？,我来了！今年刚刚考过 虽然高考成绩还没有出来 但是应该没有问题 今年法大自招较往年相比改变很大 特别感谢学长 @王子潇   @呵呵贺 之前给的回答 有很大帮助!  那我也来分享一下2017年我的应用型自招新体验  --------------------分割线-------------------  1、首先我要说的是： 法大很漂亮 。虽然地处偏远的昌平区 ，但是有自己的生活娱乐圈。 我觉得超赞的！打破我原有的印象。而且学校本身很赞，很安静，适合读书 。所以想要来的学弟学妹 ，打消你们的顾虑 ，勇敢报考吧哇哈哈！！  2、我们6.10笔试 。6.10早上来到逸夫楼抽签决定第二天面试是上午时段还是下午时段 。很幸运 ，我抽到了上午 （因为我觉得下午会很难熬 等待太漫长）。之后回宾馆准备笔试 。下午2.40-5.00是笔试时间 。先拿到答题卷我整个人都傻了 ：七面半白花花的A3纸 ，全都是横线等着你写…然后是小横线。第一反应就是慌了。之后拿到试卷，和之前我看学长分享里题型有变化。第一篇大阅读是好律师能否是个好人 光文章就特别特别长…你们可以自行搜索一下 我就不透露太多。题目也有一定的思考含量，需要你静下心细细做思考。第二篇是讲沉默来着。到了恶心的第三篇 仰天大笑跪下来，英语大阅读横空出炉 ，无论是应用型还是涉外型都需要作答的一篇英语大阅读   （很无奈的讲，作为一个英语成绩比较不错的浙江考生，我真的好多单词不认识QAQ）文章讲的是FBI和苹果因为信息隐私打官司的事 我表示非常无奈啊… 不过阅读题还有不少让你谈观点看法的题 反正我各种夸法学好啥的 不知道老师是咋看   之后 就来到了 瞠目结舌的分值40分的语文八百字作文 要你写关于杨舒平事件的看法（有兴趣可以自行百度 我不多讲了）因为我是第一篇阅读我无法静下心来 所以先写的作文 所以我作文应该是我整张试卷做的最好的 我觉得作文其实就和高考议论文那样写就好.之后是小学奥数题…我以为可以秒杀的 但是我不是很会做…我很无奈这一段…Po一道题   然后是逻辑题出现了。这一块我不知道怎么讲 是不定项选择题 分值好像是六分一道吧 有考递推、反命题啥的 我Po一道题吧   就是这个类型…有简单的…但是我找不出来了 毕竟也过去这些天了是吧…  反正我觉得 笔试挺难的 因为两个半小时做完这些题 很难…还要保证正确率是吧 全程手抖 因为我是一直做题比较快的 可是我还是特别紧张 不知道明年的题型会不会有变化 至少我现在作为给你们的一个参考吧    ---------------------分割线-------------------   接下来是面试。     面试是这样 ：八点入场 八点半停止入场 因为真的有同学被挡在门外的…心疼…然后进自己考生号对应的考场抽签自己的号码…同时直接被分成了六人小组（必须说陪我们等考的老师超nice 的）我也不知道是幸运还是不幸 被分到了最后的一两组吧 漫长的等待其实反而不是特别难熬 我遇到了超赞的五个队友 全程谈胖哈哈哈哈 终于轮到我们 被小哥哥带去一个教室 摸球决定考场在哪里。出乎我的意料 面试也和以前一点都不一样 是三三辩论 讲的明白一点 就是每个人摸球决定自己的队友 三个人一对 进行两轮辩论 第一次我是正方 第二次我就变成反方对对方的观点进行自由辩论反驳补充 所以第一次我们的题目是 正方：知难行易 反方：知易行难 第二次 正方：诚信靠自律 反方：诚信靠他律 辩论之前没有纸笔 但是会有三分钟小组讨论准备时间之后进行一轮二十分钟的辩论 时间过的很快 激烈的辩论后 我的自招考试也就到此结束。考官五个人打分 去掉最高去掉最低 总分300 现场确认分数 每张成绩单签字 之后 就88888啦法大    ----------------------分割线-----------------  结果出来 本人笔试只有180多分的时候吓尿 结果发现大家都是这个水平 厉害的大哥有200+但是差距不算太大 我居然考进法实了哇咔咔   太开心所以写这篇回答 希望对大家有所帮助  ——来自一个可爱的法大新生
中国政法大学法学院有哪些推荐书目？,多图，中国政法大学校长推荐阅读书目。          好啦，好多流量没了，题主快来点赞感谢吧！
请问普通二本报考中国政法大学法律硕士（非法本）该怎么准备？,非法学的同学可以考法律硕士非法学方向，他是全国联考，不知道你意向哪个学校，具体指导分析你可以加企鹅17++30++585++591
本人目前是中国政法大学大三学生，第一专业是英语，第二专业是法学，马上选择读研，该读哪个方向？,这个要看兴趣，读研的目的，目前学习的状况。都是主观的，所以不好回答你。各个专业都有可以选择的价值。
天津高考失败，专业法学偏向，武汉大学和中国政法如何选择？,你面临的选择和我的很相似，因为四年前我也是在纠结同一个问题。 不过后来呢，我发现当年武汉大学的法学专业不在福建招理科生，遂选择中国政法大学。 我这里不做对比，因为我没有去武汉大学交流过。 我一向认为，选择大学，合适最重要。你需要明白自己想去什么样的学校，在什么样的环境当中接受什么样的本科教育，这比拿两个大学某个专业做比较更好。所以我建议你在题目当中给出更多的信息或者私信我。
你对中国政法大学研究生院有什么印象？,谢邀，从来没去过
中国政法大学的就业状况怎么样?,政法的学生挺实用的，考司法考试通过率也比较高。 至于就业，至少在我心目里，政法算法律专业的四大之一。
想学法学专业，中国政法大学可能有点困难，那么综合性大学学习法学和在类似华东政法大学哪个比较可取呢？, 如果打算在包邮区发展，必然华政。  如果打算在辣椒区发展，西政。  如果对自己投身法律没信心，那找个985学校会保留一些可能性。 
中国政法 华东政法 南开大学 厦门大学 南京大学 同济大学的法学哪一个更值得选择？各自优势是什么？,地域、专业、学校三方面来看： 如果北方发展：首选法大，再选南开； 如果南方发展：首选华政，江浙沪发展可选南大，福建、珠三角选厦大； 单论学校综合实力：选南大、厦大、南开 单论法学水平，对于一心一意，真心诚意想学法律，有法治理想的学生来说：选法大、华政，其他不考虑； 同济大学是典型的理工科强校，不参与讨论。(可以考虑从事与专业技术有关的复合型法律工作) 还需结合分数、专业、执业理想方向考量。
中国政法大学 法学人才培养模式改革实验班的学生与普通法学专业的学生区别在哪里？,谢邀~第一次被邀请  感觉有点~~~小激动 本人实验班第六年  马上就要毕业了 算是政法大学第一次扩大实验班规模的第一批小白鼠。也算对整个实验班的培养方式有一个比较全面的了解。 政法大学实验班的最重要的两个特点： 1，本硕连读，在完成本科阶段学习后，如果成绩合格，就可以保送政法大学的法律硕士（ps：法律硕士和法学硕士存在不同，感兴趣的请自行百度。。） 2，长达一年的专业实习，由学校组织安排同学分批去知名律所和北京法检系统实习。并进行考核。 政法大学的实验班现在在社会的评价我不是很清楚，但我感觉知名度并不是特别高 可能是因为开展的时间不算长，毕业师兄师姐的规模不算大这些因素吧，但是就我面试实习的几次经历来看，不管是律所还是一些公司对实验班还是抱着肯定和好奇的态度吧。。。现在我就按照题主关注的几个方向来具体来介绍一下政法大学的实验班~  一，水平 实验班在2011年前只在十个省份招收50位同学组成一个实验班，2011年后应该是在全国范围内扩招成200名同学组成4个班。从生源来看，能被录取的都是高考成绩很优异的同学，普遍高于政法大学非实验班的其他生源，甚至有时候不逊色与清华人大的生源。这是入学时的生源水平。 其次经过4年多的课程学习，丰富的实习经验，我认为毕业时实验班的同学在专业水平上也是比较优秀的。就我们2011级的同学表现来说，有申请到非常不错的llm的，有担任校级社团会长，主任，副会长的，有笔试面试均第一考取北大法学硕士的，还有拿到江平奖学金的，还有很多去top所外所、世界500强实习的，还有体育、音乐、摄影方面的达人，这些同学都无疑是很优秀的。 在平时的学习过程中，任课老师对实验班的同学们也都比较满意，觉得大家素质很高。除此之外，实验班的司法考试通过率在政法大学乃至其他院校中也是佼佼者。具体数字我可能不清楚，但是应该在80%以上。  要求 实验班的培养方案在网上应该可以搜得到，对实验班同学的要求是按照培养方案修满所有课程，完成193的学分（应该是这么多）；完成一年时间的专业实习，可选方向主要为法检、仲裁以及律所。  所学课程 比普通本科生要多很多课程，多出的课程主要是专业课的案例研习课，多为经典重点有争议的真实案例研究学习，这是为了满足实验班培养实务型复合人才的要求。需要注意的是很多课程是置入，不可以选择。但大多数授课老师是教授职称，师资力量可以得到保障。 另外像国际法 国际私法以及国际经济法 选择全英文授课  还是很前沿的 本科的时候安排一个导师，主要负责生活学习中的问题 学习安排的实习为海淀检察院  海淀法院 西城法检 中院 等  都是很不错得到法检系统；律所则有金杜，中伦，君合，大成，炜衡，天元等很不错的律所。实习机会很难得。 暑期有一些3个月的对外交流项目，主要是美国的院校。有学校的奖学金，很划算。  待遇 大学期间学费和普通本科一样，奖助学金也和校内其他院系持平。实习期间学校会给一些实习补助。 工作后的待遇视工作性质决定，但都处于同类型工作的中上。  毕业去向 以前主要是法检方向，但现在已经发生变化。 据我所知，去往top所的不在少数，也有很多师兄考取了北京基层，广州深圳杭州等地的法检。除此之外，券商投行也是其中的一种选择。大型国企央企也像师兄师姐们投了橄榄枝。也有很多同学选择出国深造。在我看来大部门同学都有很不错的就业。  最后法学实验班是可以中途退出的，可以选择自己考验，或者放弃硕士阶段的学习，也是给了本专业的同学一次再次选择的机会，我们一级就有两名同学去读北大的法硕，也有去港大读llm的。 在我看来法学实验班 保研和实习是非常好的设定，欢迎大家报考。  附一个详细的说明：  中国政法大学法学实验班指南与参考（2015）_kakaka_新浪博客   
被中国政法大学录取后，校区是怎么分配的？,本科一律昌平，法硕一年级，中欧法学院，在昌平，法硕二三年级，其他法学硕士在学院路
中国的哪一所大学政法系比较好？长大从政怎么做？, 最简单的判断哪个大学比较适合从政，主要不是看这所学校的政法类的相关专业，而是看从该校走出的行政官员和各级别干部的比例。其实题主可以下载一个APP，通过APP，对比一下从该校毕业的领导干部，比如正国级、副国级、省部级、地市级、县处级、局级，不同层级的干部大概有多少人，按照人数比例降低权重，让每一级的权重和人数乘积为一个接近的值，就能够大概测算出大学的行政积分，包括该校毕业的政治风云人物，结合你的分数，看看能不能你的入学几率，APP会按照过去校友的行政发展情况，看你在未来五年、十年、十五年分别可以预期的事业情况。比如你五年之内有多少可能性升至县处级，有多少可能升至省部级，相似得分你可以考虑的学校有哪些等等 
中国政法大学生存有哪些隐藏技能？,你有好多技能O(∩_∩)O
中国政法大学犯罪心理学考研要考那些科目？,我第一次在知乎上回答问题啊，万万没想到居然有人给我点赞和感谢！！！ 我真的！真的！超级！无敌！巨开心！！o(*￣▽￣*)ブ  不过我没有经验啊，不知道这个排版要怎么搞才能好看舒服一点，大家就不要介意啦，将就一下啊哈哈哈哈哈~~   进入正题之前，先说一下，我后来换了学校和专业，迫于班主任的压力，她觉得我考这个专业没戏，我这个性格不太适合......然后我换了统考的学校。但我下面要说的，还是和犯罪心理学有关的。往下看吧^_^  好啦，咱们来进入正题吧~  我自己在修改这篇回答之前，有做功课哦，以下的信息应该是比较新的~~有不对的地方还请大家批评指正呀~~谢谢~！  中国政法大学里，犯罪心理学属于社会学院，社会学院还有其他专业，详情见下图： （右边那些数字，是2017年政法大学公布的计划招生人数~）   有关政法大学的考试科目见下图： 其中外国语在这里一般都是英语一，要考俄语法语日语啥的例外哈哈哈哈~~   英语一和英语二的区别就在于，一般来说 （有特例的！） ，学硕是英语一，专硕是英语二，而且英语一会比英语二稍微难一点 (o゜▽゜)o☆  然后是 766心理学综合 ， 满分300分 。 其中， 普通心理学，实验心理学各占70分 。 剩下就是： 人格心理学，社会心理学，心理测量学，心理统计   之前回答的时候，没有把参考书目放进来，现在放一下我之前在评论中的回答哈~因为是 自主命题 ，所以不像全国统考那样会有教育院规定的参考书。网上推荐的参考书也都不一样，我说个大家用的比较多的吧哈哈o(^▽^)o  (1)普通心理学（第四版）；彭聃龄；北京师范大学出版社。  (2)实验心理学；郭秀艳、杨治良；人民教育出版社。  (3)现代心理与教育统计学（第三版）；张厚粲，北京师范大学出版社。  (4)心理测量学；郑日昌；人民教育出版社。  (5)社会心理学（第五版）；侯玉波；北京大学出版社。  (6)人格心理学；许燕；北京师范大学出版社。  （也有推荐另一本书的，美 Jerry M.Burger 著；陈会昌等译，中国轻工业出版社。）   说一下2017年进入复试的分数线呀：   接下来，说下我自己在考研中的经验〒_〒但是每个人都有最适合自己的方法，不能直接照搬呦，你可以把觉得不错的方法变成适合你自己的方法~~~(英语和政治算是通用的吧，我在专业课那里写的经验可能不适合766，但我还是写上了，不想看的直接跳过啦)     英语：   （1）考研英语是在下午14：00后开始考，所以要给自己养成习惯，让自己在两点之后保持兴奋，至少不能让自己有困倦感。所以我喜欢在十二点四十左右到一点半之间午睡，下午的时间都用来看英语。  （2）暑假之前主要有三部分要做：英语单词、英语长难句、英语真题基础篇（1994年-2004年的真题）。如果你不喜欢单独背单词，可以在英语真题中背单词和看长难句。暑假之后到9月结束开始真题提高篇（2005年-2012年真题）；然后10-11月就是冲刺篇（ 2013-2017 真题），11月要记得开始写作文模板，把写过的真题反复看反复捉摸理解透彻~~我写的具体的月份你不可以不用按照这个来，因为在复习过程中，你会形成自己的规划的，我这个只是一个参考呀~~(●'◡'●)  （3）如果你是伸手党，推荐陈正康老师编的一系列的书，其他的可以不用买了~如果你的经济条件还不错，或者大学四年里你存了一点小金库的话，嘿嘿嘿…可以去报陈正康老师的网络课程啊（ 我自己也报了，不好我会瞎推荐吗？？？(●ˇ∀ˇ●)有想报的小伙伴可以私信我啊，因为现在好像有什么“老带新”的活动，有礼物拿，礼物是康哥定制版的杯子，还有U盘，还有书好像 ）……（啊，还有，我今年也报了这个老师的课，没错，我要二战啊！具体下面会说啦，哭泣）    政治：  （1）政治我会整理自己的 知识体系 ，每学习一个体系之后，我就会 做题目 ，把知识体系好好巩固一下。11月份开始认真写后面的大题，就是简答题（不要像我一样这么晚( ▼-▼ )）  （2）同样，伸手党的小伙伴们，推荐你们一个 微信公众号：张鑫黑皮书 。这个老师始终坚持用知识体系来教学，在他的微信公众号上可以看到每个知识点的思维脉络（也就是知识体系），可以 对照着体系来看书 。书的话，淘宝或当当搜： 考研政治思维脉络与考点精析， 就会出来 张鑫老师主编的书 。同样，也可以报他的网络课程，我觉得政治最好报班，不然看书看不下去哈哈哈(￣_，￣ )    专业课：   （1）对于专业课……我真的……不敢……乱说经验……因为……( ▼-▼ )我会二战全是因为专业课……我恨死专业课这个小妖精了……  （2）只有一点经验：早点看书，别拖，别懈怠，别放弃！！做真题！！！  （3）可能是我看专业课的方法不对吧，总之我没抓住考试的重点，最后死得特别惨，所以我今年专业课报了简快学院的班，啊，忘了说，我是统考的……我一个同班同学，她跟我推荐的简快学院，而且她有小伙伴在简快里面兼职，这么好的资源不要浪费啊哈哈哈哈！    （我相信，看到这里，大家一定会觉得，我是个托，来打广告的。我敢摸着我的平胸保证， 我绝不是托 ！我自己报了班，推荐别人去报，我拿不到一分钱啊喂！！我最多只是想要“老带新”活动里面的一本书，哈哈哈哈，还有就是推荐同学的话有积分，积分可以换书啊这些，真的， 我的心里只有学习！！！ ）  （简快的班我是第一次报，但同学说好，我现在还没有正式开始听课，我不敢乱说，只是告诉大家有小伙伴在简快做兼职，有这么一个资源。之前的确是有推荐奖励的，推荐同学好像可以返现，但是我不知道现在有没有这个活动了。要是有的话不是再好不过了吗？报班可以有优惠啊哈哈哈~）  （不过，关于 陈正康老师和张鑫老师的课，真的是非常好的 ，我可以打包票，你们可以自己去网上搜搜看，腾讯课堂上有这两位老师的公开课，免费听的，大家可以听一下看看喜不喜欢啊）   好啦，写了三个多小时，怀着忐忑的心情…  不知道对大家有没有帮助，如果你不喜欢的…   请一定不要骂我攻击我，我是个受不了批评的人QAQ    感谢你能看到这里，考研加油啊~    今年我一定要好好学习！考上好大学！立个flag~！！      —————我是分割线，这是我以前的回答—————  第一，英语(一)。如何复习以及选择哪些复习资料，这个网上以及现在各种app都会提供介绍和建议，不再重复。  第二，政治。同样复习资料这些也不再重复。 其中，政治英语满分各100分。   第三，心理学综合。 心理学综合总分300分，法大并没有确定指定教材，楼主可以参考百度或在贴吧上查找一些考研机构提供的指定书目。 心理学综合中， 普通心理学，实验心理学各占70分。 人格心理学，社会心理学，心理测量学，以及心理统计学各占40分。  因为我也是今年踏入考研大坑的学生党，也没有什么经验可以分享交流，但是我相信，只要努力认真，付出的总会有回报。  加油，祝我们考研成功！(^_^)v 
中国政法大学以非法专业录取，但双学位修法学专业，是否能参加2016年以后的司法考试？,谢邀。 利益相关：前政法大学双学位本科，第一专业国际政治，第二专业法学，现就读法大中欧法学院。 先说结论，就现行政策而言，没有问题。 手机编辑，不方便引述法条，手打说明一下现在的司法考试政策。从2017年开始，司法考试的报名条件将限制为法学本科（不含作为法学大类的政治学等学科），这意味着从明年起只有法本以上学生才能报考。 但司法考试历年来在报名上不对报考者进行实质审查，只要求在通过考试，领取证书的时候携带毕业证书进行实质审查。 同时，法大双学位政策，是在学生符合毕业要求的情况下，给予学生与原专业相同效力的学位证的。毕业时也可以选择将其中任一专业作为第一学位。但前提是两个专业都必须顺利修读完。 因此，如果题主完成了两个专业，取得了法学学位证书，是可以参加司法考试的。  但是！！！！！ 请题主注意，近年来政策变化较快，题主要问的是五年以后的事情，本答案无法预测日后国家与学校政策规定是否会发生变化，如果题主决心如此，也要做好相应的心理准备。
中国政法大学考研犯罪心理学报录比？, 谢邀  1、报录比这个问题，还是不说不说不说  2、心理学本专业的学生，对于考研，只能说，前期有优势，后期木有太大的优势，还是拼考研的学习专业课，公共课。学校并不会因为是否为心理学本专业，而择优录取。 
中南大学，重庆大学，湖南大学和中国政法大学该如何选择？,中国政法什么时候和那些学校一个水平了…… 中政不是985是因为是政法类啊大哥……在我们这中政起码是武大水平啊……
该选择985还是非985的中国政法大学？,985吧，很多资源是211没有的，比如校招，公务员选调生之类的
已被山东大学法硕(非法学)录取，纠结要不要二战中国政法？,给你说一下具体情况吧。学校学院的行政人员简直不能用垃圾形容；老师对排课都是互相推诿，不想授课，真正愿意带学生的很少；而且法学院搬即墨了，离青岛市区很远，虽说2018年开轻轨，但是轻轨站离宿舍楼接近两公里，你想实习就得考虑校外住宿，而且说实话，青岛对法学院的学生实习机会真不多，离北京上海又远，很不方便。我不想给你说我就是当初调剂来山大的，现在想想，真想努力保持微笑。。。总之，你自己决定吧
在中国政法大学涉外班就读是怎样的一种体验？,已整理
中国政法大学自主招生面试怎么准备?都考什么?,面试老师提问的问题一般都没有标准答案。无论遇到提什么问题。只要能自圆其说即可。要了解时事热点，社会问题、关于伦理道德……还要对热点问题略有自己的思想和总结。面试考的并不是试题本身，而是考察考生的心理素质、自信心、见识面。详细可以私
中国政法大学考研哪家培训机构比较好？, 三公都是由法大的教授来进行授课，师资队伍雄厚，教学质量也有保障，重要的是在你选择专业问题上，老师会根据专业的情况给出你很中肯的建议，而且三公的材料都是法大本校学生考研时候所用的资料，可见其的全面和质量，有问题的话，可以私信我 
2017吉林考生，超出一本线98分，暨南大学，上海大学，华东政法大学和中国农业大学？,2017陕西考生高出一本线137分 上面四个学校有三所在我志愿里 本来是有四个的
为何中国政法大学现在的校区还是那么小并且破旧？国家不重视吗？,国家会重视法治的，结果清华法学院大兴土木，最近盖了一座十分气派的图书馆，估计法大全亚洲最大的法学图书馆这个梗玩不下去了。 所以重视法治不意味着法大硬件的必然改观，说到底，清华才是亲儿子，政策利好清北肯定会沾不少。这也是学校地位决定的。 君不见当年硬是把某大学的粒子对撞机试验设备整个移交北大，导致北大物理学锦上添花？ 大师大楼之谓的论调我是很费解，还有一句俗话，叫筑好金巢引凤凰，梅老校长这么说就算了，去参观北大清华，里面的民国老教授住的房子都是气派大方的。西南联大和同时期的其他大学比硬件也是不差的。 当年许章润先生回到昌平就被清华连人带书拉到清华园，我觉得法大失去许先生是非常可惜的。朱庆育老师没有自己的办公室，大夏天讲课汗流浃背，我们可以说他尽职尽责，但是肯定不是正常现象。至于我国第一批经济法博士符老先生，在法大没自己的办公室。。。 我们呐，既要大师，也要大楼，越气派越好，至少让我们的人才不要在物质上低人一等甚至好几等。
中国政法大学如何？,       中国政法大学如果单说学术的话还是不错的，如果想学法学，但是分数又无法达到人大和北大的高度，那法大是一个很好的选择。首先，法大在京城，相比其他政法类院校，有很好的地理位置优势，在北京上大学一定会在眼界方面给人不小的冲击，虽然法大在北京的郊区。然后，从排名来讲，这个有数据支持，法大的法学在专业和师资方面也比较好。最后，就是各种通过率了，北京基本上每个机关都有法大的校友，出社会后有一种到处都是亲人的即视感~        再来说说不足吧，法大太小了，我高中时对大学的唯一念想就是每天虎虎的骑着自行车到处乱跑，万一找到男朋友还可以坐在他的自行车后座上，各种小浪漫，但是来到法大后现实太残忍。。。校园太小根本就用不着自行车。。。还有就是浴室，全校一个，从寝室到浴室的路途实在是令人抓狂，冬天冷夏天晒，非常考验人的意志。学生寝室是六人间，非常小，有一栋楼是四人间，所以就要看人品了。我住的是六人间，真的真的真的很挤，东西太多没地方放，寝室里每一寸空间都被利用的非常非常充分。         不过我还是很喜欢法大，今年要开始盖新宿舍楼了，还要修一个新游泳馆，大家都在努力，我相信不足都可以克服。大学的魅力在于你拿到通知书后的心情，在于你独自去到一个城市生活的坚强，在于你完善三观的过程，在于大学的整体氛围，更在于发现自己，解放自己，找到自己人生的方向。         下面是法大的入学誓词，我很喜欢，贴上来愿与君共勉。         当我步入神圣政法学府之时，谨庄严宣誓:         我自愿献身政法事业         热爱祖国 忠于人民         严于律己 尊师守纪         勤奋学习 求实创新         团结互助 全面发展         挥法律之利剑 持正义之天平         除人间之邪恶 守政法之圣洁         积人文之底蕴 昌法治之文明         为社会主义建设和人类的进步事业奋斗终身!  
中国政法大学法硕推免的经验？,前段时间参加了中政推免：法硕（非法学），现在已经确认了中政的录取信息。经验的话主要分为两个部分，一是笔试，二是面试。首先，笔试。中政今年的笔试分为两个部分，逻辑、英语。逻辑考的就是逻辑学的知识，我大学本科一年级学过《逻辑学》（主编赵颖），所以是有基础的，题型的话有不定向选择题，逻辑推理题这些，赵颖老师的书上挺全的，最后一个题给了大约3000~5000字的案例，讲的是合同纠纷，要求考生写800字以内的文章，题目给定为"论证据的作用"，具体怎么答，自己结合材料发挥。英语考的是"雅思听力"，不是四六级模式。给了一张答题纸，一套卷子，大广播外放听力，答题纸上的选择题不超过5道，其余的全是让写单词。我感觉考完脚有点发虚，毕竟考完六级就没咋碰英语。 其次，面试。面试也是两个部分，专业课面试、英语面试。专业课面试采取"小组讨论"（据说和公务员考试面试一样），五个人一个小组，进门之后抽了一个题，题不难，不要求考生用特专业的知识回答，也不要求五个人达成一致意见（不同于北师大），各抒己见就可以。英语面试紧跟在专业课面试之后，人都没有出去。老师问了一个问题："结合雷洋案，评价一下中国公检法之间的关系。"（英文提问）问完之后我们几个人愣住了，没有英文自我介绍的，直接问你这个，问题里我们还有一个单词不明白意思，我个人觉得挺难的，但是只要你敢张嘴说，就没什么问题，我胡乱说了几句，意思也没有表达通顺，面试就结束了。出成绩之后一看，英语果然是硬伤。总而言之，希望对你有用。
在中国政法大学读非法学专业是怎样一种体验？,不得不说，专科型院校实在太易让人眼界狭隘。学习氛围压抑无比，教育资源储备畸形单一，最痛心的是，令人看不见另谋他路的希望。  且不说非法学的孩子是否对所学专业有热情和兴趣，就我接触的一些法学同学来看，似乎有一些法学正统的亲也学得生无可恋啊。 一开始不懂，抱着试试看的心态踏进人人羡慕的法学院，学着学者发现自己难以为继的大有人在。可即使不喜欢法学，转到一个名不见经传又资源匮乏的小院，谁会愿意？为了所谓的面子，为了家人的期望而压抑自己，就这么阴差阳错地变成分数沉浮里的自闭者，顶着名牌大学的帽子骑虎难下。  法学院尚且如此，其他院的情况更不用说了。我想，如果有一个更多元的评价标准和学习平台，我们还会不会学得这么累。一个人倘若能全心全意投入自己喜欢的事情，又怎么会觉得累？康德也说工作是快乐的，但前提必须是自己喜欢的工作。  再说一个不管是法学还是非法专业都有的情况，不说专业，很多同学连这个学校也被调剂的。有些同学在大学才发现自己真正所爱的领域，并且与本专业相隔甚远，在想转专业或是利用学校资源自行发展之时，发现政法压根就不开设他爱的这个专业，甚至连相似的也不存在 图书馆，嗯。。内容是很丰富，但是畸形地局限在某些领域，我们懂的。好吧图书馆也救不了这些后知后觉的孩子。 没有相关资源，没有相关教师更没有相似专业，面对本专业越学越心不在焉。最后带着满满地厌学情绪，心不甘情不愿地安于现状。反正干不了喜欢的事，再顺个大流，他要考研，好，我也考。都考公务员，嗯，我也考。  把一辈子的事交给盲从和偶然，真是生命不能承受之轻。  来看看我们这还是大学吗？ 小学尚且能有一个“德智体美劳”全面发展的标准，课程多元。我们现在这种情况又凭什么能称一个“大”？或许是法学一家独大的“大”吧。  最后我想说，身为一个政治学学生，我已经只能较为迅速的心算十以内的加减法了，还是不带小数点的那种。  
中国政法大学政治学专业如何？,中政政治学本科在读 用老师的话来说：法学400多号人全国排名top3，我们用21个人撑起了全国排名top 10 但是！ 话是这么说，但是学校重法的气氛一般人还是会被吸引去学法的，因此真的志在本专业的还是觉得综合类大学可能氛围要好一点…… 不过其实政治学本来也留不住人，大家都奔着就业去，大部分学术深造或者大三就还是要转行政啊法学之类的。最后10%留下就不错。  不过你如果打定主意奔着政治来的话政法还是不会让你失望的。毕竟觉得老师上课水平还是足够的，思维也够开放，形式不僵化，认真学每节课总能get到东西。 加油，其实我也在迷茫之后的路，但是终归这个学科学起来还是很有意思，四年还是可以过的很充实很开心的。
中国政法大学歧视二本生吗？谢谢回答？, 虽然是二本，但还是有机会的。但在实际上，你本科学校还是会有所影响的，但是你要足够的努力和优秀的话，是绝对可以脱颖而出的，但在明年考研的话，现在的形势是学校会越来越多的偏向自己学校的学生，但只要你优秀这些都是不惧的，希望你可以成功 
关于考中国政法大学民商法研究生的问题?, 知乎首次发帖，本人原创，考研论坛首发，但是为了发挥其更大的价值，故而稍加修改搬运至此，如有不妥，还望指正。17年春，来研院已有半年，重温此文，感受已大有不同，昔日计划和预期，现已有诸多修正，但是那时的敢于梦想和对目标的执着追求，仍需保持，考上研只是另一个起点，前面的困难和问题还有很多，真的很多，此处并非故作姿，真是有感而发，人往上走总是不易的。借塞缪尔·厄尔曼的一段话青春气贯长虹，勇锐盖过怯弱，进取压倒苟安。如此锐气，二十后生而有之，六旬男子则更多见。年岁有加，并非垂老，理想丢弃，方堕暮年。不小心一碗鸡汤已成，那我就先干为敬了。于法大科研楼A211下午两点。  中国政法大学考研经验谈  季@加油    当我提笔写这篇小文章的时候，终于可以在内心对于自己说，我已经达到现阶段预定的目标。在备考最紧张的时期，心中默想，等我考上一定写一篇回忆，一是纪念那些拼搏的日子，二是以自己的亲身考验经历为后来的有心的师弟师妹们提供一些信息，虽然网络已是如此的发达，但是在我备战时想从网上找到一篇系统的经验介绍却寥寥无几，很多是一些简短的或是泛泛之谈，没有针对性，且语焉不详，看完没有“获得感”。有鉴于此，本文将对中国政法大学考研做一个比较全面和详细的介绍，尤其是那些本科非法大本科的，作为一名外校生，我经历过同样的信息荒漠，经过初试专业课如何着手，复试是否公平的思虑，本文将站在一个过来人的角度来谈谈经验。我也衷心希望，如果你觉得本文对你有帮助，如果成功的考上研究生，不要吝啬你宝贵的笔墨，续下我这篇考研经验谈，为那些像当年迷茫彷徨的自己一样的学弟学妹们供出你们的经验。  现在进入正题，鉴于本文的中心思想，体现三点，全面，详细，有针对性但不局限。首先全面，本文主要分为两大部分：考研总论，初始篇和复试篇。  （一）考研总论1、为什么要考研2考法大的难度3、考研如何选择学校4考研与司考5、考研心理  （二）初始篇1、总体时间安排2、各科复习策略  （三）复试篇1、复试概况2、复试学科复习  其次，详细，本文字数不少，上万字，将我认为有必要讲的讲清楚。  最后，有针对性，主要是针对民商法学专业，但不局限于民商法专业，其中的很多信息其他专业考生也可作为参考。  考研总论  （一）为什么要考研？考研有无必要？其实我认为对于选择法大民商的同学根本就不是一个问题。每一位同学在备考时都会给自己一个理由，有的是想提升学历，以便在将来的职场占据有利地位；有的是想进高校做研究；有的是抱着试试的心态，报个一般的学校试试；有的是真心觉得本科学校名气不够，没有社会认可度；有的是不服输，不相信自己比别人差，尤其是那些名校的学生，等等吧，我想说的是不管你的理由是什么，都要能够支撑你度过这大半年。个人认为法学专业是有必要考研的，而且要考法学排名靠前的法学院，从专业的角度进好的法学院可以接受最好的法学熏陶，对法学有一个更深的理解，也许有人觉得法学熏陶有些空，难道不进顶尖的法学院就接受不了，但然不是这样的，专业知识可以通过网络和书籍获得，并非不进法学院就不可获得，而进顶尖的法学院是通过与高水平的教授接触，进行专业交流，从而对自己的思维方式修正，通过与高水平同学的交流，碰撞思想的火花，加深自己的法学修养，我认为这是考好的法学院最重要的原因。当然功利的一面如学历提升，有好的人脉资源，有好的社会认可度。  （二）考中国政法大学的难度。我在备考前期也会进行网上搜索，但没有一个直接而可衡量的答案。我认为如果你的司考过了，四六级也过了，且平时学习成绩不错，有比较好的法学素养，那么你可以一试，甚至是民商法，这是我给出的比较直观地标准，我也期待会招致的批评，考研又很强的主观性，任何纯客观的标准都可能有失偏颇。所以我说的并不排除其他情况，司考虽然不必然影响考研，但是也代表应试者的知识储备，若我的司考不过，便会更加的谨慎考虑。若是四级没过，那考研英语就要提高警惕了，若六级不过，过线一般没有问题，也就是60+一般没问题，但是是否是70+就要看你的六级成绩是听力好还是阅读好，再加上备战考研中英语复习的效果。若四级过了，努努力，60+很有希望，70+的困难就大了，当然也有四六级或六级不过考70+的，少之又少，我们不能期望自己就是那个幸运儿。Anyway，不管四六级与考研英语的关系如何，也不管你的四六级如何，考研英语都要从头学习，扎扎实实的学习，我作的联系只是宏观上的判断方向。  （三）考研选什么学校。一个直接的答案：必须考一个让你感觉有成就感的学校，理性而稳妥一点的回答是，根据你当前的实力和心理预期，选择一个认为自己努力一把很有希望考上的学校。偏激一点的回答是，一定要考名校，否则就不要考了。对于平时成绩优异的，上进心强的可以冲击名校，没什么好畏惧的。平时学习一般，上进心不是特别强的可以选择名气相对小一点的学校，或者名校的非热门专业，不必走极端，要因人而异，根据自己的性格和志趣来选择。我本人属于那种比较好强的人，尤其在我认准的事情上，故而选择冲击一下。以上区别无高下之分，适合自己的就是最好的，不切合自身的实际，追求的得越高，失败的可能越大。下面我对当今大陆的法学院做个简短的介绍，我个人认为，也许有失偏颇，从法学院实力的排名看来，中国人民大学，北京大学，中国政法大学，是前三甲，其中北京大学由于自身名气太大，因此法学院考研难度最大，单就法学院而言和人民大学还是稍逊一筹，这点仅是一家之言。我还要提一下清华大学，清华大学本事偏理科学校，法学院整体实力不强，但是近年清华法学异军突起，民商和刑法各有泰斗级教授坐镇，如崔建远，马俊驹，张明楷，周光全等，虽然法学院整体实力稍欠，但是对于个别学科，考研难度也是很大。可以说从考研难度上北大&gt;清华=人大&gt;法大，社会科学院法学院研究所也很不错。除去北京的这四所，武汉大学，吉林大学，复旦大学，厦门大学，华东政法大学，西南政法大学，浙江大学光华法学院等也都是五院四系或者后起之秀，本人主要关注北京的高校，其他的不敢妄加评论。个人感觉，排名接近的院校区分度并不大，比如西南政法大学和中南财经政法大学我感觉区分度就不大，虽然我考上了法大，但是让我准备西南或是中南，我也会全力以赴，也会忐忑不安，而这在一定层度上并不是完全靠理性能分析透彻的，感性也起一定的作用。  （四）考研与司考 1、难度上名校法学院&gt;司考；一般法学院=司考；较差的法学院&lt;司考。个人感觉司考用了七分力，考研用了九分力，司考尚有一定心里的空闲，而考研则只感觉时间不够。司考的深度有限，重难点知识有限，要求知其所以然，并不要求知其所以然，因此司考不要求你对体系的把握有多么的全面，对知识的理解有多么的深刻，而且司考培训市场已经成熟，相关教材及老师对知识点的讲解和考试技巧的研究已经成熟，这就造成了很多非法本的学生通过司考。在此我无意做深入分析，只是想表明司考的难度没有想象的那么难，尽管它很难。  反观考研，如果是外校考生，尤其是本科是一般大学，心理关就很难过去。考研考察学生对概念的理解，背后法理的阐释，法律体系的掌握，更加深刻的考察了学生的积累，而这些是在平时的学习中一点一滴积累起来的，客观的说，在一般本科的法学院，如果没有人提醒你，很少有人会在大二去看论文，看专著，而且由于缺乏竞争学习的氛围，感觉自己学的可以，其实与顶尖法学院的学生还是差一点。其次是信息缺失，很多法大的本科教师就是出题人，用脚想就会知道这会给专业课带来多大的优势，更不用说其他好处了，我可以理解也可以接受，因为这是不可避免的，但是我们仍然有可为之处。从培训市场角度，考研特别是学术类的培训极不发达，由于市场小，相关辅导费用昂贵。而且我个人还有个深层次原因，就是考研背后考察的是一个人的学习能力，即一个人是否可以在一段时间自己制定计划，督促自我，按时完成计划，这些能力也是从事法学理论和实践的关键，若花大价钱报辅导班，别人给出计划，督促你学习，这与我所理解的考研核心竞争力是不一致的，基于此我没有报辅导班。当然这只是一种抽象的分析，客观的说考研辅导班还有一些作用的，觉得自己自学能力不清，家里经济条件不错，不妨报一报。但心中仍需明白，辅导班只是辅导作用，切不可将其视为胜利的法宝，否则报班的弊大于利。对于更多的像我一样的同学，可以充分利用网络资源，我个人就搜集了大量的政治，英语，专业课资料，专业课资料曾从上一届的学长手中买过，多少起了点作用。  我所了解的法大考研辅导机构，本人在考前也曾狂搜法大的辅导机构，由于本人未曾报班，但通过接触一些机构的资料进行简短分析。1、银河，最开始听说的，规模较大，授课质量中等，费用也一般，他们会请些研究生讲课，说实话水平一般，至少从我当年的听课角度来看，远远赶不上司考老师的水平，尽管如此，由于他们是过来人，其所讲还是较切合考研的。2、三公律博，我一战买他们的笔记，感觉一般，白白浪费了钱，复试买了它的期末题和复试宝典，感觉还可以，在此推荐一下。他们的法学硕士的考研辅导班没有网上课程，须到北京复习，不具有可行性，不过据说质量还可以。3、天一智诚，听说还可以，请的都是法大的教师，我加的两个qq群里的群主兼买该机构的资料，价格也不贵，可以买来一看。我由于早期买了师兄的资料，就没有再买。初试后期我买了该机构的考前押题，没什么用，它的押题只给题目，没有答案，而且很多，我看到后就后悔了，这也叫押题，几乎把重点全列上了，我自己也能够做到，感觉很坑。此处顺便把押题问题说一下，我同时还买了银河的6套题，很一般，有些答案做的很差，还不如自己做的，而且没有中几个，我印象里是一个没中，我当时买这些押题卷现在想想就是图个心理安慰，如果你真的觉得考押题能考上，还是洗洗睡吧。就像司考一样，什么押题密卷都是扯淡的，相信的结果就是浪费时间和金钱。我倒是觉得自己的专业课很多考点都在平时复习到了，比如刑法修正案死刑削减的相关内容，当然我还准备其他的，民法的处分行为与负担行为，这个知识点必须拿下，每年必考，会通过不同的方式考，没有几篇论文和一些其他教材的学习，很难掌握的深刻。等等，关注新法和重要的理论知识点，全面而有重点的复习才是王道，等你将要考的知识点自己总结一遍后会发现，所谓押题什么的不过是从你总结的东西里选择一些而已，其实你自己就可以出题。说了这么多，如果你还是不放心，就买吧，毕竟考研没有几次，更多的是考完后回想起我说的话，哀叹一声，又被骗了。4、法研教育。我买了它的考研分类真题解析，是一本书，质量不好，很多答案解析都有错误，而且有些大题我印象里是14年或15年的一道民法题，讲的是侵权责任法第十五条，你看该书给的答案，再对比三公律博给的答案，立见高下，法研的这本书根本就不懂该题的意旨。而且它的法研秘籍很贵，可以视为天价，就算资料有货也不值得这么贵。关键我曾经看过他们内部的民法讲义，说实话质量一般得很，真不知道他们有这么大的勇气买的这么高。从他们出的真题解析也可推知他们资料的水平。我还想说我曾经看过他们14年的的一份视频资料，是一个刘家安的民法串讲，半天左右时间，刘老师在最后半个小时讲了民法的任督二脉，切合了2016年的民法题。当然各位也别神话，也许有人羡慕我的好运，其实我想说这都是全面有重点复习的结果，看的资料越多越有好处（当然有价值的资料），因为没有人会遇见到2014的资料会在2016年起作用，我看所有的资料并非是为了押题，而是为了学习知识，学习可能要考的知识点，我从来不相信押题之说，虽然我依旧买了押题卷，人有时就是这么矛盾，还是那句话为了图个安慰，哪怕自己不看。这样下来，就是凡是有法大本校的教师讲课的视频音频，不管哪个机构的拿来听即可，如此心态，方能将资源为我所用。  （五）考研心理。个人认为阻止一个人走向卓越的最大的因素就是没有上进心，文明点是雄心，难听点是野心，是否满足安于现状。而阻止我们考名校的原因中固然一部分是分是实力不够，更大一部分则是没有信心，还没准备，还没有看题目，一听名字便首先怯懦了，有一句名言“如果你认为自己不可能做到，那么你就不可能做到”，静下心来问问自己，是否愿意为了自己的未来再拼搏一把，是否甘心在一个普通的本科里院校结束自己的学习生涯，踉跄的走进社会，选择一个自己不甚满意的工作，甚至都还没有发现自己真正喜欢什么。如果有人问我考研辛苦吗，我会毫不犹豫的回答：辛苦，甚至比高考还辛苦，要承担一些学习之外的压力，没有人督促你看书，没有人督促你起床，一切靠自己，你发现自己会有这么强的学习欲望，为自己的选择而努力。如果说人生的历程就像攀登一座山峰，你的高度决定了你看到的风景，如果说高考成就了你入大学的高度，而考研则又给了你一次往上爬的机会，等你考上你理想的研究生，你会发现你和高考在你前面许多的人到了同一高度，至少有机会站在同一个平台上。个人而言，我很欣赏李嘉诚的人生态度“稳健中不忘进取，进取中保持稳健”，我一直深信普通智力的人通过科学的方法和不懈的努力可以成为某个领域的卓越人物。本人的母校是一个普通的二本学校，我所在的法学院在过去的很长一段时间没有人尝试过像法大学样的学校，所以心理上也有很大负担，我和系里的任课老师沟通过，有的怕打击我，善意的提醒，政法大学不易考，尤其是民商法。当然也有老师一直鼓励和支持，也给予了我很多帮助，我很认真的参酌不同老师的意见，根据自己的水平，还是决定一试。真心感谢那些给我很多首肯的意见和许多帮助的老师，原谅我不能一一道出他们的名字。在复习考研时，一想到法大，心中便会激动不已，这是实话，也不怕你们笑话，甚至在晚上会难以入睡，这种精神一直维持到初始结束。   二、初始篇  初始奠定了基础，很大程度上决定了你上不上，也是相对最公平的一个环节，可以说初试超分数线20分的，几乎稳过，例外很少，所以目标分数是多少，心中应当有数。2016年可谓历史巨变，专业课有传统的11门减为6门，从而必然加强对报考方向的考察，题型有传统的主客观结合改为单纯主观题，与司考完全脱离，而且题量很大，具体如下，共15道名词解释，10道简答，5道论述。我的体会，专业课一开考后在思路清晰，稍微注意字体和布局的情况下写了几道题，让后按此速度估计时间发现根本不够，于是我以最快的速度写了起来，当然在保证看的清楚的情况下，终于在最后三分钟写完，此时我的手是颤抖的，整整三个小时没有停顿，期间没有时间思考和回忆，要求看到题就要想到答题思路，言外之意就是很熟。我所理解的答完一道题是指，首先要求要点齐备，其次要有比较从分的论述，也许不慎严密，但要比较充分，直观地要求就是字数要达标，各位不要嗤之以鼻，如论述题，如果达不到试卷的大半页，是不会有很好的分数的，这不是我说的，是一位阅卷老师说的，总之一道题客观上要求要点与字数，主观上就是心里很踏实，我就是在力求每道题做到此点的情况下奋笔疾书的，所以对于写字较慢的同学而言，需要适当提高写字速度，否则很可能写不完，考完后群里很多人说都没写完。  细说此次改革，有11门改为6门，分为两张卷，卷一考五门，民法、刑法、民诉法、宪法、法理学，各占三十分。卷二考两门，民法和商法，各占一半。这样下来民法占到105分，加上商法学共计180分，占到了总分的五分之三，这也意味着民商肯定会扩大广度和增加难度。  初始主要分为两个部分：第一、总体时间安排。第二、各科复习策略。第一，考研时间总体上为10个月，也就是从大三下半学期和大四上半学期，二战的就是大四上半学期至年末。我当时的预期是六个阶段，但是从计划的执行情况来看，应该是分为四个阶段，而且要提醒大家的是计划是对自己未来的一种行为预期，并非是一层不变的东西，而是要随着复习的进度和效果做相应的调整。其实六个阶段是一种理想，很多环节做起来要比计划中花更多的时间。  第一轮：3月25到6月15日，教材通看，详细看，各个学科的体系大体树立，在头脑中形成一个基本的知识树，根据知识点分类真题开始做，借此进一步了解重难点既考法。    6月17日到7月15日看论文，前后下来总共下载了40篇左右，看了其中三十片，主要是一些专题论文，看完的感觉获益匪浅，很多论文让人不忍释怀，他们的论述或隽永或深刻或哲思，试举一例，我们很多人都知道债权的客体是行为，物权的客体是物，但是进一步追问为什么的时候，为什么要做此划分，要知道这背后是有深厚的哲学背景的，是康德哲学的基本理念的演绎和推理，可以看李永军的相关论文。看顶尖学者的论文，不仅获得知识，更是思维的训练，看他们如何论证主题，拓展思路，组织语言，引用资料。学习物权行为理论，绕不开孙宪忠的那篇论文，也绕不开反对者梁慧星的那篇论文，无论你赞成谁的观点，富有代表性的论文乃是必读。在此阶段看论文有两种利好，一是有一轮近三个月的教材学习，基本概念也都了解，基本制度也比较清晰，为看懂论文打下了一点基础。第二，此阶段看论文，容易看得进去，因为考试还比较远。而且此时期看的论文会在以后的备考中起作用，对于深化学习，把握重难点很有帮组。刚开始看论文，只会是一种朦胧的理解，不可能太深刻和透彻，更多的表现为对这篇论文主题有一个比较笼统的认识，还有一些设计法哲学的民法论文会根本看不懂。以我的感受，同一个论题，完全相反的论述，我看完后会觉得都很有道理，而感觉自己根本插不上话，任的别人的思想之风吹向自己。论文不只是看看即可，要能结合教材，做一些论文摘要，我是用一个笔记本把一篇论文的主旨及主要论据摘抄下来，当然有时候也会摘录一些经典论述，这些都是论述题的亮点（其实更多时候是内心真的喜欢，并未考虑就是为了答题使用），当你看完30左右的论文时，再看教材就会有一种一览众山小的感觉，教材太浅了。  第二轮  7月15日到9月15日   教材的重点过一遍，从笔记进一步总结简答和论述，历年真题和期末题开始认真做和总结。  三轮  9月15日到10月末  一个半月，教材的重难点过一遍，笔记上的真题和期末题也过一遍，总之教材框架熟烂于心，基本知识很熟悉，历年考过点心中有数。  四月  11月到12月20日  大约50天的时间，背诵记忆自己曾经总结名词解释，简答，论述，论述背要点，具体论证可以考试时自己补充。我个人认为还是要背的，方法可能很传统，但是效果还是不错的，此处的背，是在理解的基础上背诵，前提是你理解了，而不是只是背它的文义，我个人认为背名词解释并不是你不懂，而是通过背诵规范你的法律语言，让你的法律语言更精确，更精炼，更严谨，更符合法律的要求，名词解释的记忆重点是关键字。  第二、各科复习策略：  1、民法 民商专业卷118分，专业课排名应该是第六名，不是总分，因为英语不甚给力。  本科用的教材是北大高教版的，是很“正统”的中国式教材，这本书只是将概念，特征等内容列开，感觉比较教条，逻辑性不强，理论深度较浅，在复习时全程未使用该教科书。法大本科教材有两本，一本是江平主编的，另一本是王卫国主编的，推荐民商专业的都买，我当时买了江平版的，听说江版这本较王卫国版的理论色彩浓些。也许有人会反问，你不也是民商的，你自己怎么不买两本书。山人自有妙计，虽然我没有卖王版的，但是我借了一本《民法原论》，自己又买了《民法学原理》和王泽鉴的基本民法教科书，还在图书馆借了朱庆育的《民法总论》，再加上本科时代买的教材梁慧星的《物权法》，程啸的《侵权责任法》，韩世远的《合同法》，这样下来，民法资料在教材的层面基本上就比较完备了。对于王利明主编的《民法学》，建议不看，一则有理论冲突，二则时间不够。  当然有人会被吓到，说怎么能看得完，当然看不完了。主要是以江版的《民法学》为中心，辅助其他教材，有些重难点，如果江版的表述不清晰或不全面或不条理，可以翻阅其他教材的相关知识，一些重要的理论根基深厚的知识点，可以横向比较学习，在这种比较中分析概念，理解教材，说实话比较花时间，也比较累，但是效果是明显的，乐亦在其中。有时某个教材的一句话，令人豁然开朗，茅塞顿开，那种感觉令人不忍释怀。这样做的危险是进度很慢，所以提醒各位，注意把握时间，掌握好进度。  在音频上，我听了两位老师的，一位是鄢一美的，三天的讲解，重难点都有涉及。另一位是朱庆育的，很晚才听到，讲得很好，竟有种相见恨晚的感觉，是指音频。  民法的学习是在充分熟悉教材之后，看一定量的论文（20~30篇），对可能出的名词解释、简答、论述，在笔记上总结，记忆。民法题型中会有法条分析，就需要掌握对重点法条背后的可能涉及法理脉络，这是很有难度的，如果你不清楚背后的法理，法条分析很难得高分，这部分很难突击，要靠平时的有意识的积累。我自己有总结好的民法笔记（附带一点商法），里面按照名词解释、简答、论述进行了总结，还有一些理论点总结，比较适合记忆，如果有需要，可以加我的QQ：2680416659，空间里有免费的百度云论文链接及一些最新网盘资料，说明一下，笔记和网盘资料并非免费，实乃本人耗费较大精力，用来换得一个零钱，想起来了唐伯虎的诗，桃花仙人种桃树，又摘桃花换酒钱。不要者可以自动的忽视，直接看论文即可。后记，什么桃花仙不仙的，最近打算考雅思和cpa，报名费和资料费可真是不便宜，跟家里要钱羞于开口，忙乎半天的这一点钱马上又要到别人手里了。  真题上我买了两本，一本是法研教育的分类真题，另一本是三公律博的分年真题，虽然两本整体解析的都一般，但相比较三公的更好一点，特别是一些主观大题。论述题要自己把框架写下来。把考过的点标注在教材上，有些题感觉答案制作的不好，可以从其他教材上翻阅相关内容，自己做答案。  商法  商法我有两本教材，一本是赵旭东的《商法学》，一本是《公司法学》，由于改革方案确定已是八月，因此就决定了商法的复习深度和广度都达不到理想的要求，我主要复习赵旭东的商法学，《公司法学》没看，更别提再看里面的小法了，尽管如此仍觉时间不够。我通过教材背后的习题，结合司考教材对一些重难点进行总结，记忆。 此外，还买了一本商法学的练习册，中国法制出版社，将其中的案例题和客观题做了一遍，由于商法题有案例，就需要对商法的一些法条有比较好的掌握。新加，王军的《中国公司法》可以看看，也是一个不错的选择，配合着赵旭东教材。  刑法  不得不说，法大刑法教材感觉很像有些司考教材，尤其是犯罪的构成要件那四章。初试若非刑法专业，一本教材足以，感觉没有司考难，但仍不可轻视，依各题型总结记忆，还需要注意和司考观点不一样的地方。刑九一出，必定为考研司考期中期末考考考的热门，备战考生，对刑九的相关论文得看。如16年的刑法中，我准备了几个重点话题，第一就是和死刑削减有关的，意义了原因了，大而化之为死刑的存废问题，还有我国死刑罪名减少的过程。谁知16年就考了，可喜的是我有所涉猎，可惜的是，没有作为重点。  法理  没什么诀窍，初试为非法理的考生，一本书《法理学导论》足矣，考过的真题，期末题标注在教材上，使劲背。个人感觉这本书文字有些地方不是很通顺，硬译的斧凿之痕过于明显，但是废话少，字字珠玑，多看几遍，多背几遍，问题不大。  宪法学  宪法学作为教材来说编的确实不错，理论色彩很浓，很多地方不乏深刻分析，如对我国国家结构的分析。但是作为初试非宪法学方向的考生而言，付出与投入有些不成正比。我的做法是将书中的名词解释和简答总结出来，结合历年真题可以发现几部分特别重要：公民的基本权利；国家的基本制度和结构等等，对于这些重点章节要全面熟练把握，其他部分可以稍微简化。  民诉法  民诉法的教材写的非常好，同宪法一样，对于初试非民诉的考生依然要有所取舍。我的做法是将民诉教材后面有价值的习题标注在教材上，同时结合司考将最重要的章节标准，以及其他章节可能出大题的地方，同时结合真题和期末题针对不同题型进行总结。  注意新法和理论热点，如果你不知道就去查，如果查的放心就去问你的老师，这两块必须重视。试举一例：公司法的资本制度改革复试我就抽到了一道题。16年的可能也是近几年的，如刑九修正案、民法典的制定而引发的一系类问题、宪法的宣示制度、民诉空前的司法解释，这些都需要进行关注，找相关论文。  考研英语 60分  此次考研让我感觉不痛快的一点就是英语没有考出我预期的成绩，简单的一句话实力不够不足以抚平我内心的不适，说实话，英语考成这样，我也有些莫名其妙，我做了黄皮书，而且有一篇材料相同，作文感觉写的还可以，没有什么大的纰漏，可是结果还是不如人意，可能还是英语的句法结构理解不够，自己所谓的懂并不是真懂，而是一知半解。我也不否认英语阅读并非我个人强项，听力和口语才是，这在复试中有充分的体现，当然要达到自由交流还需很长一段路。  资料：真题解析我用的是《考研真相》，感觉不错，比较重基础，一句话一句话的讲解，适合基础较弱的。词汇书我主要用俞敏洪的小红本《考研词汇乱序版》，后期买了一个《恋恋有词》没用，时间不够了。还有黄皮书就是张剑的150篇阅读练习。  政治  尚可74分  用书《大纲解析》《历年真题解析》《肖秀荣1000题》《风中劲草》《肖秀荣八套卷》《肖秀荣四套卷》 我还买了文都的1500题。16年肖秀荣八套卷直接中了一道原题，而肖秀荣四套卷有些知识点压中，所以各位一定要把肖秀荣八套卷好好做做，把要点背背。  暑假以前也就是6月以前，政治不超过一个小时，我当时是在看旧大纲解析，各位也可以买肖秀荣的书。  6月到7月，开始看视频，政治时间为1.5小时到2个小时     8月到9月肖秀荣1000题做完，新大纲看完，时间安排为2个小时到2.5个小时。错题记在错题本上，结合新大纲解析，将框架整理出来，熟烂于心中。  10月到11月考研历年真题，10天真题搞定，将考过的知识点标注在新大纲上，主观题马原等部分适当做，看命题思路。2个小时到3个小时。  11月到考前 风中劲草开始记忆，形势与政策，八套卷 四套卷  市面的资料应接不暇，个人感觉肖秀荣基本上还是靠谱的。政治的复习，在战略上是轻视的，但是战术上是重视的。考研政治辅导班，答案永远是：家庭条件允许的话，可以报班学习，报班客观上的确能省心不少，但是网络现在已经比较发达，很多在网上可以寻找。  三、复试篇  应该说初试的结束往往象征着考研主要部分的结束，但是一旦初始结束，休整几天，就要开始着手下面几件事：  （一）	复试概况  复试大概有以下几个时间段需要清楚：  1：初试结束至初试成绩公布，此期间约为1个半月左右，建议各位在此期间继续学习，准备口语和听力。但是不得不说的是，很多人在此期间都放松心情，没有心思学习，我也是这样，看不进去书。所以如果你能看进去，继续保持，看不进去，那就放松，影响不大。  2、初试成绩公布至复试分数线（我指的是法大的分数线，不是国家线）出来。一旦初试成绩公布，马上参照往年的分数对自己定位，一般来说若无特殊事由，分数线不会变化。以民商为例，这几年法大一直改革，对分数线造成影响，分数线高者达355，低者达345，一般为350。16年是大改，分数线改为345。如果没有上校线，但是上了国家线，可以向其他院校调剂，具体步骤我未过多关注，网上有很多。如果上了校线但是没过报考专业的分数线，可以校内调剂。一般来说如果超出本专业分数线20以上，基本安全，只要不出大的纰漏，考上问题不大，但是否奖学金就要努力了，当然分越高，得奖学金的几率越大。过线不多的考生就需要继续努力了，若发挥得好，还有希望拿奖学金，16年法大复试专业课面试的比重比15有所增加。  3、复试线公布至复试报到中间时间差为一周左右，  总体下来有效的复习时间为一个半月左右。  （二）复试过程及复习  16年的法大复试为4天时间，26号上午报到，下午进行专业课笔试和英语听力测试；27号上午英语口语，下午专业课面试；28.29号体检。  专业课复试：民法我将朱庆育的民总和物权听了一遍，又复习了曾经的论文和主观题总结。买了几本书根本没时间看，结果仍有一道题超出复习范围，其他题目感觉难度一般，虽然最后分不高（好像普遍不高），有一道题直接考察了请求权基础理论，我不会告诉你王泽鉴的《民法思维——为请求权为基础》这本书直接讲得很透彻，其实自己也只是看到了这本书的皮毛，真正的请求权思维的形成仍需要长时间的打磨，细心的同学会发现江版教材也有相关论述，只是没有展开。  考完专业课后一会考听力，同一间教室，复试英语听力难度感觉跟六级差不多，用六级的听力训练足矣。16年的听力是六级题型，与15年的不同，不过大同小异，建议买一本星火的《考研英语复试听力与口语》，将上面的题做了，再买套六级题训练，足够了，至于托福啥的，感觉没有必要买。  英语口语：口语英语两个月的努力仍然能够使你有一些进步，我此次复试名次比初试名词高也得益于英语口语（当然也包含听力，二者正相关），我大概是从大二开始零星的进行学习英语口语的，就是跟着录音说，所以发音相对来说还算不错（哈哈，自我感觉啊），但是语法结构亟待提高，从考试来看，并不难，一些简单的对话尚能驾驭得了。法大复试口语是三考生一组，两位老师，一位为主考官负责提问，另一位沉默负责打分记分。进去后先开始的是半分钟的自我介绍，对的，只有半分钟，如果准备的过长中途会被打断，不影响分数，好像很多考生都会被打断。接下来老师会给每个人发一个纸片，上面有图，16年我抽中的是Two child policy of china ，首先老师让你思考片刻，开就该图片让每个考生逐个发表意见，完毕后老师会提问，大概2到3个问题，是你的回答不等。然后就是小组讨论，让我们就该话题互相询问，回答，此时老师不再回答，只听三位考官说话，切记不可冷场，切记不可冷场，切记不可冷场，即使你听不懂其他小组的意见，也要转换角度进行讨论，时间为5到6分钟，整个下来为15到20分钟。英文名字不要也罢，免得影响老师记分，每个人都要说话，这才是有效的小组讨论。  下午是专业课面试，16年将其比重提升为50%，更凸显了对考生专业功底，心理素质，等素质的考察，专业课面试最重要，也是最紧张，也是最令人兴奋的，我们是从下午一点半开始被集中到一个教室里，分专业逐个面试，那是最难熬的时刻，每一分钟仿佛都想一个世纪那么长一样，看着前排的同学一个一个的出去，很多是一去不再来，整个教室都是嗡嗡声，谁也不清楚接下来的面试自己会表现得怎样，一种待宰羔羊的感觉油然而生，也有一种壮士一去不复回的思绪。就这样，近四点时轮到了我，考场是一间教室，进门后将证件交给旁边的学生辅助人员，教室的后面有一排座椅，坐着6到8位考官，我开始抽题，第一次抽了一道“公序良俗原则是否为我国民法的基本原则”，我看了几秒，耳边响起了考官的声音“你觉得题目如何，在你回答之前，你有一次无理由更换的机会”，我心中思考到，这道题我所涉不深，背后的法理我看不透，于是果断换题，抽到了一到公司法的题，在走向座位的过程中，看到原来是关于于2013年公司资本制度改革中最低资本额的相关问题，心中暗喜，我看过一些公司资本改革的论文，思路也比较清晰，于是我坐在讲台的那一头，隔着中间空荡荡的教室，思考片刻，开始回答，答完后主考官发问，大约五六个回合，中间也穿插着其他老师的询问。其中有一位女老师提了一个棘手的问题，我觉得她想难住我，最后还是被我回答出来，当然中间大脑也会短路，也会考虑如何组织思路，最后感觉基本上都回答出来了。考官说基础知识掌握的还可以，女老师说概念制度什么掌握的不错，但是关注最新的司法解释，如果能结合实在法掌握会更好。我当然是连忙说好，回去一定把这一块再看看，继续学习，其实当时脑子里哪有这个司法解释的影子。（幸好当时换了一道，公序良俗原则，于飞教授讲了两次课才讲完，背后的法理比较艰深，现在我已经身在法大，感慨当时勇敢的换了一道题。现在回忆，中间坐的是王涌，跟百度照片大不同，时间催人老啊）  考完专业课面试，过了一会缓过神来，意识到复试结束了。  关于复试公平问题，个人认为比较公平，首先用事实说话，本人来自于普通二本院校，无任何背景，终被预录取，直接说明了问题，认识的其他几个同学也是类似情况。但是我感觉与法大本校生相比，感觉还是会有不同，这也可以理解，毕竟是他们本校的学生，试想教过自己的教师来面试自己还是会有不一样的，我也看了前几名的专业课排名并不拔尖，但是复试成绩却很高，其实别人当然可以怀疑我，但这种质疑的精神才是最为可贵的，也许是我多虑了，但愿是我多虑了。（后记基本上还是很公平的，实力决定一切）  一年前我还在苦苦探索，那种渴望好像考上了意味着脱胎换骨一样，而一年后的今天的我却没有那种体会，周围的一切还是没有变，自己倒变得更加冷静了，考上了就过去了，新的平台，仅此而已，继续努力。考法大民商的有西政的，华政的，本校的，还有一些其他名校的，但是不要被吓着，因为普通院校也会有优秀学生，关键不在于他们是怎样的人，而是你选择成为什么样的人。我也在无时不刻的提醒自己，未来的路远比自己想象的艰辛，想取得多大的成就，就需要付出多大的努力，也许有例外，但是不属于我。   最后，尽信书不如无书，本文只是一种参考，各位要结合自己情况综合判定，网上还有一些经验贴写得不错，可以搜索阅读，在此基础上结合自身情况做复习计划。最后，祝愿你们能考上法大研究生，成为我的学弟学妹，哈哈，努力吧。 
目标:中国政法大学研究生？, 法大考研，你们报班了吗？  当然，大家都知道这是一直以来都很具有争议的话题，学习好的同学有他们自己不报班的理由，学渣们当然会选择报班啦！每年有很大一部分同学就是因为当年没报班，凭借着自己强大的毅力，每天早起晚睡的终日泡在逸夫图书馆，最终考研失败了，回首依然望见曾经的那个自己，不觉间暗自叹息，研友们，可别再重蹈覆辙了，毕竟机会错过了可就真的错过了。   关于报不报考研辅导班，众说纷纭，有家长说那是浪费钱、浪费时间，其实说到底真的没有对与错之分，只是看自己是否适合，恰巧赶上大学暑假放假，学生们回去了以后，部分相信自制力差的同学，肯定会躲在屋子里，吹着空调，一手吃着西瓜，一手刷着微博，而那些自控力较强的孩子，立志要在这个暑期超越竞争对手，力争提升一下自己的复习进度，所以考研辅导班有必要在这里说明一下。    报班的优缺点：          1、报班可以让大家尽快进入复习状态，对于18考研的童鞋来说，如果是现在才开始复习，相对来说有些晚，而报班可以在最短时间内，让专业的辅导老师帮你看清目前考研的趋势，分析自身的情况，详细了解各方面的准确信息，最大程度减少考研复习之外的时间浪费；           2、对于基础相对弱一些的学生来说，报班后，有老师领着过一遍考试的知识点会加深对知识点的理解，也可以学到更多的应试技巧，答题思路等等，这些对于考研来说，也是非常重要的技能；           3、对自己来说，辅导班的老师会更能抓住考试的重点，更熟悉大纲的新增点、删除点等等，最大程度地让自己少走弯路，辅导班的老师是众多前人经验的集合所在，能在大家对知识点比较迷茫的状态下为大家理清楚知识框架，标出重点详略，提高学习的整体效率。          4、其实报班会让大家无形中多一些信心。这话真的不错，因为其实很多学生对于考研前方的路并不是都十分清楚，对考研真正的了解也非常的有限，在漫长的备考过程中可能会遇到各种各样的棘手问题，对于有些学生来说，辅导班的老师和童鞋都可以提供必要的帮助。很多时候，选择一种方式去增强自己的自信心，未尝不是一件好事。      当然辅导班也存在一定缺点        1、考虑到有些好学生喜欢自己一个人安静的复习看书，其他人的参与很可能在一定程度上影响他们的节奏；       2、有些学生觉得考研辅导班耽误时间，在这么重要的时间观念下，他们更容易倾向于自己的一方；       3、考研辅导班费用较高，现在市面上的辅导班一门学科便宜的有几百，要是全部下来好得也得将近小一万，这么多钱，都将会报销在父母身上，而他们大多数都不愿意再向父母伸手要钱，毕竟自己已经长大了。  二师兄认为，对于考研报不报班这件事，从来不会有任何人强迫大家去报班学习，大家需要做的，就是在确定了想要报班之后，请认真了解各方面情况，选择适合自己的那个，然后利用好这个优势，踏实学习，巩固牢基础。  你们当时在面临报不报班的这个问题上时，都有过哪些担心、焦虑？可以私信给二师兄，二师兄会收集大家的症状，对症下药。    （二师兄微信号：fayan-laoshi QQ号：879641871，请大家学习累了，放肆骚扰，师兄欢迎你们    ）  
中国政法大学法律硕士相关问题？,感谢邀请，看到已有回答不是很全面，也没有很切中你问这些问题背后的关注点，因此，迫于强迫症，还是抽空回答，希望能带来帮助。  1.中政的法律硕士会受歧视吗？ 这个问题已经被很多同学反复问，这是很多报考法硕时很担心的问题，在此深入回答一下这个问题。 之所以会被歧视分析原因如下：  第一， 部分普通院校法硕教学质量差，造成大众对法硕的看法有偏颇。 法硕应该有严格的培养方案，然而有的学校把法硕生直接和本科生一起上课，不单独授课，这样的教学下的所谓的法硕不过是本科生的双学位罢了，就像广西师大（不知道现在改革了没有，两年前是这样），这样普通的学校对于法硕的培养真心不敢恭维，因此造成大众的偏见，认为法硕很水，没有水平。  第二， 法硕的产量多，国人以物以稀为贵的逻辑看待法硕生， 致使法硕人才一般情况下不受到重视，这源于法硕在人才市场上并非稀缺资源。  第三， 法硕生源与法硕生报考法硕初衷的先天瑕疵以及法硕院校的培养不到位。 以及培养院校法硕的生源大部分来自二本院校或者二流的一本院校，在这样的院校中度过大学四年，如非个人在本科大学中很努力去奔跑，那么在大学四年下来其实所学到的东西真心是有限的，记得一个同学在毕业论文写作的时候，错别字连篇，遣词造句漏洞百出，即便是复制其他人文献的文段的时候竟然保持半角的标点符号，她当时让我们导师气的。再者，大部分选择法硕的初衷是为了改变大学不喜欢的专业或者圆名校之梦，但从某种角度上说，这偏离法硕制度的初衷：  法硕制度初衷在于 培养高层次实践型人才与复合型法律人才 ，这意味着其实法硕生是不能抛弃自己的本科专业的，而应该对自己的本科专业加以结合，然而一方面基于选择考法硕的人本身就不喜欢自己本专业的学科，另外自己本专业学科也不扎实，加之大部分院校对于这方面缺乏引导或者缺乏有效的引导，导致法硕离制度初衷越来越远。当然，也有一些学校对于法硕的建设相对比较好的，比如中国政法大学，北京大学等。  第四， 大众将专业硕士与学硕的无效对比，如同拿轿车和越野车比哪个好。 专业硕士的培养与学术型硕士的培养其实是有着诸多不同之处，专业硕士是实践型人才，复合型人才，而学硕是学术型，专业型人才，二者在社会中的分工是不同的，一个如同越野车擅长户外，讲究户外越野的乐趣，而一个如同轿车，擅长城市道路，讲究舒适性。法硕更倾向于实践，法律的生命不在于逻辑而在于经验（实践）；学硕更专注于学术型研究，倾向于理论研究，研究法律的逻辑。关注的领域不同，自然不能等量齐观，然而，大众喜欢『一视同仁』。  总而言之，存在的自然有其合理性，要么的确是现实不尽理想，要么误解与偏见横行。所以歧视色彩在所难免。这些造成歧视的因素可分为内外因。外因你无法改变，但是内因你可以去面对并作出努力去改变，改变好了得到应有的重视是必然的。 具体建议如下 ： 首先， 择校的时候尽量选择名校，一线城市的学校 ，这可以有效避免成为『本科双学位』。其次，自己在大学四年务必不要随波逐流，荒废大好光阴，即便本科院校师资氛围实在有限，也 应该不断努力的提高自己，自己学习法学相关课程，自己训练自己的思维 。另外，自己的本科专业不能全部落下，你可以不喜欢你的专业，但是你不能对你自己的专业一无所知，至少应该保持在中等水平，等考上法硕之后可以将法律结合自己的专业， 回到法硕制度的初衷来 。最后，考上法硕后，一定要好好利用这三年认真扎实法学的基础， 用好平台的资源，不断的提升自己各方面的能力 。   倘若你是中国政法或者北大法硕毕业，你以优秀毕业论文，国家奖学金，三好学生，在著名法学期刊发表刊物，优秀毕业生等等能够证明你自己实力的方式给出一张与众不同的名片来，我想大家肯定是会佩服你、认可你，而不是歧视 你。所谓，事在人为，便就是这个道理吧。     针对你的问题：法大的法硕生含金量非常高，不会受到歧视，反而很受市场的欢迎（一个同学考上了北京的法院，最后为了更好的经济收入放弃了，法院反复给他电话，希望能留下）。如果遇到用人方需要学硕型人才，那就另当别论，需求不同而已，不能说是歧视。不断提高自己，某种程度上也能具备学硕的功能，也会很受到青睐。   2.中政法律硕士有导师吗？要提前联系吗？  法硕实行 双导师制度 ，即 校内一个学术型导师+校外一个实践型导师 （法检系统法官检察官、知名律所的大律师）。   校内导师是双向选择 ，研二学院会让你选好毕业论文的方向，你选好之后学院会公布可以选择的导师名单，你填写导师双向选择表，导师选择表你可以选择三个导师，学院提交给你所选择的第一导师，如果他接受你，那就配对成功，二三志愿无效，如果第一志愿无效，就把你的推荐给第二个导师，以此类推。校内导师主要任务是指导你完成毕业论文的写作，如果导师比较厉害的，会带着你做项目，做学术研究，会主持读书会带你一起阅读法学经典。   校外导师是学院统一分配 ，你分配到什么样的导师纯属运气了。有些人分到最高人民法院的法官或者检察院的领导，或者知名律所鼎鼎有名的大律师，这纯属缘分，顺其自然。校外导师负责你法律实践上的疑惑，一般能够带你去他的单位实习，带着你参加法律实践。我当时校外导师是北京市检察院的一个处长，因此我在北京市检察院实习了三个月，深入了解检察院的内部运行机制与检察院的办案思维，处长有大案子的时候带我一起讨论，讨论完后还会纠正我的一些幼稚的想法和不专业的思维，受益颇深。   校内导师的选择基于你的需求，你可以去做准备。在校内导师的区分上，有一些是纯学术的；有一些是有很多社会法律项目的。如果你喜欢纯粹研究学术，喜欢学术大牛，那么可以查询大师的课表，然后去旁边他的课程，下课后去自我介绍，问问题，多听几次课后自然熟悉了，就要一个邮箱，给老师写感谢邮件，先建立初步联系。等到开始要选择导师的时候，给他写邮件，表达你的意愿，拜师学艺，态度诚恳。做到这样，大牛不收下你都很难。也可以向历届师兄师姐学习经验，如果有现成的经验直接用，如果没有，那么就如上文所言，自己和导师建立联系。   3.法律硕士是各种法都涉及一些还是也要选择学习专门的种类，比如民法或者刑法吗？中政的法律硕士是在昌平还是海淀？  法大法硕课程分为公共课和专业方向课，第一年重新扎实基础，仅仅凭借一本分析，那离法学的天堂还有很长的距离，因此法大将法硕一年级放在昌平，那边有一些本科课程是很不错，所以在上本学院安排的课程之余，是希望法硕生能够去旁听一些法大的本科生优质课程。第一年全部学专业课。重在让你重新学习法学，课业很重。  第二年在海淀研究生院，具体位置是北三环蓟门桥。研二上学期开方向课，结合你本科的专业进行培养。下学期上法律实践课，模拟法庭，法律谈判等等。这样的培养方式由浅入深。具体详见培养方案中的课程安排：       祝：学业有成，诸事顺利！
中国政法大学法制新闻专业如何？,在法大最值得来读或者说只值得读的是法学，其他学科在学校内简称“非法专业”，看名字就知道了，得到的资源和重视都很少。本科生在法大读新闻不是很好的选择，新闻系每年招的人很少（相比于法学），100人左右，所以师资不是很强大。因为本科基本上是学基础，没有特别强调法制新闻，和其他学校的差不多，就是要修一些法学专业的学分，所以在其他比较重视新闻系的院校肯定会有更多的收获。但是如果研究生想分方向，走法制新闻方面，可以考虑来法大，法大的新闻系考研分数线简直逆天的高……
考中国政法大学刑事司法院的犯罪心理学？,犯罪心理学是社会学院的
选中国政法大学的法学系还是其他985大学的法学系更有利于未来发展？,首先，同@魏子玥Daisy的基本观点，如果你一门心思认准了搞法律，我法大的牌子是极有含金量的，客观地说，同人大、北大的法学院各擅胜场，皆是人才辈出。咱没必要抱死985这棵大树不是。 其次，给你解读一下“平台非常重要、选大学比选专业重要”这话的含义呗。高考这种筛选机制虽有弊病，总也是当前最公平合理的人才分级机制，你选一个平台，事实上是在选择大学四年所接触的人群，他们的思维方式、人生视野、行业规划对你的影响与改变是不可估量的，这也是为什么那么多人宁可选个烂专业、也要选个好学校，因为大家都默认“更好的学校会有更高的分数段，会遴选出更优秀的人，会给我更好的环境”。 学习环境 这四个字可真的不是在指硬件，相信题主懂得。再说，大家不都抱着“专业可以转”这种执念嘛。 不过！ 题主想选的是法学啊！ 你都选好专业了何必去认985啊！ 那些“非985毕业生不要”的公司你真敢去啊！ 我法每年两千多人也不是考不上985才来的啊！ 整个学校一半是法学院一半基本辅修法学这氛围还不够啊！ 除了硬件太差（北京怀念青春类影视剧专业取景地）别的大学你真可以不用考虑了啊！ 除非你未来不想学法律了否则何必去个二流985啊人才素质真的有可能比不上我法啊！ 以上。
如何看待中国政法大学4月20日学生在足球场被打一事？,没怎么看。学校监管不严，操场门禁系统长期废弃不用；保卫处保安光顾着司法考试和考研，战斗力低下；社会人士在校园内飙车司空见惯；所有警示标语形同虚设。这种管理水平早该出事了，不出事才奇怪。
中国人民大学，中国政法大学的法学研究生出国交换的机会多吗？,本人法大研究生 交流机会是很多的 但首先需要你有合格的托福或雅思成绩 交流的学校不算很牛逼 但也还可以吧 有个别的好学校（世界前20）交流是需要交学费的
在中国政法大学梅二生活是一种怎样的体验？,作为一个在梅二六楼已经生活了快两年的girl，必须怒答此题。 --- 首先，梅二是宿舍区里最好找的楼之一。今年大一新生开学的时候，得知法学院的girl们被安排到了竹二，绕着宿舍楼去狂转n圈的我依然找不到竹二在哪儿！（要知道我刚入学的时候找格物楼都能找半小时hhh）。每次和盆友吃晚饭，一起走到拓荒牛的时候，男生们友好的表示要送女生回宿舍，我都会手一扬果断拒绝，指着十米远处的宿舍门说，这就是我宿舍。 --- 其次，作为众人眼中法大CBD的梅二（其实我一直认为CBD是梅一，当我某次看到一个穿着睡衣个girl从梅一出来走了五米到了超市泡了泡面继续回宿舍的时候...），占尽了抢票的天时地利人和。各大论坛讲座大v学者，从宿舍里搬出一个凳子就可以坐等发票。每次晚上饿的要死要活，出门就是一食堂来个夜宵回去继续睡。 --- 最后，作为一个在梅二六楼（注意，是六楼！）生活了这么久的girl，一直觉得，宿舍到教室的距离从来不是阻挡我自习的原因，是楼层（手动再见）  手动艾特  @石烁  @徐子植 
中国政法大学招收法硕(非法学)的几个学院，有何区别？, 您好， 中国政法大学属于211院校，在北京的竞争力还可以。  中国政法大学是分学院的，主要是研究方向不同，考试科目也不一样。  17年的招生目录，你可以看下。其他的信息可以到厚大法硕官网-院校指南中查看。            
中国政法大学法律硕士（法学）分方向了，怎样选择？,就是按所显示的方向对学生进行专业培养
请问，华东政法的传媒法制和中国传媒大学的法律硕士，哪个更好？,中国传媒最好的是新闻学，法律硕士不过是新开的一个专业而已。要考法律硕士，所有的政法专业院校都可以考虑。
中国政法大学法英班利弊？,不太懂法英班是什么  学校三个法学院，国经民商刑司，是为了管理划分的 还有一个法学院，是本硕连读，报考志愿是除法学单独的一个 还有就是有一些法学虚拟班，不过这些都是入校后再考试选拔的 至于法学涉外，好像现在都是自招招生?  至于双学位，学校有这么一个说法，双学位修法学的，还是有坚持下来的，法学双学位其他的，绝大多数都放弃了
中国政法大学法学本科均分85，雅思7，学生会主席，能申伦敦政经LLM吗？,我想知道你是怎么考上的
本人在中国政法大学读书，毕业想去美国读LLM，然后考完NYbar，之后回国工作？,有跟你经历一样的学长分享经历，订阅号 实习鸟 微讲座 周日上午
请问中国人民大学和中国政法大学的法律硕士(非法学)选择哪个好？,虽然我是法大的，但还是要说，肯定人大好啊，不过人大面试要比法大严，如果求保险就法大吧。
中国政法大学的法学专业怎么样？,看到专业排名第一，地位圣上钦点那句话我就笑了。 先说专业排名第一的问题，目前来说官方的排名，教育部学科评估止步于12年，那时候法大并不是第一。估计法大学子很多是不服气的，但是私以为在众多排名中教育部的排名应该是比其他的排名更可信的。再说QS排名，法大排在清北人复交后面，位列大陆第六，这个你可以说是因为法大在国际上的影响力比较弱，从这个方面看，法大也不是第一。专业排名这玩意，好多排名连排名依据和计算方法都不说，显然是想当然的。不提排名，按脚投票，很少听说清北人复交考研来法大吧……大家都不傻…… 圣上钦点这句话更是思之令人发笑，一所大学的地位怕不是一句钦点可以奠定的。一直以来，钦点的话是法大是法学教育的最高学府，这也是当初成立法大的目标，在我看来法学教育的最高学府和法学最高学府是不一样的。法大在大学行列里的意义就在于培养政法队伍的人才，而且是大量的，成批量的输送，属于培养法治中国中层力量的大学。其实说白了就是够用就行。 至于说水平如何，这就见仁见智了，清北也有很多学科不是第一，原因在于评价体系不同，举全校之力办一个专业显然要比别人一个院单干优势大，例如发文数量，承接项目数量啥的，这自然会影响专业排名，人数多有利有弊，最明显的就是导致法大学生的质量参差不齐，几百个人一个老师教，得很努力才能脱颖而出吧，也很难做到因材施教。 这几年理工科大学工科反哺人文，进步很快，财大气粗，可以挖来很多名师，提供很多机会。据我所知北航的文科提档线都可以和法大相比了，以后这些有钱的大学会迎头赶上吧。说起圣上钦点，圣上曾两次去中科大，这岂不是更钦点？
请问中国政法大学本科宿舍条件怎么样？有空调吗？,宿舍条件确实很很一般(￣▽￣) 但是都有空调和暖气，空调是去年还是前年新装的？（记不清了），所以效果很好啦  大部分宿舍都是六人间而且是上下床，有部分上床下桌的四人间不过很少，法学专业的同学基本上都是住六人间，因为法学专业人太多了而四人间太少，非法学的同学运气好一点可以分到四人间。  澡堂是公共澡堂，每天中午和晚上两个时间段开放，男生人少一些略好，听说女生因为人多 有时候要在浴室排队等。  校内有两个食堂和一个教工餐厅，食堂以基本伙食为主，也有麻辣香锅、烤鱼、冒菜等；晚上有宵夜吃，不过只卖到十点；教工餐厅的小炒味道还不错、价格也实惠。  学校每晚十一点寝室断电，部分寝室也断网，不过校内无线网不会断。  学校很小，但人都很好 学习氛围也很好
关于中国政法大学，请随便说几句印象？,说句实话，在法大这是第五年了，有一些学习生活中的不好的东西让我对法大的印象整体偏向负面。这不是说就业或者走向社会的迷茫带来的，而恰恰是法大所谓的精神和环境，有一些容易被我们忽视的弊病。如果有时间我再详细说说吧。 另外，我觉得法学的就业在文科里真的算比较不错了。  深夜失眠，索性写一部分看法吧，就对我上面提到的问题详细说说。 首先要说一下我最不能容忍的事。前两天听闻商学院一名辅导员不幸因病去世，我心里只是这么想:该走的没走，不该走的走了。下面就要说一下本人的亲身经历。本人以前的学院，其他关于评优、评奖学金的黑幕我只是听说，在此不做评价，但关于评助学金的事本人曾经参与，有一定的发言权。在这个学校，有些学院评助学金不经过任何程序，完全凭借辅导员个人的权力定夺，最终导致的就是一个很有意义的助学工程沦为了利益交换和权钱交易的勾当，每年我们院都会有贫困生名单的变动，但是有些人家里明明开着三十几万的车还在领取最高额的助学金，而且不会被换，而有些真正家庭贫困的学生则因为没有疏通关系而被降低等级甚至在变动中被直接拿下，可笑这位辅导员还是我校毕业的。当然我本人并不是贫困生，与这种事情没有利益关系，但是我这个人眼里容不得肮脏，对于这种事我是深恶痛绝的。从这种事就可以看出来，不用出校门，学校里一些肮脏的事情就可以把法大人津津乐道的“法治天下”击的粉碎。这也一定程度上说明了这个学校所灌输的精神不仅是封闭的，甚至可以说是虚假的，很多事情并不是老师在课堂上坐而论道的那样。 其次是所谓精神世界。学校所提倡的价值观，让我联想到我最喜欢的电视剧里《大宋提刑官》中的台词“冤屈必须伸张，杀人就要偿命。”言下之意就是我们培养的学生理应把公平正义当做毕生追求，这是对的，也是无可厚非的，但是过于单纯。在中国这个五千年专制积弊根深蒂固且肉食者日趋保守的国度，我们这些把法治内化为信仰的理想主义者必定要遭受长时间的精神苦难。王涌教授在毕业典礼上振臂高呼号召大家争当勇士，痛斥邢队长这样的“败类”应该回到母校抄宪法。但时值今日，那件轰动一时的雷某案却愈加扑朔迷离，民众没有捍卫权利的忧患意识，顶层改变的迟缓和疑虑，我们学法律的人还有很长的路要走。太理想化了，太单纯了，要么就是在现实中碰一鼻子灰郁郁不得志，要么就是一头扎进酱缸同流合污，只有极少的人会存活下来继续前行。 再说学校的风气。诚然，我校学生的努力程度和知识水平都是毋庸置疑的，但近年来不得不说，在资源的严重匮乏之下，学生的功利化和戾气越来越重了，身边有许多人对于读研和拿奖的偏执令人诧异，似乎不读研不拿奖就人生无望一样。可能会有人拿学渣安知学霸之志来堵住我的嘴，但客观来说，这种心态说明了我们被成功学和精英文化裹挟了很久，有时甚至把成功的路径人为的极端化和窄化，常见的大概两种:1.本科阶段必须得社团达人＋保研否则就是白过。2.不出国或者国内名校读研都是卢瑟。这样的功利化风潮让法大似乎更多的体现的是重压之下的忙碌与凄凉，与别的学校的多彩世界相比确实太过单调。 最后就是非法学专业在这个学校，我看了我以前那个学院的就业情况统计，怎一个惨字了得，这个学校除了法学专业大多是纯文科专业，就业情况本来就不容乐观，除了公务员之外能够直接就业的路径极少，但学校从来没有真正重视过这个问题，公务员考试毕竟竞争激烈且现在很多人其实并不想进入体制，而学校手上的体制外资源质量不高，甚至某就业指导中心主任就说了:“非法学专业就业学校确实无能为力。”相比于就业的现实问题，我觉得在校内之间因为资源分配产生的法学歧视非法学都是微不足道的，就业难就业差才是压垮非法学专业学生的最后一根稻草。 当然，还有一些事情说来话更长，有空咱们接着唠唠。  ————————————————————分割线———————————————————— 究竟和种方式的爱校才是真的爱校？也许题主认为，真正的爱校就是说母校的好话，把母校的优点和长处一股脑如倒豆子一般洋洋洒洒，让人如沐春风无不向往，但恕我不敢苟同。作为法大人，我们应当做的是卫道士，而不是鼓吹手。当法大有做的不好的地方，我们就应该毫不留情的指出并坦诚的说出自己的见解。但如果有一天，社会运动的洪流席卷而来，“砸烂公检法”、“取缔政法院校”的风波死灰复燃，我们应当有勇气用生命捍卫法大的一切。士当如此，方显法大学子本色。 法大如今的问题恰恰在于很多人有着如题主相同的思维：本能的排斥着负面的消息，自己本身主观的过滤了很多信息，去维持一种表面的繁荣，殊不知粉饰太平恰恰是对法大精神最大的亵渎。就这几年而言，人才流失和资金匮乏已经成为法大最大的两个软肋，更遑论官僚主义和功利风潮对法大精神的侵蚀。去年在微信上看过相关统计，法大去年一年的财政收入仅仅为2600w左右，其中校友捐助仅为15w，校友捐助的钱款数目和占财政收入比例甚至不如一些地方上的二本大学，这说明法大校友都是清贫的吗？不是这样的。诚然，法大校友多数都供职于公检法系统和科研单位，但律界校友在法大也是有相当的势力的，上海金诚同达的主任是法大校友，五大顶级内资所、大成、汉坤等一流内资所，合伙人级别的律师法大人超过一半。炜衡、兰台这样诉讼业务出众的律所，自上而下基本都是法大校友，但是一年的捐助数额为什么如此刺眼，这背后恰恰反映的是表面的太平之下，一定程度上我们的学生和母校已经有了离心离德的趋势，以人为本的法大或许在市场经济唯利是图的大潮下已经式微。这不得不引起我的深思，也需要我站出来把真像说清楚。
浙江的学生想考中国政法大学竞争大吗？,竞争率高不高这个问题不好说，我也了解了下浙江的新政策，感觉是很好的事情，有学法的想法的人一定会考虑法大，同时肯定不会把法大法学放在最前面。这样的话被法大法学录取的人他们的水平应该是很相近的，所以题主最大的对手就是自己了，只要提高自己的知识水平，法大法学肯定是不难的 至于就业率，只能说如果不是清北的，法学的就业率都比较惨。我认识的同学里有很多学法的，北大人大法大武大西南政法都有，目前来看大部分是考研，有一个北大的辞去工作准备出国考试，有一个去了南方的法院，工资只能说够用。其他的都考研或者推免了，准备继续深造。 目前来看法律圈的学历门槛正在不断提高，尤其是律所，司考400➕和名校硕士是标配，更不用说有很多还偏爱有外国学位的。可以说，选择了法学专业，就是选了条不好走的路。那么能带来什么呢？顶级律所确实在涨薪，现在就行起薪两万的说法，但是据我的观察，普通律所涨薪幅度不大，如果考虑到物价和通胀，薪水可能实际在贬值。和其他行业比，法律行业应该说吸引力不大，所以如果题主没有特别的爱好，信仰之类的，不要轻易入坑呐……
中国政法大学法律硕士怎么样？,谢邀，中国政法的法律专业是相当牛掰的，全国排名前三没有问题。学校名头在普通人眼里可能不及北大，但是政法圈的人相对更认可中国政法大学以及人大。 如果你是跨专业，难度相当大。不知你政法大学有没有资源，还有你基础如何，所有跨专业的考生我都建议提前联系导师。如果想降低难度，可选择北京科技大学，北京交通大学等。如果你有信心去政法大学，就全力准备。找工作的认可度绝对没问题。
中国公安大学中国政法大学研究生入学体检有纹身可以吗？,法大研究生入学体检比较随便，不需要脱衣服，没关系
说说你们都是怎么考上中国政法大学的？, 那年夏天，我高二。  那是生死攸关的时刻：  文理分科。   针对自己既往的成绩单，  我进行了缜密的战略分析，   着重考量了三点因素——   1. 我数学好。   一般选文科的，数学都烂透了，  我可以碾压他们！    2. 我历史好。   什么中国史、世界史的，  我初中就看完了，  碾压他们！        3. 最要命的。   当时的化学老师，  太！变！态！了！  他净找变态题考我们，   对我这种自尊心强壮的人来说，  不及格这种事情，   所以我选了文科。   毕竟我是一枚男生。  然，  鹅，  很快我就后悔了。   鬼知道，  我的语文竟会如此之烂。  所有摸底考，   语文从来没有及格过……    我认真总结了经验教训：  语文考试是2小时40分钟，  我都是90分钟蹭蹭答完，  然后开始检查，  然后，把对的改错了……  次次都这样。   但我是个好学生，  每次还是想检查，  所以，我每次都不及格……   所以高考语文那场，  我做好了最坏的打算。  我非常淡定。   考试这天很热，  上战场前，  我还悠悠地吃了半个西瓜，   最后写到作文的时候，  西瓜显灵了！  我腹部那个肿胀，  憋得我满脸通红，  快尿裤子了！   我拼命写啊写啊，   赶紧写完作文，  提前交卷！！！  冲进厕所的瞬间，  那叫一个爽……   不，  过，  成绩终究是要下来的。   成绩下来的时候，  我略微有点紧张，   但！  是！  我的语文不但及格了！  还考了全班前三名！   我爱死那半个西瓜啦！   二十多年后，  我回过头看，  这事就像一个笑话。   但不好意思，  这，  真，  是，  真，  的。  愿这半个西瓜君   保佑大家考进喜欢的学校 
中国政法大学有望入选双一流吗？, 先搞一个一流拿手里。  等我出人头地了，我要给法大捐一栋大楼，国际法学院挂搞一个冠名仪式“一流”，教材用哈佛的一年光学费就得几万美金，再建一所美国诊所儿，二十四小时候诊。 
在中国政法大学就读是怎样的一番体验？, 借用豆瓣友邻的一句话，爱校婊，自干五和德吹，国学小清新之间有着巨大的交集。   先讲段子---- 我入学那年，校长黄进在学校礼堂说：“为了更好地与年轻人沟通，我在暑假阅读了哈利波特七部曲，霍格沃兹的办学理念值得本校借鉴。” 台下学生大为欣喜。 接下来他又感慨道：“一所伟大的学校。无论是闹鬼、学生死亡、老师死亡、学生家长遇难、校长被杀还是被暴徒冲击，都不能阻止它每年按时开学。”  关于【霍格沃茨梗】 贵校别名“昌平司法考试职业技校”， 该校仅有两个专业：法学，以及“非法学”（其他专业的合称）， 而法学专业又分为4个学院，分别是：法学院、民商经济法学院、国际经济法学院和刑事司法学院。 据说全世界将 一个专业分为4个学院 的学校只有两所：贵法，以及霍格沃茨魔法学校。  跟霍格沃茨一样，这种区分仅为行政管理之便，四年中，这四个学院的学生学习的课程几乎完全雷同。 硬件设施方面，跟霍格沃茨差别可观。在北京的剧组拍八十年代的影视剧直接拉到贵法来就行，布景都省了滴。   下面是黑材料 中政法的每个学生大概都不会对如下话语体系感到陌生：“一生一世法大人”、“本校是法学教育的最高学府”、“挥法律之利剑 持正义之天平” 。法律代表着正义、法律人就是（或应当是）正义使者，“利剑”、“天平”具有强烈的符号色彩，话语背后的权力跃然而出。  如果法律真是一柄利剑，那么，持剑武士和剑锋所指的人不会是同一人。  有人戏称，中政法的学子，一半的人在抓另一半的人；还有校友录变狱友录一说。list就不贴了，屡屡被知乎审核，只发一个，当段子博诸君一笑。   曹wen庄，药监局司长，2005年获中国政法大学法学博士学位，论文“受贿罪的构成要件”。犯受贿罪，2007年获死缓。 【这不是段子，百度百科：毕业院校：黑龙江省商学院中药系 信仰：ma lie主义】  方流芳教授说，校（狱）友录里面，本应添加上王li军，他已经被提名为中国政法大学博导，只是在中国政法大学学位委员会会批准提名之前，他就走进了美国领事馆，又从那里走进了监狱。黄松you曾经是4-5所名牌法学院的博导，21世纪中国法学教育界共同的审美观留下了许多发人深思的问题。  法律人学坏与法学教育 陈忠林教授认为：中国法学教育对法律人学坏负有不可推卸的责任 。  法学教育的沉沦，主要表现在三个方面：  1. 公立法学院的营利冲动   从上个世纪末开始，大学的每个学院都赋予了“创收”的职能。要而言之，创收就是把灌水学位销售给那些不可能通过入学考试、不可能完成学位课程，但又需要学位的人，于是，为这些人量身打造的“博士研究生课程班”、“在职研究生班”、“专升本”、“在职法律硕士班”如同雨后春笋，除极少数例外，几乎所有法学院、系的名称都和这些“创收”项目的招生广告结合在一起。  在昌平区，挂有“中国政法大学”招牌的场所当时有28处之多，以至当时流行一句话：“如今，不是中国政法大学在昌平，而是昌平在中国政法大学。”   2. 法学教育游离于“有用”和“无用”之间   教授常常面对学生的疑问：“学这个有什么用？”“讲这个有什么用？””“既然学校课程与司法考试没有什么关系，学了又有什么用？敷衍一下，混个毕业也就得了。”这是法学院学生的一般心态。 法学教育未必与学生跨进法律职业的门槛“有用”，这也许是教育自身无法控制的体制问题。但是，如果法学教育不能证明它自身的知识含量，那就面临真正的危机了。 按照休谟的的经验主义，知识来自经验，脱离“语境”的法律概念辨析、法律条文文义解释和逻辑分析都不会带来新知，只有将法学概念、法律条文和它们适用于具体情形的推理过程结合在一起的时候，才可能形成新的知识。 按照这样的标准，贵法法学教材大部分已经“去知识化”了。   3. 法学教授身份的多样化和师生、同学关系的朋党化   当任教只是教授若干职业之一的时候，法学院作为一个知识传授和生产机构的能力大大削弱，法学教育的品质大打折扣。学生在教授开设的律师事务所“实习”，学生为教授撰写“法律意见书”，学生为教授介绍需要法律服务的客户，这是当今流行的师生共同经营模式。学生毕业进入法院、检察院之后，放下身段请托学生的法学教授也不乏其人 。 毕业之后，“校友”属于“人脉资源”。学校看重那些权大钱多的校友，把他们罗织到学校“董事会”，组成一个常来常往的俱乐部。“党委领导下的校长负责制”和“董事会”和谐并存，构成了中国大学治理结构的一道独特风景线。  在中政法，校方公共关系的方针之一是“牵手富校友”  ，“牵手”颇显浪漫，在闽南语，丈夫称妻子为“牵手”，大学青睐富校友，与之“牵手”，这确实很时尚。    但是还是有一些很棒的地方，窝的就读感想是各人选的老师对自己应该影响挺大的，尽责有水平的老师启发性很高，在每所大学应该都一样。这是各人自己的经验感受。我不是理客中，并且本身对于“在x大就读是怎样一种体验”这种题目就抱有一种恶意和歧视~    最后说一下“法大”这个称呼。  如果说“法大”是“政法大学”的简称，那么，华东、西南政法大学等都可以是“法大”，名称的独特性无法彰显。 中国政法大学的构成要素是三个名词（中国、政法、大学），取三个名词的某一音节构成简称是妥当的，比如中政法，中政大。 不过学校似乎有章程要求叫“法大”。  “法大人” 这种想象共同体，这种存在，得益于群体的普遍低智商。 或者说低智商容易没有主见，很随便就变成想象共同体的载体。 你把灌输奉为圭臬。在这里是接受特色射秽主义法理学教育的法大人，在中国就是“山河犹在现世安稳”的宅傻，在欧洲即是白左。    最后，你们用你们阿米巴原虫的智慧感受一下，伪共同体身上可怜的归属感跟【自干五式/波士顿人帝国梦】 #有什么区别# 
如何评价中国政法大学的音乐老师张瑞丁？,社团里的都说他有毒，很杀
如果致力于搞学术研究的话，法硕是选择复旦还是中国政法大学？,不想太多，考研问题大二下再考虑吧~
南开大学金融或经济类和中国政法大学的法学实验班哪个好？,其实去上财的统计挺好的。 目前来说金融行业薪资最高的职位都要求有数学或者物理背景，反而对金融本科的兴趣不是那么浓厚。
在中国政法大学竹三生活是怎样一种体验？,可以拎着洗澡篮子穿着睡衣去食堂吃完饭然后去洗澡  以及取外卖很方便 当然每次上课都要跑着去很累
在中国政法大学读研究生是怎样一种感受？,首先，校园小。教学楼科研楼宿舍楼图书馆傻傻分不清楚，各种“混搭”与“镶嵌”。其次，食堂少，一个两层的普通食堂，一个一层的清真食堂。总体不算好吃，但是，在帝都这个真的很便宜。第三，锻炼场地少。健身房挺小，跑步机每次都要排队很久。篮球场只有两对。平时在小月河畔、北邮、北师操场都有法大研院的学生在跑步。第四，学霸云集。能考上法大的没几个俗人（本宝宝除外），都各有所长，而且，你会发现，真的有人在吃饭的时候讨论学术，真的有人在打球的时候谈论法条，真的有人在跑步的时候探讨出国留学…哦，对了，在研院说自己只会一门外语是会被鄙视的（本宝宝被鄙视多次了，现在努力学习二外中）。第五，老师真的很好。课堂很开放，随时可以提出自己的看法，老师很鼓励与自己不同的看法与观点，并且希望在不同的基础上写出东西来。第六，可以随时见到各种大咖。说不定哪天在食堂你边上坐着吃饭的就是某法学大牛，指不定在篮球场上你过掉的就是某学院院长或某领域著名教授。第七，感觉真的非常棒，能作为一名政法的研究生，总有种自豪感，总充满着满腔的正义（虽然我不是学法律的）。第八，那就是非法律的学生感受到深深的专业“歧视”。本宝宝作为政治学方面的学生，参加了研院举办的几次有规模的全国性大活动，他们都默认我们都是学法律的，觉得法大完全就是“法律学校”，平时跟一圈朋友聊天，也感觉自己“置身事外”，就是这样神奇的体验。 总之，硬件上有所欠缺，但是感觉炒鸡棒。先说这么多了，后面想起来再补充吧。   11月20号更新。 有些同学问一些问题，这里统一说一说吧。 一，关于考法大研究生的问题。如果是法大本校的，或者是其他比较好的学校的，考法大会相对简单一点（主要体现在复试，初试都在拼实力，过了这一关就可以拼出身了），但是，你能力强，法大的老师是不会刷你的，谁不爱才啊。一般不会歧视出身，老师会有所芥蒂，但被录取以后，老师绝对一视同仁（也不完全绝对，看命吧，反正我导是不看出身的，哈哈）如果存在一些说不清道不明的情况，那是少数，最好不要以偏概全。这是做复试的面试秘书的直观感受。 二，关于考研书目问题。法大老早就不指定书目了，这是教育部要求的，所以就找各自专业的师兄师姐问吧，如果说的不全或不准确也正常，毕竟，不指定书目，大家用的教材可能会有出入。不要因为不同的人说了不一样的书，就觉得有哪个没真心说，其实并不是，比如我这个专业，在外交方面的书目使用上，可以说是“五花八门”，但是核心内容是一样的。 三，说点与题相关的吧。学校确实小，资源相对少。但是法学方面资源还是挺多的，我指各种交流、实践、奖项等。而非法学的，资源相对少很多，比如出国交流、大型会议、奖学金项目、学术论文项目等。总的来说，资源必然不会全覆盖，也是要有差异化和竞争性嘛。但绝对不会出现完全没机会得到的情况，没人能一直包揽各种奖项。对于资源的争夺，其实哪里都有，有人的地方就会有。对比我的其他学校同学，觉得法大还算比较好的。 好吧，累死了，下次再更。
中国政法大学本科法学专业学生是否会再次被分流？,有两个实验班，涉外法学人才培养实验班和法律人才培养实验班分数高一些，剩下的法学都一样
选择人大公共管理/社会学/国际关系还是中国政法大学的法学实验班？,不多说，选我校无疑，你不会后悔。
中国政法类大学司法考试通过率是多少？,中国政法大学，08级法学本科 2011年司法考试（好多年前的事了。。） 当时我们班的通过率是75%。也就是没有几个没过的。 我们那年，法学专业的班级，通过率差不多都是70%～80%吧。然后还有很多非法学专业的同学也来考，全校的通过率60%。 这几年的情况貌似也差不多，还是这个数。
中国政法大学有哪些比较有趣的课程?,哈哈~~这道题真心要答！  法学类 1.法学专业必修课 最有意思的就是刑法课！无论是刑总、刑分，在三四百人的大阶梯教室里，总是可以引起全员探讨，包括故意杀死进行到哪一步？强奸罪应该以哪种学说作为定罪依据，嫖宿幼女罪是否该废除等等。即使在炎炎夏日，也总是有没抢到课的学生搬着小凳子、甚至坐在窗台来听课的，好不热闹。 首推方鹏、罗翔两位欧巴！理由是颜值高、学术功底扎实、对学生教学态度好、课堂生动不无聊。 2.法学研讨课 法理学堪称法学类研讨课的灵魂。很多同学觉得法理无聊，有的法理老师又过于高傲，甚至包括为了就业考虑，很少有同学选择法理类研讨课来上，但是相信我，选了绝对不后悔！法理学其实是各个部门法的基础，在法理的基础不扎实的情况下极易出现墙头草现象，对某一法律事实背后的法律关系及其牵涉的利益、设定的初衷无法准确把握，会出现很多让自己感觉是悖论的情况，而一旦学习了法理，虽然你还是得不出一个确定的普适答案，但是你至少能确定自己是哪个主义者，并为之做有理据的辩护。当然，思考和讨论的过程本身也是相当有趣的，大学四年感觉智商得到最充分使用的一个学期！ 首推范立波，没有架子，一副80年代清贫学者的清瘦姿态，戴副黑墨镜好像罗大佑；师承邓晓芒！！！ 3.法学实务课 无论是律师学、非诉法律实务、法职都是站在具象的层面上将法理进行细化的探讨和落实，对于懒得上法理的同学来说，是个有趣的补充。 首推郭晓飞、袁钢师兄弟，年轻，但是学识不低，备课认真严谨，课堂有活力，深入浅出，颜值高。 4.跨学科课 法律经济学！学法的同学大概都知道德沃金和波斯纳之争，在这场争辩中也大抵都是德沃金主义者，我是少数的波斯纳主义者，源于我在法经济学课程上得到的启示。法律不是万能的，甚至不是道德的，这一点，需要被更广泛的认可；正因如此，法律在真正应用的时候该怎样更好的发挥它的作用呢？从经济学的角度切入，无疑给了法学生当头一棒和新的灵感。我并不是说这就是对的，而是更宽阔的视野可以让思考更深入。 首推徐光东（如果没记错名字的话），包括柯庆华、张卿、黄立君、徐光东，我上过四次这个课，比较之下，只推荐徐光东。  非法学类 1.历史类 中华文明通论、西方文明通论等，这些课因为是学分要求必须上的课，很多人就很不珍惜，但是呢，不仅串讲名师荟萃，而且历史本身就很有意思嘛~~除此以外类似法制史的选修课，近现代人物评析都很不错。 2.哲学类 周易概论！是时候搬出这个课了，法大独有。名师刘震，其父刘大钧，按理说我都不该再介绍下去了。讲课呢？想听玄的故事，有；想学卦爻，有！关键是考试，可以带书、带带手机、带电脑甚至...带外援！！！ 3.电影中的历史 实在不知道这个课该怎么归类。先说老师--杨玉圣，法学院空降教授，唯一一个非法学教授。就单单在老师课上完整的看了赛德克·巴莱一事就值得推荐这个老师。三观正，但不是又红又专。上课呢就是看电影，下课反倒多，要选片，看片，看影评，写影评。不才当年影评拿了第二名，老师要我修改后发表，我懒啊... 4.社会学院的越轨社会学、犯罪心理学。先说老师--马皑，这是那种不仅非本学科学生追捧，本专业学生也挤破头要做他研究生的老师，口碑可见一斑。我有幸做研究项目师请老师做导师，大赞阿！但是老师身体不好，现在想上他的课就是看天咯~书归正传，你想知道人性的极限在哪里？听听看，一点都不远，你随时可以变成恶魔，这个过程真是细思恐极。  以上。 利益相关：法学院，爱好心理学
南京大学和中国政法大学的法学该选哪个？,刚好有一个同学在南京大学学习法学，我在法大学习法学，我把我的感受说一下吧。 在认可度上其实差距没那么大，律师这一行其实有点英雄不问出身的味道，我见过很多律师本科不是所谓的清北人法贸，研究生是清北人法贸，做的也是风生水起，主要还是看实力，南京大学的本科学历绝对可以傲视群雄了，将来你实在想做律师想去清北人的话，南京大学的本科学历不论是考研还是保研都是加分项。 说到保研我就想多说几句，在南京大学保研比法大容易多了，因为是985，法学院人数又少，我那个同学绩点不是很高也保研了，南大的学生保研到清北人复交浙的话机会还是不小的。即使保本校，据我所知南大也有不小的吸引力，比如它的中德研究所，和哥廷根大学两个培养，非常好。南大虽然不是专业的政法大学，但作为百年名校肯定够用了。 本科生三观，职业规划还没定型，更重要的是有试错的机会，在南大你的选择更多一点，转专业也好，修辅修也好，都可以尝试，在法大除了学法还有什么呢？如果你发现你不想学法了咋办呢？法学没有什么值得非学不可的。 再说一句，南大的资源真的丰富多元，尤其是体制内的招聘，简直不要太高端。外加上江苏省也很有钱，去南京大学看，校园又漂亮又气派，生活环境挺不错，这一点法大没法比。 至于说法大有什么好的，我觉得性价比比较高，去不了顶尖大学的去政法大学也算是个比较好的出路，我一直觉得在武大山大川大吉大和政法之间选择比较明智，放着南大不去去政法太可惜了。
中国政法大学有哪些课程是你推荐的？,泻药，本人专业法学，所以对于其他的课程不是很了解。仅对法学课程做一定推荐。 法大的法学专业课程分为法学专业必修课和法学专业选修课。法学专业选修课又分为实务课程组，基础专业选修课，案例课程组，研讨课程组。对于选课，法大一贯地惯例就是专业必修课要求高于选修课，讲得好，给分高的老师选课人数多，比较难选到。但是对于交流生，教务处选课还是比较宽容的，基本上你想选什么都会给的。对于交流生，老师给分也是比较宽容的，一般面子上都会过得去。 对于法学专业必修课，法理学分为法理学导论和法理学原理两个课程，前者是所有法学专业必修课的开端，后者是所有法学专业必修课的结尾，宋在友老师一直很受欢迎，讲得不错，给分也好，就是口音有点重。王夏昊老师是舒国滢老师的弟子，理论功底深厚，给分也好，就是稍微也有点口音。中国法制史推荐姜晓敏老师，很温柔，像妈妈一样的老师。张守东老师也很好，只是上课不允许看课本，只允许下课自己预习。对于宪法学，鉴于宪法实践中尴尬的地位，所以老师们上课也都会多多少少和美国宪法做比较。本校很火的老师有罗晓军老师，宪法学讲了十几年，但是上课很少讲宪法，有一套自己的大哥社会理论，能听懂的很有收获，听不懂的很多年以后还是会有感悟的。王蔚老师法国留学回来，年轻老师，思想活跃，值得推荐。秦奥蕾老师据说也很好。民法学分为总论，债法，物权，亲继四个课程，前三门为必修，前三门的课程民法大家很多的，姚新华，嫣一美（两个很好的老师，马上退休，不知道还开不开课），朱庆育（物权法小王子，调去浙大），刘家安，席志国，郑佳宁，只是这些老师虽然讲课都很好，但是因为学校对于民法要求极高，所以给分也很严格。刑法分为总论和分论两个课程，传统的老师就是方鹏、罗翔，徐久生，真的很好，新老师有于冲，曾文科老师，新老师其实功底也很深厚，值得去听。程序法中民诉推荐杜闻、史飙，俞兆平，刑诉推荐郑旭（容量极大，有自己的书，给分严格），汪海燕。商法分六个课程，总论及公司法，证券法，海商法，票据法，破产法，信托法，只有第一个是必修课，推荐王涌（重历史以及理论，功力深厚），任启明（新老师，容量极大，给分极好，但是可能有点晦涩难懂）、胡俐伶（平时作业负担较重，慎重）。商法课因为有30分的平时分，所以平时作业论文展示什么的都少不了。知识产权法像周长玲和陈健都挺好的。三国法肯定就是名师扬帆了嘛，不过竞争相当激烈啊。经济法总论推荐张钦昱老师，容量极大，收获颇多，就是有点激进。行政法和行政诉讼法推荐何兵、赵鹏，张力。 因为课程太多，你只能选着上，我这样全面的介绍肯定就没有办法详细，更何况还有其他专业，以及通识课程。目前就先这样吧，有空再更。或者结合大家的提问。
中国政法大学法学人才培养模式改革实验班（六年制）怎么样？, 选择的优劣没有绝对之分，只能说你认定的道路，能否一直坚持下去。   实验班是六年本硕（法学本科+法律硕士）。与普通法学相比，最大的优势就是自入校时已经保送本校研究生，顺利通过英语四、六级，大学科目不挂科太多，这个硕士基本就能到手了。   至于这个硕士“值不值”，要各人自己掂量。按照法学院开设实验班之前的情形，平均每届350人，法学院能够获得推免研究生的资格，在40人左右。这也仅是推免资格，保研能否成功，还要另说。这至少意味着，每一级大多数同学是要直接工作或者考研或者出国的。   如果是矢志进律所，最快的成长路径是这样的：  一个不错的本科，本科毕业进外所或者顶尖内所，工作两年，去美国读LLM，考bar，在美国工作两年，回国进入顶尖律所。   这样一来，读研不读研，读本校研还是读北清研，都不那么重要；真正重要的，是你本科是否足够优秀。政法的台子，已经够了。 
如何看待中国政法大学学生在学校操场被踢野球的当地人殴打一事？,说一个事儿吧，我本科也是政法类院校，五法之一，算中政的小弟。  新生入学第一年，法理老师跟我们bb，不要跟校外人员起冲突，我们那时候是高校合并改名第一波热浪开始，校外农田千里，刁民无数。  为啥说刁民，无数次，起点在我们学校门口的公交，学生不敢坐，因为那些本地人会操着方言把我们骂起来；他们嫌我们开学放假行李拿多了；嫌我们人多了一下车厢就塞满了；嫌我们不懂他们的规矩。  呵呵。  我大学四年，无数次听老师，学长讲过，我们学校以校门为界，出去被打死是白打，拼命也要死在校门内，至少还有学校。  我曾以为师长学长们危言耸听，直到后来知道一件事。比我大三届的一位学长，因为公交上和某爷发生口角，该爷殴打那位学长，并纠结另外三人一起打他，当时是晚上九点多，没手机的年代，学长战战兢兢冲进学校，在花园被一人捅伤，学长搏命之下抢过刀子，反捅，结果是对方三个重伤，一个轻伤。我的学校在那个年代很有骨气的派出专家以正当防卫打完整个官司，连防卫过当都不认。刁民们围了校门十几天，学校难得硬气。  那是五法还归司法部的年代，学校宿舍烧了，法部第一句话是学生没事吧，第二句是重盖多少钱；相比教育部管我们之后，同样火灾，熏黑外墙，第一句话是为什么晚上不给学生断电你们要负领导责任，第二句是那个学生什么处分拿个意见报上来。  mlgb。  总之，我们进入那个学校时满怀憧憬，我们希望学校能视我们为子弟，就如同当年我心中充满对未来法治正义的热血膜拜讲台上每一位师长一般。  让走过独木桥把一生的起点压给你的人失望寒心，每一个学校都应该羞于见人。  。。。。。。。。。。。。。。。。。。。。。 茶山刘的小伙伴们大家好啊^_^  叫。。师。。姐。。
怎麼樣從中国政法大學昌平校區到海淀校區呢?,昌平线转13号，到大钟寺转公交。
中国政法大学中欧法学院接受校外调剂么？, 是否接受校外调剂，每年研招办的政策都有不同。  还请时刻关注法大研究生院网站的通知。 
有没有高考发挥失常来中国政法大学的？怎么调节心态 求教？,当初也不是发挥失常，属于正常发挥吧，但是填志愿时候没想好，感觉这个大学名字还不错。答主当时啥也不懂，再加上来自小山区，校名里有中国两个字，法学出来当公务员也安稳，家里穷怕了，有稳定的收入可以还债。于是就以过法大投档线12分的成绩来了，录取的是法学。 来的第一天我就后悔了，这个学校实在是太破太小了，陪我来的基友都惊呆了，说这怎么看都不像大学，后来我去了他大学看了看，虽然不大但是非常气派，生活环境很好。 答主没有勇气复读，父母均已年迈，我如果退学，他们又要操心一年，于心何忍。好在答主非常刻苦，毕竟来自高考大省，我决定不管怎么样都要苦学。大学四年里我几乎没有什么朋友，每天都在自习室，法大没有专门的自习室我每天流窜于各个自习室，很多次和突然占教室的学生会吵架，有时候我也会骂自己不争气，没有去一个好一点的大学。我去过北大，那里的自习室舒适，宽敞，和谐，我就想真不愧是天下英才汇聚的地方。当然我也考不上北大。 四年里大部分时间早出晚归，学习成绩很好，绩点4.8多，均分就是89多，我觉得我的苦学有回报，司考也过了430。 但是我错了，当我走出去时候才发现，我和别人差的不是成绩，是气度和经历还有眼界，当人大的学子在和学界宿儒探究法理精神时我只能啃冰冷的书本，我发现他们对法学思想尤其是前沿思想的领悟是很好的。当贸大学生在红圈所外所实习刷经验时，我在挤886去城里面试，有时候还会错过面试。导致我的简历乏善可陈。 平心而论法大不是个好地方，它在北京太边缘化，据说有利于学术，可是很多人不是要走学术这条路呀，他们要养家糊口，他们不能在象牙塔太久，他们只想要一份工作。结果法大校招很少，资源也不够，但是人又太多，处处都是急躁，不安和迷茫。 答主毕业了，找了份要死不活的工作，过来人说，不要来。
在中国政法大学当一名学渣是一种怎样的体验？,还是匿了，因为并不算光彩。 =====    如果说人生能有一次服用后悔药的机会，那我绝对会选择回到填志愿的那一天，把“中国政法大学法学专业”从我的第一志愿中删去。  你要问我那时候到底怎么想的，其实四年了，我也不记得当时报法学是个什么想法，可能是疯了。  我第一次认识到自己是个学渣是大一的时候。 有一门非常重要的专业必修课，我除了社团活动和生病几乎每节课必去，上课认认真真记了笔记，备考认认真真复习。结果考试试卷一发到面前，我心底一沉：完了。居然有这么多我不会的，有这么多我只能写个思路却给不出结论的题目。这门课几天后就出了成绩，挂了。 很难形容当时我是什么感受，只能说没过多久我就得了抑郁症，学业上、感情上、家庭上的失败交织在一起，很长一段时间我都活在自我撕扯里面。  我父母对我有很高的期望：高考考砸来到这个学校，似乎没有任何理由会学不好，但我就是根本学不好。我看不下去书，上不下去课，不想参加任何活动，更不想看任何关于法学的讲座、比赛，期末了就赶工一两个月，勉强将自己的成绩维持在中等水平。但我怎么好意思跟父母说这些呢？于是我编造谎言，让自己看上去很充实、很勤奋，跟高中一样从来不用他们操心学习成绩。 我不仅欺骗他们，我还欺骗自己，在知乎上找一些法学问题回答，假装自己对这一话题很有兴趣。 然而现实是：我比起那些厉害的人，差得不是一点半点；那些知乎问题，都是翻翻教材抄抄书就可以回答的简单问题。  我知道是自己不够努力造成的，可是为什么我不努力？那时的我不知道，接下来我用整整两年的时间，终于得出了这个结论—— 我不喜欢法学，也不适合法学 。 因为不喜欢，所以无法全情投入；因为不适合，所以没有任何天赋。 那段时间在司考复习季，白天的时候拼命复习，试图理解并记忆那些对别人很熟悉对我却很陌生的知识点，晚上的时候，我一闭眼就陷入对未来的恐惧，害怕自己没过司考，害怕自己在父母面前虚幻的形象破灭，更多的我想都不敢想。 司考考完之后，我有一段时间每天晚上都在做噩梦，全都是有关司考分数的梦。那时候我花了好长时间终于下定决心，如果司考没过，我就跟父母摊牌，然后转行，今生再也不碰法律。 讽刺的是，我过了司考，不知道是不是命运有意惩罚我当年填专业时的鲁莽无知。  现在我来正面回答一下这个问题。  体验就是，彻底脱节。  别人在实习，在准备雅思托福，在考公务员，在考研。而你，永远不知道自己要干什么。 别人有高GPA，有奖学金，有大所实习经历，有LLM/JD，再不济还有关系。而你，手上什么筹码都没有。 别人谈论起法律问题引经据典说得头头是道。而你，回忆起学过的东西脑袋空空。  其实到这里一般会有一个励志的反转，最后的我会收获一个还算完满的结果。 可惜并不是这样。 后来又发生更多的事情，我又经历了更多的挫败，并且，我还是得选择法律这个行业。 写这么多话，一半是为了发泄，一半是为了以后走上工作岗位后再来回顾如今这段黑色岁月，不知道那时会不会彻底摆脱学渣的阴影。   life is a struggle 
现在大一，想考取中国政法大学的研究生，我该怎样准备呢？,谢邀， 你要多介绍一下你的情况啊……比如上什么大学、大一学了什么科目之类的，不然怎么帮你分析呀？
中国政法大学修双学位有很多人坚持下来吗？,双学位压力比较大，好好学。
中国政法大学法学专业报考及未来就业前景？, 政法大学法学专业很好，市场认可度高，北京第一梯队的法学院基本公认是“清北人政”。但是从高中生报考的角度考虑，政法大学有两大弊端：  一是专业有限。政法大学有非法学专业，但在学校的氛围里基本也都会去学学法律、考考司考什么的，在学校受到的多元性冲击会比综合性大学弱一点。现实的说，如果你后悔读法律了，想大跨度转专业，可能也不太有对应的院系。（参考清华法学院有学弟学妹，分别转去了物理系、水利系等等）  二是竞争激烈。政法大学本科号称有四个法学院，人数是其他几个第一梯队法学院的几倍。而很多机会比如模拟法庭等，名额是根据学校分配的，这也就带来很多不是特别尖端的机会，也会有很强的竞争。当然好处是政法大学在各大法律专业赛事以及辩论赛的成绩都很好，而作为个人来说如果不能在这些竞争中取胜，可能对未来发展不是特别有利。  你才高一，最高的可能当然是努把力更进一步，最好进清华北大，不行也冲冲人大。如果打定主意要学法律，政法大学是很好的选择，比同等分数的其他一流高校要好。   就业情况可以参考  https://www.  zhihu.com/question/2092  5426/answer/155121329     
為什麼中國政法大學、南京大學的學生思想特別封閉守舊古怪到難以溝通?中山大學、人大思想卻比較正常自由?,为什么我见过的用繁体字的台湾人都对大陆有成见守着自己一亩三分地以为得了天下看谁都跟看城乡接合部真不知道哪里来得优越感。 为什么我见过的用繁体字的日本人都温文尔雅用语文明循循善诱怀着谦逊的心虚怀若谷对于任何风言风语一笑带过涵养颇高。 扣帽子一点都不好玩。我会告诉你上面的两＂种＂人都只有一位吗？
洁癖如何在中国政法大学优雅的生存？,谢邀。  讲真，不适合洁癖生存。哈哈哈，kidding，你可能需要克服一些困难。  昌平校区澡堂开放时间：中午12:00-13:30，下午4:00-9:00，夏季是4:00-10:00  不仅如此，宿舍是六人间，答主在法大读了本硕，到了大三大四宿舍东西多到简直要爆炸，根本没法打扫，现在已经变成可以安然躺在一堆东西中间…  不过题主可以去外面租房子住，不过可能会有点孤单，和同学们有点隔离。 国教的宿舍不行啦，两人间留学生住都很紧张，还不如宿舍，宿舍的卫生间有清扫阿姨打扫，其实还蛮干净。国教反正你不会想住的。  最后，北京的学校，基本上都是公共澡堂啊，当然清华这种除外。
华语辩论邀请赛为什么没有邀请中国政法大学？,去年曾经邀请中国政法大学，但是中国政法大学弃权了（后来替补的人大打到了决赛），估计因此今年就不邀请了。
如何看待中国政法大学举办国际大学生华语辩论公开赛自己不参赛的行为？,中国政法大学学生会现任主席：  
中国政法大学双学位的毕业证书是怎样的？,已经有校友写得很详细了。因为自己就是双专业毕业的学生（汉语言文学+法学），姑且再来简单归纳一下，以原专业为非法学专业，双专业修读法学为例： 1、法大的双专业一般是五年制（有校友指出了4年就可以毕业的情况，感觉条件好苛刻，能毕业的都是学神） 2、修读双专业的申请在大二下学期提出，条件是前三学期绩点3.0即均分80以上，审核通过后，从大三开始修读。（还有一种情况是，有的学生在大一下学期提出了辅修申请并在大二开始学习，此时在大二下学期可以申请将辅修转为双专业） 3、双专业法学的培养方案和本专业即为法学的培养方案是完全一样的，包括14门核心法学专业必修课，若干法学专业选修课、案例课、研讨课、实习和法学毕业论文，共计91学分。和法学同学一起选课，一起上课，一起考试，所有待遇和要求完全一样。当然，通识课，包括通识必修课和通识选修课，已经在本专业修过了，不必重复学习。（若算上通识课就是156学分） 4、实际上，所谓自称在法大除了本专业外还学过法学的同学，包括三种类型： （1）上面提到的正常的5年制的双专业模式。以我为例，5年毕业，然后拿一个毕业证（上边会记载两个专业，因为两个专业的学习强度和质量没有差别[专业课部分都是91学分]，所以学校颁发学位前申请把两个专业的记载顺序对调都是可以的，比如我就把法学放在前面了，最后记载为“法学和汉语言文学”毕业。）拿两个学位证，法学学士学位和文学学士学位。（这里也会出现拿一个毕业证和一个学位证的情形，比如双专业里的政治学和法学，最后都是获得法学学士学位，所以最后只能拿一个法学学士学位。 （2）辅修法学，4年毕业。辅修法学的培养方案当然和双专业方案是不同的，学习内容少得多。最后只是多拿一个辅修结业证书。这里边可能会出现两个特殊情况：A、因为很多双专业的学生第4年需要毕业，比如保研或者考研成功或者找到工作等，这时跟学校申请把双学位转成了辅修，其实有很多这种情形的同学已经把法学那边的课修得差不多了，可能就剩了一个毕业论文或者一两门课程没有修。B、虽然是辅修法学，不过可以在第四年向学校申请写法学毕业论文，这样的好处在于可以最后多拿一个法学学士学位证书，但是！（这里有个大大的但是），这种情况下毕业证上只会记载一个专业，这是和5年修读双专业的最大区别。另外的区别就是实际学习内容少得多，因为遵从的是辅修培养方案，虽然多拿了一个法学学位证书。 （3）4+2的第二学位模式。这个和5年制双专业的最大区别在于，是在第四年向学校申请修读第二专业，然后通过两年时间学习，完成第二专业的学习要求。课程设置与学习要求，和5年制双专业也是一样的，区别在于提出申请的时间和学习时间不同，一个是多一年，一个是多两年。（所以我们私下里称两者是4+1和4+2）。最后一般也是拿记载了两个专业的毕业证，和两个学士学位证。  其实，以上双专业模式（包括4+1和4+2）均适用于政法大学所有专业（除了双专业不能选择外语）。如果本专业是法学，但是对其他专业有兴趣，也可以通过双专业模式学习，比如我原来的人文学院中文专业，就有不少法学专业的同学通过双专业来修读，也是5年毕业。  最后，回到题主问题，题主提到的这个同学可能是以下几种情况：第一，确实是双专业学生，一般需要5年毕业，但他真的是学神，满足了4年提前毕业的要求。第二，双专业学生，打算4年毕业，准备或者已经将双专业转成了辅修。第三，是辅修但是谎称自己是双专业，如果是这样，确实是不端行为了。（后来发现题主修改问题了，说他同事明确告知他人是5年毕业，那人家就是正常情况下正经八百的双专业学生了，没有任何隐瞒和虚假行为）  最后，鉴于题主感觉法大的双专业“挺新鲜”，姑且就晒一下我们的双专业毕业证、学位证和成绩单好啦~     
香港中文大学和中国政法大学法学哪个好？,这个取决于你以后想从事什么
你心目中的“中国政法类大学排名”是怎样的？,这种排名对学生来讲，没有什么意义。政法类大学是看地域的和势力范围的，中政影响力主要在北方，华政在江浙沪优势巨大，西政主要辐射西南和广东一带。其他的那几个学校不怎么了解，但法学实力跟这三所还是有差距的吧。就我所在的山东省来说，中政投档线比华政高十几分，华政又比西政高十几分。如果是江浙地区，往往是华政分数高于中政。我的意思是想说，排名这种东西有的时候可以说明一定问题，但其实没必要深究～
中国政法大学和华中师范大学哪个好？, 中国政法大学。  法学走遍全国都不怕。 
中国政法大学的涉外型卓越项目自主招生面试考什么？,面试会先抽签分组，小组进行辩论。 1.六人一组 2.两个话题，两场辩论 3.每场大概20分钟  另.好像没有面试提问
中国政法大学经济法研究生推免面试怎么应对？,只想说说，很难，对本校的也一样，照刷不误。
新生求教：中国政法大学研究生宿舍该怎么选？, 谢邀……我觉得研究生寝室其实没那么在意什么向阳啊安静啊信号好不好啊之类的。  假如你是个能做到好好学习的优等生，你会发现你在寝室的时间是小于你在教室图书馆导师办公室的时间的。基本在寝室也就是个睡觉和周末整理内务。  假如你是个浑浑噩噩只为毕业证的学生，你会发现你在酒吧网吧桌游吧的时间大于你在寝室的时间。基本在寝室也就是补觉和换衣服。  说到这，研究生寝室你更应该在意的是与你三年的室友。如何与之搞好关系，至少做到相互尊重。别又是马加爵、林森浩之流。  因为知人知面不知心，你永远不知道你的一句无心之言很有可能让他人十分在意从而记恨在心 
在中国政法大学菊二103生活是怎样的感受？,啥意思？菊二是什么?_?
浙大理科实验班(生化地环)和中国政法大学选哪个？, 来北京吧 
想报考中国政法大学研究生，该选什么专业呢？,建议试试法律硕士，招的多，难度小，不用考虑专业方向
中国政法大学最容易考上研的是哪个专业？最冷门的是哪个专业？,中共党史，马克思学院的
北京外国语大学还是中国政法大学？,想去外交部？妥妥的北外啊，每年外交部招录人数绝对遥遥领先。
北京大学法学院、清华大学法学院和中国政法大学民商法哪些老师比较厉害？,张俊浩
江西人想考中国政法大学应用心理系，今年理科高考应该考几分。?,基本上考多少分都不行……这个专业并不在江西的招生计划里面，数年来都不在。
中国政法大学国防生法学专业毕业后编制是文职还是非文职？,武警 指挥类。
综合考虑，中国政法大学和南开大学哪个更好？,想学政法类专业，去法大。 想学别的，来南开。 综合来讲还是南开好啦。
多伦多大学的国际关系专业，中国传媒大学的录音艺术专业还是中国政法大学的法学？选择障碍…, 第一次回答问题，没有什么权威性，还是不邀自来。只不过因为自己刚好在U of T读国际关系，今年大三了，所以随便说说自己意见，希望有一丁点帮助。  首先要说的是如果你是喜欢学校，那么其实现在不用过于考虑专业。U of T很多program都是第二年，修完一定数量的必修课，还需要第二次申请才能进去的。现在offer上给的什么专业并不代表你最终能进去，也不代表你不能改选其它专业了。尤其是你被录的IR和想学的政治经济major，都在arts &amp; science系，相对于什么engineering和商学院这种不同的院系，互相转换起来还是很容易的。我个人的另外一个major就是政治，和国际关系有很多共通的pre-req，所以这个不应该是你的顾虑。  所谓本科的教育质量，很多人报怨的应该是学校太大，学生太多，以致于本科第1、2年有很大几率碰见一门课几百上千个学生的情况（依院系/专业而定），不太方便和教授接触。加之U of T评分标准有点严格，大部分人卡在60% / 70%的平均分上，自然不会是很爽的经验。贵倒是肯定，但是学校的资源和水平还是足够的，收获多少取决于个人的能力和毅力。种瓜得瓜，种豆得豆。  最后是就业。其实但凡是人文社科，就业情况都差不多，这和像engineering之类的针对性非常强的学科差别比较大。But again，这真的取决于你的职业愿景是什么。国际关系因为是跨学科，所以政治经济历史三个领域都有涉及，自然这三个专业相关的工作都可以纳入考虑范围内，政府/NGO/公司/法学院/PhD全都是未来可以选择的，只要你在这方面有足够的兴趣、想法和才能。而且说到底，很多普通的职位只需要本科期间培养出的逻辑思维和管理能力，更高的则要你在本科得到出色的GPA然后去读PhD，和你自己的能力的关系比你学的专业要大。  所以，终归是你自己才能为自己做选择。以上是一些比较基础的情况，希望聊胜于无。 
中国政法大学涉外卓越项目自主招生笔试“英语应用与逻辑”考什么？,17年情况变了。和应用一张卷子。语文、英语、逻辑各100分。 语文：2篇阅读理解，第一篇特别长。全简答题 英语：一篇阅读理解，简答题；一篇200字作文（杨舒平现象分析） 逻辑：不定项选择和填空。
成人自考是中国人民公安大学的法学好还是中国政法大学的法学好？有能自考的公安专业吗？,谢邀！  最近邀请的问题都超出了我的认知范围啊！
为什么中国政法大学不强调自己才是北大清华法学院的嫡系传人？,协和也不说自己是清华的。 简而言之三个字:不稀罕。
跨专业考中国政法大学法学研究生难度有多大？可行吗？,谢邀，你邀请错人了，我和你一样才大二，我是学经济的。但是你比我好啊，最起码你的学校还是个211，英语也不错。我看你说你的数学差，我觉得不能比我再差了吧，你的差是什么样的差法？我觉得你能考个70/80分就不要说差了，你的差是和高分段比的。我和你说一下吧，我高考数学才60/70分，大学高数考30/40分，补考也这个水平，线代也一样烂，就概率论拿了61分，我的英语和数学一样烂，所以，我一直在怀疑我能不能获得绩点拿到学位证。我的数学是什么个水平呢，就是函数不会，只会简单的求导，巨烦三角函数，什么定义域，单调性啊，看到这些题，我的心里都会这么想，又是这种题，我不会，我心里早已经打退堂鼓，哪里还会去做呢。我和你一样在纠结考研的问题，我一直想找一个考研没有数学的专业，其实很多这样的专业。我又要但是了，我是一个极其懒惰的人，只愿一味的幻想如何考研成功，如何拿到一个好成绩顺利毕业，但我从来没有实践过，有一句话说的好，像我这种人，可怜之人必有可恨之处。所以，如果你是一个有毅力有恒心的人，那么你就放心大胆的去追求你的法学研究生之梦，如果你不是一个有恒心的人，那你还是去选择工作吧。 但是，我想建议你不要三跨，你的本科是个211，想必也有法学专业，最起码考本校的法学容易得到老师的指点和考研的信息，你跨专业本就难度不小，再三跨怕你吃不消。虽然三跨成功的也大有人在。不管怎么说，在此先祝你考研顺利！
中国政法大学选课为什么这么难？,每次选课都是一场博弈，你看到那个志愿先后了没有，把你最想选或者最火的课往前排，抽中的几率会大一点。 然后不要所有的课都选火爆的老师，除非你对自己的人品很自信。 合理安排志愿顺序，及时查看课余量，课余量多的课往后排。 最后，快选课的时候多在微信群里发发红包，这样人品多一点，我认识一土豪就这么干了，已经连续两个学期全选火课一节没掉了。
中国政法大学与华东政法大学该如何抉择？,嗯。这个成绩来华政可以专业随便挑了 我觉得得看你想往什么地方发展 如果以后打算在上海从事法律工作的话 华政是不二选择 如果还没有考虑好，可以优先考虑一下吉林大学 毕竟985   211 但是吉林大学因为在东北所以地域优势可能不明显 中南财经政法偏财经一点，也是211 中国政法我不清楚 但是这个分数应该学不到法学 但是可以修双学位 但是修双学位的法学也是不可以司考的
如何评价中国政法大学愈演愈烈的占座现象及其引发的一系列问题？,说到底还是教学资源严重不足。 从图书馆的座位数量就可见一斑了。 学校还厚颜无耻的说这是学习氛围浓厚。。。
中国政法大学在各地的录取分数算高吗？在全国属于什么水平？,  http://  m.toutiao12.com/group/6  447129044365902094/?iid=12185246605&amp;app=news_article&amp;tt_from=copy_link&amp;utm_source=copy_link&amp;utm_medium=toutiao_ios&amp;utm_campaign=client_share       应该说政法大学的提档线排名是文科比理科好，这是大学性质使然嘛……北方比南方好，挺有意思的，可能南方人更喜欢财经类专业？尤其是山东，非地域黑，山东的官文化可能是个因素。经济不发达地区的表现要比发达地区差一点。大部分地区不如财经类大学，这个没办法，比外国语大学不相上下，可能语言类专业也不怎么吃香了吧…… 因为法学就业的严峻形势，我看要被两财一贸压制一段时间了……另外两财一贸的法学也很有特色，上财的英美证书班，央财的财经法学，贸大的法学院本身就不弱……政法胜在体量大，学术底蕴好一些，不过不是就业的加分项
在福建发展，厦大和中国政法大学的非法学法硕，该如何选择？,法律一般就业几年后才有起色 既然留福建不如报厦大吧 更好扎根
如何看待行政管理成为中国政法大学最热门的王牌专业？,法大 大二在读行管专业。 哎呀，我怎么没觉得我们这个专业这么好呢，不过老师确实都挺好，最近也在招了几个新老师⊙▽⊙。 研院就不是很清楚了，抱歉。
中国政法大学毕业，去上海发展会不会不如北京？,如果你代表法大平均或以下水平，那你基本上也只有一块牌子，单论牌子和校友，可能确实不如华政好用，但如果你本身就已经很厉害了，不管你是法大贸大还是华政的，在上海都没有什么问题。学校就是块敲门砖，法大不能加多少分，但多少算是够用。另外上海华政没有垄断，复旦交大上财还有上外都是目标院校。
中国政法大学大一可以出来住吗？有没有好的地方推荐？,可以出去住，学校不会管。
中国政法大学证据科学院法律硕士法庭文明方向复试考的法医学难吗？,17法大证据科学研究院司法文明方向法硕。 1.证科院法硕(非法学)有两个方向一个是司法文明(无报考限制)；一个是法庭科学(报考条件:本科工科理科医学背景，医学优先、老师很喜欢医学本科过线基本就没问题)。 2.复试:司法文明复试专业课刑诉、证据法。法庭科学复试专业课法医学。 3.分数线: 15年司法320 法科310 16年司法345 法科330 17年司法345 法科340
如何看待中国政法大学西班牙语实验班？,不伦不类，就是面子工程而已。招进来的孩子们还是一流的，但师资就呵呵了，某负责人西语二流，法律四流，忽悠能力一流。政法招了这样的人也是悲哀。
中国政法大学法律硕士？, 问题一：如果以后想进入检察院或者法院，应该如何选择法律硕士的专业方向？   我们今年进入公法检系统的大概在70人左右，北京市的公检法居多，所以法硕进入公检法没有问题，至于题主所说的专业方向问题，其实没有影响，都是可以的。只要拿到司法考试的证书，你就有资格进入法检。非要选择专业方向的话，那么就选择一个名师，跟着名师的方向去选择，假如你以后想在民事方面的案子厉害些，那就选择一个厉害的导师，校内导师是可以自己选择的，校外导师是学院统一分配，因此要看运气了。选择名师，以后自己办案的时候遇到一些问题，可以求助导师和同门的师兄妹，你在导师带领下往某个领域去研究对于办案也有很大的帮助。   问题二：中国政法大学法律硕士各方面的情况（包括师资、学风、学费、住宿等等）  中国政法是法学的最高学府，综合实力方面肯定不如北大人大，毕竟只是211，政治和法律专业性的大学，所以法学方面的师资前三甲肯定没有问题，有些大牌的老师会选择呆在人大北大是因为学术氛围有些不同，北大的学术氛围自由一些。当然法大的大牛还是很多的，比较是吃法学的专业饭，民法学泰斗江平等等，就不多说了。法大的学风严谨到你会有些受不了，用我在研一写的一个段子，题主感受下：   凡是能考上法大法硕的，我没觉得他们有多厉害，但是，能从法大顺利毕业的，我打心底敬佩他们。研一上学期考12门（或者更多？），下学期考11门，一般从第八周开始考试，一直考到放假，一般闭卷考试，一般不给划考试范围，划了的了一般等于没划。各种考试各种作业各种论文各种奇葩人物各种款式各种花色，你没得选择。如果你挂了两科，学校会劝退你，你入学的那一刻你必须将这条铭记于心。辅导员反复几次开会说，要注意观察班级同学的情绪（当时我是班长），如果有情况一定要好好和TA沟通，要帮助TA，不能让TA做傻事…刚开始我就心理暗想，谁他妈这么想不开啊。如果你身边有法大法硕的朋友，请善待TA，一起出去吃饭的话就不要AA了。好了，不说了，我去阳台吹吹风…   当时这个段子大家非常同感，在我们学院流行了起来。所以，法大的学风可谓严谨，考试考核非常的严格，包括毕业论文，能从法大毕业，你一定不虚此行。我们学院司法考试通过率非常高，学习氛围实在太好，大家都非常努力。   至于学费是15000一年，每个月800的国家生活补助。70%的人可以拿到二等奖学金，按综合成绩来排名，综合成绩包括：课程成绩+公益分+同学互评分+奖项论文加分项等，只要认真学习，积极参加班级活动，一般人都能拿到。   至于住宿，法大法硕研一是在昌平（本科校区），这一年基本是在上公共课程，所以把学习法硕的放在昌平是想让没有法律基础的同学可以旁听一些法学本科的课程，强化基础学习。男生住在校外，走路10分钟，自行车5分钟。女生住在校内。研二研三在海淀研究生院，都住在校内。条件中等。北京的住宿条件都非常有限，很多学校的法硕学生包括其他的专业都不能住在本校，比如北大的法律硕士住在万柳公寓离学校十公里，北师大也是，都离学校远。因此在南方上过大学的初到北京读研心理会有一万匹草泥马奔腾是很正常的。我想正式这样相对恶劣的住宿环境，才让大家把宿舍仅仅当做是睡觉的地方，大部分时间都带着自习室和图书馆，于是北京的教育也就蒸蒸日上了，培养的人才也才有那么大的含金量，深受喜爱。因此妹子到北京法大来，那就做好吃点苦的准备吧。    问题三：法律硕士考研规划？   这是我之前的一个回答，规划问题在回答中详细写了，贴上供题主参考。  　　　　相信很多朋友会很意外，有时候我也觉得自己的人生就是个意外，但也许这不并不是意外，也非偶然，就像龙应台所言：“卒子过河就没有回头路，人生中的一个决定牵动另一个决定，一个偶然注定了另一个偶然，因此，偶然从来就不是偶然，一条路势必走向下一条路，回不了头。我发现人生所有的决定其实者都是过了河的卒。”是的，人生就是卒子过河，没有回头路可走。  　　我已经不知道要怎么去写这经验分享了，自己在学习过程中的一些很深的体会倘若再不写下来，我估计都会忘得差不多了。所以，还是逼着自己把这些东西写下来，希望可以帮助到一些人。  　　我今年准备的时间有点儿短，是在考完秋季公考后知道成绩后才开始准备的，政治和英语我考的分数很低，并且基本属于裸考，所以这方面的经验大家看看其他人的，我的不足以为鉴。专业课方面，我的基础课117，综合课116，总分刚好压线进入复试，复试中又运气挺好，逆袭而上。在此，我便简单的说说初试的一些看法和经验吧。   一、如果你知道要去哪，全世界都会为你让路——报考什么学校？   　　法硕可报考的学校很多，可能每个人选择的出发点都不同。但是我给大家的建议是，如果你想安心过日子，那么就选择你所在省的学校吧。过日子嘛，图个方便和安心。如果你想挑战下自己，给自己一个相当高的平台的话，那么选择北京的名牌学校吧，“问渠那得清如许，为有源头活水来”，你可以细细体会这句话。  　　我当初报考中国政法其实也没有考虑得太多，只不过是对厦大很失望（去年报考厦大，考上的概率应该有八九成吧，但是遭遇人生的第一次零分事件，因此与厦大擦肩而过），并且患了点“北漂”情结，于是也就报了法大。当时并没有什么壮志雄心，只不过是想考上去而已，就这么简单。  　　当然还有其他很多性价比很高的学校，比如浙江大学、华东政法、西南政法、复旦大学等等，我觉得这些学校性价比极高（我觉得所谓的性价比就是你只要用点心去准备，那么考上的概率是极高的，学校的改卷松紧度和初试分数线、竞争比例等等都很有优势），可以根据自身的情况适当考虑下这些学校。  　　当然法硕联考的学校选择可以在10月网上报名和11月现场确认时再具体确定，现在预定一个学校不过是可以心中有个去处，读起书来也比较力量。   二、冰冻三尺非一日之寒——合理规划，时间安排计划    　　准备时间我觉得因人而异，但是一般情况下，8个月相对保险一些（我太懒了，应该把早点把这些东西写出来，现在算来只剩下6个月了），尤其是你在没有带路的情况下，你要摸着石头过河，那么你需要的时间就更长一些。在这方面，已经有很多人把一些大概的时间点都写了，我在此简单的重复一下吧。（对了，建议多去看看别人的经验帖，从别人的经验帖中得出一些适合自己的方法，并且有时候一家之言并不客观，所以，多看看过来人的帖子，你会获得很多收获。）  　　我今年准备的时间挺短，是一种博弈行为，我运气好才赢了，所以大家还是脚踏实地的去学习吧，不要急功近利，那是不可取的。当然，若有谁是二战或者是三战，并且基础还可以，那么可以和我私下联系，我可以说说我的博弈方法，以供参考。（其实我有时候很想说今年的基础课和综合课的那个分数根本不是我的水平，不过鉴于自己准备时间那么短，也勉强接受吧。）   考研大致分为以下几个阶段：基础期、强化期、提高期、冲刺期、考前几天缓冲期。每个阶段的要求和目标都不相同。 我大致谈谈我的观点和经验，以供参考。   基础期   　　为期三个月，这个时期要达到的大致目标是：英语单词背过3-4遍，掌握60%，没有掌握的混个眼熟（单词需要反复背诵，背诵方法因人而异），英语真题阅读研究2-3遍，主要研究出题规律和做题的思路；政治可以不看，大都数人认为政治可以在10月份后准备；专业课主要目的是搞定选择题，对专业课达到初步的理解。分析或指南看过2-3遍，在看《分析》的时候，配合录音和《配套练习》。按照章节来复习，先自己看一下一章书，然后再配合录音听，做一点笔记。听完后简略回顾下知识点，然后去做配套练习，一般第一轮都只做选择题，配套练习建议做两次。（法制史记不牢不要心慌，到后期再加强记忆，但是理解还是要去理解。）  　　专业课五小门课：刑法、民法、法理学、宪法、法制史。每一门课的学习方法都不一样。关于每门课的具体学习方法，以后有时间了，我再补上一个帖子。现在简单说一下，有人认为刑法和民法靠理解，综合课靠记忆。其实我不敢苟同，在我看来，每一门课都需要深入理解，只有理解了才能记得住（也有可能我记忆力比较菜），理解之后的记忆变得很轻松。每一门课都深入理解，这是基础，另外一些特殊的看书方法和做笔记的方法我觉得才是区别之处。这里一言难尽，待日后补充吧。   强化期   　　大概为期一个半月，这期间要达到的大致目标是：英语单词基本掌握75%左右，英语真题阅读继续深入研究，在真题中背单词；开始适当加入政治复习（至于政治的学习请参考其他人的方法）；至于专业课，分析继续反复看，做真题，做题时要懂得研究出题思路，掌握出题规律，从做真题中，知道哪些知识点是重点，重者恒重。这个期间不仅要做选择题，还要做辨析题、法条分析题和案例分析题（当然，把要点写出来就可以了），适当补充《标准化题库》。   提高期    　　大概为期一个月，期间英语适当做其他题型，单词和阅读依然是重点，真题要反复的去做，万万不可没有理解做题思路，而只是背住了答案，这样效果不大；政治开始复习（参考其他人）；专业课，前两期我觉得刑法和民法必须强抓，综合课能抓多少抓多少，但到后期，综合课要强抓，综合课这个时候用力刚好，效果也是最好的。真题依然反复去做，适当背诵一些重点知识点，给最后冲刺背诵做一点基础。这个时候可以买最新的分析了（建议买正版，因为后期你的最新分析至少还要看3-5遍，看正版有助于提高学习效率，改善学习心情。），把最新的分析认真的看过一遍，力求理解每句话，整个学科前后章节融会贯通，有些知识点是跨学科融会贯通。法理学贯通整个学习的过程。    冲刺期    　　为期一个半月，这个时期非常的关键，一定要保证有足够的时间投入，并且不被分心。英语，加入作文的背诵和写作，整套试卷的模拟，把握做题的时间；政治参考其他人；专业课，拿着分析背诵知识点是最明智的事，继续做真题和看分析，然后可以看看之前自己做的核心笔记或者别人做的核心笔记。背诵我觉得可以分三轮，第一轮就是抓大放小，先背重点，第二轮，全面背诵，这时复试之前背过的重点，然后背之前没有背的一些次重点，第三轮，查缺补漏，拿着题目回顾知识点，回顾不起来的加强背诵。这样下来，之前的几个时期已经把书本理解差不多，选择题没有什么问题，最后冲刺时把大题知识点背下来了，对于考高分我觉得应该不是难事了。在我看来刑法和民法要考到120，综合课125，这样名校就在握了，当然，前提是英语政治不被卡住。（有个道理是，把目标定得高一点，结果即使是你没有达到那个预期目标，你也不会太差，这样就有回旋余地。我想，这就是我们所说的给自己留一条后路吧。）   三、工欲善其事必先利其器——使用核心教材推荐    　　英语：词汇（新东方或者星火英语）+张剑红宝书真题。  　　政治：红宝书+肖秀荣1000题+肖秀荣最后四套题。  　　专业课：正版分析（十月后买最新的分析）+盗版指南（只看刑法分则，需要时查阅）+历年真题+法条汇编+考试大纲配套练习+标准化题库+录音（录音有基础班，强化班，提高班，冲刺班即串讲班，主观题班，还有万恶的押题班和押题资料）。  　　说到押题，有人认为押题很好，我的观点比较保守，我认为，押题只能锦上添花，不能雪中送炭。理由如下，第一， 影响心态，自乱阵脚。 考研最后几天的心态实在是太重要了，复习得好但是如果心态不好，一年光阴白白浪费，所以押题会影响心态了。第二，对于一部分人而言仅仅只是锦上添花，对于心态不太好的还有可能是添乱 。 踏踏实实的把分析的内容全面掌握，不心存侥幸。所以，不以全面掌握分析为基础来备考的，不会有多少好的结果的。 不要把大学期末考的思维带到考法硕专业课的思维上，真的完全是两码事（政治除外）。综上，关于押题我持有保留意见。不推荐。切忌心理上产生依赖性。   　　核心的教材就是上面这些了，有一些个别需要补充的因人而异，我一直认为书不在多，而在于读得透。教材我认为这些足矣，适当因个人可以增加一些，到后期市场上会充斥着各种各样的书籍，尤其是政治，希望大家看看一些过来人经验，不要盲目购买，浪费金钱不说还浪费了宝贵的冲刺时间。  　　我一直认为，考研其实更是一种技术活，讲究的是方法和技巧，当然花一定的时间是必须的。在学习的过程中也要善于运用方法和技巧。不可以死读书，书是背不完的，但是掌握了一定的方法，是可以事半功倍的，比如口诀记忆法等。   四、一个怀有梦想的人眼睛便充满光亮——精神力量    　　我走到今天，尤其在厦大遭遇零分事件后，能够让自己更加强大，不被打败的秘诀就是：梦想和勇气。我觉得当你充满梦想之后，你就会充满激情，这个时候的你是最强大的，是无法打败的，他们可以按照考试规则给你最后的成绩0分，但是他们不能给你的梦想打分，因为梦想是你自己的，梦想规则是你自己制定的，在你的梦想国度任何人都没有管辖权，你才是王。因此，心怀梦想，勇敢的去追求，你一定为实现你的梦想！梦想是创造奇迹的力量。   五、感谢一路相伴的那些人，愿有心人梦想成真——真心感谢，真诚祝福    　　能够考上中国政法大学，继续重返校园，给毕业两年一直在追逐的小梦想画上一个相对圆满的句号，我非常感谢那些一路以来帮助、支持我的人。首先，要感谢的是我的家人，特别是我的父亲和哥哥，一直以来在我最低谷的时候鼓励支持我，尽可能的提供帮助，让我没有太多的后顾之忧。其次，感谢几位老师，在我迷路的时候，引导我走出困境，并教会我一些不曾学会的法则。再次，感谢一路以来一直支持我的同学和朋友，小学同学、初中同学、高中同学和大学同学，以及那些近在咫尺或者天各一方新朋友和老朋友。  　　我能够实现梦想，是很多人的成全，人应该懂得感恩，对吧？今天我写了这个帖子，希望可以帮助到一些朋友和同学，如果你们也想继续求学的话，如果我能够提供什么帮助的话，我愿意分享我自己的一些经验和方法（特别是那些看起来不是读书的料的，我的方法应该挺适用的，因为我看起来也不像是会读书的料，我们是同道中人）。  　　最后，真诚祝福各位同学和朋友，“愿你有一个灿烂的前程，愿有情人终成眷属，愿你在尘世获得幸福。”   两年前写的经验贴，基本思路不变，法硕联考，所以任何学校都这样去准备，一样的。教材方面目前还没有更新，因为随着市场的变化，教材有所改变。上文中的教材篇不具备太多参考价值，除非我后期更新一下教材。    法学硕士你不能考，因为你本科不是法学。其他方面区别不大。就是生源不同而已。把竞争力同等的放在一起。（修正：法学硕士，据多名网友提出是可以考的，这是我见识不足导致说错了话，本科法学不可以去考非法法硕，这是为了防止排挤非法本同学，但是非法本如果功底深厚可以去考法学硕士，不会造成不公平，这个推理是成立的，后来我也证实确实可以考。）  ———————————————————  2016年3月9日更新：  应众多知友的请求贴上微信联系方式——362958199，帖子已经说得很清楚的地方，希望大家不要重复问。另外，大方向的问题欢迎大家来问，但是很细节的问题我真的没法给大家解答，因为我不是做辅导的。希望能理解。毕竟时间和精力都是有限的。BTW后期我会写几个学习方法的帖子，把我自己的学习方法贴出来和大家一起分享，希望对大家有所帮助。大家有时间到时候关注下我的回答。  很多人不缺乏梦想，而缺乏坚持！祝大家梦想成真。   ————————————————————  2016年6月20日更新：  1、关于择校：在不考虑特殊原因的前提下，我依然建议大家报考北上广的学校，尤其北京和上海的学校。这将很大程度上决定你之后的职业走向。曾经沧海难为水，除却巫山不是云。只有在大城市，你的视野和眼界才会显得与众不同。尤其环境对一个人影响很大的时候，这样的差异感就更加明显了。既然考研是为了一个更高的平台，那么去小城市小地方，或者非985/211的学校，我觉得考研就失去了意义。   2、关于毕业后就业：现在我们同学就业走向如下，国务院各部委法制办，国务院直属的事业单位（国家工商总局），公安部，北京市法院、检察院，北京各大律所，大国企或央企或大企业的法务，证券行业，投行，商业银行，证监会、银监会、保监会……学院群里经常有招聘信息，基本属于内推的招聘。因此，就业方面，可以选择的实在太多了，尤其当你在大城市，那自然更不用说了。就业在最后的文章链接上也有写到，如果需要可以前往阅读。   3、关于录音：现在可以获取录音的渠道很多，淘宝，论坛，交流社区等等。不论自己是否报班，我觉得一份录音是必须的，放在自己的手机里，走路，吃饭，上洗手间，看不进去书的时候就听着，用零碎时间也可以听录音，多听几次，前几次慢点听，后期可以加速去听。推荐录音购买渠道——长风师兄，师兄的联系方式底下贴出。（不要去买没有授权的录音，随时都可能会面临停更风险。这个师兄的录音有获得机构的授权，所以较为推荐）。  4、 关于学习规划 ：很多人在考研的过程中自己摸索而浪费了很多时间，或者缺乏整体的规划，总是落学习进度，或者在考试中不明确哪些是复习重点而失去整片森林。因此，很有必要制定一个整体的学习计划。  如果你是一个老手，你轻车熟路，你已经知道如何去复习，购买什么书，用什么方法，那么就自己制定一个时间表和任务表来学习就可以。  如果你是一个新手，你不知道如何着手，不知道该如何选择书籍，不知道如何规划从现在到考试的时间安排，不知道自己应该在哪个阶段复习到哪个程度。那么推荐的是长风师兄的全程规划（底部有联系方式），这位师兄会告诉你怎么用书，用什么书，会根据你的情况来制定一份全面的复习计划，复习计划的意义在于帮你节约很多时间，避免你在复习中走偏。  5、关于真题：真题是核心教程中的核心教程。因此务必非常重视，做一遍肯定是不够的，至少做5遍（完整5遍），真题做多了，自然胸有成竹啊，到后期基本上可以自己命题了，坐在考场上完全是出题者的眼光来看题，这个题目考察那个知识点，陷阱挖在哪里，心中一清二楚。因此，请务必重视真题，模拟题适当做，当时真题一定要反复去做。  ————————————————————  2016年8月26日更新：  6、关于专业课背书的时间和方法：在考前2个月进行专业课大题的背诵是必要的，我的背诵方法是拿一张纸将每个题目先整理出来，并且标注哪些题目更有可能出大题，后面拿着这张整理好的几百个题，回忆知识点，回忆不出来的就拿着分析再看，有时候也拿着那边小本的大纲在那里背诵。这样反复几轮下来，知识点都很有印象，最后再进行精准的强背。也就是说，第一二遍背关键词，背诵全面的知识点，最后阶段精准全面背诵，这是为了主观题冲刺高分。后来我看了一下其他考上名校和考了高分的师弟师妹的经验，也都是这样背诵过来的。可见，能够考高分的所见略同。这个方法最简单，也最为实用。    ———————————————————— 2016年10月20日更新：  7、关于录音的使用，一定不要把所有录音和视频全部看一遍，如果你这样做了，那么你的考研大业就已经失败了。考研成功的最黄金的四条法则如下：  第一、合理的规划，全程复习计划定好，边复习边调整，按照计划去落实。  第二、看透分析翻破分析，分析为王！  第三、研究历年真题，反复做几遍，把握出题套路。  第四、其他资料都是辅助！辅助！辅助！（重要事情说三遍）。一定不要花大量时间去看那些资料。适当使用一部分就可以。  8、 关于法硕辅导机构的全面介绍（优劣分析），还有是否选择辅导班的建议（待更新）：    近期在听各家的课程，需要一点时间来整理。后期会做一个推荐。（仅仅代表个人的观点）。    9、关于长风师兄   长风师兄在法硕考研中的分数为389，司法考试中400+，长风师兄从14年底开始着手研究学习规划，目前已经有一套成熟的全面的复习规划的方法。前几天看他的朋友圈，说也正式提供授权的录音，如果有需要的小伙伴可以联系。  微信：3385293426  微博：长风师兄  BTW，你的赞同是我前进的动力，你的赞同会让我不断更新、不断书写，不断将自己的感受和经验形成文字，与你共享。  余辰  2017年3月31日  相关的一些问题在此也可以找到答案（请移步）：  什么样的人适合学法律？法律硕士（非法学）就业前景如何？ 
中国政法大学中欧法学院学费怎么如此贵？,题主别吓我，我就准备考。。。是有多贵？？
我是一名河南文科生，中国政法大学是我的理想学府，请问这所学校录取分数怎样？综合设施好不好?,同为河南文科生，去年考上的，如果想学法学应该要在省五百左右。上这个学校应该需要省八百左右。
中国政法大学国际法学硕难考吗，专业实力与前景怎么样？,呵呵，这个我确实有个人能回答，中国政法大学出来的，但是她没有知乎，你私聊我
中国政法大学资本金融研究院成立，政法大学聘任王健林为校董，大家怎么看？,同样姓王，啥时候岐山大大来成立个反腐研究院。。这说出去才屌，， 又没给发钱，也不安空调！不安空调！不安空调！ 妈的本来想匿了结果到上限了。
马上要回高中母校，怎样说服学弟上中国政法大学？,告诉他们我们寒假七周，别说我们暑假五周 告诉他们我们在昌平镇，别说我们在五环外 告诉他们我们这美女多，别说他们有男朋友
中国政法大学现在的男女比例是多少？,大概3:7的样子，只是个主观上的估计，目前没有权威的数据做支撑
中国政法大学入校后转专业方便吗，具体要求有哪些？,可以直接修双学位，不过要5年才能毕业，毕业时拿原专业和法学两个学位证，教育部承认的
想要报考中国政法大学中德法学院，相关报考，复习，资讯都可以分享。谢谢！？, 历年真题，主观题集、模拟试卷以及教材等重点参考，其他什么这宝典，不用去理会，资料不再多而在于精 
中国政法大学光明新闻传播学院的研究生怎么样呢？,之前在法大新闻本科就读，现英国利兹大学传播学研究森路过。我认为如果楼主是非常有新闻理想或者怀抱传播学研究情怀的人，请一定慎重选择光明新闻传播学院。我在政法大学就读时同样双修了法大的法学，法大的法学本科教育确实非常扎实，如果楼主考试分数不足以上法学，却又很希望就读该专业可以选择法大，虽然是双修但是学制是五年制，且双修学位教育部认证。但是法大的新闻学教育确实是差强人意的，我之前在法大本科就读时也时常获得奖学金且专业成绩排名top10，但是来到英国攻读传播硕士课程时，深感本科教育基础不够扎实，对于新闻传播经典理论的学习非常肤浅，这与法大新闻院师资薄弱，和官僚化程度严重是分不开的。所以如果楼主对新闻传播学术研究有很高的热情，建议选择传统新闻强校。但是不得不承认法大的学风非常好，并且法科强校对于学生的逻辑思维能力的培养非常完善，这一点的优势会在硕士学术研究中更加凸显。
在中国政法大学【成思危数理金融菁英班】就读是怎样的一种体验？,中科院的金融也是呵呵哒，不是主流的路数。还不如去个中山，厦大啥的
请问中国政法大学有保研夏令营吗？,没有
湖北姑娘，想学法律，可报的大学有武大、中山、北外、北师、中国政法、中央财经等。高考择校问题？,谢邀。 想学法律，在有选择余地的情况下，想做学术清北、武大、政法都不错； 想毕业在大学所在地区做实务就去该地区最知名的法学院----五院四系； 想在一线城市发展就是北大、清华、人大、中政、华政。 总之看你对未来的规划。 但想好好学法律的话，建议还是瞄准老牌法学院，北师、央财虽然近年来也开始重视起法学来，但与老牌劲旅们几十年来的积淀还是有差别的。 PS：北京某些一线律所有要求至少本硕皆毕业于清北人外法的不成文习惯。
中国政法大学法律硕士（法学）难考么？,谢邀。难易是有个体差异的。我要是说很简单，最后你要是没上，你肯定要说我骗你了。题主既然想考，那就好好准备就行了。能不能考上，最后不仅看你准备的怎么样，还得看别人考的怎么样
法学考研到中国政法大学该付出多大的努力？和考985压力一样大吗？？,给你一个排名，第一北大，人大 第二清华，第三法大，我仅仅只是说北京的院校哦。法大虽然只是211，但是法律第一学府，你说压力大不大。
¿文科生如何才能考上中国政法或者人民大学？,谢邀。  「¿文科生如何才能考上中国政法或者人民大学？」  学好语文，比如，规范使用标点符号。  P.S.类似的问题被邀过很多次，基本上不是标点不规范就是有错别字要不就是病句，于是我的建议都是学好语文 :)  以上。
