以两个海事大学为例，大连海事能压制住上海海事么，地域优势是否会最终统领学科优势么？,这种就是找喷。正好无聊，就来热闹热闹。 你要是大连毕业的，我告诉你，1909吴淞商船，知道吴淞在哪里吗？不知道好好去了解一下。对你这种暗黑系萌新，多的没啥好说的。哪个学校不出几个人特例对吧。 你要不是大连毕业的，我只能说你确实有空。好好想想学习，天天整这些没用的，天天想这些，还能毕业吗？
研究生想报考大连海事大学的物流工程与管理（3年制）或国际贸易（2年制），请问哪个就业形势好些？望解答？,‘ 泻药  @lv瓜   大连海事大学  2015  届毕业研究生年终就业率统计表    专业名称（代码）           毕业数 就业数 就业率 物流工程与管理(12010008)    30   28     93.33% 国际贸易学(02020600)       10    8     80.00%     仅供参考  建议加个新生群或者去贴吧或者加个相关专业的学生询问。  -
大连海事大学怎么样？,食堂和交通还是很便利。不过，这个学校特别黑，学校只在乎家里有权有势有钱的。我的几个同学大学四年基本不上课，家里牛逼，这几个人毕业时候是优秀毕业生，荣誉一大堆。比较坑人的是你怎么努力好像也没什么用。
如果大连理工大学、大连海事大学、东北财经大学合并，会是一所怎样的大学?,会是一所把406当校车用的大学。
大连海事大学和东北财经大学哪个好？, 利益相关：在东财断断续续旁听过一年的海事毕业生  我是10级入学的海事本科生，14年的时候大四，基本没什么课，女朋友是东财金融学的本科生，当时大三。我基本每天坐10路车去陪她上课吃饭自习，体验如下： 1.我女朋友下楼好慢啊啊啊歌单都循环一遍了啊卧槽！！ 2.东财校园真好看，树多景美大白腿。 3.学术气氛特别浓，学术气氛特别浓，我女朋友特别好看。 4.东财老师太特么有钱了吧一个老师上课不小心说漏嘴，他去年交了14万的税… 5.梁苑的麻辣香锅真好吃啊真好吃，老板娘都认识我俩了。 6.教室里自习的人特别多，也可能是因为楼少。 7.东门那家大盘鸡里全是鸡块没有土豆但是我女朋友不爱吃。 8.东门上挂着个牌子“校内禁止遛狗”我女朋友就惊呼“哎呀你不能进去”，我当时就怒了，心里的兽性一下子爆发出来朝她恶狠狠地说了句“喵~” 9.第一次在知乎虐狗哪里有不足的地方请评论我我再下点狠手(ง •_•)ง 10.已分。  碎觉！有人点赞的话明天醒来上点干货！   —————————————————————————————————————   其实我并没有干货……下面这些都是我个人的直观感受，不具有代表性，题主凑合看看就好。  —————————————————————————————————————    一、关于讲座公开课    东财偶尔（不确定实际频率，此为我直观感受）会有经济学界比较有名的专家学者来讲座、公开课之类的，每次老师都会鼓励学生去听，但可惜东财没有个像样的礼堂；  海事时常有航运界十分著名的公司来…捐款→_→    PS:我大二的时候吧，有次大连前市长曾经的心腹汪力君来海事讲座，当时真是锣鼓喧天鞭炮齐鸣（主要是前市长威望高），结果后来就死活不承认这事儿了，你们懂哒！     二、关于校园规划    由于东财是封闭式校园，校内路不宽，绿化好，有点“曲径通幽处，城春草木深”（咦？）的感觉；  海事中间有条马路是通公交车的，而且连着红旗路和黄浦路，车辆很多，校园也因此被分成东山西山两块儿，感觉校区比较零散。     三、关于地盘    东财占地面积很小，据观察已经没有什么可以开发利用的土地了，招生规模应该已经饱和；  海事从这六七年建了大概不只十栋楼，不扩招是不可能的了。     四、关于招生    因为东财招生相对稳定，生源质量肯定是稳步上升的；  但海事这么招法，生源质量肯定会降低，本来海事生源平均质量就高于平均师资力量，药丸啊。     五、关于王牌专业    东财的王牌专业应该是会计，另外金融也很厉害，因为蹭课的时候觉得特别高大上！！  海事的王牌专业…比较复杂，根据标准不同（如就业率、评级、学术水平）排名不一样。 优质就业方面，航海、轮机、通信、自动化、软件等都很好，尤其航海轮机，早些年能达到400%的优质就业（一个学生可以从四个以上的好公司中选工作）。 学术水平方面，海商法真的不错（当然，就业也不成问题），早十年的话分数可能比清北低不几分，现在人才趋近饱和了。    PS:东财海事虽远远算不上名校，但其学生只要能毕业，大致是不会出现毕业即失业的情况。     六、关于吃喝玩乐    早些年的说法是“吃在海事，玩儿在东财，（学在大工，爱在大外）”，恐怕现在得对调了。  东财食堂不好吃，但很便宜。不过但凡时间来得及，大部分学生还是会到宿舍区的粱苑美食城吃饭，种目繁多啊超好吃~  以前说吃在海事是因为海事东山食堂有补助，吃两肉一菜六块钱左右，你们感受一下…不过现在虽然东山食堂依旧便宜，但质量真心下降了，西山更是惨不忍睹…我已不忍再说下去。  但运气好的是，这两年万达广场、锦辉商城在海事附近依次落成、开业，一下子丰富了城乡结合部的娱乐生活。     七、关于男女比例    东财：一男一女牵手漫步在林荫小路，角落处有一女生黯然神伤。  海事：两名男生牵手漫步在建筑工地，角落处有一男生黯然神伤。  大工：一男一女在图书馆查阅资料，角落处有一男生也在查阅资料。  大外：三十名女生在女浴室外排队等候洗澡，男浴室里空无一人。    暂时写这么多啦，有空再更~ 
大连海事大学软件工程怎么样？,2017.2.20: 机油告诉我这个问题下面还有回答，叫我来看看。 日语真的是个很微妙的设定，人家可以开设日强和英强的软件工程，我们只有日强。可能是师资能力方面问题吧，然而这么做却带来了两个极坏的影响。 1.很大一部分人不把编程当回事，因为大一大二所占学分太少。老师也不会故意为难你。平时根本没有coding的需求和欲望。反正我绩点3+，学编程干什么。 2.把日语当做本命，大三开始才着急，发现自己日语不怎么会，除了日语别的也不会。 日语老师甚至会跟学生说(可能不是我们日语老师，具体忘了)就是把你们当日语专业培训balabala，你们英语学那么久了也都不错了balabala 哦，然而你把他们拉来看看英文文档试试？ 我很想问问有多少人大二了C语言写个链表都写不利索，连java的环境变量都不会配，Huffman树都不知道是什么。 室友跟我说不会编程，我跟他说，学好日语就够了，你日语可是90多分。 他白了我一眼，日语顶个屁用，我出去又不能当翻译。 这还算是有自知之明的。 课程设计也使得我们能力处于高不成低不就的地位，没有足够的时间学编程，也达不到专业的日语水平。 嗯，我觉得我能力还算可以，但是我周围的人实力让我觉得实在很差劲。Java和JavaScript分不清就算了，连堆栈内存调用都搞不明白(大三SE学生)，然后信誓旦旦的说他们不开这个课balabala。 老师上课甚至说过一个例子，某保研Top3的学生连VS都不会装。IDE什么的都不会用。 如果大三的看到上面这句不服的话，先问问自己，就算你懂，周围的人真的懂这些吗。 的确编程学习这件事在个人，但是海大的学风和氛围真心不推荐你来。整个年级数不出几个对编程真心感兴趣的人，但就我平时见到的人，好多却视绩点如命，求个保研资资格或者出国，然而在我强调编程是专业课的时候却冷嘲热讽说"不是每个人都喜欢学编程的。"，私下各种厌恶。 好像根本没从那么多年教育中转为大学的教育。有多少人实战经验几乎为0，然而连理论也不懂。 挺可悲的事情。 如果说就业，海大处于高不成低不就的情况。 是有去华为等大厂的，具我所知有几个都不是CS/SE专业的，自己去培训班学的开发。 至于BAT，有学校的人说过本科全校最多也就几个人(两三个还是三四个)，同为211，我们怎么不聊聊M$谷歌。 有个从杭州回大连的程序员曾说，大连的物价跟杭州差不多，工资就只有杭州的一半。 并且大连没有什么互联网企业，学日语本身就是为了做外包(这几年外包也不好做)。外包对技术的需求非常低。这样做表面上提高了就业率，但也降低了核心竞争力。 我推荐那些一直待在DMU的人看看外面的世界，看看别人的学校，你就知道CS这方面，差的真不是一个档次。 关于竞赛，我没参加过，但是已知的编程类竞赛没有取得好成绩的。(别说ACM/ICPC) 以上观点只针对CS方面的专业，其他专业不要自行对号入座。 没错，因为某些事我现在对学校的态度路转黑。但是我在努力尝试纠正这个专业的风气，从新生抓起。总比那些喷子和盲目给学校洗地的强。 ——————以下是原答案—————— 不匿名。 大一大二日语学分比别的都高。课时非常多。 日语学好绩点不愁，专业相关课很好过。人称软件小天使。 大一大二基本没有编程的课。 连我们自己都说自己是日语专业。 我只是阐述事实。 如果你想学日语的话，欢迎来大连海事软件工程专业。 至于氛围，大一大二大三暂时没看到什么dalao。一片混乱。 可能我眼拙，欢迎打脸。
大连海事大学最难学的专业是什么？,船舶电子电气工程
大连海事大学为什么第二学期这么长，暑假那么短？,因为有一个将近两个半月的寒假
如何看待大连海事大学作为ACM-ICPC regional的主办方夺金并刷新历史记录？,大连理工是不是出题方无法确定，暂且不论。 以大连海事的水平在自己承办的赛区拿了金牌，这你跟我讲不是交易？本来懒得喷这种事情的，看到楼上还有说“作为主办方，可以得到一些福利是应该的”实在忍不住了（现在该回答已经删除）。final出线条件的降低对主办学校本来就很有优惠了，况且这个规则是明着说的。如果“搞交易拿金牌”是应得的福利，那不如直接在规则里写出来？我也没见人家杭电搞交易AK CCPC杭州。 以后tm少办点东北赛区，交易都交易的这么明显，搞的大家都恶心。   update1 ：并不是说东北的大学都只会搞黑幕，而是东北赛区的事故率实在太高。所以我说的是“少办点”而不是“不办”，选出来真正靠谱的学校办才是王道。   update2 ：关于  @Boleyn Su   说我是在黑，的确现在不能100%地确定海事是有黑幕。但是海事并不是您这种拿了一次铁和两次第四的水平，而是拿了多次铁和一次金牌的水平，而且是在自己承办的赛区夺金，所以您用您的经历类比是不恰当的。同时海事无视 ACM-ICPC 2016 Special Resolutions for Contest Sites in M_西杰阿雄的博客与ACMICPCAsia_新浪博客   规则中的F(c)条，不公开出题人。这么多巧合在一起，您感觉黑幕的可能性离100%有多少呢？恕我难认同我是在黑。
大连海事大学信息科学技术学院的哪些专业比较好 容易在大连就业？, 哦哦哦，我不是在海事上的学。所以只能浅答。 信息科学技术学院是由以前的几个专业合并而成的学院，其中最好的专业是通信工程，就业率大于电气、计算机、自动化等其他专业，其次计算机技术也还可以，毕竟大连大力发展软件业，再次老牌电气及自动化。若您是女生建议通行工程吧。男生随意，毕竟是工科学院。
如何评价大连海事大学icpc青岛站喜夺三铁？,我来说句公道话。 这个事情，大家关注dlmu教练和那只拿金的队伍就好了，其他的队伍是无辜的。
说说大连海事大学的缺点吧？,大连海事大学  成在于交通部直属  财大气粗  211地位   败也在于交通部直属  行政化色彩比较浓 不过对学生其实也没太大影响 吐槽一点  我一直感觉海大坐落在一个工地上
2018法律非法学，大连海事大学（海商法）和中央财经大学，哪个好？,觉得案子标的高这个你想远了 如果你想学海商法那么就去大连海事 其它的法，中财
大连海事大学有校园网吗？寝室可以装宽带吗？手机信号怎么样？4G信号三家运营商哪家好一点?,1、有校园网，寝室每个桌子上都有网络接口，0.18元/每小时，校园网网速还可以（不过偶尔会网速爆炸）。 2、寝室也可以自己拉宽带，校内的话在龙华图文那里可以拉，拉的是铁通，校外的话可以拉网通和长城宽带吧（在大连的话，网通比较靠谱）。 3、手机运营商的话，有电信、联通、移动三家，电信最早入驻海大，然后是移动，联通的话算比较新兴的。 在海大三家优劣如下： 电信：最便宜、花钱少流量多，有个缺点信号不好，在楼梯间，或者一些教学楼、宿舍楼信号（你可能会绝望） 移动：短信提醒比较及时、流量网速正常水平，缺点在于资费最贵，有的还反映乱扣费（当然土豪请忽视） 联通：网速很好，学校的联通店好像是学生在运营，服务不错（发现校内哪里信号不佳好像可以向他们反映），缺点在于短信提醒有点不及时。  如果要我推荐的话，联通没毛病，电信也行
大连海事大学是什么时候开始衰败的?,自从成了交通部独子以后，不愁吃喝，当然就不思进取了。 再想重振，还是那句话，啥时候有人来抢饭吃或者出去抢饭吃。
中国石油大学和大连海事大学哪个好？,一个985，一个211，你说呢？个别专业除外。
重庆邮电大学和大连海事大学通信工程考研推荐哪个？,重邮。。哈哈。欢迎你。。    不知道题主考了没，考哪里了。 最近任课老师说，要是你稍微优秀点点就不要报本校。
在上海海事大学就读是怎样一番体验？,首先声名，本人现在大三，即将步入大四。  现在用手机，等下用电脑补点图。  不知道你是不是上海人？因为海事距离市区大概60km，如果是上海人，每周回家，无论是16号线还是龙港，时间都很长。（好消息是，年末，16号线会通到龙阳路）  海大这边天气还算可以，不过遇到下雨天，还刮风（我们称之为“妖风”），你就能领略到360度集体环绕式的风。  吃饭的话，北广，还有3个食堂。个人觉得海馨4餐和海联2楼还有夜宵食堂不错。北广和共享区也有很多小饭店什么的，花样还是挺多的。  关于洗澡，大多数人是要去北广的公共浴室的。（我属于少数不用去的）  上课的话，在教学区，10分钟只能肯定能到；要去学院楼的话，可能就有点远了。我个人还是喜欢骑自行车。  关于课程，我想说，看哪个专业，物工和信工课都不少，其次外院，经管课相对比较少吧（妹子又多）  暂时就想到那么多，有想到再加。
大连海事大学很不open吗？,刚开学各方面管理比较严格  军训结束就会好很多的
如何看待大连海事大学学生实习期间扮演日本鬼子并在校船下拍照？,首先，对题主未经许可盗用我同学的照片，侵犯名誉权（感谢纠正）表示谴责（如果你经过许可请自行说明），请路过各位帮忙点个举报。  然后，解释一下这张图片的背景，这是某爱国抗日剧来到育鲲取景，招募群众演员，出演的同学均出于自愿，是一次正常的取景拍摄。学生当了群众演员，拿到了兼职报酬，用道具服合影留念，难道要上纲上线到思想觉悟，学校管理？难道横店拍摄的一系列抗日剧的大量群众演员都是思想上，政治上有问题？大量专门扮演日本军官的演员都是亲日派，卖国？  最后，我们来分析一下题主的意图。扮演日本军队的学生只是一部分，正常人毫无疑问能认出合影中除2个日本陆军扮演者外还有大量一般群众扮演者，楼主避而不谈，是为何？其二，题主最后提出大连海事大学亲日，为何？有何依据？其三，直接谈结果，不谈过程和背景，这是明显的钓鱼，逻辑欠缺（而且竟然真的炸出好多鱼）。其四，能拿到这些照片的，明显是身边的人，而且有可能是同校的人……不用我细说了。 我觉得题主的意图已经很明显了。希望其他看到我的人不要再回复了，钓鱼的就让他慢慢沉了吧，求支持，让前排看到。  不匿名了   2016/7/9 补充---------------------------------------------------------------------------------------------------  题主特意删除了有很多扮演普通群众的班级合照，居心已无需多说。 有正常判断力的人都明白了事情的真相了，请路过的各位点击举报。 也希望题主能删除这篇文章，不要引战，知乎不是一个用于引战的平台，会给很多之前没来过（因此事而来）的人留下坏印象。   
大连海事大学东山转到西山绩点必须达到多少，哪一个专业比较容易转？,人文学院的都很好转
大连海事大学 和大连外国语大学 的英语专业哪个好？,如果你是女生，去海事吧，相信我。
在大连海事大学航海类专业上学是什么体验？,围城 已经在的，不喜欢赶紧走，学院又不限制，或去西山，或回去复读，莫浪费时间
大连海事大学海商法就业怎么样啊?, 2010级大四学长大概介绍一下情况吧，我们这届海商法专业一共150+人，参加国内研究生考试的60+（可能会有部分因为落榜而在大四下学期选择找工作），保研的10+，学校项目出国（大四一年，不过一般毕业后会留在国外继续深造）的30人左右，自己申请出国的20人左右，找工作的在30人以内。由于海商法属于比较小众的专业，所以指明招收海商法毕业生的企业并不多，据我观察来我们学校进行招聘会的企业平均10个里只有1~2个明确要求招收海商法学生，且招聘名额通常只有1~2名。再加上还有硕士生的竞争，海商法本科生就业不算特别好，但是只要自己条件优秀，要找到合适的工作还是不在话下的。 
大连海事大学？,企业管理？我觉得就是管理院的一个分支吧，无所谓啦，毕业之后说自己是管院的，别人会自动认为你是国航的。
大连海事大学航海技术专业的学生有什么补助，免不免学费？（详细一点）,泻药  我不是航海的所以并不是特别特别清楚 问过东山基友后拿到的答案  1.学费     本来是5000元/年，但是航海技术属于国家扶持专业，学费减半，在校只要交 2500元/年，     需要注意的一点是: 如果毕业没有跑船，那么国家帮你付的2500元/年需要你自己垫付   2.贷款  学校对东山(航海轮机(海上)所在校区)提供 无息贷款 ，工作后几年内要还清  3.住宿费和生活费  3.1.住宿费.寝室有好有坏分为1000(六人间上下床)，1200(四人间上床下桌)完全按运气分配.    3.2.学校免费发放床单/被子/枕头/枕巾/热水瓶/盆/口杯(这些只允许用学校发的因为半军事管理)    3.3.学校免费发放校服:海魂衫两套/迷彩两套/上白下蓝/全白短袖/黑色海员服/白色海员服/全白礼          服/呢子大衣/黑色皮鞋白色皮鞋(陆上专业的同学是要交钱的(微笑)）   3.4.每个月有48元补助，海员日免费餐点   3.5.东山食堂又便宜又好吃算是隐形福利吗？？？我反正月末没钱就去东山吃饭（微笑）  4.奖学金     4.1除了全校统一的奖学金体系以外(学业奖学金和情商奖学金)，航海专业有独立的专业奖学金             5000元。    4.2奖学金覆盖率达到百分之67%，是的挂科了说不定也有（本学渣的微笑）  5.其他   5.1.考证相关：航海技术专业的毕业证书和学位证书是和航海类职业证书相关联的，不仅仅大学           期间要通过四六级（36元/次)/六小证600左右/G证900左右/大证900左右/水手证900左右，如果         是跑特殊船务(例如油船，化学品船，还需要考油化证大约8000左右，不过一般入职公司会报销)相         比其他海事类院校在证书上面花的钱还是要少一些   5.2.海事拥有自己的校船育鲲轮和育鹏轮，提供实习很方便不需要交钱(航海类院校没有自己的船实         习是要交钱的)   5.3.毕业以后，航海技术的学生是实习三副，十八个月工作后是三副，也算有个高起点了(对了航海技          术的学制是三年半，冬天毕业) 5.4 哦，跑船好像不要毕业论文答辩(一个变形的微笑)  总的来说，学费不多，属于国家扶持专业福利还是很多的     欢迎报考大连海事大学:) 
大连海事大学有几个校区？,大连海事大学作为交通部直属中国最好的航运类大学校区规模有限但是遍布全国走向世界这个水平还是有的。 主要有： 西山校区：  东山校区：  凌海校区：  育鲲轮校区：（根据我国宪法，我国船舶航空器均拟制为中华人民共和国领域）  大连海事大学杨树沟校区：  大连海事大学河北函授站（秦皇岛）： 又名：秦皇岛兴荣海事中等职业学校  大连海事大学天津校区：  大连海事大学北京研究院：  大连海事大学斯里兰卡校区：   根据我所知道的校区暂时只有以上这些，如果还有更多欢迎指正。
作为大连海事大学交通与运输管理学院的研究生是一种什么样的体验?,请问题主是什么专业？
海事大学适合文科女吗？,啊哈，发现潜在学妹一只。嘿嘿，不知道你喜欢什么专业呢，如果是航海专业的话，不推荐女孩子学。:不过我大海事还有很多专业适合美美哒学妹来学习的，比如气象专业（大连海事的气象很厉害的，全国前列），我个人比较推荐你学这个。还有什么问题也可以私信我，尽量解答（不用担心，我已经毕业了，哈哈）
zhihu教育背景里为啥没有大连海事大学？,有啊，我的就是。
大连海事大学游泳馆冬天有地热吗会不会特别冷？,本人14年毕业的海事学姐、想说的问题除了题主提问的冷不冷还想补充几个： 1、关于外校传的我校男生众多导致布啦布啦的什么女生不敢去游泳馆的问题（主要就是说这个） 2、关于整个泳馆的质量还有些琐碎小事等一系列问题 3、关于有没有教练教游泳的问题（这个问题就一句是我硬凑的……） 大类就这些 我可能会比较墨迹……   不想往下看的我先回答题主的问题。 作为一名怎么热都不怕就是受不了冷的常年低血压的女生来说，不论冬夏 游泳馆的水对我来说都是冷的……开始下去的时候都要咬牙〜〜〜 馆内水温常年22度23度这样  咱们体温37你说冷不冷。但是道路是曲折的前途是光明的 只要挺过了刚下去的时候游一游就会好了〜   以下是我多墨迹的三个问题 背景陈述： 游泳就是在海大游泳馆学会的。大二刚开学的夏天和只能用不标准的自由式泳姿游5米左右不会换气的室友一起去游（pu）泳（teng），我自己是连5米都游不上只是处于不怕水的阶段。 =======================================传说中的分割线============================== 1、说我们学校男生不好的我在这表示下愤慨 谁说的学校女生少男生就都好色、谁说男女比例7：1的学校男生就饥渴！我大母校堂堂的211院校全国最牛逼的海事院校你当是闹呢么〜你以为我们上学就是为了儿女情长么（是为了以后能更好的情长……）〜 再说东山兄弟们班上再没女生校园里也是随处可见一抓一把好么〜  嗯继续说回游泳…… 游泳馆里确实男生比较多 没办法男女比例在那摆着〜室友我俩长相中等，第一次租了水袖，大夏天的在水最浅的地方试着扑腾。结果当然是扑不起来 会游的都知道戴泳圈水袖神马的是根本不可棱学会的！！！然后就干泡了会儿回去了。第二次学乖了啥也没戴 反正豁出去了1米5的地方也死不了哈哈哈（最浅水深1米5）她比我进步快点儿能游一块了  我就自己扑腾，后来扑腾远了回不来了正当我想着这特么可悔了姑娘我一没学业有成二没成家立业三没为国捐躯就这么憋憋屈屈的狗带了的时候，，，一双手把我拉回来了…………（第一位学长出场 其实也不造人家是不是学长但是因为我当时大二就觉得学长几率比较大暂且这么叫了 不过别期待有什么故事昂我是来为我们海事男生的正经度正名的！！）其实我当时离扶手好像就1米多          然后我当然是眼泪汪汪感激涕零，人家就特别腼腆的点了个头也没梭啥〜   然后我就歇了会儿接着扑腾 摸不到扶手的时候还没等我挣扎 人就又把我拽回来了、后来我就更放心扑腾了反正有人救。他当时好像是游累了在岸边坐着歇着……反正一直到快闭馆该走人了他都跟那坐着拽我、我分析是他是好事做到底不太好意思把我扔那不管 〜 走之前说了个谢谢。   大概第三四次游泳 又碰上个小哥（第二位学长出场 这个确实是学长 大三的〜） 他是主动过来说话的  你们猜他面对陌生妹纸的第一句话说的是啥 …… …… …… …… …… …… …… …… …… …… …… …… …… …… 他说 你这游的啥 不是这么游的……有点儿微嫌弃的语气你们脑补吓、我也是醉了   这小哥长的挺白白净净挺清秀的 、因为这个简单教了我点儿所以有面对面的时候能看清长相 上个一直跟那坐着我个160的小矮子加近视当然看不清只记得是花泳裤…    额又说多了、我严重怀疑我这篇无营养长文没人看 。  额……说到他嫌弃我俩游的  然后就简单指点了点儿  然后发现我去有人指点跟自己扑腾揍是不一样啊不一样〜当天就能游10米多了 就是只要不离岸边太远完全可以自己游回来了〜     至于他的语气都无所谓了从小脸皮厚有人教还要啥自行车。  再后来会换气了虽然换不太好 就能游一半泳池长度了，有次室友跟我说第一个学长在我游的时候出现了在旁边站了会儿发现不用人拽就走了。  你们看你们看你们看！！！  我大海事的学长就是个助人为乐完全没你们想的那些〜〜〜〜〜〜 啥 你说因为我丑？呵呵 我丑但是我室友胸大啊   这样好像不好……但是事实〜再说我俩也没丑到没人要当时都有对象……   第三位出场的是同届留学生 当时已经游的成型了能游来回（100米） 也经常去不停留泳道区游。留学生我忘了是哪个国家反正视感像阿富汗那种眼睛大大头发卷卷身材瘦瘦的，说我游的好 然后就在我旁边跟我一起游〜后来要走的时候要把Q号（对没错就是Q号 ）给我  我说我记不住、然后人家就把房间号给我了……我们学校留学生公寓就一栋 有点儿吓人的说  但是有可能是歪国人都是这么热情好客吧〜   总之我想说的是我校游泳馆普遍素质都不错，不会像传说中的去个女生游泳就被人从头看到脚……   反而要注意留学生、当然不是从人家给我房间号。是因为我们国家好像普遍对于歪果人有非常大的好的偏见、就大学生来说好多人以认识一两个留学生为傲〜尤其我们学校留学生盛产俄罗斯小伙一个个金发碧眼哇哈哈哈流口水在所难免，但是交朋友要甄别人品 别就因为人家是留学生就觉得他们高一个level。   2、关于泳馆质量…… 我是14年毕业 东山的新泳馆去过 个人感觉没有那个好。可能对初学者更方便因为最浅的是1米2的        老馆是完全的正规标准游泳馆，据说什么什么正规游泳比赛的就在老馆。然后体育馆也常年承办各种比赛和演唱会神马的哈哈母校好棒〜    时间：周一到周五  17：30-20：00   说是到8点但是得给人工作人员留出时间来所以基本19：30就赶人了。            周六周日   15：30-20：00  我忘了有没有夏令时冬令时的区别了……    反正夏天人巨多 基本上如果下了课去的话（17：05）就已经排老长的队了 男生队长大概是女生的2倍多吧 。会有挺多家长带着小孩子 一般都是海大附小的。   价格： 我在的四年都是校内8块 刚看有回答说现在10块了。校外大概30 校内的能办卡 就是在多长时间内可以游多少次，朋友有办的来着 算下来好像7块钱不太到（票价8块的时候）  感觉也没便宜多少〜  最好拿一卡通去（在一卡通有钱的情况下） 那可以直接刷一卡通  如果一卡通没钱或者用学生证 就需要去前台那买票 价格是一样的 只不过麻烦一点〜 租水袖、买泳镜泳帽神马的都在前台。 刷一卡通的时候有个白白的微胖的姐要仔细对照一吓照片和本人〜本宝宝因为一卡通照成shi所以经常被她看好几遍……    关于水温 馆内有温度表的 显示今天水温多少多少  国家规定的标准温度是22-26度 那的水温基本上都是22度。 我们体温37度左右你说能不凉么  不过下去游一会儿就好了，我是除了夏天以外的时候去游都是不太能歇  一歇就冻得嗦的……  馆内有个水深4米台高不道几米的跳台  我就没见那池子有人过  应该是专业训练用的。  关于水：大家都说泳池是最脏的地方什么人都有各种口水细菌尿素什么的……但是话说回来哪没细菌、你去个健身房器材上还全是别人的汗呢主要成分也是尿素好哇～ 我海事的馆一进去就能闻到明显的消毒水的味道 但不刺鼻。水的洁净程度也是非常高的，旁边的毯子每天都会用水枪（我不知道叫啥名……高压的那种）冲。所以卫生程度基本不用担心。   整个泳池均分为两部分 都是从1米5到2米由浅到深 一部分没有泳道 是可以随意爱在哪趴着挺着蹲着都ok只要别影响别人的部分 这部分人多 因为可以随时停 更多的是不太会游的 ，一到暖和的时候1米5那头就会聚集一堆人……基本上都是不会游的 成对儿的也比较多 游泳时候路过那挨踹几率几乎为100%  〜  另一部分有泳道 在那游是不能停留的需要至少游50米 人比较少 但是对我这种体力不咋地游了三年有时候还呛水的人来说是挺吓人的 尤其游到中间的时候更是哪不靠哪。提醒大家游泳要做好准备活动别一开始就在不停留泳道游  万一脚抽筋什么的估计能吓死……    再就是比较零碎的： 馆内不用自备拖鞋 都有提供的 也很干净。 木有吹风筒需要请自备 有插座。 有个小超市 卖水饮料和烤肠 游太累了可以出来买根恢复体力。 女厕第一个冲水时候水会喷到脚上……尽量别去第一个（如果还没换新的的话） 如果不是太难得去一次 尽量在19：10之前就出来 不然冲澡要等好久〜 新区的姑娘们 游完可以回新区后面吃关东煮 特别好次又不长肉〜夏天游泳和关东煮更配喔〜〜〜   暂时就想到这些。    3、关于教练教游泳    如果想系统的学 没问题海事泳馆是有教练的，然而具体多少银子上多少时间的课我一概不知    请具体去问。    最后 游泳健身游泳美体游泳养颜、大家趁有便利条件多去游吧〜 我已经一年多没回去过 很是怀念。   就这样。
如何看待有些人参加完大连海事大学承办的acm因为该学校得金就狂喷比赛有内幕东北赛区都这样这一类现象？,在今天结束的沈阳赛区的排行榜中出现了一个现象：大连海事大学在大连赛区的金牌队弃赛。。。。另一支队伍则是最后一名。。。。我想有些事情貌似可以说明一些问题。。。。弃赛在此时此刻貌似不是一个明确的决定吧。。。。  -------------------------------------------------------------------------------------------  既然关于大连赛区的事情已经引起了各方“混战”，那就简单来说几个问题（也可能有人已经说到了这些问题）：  1. 如何看待大连海事大学作为ACM-ICPC regional的主办方夺金并刷新历史记录？ - 算法  该问题的提问者与 【国内ICPC圈】 毫无利益关系，况且小朋友  @后缀自动机·张 人也 【不在国内】 ，何来参加完此次比赛来喷“东北赛区存在问题”这一现象？  2.往年东北赛区确实存在 一些问题 ，去年还有朋友因为那个事情被波及（事后证明了自己的清白），既然已经过去了以前的问题也就不提了。 既然有先例，大家提出质疑也不是全无道理。    3. 如何看待ACM-ICPC 2016 Regional 大连站主办方大连海事大学不敢公布比赛出题方？ - gxnncrx 的回答  @gxnncrx 菠萝巨巨的回答明确引用了 【ACM-ICPC国际大学生程序设计竞赛亚洲区主席黄金雄教授】 在其博客关于ICPC大陆赛区规则中的原话：  (c)  竞赛主办方必须至少提前三星期在网站上公布网络预赛和分站赛命题的学校或单位，以及必须至少提前三星期把实际出题的负责人及裁判名单向亚洲区主席备案 。 此次大连赛区举办方大连海事大学明显违反了此条规定。网络赛命题单位／正式赛命题单位都不知道，而且要求的时间是 至少提前三星期 ！！！  4.先不论大连海事大学的ACM水平如何，我们来贴一下这支队伍在可以找到的比赛中的成绩：   a. 2015年长春赛区现场赛：rank 59  b. 2015年上海赛区现场赛：rank 128  c.2015年EC-Final现场赛排名： rank 238  d.2016年大连赛区现场赛： rank 21   根据仅有的名字大概发现应该是两位13级的和一位14级的学生，最早以“敢死队”的队名参加过14年的比赛，根据信息显示，这支队应该没有发生过人员变动？如果是这样， 我不做评论 。期待他们在后续的比赛中取得好的成绩，这样既可以证明自己，也可以给质疑者打脸。。。。不过还是想说不到一年时间这样的提高算非常大？毕竟 去年的结果是银牌&amp;打铁&amp;打铁，此次大连赛区一度处于金牌区。。。   5.在以往的比赛过程中，主办方&amp;出题方都会选择不参赛或者打*参赛，而这次比赛中 举办方不仅选择了正式参赛而且给他们的队伍颁发了金牌 。这也是他们最为被诟病的一点！虽然根据他们教练的说法是“ 为了肯定他们成绩 ”，既然在黄金雄教授的博客关于这种行为给出了模棱两可的说法，即未表明态度。也就只能仁者见仁，智者见智了。。。  6.东北的地理位置本就偏远，每年两场有点让大家提高经费或者放弃这个赛区的意思，对于绝大多数地区的学校来说都属于偏远。。。  7..关于此次质疑，最开始的初衷还是两点：    出题方以及裁判方不明确；     举办方正式参赛以及给自己发奖牌；      PS：提问者为什么觉得这样的质疑属于乱喷。。。而不是合理的质疑呢。。。   PPS：既然觉得大家都在喷。。。为什么不实名呢。。。   PPPS：作为还会在今年的China Final出现的一支队伍，也可以期待一下他们接下来的表现。。。   PPPPS：后续如果再不出现的话我觉得我有理由认为这次的金牌属于黑幕。。。。。 
有一个大连海事大学的男朋友是怎样的一种体验?,谢。 早上会陪我去食堂吃饭， 陪我去超市都是他拎东西， 穿着制服很帅， 自习室帮我占座， 陪我上自习， 。 。 。 。 。 。 。 。 。 。 。 。 。 。 。                         我实在是编不下去了，邀请我一个大学四年没找着男朋友的人来答这个题什么意思？？！！！
广东考生多少名能进大连海事大学？, 今年理科30000名之前都稳，16年理科34000左右都能进  今年文科10000名之前比较稳，16文科12500以前能进 
北京林业大学和大连海事大学学计算机那个好一些？,大连海事吧，毕竟理工科院校，而且大连海事有计算机的博士点和博士后流动站，该专业有一名共享院士，和一名长江学者教授，实力强劲，生源也不错。
如何看待大连海事大学的半军事化管理？,利大于弊。受益终生。
大连海事大学招新，17届有广东招生群吗？, 哈哈哈哈自问自答造福萌新，17届广东招生群 222789941 
在大连海事大学就读是一番怎样的体验？,海事大学让我很失望。一个官场一样的大学，做些忘乎所以的事情。 一个学校，一个大学，第一位的应该是教育是学术。然而大连海事大学呢？ 在我看来，很多所谓的半军管表面工作很大程度上地影响了学习生活。关于下面一些同学说的，你觉得海事好，那是因为你们在海事的好专业，所以你们才会那么觉得的吧。有人说，xxx 是你自己混的不好你才这么说的吧。ok 可能我自己真的混的不好，跟导员不认识，不能够拿到那么多优惠。国家贫困3000元都可以不需要贫困证明的地方，我当然混的不好。but，我想说的是，我来大学不是来混的，我是来学习的。那些个 ，给好评的，你们不都是东山的么。。海事大学的精华所在。东山那么多优惠，免费，多少钱不是从西山弄过去的。用脑子想一想西山的待遇。对于隔壁班一整班女生乱搞的事情我已经不想多说。这是211大学吗？ 听说新来的校长要控制挂科率，就是必须要有多少人挂科。只是听说罢了。如果是如此的话，我倒是怀疑他是否学过管理学。难道他是学经济学的？哦。。。他是学轮机的 有时间继续更新
未来大连海事大学的核心竞争力在哪？,交通部与海洋局签订共建协议是一个标志，海大的核心竞争力在于围绕海洋相关，围绕海洋的全产业链上的专业都是具有极强竞争力的，也是大力发展的，海商法不会有问题的，今天著名航运企业上海要了一个我们海商法的校友，虽不是应届生，有工作经验的竞争力依然很强劲！师傅领进门修行在个人，我只说这些专业是核心，但是你是否能成为核心在你，不在学校，他只给了你一份敲门砖
大连医科大学和大连海事大学隔着远吗？,大连医科大学（本部）在旅顺，大连海事大学在甘井子高新园区，距离二十多公里，还是挺远的。 另外有一个大连医科大学中山学院，也在甘井子区，相对来说比较近。
大连海事大学能否胜任双一流大学？,双一流定义是以 中国特色   、世界一流为核心，以 立德树人   为根本，以支撑 创新驱动发展战略   、服务经济社会发展为导向，坚持“以一流为目标、以学科为基础、以 绩效   为杠杆、以改革为动力”的基本原则，加快建成一批世界一流大学和一流学科。 基本原则：1， 坚持以一流为目标 。引导和支持具备一定实力的高水平大学和高水平学科瞄准世界一流，汇聚优质资源，培养一流人才，产出一流成果，加快走向世界一流。2， 坚持以学科为基础 。引导和支持高等学校优化学科结构，凝练学科发展方向，突出学科建设重点，创新学科组织模式，打造更多学科高峰，带动学校发挥优势、办出特色。3， 坚持以绩效为杠杆 。建立激励约束机制，鼓励公平竞争，强化目标管理，突出建设实效，构建完善中国特色的世界一流大学和一流学科评价体系，充分激发高校内生动力和发展活力，引导高等学校不断提升办学水平。4 ，  坚持以改革为动力 。深化高校综合改革，加快中国特色现代大学制度建设，着力破除体制机制障碍，加快构建充满活力、富有效率、更加开放、有利于学校科学发展的体制机制，当好教育改革排头兵。 海大的定位应该是建设世界一流的航海类高校。第一批一流学科必定会有，但是想进第一批一流大学建设名单不可能，第二批第三批还可以想一想，毕竟隔壁还有个大工吖。
大连海事大学宿舍条件如何？,没空调。独立卫浴也没有。 上网的话大部分都是用校园网几毛钱一小时。网速玩守望先锋魔兽世界没啥问题。英雄联盟需要用加速器。你也可以自己办宽带，不过可能会有隔壁的极品同学一起蹭速度反而更慢。 电限电360w。一般小用电器都可以用。暖手宝不行，插上就跳闸。硬件环境在大连各大高校中算是很好的了。
怎么看待大连海事大学东西山的差异?,一个大家族里，有嫡长子，嫡次子，庶长子，良妾生的庶子，贱妾生的庶子，通房丫鬟生的庶子。  另，别问我谁都对应谁，闲着没事说这么一句而已。
如何评价大连海事大学？,闲来无事，以非常主观、非常不理性，全凭自己感觉的态度来回答一下这个问题。 欲扬先抑，我上来先定个调子？ 我曾很多次考虑过这个问题，「如果再给我一次机会，我还会选择海事吗？」 答案从来都是，「 不会，我不会再选择来海事大学 」 1.我讨厌升旗！ 我们导员曾经语重心长的跟我们说，等你们以后毕业了，一定会怀念这段早起升旗的时光。 哈哈哈！我本科毕业3年多了，从！来！都！没！有！怀！念！过！升！旗！ 2.我不习惯班级的氛围 知乎上有熟人，这块就不多说了。 3.说说海事的校风 噢...请不要误会，我说的不是西山图书馆那莫名其妙的妖风，我说的是内个校风，你懂的。 海事的校风，又红又专，官僚主义严重，官本位思想根深蒂固。给人的感觉更像是一个政府机构，而不是学校。某些人，更像官僚，而不是师长。 举个海大导员的栗子    「 实习的请假也要参加 」 这种导员绝对不是个例。对于他们来说，学生的感受 与我何干 ？ 他们在意的，就是如何取悦上级领导。还有一些导员，利用手里芝麻大点的权力，成天就想搞权力寻租。有跟学生谈恋爱的，更有带漂亮女学生去酒吧的。因吹斯汀。 4.整天天拆了建，建了拆，你当学校是挖掘地实习基地呢？ 我真不明白，三食堂前面的那条小路为啥拆了挖、挖了拆，还有完没完了？ 5.命途多舛的小吃一条街，以及现在看起来略有些讽刺意味的「吃在海大」。 客观的说，东山食堂（尤其是二食堂）吃的还是不错的，性价比很高。但是总体来看，食堂的水准仍停留在「饱腹」的阶段。特别让人不爽的是，现在海事已经没有一个真正意义上的小吃街了。这真是叔可忍，婶儿不可忍。 6. 就业网及就业指导中心 ，你们组织架构我也闹不明白。 招不来名企来学校办宣讲会，这不怪你，但是你们中心的人把仅有的一些工作和实习名额都私吞了，这吃相就不太好了吧？想当XX就别着急立牌坊，就直接定义为一个「为中心工作人员服务的机构」好了。更龌蹉的事儿我就不说了，留点脸面。 ----------------------------------更新的分割线----------------------------------------------- 今天上午上班不忙，想起来一个小学弟的评论，闲来无事儿挂一下  我承认当时我看到这个评论后，是很生气的。 一是被人骂，不开心。二是他没骂到点子上，我也不开心。 1.爱自己的学校没有错，但是要长脑子。 2.没有幽默感的是实在是太不可爱了。 3.我已经毕业了你让我怎么退学? 4.在网上吐槽了自己学校就要去教务处喝茶，少年，你这个想法很危险呐! ---------------------------------吐槽完毕的分割线-------------------------------------------
大连海事大学，这是一所怎么样的大学？,本人海事东山学生一个。但是，并不喜欢这所大学
保研东北大学还是大连海事?,别来大连海事读研了
为什么近日公布的辽宁省双一流名单中，没有大连海事大学？,1.官方的回答算是一个原因.不要说学校现在在糊弄咱们，在自欺欺人。学校也不是傻X，如果真的不能入选，校园网上新闻不会总提到双一流几个字，这到时候不是啪啪打自己的脸么。 2.省里的东西不必太当回事，现在各省都推出了双一流计划，但是情况却不大相同。 山东省文件中完全未把山大，中国海洋，中国石油等入列。 河南省计划两所大学 河北省建设20所左右国内一流学科 浙江省150个国内一流 四川省计划150个国内一流……（这尼玛连专科都算上了吧） 所以这些都只是省里的想法而已。 3.目前比较认可的关于双一流的说法是；第一批世界一流大学名额大约在5-6所左右。所以大连理工和东北大学到底能不能进真的是个问题。 不过看省里文件的意思应该是即使国家没给大工和东北名额，省里也要支持它们建设成为双一流。 而辽大，东财等等的入选的四个学科定位只是国内一流。 海事的地位比较尴尬。一流大学基本上是不可能了，所以到底是给世界一流学科和国内一流学科省里还是拿不准的，毕竟海事是由交通部主管。 （再参照7.） 4.尽管海事科研差，不重视科研确实是一个黑点，但是从2012年的学科评估和近几年辽宁省本科专业评估来看，海事仍然有和辽大和东财抗衡的实力。（2012学科评估两个前十：交运和船舶。省里优势专业评估：大工19个，东大8个，海事7个，东财和辽大各4个，而海事这7个里未包括轮机航海船电救捞等专业。14年辽宁省本科评估，共37个专业中，海事东财辽大好像各有3-4个专业是省内第一的，具体记不清了。） 5.请不要拿武书连或者校友会排行榜说事，但凡有脑子的人都知道它不靠谱，众多行业内顶尖211高校被黑的很惨：北外上外排名180+ 北中医190+ 中国政法130-150 ……  想知道高校实力请参考教育部学科评估。 6.身为海大人你要自信，现在辽宁省已出的22个学科名单中，大连海洋和沈阳化工入选的学科，连博士点都没有！其他很多学科评估排名50-60的都入选了。所以海事再差也能弄几个国内一流吧。 7.已入选的22个一流学科当中，缺少（一级学科）：船舶与海洋工程、交通运输工程、信息与通信工程。而这三个恰好是海事最强的三个学科，实力和大工差不多。而法学，仅辽大入选，按照其他学科都是两三个来看，海事的法学也有可能入选。所以我感觉省里还是给咱们留了位置的，具体还要看交通部的意思。 8.具体怎么样要看交通部文件，不过应该不会太早公布。其实想想也挺搞笑的，别的省或者部委公布双一流建设的名单都有几所，交通部公布名单只有一个学校。下图为交通运输部2016年交通运输工作会议上，部长李小鹏发表报告2017年工作安排。  
大连海事大学从励志到锦辉还有小路可以走吗？,有的，铁栅栏被打开了两片，可以轻松通过。
在如今全球经济和航运业情况下，报考大连海事大学航海技术专业会有怎样的未来？,航运届总是好五年，坏四年，属于比较波动的行业。虽然现在航运届是低谷状态，个人觉得航运届还会再一次出现高峰的。（个人观点）
集美大学和大连海事大学在校史上有什么纠纷？,大连海事大学是由上海航务学院、东北航海学院、福建航海专科学校于1953年合并而成，时为该国唯一的高等航海学府。  大连海事大学有100多年的建校历史，也和上海海事大学、集美大学有校史纷争。要想弄清楚这些校史纷争的原因，就要从大连海事大学的三个前身说起                         1.上海航务学院   1909年， 南洋公学船政科 成立，后改名为国立吴淞商船专科学校 。   1950年，上海交通大学航运管理系及海关总署务专科学校海事班与原吴淞商船专科学校合并，改名为上海航务学院。   所以，从某种角度讲，大连海事大学和上海交通大学和上海海事大学都有亲缘关系。  然而，上海海事大学也把上海航务学院当作自己的前身。 在百度百科或搜狗百科上，都可以看到大连海事大学和上海海事大学都把南洋公学船政科和上海航务学院当作自己的前身  另外，大连海事大学和上海海事大学的校徽上都写着1909作为建校时间。                       2.东北航海学院    同为大连海事大学的前身，东北航海学 校比上海航务学院晚。  1927年成立东北商船学校于 1951年改名为东北航海学院。  可能由于东北航海学院地处大连，这个学校是大连海事大学三大前身中唯一一个没有校史纷争的学校。                      3.福建航海专科学院    要讲福建航海专科学院的历史，不得不提 陈嘉庚先生的集美学校，1918年集美学校建立，1920年集美学校开设水产科，渔航兼学。1952年集美学校的水产部与厦门大学航海系合并改名为福建航海专科学院，开始独立办学。（所以说，大连海事大学和厦门大学也有亲缘关系）   1953年，福建航海专科学院迁至大连，与上海航务学院和东北航海学院合并为大连海事大学。   1958年，集美大学重新开设航海学院。集美大学也把福建航海专科学校当作自己的前身，因为集美大学在1920年曾开设过水产科。   陈嘉庚先生的主要贡献是创建集美大学，福建航海专科学校只是他贡献的一小部分。另外，福建航海专科学校的历史没有上海航务学院悠久，也不像东北航海学院地处大连，所以，同为大连海事大学的前身，福建航海专科学校很容易被忽视。自然陈嘉庚先生就在大连海事大学没有很高的名气。
大连海事大学毕业之后的轮机工程专业学长（学姐）现在生活如何呢？,我就当你是船修的吧，现在也应该是叫什么轮机工程陆上。 觉得还是应该和你说一下，我16届毕业(好像不过是去年呀(￢_￢))，今年我们一个班留在船厂的应该不到五个人了。回想起那是12年的时候，虽然行业不景气，船修的小伙伴还是充满期待的。 我个人是没有在船厂工作过，不过听大家的反馈，要么是离开了，要么是准备离开了。
大连海事大学电气 有博士点吗，有几个博导？,一个
通信研究生选择上海海事大学还是大连海事大学？以后在上海就业,为什么不拼一把来北邮呢？北邮毕业去上海是没有问题的。
大连海事大学作为中华人民共和国中央部门（交通运输部）直属高校有什么优势?,（知道你们要的是什么，点赞翻到最后吧～） 利益相关：13级信息学院皮卡丘专业（光电） 报考咨询欢迎加微信：272616611  （升旗仪式放在前面表明身份）  在海事小三年了，从入学是骨干（啊小小的炫耀一下）。当过班长，部长，团总支副书记，各种学校活动的志愿者，奖状拿的不多，也就那么七八个的样子，还有一个双学位，说来对海大也算体验丰富。  ( ´･ᴗ･` ) 既然是体验就不把百度上有的东西放上来了。 首先，必须要破除几个流言… （可怜我海事被人黑的太惨）  在一切的一切的一切的之前！  大连海事大学是大连市唯一一所综合类院校   大连海事大学是大连市唯一一所综合类院校    大连海事大学是大连市唯一一所综合类院校    无论是东财还是大工在专业设置的丰富度上，在男女比例的均衡性上，在文理专业的侧重上跟海事的差距都是巨大的， 你们有中文专业嘛！你们有哲学专业嘛！你们外语学院有我们大嘛！你们法学院有过省状元嘛！你们管理学院有我们分这么细嘛！ （以此吐槽普遍认为海事是理工类的所有人）   第二，海事的学生不是都上船啊！不是我们有船学生就要开船去啊！  海事都有什么学院会去开船呢…  航海学院 轮机学院（录取线：一本线） （ 以上内容不存在对航海轮机的歧视…重点是除了航海轮机我们真的不上船    以上内容不存在对航海轮机的歧视…重点是除了航海轮机我们真的不上船   以上内容不存在对航海轮机的歧视…重点是除了航海轮机我们真的不上船 ） 有什么学院不开船呢：  信息学院 管理学院 装备学院 环境学院 外语学院 法学院 人文学院 物理系 数学系 （录取线：600＋）    所以一切以航海轮机的录取线觉得海事211垫底或者海事都上船的真是可以歇歇了！大工会把城市学院的录取线算大工的录取线嘛！东财会把萨里的录取线算东财的录取线嘛！  -------------------------------吐槽分割线--------------------------- 我想海事的女生节是每个海大人心中最好的回忆。  发一篇我们的班级日记吧，也许温暖就是海事最好的体验了            最后…  帅气航拍结尾～各位校友非校友求赞！  
2017大连海事大学？,大连海事是一本，所有专业
本人女二本物流管理专业今年毕业，现在有机会去大连海事大学读物流管的硕士以及留在一家德企做采购的机会？,  看你以后想干什么。  读研究生的话，以后可能考公务员进大国企都要更方便。如果以后想走学术路线就更不用说了，硕士怕是都不够。最大的一点好处就是，研究生能延长学生状态，你可以让这种舒坦的日子再过久一点。  如果以后就想在物流行业里面混的话，本科学历够够的，到时候真觉得需要再回去读研究生一样的我自己个人是有点后悔，当年应该本科出来工作，然后真的明确了方向再去读硕士，感觉收获会更大点。  不过说到底，人生也没什么如果，也许我真的本科出来又会后悔没读master。这种人生大事上，别人能给你的建议少之又少，每个人情况都不一样。 
如何评价大连海事大学官微对5月22日守望先锋比赛结果的看法？,我不会讲道理，只会讲我自己经历的和我看到的故事  随着国家电竞专业的设立，我的大学申请成功明年电竞专业正式招生，去年十二月，为了筹备电竞专业，学校成立了电竞班电竞社团校队，我也是借这个机会，接触到了高校队这个团体。 最开始组建校队在学校两万人中选出7个人，都是第二赛季4000分左右，如今四个500强。当时初生牛犊不怕虎觉得这样的水平在高校队岂不是美滋滋？作为领队我进到高校约战群先是约了几个出了名的强队，惨败，后约了几个中等水平的队伍，惜败。慢慢的我了解了这样一个圈子，再也不敢小看任何一支队伍，任何一名选手。 守望先锋高校队的大家，周一到周五79两场训练赛周末479三场还有寒暑假的集训，从赛前战术布局到赛后总结有模有样，运气好的队伍还找到了自己的教练，也会有志同道合的女同学自愿做起领队，甚至会有一个队伍集体出去合租每天像职业队一样除去上课时间都在训练打游戏。 如果仅仅是为了“玩”，不会有人做到这种程度， 每个人都是为了“荣耀”。  CSL暴雪高校星联赛，他的关注度和Owps没法相比。海选，大区赛，八强赛，每一次比赛打响，群里几百号人都在关注着，除了自己的队伍，还关注着自己的对手，哪怕被淘汰了，也在讨论下一场比赛哪个队伍打哪个队伍会是怎样的发展。在这里，我们因为晋级欢呼高歌，也会因为落败偷偷掉眼泪，会为每一个队伍呐喊助威，会为每一场胜利热血沸腾。这是我们的赛场，即使拿不到冠军，我也为自己有幸站在这个舞台上骄傲。 不久前有转去做高校赛的朋友问我高校队想要的是什么，在群里一问发现大家比起钱，名气，关注度，更想要的是学校的认可。每一个队伍都顶着学校的名字在赛场上拼搏，大部分学校是不支持不反对，少部分学校会支持，也有大连海事这样的学校，觉得学生在不务正业。我总感觉像考试考了前四名的孩子回到家，爸爸妈妈却说这个考试有什么用？如今的四强之一，大连海事校队，即便得不到学校认可，也绝对不是反面教材。至少每一个高校队员，都是我心目中的英雄。   重庆邮电 重庆大学 四川传媒 四川电科 四川大学 四川音乐 重庆科院 重庆成科 黑龙江工程 天津工业 青岛科技 青岛大学 上海电力 上海理工 浙江传媒 浙江万里 浙江工业 杭州电科 山西传媒 河南工业 诺丁汉 广东工业 南京工业 南京大学 湖南农业 北京地质等等等等  又到了毕业季，很多高校队都在面临队员实习毕业的问题，大家在惋惜高校队寿命不长的同时，也在感慨 能在青春里 为自己热爱的电竞 付出汗水 是多么的幸运 且幸福啊   
上海海事大学怎么样？,题主碍于压力把大连海事去掉了 这样显得好无辜啊！！！ 既然就说上海海事的话！我要告诉大家！值！！真的值！！一点都不后悔来海事！！ 风景好，抬头望眼都是一幅画。 旁边是东海，找个好天去看日出，美得像夕阳。 食堂物美价廉，种类繁多好评如潮，还经常办美食节。 社团活动多得不行，晚会一场接一场根本停不下来。 图书馆很美，环境也好，适合安心读书。 我的结婚照一定要在海事拍！嗯！   —————原答案—————一所211，一所一本尾巴，不得不说大连海事初始口碑是比上海海事好的。 关于两校的王牌专业水上专业，出去就业时候口碑好像也是DMU更胜一筹…（校友不要打我…） 不过SMU处于上海（虽然临港和市区的距离呵呵呵…）互联网，金融业都远胜大连，就业，创业环境还是不错的，于是就有许多船哥哥没有上船，比如我社团的一个前辈，去创业公司了 依托这样的地理优势，SMU的发展可能会变得多元化，DMU形势是更加专业化，各有特色嘛，兄弟学校就不要谈超过不超过了，好伤感情呀_(:з」∠)_ 我还是爱母校的，SMU赛高( • ̀ω•́ )
大连海事大学电信怎么样？,在海大的话，资费方面，电信是最便宜的，联通其次，移动最贵。网络方面，联通网好，移动其次，电信排末。 简述一下我舍友的体验，应该是大一办了电信卡，确实便宜，在宿舍楼（我们住瀚海A2）电梯间或者楼梯他是看不了手机的，有时候在教学楼或者图书馆他也是很无奈，电信给的流量很多倒是真的，我们流量会用完 ，他基本都有剩，坚持了一年合约期到了受不了，他换卡了。 学校电信信号确实是一大问题，考虑到网速影响体验，建议新生选择网络更好一些的。
大连海事大学 海商法 如何？想报非法硕士？,除了就业不好，剩下的还行
大连海事大学新生开学应该准备什么物品？,学校发被子脸盆蚊帐毛巾等日常用品，这些东西都不用准备，准备好防晒去军训吧
上海海事大学和大连海事大学的校史纠纷到底是怎么回事？,中国航海教育可谓筚路蓝缕，经历战乱和关停，到了1949年，中国仅剩下的三所海运高等院校（民用的），那就是东北航海学院、上海航务学院和福建航海专科学院，这三所学校都是专科层次的，但相比而言，后两所层次都较高，从其全名上就可以看得出：国立上海航务学院，国立福建航海专科学院，而东北航海学院，前身都是“省立”。所以说，1953年的三校合并成立大连海运学院，其实是两所层次和水平较高的学校，支援了较为落后的东北航院。但事实上，三校合并的主体是东北航海学院，这从当时师生人数上就可以看得出来：并校时上海航务学院有教师48人，学生354人，东北航海学院有教职工204人，学生569人，福建航海专科学校来大连27名教师，学生135人。  这些都是题外话了，只是想让大家了解一下当时并校的背景。  上海和福建1958年恢复航海教育，其实最应该感谢的是一个人：那就是陈嘉庚。  陈嘉庚是著名华侨领袖，集美学村的创始人，也是伟大的海洋教育先行者，1949年新中国成立后，在参加第一届中国人民政治协商会议时，曾提出“在沿海各重要地区设立水产航海学校案”等七项建议。其中，大力发展航海学校的建议受到中央重视。其中，亦有很大一部分原因是国民党撤去台湾后，东南沿海局势依然不稳定的原因，比如集美学村的福建航专就是处在内战第一线。但作为一手创办起来的福建航专，被合并到大连之后（合并也是征得陈嘉庚的同意），陈嘉庚也是充满了各种不舍，陈亦要求合并之后，要多多招收福建籍学生至大连海运学院，保证福建航海人才的培养。 1955年8月，陈嘉庚一行在全国考察，首先来到东北地区。他牵挂着航运事业的发展，不忘到大连海运学院考察。陈嘉庚到来时，大连海运学院已基本建成，他却认为办理不善：比如校舍简陋，图书馆、科学馆、体育馆、礼堂等均没有，而且教职工人数超编，行政人员繁冗。陈嘉庚大为诧异：“真是闻所未闻。 ” 回到北京后，对大连海运学院办学的不满的他立即写信给全国人大常委会和周恩来，要求查究。不久，人大常委会复信，夹转交通部函件，承认对该校办学失察，要求整改。   1956年2月，陈嘉庚在全国政协会议上提交了三份提案，第一份就是“建议恢复福建航海专科学校和上海航务学院案”，并在2月25日亲自致函周总理。鉴于华侨领袖的和政协副主席的影响力，陈嘉庚的意见得到了周恩来以及高层的认可。因此，1958年，集美学村里集美水产航海学校的牌子又挂了起来，这所学校后来演变成了四大航海学院之一的集美航海学院，1994年被合并至集美大学至今。  而对于上海来说，作为中国最大的港口，缺少了航海院校，无意义是少女少了头发。上海航务学院北迁大连以后，许多业界人士——包括一些吴淞商船、上海航院的校友也向中央请求恢复学校，但如果不是陈嘉庚的提案，作为资本家大本营的上海，想恢复航海教育亦没有这么的迅速。和集美学村的同一时间，1958年交通部委托上海海运局负责教室校舍等基础设施筹建工作，1961年9月，上海海运学院筹建工作初步完成，由交通部直接领导，为交通部部属重点院校。   这便是上海航务学院和上海海运学院有关系的根源——陈嘉庚的提案。那么有人要说了，为什么当时不直接恢复叫“上海航务学院”和“福建航海专科学校”，要重新以上海海运学院和集美航海学校的名字来定呢？中国人不轻易认错这个坏习惯，如果你以同样的名字出现，那不是说1953年英明正确的并校活动完全是个BIG JOKE么？所以，自然而然不会用同样的名字来复校了。  1962年，交通部决定对所属院校进行专业调整，先后将上海海运学院海洋运输类专业调整到大连海运学院，将机械工程类专业调整到武汉水运工程学院（现武汉理工大学），同时将该两校的管理和经济类专业调入上海海运学院。1958年大跃进时很多中专学校开设了大专专业一跃成为了大专，1960年国家经济遇到困难这些大专不得不下了马。1962年经济形势有所好转，在当时会计人员奇缺的情况下，交通部把因为下马而中断学业的这些学理工的大专生召到上海海运学院，按所在原学校编了三个财会训练班学习会计专业知识，63年5月，三个班约120余学生结业分配到交通部系统各港口和航运单位，后来上海海运学院的校友——交通部部长的黄镇东那时就分配在秦皇岛港务局。1963年暑假，武汉水运工程学院的水运经济专业迁上海，带来了16591、16601、16602、16611三个年级四个班，这样水运经济系就有7个班了。上海海运学院的船机系迁武汉，因为上海港口机械工业发达学院又开办了港口机械系。1964年港口机械系迁武汉，而远洋运输业务专业加上新开设的英语、法语专业，分出去成为远洋运输系，这时上海海运学院就有了水运经济系、水运管理系和远洋运输系三个系，真正初具规模了。到了1966年，上海海运学院转变成为交通部所属以水运经济管理为主要专业的交通部重点高等院，注意，此时的上海海运学院大部分理工科专业已经调走，成立一所完完全全的经管外语类的文科学校。  所以，你现在发现，目前上海海运学院的一些目前在高层的校友，都是学水经、水管、会计专业出身的，航海轮机的基本没有。  那时候，考上大学是很不容易的。当时高校招生理工科叫一类，医农科叫二类，文史科叫三类。因为社会有“学好数理化，走遍天下都不怕”之说，所以习俗上是理工科的看不起医农科，医农科的看不起文史科 ，一二三类的分科恰似上中下三等。因为上海海运学院是最被“看不起”的文科学校，当时的学校相关设施较武汉水运和大连海运来说有非常大的差距：看看现在的武汉理工大学余家头校区（以前的武汉水工校区）就知道了，那可是60年代的校园啊，当时的设施有些到现在来看都不过时。在苏联教育模式下，大连海运学院是按苏联敖德萨海运学院的模式在大连开办的，主要培养海运技术人员、管理人员。按苏联列宁格勒水运工程学院模式在武汉开办的武汉水运工程学院，主要培养内河航运及管理人员以及船舶工程技术人员。可见当时，交通部对上海海运学院并不重视。  那时候的上海浦东，在一片农田中有一幢教学大楼，一条用煤渣铺的土路蜿蜒经过教学大楼通向生活区。土路开口地方一个简陋的传达室和同样简陋的两扇大门。没有围墙，只有水泥柱子上简简单单地扎着三根带刺的铁丝网把教学大楼团团围住。更令人称奇的是大门口土路边还有一个钢筋混凝土的碉堡，枪洞虎视眈眈地望着前方。生活区里三幢学生宿舍，一幢教师宿舍兼办公室，都是四层楼。一个食堂兼礼堂，一个小篮球场。这就是上海海运学院的全部家当。  不过相比集美学村，上海海运学院已经幸运多了，至少还有几个系和专业，比如现在的中联部长wang*家*瑞就是上海海运学院远洋系国际邮政英语班毕业的。WG期间，集美航海学校干脆被停办，1970年，集美航海学校被并入厦门大学，成立厦大的一个系。到后来集美航海学院成立，也将国立福建航海专科作为自己的前身之一。  所以说，一切的一切，合校是政治，复校也是政治。在全国一片红之下，谁还敢再提自己的前身是反动派学校？恢复什么吴淞商船、集美学校？统统都打倒！  直到改革开放以后，社会氛围日益宽松，寻根问祖才又被提上了日程，不少原吴淞商船的校友，要求恢复母校（其实，还有一个很大的原因就是交通大学不认吴淞商船为其校友），并多次提出将上海海运学院改名为吴淞海运学院或者是吴淞航海学院，但改名之事哪有如此之易，后来在上海将航海系和轮机系合并欲成立二级学院“吴淞商船学院”，在快要挂牌的时候遭到了大连海运学院领导的反对，交通部要求停用此名，为了不驳吴淞校友（很多都是业界有影响力）之面子，于是退而求其次，变成了“商船学院”，以表纪念，这也是上海海事大学没有航海学院、轮机学院只有“商船学院”的原因。   到后来，吴淞商船校友会的牌子就挂在了上海海运学院的东门上，一直挂到后来东门重修，吴淞商船校友会的机构也一直设在上海海运学院。到现在，吴淞校友大部分均认为上海海事大学、大连海事大学为其共同的母校。正如钱永昌所说，上海海事大学和大连海事大学都是吴淞商船结出的并蒂莲花。其实，又何止吴淞商船？大连海事大学和集美航海学院也是国立福建航专结出的并蒂莲花。   但亦有一些吴淞校友：比如赵锡成对上海的感情更深。比如赵家在中国捐建了以其太太朱木兰为命名的中国第一个专门针对航运教育基金会——木兰基金会总部就设在上海海事大学，赵锡成之女，前美国部长赵小兰来华时，特意陪其父在上海去了上海交大和海事大学这两所与赵锡成有渊源的学校，并捐资建造了交大的木兰船建大楼和海大的木兰航运仿真中心。  历史已过去许久，判断是否继承了一个学校的身份，更重要的是是否真正继承了原先学校的文化与精神，否则，一切的一切，都是纸上谈兵和文字游戏。   又有几个人记得吴淞商船的校训“忠信笃敬”和集美航专的“诚毅”精神呢？可喜的是，上海海事大学和集美大学已经恢复了这两个古老的校训精神，也希望能够伴随着这两所学校，在今后的道路上越走越远，真正的深入到每一个学生的灵魂之中。
大连海事大学的国际声誉怎么样？, 有个答案说海事比上不足比下有余我就不开心了，我大海事笑傲全球随便碾压几个顶级大学还是挺轻松的，简单对比一下我们和麻省理工吧。  1.大连海事大学是我党领导下的社会主义国家公立大学，麻省理工是没落的资本主义国家的私立大学。两个国家的性质决定了，大连海事大学地位必然高于麻省理工，这是谁也无法抹杀的。 2.学校的占地规模决定了，大连海事大学强于麻省理工。学校占地339英亩，总共有3个校区。而麻省理工总共占地才168英亩，小得可怜。   3.学生人数上麻省理工再次告负。目前，大连海事大学学生人数已经达到2万余，而麻省理工才1.0万，相比大连海事大学少了1.0万人。为什么会少了1.0万人？不正是说明世界人民心目中喜欢大连海事大学的人多于喜欢麻省理工的人吗？ 4.学校的国际化程度。大连海事大学的学生不但全部流利掌握中文，并且还通过了英语大学四级考试。而麻省理工的学生除了会说英语，懂中 ￼  文的人实在是少之又少。同样，作为学校教学和科研的主力军，大连海事大学有很多老师既有中国的教育背景，又有国外的留学背景。而麻省理工，全校竟找不出几个有完整中国教育背景的老师来。 5.两个学校不同的校训预示了两个学校未来的命运。大连海事大学的校训是“学汇百川，德济四海 ”，读起来琅琅上口，一种胸怀世界的宏伟志向，一种朝气蓬勃的社会主义优越感和中华文化的厚重感，而麻省理工的校训是“以柏拉图为友，以亚里士多德为友，更要以真理为友”，听起来让人有同性恋的感觉，而且还有一种暮气沉沉的感觉。   ￼  6.另外结合很多人的个人经历，我更深深体会到大连海事大学作为一所世界级名校在所有学子心目中的崇高地位。我有一位同学，他作为一名美貌与智慧并存，温柔而不失刚毅的优秀有为青年，除了天资聪慧，秉赋过人外，更是每日三更灯火五更鸡勤奋苦读，经过不懈的努力，历经三次高考，终于有幸被大连海事大学人文学院破格录取为旁听生。而麻省理工，在他的3次高考经历中，没有一次愿意填报这所学校。   7.从专业的分配上更是凸显了海事大学作为世界一流大学的高端定位，着眼人类未来发展的海洋方向，在航海领域设置了单独的学院，而我们遗憾的发现，麻省理工在航海领域的专业设置为零，这正体现了海事大学在未来定位上的优越性。 ￼  8.学生的素质。大连海事大学半军管的特性决定了大连海事大学优于麻省理工，大连海事大学全体同学都有着能在烈日酷暑下站立军姿半小时以上，会走标准齐步，正步。这是腐朽的麻省理工学生完全不具备的，更不用说海事大学学生能在5分钟内将寝室瞬间清空的效率是麻省理工学生可望而不可即的。 ￼  综上所述，我可以自豪地说——选择大连海事大学，无怨无悔，因为它就是世界上最好的大学;。我们承认麻省理工在世界上名气大于大连海事大学，但这是由于美帝国主义的媒体掌握着话语权，有意压制大连海事大学的结果，我们相信通过全体校友在网络上的宣传，我们一定可以让世界人民认识并喜欢大连海事大学。  
大连海事大学物流工程硕士如何？,物流工程在大连海事大学来讲，是一个举重头轻快的专业，相对来说专业性知识比较强，专业课程也比较难，一般来讲学习起来没有想象的那么费劲，值得注意的一点是，物流工程的就业不是出来了就送快递，输出人才的方向主要是港口累的集装箱之类的物流管理
大连海事大学为什么那么有钱？,建楼能花几个钱，海事啥时候能建一个水池实验室啊，不提中科院了，相比985高校的科研经费，海事能拿到的少的很，只能建建楼了，做科研什么的最烧钱
中国政府大学环境法研究生和大连海事大学环境法研究生哪个比较值得考？,那你想做高晓露老师的学生么？
大连海事大学的强势专业有哪些？,大连海事大学的交通管理、航海技术、海商法、救助与打捞工程、船舶电子电气工程都是全国第一。轮机工程和海事管理是全国第二。此外，船舶与海洋工程、交通运输工程、通信工程、电子信息工程、信息系统与信息管理也在各自行业有较高名气。 大连海事大学的就业率很高，全校就业率97.16%，其中船舶电子电气工程、应用物理学、救助与打捞工程、船舶与海洋工程的就业率都是100%。全校就业率最低的专业是海事管理80%。
如何评价大连海事大学电气专业课电路原理英语教学？,这还用多说什么嘛
为何大连海事大学没有将陈嘉庚当作是建校创始人？,1953年，由东北航海学院、上海航务学院、福建航海专科学校合并成立大连海运学院，1978年被中共中央列入全国重点大学行列。  以上内容摘自 百度百科   陈嘉庚先生创办的是福建航海专科学校。其他学校跟陈嘉庚并没什么关系。
我是大连海事大学的学生，学的是船舶电子电气工程，我想知道，上船后我作为机电员的地位，工资待遇怎么样？,谢邀，我们老师说船舶电子电气工程毕业后在船上负责电气部分，工资相当于二管轮。远洋电机员月工资在2500美元左右，折合成人民币每个月一万五左右。目前人民币在贬值（美元就相对增值），估计几年后折合成人民币的工资会提高很多。   船舶电子电气工程专业就业率很高，就拿大连海事大学来说， 大连海事大学2015届毕业生中，船舶电子与电气工程专业的学生共有99名，但现场的44家企业提供了284个该类人才岗位。换句话说，每个毕业生毕业后有三个工作岗位。     本专业毕业后主要从事远洋运输工作，造船厂、修船厂、船检、船级社、海事局、科研院所、国内航海类院校等港航企事业单位也是毕业生就业的热门领域。其中，从事远洋运输工作（当船员）工资会明显高于其他工作。但陆地上工作工资也不低，我听说一个学长毕业后去了变压器厂，工资每月11000人民币。  船舶电子电气工程虽然就业前景极佳，但课程难度很大。基本90％左右的人有挂科经历（这是据大部分学长说的，网上没有看到真实数据），不过只要好好学，前景还是很好的。 
07年大连海事大学海大杯到底发生了什么？,反正就是打架了呗，踢个足球，打起来很正常，然后航海一大半学生都在看台上，瞬间冲到操场上开始斗殴，像我这种跑的慢的都挤不进去，结果也没啥悬念。自动化解散跟这个应该没关系吧，海大杯停赛跟这个有关系
大连海事大学公共管理专业招文科生吗？,收，但是作为这个学校的学生严重不推荐来这个学校。
大连海事大学的电气工程及其自动化是好专业么？,我被录取上了，害怕是个不好的专业，这段时间都很焦虑。跪地求解。
大连海事大学和上海海事大学物流工程专业考研哪个好？,        在学校类型相似、层次相近的情况下，选择院校应该注重城市。城市不仅是你读书的地方，而且还很有可能是你未来工作的地方，从未来发展的前景来看，无疑上海是更优的选择。而且从避免学术近亲繁殖的角度来说，本硕博三个阶段换不同的学校更有利，也可以建立更加广泛和多元的人际关系网络，想想金庸笔下的郭靖为什么武功高强，因为他的师傅多且层次高。而如在一个地方，一个学校一直读下去，其社会关系是高度重复和单一的，不利于长期发展。所以，建议选上海海事大学。当然，跨地区跨学校看研对于个人复习的难度而言，肯定更大，投入与产出成正比，好好努力吧。
211工程废除对大连海事大学有什么影响？,基本完蛋，想要出路，先把东山变成技校禁止和西山抢女人！本来东山分就是低，没资格！建议新生大会说明一下！
大连海事大学的名声在当地怎么样？,只在东北山东和交通运输业很好。内陆省份不知道这么个大学，有人问我，你一本线高出那么多咋了去个这学校
如何评价大连海事大学2017年大创？,我很期待哪年信院能出一个国家级的纯软件的科技类项目，不要那种xx管理系统.
大连海事大学的船机修造怎么样？,当时我入学的时候，是以某省报考海事的人里面排名前5%的成绩入学的，然而这并没有什么卵用，原因我后面再讲。 大一的时候，专业负责人在给我们开会的时候，画了一个大大大大的饼。这个饼是酱紫的：毕业以后进船厂，3年主管，7年总管。主管月薪10K+，总管月薪25K+。当时我们的表情是这样的：  打了鸡血以后，我们还曾非常中二的在学校贴吧里面跟别人辩论，到底谁是陆上专业第一  然而，当我们大四开始找工作的时候，我们的表情是这样的：  大部分同学都进了船厂，挣着月薪3-5K的工资，干着一线工人的活。有同学在上海长兴岛上面的船厂上班，我去过那里，感觉完全跟魔都搭不上边，城乡结合部。对未来一时间也看不到头绪。 船修本科3个班，能拿到在我们眼中的“好工作”的offer的同学，多靠祖荫。 有一些同学选择读研，然而在找工作的时候，才突然发现：原来船修这个专业跟轮机管理比，就是个渣。想留校，没有四小证，no way！！！想找某些工作，没有四小证，no way！！！这种巨大的落差，演变的每次同学聚会的时候，氛围都很压抑。也许有人会问，证书没有为什么不自己考？  没有人告诉我们不上船四小证也有用啊摔！！！ 他么的好多同学都改行了啊摔！！！ 成绩再好毕业以后去船厂有什么用啊摔！！！ 赶上金融危机造船不景气进船修后悔一辈子啊摔！！！ 唔，上面有人说专业前几没问题，让我回忆回忆。 专业第一：改行，现阶段在国外读博。 专业第二：船厂。 专业第三：船厂。 专业第四：保研外校，毕业以后去向不明。 专业第五：改行。    6.18号更新   -------------------------------------------------这是更新的分界线------------------------------------------------------- 看来我的回答给船修学弟们造成了一些困扰，只怪当时吐槽吐得太high了。后来陆续有一些学弟通过私信的方式跟我联系，我能理解大家的心情，故在此集中回答一些大家关心的问题。 1.我们专业真的这么惨吗？  先说结论： 目前看起来，是的。 造船市场是否回暖与下游航运市场的船舶租价与航运运价密切相关。今年以来，波罗的海干散货指数（BDI）在1000点左右的低位震荡，要知道，BDI指数在07年的时候可是破万点大关了阿摔！(╯‵□′)╯︵┻━┻ 所以，航运界在低谷长期徘徊的格局短时间内是改变不了了，这是现状。如果你去了某家船厂，你也会发现跟03-08年相比，收入已经大大缩水了。与此同时，职位的晋升也显得愈发艰难。     2.我要不要读研？  先说我的建议： 读 。我08年入学，14年底研究生毕业，也刚刚经历了求职季，如下图所示：   给我的感觉是，现在很多工作，不是你能不能干的问题，而是让不让你干的问题。在现在这个本科多如狗，硕士满街走的年代，手里的一纸本科文凭对大多数人来说是不够用的。（当然，也有例外。如果你能力出众，英语有雅思7.0或者六级600+的水平，有相关的实习经历，我觉得也没有必要读研。举个栗子，14年中化旗下的远东宏信来我校招聘的时候，就明确说要本科生。不过，这是个例。） 一个研究生的学历，足以满足大多数工作的门槛。而且我觉得，研究生时候找工作的心态和本科毕业找工作的心态是不一样的，你会更明白你想要的是什么，而不是匆匆忙忙的签了个工作就开始跟你的大学生活告别。  3.如果读研，是去外校好还是本校好？  如果你不准备跨专业，我的看法是： 本校 。 我们专业对口的学校无非这几个：哈工程、大连理工、上海交大、武汉理工、还有天大内燃机。可能我说得不够全面，不过基本上也就这些了。这几所学校，哈工程比我们学校更受7字头研究所的认可。大连理工的强项在于船体，而不是轮机。上海交大，是很好，但是非常难考，对外校学生的接受程度要打个问号。我们这届有位同学考了两年最终考上了，头发也快掉光了。武汉理工科研能力比我校更强，如果你有志投身科研，是一个好的选择。如果你读研仅仅是为了找工作，没必要去。还有天大内燃机，列出来是因为我有两位同学考的是这个专业，可惜复试都被刷了，列在这里，给学弟们开拓一下思路。 说回本校，客观的来讲，海事轮机的硕导们在给学生推荐工作方面，表现得还是不错的。当然，你要 选对方向 。拿我这届轮机研究生来说，某个方向的7位同学：两个留校当老师、三个船级社、一个701、一个CCSI、一个船厂。总体来说，我们这届研究生20%左右的同学去了船厂，其他的都分布在船级社、研究所、设计院、银行（什么鬼？！）、央企及其二三级子公司等等。出路来看，确实要比本科强一些。我一哥们，参加了BP、LR、工银租赁、中石化、CCS等一系列高大上的面试，最后花落LR的Trainee。至少可以这么讲，在我们专业找工作的时候，海事不会给你拖后腿的。   4.我们专业的就业有哪些方向？（写到这里心好累。。。能不能点赞鼓励一下。。。）  造船的话，一般是有这么几个相关方，这几个相关方其实也就是我们以后从事本专业工作的范围。 船东、船检、设计院、设备商、船厂。 这是主要的五方，其他的还有从事中间生意的航运经纪人Broker，从事船舶保险的保险机构，以及主要为保险机构服务的CCSI等。这个大家可以慢慢了解。 先说 船东 。 船东，就是那个出钱造船的人，也可以理解为金主。实际的船东（也叫Owner）一般是不会直接去船厂监督船舶建造进度的，所以呢，他就会找别人来替他行使监督船舶建造质量和进度的责任。这个人或者项目组，就叫船东代表。当然了，船东一般不是狭义理解的个人，它多指某个集团和组织。比如中远、中海、马士基等等。在船厂里面，船东代表有很大的权力，因为他如果不签字，船厂的进度就会停滞。所以，船东代表有很大的话语权，这个工作也算是我们行业里面的好工作。举个栗子，船厂里面有两种餐厅，一种是船厂人吃饭的餐厅，一种是专门给船东和船检吃饭的餐厅。船东代表的日常，就是根据船厂QC列出的报检事项，一个个的去看活、签字。 再说 船检 。 船级社是作为第三方机构，来进行造船的质量管理。它会规范船厂以符合船级社规范的方式来进行造船。检验份两种，一种是审图，另一种是现场监造。审图，一般是船体专业的同学去看，我们专业不对口。世界上现在比较出名的船级社有LR、ABS、DNV、NK、CCS、RINA等。其中，CCS、NK、LR我们这届都有人去。在中国造的船，必须入CCS 中国船级社。船检在船厂，也是一个比较屌的工作，待遇上来说，以前验船师的公司大概是船厂工人的 10倍 左右，这几年比例有所下降，不过仍然算很多。他的工作有跟船东代表重复的地方，主要区别是，船检主要是看是不是符合规范，船东代表除了看符不符合规范外，还要从以后船员操作的角度进行建造检验，比如机舱有个地方，布置是符合规范的，但是地方太狭小，以后轮机人员操作会很辛苦，这时候船东代表就要挑毛病了。 然后是 设计院 。 先定个调，设计院是至少要求研究生学历的，博士也不嫌高。设计院主要是坐办公室，进行船舶建造的初步设计、详细设计、以及可能的生产设计。国内7字头的研究所，大船船研所等等都是还不错的设计院。这个工作不会直接去造船现场，是一个坐办公室的工作。待遇方面，还可以。从发展方面看，是一个走技术路线的工作。据我所知，很多设计院都是要加班外加周六上班的，所以虽然不用去现场，但是也比较辛苦。 然后是啥来着。。。我又累了。  吃完辣条，让我们来继续说 设备商 。 就是为船舶提供设备及服务的厂家。比如主机、发电机、空压机、液压设备、锚机、通导设备、舵桨等等。这类工作，不算生产的话，一般会有两种类型的工作适合我们，一种是销售，一种是服务工程师。销售，主要是和客户进行沟通，参加船厂组织的技术协议洽谈会等等。服务工程师，是属于售后，他主要负责设备的安装和调试。这两种工作，都需要经常出差。如果你去的是一些比较强势的厂家，如Man、西门子、康明斯、力士乐什么的，还是挺好的。总体来讲不是个特别好的选择，但是也挺锻炼人。 最后，终于说到 船厂 了。  船厂是整个造船产业链中最重要的一环，但是不幸的是，也是最低端的一环。这是一个劳动密集型产业，也是我们专业大多数人的去处。中国船厂，比较有名的，大家可以去看看船企白名单，大概有50家左右，每次想到这里就悲从中来，巅峰时期船厂多少家呢。。。咱们毕业去了船厂，倒不是要你去一线干活卖力气，这些工作都是船厂找外协队来进行的。咱们去船厂主要是负责现场进度管理（也叫生产管理），也不排除你会去船厂的设计部门、采购部门、质监部门等等。船厂总加班，待遇上来说也比较低。不过船厂有一个好处，他是造船的第一线。所以在船厂工作的人，理论上和实际上出路都是最多的。有很多人，在船厂干几年之后会跳槽去做船东代表、去当船检以及其他相关工作。不过想要混出来，英语不好肯定是不行。
请比较中国海洋大学和大连海事大学的英语专业？,简直笑cry 看了两个答案都是把大连本地的大连海洋大学当成了中国海洋大学 真是心疼 最后来一句 中国海洋大学坐落于青岛 重点本科 211 985再山东每年的分数线比大连理工低几分 比大连海事还是高上一些的 当然我相信海事在辽宁可能也比我们的分数线要高？ 唠叨了这些就想说 题主还是去找一些真正在海事或者海洋就读的同学了解情况 知乎上连校名都弄错的大局党意见还是少听为好
大连海事大学的it专业如何？,软硬件都想学的话(其实还是偏硬件)，欢迎报考自动化或者测控专业。会学到电路，单片机，编程不多，偏底层，看你喜不喜欢这些喽。 如果想学纯软件比如写网页写大型软件，那就看看计科？软工有日语课，坑。 想学入门机器学习，可以考虑智能专业，嗯。
大连海事大学有空调，外校可以去自习不？,谢邀。  作为一个开放的世界一流大学，大连海事大学不会拒绝前来学习的同学。 但是夏天的空调就和冬天的暖气一样还是有风险的，不论是在三伏天冻感冒还是在严冬热中暑都是不好的。 因此，建议夏季前来自习的童鞋带上保暖衣物，冬季前来自习的童鞋里面穿件短袖。 以上
大连海事大学轮机工程学院学院通报影响转专业吗?,学院通报和中队通报有个一次两次应该是然并卵！   想转专业大一就好好把绩点弄上去。本人是大一下从航海转走的。 
长安大学，大连海事大学，中国地质大学，汕头大学，哪一个比较好？,我也在纠结长安大学和汕头大学填哪个
据说大连海事大学要开设航空和空乘专业了，这是真的吗？,你好！我是大连海事大学负责空乘的招办老师
大连海事大学研究生什么专业的都能申请吗？,个人觉得看导师能力。
高三，大连海事大学来学校招生？说是定制班什么的？,别去，这是大连海事大学和某些企业搞的合作，既然是合作就少不了利益输送，这些所谓高级航海人才定制班都是招生收费的幌子。奉劝好好学习，通过正规高考上大学。成教不可靠！
上海海事大学哪个专业好啊？,纵观我身边学海商法的同学，做海商法的屈指可数（几乎没有），做法律的还是有一些，做其他航运公司业务的挺多。所以实际上就等于海商法确实是招牌，但是然并卵。这块需求太小了，况且法律就业年年都是红色警告。  其实我觉得，选专业还是选自己喜欢的，国航和海商法固然是招牌，但是喜欢从事航运工作的同学并不多。如果喜欢计算机或设计或市场营销的，好好学就可以。而且出校门了参加招聘时候你才会明白，除了航运有关联的公司，在其他公司眼里海事大学的出身几乎是会减分的。  还有就是年年都说今年航运市场不景气，担心就业的话，去船哥哥那里报到，就靠着船哥哥拉我们学校的平均薪资。
上大连海事大学史春林老师的课是怎样的体验? ?,史老师很幽默，以下是经典语录  这是考研重点~   ...给他一顿臭骂   这道题有对有错  ...引起了巨大轰动
大连海事大学西山校区的体育场是否对外开放？每次路过都是大门紧锁,现在开了
考研失利，调剂是选择非全日制的南京理工还是全日制的大连海事大学。？,这个我建议还是选择全日制的。非全日制和全日制比差很多，虽然校方说按全日制培养，但在学术，奖学金等各方面都有差别的，未来用工单位也要全日制的。你有没有问清楚毕业后发放的证书。一般全日制是有毕业证和硕士学位证的，而非全日制就没有学位证，这个是最重要的，要问清楚。
大连海事与长安大学，应该选哪个？,前两天看到这个问题，心里小小激动了一下，这么有缘分的问题，我怎么能不回答呢，题主是要参考答案填报志愿吧，可是长安大学2016年第一封通知书昨天已经寄出，好像还是寄到台湾的，现在回答有点晚了，但是我还是想说一下自己的看法。 本人长安大学研究生一名，在长大已经呆了6年，男票是大连海事毕业的，缘分就是真么的奇妙。哈哈哈…… 关于专业，大连海事的航海、长大的公路在国内都是很不错的，以后就业也都不是问题，但是工作环境比较艰苦。一个是去偏僻的地方修路架桥打隧道，一个是出海；还有海事的轮机，长大的汽车和土木也都是可以的；其他的专业嘛，两个学校都差不多了。专业还是要选择自己喜欢的。 关于学校，去年9月份去了被男票带到海事转了转，大连不大，从市区去学校很快，令我震惊的是校园没有围墙，公交车都在里面跑。教学楼，宿舍楼，篮球场，草地，湖给人感觉很干净，听说学校离海挺近的（在学校没有直接看到海），总体觉得棒棒哒。再说说长大，因为是三个学校合并的，校区很分散，2002年学校在大北郊买了一块地建了渭水校区，一个东西向很长很长很长的校区，所以一个校区又以图书馆为界被分了成东区和西区，渭水离市区很远很远很远，教学楼，宿舍，操场，绿化看着还算可以。关于宿舍我要吐槽了，男票说他们是4人间，还有独卫，他是06年入学。可是长大呢，到现在还有六人间（两个上下铺，两个上床下桌，一个四层柜子，一张长桌子），西区都没有独卫，而东区是带独卫的六人间，不过听说东区现在有四人间了。长大的本科大一到大三都在渭水，大四的时候部分学院会经历很气派的搬家来到长大本部，本部在南二环边，附近有很多景点和商圈，这么便利的交通会让你不介意宿舍楼的年代已经很久远了。长大前年推掉了211大学唯一的土操场，盖成教学楼，我没赶上用，但看起来挺高大上的。因为渭水是新校区，树都没有很高大，所以到了夏天不会有林荫大道，到哪都要撑着遮阳伞，但还是会很热，有很多果树，石榴、桃子、琵琶之类的，本部还有柿子，都能摘到果子吃。 关于城市，个人感觉学校所在的城市对自己选择的影响还是很大的，毕竟要在那里最少生活4年，一个地方呆的时间长了会有归属感的，还会受到这里地域文化的影响。在大连的街头看到一个身材窈窕的妹子拿着电话操着东北话发泼的时候，我是震惊的，而我男票却很淡定的继续往前走，还告诉我很正常，或许我在大连呆上几年也会这样，就像在西安呆久了，老是先把“你咋是个这”挂在嘴边。男票的一个大学同学陕西人，都从大连回来两年了还带有的东北味的口音，我们经常去一家东北菜馆吃饭，必点锅包肉。说到吃，如果你是吃货，去哪都不会失望。东北菜量大、肉多，大连在海边，海鲜是吃不够的。西安主要以小吃著称，还有面食。两个城市的交通还是有很大差别，大连不大，公交电车出租去哪都方便，然而西安大，地铁只通了两条线，虽然有公交车专用道，但是到上下班高峰期还是会堵得不要不要的，从本部去渭水在坐校车不堵车的情况下40分钟时可以到的，坐地铁转公交的话估计1个多小时，如果遇上堵车……哈哈哈！西安的火车站虽然又老又破又脏，但是哪都还算方便，再加上北客站的高铁，西安对外的交通还是很便利的。大连在大连湾里，第一次去大连是从烟台坐船过去的，从西安到大连坐火车要折腾两天，火车票比机票也便宜不到哪去，还不如飞呢。来来回回几次之后发现太烧钱，最终决定结束异地恋，让男票来西安了，男票在大连呆了九年，他回家（安徽）的话可以坐火车先到徐州在转汽车回家，可以坐飞机到上海再转火车（从大连到上海的机票比较便宜），还可以坐船去烟台然后转火车，各种交通工具玩的666……气候什么的算重要吧，大连有寒冬，西安有酷暑，大连的冬天肯定有暖气，西安的夏天却不一定有空调，没有空调的宿舍热的根本睡不着，不过听说要是申请的话，渭水可以给安空调了。大连人普遍很高，可以欣赏很多美美的大长腿，一米六的我走在街上好感觉自己好矮好矮好矮。大连是一个新并且干净的城市；西安有历史悠久的古建筑，也有现代化的商圈，但是有些街道也会脏脏的。 附一张前天随手拍的西安城墙  不管去哪个学校，好好学习，常回家看看。 祝好！
如何看待大连海事大学东西山的歧视问题？,作为一个西山的学生，说点功利的啊，我更关心怎样能在东山多认识几个朋友。 毕竟在家靠父母出门靠朋友。 东山西山学的是不同的专业，学着不尽相同的知识技能，以后进入不同的专业领域，接触不同的人。 所以，东西山相互交往有利于双方在陌生领域发展人脉。 这么说很功利，但这是我能想到的最切实的利益问题。 另一方面，东西山学生之间缺乏交流，说的直白一点没事吃饱了撑的瞎想，才会出现什么东山看不起西山或者西山看不起东山等等。。。。这么说可能会得罪人。 但说实话，真的，只要你的大学生活能充实起来，这些流言蜚语就是过眼云烟，你要是有主见，内心够强大，那这些恼人的事情早晚消失不见。（我可没说你生活不充实，内心不强大，没有主见啊，你可别多心）
大连海事大学海商法研究生导师哪些好？,初北平老师
为啥没有大连海事大学话题？,了解这学校的人啥都知道，不了解这所学校的不想知道。
如何看待2016 ACM/ICPC亚洲区域赛沈阳站大连海事大学金牌队-说好不装逼 弃赛？,update: 听说大工的tears封榜之后过了2题，在此恭喜贵校。  -------------------------政治正确的分割线-------------------------- 我觉得这件事比起主办方一条龙拿金还是好解（xi）释（di）得多的，说不定人家就生病了呢，这都是有可能的。心情不好不想去也说不定呢？ ------------------------政治不正确的分割线---------------------------- 其实看到你们一个队弃赛一个队垫底我还是很2333的，最近提了两个问被无数人婊感觉还是不太好受的，希望你们能在China-final上好好表现吧。 ---------------------一些想对大连理工的人说的话--------------------- 我从来没有以任何方式表示贵校的tears队因为成绩波动大而拿金所以是值得质疑的，我想表达的point是“  如果大连理工确实为大连regional出题  ，拿到Au是不是值得应当质疑？”。之所以我会认为贵校给大连赛区出题，一是因为大连赛区的热身赛就是贵校几年前出的regional的题目（from Claris），。  你看现在（沈阳封榜前）贵校的金牌队过3题在铁牌区，我也没有表示什么，我觉得一个队有这种波动是正常的，希望你们能够不要理解错我想表达的东西。 -------------------------------------------------------------------------- 最后希望国内的ICPC办的越来越好，ACMer也都能功成名就，毕竟我们或多或少都为算法竞赛的美妙所吸引，而黑幕这种事显然是与我的愿景背道而驰同时也对每一个ACMer造成伤害的。 （夹带一句私货，希望以后的主办方都主动公布出题方以及给自己的队伍打星，虽然GB明确表示不需要打星，但是我感觉做人还是需要遵守一些基本道德规范的（当然你一定要钻空子我也没有办法））。
大连海事大学学风怎么样？,校风很大～～很诡异～～
如何评价大连海事大学学生对于“亲日”而自豪？,因为我们并不亲日啊。先问是不是再问为什么。 你都看到这题了就不能把答案都看了吗？ 你去砸车封锁肯德基手撕芒果干哪样都比这有意义啊。
大连海事大学民商法研究生对外交流机会多吗？,正好以前我有个老师是海大民商法硕士毕业的，硕士不多，博士不知道。
女生准高三 文科生想去大连海事大学 有什么比较适合的专业吗？, 如果题主对海洋专业非常感兴趣或者有特殊的原因（比如父母之命）可以考虑大连海事大学的法学(海商法)专业，如果没有特别的兴趣或动机可以考虑其他综合性院校的文科专业。大连海事大学本质是一所海洋交通运输专业领域下的工科院校，在工科院校选择文科专业是缘木求鱼。 
我是15年广东文科考生分数588高重点15分想报考江西财经深圳大学上海海事广州大学大连海事怎么选择?,上楼的说法完全错误，江财是间很6的学校，你说他不好，财经类大学排全国前五，深大招生分数奇高.
就读于凌水小学旁的大连海事大学是一种什么体验？,三年二班 打扰尧哥睡觉了
大连海事大学的财务管理？,syd?
大连海事大学有哪些不需要考研也能找到好工作的专业呢？,‘ 谢邀  @蔡佩君   根据大连海事大学2015届毕业生就业质量报告显示     另附扩展阅读：                 大连海事大学 2015 届本科毕业生年终就业率统计表    专业名称（代码）			         	毕业数	就业数	就业率 测控技术与仪器(08040100)				44	44	100.00% 智能科学与技术(08062700)				24	24	100.00% 市场营销(11020200)				22	22	100.00% 电子商务(11020900)				17	17	100.00% 材料科学与工程(08020500)				26	26	100.00% 材料科学与工程(高分子)(08020510)			26	26	100.00% 土木工程(08070300)				55	55	100.00% 救助与打捞工程(08121001)				30	30	100.00% 船舶与海洋工程(08130100)				66	66	100.00% 日语(计算机信息管理)(05020720)			29	29	100.00% 哲学(01010100)				        15	15	100.00% 政治学与行政学(03040100)				16	16	100.00% 汉语言文学(05010100)				18	18	100.00% 行政管理(11030100)				26	26	100.00% 公共事业管理(11030200)				23	23	100.00% 应用物理学(07020200)				18	18	100.00% 交通运输(外贸运输)(08120106)			101	100	99.01% 航运管理(11031300)				194	191	98.45% 英语(05020100)				        62	61	98.39% 电子信息工程(08060300)				119	117	98.32% 机械设计制造及其自动化(08030100)			49	48	97.96% 船舶电子电气工程(08060117)航海类专业		97	95	97.94% 环境工程(08100100)				41	40	97.56% 交通运输(港口经营与管理)(08120105）                80	78	97.50% 物流管理(11021000)				75	73	97.33% 物流工程(08120700) 				74	72	97.30% 电子信息科学与技术(07120100)			72	70	97.22% 信息管理与信息系统(11010200)			72	70	97.22% 电气工程及其自动化(08060100)			105     102	97.14% 轮机工程(轮机管理)(08120602)航海类专业		584	566	96.92% 轮机工程(船机修造)(08120601)			96	93	96.88% 通信工程(08060400)				121	117	96.69% 热能与动力工程(08050100)				57	55	96.49% 法学(海商法)(03010103)				142	137	96.48% 计算机科学与技术(08060500)				76	73	96.05% 光电信息工程(08061600)				25	24	96.00% 软件工程(日语强化)(08061101)			97	93	95.88% 网络工程(08061300)				48	46	95.83% 航海技术(08120500)航海类专业			554	528	95.31% 传感网技术(08040201)				19	18	94.74% 自动化(08060200)			        	95	90	94.74% 海洋科学(07100100)				49	46	93.88% 工商管理(11020100)				32	30	93.75% 财务管理(11020400)				62	58	93.55% 法学(国际经济法)(03010102)			53	49	92.45% 数学与应用数学(07010100)				26	24	92.31% 国际经济与贸易(02010200)				69	62	89.86% 旅游管理(11020600)				28	25	89.29% 经济学(02010100)				        32	28	87.50% 信息与计算科学(07010200)				20	17	85.00% 海事管理(08120800)				56	43	76.79% 地理信息系统(07070300)				28	20	71.43% 海洋生物资源与环境				        21	15	71.43%     最后夹带点私货： 个人觉得就业比较好的本科专业有：船舶电子电气工程、交通运输，以及信息学院的专业。  信息学院的专业： 电子信息科学与技术(07120100)       测控技术与仪器(08040100)       传感网技术(08040201)       自动化(08060200)       电子信息工程(08060300)       通信工程(08060400)       计算机科学与技术(08060500)       软件工程(日语强化)(08061101)       网络工程(08061300)       光电信息工程(08061600)       智能科学与技术(08062700)  注意不同专业的不同招生条件，比如航海类专业要求视力，个别专业学费较高。  参考文献：  http://  myjob.dlmu.edu.cn/new_s  ite/data/upload/kindeditor/file/20160325/20160325225411_77304.pdf        -
杭州电子科技大学与大连海事大学你会选哪个？,海事的通信挺好的啊，也有好多同学去华为中兴的，而且这两家公司这几年每年都有名额给海事学生的，不过到哪里都离不开自己在专业上的努力。有一个信息管理的学弟在大学期间自学了防火墙，服务器，网页，编程这些技术，而且把这些技术学习得很棒，最后去了阿里巴巴啊。少年，大学不是终点，是你梦想出发的地方，启航吧！   ps:211这个头衔在找工作的时候还是有点用的哦^_^
如果你的高考分数可以冲大连海事大学，可以稳上上海海事大学。你该选谁？？,两个学校不具有可比性谢谢。
青岛远洋船员职业技术学院和大连海事大学还有上海海事大学哪个好？,上海海事，让你体验不一样的人生。。。
如何看待大连海事大学交通运输管理学院交通运输专业系主任王军的上课方式？,这人已经系主任了？！是管过公司，上课总扯闲篇的那位吗？
我没有喜欢的城市和专业，在北化的高分子材料与工程，辽宁大学会计学，大连海事的交通管理，学哪个比较好。？,那就找个轻松的学呗～
求客观评价，江南大学、大连海事大学、山东大学威海分校相比哪一个的就业、学习氛围等最好？,大连海事大学的就业目前还不错，信息类学生由于大连软件园供不应求，与海有关的管理类专业考取公务员也不错，在海事局，10个人有8个人是大连海事大学毕业。航海类专业最近几年衰落了，学校的基础设施秒杀大工，东财。但是学习氛围不如大工。海商法专业就业率不是那么好。江南大学不怎么了解。但是应该是轻工业，纺织类不错。有一个哥哥是山威毕业的，他是威海除了环境好一点，没有什么好了。现在毕业了托关系在工厂的财务上班。                海大可能实力没有山威强，但是就业率不错。ACM东北区得了一个金奖被质疑作弊，但是信息类专业学生真的是几乎都就业了
大连海事大学轮机工程对视力有要求吗？需要进行近视眼手术吗？,海上专业对视力要求都比较高，其中航海的是最严的，轮机还好，你如果在4.8以上应该问题不大，入学会有体检。
大连海事大学电气工程及其自动化咋样？有没有学长现身说法？,挺好的，比较接近船舶电子电气工程
我是大连海事大学通信工程的大三学生，请问怎么才能去小米实习？,投递简历啊！
求大神想一个大连海事大学寒假母校行宣传标语？,自己的作业自己做（正经脸
大连海事大学海商法专业（法学专业）能否通过自主招生考试就读？,每年情况不一样，要结合当年的情况
大连海事大学救助与打捞工程专业学习和就业后工作状态，有了解的帮详细介绍下。？, 基本都辞职了，除了救助局和飞行队。  王校长已经退了，新校长根本不管，专业无法转型改革，要坑一大批一大批的学生，劝你，趁早别来。 
大连海事大学的法学院怎么样？, 先谈教学质量。基本上所有的老师都比较负责任（不排除个别糊弄的），也即可以让你理解和掌握最基本的专业知识，但是否能让你在掌握基础知识的基础上，培养、开阔你的法律思维和精神，这就是要凭运气了，因为不是所有老师都有这个水平的，基本上有这个水平的老师能占到三分之一左右，或有学术上造诣颇深的资深教授，或有学术圈的青年才俊，如果在本科阶段能有几个这样的老师来教，其实也就足够了。这一点，海事法学院一定是比不过几大法学名校的，况且，如中国政法大学这样的学校，这样的老师不仅多，而且选课非常自由。  从学风上讲，整体氛围是比较向上的，价值观也比较正，学风上的瑕疵也即文科类专业的通病，即“一半时间学外语，一半时间打游戏，期末考试靠突击，考完全都忘”，但这是个个人选择问题，在法学院如果想出类拔萃其实也很不容易，而这样的同学也有很多。海事法学院的学生家庭条件普遍不错，眼界也相对开阔，大多都有对未来的规划，每年考雅思托福出国的很不少，研究生推免也都有很多不错的学校，但考研还是以本校居多，考到外面的比较少，这可能与相对薄弱的基础法教学有关。就业方面航运大环境不好，海商法就业大不如从前，但比起其他相同层次的法学院，其实也不错了。  总之，比上不足比下有余，如果想学法学，还是建议几大政法院校，因为至少它们可以给你一个保障。 
大连本地就业，法学专业考研的话大连海事大学比较好还是辽宁大学比较好？,辽宁省法学学科海事大学排第一     大连经济更好法学就业机会更多  不用我多说了吧
大连海事大学研究生管理严格么？,研究生不严，不军训不出操不查内务，跟别的学校差不多的
在大连海事大学法学院就读是一种怎样的体验？,看到有人回答“一流的输入，三流的输出”，我觉得必须另开一贴，以正视听。 其实，答主的意思我明白，基础法的课程太少了，所以“一流”的学生没有获得“一流”的培养，但是，如果真的是“一流”的学生，即使基础课少，也可以通过自己的努力和学院的优秀师资（老师毕竟都是名校博士毕业），以刚毕业的大四为例，推免名校硕士可不在少数，比如法大、浙大、武大、复旦、南大等等，申请英美名校，比如牛津、伦敦等等，据我所知，这些优秀的学长学姐基础确实好，应该算是“一流”了，再加上老师的培养，自己的努力，怎么能说是“三流”的输出呢？ 为什么说有“三流”输出呢？比如，老师讲过，考本校研面试，有同学不会侵权法，“咱学校学生水平太差了” 我想说的是，第一，侵权法有选修课，第二，侵权法是司法考试内容 第三，侵权法是债法里的重要内容 如果真的是一流的输入，面对这三个事实，他也会自己学的，有了疑惑，我院民商法省级重点学科一堆教授副教授还解答不了？另外，侵权法在一些五院四系也是选修课，如果是一个三流输入到五院四系，想必也会略过，而去选些好混的扯淡选修。所以，如果你是一流输入，不用担心三流输出，好好努力，利用好学校的资源，如果是三流输入，如果不把自己变成一流，那么最终还是三流输出。 简而言之，一流永远是一流，三流永远是三流。就学生个体而言，自己混不好怨不得学院。 但从宏观角度讲，培养体制中确实有问题，但到不了“一流输入，三流输出”的地步，本人另开一贴，完全是为了以正视听，如有冒犯，还望那位答主见谅。
关于大连海事大学无手机课堂提议有什么看法？,首先，学校始终是在"倡议"而不是在"强制"(至少官方措辞没有"强制"，因此不排除个别老师的个性化规章)，所以，作为学生来讲，是有放与不放的自由的。因此，以一个一般理性人的眼光看，这个东西并没有限制学生的权利。 其次，"学校的想法简直神奇"，这一句话表述我认为有问题，我认为学校的想法很正常。不可否认的是，手机"有时不只是游戏机，也会是工具"(某反对同学之言)，且"有些课确实无聊"(亦此反对同学之言，我也承认)，但一部分自制力不太强的学生，的确是被手机阻碍的。例如在有些课上，课确实很重要(专业核心课)，老师的确也很棒(至少我认为是这样)，仍有同学在玩手机(打游戏)，玩了一会还要问别人讲了什么，看别人记了什么(这说明在他看来课还是有用的)，但片面地记结论而忽略老师的推导毕竟不是好的学习方式，更不必说有些同学因玩手机全程忽略的。因此从学校角度讲，这种方式无可厚非。 最后，再强调一次，学生是有放与不放的自由的，你认为有用就放，没用就不放，选择权在你手中。我以小人之心度一下君子之腹，现在，尤其是青年人，往往以反抗规章为荣，但就此事而言，你不放并没有反抗这个规章，因为这个规章只是在"倡议"，因此它恰恰维护了你的自由。又何必计较这个东西呢。
如何看待ACM-ICPC 2016 Regional 大连站主办方大连海事大学不敢公布比赛出题方？,参考 ACM-ICPC 2016 Special Resolutions for Contest Sites in M_西杰阿雄的博客与ACMICPCAsia_新浪博客     先不论金牌有没有问题，仅就不公布出题人这点来说，已经违规了，参考“III. 2016中国大陆赛区子规则”中，F.命题 的(c)条  (c)  竞赛主办方必须至少提前三星期在网站上公布网络预赛和分站赛命题的学校或单位，以及必须至少提前三星期把实际出题的负责人及裁判名单向亚洲区主席备案 。 
有大连海事大学空乘专业的学生吗？,大连海事大学没有专科哦～而且我们也真没听说有这个专业。。。
我是大连海事大学本科在读生，想申请香港理工大学航运管理专业研究生，请问应该准备些什么?,要雅思成绩，平时成绩，个人简历，个人陈述，在读证明等等。。。现在重要的是雅思成绩和提高平时成绩，课外活动、科研项目（越多越好，没有也可以）我也申请了这个专业，8月去读书
2017甘肃考生女505分，超一本线45分，报大连海事大学录取可能性大吗？, 你多少名 
上海海事大学是如何看待大连海事大学的?,看到有这种问题，还是觉得挺难过的。 我局（江苏）比例差不多5大连3武汉1上海1其他。 我们（上海）和大连的同志们几乎视若同门。 只提自己是海事大学毕业的就好，地无分南北，皆是海运学院兄弟。可惜如今航运式微，MSA在交通部乃至在国务院都没什么话语权，总有一天逃不掉被合并的命运。即便如此， 愿我辈同学都不要忘记最初的追求，在不同的岗位上，为振兴中华海运不懈努力。 兄弟阋于墙而外御其辱，我们两所海事大学有渊源，有争执，都是S和D两所MU之间的事，海事大学也有尊严，轮不到别人评头论足。  以上。 祝各位前程似锦，生意兴隆。 想起孔校长上课时说的一句，希望大家都能飞速奔向中产阶级，这是两所海事大学的毕业生都要面对的最大现实。 搁置争议，共同成长吧。 是非自有公论。
本人大连海事大学硕士，本科毕业保研的。打算报考2016辽宁选调生，但是生源地不是辽宁，能报吗？求解答,不太了解 建议加几个qq群问问吧或者直接拨打省组织部电话咨询。
谁能给一些大连海事大学剑道班的信息？,老师二段董鹏，水平在大连里算一般。但是教学生足够了，为大连高校剑道发展做了不少贡献。 剑道班就是剑道的基础课程，比如木刀基本稽古法(九型十三刀)等等，此内容是剑道考级内容。
上海海洋大学和上海海事大学哪个更好？,海洋的渔业，海科，水产，食品，农林经管在全国都排的上名。海事的海商法航海技术经管比较强。两个学校重点学科均为一。实力相当。双一流建设的预选名单中，上海15所大学入选，海洋大学位列预备名单其中，没有海事。双一流的公示，将会把大学排名刷新。谢谢！
大连海事大学新生求助,那就好好练练英语跟陆上专业抢饭碗吧……海上专业的男生其实不愁工作的，考个公务员也是可以的哦
据说大连海事大学内同性恋一经发现就会被开除，是真的吗？,你是真有病，第一，海大没有基佬，军事化管理出来的都是男子汉。第二，中国的法律没有规定其违法，所以从法律角度说，不可能。第三，学校并没有轻易开除学生的权利，这种做法不可行。第四，会有不良影响。我终于证明了你有病！
大连海事大学的电子信息科学与技术怎么样，在全国算怎样的？,它不是电信，是电科。电信是电子信息工程。 但二者学的差不多。 信院的电信和通信很厉害，但是学的也难。
想考大连海事大学海商法研究生？,本科也是法学专业的
为什么大连海事大学的航海类专业录取分数低于陆上专业？,并不单单是大连海事，所有的院校都是航海类专业分数比较低。一般航海类专业，包括轮机工程和航海技术，在提前批报考，录取分数较低，甚至有得学校低于国家一本线20分就可以录取。首先，航海类专业对身体有要求，尤其是对视力有明确的要求，因此不是每个人都可以报考，就像国防生对身体有要求因此分数比较低一样。其次，航海类专业属于艰苦类行业，毕业以后需要上船出海，并不是很多人愿意报考。因此，航海类专业也是国家重点扶持的专业之一，不仅学费比较低，每年还会有补助，毕业以后如果出海国家会退还全部学费。欢迎有航海梦的筒子报考。
大连海事大学是一个好大学吗？,以下答案是吐槽啊哈哈，欢迎看正经夸海事的答案：   http://www.  zhihu.com/question/3204  1734/answer/96247003     高考咨询欢迎加微信272616611      有个答案说海事比上不足比下有余我就不开心了，我大海事笑傲全球随便碾压几个顶级大学还是挺轻松的，简单对比一下我们和麻省理工吧。  1.大连海事大学是我党领导下的社会主义国家公立大学，麻省理工是没落的资本主义国家的私立大学。两个国家的性质决定了，大连海事大学地位必然高于麻省理工，这是谁也无法抹杀的。 2.学校的占地规模决定了，大连海事大学强于麻省理工。学校占地339英亩，总共有3个校区。而麻省理工总共占地才168英亩，小得可怜。   http://www.  zhihu.com/question/4063  1473/answer/87986113    （更新，我大海大七个校区，雄霸亚洲）     3.学生人数上麻省理工再次告负。目前，大连海事大学学生人数已经达到2万余，而麻省理工才1.0万，相比大连海事大学少了1.0万人。为什么会少了1.0万人？不正是说明世界人民心目中喜欢大连海事大学的人多于喜欢麻省理工的人吗？ 4.学校的国际化程度。大连海事大学的学生不但全部流利掌握中文，并且还通过了英语大学四级考试。而麻省理工的学生除了会说英语，懂中 ￼  文的人实在是少之又少。同样，作为学校教学和科研的主力军，大连海事大学有很多老师既有中国的教育背景，又有国外的留学背景。而麻省理工，全校竟找不出几个有完整中国教育背景的老师来。 5.两个学校不同的校训预示了两个学校未来的命运。大连海事大学的校训是“学汇百川，德济四海 ”，读起来琅琅上口，一种胸怀世界的宏伟志向，一种朝气蓬勃的社会主义优越感和中华文化的厚重感，而麻省理工的校训是“以柏拉图为友，以亚里士多德为友，更要以真理为友”，听起来让人有同性恋的感觉，而且还有一种暮气沉沉的感觉。                 ￼          6.另外结合很多人的个人经历，我更深深体会到大连海事大学作为一所世界级名校在所有学子心目中的崇高地位。我有一位同学，他作为一名美貌与智慧并存，温柔而不失刚毅的优秀有为青年，除了天资聪慧，秉赋过人外，更是每日三更灯火五更鸡勤奋苦读，经过不懈的努力，历经三次高考，终于有幸被大连海事大学人文学院破格录取为旁听生。而麻省理工，在他的3次高考经历中，没有一次愿意填报这所学校。   7.从专业的分配上更是凸显了海事大学作为世界一流大学的高端定位，着眼人类未来发展的海洋方向，在航海领域设置了单独的学院，而我们遗憾的发现，麻省理工在航海领域的专业设置为零，这正体现了海事大学在未来定位上的优越性。 ￼  8.学生的素质。大连海事大学半军管的特性决定了大连海事大学优于麻省理工，大连海事大学全体同学都有着能在烈日酷暑下站立军姿半小时以上，会走标准齐步，正步。这是腐朽的麻省理工学生完全不具备的，更不用说海事大学学生能在5分钟内将寝室瞬间清空的效率是麻省理工学生可望而不可即的。 ￼  综上所述，我可以自豪地说——选择大连海事大学，无怨无悔，因为它就是世界上最好的大学;。我们承认麻省理工在世界上名气大于大连海事大学，但这是由于美帝国主义的媒体掌握着话语权，有意压制大连海事大学的结果，我们相信通过全体校友在网络上的宣传，我们一定可以让世界人民认识并喜欢大连海事大学。  
你在大连海事大学的遗憾是什么？,食堂不好吃，早餐喝粥竟然没勺子！...是那种小塑料勺？？ 但对于一个女汉子来说那里很合适哦
大连海事大学环境科学与工程学院的研究生是怎样一种体验。？,拥有独立实验楼，硬件设施能够满足你的一切实验需求，主要研究环境生物学 欢迎报考～
中国海洋大学和大连海事大学哪个好?,（知道你们要的是什么，点赞翻到最后吧～） 利益相关：13级信息学院皮卡丘专业（光电）   高考咨询欢迎加微信272616611  （升旗仪式放在前面表明身份）  在海事小三年了，从入学是骨干（啊小小的炫耀一下）。当过班长，部长，团总支副书记，各种学校活动的志愿者，奖状拿的不多，也就那么七八个的样子，还有一个双学位，说来对海大也算体验丰富。  ( ´･ᴗ･` ) 既然是体验就不把百度上有的东西放上来了。 首先，必须要破除几个流言… （可怜我海事被人黑的太惨）  在一切的一切的一切的之前！  大连海事大学是大连市唯一一所综合类院校   大连海事大学是大连市唯一一所综合类院校    大连海事大学是大连市唯一一所综合类院校    无论是东财还是大工在专业设置的丰富度上，在男女比例的均衡性上，在文理专业的侧重上跟海事的差距都是巨大的， 你们有中文专业嘛！你们有哲学专业嘛！你们外语学院有我们大嘛！你们法学院有过省状元嘛！你们管理学院有我们分这么细嘛！ （以此吐槽普遍认为海事是理工类的所有人）   第二，海事的学生不是都上船啊！不是我们有船学生就要开船去啊！ 海事都有什么学院会去开船呢… 航海学院 轮机学院（录取线：一本线） 有什么学院不开船呢：  信息学院 管理学院 装备学院 环境学院 外语学院 法学院 人文学院 物理系 数学系 （录取线：600＋）    所以一切以航海轮机的水平觉得海事211垫底或者海事都上船的真是可以歇歇了！大工会把城市学院的水平算大工的水平嘛！东财会把萨里的水平算东财的水平嘛！  -------------------------------吐槽分割线--------------------------- 我想海事的女生节是每个海大人心中最好的回忆。  发一篇我们的班级日记吧，也许温暖就是海事最好的体验了            最后…  帅气航拍结尾～各位校友非校友求赞！  
大连海事大学的管理真的很严格吗？,其实并不是很严的 半军管只不过是东山海上专业而已 你想报的专业是西山的 内务啊什么的不会很严 外出...老子是大学生 你管我干嘛  只不过你要做好心理准备来迎接长达一个月的军训（新生真是要哭死）欢迎学弟or学妹  
大连海事大学2016级新生女寝的住宿条件如何？,你好 首先 海事大学学生宿舍条件还是很不错的 都是上床下桌 四人宿舍 宿舍条件也还不错 除了没有独立卫生间跟空调之外 其他的条件也还好。 
大连海事，河海大学，华农，汕头大学，广州大学，山大威海选哪个？,这是我见过黑山威黑的最牛逼的一次。
大连海事大学轮机工程海上专业与航海技术的待遇是不是相同，是不是也免费发放校服等，学制是不是三年半？,是的，学制都是三年半。但要学这两个专业，第一得能吃苦，第二得耐得住寂寞。将来要想发展的好，就要先去跑一段时间的船。家里如果条件还不错的话，不建议选这样的专业。
我想去英国读研究生，本科在大连海事大学读的航海技术，专业面较狭窄，想听听大家的意见。估计会涉及跨专业?,卡迪夫大学，纽卡斯尔大学，南安普顿大学，华威大学，雷丁大学都有航运类专业
大连海事大学的财务管理，考研好还是就业考证好？,大连海事大学航运类为主，建议考研到别的学校.
如何看待上海海事大学大学生情杀案？,媒体是想说凶手是通过dota2习得了潜伏暗杀的技能最终作案成功。嗯打dota的都可以转职做杀手，那个打lol的，还有那个玩守望先锋的你也跑不了。哦，还有旁边那个玩炸弹人的你有爆破倾向；那个玩勇者斗恶龙的你肯定会跑到别人家偷东西；那个玩马里奥的你肯定会拆别人家房子。
大连海事大学新生转专业是在什么时候，大一上学期，还是大一下学期？,大一上一批 大一下一批 一共两次机会 楼主如果觉得坑肯定是报志愿的时候没看好招生简章 入学的时候没看好学生手册
大连海事大学轮机工程专业学生最好的出路是什么？,我也是轮机毕业的，毕业将近五年了，给学弟一点忠告吧，或者说建议。  轮机专业存在一个很大的误区，以为跑船可以赚大钱，月薪过万分分钟的事，唉，毕业后才知道，其实都是老师吹牛逼的结果，他们一味的忽悠我们上船，给我们介绍的都是跑船的种种好处，却没有任何人跟我们讲过船上的真实情况，当年的我是多么茫然，多么希望有人能给我一点点建议，可惜的是从没有！大四学年开了个就业指导课，哪个二货老师除了上课吹嘘他给谁谁谁讲过课，那那那个学校又找他去吹牛逼了，要不就大谈特谈就业形势严峻，我们要怎么怎么样，他忘记了最重要的一点，就是他针对的是海上专业的学生，这一行业的特殊性质他一点点都没说，很让人费解。我想，要么就是他根本不懂这一行业的现状，说不了，这就很恐怖了，学校竟然找了一个完全不懂这一行的人来给们讲解就业问题；第二就是他完全了解这一行业的特殊性，但是由于种种原因他不能讲实话，这他妈更恐怖了，难道是学校有意为之？？？  好了，开头先抱怨一下，下面回归正题，结合自己这几年工作经验，给大家简要分析一下轮机的就业前景和择业方向。陆续更新中。。。   1.跑船。  对于很多专科学校而言，轮机专业区跑船是唯一的出路，没办法，本科生一抓一大把，轮机专业的专科生所学知识和船上紧密相连，他们甚至没有理论课程如高数，现代等等。对于本科生，就以海事大学为例，跑船的学生越来越少了，就业面广，船上艰苦，而且说实话，船上赚的并不多，这点我们后面会作比较。下定决心跑船的，在校期间一定要好好学英语，无论是通用英语还是专业英语都不要落下，四六级都拿下，不仅仅是对你跑船有好处，以后转行没有英语能力，很困难！！选择船东建议尽量去外派，工资高 ，升职只靠能力，用我们船东的话就是，promotion is only according to what you know but not who you know!!不用像国企那样托关系，当然有关系的同学另算。想要去外派，中介是绕不开的一关，我们现行的垃圾法律规定，船员并不可以直接和外国船东签约，必须通过外派中介公司，也催生了这一类寄生虫吸血鬼行业，但，我们并没有办法，签外派的话，最好选择大船东多的公司，北京华阳，鑫裕盛，海隆都可以，去了二次面试，直接跟船东面试，这时候就体现出你英语好的优势了，能力强的去好船东，赚的工资高，能力差的，没办法，没人同情你，社会就是这么现实！！英语实在不好的师弟，去国企也可以，拖轮或者补给船，国企靠关系是没办法的事情，除了船舶这一行业，哪个国企干干净净可以只凭能力呢？？还真没有。外派一大缺点就是辞职的时候要交一大笔的违约金，当然如果你做了四五年，违约金也就相当于你一个月工资而已，国企大多也要违约金，相对来说少很多，凡是有利有弊，自己斟酌。跑船这一块其实有很多的东西可以说的，我后面会陆陆续续更新一些，现在只说个大概；  2.造船厂 这一行业对于轮机海上方向的学生而言没有任何优势可言，我们大学所学的专业课，实操训练也好，大部分针对的是船上工作，要知道船厂需要的可不仅仅是操作类，更多的是设计类。何况我们学校本来就有船修专业，另外一些学校的机械设计也比我们优势大的多。去船厂我们真的只能从最底层做起，很辛苦，但和船上相比，陆地行业的好处就是有盼头，刚入行工资是不高，但是有一个积累的过程，这些经验对于你日后的发展有很大帮助，不会像在船上工作，你早晚是要转行的，到最后你发现除了钱，其他专业技能的积累真的帮助不大。船厂最近状况也不好，我同学也有去的，也有一些船厂面临倒闭清算，STX我想大多数人都清楚吧，已经快倒闭了，当时去那里的同学读研的读研，转行的转行。这就是造船业现状，没办法，航运业不景气首当其冲必然是船厂；  3.考公务员 高大上的职位，工资不高，地位高，海事局大多是校友。
大连海事大学西山校区也是半军管吗？,谢谢邀请@Stella 大连海事大学的半军管并不是按照东山、西山划分的，而是按照专业划分的。海上专业半军管，而路上专业会在军训时比较严格，后面就逐渐放松了。海上专业现在只有轮机管理（海上）和航海技术这两个专业。如果你不属于其中任一个，可以不用担心半军管的问题。
大连海事大学转专业有多难？,听我的，去河北工业吧
我本科辽宁省一普通二本学校，机械电子工程专业，如果考研考大连海事大学的海商法专业是不是很不切实际？,跨专业考研很普遍，大胆去做吧孩纸
就读于大连海事大学是一种怎样的体验?,大概就是第一次因为宿舍挂帘得了人生中第一次学院通报批评吧…
大连海事大学东山西山分别有哪些专业，求解？, 谢谢 @lcl  的邀请。  为贯彻落实《交通运输部关于大连海事大学主要职责机构设置和人员编制的通知》(交人教发〔2017〕13 号)要求， 2017年第11次党委常委会研究讨论通过了《 大连海事大学机构调整方案 》、《 大连海事大学机构设置方案 》 。所以现在海大的专业设置有改动。     （一） 撤销交通运输管理学院、交通运输装备与海洋工程学院、数学系、物理系 。  （二） 重新组建轮机工程学院 。轮机工程学院包括轮机工程（海上方向）、轮机工程（海洋装备技术与管理方向）、轮机工程（陆上方向）等专业。  （三） 组建船舶电气工程学院 。船舶电气工程学院包括船舶电子电气工程、电气工程及其自动化、自动化、测控技术与仪器、 物联网工程等专业。  （四） 重新组建信息科学技术学院 。信息科学技术学院包括通信工程、电子信息工程、电子信息科学与技术、光电信息科学与工程、计算机科学与技术、智能科学与技术、软件工程、网络工程等专业和计算机基础教学中心、电工电子教学中心。  （五） 组建交通运输工程学院 。交通运输工程学院包括交通管理、交通运输、物流工程、材料科学与工程、土木工程等专业和力学教研室。   （六） 组建航运经济与管理学院 。航运经济与管理学院包括物流管理、信息管理与信息系统、电子商务、国际经济与贸易、 经济学、工商管理、市场营销、旅游管理、财务管理、金融工程等专业。  （七） 组建船舶与海洋工程学院 。船舶与海洋工程学院包括能源与动力工程、船舶与海洋工程、救助与打捞工程、机械设计制造及其自动化等专业和机械设计基础教研室。  （八） 公共管理与人文学院更名为公共管理与人文艺术学院 。  （九） 组建理学院 。理学院包括数学与应用数学、统计学、 应用物理学等专业和公共数学教研室、大学物理教学中心、物理实验教学中心。  （十） 组建创新创业学院 ，学校相关综合管理机构创新创业职能调整至创新创业学院。  （十一） 组建航海训练与工程实践中心 ；撤销航海训练与研究中心，相关职能调整至航海训练与工程实践中心；金工实习基地等工程实训中心调整至航海训练与工程实践中心；医院调整至航海训练与工程实践中心。  （十二） 航海教育研究所 作为航运发展研究院挂靠机构调整为内设学术研究机构，无行政级别。   （十三） 船舶导航系统国家工程研究中心 调整为航运发展研究院内设学术研究机构，无行政级别。   （十四） 组建留学生教育中心 。原国际合作与交流处挂靠机构国际教育学院相关职能调整至留学生教育中心。   （十五） 组建国际联合学院（世界海事大学大连分校），统筹国际联合办学工作 。  （十六） 其他教学科研单位不做调整 。     所以，专业设置变成了下面这样：    
大连海事大学土木工程研究生怎么样？,你都二战了，还不坚持自己的初心？
在海事大学快毕业了，想要长久的做海员，去什么样的公司会好一些？,你有做下去的决心，这很重要！这要从两个方面来讲，首先要看自己的兴趣，再者就是能力问题。如果你是一个喜欢闯荡的人，肯定要去跑远洋，这样会收获很多，包括资历、金钱、见识，还可以开阔自己的眼界，远洋公司分外派和国内公司，国内的公司有国企和私企。现在比较好的外派有北京华洋，北京中海，森海，中外运国际，广州海顺，厦门海隆，北京鑫裕盛等，外派要求英语口语要特别好，因为你在后面的船东面试中需要用英语作答，而且一般的船东代表都是外国船长，口语不好直接pass。国企里面现在效益和工资比较好的有中集，上海中海，天散，大远，广远。其实国企都还是有保障的，有船派，去一般公司可能会耽误上船实习吧。选择了远洋，就一定要干下去，做到船长的时候就可以笑傲天下啦，希望对你有帮助。         待遇方面，国企一般都是三副2000刀，相差不大，实习期间是2000-4000人民币，外派比较高，广州海顺LNG三副4000刀，油船3000刀。中外运pil船东给的实习工资是750刀，森海450刀。中国铁建港航局三副5000人民币，船长也只有16000人民币，不过有发展。中外运的总船长管理培训生不错，6个月海上，6个月陆地工作。这些是今年大连海事大学招聘的数据，希望可以帮到你。
在大连海事大学上航海概论是怎样的感觉？,我是航海专业，从来没有航海概论这门课，系统学习了航海学，航海气象学与海洋学，航海仪器，货运这些课。航海概论这课应该是给和航海有一定关联的专业作为普及课来设置的，就像当时我们有一节轮机概论的课一样吧。通过轮机概论我们了解到驾驶员与轮机员在主机协调时必须格外重视，也知道了船速大幅度的改变对主机造成的巨大损伤，知道了船舶淡水的海水过滤获取和污水处理。我相信上好航海概论这门课也是非航海同学了解船舶日常航行整个流程的好机会，航海学院的老师都有实船实践经验，认真听，不会太枯燥的。
东北大学秦皇岛分校， 山东大学(威海)，大连海事大学怎么样?,我是东秦的，读的这个学校的王牌自动化专业  学校学习氛围很好，没有官僚主义，身边同学，学长都是相当好相处的。  肿么说呢，此生无悔入东秦
大学报的大连海事，学海商法，放弃了北京语言大学，大家觉得我的选择是正确的么？,说不定你去了北京又会想着DMU呢……
大连海事大学西山校区有二本水平么？,别的不知道，我那年09年入学，当年海事的文科线是东三省最高的。
大连海事大学的海商法专业好还是上海海事大学的海商法专业好？,作为海事狗，不得不回答一下，论牌子和实力，上海海事和大连海事再海商法这个专业上已经没有什么差距了，都是大连本科考上海研究生，没有伤害本科考大连研究生。
为什么上海海事大学最近这么不太平？孩子要高考了准备报学校，有点担心？,运气不好，学校招生的时候也是不会知道学生心理有没有问题的，出了事只能赶紧解决。  包括所谓性侵门，女主研究生一年级，本身有师生恋倾向，涉事副院长也只是刚调来海事的，不巧在海事发生了罢了。你硬要说是这个大学助长了他们胡闹的气焰，我也是没脾气了。    又有人要说学生小粉红洗地什么的，的确有些小朋友比较激动，大学生群体是个容易冲动，滋生是非群体，不可否认。我校部分学生在网上情绪激动瞎泼脏水，也是看在大家眼里的，值得反思。但是某些看客说着不堪入目的话嘲讽，攻击我校学生还有学校声誉，接着跟上地图炮的，不合适吧？  学校离市区远，学风其实还不错，是个可以认真学习的地方。  配套设施也在一步步增强，学校也在努力改变。  说要把事情捂着的，也只是不巧一个辅导员说的话截图被爆出来罢了，该老师我也认识，本心不坏，大抵是怀着多一事不如少一事的心，不希望学生瞎传。只是他还不懂，今时不同往日，信息流转这么快，人人都是自媒体，这样的恶性事件是根本捂不住的。 相反，我的辅导员，的确是没下达过任何封口讯息，当我们在群里谈论母校在网络上被黑，心中不平的时候，还劝我们要冷静对待网络暴力。  最后，欢迎报考上海海事大学，国内唯一有灯塔的大学，环境好，活动多，教职工和蔼可亲认真负责，食堂价廉物美，总体积极向上，不会亏的。           (......就是离市区太远，风太大，还要晨跑和晚点名)
如何看待大连海事大学船舶与海洋专业在全国的竞争力?,谢邀。全国第六其实没有多大意义，对于船体结构和流体力学这两个方向，研究所、设计院最喜欢三个学校：上交、哈工程、华科。 大连海事大学船舶与海洋专业的船机和船电还是很强的。实验室有位师弟来自大连海事大学，那年考研他考了全国第一，他本科是轮机专业的。 其他的知之甚少。
大连海事大学的半军管该理性一点了吧？,最近在朋友圈总看见类似的言论。就随便说点。吐个槽。 说啥学术的拿衣服了。有学术理想的会去东山？ 都大学了。面对现实。 高考再没考好，发挥再失常985的实力能失常去了提前批？面对现实。 还有。大一都学高数，大英，听说，计算机。你稍微动动心思刷刷绩点转个专业不行？然而你出不去东山。面对现实。 你只能在东山。那就既来之则安之呗。 凭啥不半军管。这是上一代海事人给学校争取的政策。学校的特色。根本。不知道理解力low到无穷小，只能让人哄的宝宝们的能不能理解。 结合校史，想想当年高校都被下放的时候为何海事被交通部继续直属？ 半军管本身没有错。也许学院领导执行的不到位。 就目前来看。半军管也就是糊弄下不了解的人。学校自己人还不知道实际上是啥样？ 大二了除非导员太作，你想干啥会没时间？ 你实际上并没有被真正的半军管。我就是想说这句话。 不要总是危言耸听。拿个大新闻吓唬人。 你当初一本压线报了海事提前批还想要样样都随心？ 别把啥都推给学校。脚踏实地点吧。
大连海事大学宿舍床多大？, 如图，应该是2×0.9的
大连海事大学通知书什么时候发？,更新，学校的微信给了点信息 大连海事大学：  ————————————更新分割线———————————————— 我记得我是班里最后几个拿到录取通知书的。 忘记什么时候了，大约是八月初吧，反正挺晚的。 我记得有很多人打电话查的，但是我就是去校网上查的。不得不吐槽下，校网上那个晚极了。 哦，对了我确定被录取大概是看了学校最低录取分数线，611分，我612分。东山提前批不知道多少分。 我吐槽的就是这个图。 
如何正确看待大连海事大学的这次院系及相关部门调整？,体制上的改革，个人觉得是为了更好的迎合国家的双一流建设。（可是还会扩招。。） 看以前的帖子，貌似海大已经院系调整过好几次了 没什么大不了的~
大连海事大学这几年是在进步还是退步? 以后发展何去何从?,海事确实是一所对学生好，来了不后悔的大学  高考咨询欢迎加微信272616611  我的海事是一个温暖的大学，圈子，家…     老校长说：“我们要做对学生最好的大学”，我曾以为是口号，可真的生活过才知道，爱在不言不语时…  学校里： 我们习惯了走进教学楼里就有电梯，以至于去其他学校的时候竟然发现其实海事看似不新的楼这么好看    我们习惯了教室门口总有空课表，以至于当高中同学说在大学找不到自习室的时候分外吃惊  我们习惯了被吐槽无数的食堂在冬天总会有的坐垫，不漂亮，不精致，诚恳，真实，像食堂饭菜，廉价而丰富…  我们也习惯了，女生节看到男生费劲脑汁给女生想创意而不求回报，一群工科男可能在外校眼中不解风情，“直男癌”，我相信海事的女生都知道，你们就是海大汉子的女神！  我们更习惯了出事不喊妈，而喊，导员你在哪，同学生病，导员带头捐款，同学挂科，导员硬挺着脸去在任课教师面前一点一滴的数起学生一学期的进步…他们严厉，他们慈爱。  我们也习惯于…在海事司南广场，罗马柱，综合楼前，浪漫总是不期而遇，也许我们没有“连理”巧合，也没有一路樱花的园林，可是白色的大鹅和“心雨海英”湖畔的搭配，怎么都觉得给海大的爱情增加了一抹俏皮。  习惯海事温暖的点点滴滴，所以对学校的骄傲也就是习以为常… 我是海大人 我荣幸，我是海大人 我骄傲，我是海大人    今天还看到，海事的学生能勇敢的扶起一位老人 同学，好样的！   编辑于 23:09 禁止转载
转专业！大连海事大学什么专业比较适合女生理科生学习？,法学呀
为什么大连海事大学分数很高但排名靠后？, 主要原因是大连海事大学不是一所综合性大学，而是一所专业性很强的大学。俗称偏科，非常偏。    大学排名是根据学校各项科学研究和教学等标准，以英文发表研究报告和学术论文，针对相关大学在数据、报告、成就、声望等方面进行数量化评鉴，有些排名还参考毕业生的社会贡献等因素，再通过加权后形成的排序。评价过程中涉及的学科包括哲学、经济学、法学、教育学、文学、历史学、理学、工学、农学、医学、管理学、艺术学12个学科门类。  那么我们看看海事大学有些什么学院：航海、轮机、交管、信息、装备、外语、法学、人文、数理、环境、马克思。而这些学院里，能拿得出手的专业除了航海轮机外，基本上只剩下海商法、航管、交规、物流、通信等寥寥几个专业的全国学科排名比较高，其他的大部分专业水平都一般，并没有什么优势。除此之外，在教育学、历史学、医学、农学、艺术这些方面基本为零，在哲学、经济学、文学这些学科上也都很一般。所以在计算大学综合排名的时候，拿得出手的就只剩下法学、理学、工学和管理学了，这样看排名靠后的原因就可想而知了。  至于校友贡献，反正我是不知道有什么特别出名的校友，似乎官职最高的就是省长、省委书记、交通部部长这一级别（毕竟是交通部的亲儿子），而且也不多。剩下的就是一些工程师、船长、海运公司的总经理之类的，亿万富翁似乎还没有，所以这部分也没什么加分。  以上。
大连理工大学是如何看待大连海事大学的?,每次去万达都要穿过一遍的地方
大连海事大学基佬真的很多吗？,  http://  news.ifeng.com/coop/201  60712/49340589_0.shtml?_zbs_duba_jsws#p=7       给你个新闻，自行分析
大连海事大学还可以，毕业后有可能上舰艇部队吗？,正常毕业的话，可能性较小。进舰艇部队可以关注大连舰艇学院。
大连海事大学怎么样？是全体学生都半军事化管理？宿舍怎么样？出来可以去交通部吗？,东山半军管，西山半军管一个月，之后除了升旗基本跟别的普通大学一样 宿舍环境除了没有独立卫浴和空调其他都还好。在大连算是比较好的了。能不能去交通部全凭个人本事了。
大连海事大学航海技术专业做海员有前途吗？出海几年比较好，求前辈指点?,能不出海最好
大连海事大学2016级宿舍允许多大程度的改造？,如果是海上专业，请忽略此回答。 西山的同志们参考 1、蚊帐完全没问题的，学校被品就有蚊帐；窗帘吊椅置物架大一慎重，因为查寝频率比较高，收拾累死人，建议慢慢来。 2、这个可以，建议军训后。 3、新区宿舍限电，具体功率不清楚，吹风机小功率冷风可以；电热水器小锅低功率的能用，但属违章电器。水房插座不限电，部分原先是导员寝室的寝室不限电。 4、有洗衣机，三块钱一次，几个楼层共用。自费安装并不太现实虽然我们这届干过。 5、水房指厕所每层都有，澡堂新区的在开，E区在装修，应该差不多了。  ps.已经毕业了，有些恐怕过时，别太在意。上大学自然而然就变懒了，渐渐就会发现，还是原生态好。
大连海事大学的物流工程专业本科生毕业，好找工作吗？工作待遇怎么样？,估计是西山最好的专业了 据我所知学校高层领导的孩子在海事都读物流 可以公费出国 而且专业排名靠前
请问大连海事大学船舶电子电气工程读研该学金融学难度大吗？需要做好哪些准备啊？,谢邀  具体我大学没学数学，所以...  不过学金融学的话可能需要英文比较好，可能需要阅读比较多的英文文献书籍。  找工作的时候，一般也会偏向外企等，毕竟金融的私企，至少我觉得大部分都是骗子公司...  如果你想出国留学，那英文就更不用说啦～  加油  PS 题主没有说是要出国吧？不是写着人大吗？为什么都默认他想出国...
大连海事大学修到什么时候是个头?,如果在海事，你肯定会听到一句话口口相传“大一的时候，我的学长学姐告诉我他们大一的时候他们的学长学姐告诉他们大一的时候在施工，等大四走的时候还在施工。” 没错，每一届都是这个感受。
上海海事大学会超过大连海事大学吗？,6楼上那些口口声声说大连比上海强的，难道是被你们学校辅导员安利了？别他妈总做表面工作，抛开211我们来扒一扒。。        水上专业上船考证这个事情大概困扰很多很多大四学弟了，四大航线考三免二，然而多年前四大航校是不需要考试，上船后经过实习直接换证，经过某东北航线强烈要求与建议，好，大家一起来考证，然并卵，第一年考证结束后，通过率上海爆东北，噢，好像某航校还来取经学双规？  至于楼上吐槽的图书馆，反正中远捐的，据说东北航校只拿到一个报告厅？你说气人不死人？前两年欧盟轮机审核，先东北某航校，后上海，怎么最后对上海评价更高一点？   其实这两个航校互相较劲很久了，你建校船我也要来一条，你们育鹏专用教学实习船，牛逼？远了跑到广州，所谓的航海实习也就渤海黄海黄海逛逛？育明就算不是专用教学船，至少也能去东南亚转上两个月啊，对于注重实践的轮机航海，我真的不知道哪个更贴近日后的工作，反正我也就在上面吊过一次缸，换过两套滤器，修过一次克令吊电刷。噢，当年上海模拟机舱建好了，某东北航校觉得这个好，把已经定下来的模拟机舱扩大再扩大，毕竟唯一一所211海事类院校，面子不能丢。     至于你们说的路上专业，国航海商法英航物工交运哪个比某东北航校差？上海四个中心，完全给上海众多高校毕业生提供了一个平台，上海海事毕业生留沪比例超过百分之八十，东北某校留环渤海比例多少？      其实题主，两所高校实力相近，想在南方就上海，去北方就大连，毕竟江浙沪还是上海的天下。   不想引战，本是同根生相煎何太急
大连海事大学交通运输专业怎么样？,和其他开办交通运输专业的学校方向不同 ，偏海运
大连海事大学电气工程及其自动化专业怎么样？就学校而言，这个专业在南方有竞争力吗？,这个专业还是很不错的，大连海事大学的电气工程及其自动化主要研究船舶类的电气，就业率95％以上，工作环境也不错。在东北也是数一数二的（仅次于哈尔滨工业大学和大连理工大学以及东北大学）
