华东理工大学商学院值不值得报？, 一所以化工见长的学校，读它的商学院，不是一个什么特别好的选择。除非，你爹妈给你安排的就业单位非要211的牌子，那么可以考虑。 
如何看待华东理工大学2月26日深夜突然断网事件？,  中午回寝就看到啦 ---------------------------------------------------- 问题也是搞笑地很 在尚不知起因的情况下 断了个网就涉及到“人性的泯灭，道德的沦丧”了？ (吼 接受评论区的意见 划掉上面一行) (大概是我跟不上网语的潮流了T T) (但是！我保留对题主滞涨行为的不满) 还有那位一口一个“你校”的 也是服气地很 我想也是啊 华理估计也不会出你这种人    
上海大学和华东理工大学的管理科学与工程专业哪个好？,华理，原来的华化，行业类院校，化工 化学国内首屈一指。现在时代发展转变为了多学科性大学。所以管理学不是老牌专业。 上大，原来上科大，上工大，老上大合并。综合性大学，强势学科也不是管理，但毕竟有底子，是以前复旦分校，上外分校等合并的老上大的底子。原来院长是院士。有一级博士点。相比华理要好。
如何看待华东理工大学迟迟不对徐汇校区电力系统进行扩容？, 你的匿名学长大概不会使用搜索引擎   华东理工大学徐汇校区电力扩容改造二标段施工公开招标公告       http://www.  ccgp.gov.cn/cggg/dfgg/z  bgg/201607/t20160714_7048510.htm       
华东理工大学出国留学的机会多么？【2+2或者读研出国？,强烈推荐2+2，能花很少的钱读美本，毕业后申请美国Phd相对国内优势很大。PS：美国不存在压GPA的现象，而据我所知无论北理还是我们华理GPA都压得很低。但是交流以后申请基本只看美国GPA，在美国只要肯努力学一定会是3.9/4.0左右。 祝你好运！
华东理工大学和上海大学的计算机专业哪个更好一些？,从学术来看，貌似上大略好，但是从学生质量和学校整体氛围而言，客观的说（根据实际高考数据和非两所学校的朋友评价）华理要比上大好很多。 其实，在以后求职或深造时，仅凭学校声誉，华理都要比上大有极大的优势，从来只有上大考研到华理的，没有听说过华理学生考研会以上大作为志愿。  说实话，仅就华理计算机而言，每年本科生200人，其中有拿过ACM竞赛金牌参加world final的，有各种竞赛拿奖到手软的，毕业后进入微软、Intel、IBM、百度、阿里、腾讯担任包括软件工程师各种职位的都有，当然也有四年荒废找不到工作的……  作为华理校友，肯定是欢迎LZ报考华理计算机啦 不过计算机的学习其实主要依靠自学，只要方法得当，愿意静下心来研究1-2门高级编程语言，如果再有些开发的热情那就最棒了，以后绝对不用担心没有好的机会……若真的是CS大牛，就算是蓝翔技校毕业的也能进Google，计算机这行业从来英雄不问出处
关于华东理工大学保研的问题?,化工学院化学工程系保研80+，而化学工程系300人不到
华东交通大学理工学院地理位置怎样！学校好吗？一定要真实回答关乎个人前途啊？,说真话同批分数里交理的学习环境绝对靠近垫底啊教室破得像建国初期的产物啊桌子凳子都破啊 所有教学楼的厕所都脏到像农村的公用厕所啊  学校南昌的校区的寝室 新校区全部六人寝又破又挤 寝室不轮换 而且是双面住人门口走廊是暗的也没有阳台  运气差分在一楼你这四年就住在包放在衣柜里半个月长满霉斑一天24小时进寝室就得开灯不然超级超级暗 放多少干燥剂都整天霉味 无论住几楼下水管道都返味能臭死你的日子吧       而且学校不同意出去住的 你自己偷偷出去住也还是要付学校寝室费  而且在同批次学校里学费不算低不算低不算低     学校离万达二十分钟但是公交车停的真的很早啊 学校周围超冷清啊完全不像CBD周围应该有的样子啊 寝室有门禁十一点锁门学校大门也是到时间就关  住学校还想晚上出去玩就别想了啊      想去大城市的千万别来江西啊  江西这地方真特么穷啊  南昌是省会都那么穷啊  讲真沿海的别往这边走 不会习惯的   夏天半夜十二点市中心已经没有人了啊黑漆漆啊   江西人都不撸串酒吧午夜电影的吗 一句忠告 宁可学校排名稍微差点 也要往经济发达的地方走 不然大学四年就废了啊一点都不好玩啊    而且同一批次的学校排名真的没什么用啊没差的 别被前段时间的热搜骗了啊 靖安校区不在南昌啊跟普通专业的校区不在一起啊 那边只会有艺术生的 而且实际上靖安校区面积不大 南昌这个校区的面积也就是普通高中的大小  可能还没有大一点的高中大 建筑就别说了不可能有校园环境这么差的高中的希望工程还比这个整洁一点嗷   靖安校区周围也是很荒凉的还交通不便远离市区 总之 千万别来这个学校 在读的人的忠告  转了在另一个问题的回答
北京交通大学和华东理工大学哪个更好？,我是北京的，目前在华理上学，可以说都比较了解吧，不吹不黑，这两个学校比起来，北交大更好一些，论化工，北京化工大学和华理不相上下，都是211大学，而北交大是一所985大学，好很多的。 再拿我自己举例子，我在北京高考620分，能考北化或者华理，但是上北交大还需要40多分 明白了吧
请问在哪里可以查到华东理工大学近几年高考分专业录取分数？还有学校真的有那么差吗？,这个为啥邀请我回答。。。我不是这个学校的，只是听说这个学校化工很不错，在上海的话地理有优势。最近华东理工由于宿舍问题在知乎上存在感很强，我看了一眼图片和天大七里台那个五六层的破楼好像差不多，具体进展应该找该校校友。 下回请邀请我回答：“如何看待某校cs排到全国26却大搞环化材生”“如何看待某校非官方推出个月饼还搞抄袭”“如何看待某校一年才成功转专业15人”等撕逼问题，我一定拿好桌椅板凳瓜子饮料矿泉水笑看洗地。 
华东理工大学里真的存在黎叔吗？他是做什么的？,那个华理应该是指华东理工大学
如何看待华东理工大学空调租赁成功？,嗯，很欣慰。学校终于有点诚意了。 但是，有同学说，说不定安空调再安个四五年，当然我知道这是开玩笑的话。 不过，从这句话可以看出，很多同学已经开始对学校失去了信任。 估计，靠仅有的一点点的情怀来维持最基本的信任。如果学校再搞点与学生实际情况背道而驰的事，恐怕...  反正大家都说既来之，则安之。 这句话的意思就是，既然我要来这上学，就要好好的把我安顿好。 我不管，我要吹空调，我要在宿舍洗热水澡。
如何看待华东理工大学空调招标流标？,    17号发布招标，要求在21号前申报，这是有多着急怕哪个不长眼的看见给申报了哟
想了解华东理工大学本科期间是否有对外交流项目？,有 项目不多 看你去哪里 有的要求托福雅思 有的四六级就好了
如何评价华东理工大学模拟联合国协会会长自称大哥？,因为大哥就是大哥啊
华东理工大学的物化实验老师殷天翔是一位怎样的人？,话不多说，你先滚出去再谈。
天津大学与华东理工大学的化工专业使用哪一本工程制图的教材？,  天津大学用的是这本
如何看待华东理工大学第二次空调招标公告？,原来的方案，假设5%的折现率，项目每台空调现值2032元，新方案多达3490，当然有服务年限增加的缘故，但是看得出来学校调整了思路，也作了工作，很有诚意了，希望可以成功，我们一起期待。
浙江考生全省排名338能进华东理工大学吗？, 没太明白你的意思啊，华东理工大学是需要校考的，校考分数为450，2016年浙江的录取人数为16人，综合分为683 
山东考生以体育特长生入华东理工大学应知道什么或怎样选择专业？,体育特长生好像都是国际经济与贸易这个专业…没有其他的选择我没记错的话
华东理工大学是全上海宿舍条件最差的学校吗？,空调已装好       一一一一一一一一一一一  马上要回学校了，这个事估计热度已经过了，今天看到朋友圈，屁颠屁颠赶来更新了。     是它！  是它！  它来了！！！     这是我看过最美的摄影作品了 (˃̶͈̀௰˂̶͈́)           一一一一一一一一分割一一一一一一一一一一一一一一  我又忍不住来更新了  早上六点被热醒，坐在床上发呆一个小时后，突然开始流鼻血。 学校啊，真不是我们矫情，您这环境我身体受不了啊。我长这么大也就高三有一段时间麻麻疯狂给我食补流过一次鼻血。早上看到一手血差点把本仙女吓得昏古七了，但是我冷静的想了想，这血可不能白流，于是颤抖地拿起手机拍了下来。校方啊！都流血了！我牺牲这么大！宿舍能快点改吗！！看图片又要被自己吓得昏古起了_(´ཀ`」 ∠)_  请无视我没有收拾的宿舍！！实在是热得没法收拾！！我还是个爱干净的小仙女！    还有分享一个本仙女早上一睁眼看到的蚊帐_(´ཀ`」 ∠)_ 噢对了，盥洗室每天深夜水龙头和水管都会有多只小强爬来爬去，热得睡不着半夜起来洗脸，真能把你吓得昏古起     还有同学们一直催我更新一下浴室，由于大浴室实在太远了，我觉得洗完澡走回来又是一身汗，所以这几天一直在走廊尽头的小隔间冲的冷水澡。听同学们吐槽大浴室很久了，大家有想说的可以另外开一个回答，我没去过就不说了，这里放一个小隔间的图吧，只有冷水，隔间特别小，我洗澡的时候都是把盆和衣服放外面的，十分不方便       一一一一一一一一一分割线一一一一一一一一一一一一  我有一个同学，她说:   我就放一个8舍顶楼最边上的宿舍图吧   我都是4g发图，不给你们流量预警   天花板是这样的，电扇只有一个，什么你还想要风？这么大的声音了你还想要风？你知道电扇有多不容易吗？      身为最东边的一个宿舍，这个宿舍比隔壁要小一丢丢，很不容易了，最后这么一点空间也开辟出了一个宿舍，最大限度利用了空间，学校的优良品质你们要get到啊！      这种充满年代感的窗户，让你足不出户感受老上海的情调，这波别看电影了，看自己窗户就能感动哭了，大概下雨的时候，煽情氛围更浓吧      什么你说你喜欢现代感？没事男寝能满足你，这是化工老乡发给我的他们的窗户      身为被强行开辟出来的宿舍，衣柜也是独一无二的哦，请看，虽然带锁的地方小了点，虽然板子弱了点，但是它们可是很好的可燃物啊！着起火来能烧的噼里啪啦响，贼j儿热闹      悄悄放一张11年8舍着火图  这间宿舍太幸运了，地板啥的都是全新的，羡慕，我有一个大胆的想法……  算了我怕被和谐了     衣柜内部细节   衣柜主人表示舍不得擦，这可能是个培养皿吧，微生物保护协会坚决维护这层霉霉的生存权      楼道这样，我没什么意见，我甚至觉得躺楼梯比宿舍住着舒服    阳台是没有的，衣服撑在外面吧，噢你问撑哪，阿姨说中间的钢管自己去楼下买。 对了五楼的话要小心哦不要掉下去，恐高症的话你将就一下衣服就晾在盥洗室的绳子上吧，一股水腥味忍一忍，你们学化学的什么味没闻过嘛，起码这没毒    呐，同学拍的细节是这样子。噢对面是公主楼，别想了，就让我们望梅止渴用的是    呐，这就是盥洗室，看见右上角的绳子了吗，就是那里挂衣服，会有小强爬来爬去，没事没事，又没毒     梯子？不存在的，这个小棒棒不能爬吗？只是小了点锈了点嘛，包张纸就好了嘛。大不了踩凳子爬上去，人家郭靖爬城墙落脚点都不需要呢，这是在培养你们的轻功，你们这些大学生哦，就是锻炼太少了，这点运动神经都没有的咯，将来怎么熬夜搬砖？  不准夸这个地板，这是学姐贴的壁纸    脸盆架也是很梦幻的了，我那二呆室友把它当梯子爬，还好被及时阻止，不然摔出个好歹，又要赔学校个脸盆架钱。而且好像这个东西是和对面寝室共用的，哇这学校怎么对我们这么好，生怕我们同学感情交流不够的咯？      来，欣赏一下挂蚊帐的锈铁丝和这木头床板，整齐吧，好看吧，该床主人第一天挂蚊帐的时候木板已经啪啪啪断了三根，床主人大胖子每天都是提心吊胆睡在床上，翻个身都提心吊胆脑子里计算着如何多几块板受力      空间看到的，也不是一个胖子     接下来是图片无法描述的文字吐槽时间      第一天搬过来累的要死，去走廊尽头的厕所冲了个冷水澡，九点就上床准备睡觉，躺在床上，被单是烫的，真，在发烫，怕是流了一斤汗，然后室友看我整个人肿成了猪头，强行把我拖下床逼着我吃了个冰西瓜，这才好一点。       之后我们宿舍几个人一起躺床上，话也不敢说，身也不敢翻，就希望快点冷静下来，就这样一动不动，还是浑身都一直在冒汗，我个人体质怕热，浑身和整个脸都在炸痱子，于是搞了条湿毛巾搭脸上，几秒钟掀开一下透透气。最后第二天全寝都是五点起床，不，一宿舍都一晚上热得没睡着，一致同意宿舍是个蒸笼。           第二天下雨了，外面就二十六七度吧，贼舒服，搬完一天的砖，屁颠屁颠从实验室回宿舍，以为能睡个好觉了，结果谁知道爬楼的时候，随着海拔每升高一层楼，气温也升高一度，最后从五楼的走廊进我们宿舍，气温蹭蹭蹭升高三度，他娘的外面树叶吹的唰唰响，一丝风也吹不进来啊！！整个宿舍更蒸笼了！！   反正两天后的同学们已经这样了       大家微博也是石乐志             不管了                  女生听我一句劝，千万别来华理学化学生物，求你们了，除非你有钱出去租房子住，那也不会来看这个问题了。大一大二大三都是假象，大四就不当人看了，男寝都比我们条件都好一丢丢。真的，大一大二大三我还给别人安利华理，现在我对被我安利来的亲学妹除了愧疚只有愧疚，我对不起她。       感觉会被折叠，不管了，能劝退一个是一个，求你们了，别来了     一一一一一一二一一一一分割线打这么多个一真是累死我了谁能教我怎么分割线一一一一一一一一  这么多赞受宠若惊，坐等被约喝茶了   更新一下，之前还一直安慰自己起码便宜，500在上海徐汇区住一年真是个大便 宜，直到我看到了华师同学的评论      一一一一一一一一一一一一一一一一一一再打一堆一一一来分隔一下一一一一一一一  喝茶就喝茶，能被领导关注也值了。  领导如果您在空调房里看到这个想约我喝茶可以，先来8号楼宿舍坐坐，看看我是不是在抹黑我亲爱的大学吧。   再补充一个，今年毕业季看空间里学长发的，社会我华理，惹不起惹不起      一一一一一一一一一一一一一一一一一一一一一一一一一三一一一一一一一   501的学姐啊我还找不到你的评论了！现在501的学妹说，她想告诉你镜子在她们来的时候早就没有了！ 学姐抱！
如何看待华东理工大学新一轮招标？,我只想说很羡慕 _(:з」∠)_我们宿舍没空调 安空调的打算...也没有
分析化学考研综合考虑哪个学校比较合适？我现在在华东理工大学读本科。,本人该回答禁止转载 根据今年杰青的评选结果 华中科技大学的夏帆是已经评上了杰青。另外今年的杰青还有湖南大学的楚霞老师，以及北京的黄岩谊（这个貌似在搞仪器，不太了解）  修改与2015年8月6日======================== 之前都之说的一些中坚和大牛。现在说一下已经很有成就的青年才俊。 浙江大学的苏彬老师很年轻，但是在指纹成像上已经很有不少成果了！ 华中科技大学的夏帆老师才30多已经申请杰青了！工作很出色！ 再比如中山大学的戴宗老师，长春应化所的孙旭平老师，川大的吴鹏老师等等。 另外喜欢研制设备仪器的话可以考虑清华大学的林金明老师。   修改于2015年5月15日   毛的北大武大最好！果然是本科生的图样啊！研究僧做科研讲的深度和idea，和学校名气屁关系没有。当然学校的仪器设备很重要！现在给你稍微说几个分析化学的牛人和牛地方！ 北大分析化学综合实力很强！但总体比较低调！接触比较多的是张新祥课题组，巨牛。另外北大分析化学研究所副主任庄乾坤是国家自然科基金委的主任！批项目，权利大大的有！ 清华的话，最牛的绝对是张新荣。ac副主编！nature science一堆一堆的！然后李景虹也是大牛！ 南京大学分析化学主要是光电两个大方向。自陈洪渊院士已下，鞠熀先，朱俊杰，李根喜，徐静娟，夏兴华个个都是业界大牛！南京大学也是国内发ac最多的学校，光鞠熀先一个人一年就十篇！ 南开大学张玉奎院士不解释。 湖南大学俞汝勤院士以下，杨荣华，蒋建辉，吴朝阳，吴海龙都是国内重量级。另外这两年才加盟谭蔚泓更是国际上都出名的！ 武汉大学的分析没有院士，只有和院士一样牛的庞代文老师。做量子点国内执牛耳！另外就是张志凌，袁荃，刘志洪，何制柯这些后期的中青年骨干，也很厉害！ 另外不得不提中科院长春应化所的汪尔康先生和董绍俊先生夫妇两个了！中国少有的双院士家庭！也是一个牛人扎堆的地方。jacs angew一堆一堆的！ 再比如川大的侯贤灯老师，福州大学的陈国南先生，中山大学的李攻科老师，还有题主华东理工的龙亿涛老师，厦门大学的江云宝老师，临沂大学的张书圣老师，山东师范的唐波老师等等都是个个领域首屈一指的人物。跟在这样有名望的老师手下比顶着学校的光环有用的多！ 最后安利一下西南大学，教育部分析化学排名第八！但很好考！
上海交大这边16年在职MBA学费多少？还会不会再涨了？华东理工大学MBA有哪些报考专业方向？,今年张过  应该不会再涨  交大在职28.8w 全日制20.8w   华东专业有运营与供应链管理 人力资源管理  金融与投资  国际商务  营销管理等  你可以咨询下辅导机构 我朋友之前考是报华章教育的 你可以向他们了解下
华东理工大学是最喜欢搞形式主义和面子工程，财务存在谜团的学校吗？, 看到某知友的回答 发现可以举报学校   附图片         我已举报 希望大家积极参与 不在朋友圈呼吁了  大家加油  —————分割线———————————  我不打算匿名 我也不怕学校查我的水表 当然我并不可能成为最高赞并且获得太多的关注 只是想表明我并不怕这个学校     一开始的招标只是做个样子 3000台空调198w 平均一台660 这仿佛是个天大的笑话了 学校一开始就没想让你投标 做出个招标并流标的过程 只是告诉你我有这样一个形式 我为你们装空调努力过了啊 但是流标了我没有办法啊  还记得当时小花梨发公告 我实名留言希望学校信守承诺不要打脸 可惜后台并没入选 同时几个一起实名的朋友好像也没被入选  笑嘻嘻  至于财务方面 学法律的同学告诉我可以行政诉讼要求政府公开 但是我记得曾经有一个回答说是一届比一届怂 一开始还因为学校单方面违约断电而示威聚集“暴乱” 变成联名上书 现在到了我们这一届都要匿名回答问题  那诉讼也是空想了       有学长很不爽我在做键盘侠 希望我不如忍忍算了 我希望我所有朋友圈的人 我身边的人 知道我处在一个什么样的形式主义学校 知道学校领导是怎样的演员 也不会再选择这个学校     所以大家 努力离开这个学校最好不过了 没有什么好热爱的 随便你们喷 受够了学校的这x样 
中山大学，东南大学，华东理工大学，厦门大学，上海大学（翔英学院），武汉大学，华中科技大学，应如何选择？,为什么备选有上经贸却没有上财呢？ 推荐：央财或者上财 北京和上海是国内仅有的国际大都市，北京上海所带来的机会和视野是其他二线城市无法比拟的。你不单单是选择了一所大学学习4年，更是选择在一座城市生活4年。鉴于题主是魔都人，如果你想离家远一些，就去央财，如果想离家近一些，就上财。 我个人更推荐你去上财，上海是中国金融中心，而且大学离家近好处多多啊。作为过来人的体会：不要因为一时意气，而离家千里求学。  BTW：我是东南毕业的
华东理工大学MPACC备考全阶段经验分享？, 首先：想要认识学姐的请私信我，其次我会在最短的时间里总结上海所有MPACC院校的学姐学长经验分享给大家看，要考研资料的也可以找我！  开始：大家好，我是17届太奇MPAcc考生，首先先向大家介绍一下我的基本情况，我毕业于上海立信会计金融学院的审计专业，以初试231分（总分300分），复试78分（总分100分）的成绩考入了华东理工大学的MPACC。我的分享主要分为四个部分，基本信息，时间安排，复试准备以及我考研的心路历程。   下面我向大家简单的介绍一下我备考的时间安排和规划。我考研开始准备的时间很早，我是从大三寒假就开始着手准备考研复习的，比大部分人开始要早三个月到半年，事实证明这并不是最好的选择，我的实际经验告诉我管理类联考并不需要这么长的战线，具体的分析我会在最后一部分心路历程和大家分享。接着看我的备考安排。我是从确定要考研后就决定要报一个考辅班，因为我不是一个自制力很强的人，而且据我了解管理类联考是一个很需要技巧和信息的考试，在经历了一系列考察后我就选择太奇，并在大三寒假就开始跟着老师按部就班的开始复习。管理类联考难度其实不大，主要考的是能力，整个卷子各科的时间分配、做题技巧、以及取舍都是十分重要的。所以，一刚开始除了跟着老师了解一些基本的知识体系，我做的最多的就是背单词和练字。单词量是英语的基础，写的一手又快又好看的字是作文高分的一个重要因素。接下来，就是按章节做数学和逻辑的习题，主要用的是太奇发的高分指南。等到第一轮复习结束后，高分指南基本也做完了，就开始主攻真题。四科的真题都要一遍遍认真的做，数学和逻辑是先按知识点做一遍，再计时整套题的做，英语是先一篇篇阅读做，分析错的选项错在哪里，再整套做。作文一定要动手写，不能偷懒，写好的作文可以让太奇的老师给予指导。到11月左右，开始参加太奇模考，一方面可以考察自己复习的情况，查漏补缺，另一方面也可以知道自己的水平，在报考院校上进行调整。   接下来，我主要针对华东理工大学的复试做一个简单的介绍。首先是学校的时间安排。我们的初试成绩是在2月15日公布，就是在寒假期间，而华理的分数线公布是在3月，分数线公布不久后便要开始复试，所以除非你有百分百把握自己一定考不上，请你一定不要放弃专业课复习。尤其是像今年这种情况，统一划分导致分数线极低，一些原以为考不上没有复习的人看到分数线后就傻眼了，不知道是该哭还是该笑，彻底放弃做不到，想靠复试翻身又因为复习时间太短而难度倍增。所以如果不是连国家线都上不了的情况下不要轻易放弃。接着是复试复习书目，总共是两科会计和财务管理有三本书，从复试专业课题目来看，主要考的是会计，而且要求的注会的三章内容涉及的比较多，虽然难度不如注会但还是比一般的会计教材难，我这有一个回忆版的复试内容，不全供大家参考。政治考试开卷，学校会给一个范围，总共25题，从中选了5题，这一部分不用担心，主要是速度要快，卷面整洁，字体漂亮当然是加分项。面试的话，首先着装要整洁大方，我当时是化了淡妆，穿了白衬衫和时装版的小西装，配了个黑色裤子。一起考试的同学大多是便装，比如毛呢大衣之类的。一共是五个面试老师，可以准备五份简历，便于老师在最短的时间更好的了解你，了解你想让老师了解的你。简历不宜过长，一页A4纸最佳。从某种意义上讲、这份简历也为你避免了一些天马行空的问题。整个面试时间为二十分钟到半小时，时间有限，如果老师围绕你的简历问了你许多问题自然就没有时间问别的问题，而这些问题是你自己可以适当准备的。当然，面试过程中专业题是逃不掉的，华理采取的是在一堆问题中抽两题回答，就我的了解这些题难度相差还是蛮大的，但主要是概念类问题，比如市盈率的概念，影响因素，审计报告意见类型等，问题涉及会计、审计、财管、经济学等，看运气和应变能力。如果你抽到一个完全不会的没见过的东西，我建议不要滥竽充数，你可以直接向老师表明你不会并询问是否可以换一题回答，当然这个做法不到万不得已不要用，用的话用一次即可。然后就是英语面试。我是进去之后先进行的英语面试，首先是一个英语自我介绍，这个是之前准备好的。但也不要像背课文一样背出来，要适时的和老师眼神交流，就像对话一样。接着是日常的一个对话，大多数老师都是根据你刚刚的自我介绍问的问题，比如我是提到自己喜欢读书和旅游所以我的两个英文问题就是有关阅读和旅游的。这个也是可以提前准备的。我是在之前准备了爱好、选择考研的原因、选择华理的原因、大学生活等六个主题的答案。虽然我的英语口语能力很差，但是应付这个面试还是可以的。还有英语听力，因为它占的比例很小又很难突击所以我基本是放弃了它，然后事实证明听力不是很简单，大家基本都成绩不高。当然了，如果从现在开始每天坚持半个小时的听力练习我认为到复试应该会有很大的提高。 
如何评价华东理工大学热能工程专业?,野路子.....
华东理工大学的工程硕士怎么样，每个月有工资吗？生物工程方向的？,我只是华理生科的本科生，但是据我了解，我那些读了生物工程方向的研究生同学都是有工资的，实验室，学校和国家都会发一点
华东理工大学和上海大学的信息工程类专业哪个更好？,你本科是这专业的吗？ 建议慎重，深坑。
如何评价华东交通大学理工学院靖安校区十亿建造仿古校区？, 学校有这个钱，多搞点科研基金，多给学生发点儿补贴，多购置点儿图书和教学仪器，多在提高教师待遇上花点儿钱，多好。  非要拿钱来建成土木砖瓦，无非是因为建筑工程中相关人员最容易揩油得好处。  十个亿啊，相当于一个贫困县四五年的财政收入。  古有封建君王大兴土木，清末有慈禧太后挤占海军军费建造颐和园扭转国运。  这项目，主管部门是怎么批过的。 
为什么华东理工大学不能重铸陈敏恒校长在任时的辉煌呢?, 陈敏恒时代的华理却是很华丽，也是历史上最辉煌的时代。虽然如今老校长已经解甲归田，但是精神值得我们继续弘扬啊。陈先生说我们要懂“物理”，明“事理”， 只有自信才会生活的愉快，而自信源于成功，而成功则要靠自己的努力和机遇！所以，拙见觉得，华理的重铸辉煌我们也将会是参与者与奉献者。还是多做做实验比较稳妥。 
湖南大学，中南大学，四川大学，南航，华东理工该如何选择？考虑就业因素和院校水平？,同问。山东考生628。同样纠结中。不知道题主最后选了什么
如何评价华东理工大学的药学？,要学药剂，不要来华理。药学院是由以前的化学院分出来的，大概十年了。多数老师是化学背景。
如何看待华东理工大学近期期末考试期间校园内频频出现救护车事件？, @FIRE 谢邀。  讲真我自己也被期末周的疯狂吓到了。  虽然沪上一直有“学死在华理”的段子，但作为一个学渣，对期末周的理解也只是图书馆自习室爆满，寝室开始通宵供电之类的。本科生打怪升级难度其实不算高，但是学习氛围是真的好，老师都很认真，学习资源也很丰富，再加上地理位置的优（pian)越(pi)性，大家（起码工科生这边）的生活还是以学习为主。虽然由于某些不能公开讨论的郑秩原因华理未能跻身985之列，但因为华理人和华理一样低调踏实，学校学术水平并不差，在沪口碑也不错。如果你真心想学点什么，来华理没错的。    但是 ，也没到动不动就晕倒的地步。  我身边有很多为了GPA不断努力的优秀的人。我偷偷观察了一下，这些同学呢，不仅成绩拔尖，在学生工作方面能力也很强，顺带着有很多朋友而且有时间谈个恋爱。即便每天要忙的事情有这么多他们还能规律作息，有的还能坚持健身保持身材。  打心眼儿里佩服。也一直努力和他们看齐。  对于近来不断晕倒的同学呢，学校给出的说法是因为劳累过度而晕倒。虽然我的朋友圈也都在开玩笑说自己跟这些同学比比真是太差劲啦，我们在华东晕倒与救护大学啦…但我想没人真的希望下一辆救护车上躺着的是自己。大家想做的更多应该是前文提到的那种同学，而不是平常水的飞起期末周频繁刷夜颠倒作息最后咣当倒地的人。而且这种晕倒事件也是这么多年来的小概率事件而已~真不想这种新闻成为大家报考时淘汰华理的理由。   学风很好，校风很大。 勤勉踏实，专心治学。 十六字足以概括华理。   此外【华理红烧肉】是有百度百科并且为知乎歪果友人心心念念的菜品，欢迎吃货报考我大奉贤皇家理工学院:)  关于花梨的更多 请戳  在华东理工大学(ECUST)读书，是一种怎样的体验？ - 大学      哎我真不是招生办的！！！
华东理工大学出版社的《新编日语教程》适不适合自学者？,新东方上课就用的这本。但是是绝版的第二版…但可以在网上买影印版    据老师们说标日已经out了…而这本比较合适…
华东理工大学未来能超过西农兰大民大等末流985，跻身国内一流高校之列吗？, 兰大萃英学院成立于2010年8月，专门负责实施国家“基础学科拔尖学生培养试验计划”。毕业后，发本科学士学位。  基础学科拔尖学生培养试验计划 （简称“ 珠峰计划 ”）是教育部为回应“钱学森之问”而出台的一项人才培养计划，由教育部联合中组部、财政部于2009年启动。在《国家中长期教育改革和发展规划纲要》制定原则的过程当中，教育部门对基础学科的拔尖创新人才培养做了筹备，已经选择清华等20所大学的数、理、化、计算机、生物5个学科率先进行试点，力求在创新人才培养方面有所突破，拔尖创新人才的培养是一项系统工程。   美国《科学》周刊曾评出了中国13所最杰出的大学，其中兰州大学位列第六。据SCI统计，兰州大学是中国在国际学术刊物上发表论文最多、引用率最高的大学之一，科技论文被SCI期刊引用数居全国高校前13位。   2015世界大学学术排名 数学学科兰州大学成内地最高兰州大学专业排名全国高校第七_教育频道_巴蜀在线    http://www.  bazhongol.com/edu/jiuye  /138160.htm        2015自然指数发布： 兰州大学名列全国高校第8，亚太地区高校与科研机构第24                     2015自然指数发布： 兰州大学名列全国高校第8，亚太地区高校与科研机构第24_兰州大学新闻网      兰州大学专业排名全国高校第七  兰州大学专业排名全国高校第七_教育频道_巴蜀在线      自然指数出炉，兰大居内地高校第十  重磅丨自然指数出炉，兰大居内地高校第十-搜狐      培养院士最多10所大学，兰大排名第8  培养院士最多10所大学VS专职院士最多10所大学！ - 今日头条(www.toutiao.com)      全国大学生数学竞赛兰大学子收获颇丰-搜狐   2016年4月5日，兰州大学在第七届全国大学生数学竞赛总决赛上，该校学子取得了全国一等奖1项、三等奖3项的好成绩。本届比赛共有28个赛区的近7万名学生参赛，其中非数学专业报名5万余人，数学专业报名1万余人。兰州大学的郭子可（数学基地班）获数学专业高年级组一等奖（全国共10人）；刘家熙（数学萃英班）获数学类三等奖；杨丹可（物理萃英班）和孙振宇（物理基地班）获非数学类三等奖。   兰大学生在第29届美国大学生数学建模竞赛中获佳绩__中国甘肃网   2013年第29届美国大学生数学建模竞赛(Mathematical Contest in Modeling)结果揭晓。兰州大学参赛的26支队伍中有7支队伍获奖，其中一等奖4项、二等奖3项。  　　本次竞赛吸引了包括哈佛大学、麻省理工学院在内的十多个国家高校共6593支队参赛。竞赛不仅要求参赛队员具有出色的抽象概括能力、归纳演绎能力、逻辑推理能力，还必须具备扎实的英文阅读能力和写作能力。  　　近年来，兰大已在美国大学生数学建模竞赛、中国大学生数学建模竞赛中取得优异的成绩。其中，获美国大学生数学建模竞赛一等奖12项、二等奖20项；获中国大学生数学建模竞赛一等奖4项、二等奖20项及甘肃省特等奖29项。由于兰大数学建模竞赛成绩优异，不但吸引了本校学生积极参加，今年也吸引了北京大学、武汉大学、西安交通大学等高校的学生加盟兰州大学参加美国大学生建模竞赛。  吾等虽瘦，必肥华夏。  自强不息，独树一帜，西北兰大！  天山昆仑祁连山，神山座座护兰大。  哈哈~~~ 
华东政法大学和华南理工大学法硕（非法学）该怎么选择？,比起它们，我更推荐西南政法大学。  还是补充下理由吧：西南政法大学是华南地区主要的法律人才来源，合作非常密切。而且学校能让你学到真正的法律知识，快速融入法律圈。  当然题主也可以选择华南理工大学，毕竟是个985，地区产生上市公司CEO最多的学校，选择它意味着眼界更开阔，资源少不了，万一当不成律师，也有很多退路。  华东政法大学就学校而言不差，但缺乏去广州发展的通道，选择它的优势在于上海本地实习机会多，可以更好的锻炼自己。
四年大学理工科，想考研考华东师范大学，想教高中生物，应该报哪个专业？, 难度较大但比较对口的是教师教育学院的课程与教学论（生物）和学科教学（生物），相对竞争较小并且招生人数较多的是生命科学学院的各种专业。 
加入华东理工大学MBA 商务管理协会是一种怎样的体验？ 这个社团真的这么厉害嘛？,腊肉来答一发 华理最有商业气息的社团 最能接触顶端商业人才的社团 最能和其他高校产生碰撞的社团 超暖心的社团 连续十几年的五星社团  经历过不少，八百人讲座也好(那个时候请了vr ar的相关大咖，讲了不少干货)，座谈会也好(恒源祥副总，讲了不少人生规划的干货)，还有今年的大事gcc，以创业为主，还有上交上外等等十分成熟的创业类社团负责人，思想碰撞真的很激烈。 还有其他例如模拟炒股投资大赛此处艾特某松，简直大佬，还有电子商务比赛什么的 总之只有你想不到，没有mba做不到 最后说一句，do more do better do A 爱mba
上海华东理工大学继续教育夜大怎么样？,我个人认为办事效率低，有相关证书可以免考的，还要等考核，真的无语了，而且上课老师全在给你拖时间一样，真的是.................
华东理工大学和北京化工大学哪个化学较好？,华理只能说是一般般吧。也就是化工专业才排全国前三，也就是毕业的学生才占据江浙沪化工行业半壁江山，也就是被化工业内人士贴上踏实低调的标签，也就是以一个舅舅不疼姥姥不爱的211身份(你懂的)超越某些985，也就是才在三大世界高校排行榜挤进世界前500名，也就是这样，真没啥的。  PS: 目前经济形势这么差，能不学化工还是别学了吧，虽然华理化工很牛，但是在整个行业都不景气的大趋势面前也没辙啊。。。
如何看待华东理工大学官方网站首页的6月28日的最新改版？,想学人家学校放妹子吸引火力，殊不知只会招来更多男孩子，最后实现基佬共荣。
东华大学和华东理工大学哪个环境更好？, 当然东华更繁华啊，毕竟松江大学城已经发展出规模了。华理在奉贤，地铁都不通的，进城靠校车一小时，KFC，麦当劳什么的宅急送都不在配送范围，海风超级大！周围化工厂超多，晚上会偷排废气。。。 
三本学财务管理，想考华东理工大学应用经济学研究生，考数学三英语一和宏微观经济学，请教经验和方法，谢谢？,是三本独立院校
上海高三考生，计算机方向，华东理工、中山大学、华中科技大学、香港中文大学深圳校区该如何选择？, 华科，香港中文大学深圳和中山都蛮不错，个人觉得华东理工和另外三所学校不在同一个层次。 
上海华东理工大学艳照门是怎么回事？为什么草榴那么多她的帖子。,我同意某答友的说法，该女生其实也是受害者，在私下里，如何拍照、拍视频，与谁发生关系，只有没有传播、盈利，完全是个人的事情，顶多你可以批判她生活作风比较外放，个人品德不好。 但是现在某网站、论坛已经有她的照片、甚至视频，涉及广泛，同学、碰哟、老师等等。还有个人信息，她的名字，学校、出生日期、照片。 我建议还是不要传播的好，有接触到照片或者视频或者了解女主角个人的信息的知友建议不要泄露或者传播。不是一件光彩的事，甚至可能触发法律。 珍重。哀其不幸。
重庆大学和华东理工该选择哪个？,谢邀  所以一个华理毕业的不推荐华理是要怎么样？当然是华理啦。  重大不了解，只能说认识两个那里来的朋友，一个男神一个女神。您自己看～
华东理工大学环境学院博士值得读吗？学制4年？,哎呀妈(･᷄ὢ･᷅) 这是谁邀请的本宝宝(•‿•) 老娘恰巧就是华东理工毕不了业的女博士 (ㅍ_ㅍ)(ㅍ_ㅍ)(ㅍ_ㅍ) 让我先占个坑…… 回头细聊，私聊也行ฅ^•ﻌ•^ฅ     做好好好开组会的准备＼(￣︶￣)／  另外，华理开始装空调了……(･᷄ὢ･᷅)
请问一个内地的985如电子科技大学，四川大学和上海的211如华东理工大学我应该选哪个？,很有可能你的录取结果已经出来了 毕竟现在已经是快八月份了 毫无疑问川大电子科大是985实力是领先华东理工的，华理是211，985优势创新平台。 如果你报的是化工，华理肯定最好，这毫无疑问，前提是你的专业分要够得着。 电子科大的电子类很厉害，华理这个专业确实挺一般，如果你选电子，或者相关的，那电子科大会是更好的选择。 如果你选的是文科，理论上来说，川大最好，可是上海地区的金融，会计，销售各方面就业都很好，所以华东理工可能是更好的选择，当然更加推荐分数相近的华东师范。 还有，如果你想深造的话，如果你是一个有追求的，自律性很强的学生，我建议选华东理工，毕竟上海名校云集，你就会有一种冲劲，但如果你，是一个随波逐流的人，上海的浮华可能会湮灭了你的志向，那么就选择川大或者电子科大吧，毕竟在成都重庆，甚至到广州就业都没有什么问题。  任何一个人很肯定地跟你说，这三所选哪所最好或者最不好的是不负责任的，因为你到了那一所都有他的好处坏处，而有时候好不好看的更是你自己如何去利用这几个学校能给你的一切资源了。我这么看你很可能是报工科的，可是讲真，不是说上海的工科类不好，只是，上海整体的氛围可能更加适合做销售，金融这些外向型的东西。
华南理工大学和华东理工大学该如何选择？,华理的告诉你去华工，985的优势很大，校友圈、学生水平都更高一个水平。 今后出国或者找工作也要看你本科学校的。
三本生考研，目标华东理工大学化工过程机械(b本科过程装备与控制工程），求专业课资料。?,考材料力学，网上有前几年试题，然后做刘的课后题，135+没问题
华东理工大学可以多次转专业吗？比如说开学专业交换时转一次，大一结束再通过申请考试转一次 ?,不可以，只能转一次。本人15级转专业学生一枚。
为什么华东理工大学毕业的校友多数对学校没有如其他学校一样的归属感？,就我个人而言，自从高考失利进了这个学校，每天只想着赶快毕业早点走人，申请ms能雪耻
问一下考研中考清华的英语和考华东理工大学的同样的专业，英语科目试题一样吗？,通常是一样的，具体要看考试科目代码是否一致。
求推荐华东理工大学化工的研究生导师（报考的化学工程专硕）？,跨到化工，题主如果是男生而且对化学比较热情就还好…本人化学大三女生，也在想跨到哪个行业 
怎么看待华东理工大学知乎治校这个事情？, 从结果上说，流标这事肯定让大家不满，毕竟上次知乎一波之后大家都看着学校要装空调的承诺呢  客观的看标书的话，这个金额按融资租赁的合同计算每台空调现值大约2100左右，那么是不是真的太低了，可能还是需要专业采购的来回答，毕竟大批量采购和零售价还是有比较大差距的。另外作为一个学会计的，融资租赁合同的话，空调最后的所有权要看合同如何写，如果说最后以另外一笔费用卖给华理，或者说公司收回空调（可能性比较低），那么这笔空调的残值显然是没在这个招标书上了。所以说我觉得金额上应该问题不大。招标时间的问题也要看有没有法律方面的专业人士解答一下，不过我搜了一下之前奉贤校区的招标，也是差不多一周的时间。  其实标书本身的问题完全是一个招标的技术问题，大家这么群情激奋，原因其实是超脱了标书本身，回到了对学校行政系统上的不满了。包括空调问题在内，其实很多问题与不满是许多华理人有共鸣的——财务处老师态度差、校医院态度与能力都比较差等等。。。所以我觉得这次知乎上华理问题的暴热其实是大家不满的一次集中爆发。从学校发展的角度看，如果能使行政部分的领导有所思考的话，也算对华理的发展比较有意义。  但是作为一个华理人，我觉得我们与学校还是多少荣辱与共的。没有空调、宿舍差、食堂不行、校医院不行等等批评我觉得都是合理的，放在网上说我觉得也不算抹黑学校，只是客观陈述一些问题，希望学校改进。可是有些事情，我觉得就黑的过分了，比如有知乎问题华理是最喜欢形式主义的学校么等等。如果非本校人起哄也就算了，华理人的话我觉得还是应该冷静地去看待存在的问题，不能一竿子全打死，伤害的也是自己毕业证的声誉。我们学校的学习、学术、科研方面还是很优秀的，不能让行政的问题把所有东西都抹黑了。  最后我想说，我相信学校团委等肯定是看的到网上的评论，希望能够在哀叹学生“乱”吐槽之余，思考一下核心问题在哪里。虽然小花梨发了很多文章介绍了装空调的难处，以及学校的进度等等，可在大多数学生眼中，装空调不是造航天飞机，讲那么多困难反而让学生觉得学校在推脱。作为一个理工科学校，真的有资金、技术方面的困难我觉得可以在新闻里写的具体点，有理有据，相信作为一个学霸众多的学校大家看到真实的数据可以去理解那些困难。更多地去给一些正面的，一手直接来自校方的回应也会比通过官微等发新闻显得更有诚意。从空调问题说开来，那就是学校应该正面地去应对存在的各种问题，正面的给出解决方案。就像人做错了事也要去面对而不是逃避，学校三缄其口，说说要大家相信学校的努力云云，如何真正赢得学生的信任？  希望华理通过这些事之后能变得更好吧。   
本人14级化学工程与工艺专业，想考研去华东理工大学，将来想从事化妆品行业，应该报考哪个专业比较对口？,同是14级，同专业，(学校竟然就在你学校的附近)，化妆品的话应该就是精细化工方向吧
华东理工大学（徐汇区）有哪些风景动人的小角落？,四教三楼大教室靠窗的位置，看看外面，感觉很好，宿舍楼22舍23舍九层以上，晚上刷牙的时候看看窗外的高架，看看川流不息的车辆，理学院楼二楼得窗口，看看窗外的小树林，下午四五点的时候，夕阳透过树杈的缝隙照过来的感觉就像梦一样，还有大半夜一个人从南门走进来，迎着两边的行道树，孤独的感觉也很好，不说了，接着做梦去了，，，     添几张图，
华东理工大学宿舍概况2017考生？, 本科生有空调，没有独立卫生间。 
怎么查被华东理工大学的哪个专业录取了？,同华理，华理官网不知道为啥我也不能查。在当地教育考试院官网查吧。
如何评价华东理工大学的郑植主席？,不邀自来，帮忙扩大影响力。 郑植是我在华理模联见过的最有独立意识的人。  贴一张我们的合影，是不是很霸气呢？最左是他，最右是我。  首先郑植很帅，帅到有点gay的感觉，还没有女票，所以我们见到他都觉得他很可能是弯的，再加上名字里有个“直”，所以我们对他的爱称是弯弯~~  刚进模联时，在华理校会认识了他。同为法新社的新闻工作者，我写中文稿，他写某英文会场的稿。那时感觉弯弯是奶油小生，简洁干练，彬彬有礼，外在印象很不错。  虽然后来MPC的两个奖被我和 @游劲鸽 鸽子get到，但是弯弯的新闻稿我也是看过的，很高深，很工整 （虽然我看不懂-_-|）。  他是英语系的大神，但是绝不停留于此，辅修数学，热爱数学建模（虽然我是工科生但我也很头疼建模）这对一个不再学习高数的同学来说尤为难得。  后来我们一同留在了模联的秘书部，一起共事，每次例会结束去浪的时候都会和他聊很多，比如感情啦，对国家经济政策的展望啦，以及MO法什么的。尤其让我敬佩的是他对二胎政策的解读，从开放二胎政策到女性地位持续下滑，他的思维严谨，见解独到。  之后也更深入♂了解了他本人，大概是一个有着相反人格的文青吧，用他自己的话说是 “alter-ego 相反人格， 但是是人格的一部分， 就像一个人的影子 有那么一点点像哈利波特跟伏地魔 比如一个现在在和你们聊天扯淡的我 另一个天天生活在内心世界里写诗的我”  在群里，主要担任一个高冷的逗比形象（经常吐槽与被吐槽） 但在他自己的内心世界里，他是那个忧郁的，自我放逐的骑士，单身主义者。 一个有着蛋蛋gay气质的直男！ _(´ཀ`」 ∠)_他墙裂要求我们承认他是直的  对了听说他最近要出诗集？必须资瓷一番！  然后是喜闻乐见的表情包——小弯梨！    再来一张女装弯弯！    日常弯弯~~    图片有待补充。 想到再更。
华东交通大学理工学院是一个什么样的学校?,6楼主情况就不介绍了，怕被盯着，毕竟你懂的，情况一点一点补充吧。。。。 当初刚进学校的时候很多说是因为【华东】这两个字，才选的这个学校，以为会在上海，没想到是在江西，也同样因为这个名字【华东交通大学理工学院】骗了多少学生，有老师给说过，一个字一千万，【华东交通大学】一共六千万，也不知道是一年，还一次买断，之前学校吹着说要升二本，从10年开始吹，到现在还没有，说白了，就是给我们希望，然后骗更多的学生进来！还准备改名字，话说，改名字谁还会来。 学校的面积具体有多大呢，额。。。具体的数字我说不上，差不多，一个高中大吧，还没有我高中大，约会什么的，你在学校任何一个地方，都会有人碰见你，这么说应该明白了吧？学校简介上说的两千多亩，应该是算上所谓的靖安校区，说到靖安校区，反正我是没有去过，也没有听学校谁去过，可以百度一下，网上也看过图片，看不出一点学校的样子，只有一片的古建筑，就像是横店一样，我就不含蓄了，所谓的靖安校区，也就是华东交通大学理工学院董事长陈志胜的房地产项目，陈志胜是谁？可以百度，也就是一个生意人，生意人当然是以赚钱为主了，所以这个没有任何学生的靖安校区呢，也就是为了发展影视的而已，劝有报考或者在读的学生不要抱有任何希望了。 学校的设施，额。。。怎么说呢，现在几乎全国的中小学都有多媒体教学了吧，嗯，这个学校没有，应该说不完善，只有三教和五教个别教室有，其他的教学楼不存在这么高级的东西，让我最无语的是，课桌椅应该是九几年的吧，也就是大部分都是坏的，或者是不堪入目的，我记得有元旦还是什么的晚会的时候，都会在阶梯教室，也就是大教室里面进行，然后，整个教室都是破的那种，照片给以前同学看，让我颜面无存。 今天就这些吧，下回，分享一些学校更敏感的问题   
重庆大学还是华东理工大学？,实力  重大强 地域  华东好  看你怎么选择了  恰好我是重大数统的 大二下分方向的确有金融数学和计算机数学 除了这两个重大的统计学（精算方向）和会计acca 都非常出色  嗯，还是自己选择吧~  ―――――――――――――――――――― 解答一下评论区问题    嗯，重大数统还是不错的 当然，不能算是国家重点学科 总体水平的话不敢说特别好但在同等水平大学里应该算好的了 分数的话也是所有专业里的中等分数吧 学院内部学风还是蛮好的，老师都很负责
对于文科生而言，去华东理工大学是一个明智的选择吗？, 谢邀！   选择没有明智不明智，如果你只考得上这个学校，那就是明智的。   如果你有复旦的分数，最后仅仅进了华东理工，那就是不明智。   当然，在理工科大学读文科，当然没啥好的。 
在华东理工大学读文科是一种怎样的体验？,放开!这个问题我一定要答    以下观点多为主观评断，仅供参考，什么立场都不代表_(:_」∠)_ 答主社会学院，对其他学院谈到的一些内容多是侧面了解，因此会侧重于本学院情况，若有失偏颇还请包涵。   一、概况  华理现有13个学院，在校内被归为的文科学院有以下几个：  1、社会与公共管理学院  2、艺术设计与传媒学院  3、商学院  4、外国语学院  5、法学院  上述五个学院中，社会学院与商学院领取管理学学士学位。艺设实则是被误划为文科范畴的工科类学院。外院领取文学学士学位，法学院授法学学士学位。   二、各学院发展现状  我在答案里看到了除社会学院之外的几个学院的同学，这里就说一下没人讲过的社会学院和商学院。  1、社会学院方面，择二言之： 社会工作专业是华理文科专业中的佼佼者，实务与学术领域方面的表现都数得上来。 劳动社会保障专业的就业率最高。学业压力也是社会学院中最大的。   2、商学院 华理的商学院里，不同专业的发展差别很大。但商学院是除化工学院之外，最壕的学院。。。  三、日常 在这样一所学校这样一个学院里，最常听到的问题是什么?                  掀桌完毕。
有没有在华东理工大学学长学姐告诉我一下社会工作（专业学位）学费情况和专业情况，以及考研经验？不胜感激？,学费一年6000，第一学年学校每个人都有奖学金6000，所以学费不愁，每个人还有6000一年的助学金，分为十二个月，每月500。 导师都不错，朱眉华，何雪松，费梅苹，张昱。。。。 考验经验在考研帮都有蛮多的，自己去查吧。
金旭亮认识华东理工大学的计算机教师金登南吗？,金姓可不算是一个小姓哟……
在华东理工大学就读是一种什么样的体验？,作为四年本科，三年硕士在读的华理正经工科人，其实还挺感激母校的六年求学经历。有一句老话说得不假，母校就是只许自己说她坏话，不许别人黑一句的存在，华理就是这样一个让我又爱又恨的学校。 首先是大家津津乐道的校风，那是真叫一个大啊（QAQ跑偏了），作为一个工科见长的学校，华理的风气可以说是相当严格的，自从老于狠抓校风以来，马哲毛概一律闭卷，考试作弊狠抓严惩，所以每到学期末的时候图书馆日日爆满，以至于奉贤校区三层楼的食堂在考试周都一座难求。还有校友们提到的大量实验，不得不说读了研究生之后对于学校的这些安排还是挺理解和感激的，毕竟实验技能学到的不是一点点。 然后大家关注最多的应该是住宿等实际问题。奉贤校区虽然远，回市区一次耗时约1~3小时不等（视交通工具而定），但是大农村地区住的条件还是很好的，标准四人间+配备空调（默默吐槽一下学校等我们这级离开奉贤就开始装空调的恶行），吃饭什么的除了三层豪华食堂之外，黑街的美食也是我至今还怀念奉贤的原因，李静大鸡腿，黑街回锅饼无时不刻不在牵动着徐汇孩子们的心。徐汇校区作为本部校区，建筑风格和人文风气无不保留着历史的厚重感。本部距离三号线上海南站约1.5公里，交通较为方便，另外吃饭问题有更多选择，不再赘述。 还有一个不得不说的就是学校的管理以及教师职工。诚然，不管哪个学校都不能同时满足上万名学生的要求，所以各种不满和抱怨也就应声而来。说实话，一个作息规律，生活没有太多癖好的学生对于学校的管理还是没有多大异议的。这一部分最值得说道的其实是学校里兢兢业业的老师和尽职尽责的职工，在本部，你经常会看到几个熟悉的老头，每天骑着二八自行车晃悠悠的穿梭在校园里，不要觉得他们普通，十有八九你遇到的就是国家名师，长江学者。我所熟悉的几位名师--黑恩成，齐名斋等等，无一不是各自业界的超级大牛，但是这一种心境绝对不是普通名师能够比拟的。而且大家有目共睹的就是他们对于教学的态度，有幸上过这两位老师的课，深感他们不是在授予我们知识，而是站在学生的角度和我们一起虚心的像书本讨教，日复一日，乐此不疲。 基本上想到的就这么多了，其实还有很多譬如宿管阿姨，食堂大妈，图书馆管理员等等普通人的故事也不再赘述，毕竟，不是每个人都有愉快的经历，所以还是希望大家能够珍惜母校，尽量开心愉快不留遗憾的毕业吧。
华东理工大学商学院就业？, 我不太清楚，记得之前公众号小花梨还是华理商之潮上面有这样一篇推送，你可以找来看看，好像还不错 
为什么华东理工大学这么差？？,你岂不是更恶心
在华东理工大学(ECUST)读书，是一种怎样的体验？,深深的怀念奉贤。人家说奉贤大农村，但心静，生活平和，简直是陶渊明的生活（虽然有挂科四大金刚的追杀），来了徐汇，周围的人都开始玩，挂科挂的不成样子了。  在奉贤，简直好到爆的图书馆，天天翘课泡着看闲书。看遍了金庸古龙。虽然是从小痛恨数学挂遍高数大物的学渣，却开窍一样觉得数学很有意思、真的是很牛逼，想好好学（还是挂了TAT）。还有那些有机化学、物理化学、大学物理，一个个真的都很牛逼。只是自己不才，就是学不会（也不肯好好学，摊手┑(￣Д ￣)┍）。在华理学的工科，现在做金融，跨了专业但当年留下的素质现在依旧是我跟别人竞争的资本。（比如学文科的同事看三体简直像便秘╰(￣▽￣)╭）  心烦了就骑车去海边吹风，看黄泥巴水潮涨潮落，抓抓小螃蟹（奉贤海边螃蟹就有4种，简直牛逼）。春天的时候，烧焦的滩涂上，芦苇春风吹又生，草色遥看近却无。夏天，白鹭开始悠然出现在海边觅食。9月，蝗灾一般庞大的燕子群在芦苇荡上面来回盘旋飞舞，黄鼠狼在苇丛中时隐时现。冬天，走在堤坝上望沧海夕阳，余晖渐没。中秋月圆，银辉满地，海面流光。邀俩好友，一瓶红酒、几块月饼，举杯共饮，耳边涛声回响，绝对是我这辈子最深的记忆。  奉贤2年是我这么多年心最静，眼界智识增长最快的日子。一直深深的怀念。有空回去看看。  最后，上图 1、华理，冬雪  2、通海湖，天光 3、朝霞，4：30的华理  5、晚霞  6、海边，风车   7、海边，风车、夕阳  8、海堤、晚霞 9、小螃蟹~~~   10、最后，2011年春，滩涂、春草       春草年年绿，王孙归不归。 
请大神们分析一下天津大学和华东理工的化工研究生差异都有哪些？从就业、学术氛围等等方面？,天大飘过。。。 看你以后准备在南方还是北方发展
如何评价华东理工大学辅导员党元夏杰？,党元夏杰同志可能需要重新接受党的洗礼，可能从哪里来到哪里去已经忘光了。
请问华东理工大学过程装备与控制工程在全国排名如何？,问一下华东理工大学的过控有研究生吗？
大三产品设计妹子已经准备考研，请问华东理工大学工业设计考研需要做何准备？, 顶一个 
上海大学和华东理工大学的国际经济与贸易专业哪个很好一点？,在这个专业上…我感觉两个学校没有任何区别。但是我是华理毕业毕业的，所以我说华理好！
如何看待华东理工大学的空调租赁招标公告？,学校正在努力解决吧。。。不要搞事情了
华东理工大学自主招生？,关键是你要有一定的特长，然后再面试的时候回答问题是思维的活跃度要高！如果条件允许可以去一下培训班之类的。
如何评价华东理工大学千笔作业系统？,…… 在一旁看了所有千笔的建立到完善的过程 虽有不足 但也算是作业方面的一个进步了吧 方便了大家手写的时间 只要用手机就行了 也方便了许多 根据某人的话说 其实找不同是让你能更好的去理解题目 也可以更方便再去理解题目，反复可以看错题 也出了很多版本 方便各个年级的学生使用 总之 有不足 但也不要有一个抱怨的心理 朝着阳光的一面看吧
想考华东理工大学研究生有机化学，听说难度系数很大，有哪位兄台知道考什么科目？考高数不？难度系数有多大？,理科不考公共课数学，工科才考。 有机化学专业是理科，不会考公共课数学的。但是有些学校会把数学当作自主命题的专业课。 精细化工是工科，一定会考公共课数学，至于考数一（高数、线代、概统）还是数二（高数、线代，试题难度比数一高），要看学校的选择。 至于考什么科目，直接去学校研招办网站查询。有机化学专业，除了公共课政治和外语以外，有机化学、无机化学、物理化学这些常规基础课应该会必考的吧。
华东理工大学是全中国宿舍条件最差的学校吗？,据我所知，是北大。
818华东理工大学的黑历史？,某些导师借一些已经去政府工作的挂名导师的名头招生
华东理工大学是顶尖211水平的大学吗？,211和985意义的作用就是钱，各个高校之间的比较意义不大，没错，我就是要说这个问题意义不大，因为211学校的优势学科一般比较强，所以关注到具体专业才更有现实意义。除非是学校名气足够让你提到的时候能忽悠住人，such as 北大之类的C9高校。
高分子方向华东理工大学跟长春应化所的选择？,如果题主不嫌弃华理宿舍的话就选择本校吧，科研所比起大学来说生活都比较单调，楼主以后不想做科研，想就业的话选择华理更好！
大连理工大学和华东理工大学之间该如何抉择？,山东12年考生怒答。来大工那年高考成绩661，排名3000左右应该。不知道你纠结个啥。
在华南理工大学，华东理工大学，深圳大学等财经专业选择哪一个？,我是深大的，你邀请我要我客观建议有点难。主要是另外两所学校我也没读过，不知道跟深大比起来怎么样（开玩笑的）。 我不是经济类专业的，就我仅限的对会计专业的认识，你还是要找找这几所学校在这个专业拥有的具体的资源，我听说华南理工（还是暨南，抱歉记不清了）是不是会安排学生到四大会计事务所去实习。深圳的资源距离广州也没有很远，不用在意这点距离的，你就算在广州读书以后来深圳实习也不麻烦啊（高铁半个小时而已）。 所以我倾向华南理工吧，第一是因为它是985，但我不清楚他们专业具体有什么资源优势，你还得再打探打探。 第二，经济一般大类招生，大一大家都一样上通识课，大二按照你大一的成绩填志愿分具体专业，所以如果华南理工也是这样的话，可能不用太担心调剂的问题，另一点你现在确定经济专业，如果不是因为家里已经有这个行业的关系和基础，而是纯粹出于自己的一个想法，我觉得也不用太在意专业的事情。因为高中眼界比较局限，挺难去认识到一个行业的面貌到底是怎样的，说不定你在大学的学习中就喜欢上别的事情了呢？（这个可能性是非常大的）不过如果你家里有人从事这个专业涉及的工作，那你就能比较清楚这个行业的面貌，而且也有家里提供的资源和基础。 我当时是牺牲了好多分数选的专业，在慢慢认识到这个行业的面貌的过程开始后悔，甚至厌恶这个行业。所以不希望你们仅仅只是透过一些概括性的介绍或者道听途说的消息，就把自己的未来钉死在某个地方了。华南理工作为985，各个专业平均水平会更好，深大只是某几个专业比较好。你选择了985，就给自己留了更多的可能性，这个专业读的不开心，换个专业依旧不输给大多学校的水平，不也挺保险的。 最后一点，你还有考研的打算，所以就算你瞄准了经济方面的专业，比如会计，纵使被调剂了，也是就近原则调剂到跟会计靠近的专业。在大学期间进行双修、辅修、转专业、跨专业考研都是有可能的，你本科不选985，等你研究生想选985就更难了。 综上，华南理工我觉得更稳妥一点。不过我作为深大学子还是得礼貌性为深大拉一下票的。深大环境好教学楼新，住宿条件也更好，男女比例乐观。如果家里条件不错，来深大修身养性也挺好。而且金融也算深大的王牌专业之一嘛！
怎样看待很多人都是以高考没考好为由来到华东理工大学的？,每次高考都有高考失利的，也有超常发挥的，但分数段是绝对的，那一个学校在招生后招进来的每种学生都会有。  但你会见人就说自己是高考超常发挥侥幸进了华理，自己配不上学校吗？【个人觉得校园里配不上我校的同学还蛮多的。  只有沉溺于过去，高三是人生努力的巅峰与最后的人，在进来之后才会讲自己曾经如何如何吧。题主自然听到蛮多这种话。  但其实分数段相近进了华理的人才是大多数。那一年，我的分数刚好配上了华东理工，这是缘分。  答到这里不知道这个问题有什么好问的。 身边真正的学霸总是闷声发大财，不夸耀，不装逼，大家都上了十几年学，不是吗？  共勉。
华东理工大学的学习氛围为何那么浓？,图书馆人多不代表学习氛围浓郁 很大一部分人在玩手机 身边有很多人都是考前突击党 华理的试卷难度低但挂科率还是很高 之所以说学在华理是因为没有看到清北复交浙的学霸  ———————————— 2017.2.14更新 听闻16级高数有xx排占座 图书馆-1空余座位数 考试周没法吃饭的二食堂 教室自习比上课人多  不变的是玩手机的比例和高挂科率 学在华理 挂在嘴边的口号 考试周救护车的谈资 不要让这句话成为自己庸碌生活的麻醉和苍白慰藉  低效的付出 惨不忍睹的损益比 大学之大 不止于学 远不止 当然 成绩的决定权也是很重要的 共勉
华东理工大学设计学里有品牌塑造这个专业，哪位大神知道这个专业到底是靠画画还是纯属文科啊？,是研究生专业吗…不太清楚
选择读悉尼大学等澳洲大学还是华东理工?,泻药。但是为什么这种事情老邀请我……我真的不是留学移民中介。 很巧的是，我也是上海考生，如果当年中考结束以后没有被骗到澳村来，我估计现在也在华理之类的号称一本混着。  首先，这是你自己的问题，我们不能替你做决定，只能跟你说说这里的情况。 澳洲大学的学历在国内是很不值钱的。这是大实话，没什么好觉得丢人的，君不见那么多中国人在这里混了几年英语都不会说就回国了？所以如果打算毕业结束直接回国的话，还是别来澳村了。美国任何一所Top20都比UNSW强不少。 但是澳洲大学的学历在美国呢？以UNSW为例，我校的CS去年至少有十分之一去了硅谷，另有远远超过这个数目的拿到了offer但是选择了留在澳村或者去了别的地方。如果你去Dropbox或者Microsoft的北美总部，你会被那里UNSW校友数量吓到（我已经知道去Dropbox的去年有四个人了）。并且，如果你经常参加校招会，你会惊奇地发现每年都有美帝公司不辞辛苦飞到悉尼来招人。他们难道吃饱了撑的跑那么远招一群水平连中国普通211都不如的学生？  那我们再用个比较直观的例子。你要了解在美国HR眼中澳洲八大到底是什么水准么？Jane Street是全球头号量化交易公司，进入其公司的难度几乎是用变态来形容。以下是他们的Target School List：  In the US:   Brown  CMU  Cornell  Duke  Harvard  Harvey Mudd  MIT  Princeton  Chicago  UPenn  Yale   In Europe:   Cambridge  École Centrale  École Normale Supérieure  École Supérieure d'Électricité (Supélec)  École Polytechnique  Imperial  Oxford  Trinity College Dublin  University College London  Warwick   In Asia/Pacific:   Chinese University of Hong Kong  Hong Kong University of Science and Technology  Nanyang Technological University  National University of Singapore  University of Hong Kong  Australian National University  University of New South Wales  University of Sydney   这似乎是老版本了，现在加上了清北之类的中国大陆院校和UMEL。当然，具体的我没查证过。 我说那么多，是为什么呢？题主，你干嘛要去美国读研，来澳村以后读书卖力点，立马直接飞美国与硅谷大牛谈笑风生，直接赚美国人的钱，给他们送什么钱呀。 至于上面说什么学的没华理多的，我就笑笑。我自己有朋友就在华理，第一年修了多少门水课我也就不说了，交换过来的华理大三和我在一起上1927学算法和数据结构，还说我们学的难国内红黑树这块和一笔带过几乎没区别。
西北工业大学和华东理工大学各有什么优势？,别来西工大，别来西工大，别来西工大！  这是劝告也是警告！  手动滑稽～
华东理工大学和北京化工大学比哪个更好？,住宿环境一个上海第一差一个北京第一差
华东理工大学的宿舍条件是否会对其“双一流”大学的评选产生影响？,1.教育部排个大学名次如果看宿舍舆论情况，那很悲哀。 2.我查了2017华理世界四大权威排名QS，TIMES，软科学术，USnews。四个数字忘记顺序了，有21，20，33，32。本来那个32名记得2016是20多一点点的，2017退了。这说明，双一流大学如果多（网传42个），那就应该轮得到，如果少（网传8个?），就轮不到，轮得到号啊我也华理的，轮不到也正常，还有那么多大学呢，大学有时文凭一张，后面看能力。 3.为什么关注世界4大排名?我觉得不看世界权威的排名，还是看国内的层次不齐的排名，怎么走向世界? 4.我也只是猜测，还是有可能看中国特色评判标准的，那也没什么，悲哀一点。
华东理工大学徐汇校区的宿管是仅次于宿舍的存在么？,因为很多人在谈到徐汇校区宿舍问题的时候，都会谈到宿管的问题，什么明抢暗偷之类的。官微上的公关贴也避而不谈，所以专门来单开一贴，请校友们说一说徐汇宿管的办事风格，好给我们提个醒
有华东理工大学的校友么？？？？？？,谢妖...  你想问什么呀...(´･ω･`)
咨询一下东华大学、华东师范大学、华东理工大学MBA项目之间的比较？, 2014福布斯中国最具价值在职MBA项目 --商学院频道--中国教育在线    看了这个，你在几所学校中不选择华东理工？
东北大学跨校考研到华东理工大学合适吗？,要读研再也不是高考高考优先考虑的学校优先，而且专业方向。题主先想好自己到底想学什么，适不适合，以后要干什么。再决定考什么学校的什么专业吧。
山东大学化工专业想去华东理工大学读研（日用化工或精细化工），周围同学都不太认可，如何评价得失？,华东理工大学化工很厉害的，而且地理位置也很好。
想学计算机，西安电子科技，北京林业，华东理工，这些大学怎么选？发达城市vs特色专业？在线等，挺急的。?,北京或者西安
关于华东理工大学的电气工程及其自动化专业？,很想知道这个问题是什么时候提出来的
如何评价华东理工大学校辩论队的发展？,一个离开华理的辩手，记一下华理校队的历史。 华理校队在大概04，05年成立，具体不是很清楚，大致知道是从纵横辩论队分出来的几个人选择成立一个社团之外的正式的校队。然后纵横和校队因为出赛的问题一直在争执，有过很恶劣的情况，也有缓和的时候，虽然我没经历，可是每次听学长学姐回忆起，都是两边队员拉着老师坐在一起谈判的情景，很是滑稽，据说11，10那一届也是深仇大恨了。后来，在12年左右谈判成功，纵横校队某种程度达成合作，校队负责出赛，纵横负责培训和比赛组织，队长领队一个组织一个，结果到这个皆大欢喜的时刻，却开始华理校队的低谷，这么个属于双方组织共同支持的辩论队，结果不是一起努力，确实谁都不想要了，没人愿意接手，也没人愿意留下来，校队11级黄金一带基本上全部离队，纵横的也都放弃了辩论。这个好不容易促成的队伍就要这么完蛋了。 那时候纵横管事情的姓蔡，是一个雷厉风行，做事很强势很强势的人，之前解决两边矛盾也有她的功劳，她找了两边的很多人去谈话，最后劝下了在我看来是两边组织两个最傻的人留下来管事情，队长是个女生，大家叫她番薯，领队是男生，姓余，是个老干部一样的男生，他俩傻，是因为这两个是对辩论还有热情和努力的两个傻子，最后留了下来。番薯为人单纯热情，大一大二傻不拉几跟着学长学姐打了两年辩论，什么都没有要求，就一直打一直打，不会拒绝，一直很热情很热情的对所有人。余领队是一个一开始一年都没有被选进各个辩论队的辩手，跟着纵横辩论队了一年，知道所有人都走了，他还留下，他还在钻研辩论，终于成了独当一面的辩手。 当他们俩上位了之后，华理从上海辩论圈有冲击力的黑马，成为了underdog，因为华理辩论圈只剩两个人了。 之后的故事，之后再说吧~
华东理工大学的行政后勤究竟有多恶劣？,会议室的锁大家都知道 外面的人按扳手能进来 里面的人按扳手能出去  最后一个走的能通过钥匙锁上 有一天里面的扳手出问题了 里面的人按扳手出不去  只能用钥匙开锁 于是 报修后勤 周末电话 实地部门 网络全不在线  第二天来个师傅修 说这个锁坏了 要去外面买一个来换 350 不能支付宝 不能你用支付宝转给他他再给你垫上  我于是辗转了350现金 他外面买了个锁 只有一边有扳手… ＃你是zz吗 一个双开的锁一边坏了 你给我买个单边的锁  这tm有任何区别吗？  没办法 琢磨了一天怎么处理这个sb问题后 第二天把还没坏的那边装上了另一边 几天后 这个锁现在是这样的     350+50劳务 把一个锁完全修坏 我干你血ma 
上海科技大学的实力是否已经超过了华东理工大学？, 上海科技大学早就不存在了，1994年就并入上海大学了，上大的文科好一些，理工科和商科不如华理 
大家对于华东理工大学新的体育锻炼方案有什么看法？,整个华理的人都是演员，大家都知道是形式主义，但是从来没有人说出来，而且愈演愈烈。 所谓下午的那个健身跑，时间是周一到周四4:10~4:45，真是个好时间呢，周一到周四七八节全有课的人你们考虑过吗 大概选这个时间而非晚上，是因为各位尊敬的老师们，要下班了吧
华东理工大学毕业五年以内的你，现在在做什么？,在一家小型外资企业上了几年班，刚拿到国外某大学的研究生offer，准备出国留学移民。
怎样评价华东理工大学「韩寒和郭敬明应不应该在一起」的辩论赛？, 为什么没有人提当年关于芙蓉姐姐和凤姐谁更适合做老婆的辩论呢？ 
在华东理工大学当学渣是怎样一种体验？,军训的时候就听一帮人说 【我考砸了我本来能上复旦的】 【我考砸了我本来能上东南的】 【我考砸了我本来能上上交的】 【我考砸了我本来能上厦大的】 ……以此类推  对，是的没错 期末就是复旦上交东南厦大等高校之间的竞争  对，是的没错 我就是看他们竞争的学渣 【抱头痛哭】
如何看待华东理工大学每年夏天大三的自行车放在大篮球场而封闭篮球场的问题？, 管理层是垃圾，管理层是垃圾，管理层是垃圾。重说三 
华东理工大学是全上海宿舍条件最好的学校吗?,黑的漂亮
学IT报北京交通大学还是华东理工大学？,华东理工排名59？？？？？？？我这边30。。。。刚刚好是你的1/2...
四川大学和华东理工大学究竟该如何取舍？,来自川大的声音。少不入川，少年，人会懒的。
如何以“华东理工大学宿舍是全上海宿舍条件最差的学校”开头写一个故事？,热射病发作潜在隐患地区
华东理工大学高分子化学与物理专业怎么样？对考研要求是不是特别高？,同是去年考的，说实话，去年高分子分数线有点高，和材料科学差不多的分数线，是350多，还有我们那年大概250人考，收20个人左右，压力有点大
我是材料系的，想订一个考研的目标，华东理工、东华大学、上海大学请问哪个比较好？, 华东理工最好，其次东华大学  上海大学的材料科学与工程一级学科在教育部学科评估中落后于这两所学校   
如何在985的中南大学（长沙）和211的东华或者华东理工（上海）之间抉择，本人江苏文科男。？,谢邀。其实都不用我再多说什么，说了也会有样本偏差，因为我是华理的毕业生，对华理的了解远多于那两所学府，情感上也必然会倾向于母校。题主在问题描述中已经把事情分析得非常到位了，而且把报三所大学的利弊得失都排列组合了出来，接下来就选自己更想得到的东西就行了呀！现在外界之所以对报志愿有那么多说法，是因为每个人看重的事物都不尽相同。楼上东华的知友认为选一个自己喜欢的专业最重要，再楼上中南大学的知友认为所学专业的横向竞争力更重要，当然还会有人认为985比211重要，北上广比二三线城市重要。但以上都是别人认为的，这些东西在题主心中到底孰轻孰重呢？我们谁都不得而知啊！作个假设吧，就根据题主的问题描述，假设这三件事即将发生一件，你觉得那件最接受不了？1.失去985大学生的头衔和竞争力。2.四年内学一个自己不喜欢的专业3.未来学习工作没有一线城市的地缘优势。 如果是1，去中南大学 ； 如果是2、3，去华东理工大学或东华大学；如果你在犹豫，那说明这些东西在你心中的重要性并没有那么大的差异，得到哪个不会有大的惊喜，失去哪个也不会有大的遗憾。这三所学府都是理工科见长，但我负责任地说一句：我本科在华理学的社会学，研究生在华理读过MSW，华理的文科一点都不差。另外两校不了解，但综合实力摆在那，如果文科瘸腿它们也不会在国内高校享有那么高的地位，因此三者间首先是没有文科硬实力明显不行的，加上排列组合后仍然没有自己更加看重的条件，那就不用纠结了，报哪个都稳赚不赔。
如何评价华东理工大学高分子材料专业的实力？,本人高材专业在读，入校被告知本专业在大学排名为11，高材专业在本学院是老大，相比本学院其他专业有很大优势，而且在国际上的交流机会也很多。就业率一直是很高的。 高材的历史已经有80多年了，现在学习材料要综合各种材料，学习高材专业同时也应该学习其他专业的知识（前提是你以后准备研究材料），比如说复材，无材，现在已经从高材的时代转变成复材的时代了，但是高材仍然是不可替代的。至于前景，毕竟21世纪的一大主题是材料，高材专业仍然在快速发展！ 至于华中科技大学和川大高材专业好像都比华理靠前，川大好像是前一二的，但华理的实验条件很好，平台不错，有兴趣可以查一查。
华东理工大学的饭菜如何？,食堂怎么可能有什么特别好吃的。算食堂的中等吧，有好吃的也有吃一口就不想吃的，另外红烧肉也就是红烧肉，吹的过分了。除了学校不怎么重视学生以外，学校科研实力是很强，黑不动的
考研择校～会计专硕。华东理工大学和厦门国家会计学院选哪个？,于会计专业来讲，业内普遍更加认可后者：厦国会，一类院校
华东理工大学基础设施建设？,看题主的意思是想考研究生，那奉贤的情况我就不提了（奉贤条件好啊，就是偏点），具体说说徐汇，徐汇交通比较方便走路十分钟到上海南站，后面地铁公交多得是，浴室嘛有大浴室晚上十点关门，每个寝室楼有小浴室（最起码三舍是这样），然而没热水。。。。。。吃的不错，四个食堂加上晨园和教工，作为一个北方人吃的还是比较舒服的。寝室嘛，四人间、大多数宿舍楼都有阳台，但是没空调啊！！！！！！！！这个我要重点强调，上海天气热死人啊，当然这也衍生出我大华理睡实验室的习俗。。。。。自习室多得是，徐汇好几个教学楼都空着，不过一来这是没空调，二来目测题主是理工科学生，那有了实验室，哪里还有时间去自习。。。。。
上海对外经贸大学、华东理工、东华大学那个更适合文科生？,东华大学
如何评价华东理工大学生工学院某老师的言论？,谢邀   我不评价，我是化院的，化院亲老师都超级无敌好，我爱化院老师(￣∇￣)
你在华东理工大学（ECUST）读书有哪些遗憾？,谢邀。 谈了恋爱，吃了黑料，过了六级，考了计算机，保了复旦，做过社团负责人，也经常呆到镜湖边的图书馆闭馆，看上去没啥遗憾的。 但我想说最遗憾的事无疑却是四年过去了，没搞清楚自己这辈子最擅长做的是什么，最想做的是什么。 有些人成绩都是低空飘过，但是靠着各种交际和一双嘴皮，进了管理咨询，他早早的就和我说，我发现我最喜欢的就是个人交际，帮人去发现问题解决问题。有的人鄙视一切课程，作为学习信管的学生，我们正头疼编程真是难于上青天时，人家已经做出一些小型开发原型，毕业后就成为了一个合格且幸福的码农。也有的人一心学术，说起自己的研究领域和研究方向真是侃侃而谈，和老师能争个面红耳赤，毕业的时候已经有论文在手。 综上，大学四年，该吃吃，该玩玩，该学学，该混混，最大的遗憾不是我没学好，没吃爽，没混开，没玩够，而是四年过去了却没有对自己一个清晰的认识和对未来一个清晰的规划。 路漫漫其修远兮，共勉。 
上海大学 和华东理工的艺术方面哪个更强，更有发展前途?,必须上大！
华东理工大学的住宿有多差？,（1） 我大三住的是徐汇11舍，一个房间7个人，夏天热到不行，于是大家把阳台的落地门窗都拆了扔掉了，宿舍和阳台无缝对接。 我哥来看我，当时宿舍的人都热摊在床上一动不动，他看着这幅光景跟我说：我觉得你们宿舍就像一个山洞，刚被导弹袭击过，这些人是被炸死了么？   （2） 读博的某个夏天，我住在徐汇12舍楼顶。更惨的是，我睡上铺。太阳晒了一天楼板之后，晚上还不断辐射热量 。 有那么几天特别热，热到睡不着，我就半夜跑到实验室拿了个测温枪，想测测到底有多热。 我朝天花板上哔了一下：65℃。  （3） 大大大大大师兄回学校，我去机场接他。 到徐汇校区附近的时候，他跟我说：以前啊，这一片是麦田，这一片也是麦田，后来这边建了小区安置了一批拆迁户，再后来南站也建好了，变化真大啊！ 然后我开车进了学校，他突然大惊：我X，这几十年前的宿舍还原样没变啊！  （4） 有段时间被外派到某五线小城市的工厂里，厂长带我到工人宿舍入住，他很不好意思地说：委屈你大城市来的高材生了，这边条件艰苦，没有网络，卫生间也是公共的，但附近太荒凉，你只能将就一下，对不住了。 我抬头看了一眼空调，跟厂长说：说实话，这是我8年来住过最好的宿舍了。         未完待续，我吃个西瓜先
如何评价华东理工大学全上海宿舍最差问题中最高赞删除回答？,舆论靠镇压，慰问靠送瓜。 高评不听话，直接找她妈。 再敢乱讲话，马上退回家。 空调今何在，领导笑哈哈。
华东理工大学徐汇校区的宿舍条件如何？,我大四的时候运气比较好，分到的宿舍和研究生宿舍配置差不多 但是，依然没有空调独立卫浴阳台 床很低很破，联动，不管哪个人动你都能感受到 要去洗澡一定要跑到大浴室，很远很远 宿舍没有饮水机，但是可以租，水要自己从宿舍门口搬到寝室 衣柜是霉的，能使用的基本只有桌子上面的一点点柜子 宿舍有窗没窗帘没纱窗，想自己装窗帘发现轨道里的小轮子根本不够用 一层楼只有一个洗漱间，所有人的衣服都挤在这里，黄梅天我的毛巾都霉掉了 寝室有校园网但要花钱，而且据说花了钱也不好使 寝室里就一个风扇但是特别吵，小虫子横飞，没有穿衣镜等等…… 如果这些你都能忍受，欢迎报考华理
社工考研 华东理工跟上海大学的选择？,上海大学今年社工分数线是60 52 88 88 356 7个推免   华东理工今年分数线 50 55 90 90 348 两所学校比较而言，上海大学会更好一些
如何评价华东理工大学的中德工学院？是否适合女生？,欢迎报考华东理工大学中德工学院。  本學院立足上海，目標歐美，名揚宇宙。達官者甚，富甲者眾。  梅隴故郡，奉賢新府。黑街不再，肉饃亦足。襟浦江而帶東海，控徐匯而引閔行。數高克發，啟惠承寧茂之帛。理物心喪，海芬絕虺蜴為腸。冬無暖氣，夏有空調。志先極泰山之責，院長盡華東之美。十旬苦讀，基友如雲。千層研樓，高朋滿座。五教自习，網學士之詞宗；人各有志，野戰軍之武庫。震旦作宰，路出名校。學風優良，寢室和睦。交口馆书，图具内涵。情深不壽，接盤四起。聰明絕頂，不吃蘑菇。公車自有司機駛，老馬卻識他鄉途。似此星辰非昨夜，深知身在石龍路。一行寫去相思碼，指尖試劑成股流。   若夫金晶當治，老畢中興，巴塔作業，阿三殿試。陰風怒號，濁浪排空；日星隱耀，山岳潛形；商旅不行，檣傾楫摧；薄暮冥冥，虎嘯猿啼；入此校也，則有去國懷鄉，憂讒畏譏，滿目蕭然，感極而悲者矣！  至若德屬地界，馬糞清新，上下天光，一碧萬頃；鴉鷗翔集，機車千里，瑞士荷蘭，鬱鬱青青。而或北地一行，皓月千里，極光躍金，炮友互答，此樂何極。 入此校也，則有心曠神怡，寵辱皆忘，把酒臨風，其喜洋洋者矣！   吾三尺微命，一介書生，無路請學，等斯圖之offer；有懷工作，慕學長之年薪。散歐元乎四海，奉共產於萬里。非同濟之寶樹，接上師之芳鄰。他日趨庭，叨陪鯉對；今若來迎，喜托南門。君意不逢，撫凌雲而自惜；到期不遇，奏流水以何慚？   嗚呼！勝地不常，盛筵難再。院中帝子今何在？青春河畔空自流！  今當遠離，臨表涕泣，不知所云。       引用自： 為徐敬業討武曌檄 滕王閣序 岳陽樓記 《绮怀诗二首·其一》 《暮秋独游曲江》 《塞鸿秋·春情》  哦对了这位学妹，你来自南洋中学吗？
华东理工大学学风如何？,学习氛围比较浓厚，可能因为在奉贤的缘故吧… 专业的话本人华理化学工程与工艺专业，还不错，就业的话建议还是上研究生，本科就业不大好，近几年全球化工都不景气，不过化工肯定不会倒这个你放心。欢迎报考，能让人安心做事的地方。
华东理工大学的校医院是全上海最不负责任的校医院吗？,谢邀 记得没带挂号费，拖着病体回宿舍拿硬币 ，那时多么多么可怜，是不是希望我这么回答？ 但我当时生的是小病，所以没有那么难受，生的也是小气。 华理的校医院不好，实话。需要整治，实话。 但如果嫌弃服务态度不好，嫌挂号费都不能写借条……这好像于规矩所容，又为情理所不容，发生在私立医院大概就是口碑下降，顾客流失……我们是不是可以思考这样两个问题：顾客为什么是上帝？以及校医院与一般的垄断厂商的差别。 顾客是上帝。因为要赚钱，需要好的服务来留住客户，如果遇到垄断厂商，你必须要买他的产品，如果不被上级要求，他为什么要提供好的服务态度？这虽然够不上道德绑架，但终归只是工作与人之间的矛盾，我们能批评他么？我在思考，但我没有答案。 但校医院不一样。校医院是一所学校应有的设施，它是整个学校的一部分，它不是单独的部门，所以它出了问题是整个学校管理层的问题，和刚才那个灰色的问题不同，它应该是整个学校竞争力的一部分，反而较一般垄断性企业而言更应该做到尽职尽责为学生服务。 如果这是一家私立医院做出来的事，那我不会去那里就医，如果这是一所大学的校医院做出来的事，那我不会去那里上学。 所以请不要说华理的校医院哪里哪里不好，请直接说，华东理工，求你别去。 那里的根系，由上到下，已经腐烂了。
华东理工大学空调招标流产是否存在暗箱操作？,转自华梨哥哥微信公众号：  想必很多小伙伴都和花梨哥哥一样  关注了本次空调流标的公告  哥哥很理解大家在学校暑热难耐的心情   也希望和大家一起了解具体情况  于是花梨哥哥代小伙伴们向相关部门做了一些了解  第一时间跟大家分享下~        经了解，徐汇校区学生宿舍空调租赁服务招标因有效投标人不足三家（并非投标人不足三家噢），根据招投标管理规定，判定为流标。  本次流标须按规定公示。学校将不晚于本周五立即启动再次招标程序。  哥哥也了解到关于装空调的最新进展~   目前徐汇校区电力扩容工程已全部完成，八月底前所有宿舍楼的线路改造也将全部完成，届时徐汇校区所有学生宿舍都将具备空调安装条件。  学校将按招标程序，尽早完成徐汇校区学生宿舍空调租赁服务的招标和评标工作，并尽快启动空调安装工作。  年内安装完成的小目标还是没有变的噢~        相信学校一定会关注大家的需求  小伙伴们稍安勿躁  共同期待更好的宿舍~更好的华理  比心❤️~
考研，华东理工大学过控专业课考什么?,机械设计，材料力学，工程热力学三选一 推荐选机械设计，因为历年这个给分是最高的
如何评价华东理工大学校长曲景平？, 其实，校长的好坏真的作为一个天天在校园内吃吃喝喝唱唱歌偶尔学习一下的同学来说，真的没办法评价。我只能从我自己狭隘的视角来述说一下学校的变化，也许，就是对一个校长最中肯的评价咧。  马上迎来大二开学的我，说来也已经从萌新变为老学姐了，还真有点恍惚的感觉。我感觉开学的时候我们的校长没毛病，和我小学、初中、高中的校领导是一样的，校长们是一样的在台上讲话，我们也是照旧的在台下嬉戏和看热闹。能进入这所大学，和大家一起学习玩闹，有这些看起来很厉害的老师校长们，（恩，比我在小镇上的领导们看起来厉害的多），我宁愿从心底里去感激这个即使没见过几面却给我进入这个学校的入场券上留下几个端正亲切的大字的校长，（不知道是受被录取的喜悦所影响还是这怎么滴，我第一眼看到曲景平这几个字莫名觉得写得很亲切，念起来顺口，字迹一笔一划居然比我还工整。哈哈哈）  然后，在开学典礼之后我就没见过这个留给我模糊的面容的曲校长了。但是，我还是无形中对他存有好感，也许是因为对这个学校存有越来越多的喜爱和感激。你看，我们学校的游泳池要建成了。你看，我们昏黄潮湿的小浴室也装修好了。你看，我们徐汇的宿舍装起空调了。。。虽然这些在有些人看来是小事情或者是本该如此，但是我看来，都是我应该为之高兴的地方。我的大学生活很平凡而且还总是会有各种心理和生理上的问题（比如说生病的时候校医院爬都爬不去啊，最后各种病都神奇的靠自己愈合了；比如说数学考试一直挂科啊，但是我下学期的考试就差几分，还是有进步，哈哈哈；比如说在大学第一次发现单身狗的痛苦啊，各种节假日被孤独寂寞冷啊）没上大学之前认定了大学是天堂，上天堂之后发现天堂也有成长的烦恼啊！所以还是要快乐的过着本就很辛苦的日子啊，我爸妈一直这么告诉着我。  所以，曲颈瓶校长真的在认真的做着他的本职工作，真的没什么要挑的啊，有种，你来做做校长试试看。只要做好自己就好啦。 
华东理工大学为什么这么破?钱到哪里去了?,钱拿去花800万刷宿舍围墙和花1200万修缮教学楼了！
为什么华东理工大学会沦为一个被在校生骂被毕业生骂被校友骂的学校？,校长很关键
