你高中时最美好的一个瞬间是什么？,  为了男神，选择了理科。   在家里看见分班名单时，头晕目眩，一个班。   安排座位时，我正好有事出去。回来后，反正他坐在我后面的位置上，和同桌打闹。我一步步走过去，心欢喜的几乎爆炸。   两年时间，他就坐在我后面。从此练就本领，无论教室里多吵，后面的人说话，我一个字都不会落下。   没有故事，我只是淡淡的喜欢他，喜欢到现在。   他在合工大，愿他一切安好。
合工大的信息员是干什么的，收集学生微信号qq号以及脚码等合法吗？,怕是要卖给微商（逃
安徽人对合肥工业大学宣城校区的看法？,是考进工大宣城校区的学生吧，你赚了。宣城校区所有的和工大都一样的，宣城校区是苦了工大老师，为宣城做贡献了。唯一怕的就是工大可能有跑路的打算。
在合肥工业大学当学渣是怎样的体验?,期末考试，看师生情，就这样
合肥工业大学电力系统考研应该看什么书？电路是哪一版的？应该看什么资料？,合工大电气考研没有指定参考书目，本科生用的教材是这样的： 《电路分析》刘健主编； 《电力系统稳态分析》（第四版）陈珩主编； 《电力系统暂态分析》（第三版）李光琦主编； 不排除更换教材的情况，不过电路应该是不会换的，供题主参考
合肥工业大学翡翠湖校区研究生寝室洗澡有热水吗？,新区老区都没有
请问合肥工业大学新区附近哪里能学车？,问班长即可
电气信息类下面几个专业 哪些就业前景比较好？明天就要交表了。楼主合肥工业大学,自动化
合肥工业大学副校长兼任太原理工大学党委书记？, 小伙子，你这是在搞事情 
如何看待合肥工业大学校青年志愿者联合会实践服务部？,作为合肥工业大学青年志愿者联合会实践服务部的康复中心志愿队的新任队长，我认为加入合工大青志联实践服务部真的是我进入合工大之后做过最正确的决定。大一这一年里我在康复中心志愿服务队做干事，参与日常服务，每周去服务基地带听障儿童们玩，学习。参加了很多其他的志愿服务活动，参加善行一百活动，尝试在大街上向路人劝募等等。在这一年里我不仅锻炼了个人能力，更付出了爱也收获了爱，我觉得青志联实践服务部真的是一个非常好的发展平台，我的大学生活因为有这个部门这个队伍而更加精彩。特别是康复中心志愿服务队，它真的为我带来了许多许多说不清的东西。作为新任队长，我也非常欢迎各位新生来加入我们的部门，我们的队伍。&lt;br&gt;欢迎加入2017合工大新生咨询群，群号码： 657520828 
合工大的TU9项目电话面试都问些什么问题啊?,你现在后悔还来得及
2016年合工大车辆工程录取线情况？,不了解
合工大算个什么学校？？？,第一次被邀请哈哈哈哈 感谢题主注意到我这个小透明 举个例子 科大的学生毕业找工作很简单 几乎是别人找他们 工大的同学相对来说难度多一点 大概是这样的我们老师是这么和我们说的 211的学校也不错啦食堂挺好的
我报考15年合肥工业大学材料加工专业研究生，能推荐一下这个专业的导师吗，我对塑形成行方向感兴趣？,中国目前高等教育明显过剩，非名校毕业生的地位可能还不如过去的中专生。合肥工业大学不了解，但感觉排名不行的学校就没必要考了，考上了也是浪费时间。如果不考985学校，不如早点出来工作。
合肥工业大学计算机学院的男生怎样才能娶到刘亦菲？,合工大建筑艺术学院…怎样才能找个合工大计算机学院男朋友…？？？？良心话…
请问知乎里有合肥工业大学学生吗？我想在工大校内租房考研，求女生合租，有没有好心人帮忙在论坛上发个帖子？,我不是合工大的，但我想在这个学校租房考研
环境科学考研，南京农业大学和合肥工业大学哪个好？,不是很了解！ 但对这个专业来说！并没有什么鸟用！ 建议你选择工科方向！学理科的就会理论！没工作很正常
2017届陕西理科女，想上合工大，要考多少分。16年的分数是多少。？,主要是想看你上什么专业，在陕西省排名13000左右都能上这个学校，但是想要上工大的强势专业比如，车辆，机设，等等，省位次得8000~9000左右，我是2014级的当时在咱们省位次10086，报的能源与动力工程专业基本没有怎么吃亏，就是刚刚好，给你做做参考，希望对你有用，如果还有什么疑问，可以私信我，能帮到你尽量帮到你。
北京工业大学与合肥工业大学哪个更好些？,我来给一个关于北京工业大学中肯的回答。 本人北京学生，家在海淀。高考意外考到北工大（我们是出分前报志愿，考400也就上专科）。我刚上大学时也不喜欢北工大，然而毕业了，才发现我的母校很有价值。 首先来说北工大优点： 1.这是北京市市属211大学，北京生源特别多。何况北京市各岗位都有我校校友，这是在北京生活，工作天然的人脉优势。 2.北工大承办过08年奥运会羽毛球比赛，学校现代化建设的可不是中原地区高校可比的。 3.学校有北京市拍得上号的食堂，饭菜一流。宿舍有空调，冬暖夏凉。 4.本专业老师一色三西博士毕业，有众多业内高手及权威。 再来说说缺点： 1.学风差。请问有几个学校学风特别好的，大部分学生不都是可以不学习就不学习么。 2.专业不强。您还真以为本科能学到什么先进的科学技术么。只是打个基础，或是混个日子罢了。  年轻学生的想法有些急功近利了，所谓的好学校的帽子带到自己头上，未必是件好事。 自己不学习也不要总怪学校不好，这样挺没出息的。  合工大不了解，不妄加评论。但抹黑北工大的外人或者校友，能不能自己有点出息。
在合肥工业大学仪器学院就读是一种怎样的体验？,很神奇啦，天天和稀奇的仪器打交道。
怎样才能找一个合肥工业大学的男朋友？合肥工业大学的男生择偶标准是怎样的？,有谁要找男朋友？还不快来找我! 保证颜值高，爱学习，懂浪漫，爱女票。 快把我抱走。。。  
合肥工业大学为什么要限制宣城校区的招生规模？,谢邀，首先我来说一下为什么会有合肥工业大学宣城校区。 宣城是安徽的历史名城文房四宝之乡，然而就是这样一所江东大郡却在很长的时间有着一个尴尬的境地，那就是安徽省内唯一一座没有高等院校的城市。其他城市至少有一所二本院校。而宣城建国后曾经有一所非常优秀的综合大学——安徽劳动大学(1965—1999)。然而这所学校因为其自身的局限性在1979年4月将数学、物理两系掉给了安徽教育学院，将政治、中文两系分给了安徽师范大学、安徽大学和安庆师范学院。经过1979到1981年3年的系科调整，学校只保留了农学和茶叶等院系。于1982年改名为皖南农学院，后于1989年整体并入合肥经济技术学院，从此宣城人开始了没有高校的尴尬历史。而安徽劳动大学也成为了宣城人一直难以忘记的记忆。 分割线—————————————————————————————————————————————————— 所以经过宣城市委的大力协调和支持，合肥工业大学宣城校区于2012年正式投入使用，结束了宣城23年没有高校的历史。学校的初衷是为了通过合肥工业大学这一平台分享优质教育资源，增强安徽整体科教水平。一方面使合工大丰富了科研内容扩大了学术社会影响，另一方面促进当地的科教和经济发展，是双赢的结果。 然而事实却没有像预想的那样顺利美好的发展，合工大由于一下子增加了宣城校区3000名学生，而且为了保证宣城校区的教育质量，校方要求两个校区的任课教师是互通的，这导致了老师们的任课任务大大增加，还带来了两地之间旅途的劳累。学校补充的教师数量不足以平衡增加的劳动量，导致部分教师的不满和怨气。 另一方面合工大虽然是教育部和安徽省共建高校，但他并没有得到1+1&gt;2的支持，反而爹不疼娘不爱。教育部大家都知道，那是985的教育部，分给我们211的资金很有限。而安徽省又是倾全省之力建设安徽大学。所以让合工大去教育扶贫宣城本来就有点不合理，就像今年很热的话题，不让北京上海的考生支援西部，反而让竞争惨烈的江苏武汉考生当替死鬼。这让许多合工人感到不快。雪上加霜的是宣城对办学的支持也远远不够，只是提供了一块荒山旁的空地，对当时承诺的基建并没有很好的满足，图书馆本应在3年前完工，现在还是一片繁忙的工地，这些都导致了学校的不满。 最后是学校权利的更迭，宣城项目是在前任校长徐枞巍的领导下达成的，然而建校还未稳，来外校系校长LL就走马上任了。新官上任三把火，ll实行了许多新的行政和教育制度。这样一个2年窜上校长的权术高手自然对前任的政绩不感冒，再加上宣城校区办学困难重重，ll巴不得甩掉这个烫手山芋，集中精力发展本部创造丰功伟绩。  以上，个人看法欢迎交流。
如何看待合肥工业大学合肥校区即将夜间断电断网（包括商业网），屏蔽4G信号？,一流大学都断网，所以呢？ 不要总是想着搞个大新闻靴靴！
我是文科生 合肥工业大学和南京信息工程大学哪个更好？,你好，清问后来您怎么选择的
合肥工业大学的大学成绩和以后找工作有关系吗？,总体来说成绩越好 越容易通过 但是我们班也有成绩倒数的找到工作 工大某些专业找工作还是非常容易的
想学物联网，合肥工业大学宣城校区和重庆邮电大学哪个好？,重油。
合工大的能源与动力工程和车辆工程那个更有前景？,我咨询了能源与动力的同学，回答是卧槽这个专业绝壁是个坑。 同车辆工程专业。 所以专业基本都是个大坑，重点是你能不能从坑里爬起来，站起来，跳出来。 高考失利怎么了？本科四年分分钟教你做人。学霸虐你一脸。学渣秀你一脸。关键看你的本科怎么过，而不是纠结着“高考失利”。 还是推荐你车辆工程，毕竟老牌专业，就业前景巨大。 相关利益：车辆工程烟酒生。 哦对了，记得多问问学长，能给你很多帮助。 就算是转专业，那也必须大一一年专业第一。 
哈工大和合工大的差别为什么会那么大?,差了一个口而已
安徽理科僧，上海大学和合肥工业大学或者安徽大学该何去何从？（上大不能选专业，后两者可以选）,合工大，必须的 别来安大，如果你能去合工大还来安大，就好比拿一本的分读专科
合肥工业大学的土木工程怎么样？考研和工作形式如何？,本人土木大四狗，工大土木不算好，虽然在本校内算得上不错，辅导员天天吹什么前段时间过了8年评审，现在能排到24名，可是！可是！这有卵用，谁信呢(实际上也拍不到这个名次)。行业普遍不认可，(房建还稍微好点，毕竟工大土木最好的方向就是房建，到就这样也只是一个安徽重点学科)唯一的优势就是铁四局在合肥，所以和铁四局有很多的合作， 在施工单位工作的话，就我去实习的情况看来，这倒是挺好的，去工地上，不管是合工大的，河海的，天大的，中南的，等等都是一样的干活，唯一不同的可能是校友资源，进去后都是凭个人能力打拼，但是施工单位，呵呵，那里真的能呆吗？寂寞，家人，漂泊，唯一换来的就是一点钱，不知道大家觉得值不值，反正我是觉得不值，我认识的好多名校土木的只要是去施工单位的大部分都是待几年考到证了后就转行不干了，在工地上一般都是没证，没学历的人干的呼呼叫，毕竟干了一辈子有经验嘛不是。 考研呢，这个没什么好说的，凭个人实力，考多少分进什么学校 保研，这个真的就是，工大土木在外校真的不受认可，本人正好道桥保研狗，所以了解比较多，保土木老八校很难，但每年也能保一个同济(好少好吗)，东南(房建的去)，哈工大，河海，湖大(这个最容易，其实力和本校差不多，听一老师说的，但因其最近发展不错，桥梁，结构什么的是国家重点学科，所以很多人报，但要求很水，今年就保了快20好吗？工大都快成湖大预备队了)，还有就是我本来很想去的西南交大，西南交大的桥隧真的是很强，业内很受认可，只是因为211和在成都，所以很多人不愿意去，但是西南交大这个不管是考研保研都性价比极高的学校他们都不去，我也是想不通，至少我认识好几个宁愿去北交都不去西南交大，简直日狗。 其他的，想起来再说吧
河海大学，山大威海分校，哈工大威海分校，东华大学，哈工程，合肥工业大学，中国石油哪个比较好？,看到已经有的回答都没有哈工程，想必大家都不了解，我来介绍一下吧！ 哈尔滨工程大学是一所211工科院校，与另外几所大学比，这所学校很低调，但是，学校在‘三海一核’领域还是很厉害的！它的船舶以及水声专业绝对要比中国海洋大学好，＂辽宁舰＂大家都知道吧，哈工程是唯一一所获得航母建设突出贡献奖的大学。还有核工程专业次于清华和两交，排名第四，也是很有实力的！如果要是选有关船舶工业、海军装备、海洋开发、核能应用之类的专业，工程欢迎你！
学计算机是南邮好还是合工大好？,鄙人南邮毕业  南邮是著名的不管大学 种菜大学  但不得不吹的是我们学校的计算机 通信还是可以的 
合肥工业大学智能制造技术研究院如何？,您好，我是16考研的。有些问题咨询您，合工大智能院计算机专业，您觉得可以吗？这个院是不是分数低点，大概多少？还有，招多少人？麻烦您了。
安徽6400名可以上合工大汽车或者电气自动化吗？,我七千六百多进的电气
北京林业大学和合肥工业大学哪个比较好？注：北林不一定上最好的专业，合肥工业大学应该可以上最好的专业。？,专业比学校重要。专业比学校重要，专业比学校重要。 一定一定一定一定要选好专业！选专业太重要太重要太重要了！
合肥工业大学的管理科学与工程研究生怎么样？（就业情况，在南方的认可度等方面）？,很好，是该校的王牌专业
如何看待合肥工业大学16级学生c语言成绩被撤销？,泻药。不是贵校学生，没法评价。
本人大三，准备考合工大建筑研究生，合肥有什么比较好的手绘辅导机构？,合肥那边培训班也蛮多的、大大小小的十几家、但是都是学生开的多、我建议去去看看九华山手绘军团和睿玛手绘！还可以的
北京工业大学与合肥工业大学哪个更好些？,我自己认为的是合工大更好，这不仅仅因为我是合工大的学生，我就这样说。高考结束填报志愿的时候，合工大和北京工业大学都在我的选择范围之内，最后投档线出来的时候，虽然合工大的投档线比北京工业大学低（对于我所在的省份来说），但是在填志愿的时候，比较专业等各方面来说，我将合工大放在了北京工业大学前面。—————————————————————————————— 前面的话说的有点儿多。合工大成立时间长，而且合工大的一些专业也是很有名的，车辆，机械，土木，建艺，仪器，管理等等，都是很不错的。合肥，虽然不像北京那样繁华，但是他自有他的好处，我在合肥待着我觉得合肥的地理位置不错，离上海南京杭州这些地方都挺近的。至于开拓视野什么的，每个学校当中都有学霸和学渣，你要成为什么样的人取决于你自己，这里有很多优秀的人，他们身上有很多的闪光点，不能说你在一个一线的城市你的见识视野就比待在二线三线城市要多，要宽广，这种说法太片面了，实际上很大一部分是取决于你自身的。所以这两所学校，我认为是合工大好。 至于这个毕业后的出路收入，实际上我觉得我没有发言权，因为我还没有毕业，但是按照一些数据什么的分析，抛开考研不说，就业率还是蛮高的，特别是工大的王牌专业，而且毕业之后，按我个人来说，我实际上比较倾向于毕业之后就在读大学这座城市或者在周围城市就业。 以上就是我个人的一些观点ps:虽然回答的有点儿跑偏＠(￣-￣)＠
合肥工业大学的测控技术与仪器咋样？,我大仪器当然6！ 
文科生报考合肥工业大学的疑惑？,你好，我是英语(国贸)专业合工大14级文科生。说实话，我还真不了解宣城校区。那边好像分数比我们低一点吧。不过师资力量是一毛一样的，老师总是三边跑，因为有校车。想来就来吧。你考任何985，应该都不会歧视我们工大211哒。目前我正在备考某985研究生。你有啥问题再细问吧。
请问可以报考合肥工业大学的优势学科，本人江苏考生，381，理科？,啊......不好意思，最近都没上知乎...... 江苏省的高考情况我不清楚啊，但是说到合工大王牌，的确是车辆工程，电气，管理，建筑...... 我下半年大四，是学通信的，我们院（计算机与信息学院，有计算机科学与技术，信息安全，通信工程，电子信息工程四个专业）名气什么的比不上以上学院，但是整体大环境比较好，所以其实工资什么的还是排在前面的，不比他们差......当然读研的话可能另说，PS，计算机科学与技术这个专业排名也还是不错的 个人不喜欢车辆，建筑这些要画图的......我画图特别渣，空间想象能力特别渣，电气和电子通信有些许类似吧，个人觉得还不错~ 总的来说，如果你不是有特别强烈的要学某个专业的愿望，能去985就去985，平台真的不一样，以后读研的话优势也很大，就算没读到心仪的专业，还可以转专业的，一般要求不高。 祝好~
我是2016年辽宁考生，今年594能进合肥工业大学材料专业么？,本人是2015辽宁考生，现就读与合肥工业大学，当年我考了572分，辽宁省一万名正好压分数线进的，应该相当于今年年辽宁的589分左右，材料在合工大分数比较高，我觉得会差一丢丢，不过可以冲一下，要是没考上被服从分配到别的专业，大一好好学是可以转专业的，加油吧，工大欢迎你。
今年安徽考生594，A志愿报安大和合工大宣城校区哪个希望大点？,看来应该去安大了  没事的  安大计算机也不错  痛失学弟一枚555
我是合工大的一名学生，计算机专业的，准备考研，可是现在考研形势很严峻，特别是对于我们这种二流的一本院校，歧视特别严重。请问我想对外校考研，想考中山大学需要做哪方面的准备？可能性大吗？,你如是说，让我这个安农的经常去你们工大参加宣讲会的人情何以堪。考研还是看情况吧，看自己希望寻求怎样的发展。唯一的建议，不要留本校读研，工大的本科比研究生好找工作。
河北省非211非985院校的本科生考车辆工程研究生的话燕山大学和合肥工业大学哪个更适合？,合肥工业大学是211工程，而且是“ 985工程   优势学科创新平台”学校，而燕山大学并不是211； 车辆工程也是合工大的老牌专业，所以学校上总体还是比燕大要强一些的； 但问题是合工大的考研难度比较高，而且比较照顾本校的考生，所以假如分数不是太高的话比较玄； 而且合肥工业大学在北方相对名气要小一些，在工大毕业后去安徽上海等偏南方的省市就业更受欢迎些，假如你要回北方在河北北京就业可能就不是太吃香了； 燕山大学则是原机械工业部的，很多国企都认，进国企的话会轻松些； 总之大致就是这样，所以就要根据题主自身的具体情况来决定了，两个学校其实都是不错的选择。祝考研顺利~~
合肥工业大学（宣城校区）？,哥们你能多提供点信息么？你这么说太笼统，不好回答。  四川高考今年579重本线511，但我的实际水平是620左右，复读吗？985，211重要吗？ - 知乎 这个也是你的问题吧。 最好把你的性别，爱好，志向，居住地址，家庭情况多说些。
西北大学与合肥工业大学理工类哪个更好？, 合肥工业大学。 
作为一个合工大数学学院大二学生，暑假该怎么找到一些实习工作或者志愿活动？,师弟真勤奋哈。加油！
合肥工业大学的法学和山东政法学院的法学哪个好？,合工。你不是黑合工大的吧233
有一个合工大（无所谓本部宣区）的女友是一种怎样的体验？,室友(合工大女生)异地恋(一直没有告诉任何人) 自称单身狗 我只想告诉她异地恋男朋友 你绿成大草原了  
机械考研目标院校合工大（不是哈工大）知乎大牛们有什么建议吗?,加一个叫做：哈工大机械考研总群。得QQ挺好的。
求推荐合工大比较牛的导师？,邀请我干啥？我又不是合工大的。
土木工程考研西建还是合工大？,相比两校实力，西建大土木应该更强，但是合工大是211，这个官方的名头会影响你好多东西，比如以后 就业 ，有些国企比较认名头，所以关键是要看你读研的目的，如果想刷个学历，而后工作，建议你不妨考厦大，山大等土木比较水的名校，毕竟社会还是挺认985的，如果想以后在此行业深造读博，就选择西建大，因为实力行业认可，并且以后想去土木名校，比如，同济，天大，东南，机会很大。
合肥工业大学？,垃圾学校毁我青春！！
如何评价合肥工业大学校长梁樑在为期间所为？,混了四年不知道学校干了什么的路过。   只有院里面有事才跟我有一点关系？
有一个合工大的男友是一种怎么样的体验?,天天抬头不见低头见的，毕竟都在一个寝室里。。。
合工大能源与动力、软件工程、土木工程、通信工程、机械自动化怎么样（就业前景）？,对于机械专业来说，不论就业、读研、或是出国，都不错。毕竟是学校的王牌专业，211高校里还不错，在安徽工科水平无可置疑。至于本科后的发展高低，论个人能力了吧，这个专业平台够了。你付出了多少，大学会回报你多少，好好修行。ps.基于个人对工科专业的情怀，有所偏向，没有其他意思。留给16年高考学弟吧。楼主估计不需要了
合肥工业大学，长安大学，安徽大学报哪个会好一点？,作为一个本科长安大学，研究生合肥工业大学的人来讲，还是想主动回答一下这个问题滴。 其实读了大学你会发现，除了清华北大一个档次，985大部份是一个水平，211又是一个水平，其他的又是另外一个水平。所以长安大学、合工大还有安徽大学其实差距没有特别大。当然安徽大学作为省属211来讲，可能稍微弱一点点。当然这个也得看专业，你总不能拿长大的公路和工大来比，也不能拿安徽大学的文学和长大来比。每个学校都有每个学校的特色。 长安大学，这个我还是很有发言权的，一切都围绕着交通 国土资源 和 住房与城乡建设这三个中心。专业特色非常显著，我觉得我校从换了校长之后，大有发展的势头。虽然离开了母校，还是希望母校在争创双一流中能抓住发展的机会，好好发展一波。 合工大，和长安大学有类似情况，是个工学为主的高校，优势学科也很多，但是我觉得貌似工大一直都不太受待见啊，当然这个是个人的见解。院士就一个，有点少，长江学者这个还可以吧。地理位置，在合肥，这个确实限制了工大的发展，虽然现在合肥发展势头很猛烈，但是人们固有印象还是存在的，导致很多人不愿意选择到合肥上学，下面的安徽大学也是同样的道理。 安徽大学，据说一直不服气相争安徽省排名第二，无奈工大依旧比较强势。但是安徽大学绝对的安徽省的亲儿子，这个不解释，哈哈哈哈。文科之类的专业比上述学校的大部分专业都要好。理工类的话就难说了。不过安徽大学计算机是国重，实力也不容小视。 好啦，以上是我个人一点点拙见，理工类，你就选长安大学和工大就好，文科生你就选择安徽大学吧。    毕业照镇个楼，哈哈哈哈哈哈哈。不要骂我，好不好 
我是一名合肥工业大学的大一机械学生，想考同济大学车辆工程专业的研究生，请问从现在开始该做哪些准备？？,好像合工大车辆工程全国第一，干嘛不报本校，录取几率大多了。
本科淮南二本，电气专业大二，考研准备考家乡的合工大，该准备什么？或者侧重准备啥啊？求指教？,才大二，不是特别着急，把数学先看好就行，要考的专业课如果还没上或者正在上，就跟紧，英语可以考虑先背单词
在合肥工业大学（HFUT）就读是怎样一番体验？,本人安徽人，高考填报合工大算是无意有意的选择，客观来说，合工大在安徽招生有些虚高，特别报考建筑机械车辆之类专业的分数虽说可以上重大吉大点子科大，但是无法选专业，所以，我也就来到了工大，大一期间过得有些累，参加社团竞选班委做广播体操上晚自习，由于还保留着学习的一股热情，特别大三期间认真学习，最终选择保研去了THU读研(没什么值得炫耀的，所以也不希望遇到喷子)。扯得有些远，言归正传，作为即将毕业的大四狗来说，还是说些干货吧(虽然大道理知道很多，但我们还是无法过好自己想要的生活) 1.每所大学都有自己的培养模式，不要叫苦眼前，因为我们并无法有同样的四年尝试其他高校的大学生活(母校就是自己天天在嘴边骂，但是绝不准他人批评的地方)，当然，对于宣城校区的存在和定位问题，也从侧面反应工大有发展改进的空间 2.即使在985或者是top2的高校里，也有作弊也有挂科也有劝退，区别只是百分比而已(绝对承认好大学优秀学生更多的事实)，你自己的个人实力决定了自己大学的平台高低，所以既然来到合工大读书了，就安安静静的读书就行(即使你高考前再厉害，高考失败来到合工大，一样是个人实力问题，至少是运气不行) 3.你是什么样，你眼中的大学就是什么样，我见过大学伊始就把线性代数看完的同学，也见过大学四年宅在寝室，最后考试也80+的同学，也有到大学快毕业了还没有修完学分的同学(同样可以找到好工作，区别只在于你学习之外干了些什么) 4.说到现在，我想个人大学遗憾之处，在于没有遇到属于我的怦然心动吧(对，遇到了也没用，毕竟自己是穷屌，谁会看上呢)，但最骄傲之处，在于遇到了可以交往一生的哥们，yes，true friend(当然，合工大男多女少，基情四射，但请别怀疑我的性取向) 5.既来之则安之，即学之则爱之，读书不容易，且行且珍惜 作为知乎处女答，如果高赞的话，再更(当然权当发发牢骚，看看就好) 毕业将近，百感交集，希望母校更好发展 …………………………………………………………………………………………………………长长的分割线 闲来无事，心血来潮，打算回顾自己的四年大学，但是以我写作文的那点尿性，肯定是流水账咯，下文就是铁证。 2013年，最感慨的是高考发挥不（shi）错（chang），顺利的进入HFUT读书，当时我就在想:怎么就这么把高考给糟蹋了呢，每每此时，脑海里就会回响起假如生活欺骗了你这首诗。没办法，日子还要继续过，我带着些许憧憬来到了合工大，可是新生见面会上，满眼望去全是汉子的时候，我也很绝望啊，宝宝心里苦，但宝宝不敢说呀。犹记当时小班主任的一句话:工大是个基情四射的大学。大一的我，还是个无邪的小正太啊，完全不懂此话的深意。事实上，我们班级男女比例为21.5:1，这是命运的刻意安排，还是人生中的不幸，已经不重要了，毕竟，直到现在，我还是茕茕孑立形影相吊，每每提及此事，无不痛哭流涕，不知所言。 革命尚未成功，岂能囿于儿女私情，为了肩负起社会主义接班人的重任，我毅然决然地在2014年成为了入党积极分子，也正是这一年，乐视举报了快播，广大人（zhai）民（nan）无不欢（shang）天（xin）喜（yu）地（jue），那时候，我就在想:一心只读圣贤书，岂不快（wu）哉（ke）乐（nai）哉（he）。 转眼来到2015年，眼看着GPA排名一步步往下滑，真是心（zui）急（you）火（yin）燎（de）呀，也正是这一年，我决心要好好学习了，然而学霸鑫，大施兄和科长的出现，告诉了我一个直白而浅显的道理:人生一定要努力啊，只有努力过后，才知道天赋是多么importance。考虑到自己又矮又穷又矬，又一无所成的时候，我并没有绝望，而是庆幸自己，至少我的判断是正确的。 也许是光脚的不怕穿鞋的，大三的艰苦付出也算是力挽狂澜于败军之际，活命于危难之间，最终去了Thu读研，在这里，不得不由衷感谢刘玉龙学长的敦敦教导和鼓励。 也许是幻听，在2016年，我强烈感受到了英雄联盟的召唤，伴随着室友们嗷嗷待哺的开黑呐喊，寝室五人组顺利入坑（第六位室友凭借超强的定力在毕业前夕被我们征服）。 可惜，好景不长，2017年伊始，作为要毕业的知（she）识（hui）分（can）子（zha），毕业设计如期而至，放纵的日子也如风般消无声息的结束了。 此时此刻，我面无表情地看着手机屏幕，心中却波澜起伏。当我正才思踊跃地打下这些文字的时候，我知道，我的大学生活已渐行渐远，我的青春年华也消失的无影无踪。 知乎有人问，拿到Thu研究生录取通知书是一种什么样的感受？，点赞较多的一个答案是:人生巅峰，而后是一蹶不振。而我的答案是:理想的风帆，从Thu启航!
工科读研是选择合工大还是山东大学？,为啥不选择东南，南航，南理工，河海呢
想报计算机类，但是分上西电有点悬，而且我安徽的又比较远，家人想让我报合工大？,我对合工大的认识仅仅在考研数学冲刺试卷上，我建议高考生不要在意离你家多远，读万卷书行万里路，多看看不一样的城市体验体验不一样的生活，我山东人跨越一千多公里在哈尔滨上学，也很好，体验了4年东北生活，建议你放眼更远的大学，不要被距离束缚。
合肥工业大学的女生给你什么印象？,已补充  ☞☞☞☞☞☞☞☞☞☞☞☞☞☞☞☞☞☞（故作专业其实根本不懂的分割线）  （原答案） 点进来看到大家答案其实我是很惊讶 的。合肥工业大学由于学校性质男女比例确实比较失衡，但是每个女生也是跟男生一样的标准录取进来的，也都在同样的为自己奋斗着，她们的朴素简单，为人直接真诚，做事的认真严谨为什么都不被提及，外貌穿着反倒成了被点评嘲讽的重点？好歹是读了几年书的人了，现在看人依然只会使用最直观的视觉判断是不是有点不太合适？况且美丑的标准在不同层次也很难界定吧？    （补充） 当初看到这个问题还只有几个答案，却几乎都在贬低女生，所以我很气愤地献上了知乎首答，现在看到越来越多的中肯回答，我觉得好开心呀。（对\(^o^)/！中肯非常重要，不是要大家不论事实的称赞，但不要无脑攻击。）不管怎么说，当你评价一个群体的时候，尤其是指责一个群体的时候，请你先仔细想一想，你的论述是建立在一个怎样的参照标准上的，没有对照标准的比较有什么意义呢？你说丑，好，你的标准是什么？在这个对应标准下多少人算不丑？其中包括你自己吗?你说优越感，好，有优越感的女生比例是多少?优越感的定义是什么？符合你的优越感定义的男生比例又有多少？我本人也活的很糙，也不会撒娇卖萌，但是我知道，不是我不理解的就是错的。还有说不会打扮的，我真诚的问一句，那些说女生打扮风骚一看就不是正经人的也是你们吧?   生而为人，何必对别人那么苛刻呢。   说真的，只要没妨碍或伤害到别人，想干什么就去干什么吧，be water，朋友们，日子就得嗨起来。 
合肥工业大学装空调每宿舍租金500元/年，这是合理合法的吗？,13级马上毕业生    感觉还好吧  羊毛出在羊身上    我记得 一年200吧   什么时候这么贵了 可能记不太清了   空调必需品  也没什么办法哦  而且平摊下来也不是很贵
评价合工大会计专业？,匿了。母校的会计生一枚，尽量还是去财经学校读会计。不过工大会计还是比较好找工作的。
我想考在职研究生，比如合工大或是中科大，哪位有高见啊，谢谢?,工大好像和科大不在一个档次上。。。题主自重。。。。
在合肥工业大学（合肥校区）土木与水利工程学院就读是一种什么样的体验？,体验就是成天活在梦里  
安徽工业大学的实力是不是比合肥工业大学更强一点？,这是合工大在知乎被黑的最惨的一次
在合肥工业大学（合肥校区）计算机与信息学院就读是什么体验？, 友情链接：   在合肥工业大学（HFUT）就读是怎样一番体验？ - 知乎   目前大三，合肥工业大学ACM协会创始者  计算机学院从我们这一届开始不搬校区了，新建的双子楼还未完工，预计下一届才能用上（我每次毕业，学校就有新楼）。所以目前做实验不太方面，需要到屯溪路校区做硬件相关的实验，所有的老师也都在屯溪路，非常不方便。  院内分为努力刷GPA为了保研考研出国的，也有项目很多的技术大神，当然也存在像我这样只会刷刷ACM的码农（自嘲++）  课程安排，大一课巨多，还有早操晚自习，我那段时间怎么活下来的呀。大二相对好一点，没有了晚自习，课程也相对较少，是我个人技术成长巨快的一段时期。大三的课呀，啊，我们有课嘛（欸，不要打我呀，我真的不是故意的）。还有所有大学计算机专业的通病，课程太多太杂，而且过于陈旧，我只想安心做一个码农，一大半课讲的是硬件相关的我也很绝望呀。教学质量的话，绝大多数专业课老师的能力非常的强。比较有意思的课程比如胡学刚老师的数据结构，侯整风老师的计算机网络，石雷老师的微机原理，孙晓老师的机器学习，曹力老师的计算机图形学……     接触的最多的是校内的ACM环境，至今没有ACM的机房or实验室很是不方便，没有一个好的环境。真正愿意打ACM的而且技术不错的人不多，很多人选择做项目或者刷绩点，这也是我校ACM成绩始终上不去的根本原因。感谢曹力老师的大力支持，帮助我们建立了ACM协会，有了每月的月赛，定期的校赛省赛等等。但是总体来看校内ACM环境还是不乐观，不要最后我退役了后继无人了呀。  (AD) 你有没有想参加ACM的想法呀，想不想提高自己的代码能力呀，想不想简历上写满ACM的奖项后offer收到手软呀，想不想成为人人仰望的dalao呀，不要犹豫，快来联系我参加合肥工业大学ACM协会吧，我可以你一样可以 =￣ω￣= 
如何看待合肥工业大学副校长朱大勇实名举报正校长梁樑学术不端？,学术不端你个屁 梁樑是教育部长江学者 国家杰出青年基金获得者 这只是行政性奖项而已
如何看待合工大城铁港饮时间？,身为新区子弟，在这里表示一下拙见  这个事情如果从不同的角度来看完全是不同的结果，个人认为，问题之所以会恶化主要是因为当事人（受害学生）没有在说说中正确的指出品牌与个人的区别和关系。很明显，这位同学在说说中并没有明确或单一针对城铁的工作人员，而是将问题从个人矛盾上升到了城铁该品牌的形象责任上。而观众们显然为自己的同学收到欺负而纷纷表示支持同学，对城铁抱以极大的恶意态度。  那么问题来了，城铁作为06年就已经出现的老饮品品牌可以在全国范围内得到快速发展并站稳脚跟，试问如果每家加盟店都有这种对待员工的态度。那么我在这立flag，该品牌早就无法立足市场了。  所以问题并没有出在城铁这个品牌的问题上，而是在工大这所加盟店的本身，我认为区别对待加盟个体与整体品牌是十分重要的。我对工大城铁的店主态度没有更深入的了解，但据我所知，店家虽有道歉行为，但态度并不是很另人满意。对于该店家我持抵制态度。  受害学生将矛盾上升到品牌形象受损可能是无意行为，但是我希望各位同学以后就是怼店家也请指明道姓的怼，注意措辞，个人赞同城铁该品牌为维护自身形象而对当事人寄律师函的举措，这是正当的行为。然而问题出在了店家和企业似乎并不满意受害学生的洗白声明，并做进一步要求。  接着，事情就如大家看到的那样，越来越复杂啊复杂。。。。。人家企业被你损了形象能要求不多么，人家姑娘想好好复习你企业又非逮着不放不依不饶有完没完？这事情双方都有错，但工大城铁有错在先是肯定的。受害学生事先没有明确区分加盟店和整体企业的关系也是不对的。所以啊，下次怼人之前一定要把话说清楚   说了一通，大伙应该知道什么意思了。 ps城铁的东西的确不对我个人口味，（难喝）。 仅代表个人口味意见，每个人总有点不喜欢的东西对吧~
考合工大车辆专业的研究生大概有多大的难度？,合工大车辆非常好，就业形势也很好，去汽车间很多。分专硕学术。一般成绩要在350以上进复试
合肥工业大学的工业设计专业怎么样？,等我转进去给你回答哈
思想政治教育专业考研安徽大学和合肥工业大学应该选择哪个学校？,我以前有2个大学室友就是思政的，而且我也是安徽人，大学也是在安徽省内一所普通一本上的。所以多少还是了解一些思政的考研情况。 思政考研（学硕）竞争很大，我记得我室友以前考360多都不够南师大初试的分数线。安大是安徽省内高校中思政专业最强的了，所以竞争更大。而合工大是理工类院校，思政专业理论上（注意仅仅是理论上，具体情况你还要查一下近几年的分数线）来说应该比安大好考一些。 综上所述，你如果想以后读博做研究的话，安大可能更有利一些。如果单纯为了一个211研究生学历的话，合工大可能更适合一些。ps:理工类院校思政的学硕名额一般都很少，你先搜一下今年的招生简章，如果名额太少，复试比例又很大的话（一般学校是1.2到1.5之间），报合工大的话就要慎重了。
合肥工业学校和合肥工业大学哪一个好？, 合肥工业学校是什么鬼？合工大是除了中科大之外合肥第二 
合肥工业大学数学系怎么样？,我是13届的，负责任告诉你，除非是那些毛概之类的课程，专业课你是抄袭不到的，主要课程都是书记导员监考，数值分析是副院长监考，编码理论是正院长监考，这些最重要的课程是很严格的。
合工大城乡规划考研，有今年考上的前辈吗？,合工大城乡规划专业就业前景和考研怎么样
合肥工业大学材料成型与控制工程和过程装备与控制工程那个更好点？从就业角度,第一个好些
合工大车辆工程一般比一本多多少分？急解？,100左右
建筑类专业与机械类专业，合肥工业大学宣城校区和太原理工哪个好？,谢邀。本人现就读于合工大宣城校区机械专业。 我先说下宣城校区的缺点吧。首先城市不同，宣城太小，太原不管怎么样都是省会；然后教学设备方面比较落后，由于是新校区实验设备并不完善，有些实验需要去合肥那边做；最后社会认同度，部分企业对宣城校区的仍存疑虑，这就要靠学长学姐们的努力来改善了。 至于宣城的优势，最大的优势应该是师资了吧，合工大对于新校区的支持力度是比较大的，教课的老师绝大部分都是本部过来的。相对太原理工，合工大的建筑和机械排名都比较靠前，毕竟底子厚。 至于如何选择就要看题主日后的规划了。如果准备考研的话，我强烈建议来宣城校区，周围诱惑较少，学校的氛围安静，适合静心学习。如果就业的话，那就看你准备在哪工作的，合工大在江苏、浙江、安徽等地的认同度很高；如果想在山西以及中部偏北找工作，那毫不犹豫选太原理工。 如果题主对宣城校区有什么疑问可以私聊我。
如何看待安徽庆余财富（对冲基金公司）顺利进驻合肥工业大学？,好吧！作为一个默默关注此事的工大人，越来越觉得应该把事情摆到台面上来，理理清楚，一则为大家释疑，二则尽快有个结果，还工大一个天朗气清。不应该如现在这样，疑云重重。 而且最近网络貌似被控制了，借用工大青春无名论坛的一个问题吧！唉，确实某些人的某些做法，让人寒心。祸不及家人，也希望某一类人良心发现，积点口德。末了，希望工大越来越好，潜心学问。  
请问西南交通大学，武汉理工大学，合工大，哈尔滨工业大学（深圳）的机械专业研究生，哪个学校性价比更高？,这是哈工大深圳被黑的最惨的一次
合肥工业大学学交通工程的，本科毕业去哪比较好，怎么选择就业方向?,交通局或者考研
合肥工业大学何时给16级新生一个定心丸？,只能放图了。 不要因为有些事情而否定了工大。 至少在我心里工大很棒。 原谅一个吃货只能拿食堂的饭来诱惑你们了。 大晚上的自己把自己看饿了。         
马上填志愿，想学计算机，合肥工业大学和杭州电子科技大学选哪个更好？,电子科技大学
中科大对合肥有何带动作用？把资源让给合工大安大是否会更有利？, 肯定会的，据说安大老校区对面科大的那块地原本是给安大的，后来安大只能在郊区了 
合工大的电气专业值得报考么，本人是安徽人，以后准备在安徽或江苏发展，本科是985的，但电气排名不好？,东南大学你值得拥有
本人合肥工业大学自动化专业学生，什么样的成绩能保研到中科大?,据我了解，今年只要成绩到了保研资格的，大部分都能去中科大。 在保外校政策开放之后，中科大已经是保底的学校了。
合肥工业大学里混了三年，即将大四，四级没过，信息安全专业，几乎没有任何专业知识可言，怎么找工作。？,赶紧把四级过了
考研合工大数学一模拟题什么时候出？,提前一个月，超越五套卷
合肥工业大学明理苑在哪个校区？,南区德园四楼
合肥工业大学的实力是不是比哈尔滨工业大学更强一点？,我真的很想认真的回答这个问题。 差距真的蛮大的，具体实力就不说了，哈工大简直就没法超越合工大。 而从名字来讲，合肥工业大学就比哈尔滨工业大学读起来省力多了，因为少一个字嘛，  这对脆弱贪婪的人性是一种考验。 选择“好读”的学校，可能更现实一些。 【严肃认真滴跟你港真~  还有，合工大 比 哈工大 少了一口
合肥工业大学宣城校区怎么样呢？校招会是与本部一起吗？还有宣区的计科怎么样呢？还有社会认可度呢？,宣城校区挺不错的，毕业证学位证和本部一模一样，毕竟毕业时候很多学长学姐都在空间里面晒了照片。  校招是说校园招聘吧，当然是分开的啦，宣城校区也会有很多企业来招聘，当然我作为一名准大二学生，也就是刚刚结束了大一，对于那些公司的档次不甚了解，只看到大大的展览板上除了有宣城本地的公司，还有合肥、芜湖、南京、杭州的公司……（抱歉，当时有拍照片，现在找不到了）  我不是计算机专业的，不甚了解，但是老师都是合肥那边过来的，能力应该不容置疑，好好学就没问题的。  社会认可度的话……今年第一届毕业生毕业，也不好说。但是我了解的一位学长九月份开学大四，暑假期间在杭州万科实习，之前大三下期末的时候，他跑了好几趟杭州去面试、找房子，感觉挺辛苦的。最近他在空间说还没发工资，已经吃不起饭啦！哈哈，不过这些都是小问题，关键的是实习证明还有转正的机会。哦对，他的专业是经济学。  因为工作原因，我接触到了学校今年毕业的一些学长学姐，最多的是保研考研的，有到北大的、中科大的、天大、湖大、东南，反正很多名校。还有创业的，学校有个大学生创业孵化基地，里面有很多工作室。有个学姐在大二创办了自己的公司，她创办了一个舞社，教学生还有一些市民吧（我猜的）跳舞，同时她还是学校周边一个酒吧的老板娘，毕业时候拿到了外国学校的研究生资格，但是她没去，决定留在自己的公司，毕竟为公司付出了好多好多，然而她现在在国外，我也不知道什么鬼……还有出国的，感觉都是些大神级的人物啊，至少在学习外语的这方面，我就已经输了很多了……
合肥工业大学和四川外国语大学的英语专业，怎么选？,合工大的外国语是校内排倒数的专业，相比之下川外就是外语起家的。 如果认准了读外语，那么去川外是没错的。
想考北理车辆工程的研究生，我是合肥工业大学的大二机械系的学生，请问我该做哪些准备，有哪些需要注意的？,同上，过了初试再说
211合肥工业大学，985中外合作，选哪个？,我觉得根据现在的形式，最后高考都是为了最后找到一个理想的专业。 那理想的专业是为了什么？ 无非是一个好的职业，然后才有一个好的未来。现在摆在你面前的是一个机会，中外合作本来就已经是一种趋势。因此我认为选择中外合作更好。 现在应该找寻找你喜欢的国家的中外合作学校。因为不清楚你的志向和喜好，无法继续推荐。
如何评价合肥工业大学宣城校区建校四年大部分建筑出现的保温层脱落现象以及校方的应对？,首先，墙皮脱落一类的问题很显然就是施工操之过急，导致后来建筑的质量很成问题，站在一号公寓和三号公寓之间的路口你会看的非常明显，一号楼基本没有墙皮脱落，三号楼则非常明显。回顾之前教学楼的窗帘掉落，各个楼多次漏水，寝室楼大瓷砖掉落，去一教道路上的瓷砖严重松动，二号楼下水道泄露等等。毫无疑问建筑团队赶工，偷工明显。预计暑期应该会有大规模的修缮。  学校目前的应对我觉得有件事值得一说 ，有同学在本部贴吧反映这个问题，被找去谈话。 之后这位同学在贴吧发了帖介绍谈话内容  先说说最近饱为诟病的墙皮，瓷砖脱落和掉空调啦掉窗帘啦这些问题吧。副书记代表校园建设规划部门(全名忘记了)表示表示，  墙皮脱落是由于风吹日晒，下雨天进水之类的原因，再加上某些保温层施工质量的问题导致的  。更加具体的原因还在进一步组织北京城建等各方面专家摸排调查中;  瓷砖的脱落由于浴室热的蒸汽深入瓷砖缝隙再加上经常冷热交替以及施工问题  。 一栋楼才用上四年墙皮就严重脱落，学校居然可以说主要因为风吹日晒雨天进水，最后才捎带上质量问题，瓷砖脱落这么危险的情况，居然主要由于浴室蒸汽和冷热交替。我们都是工科生，这点常识还是有的啊，您是想说在盖楼的时候，没有考虑过风吹日晒，没有考虑到雨天的防水？还是说当时这栋楼设计寿命就这几年？这就好像你买了个黑色手机，一个月下来手机掉漆掉成黑白花的了，这能归罪于用户老拿着手机吗，这完全就是质量问题不是吗。撇清和建筑队的关系是没错的，赶工这种问题主要还是因为市里希望12年就招生，偷工减料也是建筑队的问题，对校方不会有什么好处，但这种甩锅方式，实在是侮辱我的智商。 我以前不理解为什么作为一个工科院校会把一教二教改名为敬亭新安这种“文学性”的词，总觉得和严谨朴实的工科氛围不符，经过这几年与行政楼打交道我明白了，因为坐在行政楼的那些人，太会也恐怕只会这些东西了。
如何评价合肥工业大学第二届模拟联合国大会？,其实如果只是看组委和学校的支持态度，可以说，这次工大的会，真的是一场性价比很高的会。 首先还是要肯定组委和学校以及志愿者对于这场会的用心，不论是酒店的价格和品质，还是会场的高大上程度，还有请来大使并举办大使项目这一新的创举，志愿者对于代表的帮助和及时回应……可见工大这次注入了很多心血想去把这次会办好。  美中不足就是某主席可能玩的太high以至于忘记了自己是过来干什么的吧。 安徽省的大学模联还是新生时期，这次会的某位主席没有很好地引导新手，而是不停地做出一些奇奇怪怪的行为，以下：    并未发布会场议事规则的情况下随意制定规则  语言问题我后面会说，在并未发布此委员会议事规则的情况下，主发言名单没有国家了，不询问代表是否加入或者进入投票阶段，而是直接询问问题及动议，就这么开下去了。然而下面是找到的通用规则，可能我开的会少，这次有悖于我所查到的规则之规则我还没有机会去见识吧。 Ps：模拟联合国在维基百科下的通用规则：     https://  zh.wikipedia.org/wiki/%  E6%A8%A1%E6%93%AC%E8%81%AF%E5%90%88%E5%9C%8B          随意改变会场官方语言  好好的中文委开着开着，突然一句：中文委开的有点困，我们来一段英文委。不论是软件坏了还是实在太乏味，抑或是主席希望展示自己的英语水平，突然把屏幕投影变成英文，这算什么？软件坏了电脑里面没word？没word不会手写？我参加的会也会有各种玩，但是第一次见到在会议还未结束的情况下就这样放开了玩的。确实，当时该主席身负多职，但是这并不是随意篡改语言的原因，既然选择去当主席，那么这样的不对代表和组委负责又是一种什么样的行为呢？    发布危机出现文字错误  危机的常识性错误暂且不说，在当事国代表前往参加大使项目的时候发有关其国家之危机，而且连国家名字都打错了，事后有人提及这个问题，只是说了一句：不要注意这些细节，然后发了一个表情。这样就过去了？作为主席团负责人，在其他主席都对于一些小错误能够致歉的情况下，自己的致歉不会？一心想着发危机却不看危机的质量，那这样的危机在会场中有何意义？   指令草案不加以指导  代表确实很多都是新手，对于自己国家定位不清造成指令草案有严重越权的行为，主席并未加以指导而是就直接发布。究竟这个危机的意义为何想必主席都不知道，更不用说不指导代表认清权限了。    倡议不注重规则，注重情怀  以上各种对于规则的蔑视，该主席在会后有这样的总结：像什么规则那些东西，不要太在意细节，模联会议中更应注重情怀。这场会确实是一场新手会，对一些规则没有具体的了解，但是连主席团都蔑视规则，在一场会里面，连规则和学术这些硬性的东西都可以不注重，难道说参与模联的意义仅仅是为了要一个情怀吗？  情怀还是要有的，无论是代表还是主席，本着认真严谨的态度开完一场会，自然会有该有的情怀。会上和会下是分开的，会下玩的多high都没有问题，但是，开会就应该好好开。  一切只是针对于该主席的会场表现。   以上。
本科道桥专业以后想回安徽。想问合工大的桥隧研究生怎么样，毕业后工作好找吗。还是读一个好学校再回安徽？,如果目标是毕业找工作，又定位在那两个学校，劝你大好年纪赶紧发现自己的兴趣，并努力提高技能，就这么多。  因为桥隧确实已经没落了，不是因为技术没落，而是因为坑已经满了，在到你毕业的时候，就只能呵呵……
合肥工业大学电子商务大三学生，后面几年的人生规划该如何？,我哥们丁二爷是你管院大四的直系师兄，他刚签了阿里巴巴，让他来答吧。  @元宝 
在合肥工业大学考试作弊被抓学位证真的会被取消嘛？,是的，绝对取消！！！ 我们同学院的有个同学考试给别人传答案，被巡考老师抓着了，两个人学位都没了......研究生也考不了......作啊
合肥工业大学的实力是不是比哈尔滨工业大学更强一点？,这是我看到黑窝工黑得最惨的一次，没有之一。
合肥工业大学土木工程本科岩土方向怎么样？,       蟹妖....        虽然经常跟工民建的掐架说对方的各种弱鸡，但是实打实的，工大土木三个方向里，工民建实力最强，岩土最弱。最直观的表现就是，我这届的毕业设计里工民建同学花费的精力以及老师的认真程度是最高的。同样不可否认的，工民建的师资力量也强。        可是问题来了，现在是公用与民用建筑的疲软期，结构工程的研究生找工作都不是那么容易了，专业的局限性反倒制约了发展。我这届选择岩土的同学正如@朱云鹤所说，不多，可在目前各个城市大力发展城市下部空间的情况下，岩土隧道的发展前景是优于工民建的。另外，本科大土木的背景下，各个专业的差别不是很大，好好学知识就挺好。工大保研名额是按照人数的多寡来分的，岩土隧道人少的话，保研名额会相应的少一些。        以上。
在合肥工业大学云电动车队是一种怎样的体验？,这个问题，是想来说说的，我曾经是电车的一员，我不敢说云电是最强最好的，但是她也不是一支随随便便的车队。电车成立仅仅只有3年，今年要走过第四个年头。前三年我们或许走过弯路，但是创新就是要靠不断的碰撞积累起来的。 对于个人来说电车能给你的有很多。 1.学习 本科生的学习是枯燥无味的，更多的是基本理论的学习和客观事物的认识。不乏有同学大四毕业的时候能背出轴承有多少种确不知道轴承长什么样。电车是几个平台，让你能够亲手实践，操作，认识各种机械加工，汽车测试，调校的东西。在设计制造的过程也会慢慢发现实际的机械，电气加工不是理论上那么简单。这是一个很好的学习平台，甚至是优于身旁同学的机会。 2.工作 这里的工作可能过于现实，但是不可否认，电车出来的毕业生，都是企业爱要的人，从1代到3代车。毕业的学生基本进去了各大车企的技术中心，研究院，或者是捷豹路虎这样的公司。对于考研也是一样，都是非常喜爱的毕业生。但是不要指望来电车水一水，混一个名头，不努力，不认真工作，一切都是没有的！ 3.思想 思想的培养包括了与队员合作的团队合作的培养，和加工师傅，各种不同社会阶层人士的接触，以及你自身视野的拓宽。我们从小就说要树立个人的价值观和视野，前提就是你要发现，看过更多的东西，才能评判好坏。在电车，你可以有更多的机会和其他学校，甚至国外的同学交流，也能见到各个企业HR，很多工大学生说左延安，尹同耀是工大优秀校友，见过的有几个，我在车队很幸运有机会接触了这些人。 电车是一个magic的地方，是一个能给你无限力量的地方。是梦想的发源地，很多电车的老队员都觉得电车的生活是人生中无与伦比的记忆。 希望要加入电车的伙伴能负起电车给你的责任。
合肥工业大学信息管理与信息系统专业怎么样？, 利益相关：信管专业大三，边陲地区985  合工大的信管专业是我认为的合工大最有优势的专业之一，如果你已经被录取的话，恭喜你~~~    首先说实力和潜    要评价一个学校的某二级专业的水平（二级是指相对一级学科来说），我们可以首先看学校在一级学科上整体的表现，在本科专业目录中，信管专业是下属于管理科学与工程类的。   高校本科专业目录|大学专业         那么合工大的管理科学与工程学科实力怎么样呢？我们以一个较为粗浅的指标：排名来大致看一下：   教育部学位中心2012学科评估结果         在这份教育部给出的学科评估结果中， 合工大的管科在全国高校中处于十左右的位置 ，在2011年左右被认为是和交大/北航同等的水平，从这里可以看到，合工大管科方向的实力是不需要怀疑的。   6年过去了，那现在的格局是怎么样的呢？   在取消985/211之后，最近出台了“111”计划，“111”计划旨在推进中国大学向世界一流大学迈进，原211计划高校仅有11所入选，合工大的管科就有一个方向入选。      这两点可以就大致看出合工大管科（“信管”）的实力以及发展潜力，希望对你有点帮助~  -----------------------------------------------------分割-----------------------------------------------------------------------  待补~ 
如何评价合肥工业大学电气学院刘洋?,我电气的怎么没听说过这个人
安徽大学翻硕vs合工大翻硕，选哪个？,前提已经定了你想留在合肥了，而且你才大三，时间足够来的及，要考就考好的
机械电子工程从合肥工业大学考研考到上海大学怎么样？,特么同校啊，快站出来举个手认识下
有安徽大学或者合工大的计算机系、新传、艺术的14级的技术派吗？想找能一起做款应用的小伙伴？,12级学姐表示：我就静静看着，不说话~
汽车理论很扎实（合工大汽车专业，很强的电学知识）要是学汽车修理得多长时间独立干活（本人很吃苦耐劳）？,其实汽修是个团队项目。 干活地点也分街边店、高端改装店、车队、品牌4S店等等。都没有“独立干活”这个概念。除非你自己开一个一人街边快修（没太大可能）。 如果你有这些好底子，方向不应该是“独立干活”，你应该给自己一个目标：学徒、班组长、技术总监之类的………………
合工大的交通工程研究生怎么样啊难不难考多少分数可入？,交通管理和规划专业课是什么每年都不一样嘛？
合肥工业大学为何总在贴吧被黑？,请举例啊？没图没真相，都不知道因为什么被黑。
有一个合工大男朋友是怎么样的体验？,一个合工大男生是极其有爱心，责任心，怀揣着工业报国的梦想，他们普遍有很强的事业心，没有一般工科男生屌丝的气质，即便学习再忙，他们都会抽出时间与自己的另一半相处，据我所知，有一位男生在省吃俭用后瞒着家人，在仅有三天的五一时间，还有一半时间耗在路上，去见他女朋友，综上，找一个合工大男友是一个明智的选择。（我也是工大的对不起我编不下去了）
合肥工业大学的女生给你什么印象？,我就是合工大的，长相在校中等，你说工大女生颜值是什么水平 
北京交通大学电气电力电子研究生难度几何？和合肥工业大学相比？,本人就是09年从工大电气专业考到北交电气，没想到这些年了还有人在走这条路 工大电气在电气圈子里还是挺牛的，我们当年在交大复试的时候，导师们都表示工大电气很牛 北交大地理位置是绝对的优势，北京很多单位做的都是比较前沿的课题，我来交大第二年就被老师推荐去知名互联网单位实习，前提是第一年接近90的平均分，当时住在学校提供的寝室坐地铁去实习，真的挺开心的，也见了世面 不过毕业时候差点被延期，因为实习加后来谈恋爱时间真的不够，论文写的太烂了 总而言之，从工大到交大，换了一个新环境，认识了很多新的朋友，有了两年难忘的经历，至于学术方面，我觉得因人而异，可以找导师谈，但我自己包括很多人都做不到大牛，导师教的很多东西对付工作足以 本人现在北京工作合同到期，现在暂时在安徽老家，买不起北京的房子，但自己和家人也都尽力了。回想自己这些年的经历，够自己慢慢回味的了。反正个人感觉生活学习都不会完全按照你的想象进行，很多时候都需要对妥协，祝你好运吧
请问合肥工业大学 河海大学比较哪个比较好？,合工业，河海村炮气息太严重了
我大一，合工大材料成型，专业第一，想保研，现有转专业机会，想转机械电气自动化，但又犹豫，望大家题意见？, 哈喽，谢邀，这个合工大是指？还有专业第一是指这个学校的材料成型专业排名第一吗？我觉得如果你想转专业的话，一定是因为比较喜欢后者吧？除此之外，从就业来看，机械电气自动化的就业是比材料好些的。 
请问合工大有什么好就业的专业，我是2015安徽考生理科?,好就业有2个概念： 1、容易找工作。大学混过四年照样找得到工作，但普遍待遇不好 2、待遇高。但是学得苦，得下功夫，如果不下功夫找不到好工作  第1类建议选择机械电气土建类的专业，第2类建议选计算机软件电商等专业 然而，你的排名在安徽很难报这些专业，被调剂的可能大
合肥工业大学水力学参考书目是什么啊？,水力学（吴持恭）主编
[求助]合肥工业大学和中国石油大学哪个好些？,请区分专业再评价好坏，这样用校名直接比较是不负责任的
在合肥工业大学宣城校区上学是一种怎样的体验？,竟然还有宣城校区的！！简直感激涕零啊！  来了之后可以澄清的一件事是宣城校区确实是合肥工业大学的重要组成部分，授课老师与合肥校区是一样的，从师资力量和教学质量来说这所学校确实是211水平。当然需要强调的一点是学校并没有为本科生参与教授的实验室研究项目提供什么机会，所以对于有志于此的同学还需慎重选择。  宣城是一个宁静而且缓慢的小城市，除了吃饭，唱歌，再无什么城市中的娱乐活动。城市的生活节奏很慢，喜欢在傍晚看着楼房的影子在夕阳的余晖中渐渐倾斜，这种心境也就在这样的城市中才会有。市区差不多只有十条公交线路，进城只要不超过三次就再也不会迷路，也从侧面印证了这个城市的袖珍。不过这里环境不错，pm2.5指数低的基本不敢想，而且有山（敬亭山）有水（宛陵湖），天气晴好的时候可以去郊游。  其实这也是一座挺有历史的城市，史称宣州，历史上定都金陵的王朝多把这里设为文化与政治重镇，现在看看，多有种今非昔比的惆怅。  在这样的环境下比较可以让人安心，静心学习。  学校其实是在短时间凭空建设起来的，硬件设施不够齐全确实是事实，比如实验室条件有欠缺，礼堂，图书馆没建好，且在龟速建设。学校目前有两栋奇大无比的教学楼，名字挺好听的，新安学堂，敬亭学堂，全校所有年级几乎所有的课程都在这里上课（不过话说这学校教室的号码好乱啊，有种是随手贴的即视感，各位感受一下）。  新校区的行政人员比较少，相比于其他的学校来说，这里的行政部门很少互相踢皮球，记得最后办退学手续时，前前后后跑遍了学校盖了12个章。当然还有就是一些通知会比较慢，对于校区的管理也有些后知后觉。不过这些都会随着校区的成熟而有改观。  这里的学生素质还不错。同学们在学校建设不完善的大背景下，自己创造了不少课余活动，丰富了校区文化生活，与校区共同成长。  不过想吐槽一点就是：为什么这里的好多学生组织都是导员carry啊，在学生会没有自主性啊。。  总的来说就是这是一所独特的学校，她有211工科大学的全部特点，而且因为坐拥优美环境，且作为新校区而更显独特。  遗憾的是本人因为种种原因，中途离开学校，留学海外，每每回想起宣城读书时的好，总是充满感慨。                                                            创建于2015.3                      ----------------------------  2017.7更新:  看到楼下有人提及校区的问题，想到回答也需要与时俱进，忍不住从我观察到的现状和与同学们的交流谈一谈。诚如答主们所言，学校最近面临减招，硬件建设等一系列矛盾，确实处在命运转折的档口。这些问题是普遍存在的，也是学校所面对的困境的一部分。不过作为体验类问题，我就不在此过多谈论，我个人相信这是校区走向成熟的必经之路，减招行为是合工大对宣区扮演角色的调整而非其他。网上新闻很好找，各位看官都会有自己的判断。衷心祝愿宣区能先从动荡中走出，把专业设置和人心稳定下来，催生出校区特色与校园文化，与合肥本部求同存异，相互竞争，走向成熟。  上图两张： 夜色中的学校大门  从敬亭山俯瞰宣城
合肥工业大学集成电路专业怎么样？,我是HFUT的集电学生，目前感觉学校对我们很重视，配的老师也都是各学科很厉害的大牛，这么说吧，如果不浪，来集电绝对不后悔。用我们院长的话来说，现在集成电路方面缺口挺大，全国示范性微电子学院也就那么几十所，你们赶上了春风。
合工大？,怎么了？
合工大的通信和中科大的生物医学工程？,工大通信研究生毕业，好像还不错，就拿认识的几个师兄吧，他们大多是从外校考到合工大的。老家大多是安徽的，最后有去腾讯，华为，中兴，38所等，只要自己不太水，都会有一个不错的工作。
你为什么后悔上合肥工业大学？,还是找不到男朋友
合肥工业大学信管专业未来就业前景怎么样？, 不怎么样，就业不是很好，最后不少都去做销售了，去技术岗的不多。这个专业老师对本科生教育重视程度不够，安排的课程、教学计划很坑，4年如果没有找准自己的专业方向最后找工作会很头疼。 
安徽人，在四川普通一本院校就读大二，电气专业，考研想考回安徽，合工大电气怎么样，难考吗。？,大兄弟，和我想法有点类似。不过我帮不了你，我也不是很了解。 我安徽人，现在在湖北读大一，也是想考研上合工大。高中最好几个朋友都在合工大，加上名校情节，所以一心想去。 哎，最可怕的是，高考已经失败了一次，不见得考研会成功，想想昔日凌云壮志的自己，感叹一声，等闲变却故人心，却道故人心易变。
合肥工业大学3+2本硕连读好吗？毕业硕士能拿到吗？鄙人预计高考超一本线二三十分值么？估计出国可能要贷款？,我超一本线71堪堪过线，题主咋来。 可能各个省不太一样，但是二三十分可能性不大。
学计算机去安大好还是合工大？, 2017.4.13更新  有同学考研某C9失利，因为安大只接受第一志愿所以调剂到工大了，网上查资料的时候又看到我的答案。根据今年安大计算机学院目前保研就业方面的情况做些补充吧，和去年其实差不多  保研：知道的有信安的同学拿到清华北大的录取通知，其他大部分认识的去了中科院和其他985高校，中科大居多  工作：认识的同学里有百度网易华为新美大若干，都是做技术的，其他同学不了解的不清楚。从今年的情况来看我校计算机本科生在合肥找工作还是很简单的，基本愿意去的都有公司要，待遇相对其他专业很不错了，但是相对其他省会城市还是有差距。去一线城市和一流公司的话主要还是看个人能力，其实和学校背景关系不大。但211确实是个不错的能力背书。   -----以下为去年的原答案-----  有贴了工大的情况的，就我知道13-15年认识的学长学姐的情况，来类比写一个安大的吧： （1）保研上限：朱学长保送清华 （2）找工作  目前  上限：认识的有几位学长实习工作在TA，走技术和产品路线的都有 （3）考研：大部分目标都是985以及北京上海互联网环境好的高校，本校也有但好像并不多。其实安大计算机研究生阶段资源和条件也不错的，只不过因为是在合肥而且学校是综合性大学，加上大部分高校本科生研究生都想换个学校的想法，，，这就很尴尬了。  还可以出国深造啊，211高校的底子，本科再多参与一些项目（安大每年都有一批创新创业和科研项目，一些老师也经常有实验室项目带本科生一起做），练好英语，一切皆有可能。  看了其他答案，做些说明和补充吧： 首先现在12年的那个排名，好像是官方根据申报单位意愿，采取自主申报的原则，对申报高校进行的一次排名。安大计算机学院当时好像没怎么重视这个排名没有申报，所以名单里没有，求不黑。竞赛上安大在机器人竞赛，挑战杯等方面成绩都很好，ACM方面不太清楚。   利益相关：安徽大学计算机科学与技术专业学生 
合肥工业大学，华中农业，杭电的的哪个经济类的更好？理科生？,我是合肥工业大学宣城校区的，照片是我们学校，分数确实低一点。小编可以。
合肥工业大学集成电路设计与集成系统？,蟹邀 利益相关:合工大集电大三学生 我觉得是因为使用的器材还有特殊的培养方式造就了这样的收费 拿我们大二用的FPGA开发板来说，大部分人用的是xilinx的basys2板子，一个板子的官方学术报价是698，至少要保证120人平均2-3人就能使用一块板子，这只是最便宜的板子。 emmmm，还有我觉得老师也是其中一方面，大二开设专业课之后，给我们教课的老师都是微电子所的老师，前两届的system C请了瑞典皇家工学院的鲁中海教授来上。我们这届开始是海归教授。 我听说国家规定学费不能超过培养费用的25%，所以可想而知我集电得多贵。事实上比起电科和微电子这两个相似专业来说我们接触的专业课啊什么的都更早，也能学到很多很多东西，还有相对来说咱们很累，我们中流传着一句话，心情不好的时候看看集电比我们更惨大家都平衡了。 emmmm，如果答主是17级的集电的话，我的建议是大一一年仔细学一学，喜欢这个专业更好那就继续，不喜欢赶快转，况且，分考高一点总没错吧hhhhh
我应该读燕山大学的自动化还是读合肥工业大学的自动化?,谢邀。 虽说燕大家属，但是推荐合肥工大。换我我也会这么选择。 既是211，211很重要，合肥又是东部省会城市，离江浙沪近。 祝好运。
合肥工业大学给排水应届生大三了，下学期就找工作了，不想考研想回老家潍坊，求几点建议和找工作的方向?,给排水的话市政那边有出路，公务员考考试试吧
合肥工业大学《机械原理》用的是哪一版的教材？,东南大学出版社的
西南交通大学建筑学专业与西安建筑科技大学，合肥工业大学，深圳大学相比怎么样？, 当然是西建大，本科不是老八校，一辈子都被扯后腿 
合工大物联网专业考中科大难考吗？,讲真，工大考科大真心不难。就拿工大电子专业来说，科大基本上都是第一选择，最好的都去东南交大之类的了，只要导师看你是工大的，基本上只要过了复试线就会要你的，，但是还是要努力哦。加油！
合工大附近可以找到健身房吗？,新区老区？反正都有。
合工大北大青鸟学计算机怎么样，有没有学过的前辈给点建议？, 我在北大青鸟洛阳融科创新学院学的，今年刚就业，月薪9000元！ 
合肥工业大学、北京化工大学、北京工业大学、华南师范大学、上海理工大学选哪一个好？, 泻药，广东省外学校不是很熟，就不误导人了，作为广东省内，既然想学理工科，如果你报了物理，计算机等专业印象华师也就是师范了，你想做研究，好像选它比较一般，而且华师的石牌校区，住宿不要太烂，你选的专业不知道是不是那边，理工科，广东省内的广东工业大学，华南理工大学和深圳大学都是比较突出的，深大很推荐，环境超级好，大城市，氛围好，不过好像分数这几年有点飞涨，作为女生，去了理工科，你会成为国宝的，最后，既然出国，学校嘛，never mind。  
合肥工业大学的机械设计教材用的是哪本啊？,西北工大
合肥工业大学新区图书馆闭馆的音乐是什么?,我还在新区的时候是赶牲灵和信天游两首歌(2014年)。   可以用手机版QQ音乐的听歌识曲或是微信的摇一摇功能来识别歌曲。   作为一个曾经觉得这两首歌挺好听的人，如果没有什么事我都会听完这两首歌再走，哈哈。  如果你早上起不来床，不妨把这两首歌设为起床铃声，不过要小心会被室友打哦。
大一新生开学，男生，从江苏到安徽，合肥工业大学，因为对那边气候不太了解，需要带什么？,带着钱啊，亲
安徽农业大学，合肥工业大学的风景园林专业研究生哪个好？,风景园林这个专业的话当然是农大了、话说你是不是已经考过了
安大和合工大的管理类学科哪个好点？,作为一个在安大管院生活了四年的人，我很负责任地说，在管院能够遇到一个不水的老师简直是小概率事件，当然好老师也有。工大不了解，但是如果你喜欢真实地学习知识，拒绝水的话，别来。当然，如果仅仅是想自学拿个学位的话，安大还是很自由的。
城市规划考研，西南交大，合工大，南工大怎么选择？,说实话，现在的就业形势，老八校找工作都费劲，这几个不是更捉急。（利益相关：上述三个学校之一毕业）
苏州大学，江南大学，合肥工业大学选哪一个比较好啊？,合工大，苏大，江南
如何看待合肥工业大学因私自减招被宣城市告上省委省政府一事？, 看到宣城论坛上对合工大一片指责声，我觉得有失公允，在此我想就合工大宣城校区谈几点个人看法：  第一，合工大建宣城校区更多的是一种政府行为，而非办学行为。短期“摊大饼”式的建大学分校是违背教育规律的，因为“大学者，非大楼之谓也，乃大师之谓也”，光靠高投入是培养不出高质量人才的。当年宣城市最好的做法应该是在高职高专院校（比如宣城职业技术学院）的基础上通过合并、重组等方式升格为地方本科院校，而不应“另起炉灶”短期内速建合工大宣城校区，这样培养的人才才真正能为地方经济发展服务，而合工大宣城校区培养的毕业生今后恐怕以后很少能留在宣城地区。  第二，合工大宣城校区的建设似乎带有“政绩工程”和“形象工程”的色彩。领导可以将其当成政绩，而对合工大本身的发展并无什么好处，在各种大学排行榜和评估中，合工大宣城校区都会拉整个工大的后腿。就是生源质量也有较大差异，校本部和宣城校区的学生录取分数要相差二、三十分。  第三，宣城市为合工大宣城校区建设投入了巨额资金，其实合工大自身也为其投入了巨大的人力、物力和财力。比如到宣城校区工作的教职工，每人每年都要比本部教职工多补助3万元，许多教师在职务晋升和职称评定上都受到了“破格”的优待，比如在校本部当不上六级职员（副处级）的干部，如果愿意到宣城校区工作就能如愿，就是这样他们离开省会大城市和舒适安稳的家庭只身到宣城校区工作，其精神也是可嘉的。在宣城校区上课的教师要来回奔波，也是非常辛苦的（并不像网上有人所说的“拎着包就能去上课”那样轻松），也有不少教师为此怨声载道。  第四，学校宣城校区今年减招恐怕也是迫不得已的事。众所周知，高等教育大众化的任务应主要由地方院校和高职院校承担，而“985”和“211”重点大学应保持“精英教育”质量。就是在1999、2000年全国大扩招（年增长率超过50%）的背景下，清华、中科大等名牌高校都基本没扩大本科招生数。并且，合工大要创“双一流”，就不宜追求数量继续扩大“分母”，而应在质量和水平上下功夫，其实，在办学资源不变的情况下，宣城校区适当减招更有利于提高其人才培养质量。至于学校做出减招决定未和宣城市政府通气，那可能是一些工作疏忽了。但宣城市政府据此就将工大告上省委政府是不是显得有点没有胸怀和肚量了，还给人一种“落井下石”的感觉。工大和宣城市本就是良好的伙伴式合作关系，要多交流沟通，宣城市这样做岂不是将事情越闹越僵！  以上只是个人的一点随想，不妥之处请见谅！ 
合工大制药工程怎么样？,感谢被邀请回答问题，不过我对这个并不是很了解，没有涉及过，还是再问问其他人吧
2015年10月校园招聘中建三局回来合肥工业大学吗?,回来的，我是中建三局三公司的，看到了我们公司的招聘视频，好像是十月九日
合工大学生有机会去清华读研吗？如果有该怎么做呢？,有啊，我知道我这届有考研过去的，学cs的，自己努力呗
如何评价合工大考研数学模拟题？,660主要提升你做小题的能力，涉及的面广，对系统复习有帮助，建议在看完辅导书后开始刷。真题是十分宝贵的资源，你最好在系统地复习完一遍后再以正式考试的形式做真题，花3个小时认真地考一遍，一来能检验你的复习效果，及时补漏，二来这个时候做真题成绩会相对高一点，能提升自己的信心（如果你还没系统的复习一遍就做真题，做的不好很打击信心的），三来你如果把十几年的真题都考了一遍，也就能知道自己今年考研数学会大致会在哪个分段，心里有底往往更容易超常发挥。另外那个模拟题我也没做过，想早点接触考研题型可以做做
合工大电气考研有多难？,别考合工大！！！！ 被坑得一塌糊涂 不想说太多了，没学上了，反正一生黑
合肥工业大学材料学院大佬们有哪些？,经过了毕业答辩对工大各位老师又有了更新的理解。  焊接宋奎晶老师～强烈推荐～     真正的好老师啊，感恩～ 不知道题主说的大佬是什么意思    按我自己理解的意思来说吧本人是13级材料成型的学生，和成型老师交流比较多吧，我说说成型的老师， 个人接触老师不多，见解浅薄，具体可以到材料院官网查询 成型分为铸锻焊 铸造 比较好的老师  祖方酋(算是成型的门面老师了吧，去夏令营的时候提起工大材料院那些老师第一个想起的便是祖老师)   程和法  铸造大牛   教我们材料成型上 苏勇   蛮好的老师    为人很风趣   哈哈 锻压  薛克敏   锻压一牛   非常好的老师之一    老师人也很好    陈文琳   也是很好的老师  但没有教过我们    很可惜   陈忠家   老师为人要求严格    但也是非常棒的老师   想专研学术的话 是一个很好的选择 李萍    很棒的老师～    也没有教过我们  不过选她和选薛克敏老师是一样的～ 焊接  焊接了解得比较少   钟志宏   这是我了解的里面很厉害的老师了 李先芬  老师为人炒鸡好  学术也厉害～  我很喜欢李老师   跟过李老师做大创    李老师的研究生都很喜欢她      暂时想到这些啦      有的话再补充～
合肥工业大学可以在职读研吗？,可以，合工大专门有个在职研究生招生的页面，首页很容易找，可以去看看
如何看待合肥工业大学宣城校区大四开设培训班？,利益相关。 上千锋官网找讲师团队，第一个就是CEO。 一看，清华硕士，多篇国际EI，吓尿了，这种水平都能进MSRA了。 然后去知网人肉下“欧阳大神——欧阳坚“，连硕士毕业论文都找不到。   
怎样看待合工大宣城校区的轻生事件？,工大狗来答一发。在我大二的时候，大一级的学姐在逸夫楼跳了。生前算是比较熟的，得知消息的时候很震惊！觉得活生生一个人怎么就没了不相信不理解。据说学校处理现场的效率非常高，之后就是各种小道消息和推测。据比较知道内情的同学说有两种可能，一是课程挂多了被辅导员谈话，工大挂满24学分是没有学位的……还有就是被男朋友甩了。很多比她更坎坷的人都没有走这条路，譬如我，第一年就把12分挂完了…等你真的毕业了，踏上社会了，回头看，会发现那些根本不算事。也许她还有我们更加不知道的苦楚，但是活着才会有解决的希望。尤其后来她被放到主教那边，她妈妈来了以后都哭的站不起来。 现在网上只能查到这么一段‘2008年4月27日，合肥工业大学电气学院一大三女生跳楼自杀，自杀原因暂不详’。连名字都没有留下，云淡风轻的简直就像没有痕迹一样。而伤痛却永远留在了爱她的人心里。所以还是那句话，你连死都不怕，还怕啥呢。
车辆工程燕大好还是合肥工业大学好？,这么比的话工大领导可以切腹自尽
法学专业合工大和安徽大学哪个好？,安大，毋庸置疑
有机化学研安徽大学好还是合工大？,想知道题主最后的选择，我的情况和你类似
上海大学和合肥工业大学的计算机专业怎么选？,当然选合肥工业大学，地方好，名气响
合肥工业大学宣城校区和浙江工业大学哪个好？,谢邀。合工大宣城校区不了解， 不知道宣城校区是哪种性质。就我个人经历看合工大和浙工大在杭州认可度差不多。不过就在浙江而言，我单位同事里浙工大的校友很多，合工大人就只有零星了。但是合工大是211院校，去上海或者其他地方认可度容易形成一个211的门槛。当然，就城市选择而言，我个人认为无论宣城还是合肥，杭州都有不可比拟的优势。不过合工大和浙工大都还不错，一家之言，供题主参考。
合肥工业大学的电气工程怎么样?,我大HFUT 在安徽还是吃得开的，在外边牌子还不够响，客观说
目前大一专业是材料成型在合肥工业大学，但是梦想一直是将来搞动画制作成为像宫崎骏一样的人我应该怎么办？,每个学动画的人都渴望有一天成为宫崎骏，但前提是你先看看你爸爸是不是也有一个飞机制造厂的老板，然后你再看看有没有画风之谷那样级别的手绘功底，然后再看看自己编剧能力能不能做到幽灵公主的段位。 如果做不到，那就当做一个梦想。 我可以断定，当你开始做动画的时候，你会发现，国内基本上没有什么可以让你成为宫崎骏的土壤，可能会很残酷，但现实就这样。 最多做做公交车动画，就算进入动画剧组，你也不过是个动画制作师。 所谓的动画制作师，不过是做做动作，然后后期合成一下而已。 每年因为宫崎骏想干动画的孩子数不胜数，但国内市场对于动画依旧属于一个没有形成工业化体系的存在。 就算罗小黑，也不过是卖卖周边什么的。 而上院线的动画电影也基本摆脱不了不断亏损的局面。 你吧，做动画我是支持的，但你知道做动画的工资是多少吗？ 很低，低到有时候没办法养活自己，我一个做动画的朋友，他负责的是原画设计，在北京，三年依旧是5K，最后他选择了离开北京，当我问到为什么5K不涨，他说在北京，这种产业，大家都差不多。 所以，该干嘛干嘛，用金钱养梦想也不为过。
合肥工业大学和南京农业大学哪个学校好一点？,合工强在工学，南农强在农学。在各自的领域，南农更出色一些。看国家重点学科、杰青、院士、国家级奖励，都是南农强一些。特别是国家重点学科，南农13》》合工3。但是就业上，合工应该比南农好不少。。。
海南大学，哈尔滨工程大学，合肥工业大学哪个好?,合工大啊。
西安邮电大学与合肥工业大学宣城哪个好？,当然是合工大宣区了。作为宣区的一员，感觉整体来说比较好，环境优美，空气清新，本部对宣区还是挺照顾的，待遇也真的不错，毕竟是211，毕业证书与本部一模一样，唯一一点就是位置地点比较偏僻，但这不影响长见识啊，附近南京，苏州，芜湖，上海，都挺近的。宣区当地人对工大学子也是爱护有佳，总之，宣区不错哇。
合工大车辆工程本科生毕业能进上海大众吗？ ?,去年我校车辆是一个都没进去。上海大众宁波分公司去了五六个人都不是车辆的。看个人能力吧。窝工车辆江河日下，去个本田日产都能高兴半天。
合肥工业大学的妹子到底有多好看？,就是普通的工科女啊
合工大转专业容易转吗？,大一好好学 大概是考到专业前30%就可以申请 不是很难 但是也要看你想去的专业有没有名额
北大青鸟合工大校区怎么样？,北大青鸟是来自北京的。外地加盟的校区水平各有不同，如果不放心可以去发源地找学校。
选择考研武大电气还是保研合工大电气专硕呢？,作为一名合工大电气学生，强烈推荐你去武大。
合肥工业大学的法学专业和国际经济与贸易专业各在哪个校区？大二大三会搬校区吗？各自搬到哪个校区呢？,都在翡翠湖，不搬校区
在合工大数学学院就读是怎样的体验？,在合工大读数学是一种很刺激的体验。老实说，老师水平还可以，但是周围有一个中科大在，压力倍增啊，因为中科大数学系在全国可以排到前三。也是因为这个原因（笼统地来说），数学竞赛中的数学专业组的省一等奖已经成了中科大的一等奖。  题目说是合工大读数学的体验，我的理解应该主要就是课堂上的体验，那我就列举一下不同老师课堂的体验。  朱晓临 一位非常负责任的老师，朱晓临教的《数值分析》可以说是全国首屈一指的，真的讲得太好了。在朱老师的课堂上，学的不仅仅是专业知识，更是一种思维方式。  朱士信 我们院的院长 非常幽默诙谐 专业知识真的强到不用说，不预习的话，总是会掉链子。朱士信讲课就是太快了，但是没办法，课时少，不过，老师讲课真的讲得非常好，即使课时少，也能够讲得很清楚。  PS：对了，合工大数学学院的很多课的课时真的太少了，太少了。强烈建议增加专业必修课的课时，不然以后工大数学学子的竞争力将越来越差。  刘丽 一位仁慈智慧的女神级教授 老师上课的时候，总是教导我们要努力用功，课堂内容的编制也非常适合我们，最重要的最值得敬佩的是老师每节课都是板书，从没用过PPT。这样的老师是值得敬佩的。  凌能祥 我们院的统计教授 上凌能祥的课就是每节课都会拖那么几分钟，并不是说老师讲不好，主要是课时少，然而老师想给我们多讲点东西，可是还是有同学受不了拖堂（无奈脸）。总的来说，凌能祥老师的课堂是很严谨，严肃的。  谭常春 提到凌能祥就得提一提谭常春 在谭常春的课堂上，有很多地方，谭常春会和我们说他的理解，这真的是极好的。现在回想起来，在谭常春的课堂上，也充满了数学的严谨。  PS：在合工大，有很多老师的课，都能过让你觉得醍醐灌顶。如果你喜欢数学，而且能够听懂的话，那真的是一种享受。  ------------/先写到这里，后面有时间再答/----------------------
没文化可以有多可怕？,我是南京大学的，邻居让我努力学习，考合工大的研究生。 
关于合肥工业大学宣城校区的看法？,谢邀 个人感觉差距还是有的不管地理还是环境 但是宣区总体是朝着更好的方向在发展 图书馆也建好了 宿舍环境也不错 教学的话有很多老师是合肥宣城两地跑 没感觉有什么不好的 个人拙见
本人合工大，211，平均分大概是86点几，想去香港留学，托福第一次考83，想申请香港科技，求大神？,科大认可托福的，貌似只要求80，211的GPA有3.5以上的话Msc至少50%的几率，Mphil没戏
合工大MBA怎么样？值得读吗？, 合肥的话，合肥工业大学还是不错的。MBA主要是看你个人的生活区域，大部分人都已结婚生子，读书要兼顾家庭，学业，工作等等。如果在合肥读书，又在合肥发展，身边聚集一帮合肥本地化的人脉。也是不错的哦。  来看看合肥工业大学的MBA特色吧！   1.培养目标：  培养素质优良，具有国际视野和创新意识，掌握现代管理知识和技能的高层次管理人才。   2.课程设置：  思想方法类：管理经济学、企业会计学、数据模型与决策、组织行为学、经济政策分析、经济法。 管理实务类：战略管理、营销管理、运营管理、人力资源管理、信息资源管理、公司理财。 管理智慧类：领导科学与艺术、管理沟通。 选修类：管理咨询方法与工具、资本运营理论与实务、物流与供应链管理、项目管理等。 综合训练类：企业管理咨询、创新与创业管理、企业信息化、电子商务。   3.研究方向：  企业管理咨询、创新与创业管理、企业信息化、电子商务。   4.培养环节：  培养环节包括知识讲授、案例研讨、学术报告、主题沙龙、企业调研、学位论文等。祝你早日考上理想的MBA院校！ 
如何看待合肥工业大学副校长朱大勇实名举报正校长梁樑？,ps，突然想到两则大勇哥轶事，分享一下。 1.以前教我们的某老师说过，有一次深夜在宣区行政楼临时加班到凌晨两点，路过大勇哥的办公室，发现居然还亮着灯。一看，大勇哥还在看书。原来是平时工作太忙，只能趁晚上搞学术。也许这不是常态，只是特例，但是这种治学态度确实让人敬佩。 2.大勇哥在宣区的时候，会亲自给土木的本科生上课，而且讲的特别好。我遇见过的每个土木的学生，都对大勇哥非常尊敬。 遇到这种校长，确实是工大之幸。  ——————————————————————————  看到大量小号匿名回答，我也匿名吧。 我先说说大勇哥。朱大勇人真的很好，也来我们的课堂上蹭过课，一点架子没有，新来的老师还以为他是教务办的走错门了。领导接待日上同学反映给朱校长的问题，大部分第二天就能解决，有的甚至上午反映下午解决。大勇哥在工大包括合肥校区和宣城校区这么多年的名声可不是白来的，确实是一位不可多得的好校长。  但是我想说，梁梁在任期间虽然很短，但是确实做了不少事情，论能力，真的很强。解决了不少很多年没人解决的事情，动了许多很多年没人敢动的蛋糕。  拆分专业，宣区缩招，这都动了多少人的蛋糕！要知道，宣区有些专业留在宣城，根本没法做实验啊，这还怎么学！还有改进排课，这都是小事，但是改革起来一点都不容易。这不算政绩，但确确实实影响无数学生的学习生活。能看出来，梁梁校长确实是想把一所大学办好的。  还有一事，梁梁准备把宣区所有保安全部撤换，工资+1000，招退伍军人。原因是现在的保安年龄都比较大，而且在宣城熟人多，经常会碍于面子，放熟人进学校。这得牵涉到多少人，敢做，就已经很了不起。  很多人可能都不知道，有些老师和教授，因为在合肥没能把握住机遇，现在都把人生的最后一搏放在宣区了，准备在宣区熬到宣区五大系独立建院，能得到一官半职。我说这个并不是喷这些老师，甚至，这些老师中也有很多非常优秀的，我非常非常敬佩的人，确实是因为机遇问题，没能在合肥校区实现自己的人生理想。我只是想说，宣城校区的蛋糕是很大的，每一点改革，都会牵动很多人的利益，每一个主动要去动、敢去动这块蛋糕，而不为自己谋私利的人，我都会认为，至少他的动机是高尚的。  老师们想在宣区获得更大的发现空间，获取更多的学术教学资源甚至权力资源，这本身都没有错，人嘛，终究是要向上走的。但是，为了实现这些老师们的人生理想，是否会以牺牲一部分学生的权益为代价呢？比如，为了在宣区以后有机会独立建院，把在宣区无法做实验的专业也强留下来；比如，为了提高独立建院的可能，搞出了智能电网和物联网这种坑学生的专业。我不会认为，这是这些老师们怀揣着恶意做出的决定，但是人一旦与所做的决定有了利益关系，便会不自觉的倾向于有利于自己的方向。这是人之常情，我理解，但是这时候需要一个清醒的人，去动这块蛋糕，去改变这一切。  再说排课，工大的教务办可能是整个学校最垃圾最没效率最没有服务精神的部门，但是梁梁校长上任之后，教务的靠谱性直线上升。提升教务水平，是个没法算进政绩的事情，请问之前有人做过吗？  大勇哥真是个非常好的校长，梁梁也是个很有魄力的人。 希望大家在评价的时候，不要带上感情色彩，尤其是不要因为断电这种欲加之罪何患无辞的原因（断电政策确实傻逼，但是因为断电就要把校长撸掉的话，很多985就要没校长了），实际上，我们根本没法通过一件事两件事的道听途说，就给人扣上一个“人品不好”的大帽子。我们用四年的时间，可能都无法断定身边一位同学的人品，怎么就能因为几句道听途说，断定一个可能连面都没见过的人的人品呢？ 我认为是，只要梁梁没有为自己谋私利，我都支持他，哪怕他沽了名钓了誉。要知道，有时候沽名钓誉还真不一定是为了自己……在合工大这种积弊难返的学校，是时候来一任能力极强的铁血校长、明星校长，破除阻力，改革一波了。改革是有阵痛的，为了我的母校，我愿意忍。  我觉得朱校长这次可能是冲动了——因为在学校未来发展上的意见不和，加上梁梁校长改革方式方法上的一些问题（比如，为了推进改革，强行把宣区管委会主任从朱校长换成吴玉程，可能事前事后又没有好好沟通和安抚），导致了大勇哥的一次冲动的行为。因为如果从一个理性的角度思考，你杀不死人，就不要亮出刀子。朱校长这次放出举报信，内容的严重程度是远远不足以把梁校长从位子上拉下来的。之所以还要举报，可能，真的有冲动的成分在里面。不管怎样，没有像官场里写匿名信背后搞小动作，朱校长真的配的上名字里的大勇二字。  另外，朱大勇校长特地等到招生结束才发举报信，也是用心良苦啊。朱校长，不管这是真的也好，是误会也好，你在工大学子心中，永远是一座山！  以上是随随便便的胡乱分析，只希望这一切都是误会，愿HFUT越来越好！  将相和，天下兴。  宣区一名学子留。    为了证明我是宣区学生，下面分享一下工大最新校训：  墙体脱落， 请勿靠近， 注意安全！    
类似于河海，合工大，西电这些985平台高校和东南，武大等985高校，以及清北复交c9主要差距在？,回答之前先说点题外话，不知道问主划分这些二流三流高校的依据在哪里。恐怕是仅仅根据自己的主观判断或者按照排名吧，你认为的三流是211，不是985，二流是985的排名尚可的学校，北大清华基本是国内的学霸了。  我在你所说介于二流和三流的学校读过书，也在你说的二流大学读过书且工作，一流的没有呆过，但是也有一些朋友和学生在清北。个人的感觉如下：  首先当然是生源，清北的生源远远好于其他的985和普通重点高校，基本是汇聚了全国最优秀的学生。这些学生无论放到哪里，基本都是佼佼者。他们的分数比你说的二流高出不少，比三流更高出不少。  其次，平台不一样。清华北大的平台几乎不用说，全国最好，主席总理都经常去讲个话；国外总统来访问，也都是访问北大清华，这里代表的是中国学术最高水平。国外的好学校要合作，他们最愿意和清华北大合作，因为他们是中国一流，绝对不给自己丢脸，所以清华和北大有很多档次很高的合作学校，也有很多机会能够出去，差学校不去。  除了这个之外，研究的平台也不一样，国家重点投入北大清华，他们的研究项目比其他学校都要多。其他985高校在平台上要差一点，普通211就更差些。举个例子，在北大清华，即便是新成立的学科，发展也会非常快，因为外界的认知就觉得北大清华会做好，国家也愿意给资源。在每年的国家社会科学基金和自然科学基金的资助上，北大清华的资助通常多于其他985，普通985多于211学校。许多985高校也能更好更快地拿到资源，尤其是在富裕省份的，985高校会成为地方重点支持和发展的对象。比如，某省需要某一方面的专家，他们首先想到的是985学校，然后才是其他学校。  再次，因为平台不一样，师资的水平也有差距（其实生源也是因为平台不一样）。你去看看清华北大的长江学者、院士的人数，远远超过其他大学，而且是大比分碾压。普通的985高校能够有5、6个院士已经不错，长江学者人数也少一些。再普通点的211，能有1、2个院士就不错了，被当成宝贝。除了院士和长江学者之外，教师的准入也不一样，北大清华高于其他985，其他985高于211高校。  最后，因为以上的差距，一流二流三流的品牌附加值很不一样，你如果是中国人，进了北大清华，无论申请出国还是找工作，你得到的机会会比别人多。985高校次之，普通211就更次。比如在福建，大家一听说厦门大学毕业的，就业单位肯定首先考虑。在广东，中山大学是就业单位优先考虑的。  谢邀！
想读工业设计，合肥工业大学，南京农业大学，怎么选？,好巧…题主志愿填了？
合肥工业大学台湾交换生需要什么条件？,成绩好 稍微有点钱
安徽文科3900上合工大怎么样？,文科生我3800也上了合工大
合工大宣城校区学生的日常穿衣搭配和饮食搭配是怎样的？,我主要说说饮食吧。早餐，一般一盒奶+一个馒头或者两片面包或者红薯或者包子+一个水煮蛋+苹果或者香蕉，有时是冲泡的奶粉+燕麦+香蕉或者牛奶，也就是淀粉主食+蛋白质+水果的搭配。午餐一般都是米饭加一荤一素，荤主要是鸡肉或牛肉，晚餐米饭加俩素菜。有些时候午餐也只吃素或者半荤加一素，有时是三样素菜，有运动的日子吃肉比较多。
合肥工业大学电气硕士能不能通过校招进山东电网市局？,已经具备校招条件，注意关注山东省公司校招情况，能签哪就看行情呗
合工大本科收到奇瑞研发院offer请问值得去吗？,我昨天签了，研发总院，空调部门。题主签了吗
合肥工业大学怎么样？以后就业好吗？, 合工大09级工业工程专业学生，说说我们班的情况，我们班45人，除去保研的考研的考公务员的家里安排工作的未顺利毕业的（一人），只有一两人未找到工作（因为时间毕业一段时间也记不清了）  从就业质量上讲，参差不齐，我们是工科专业，多进制造业，优秀的同学进入像CAPSA，上海大众这样的好企业，差一点的同学进入不知名的小企业也有  学校整体就业工科强于文科（PS：文科专业也有）各专业就业情况也不尽相同，比如车辆的就业质量就会好于我们专业  综上，我校就业怎么样，如果顺利毕业，你不会找不到工作，如果在校优秀，你有很大机会进入好企业，清北也有学渣，工大亦有天才，整体上说，工大跟名校没有相提并论的资本，但我总是偏爱母校的，我希望他越来越好，不以就业论学校，我希望以后说起我的母校，会提起工大的F1车队，会提起大艺团的演出，会提起工大dota校队曾战09和ehome，会提起丰富多彩的社团活动，总之我希望工大更多的人文情怀能吸引各位，就像说起武大樱花，厦大的美景。。。扯远了。。。  关于母校，有问必答！ 
合肥工业大学的男生宿舍有空调吗？,   为什么专指男生宿舍啊︽⊙_⊙︽表示真心不理解。     好吧，回正题，合工大的男女宿舍都是有空调的，虽说空调的电费要自己充，但是充20块钱还是能用很长时间滴。      晚自习教室，图书馆也都有空调（到教室开空调一般都是同学用手机自己开的），表示图书馆的话貌似一楼西最凉快(๑&gt; &lt;๑）
在合工大读书是怎样的体验?,看楼上的回答就知道了，合工大真是穷，妹子又少。我是车辆工程专业的，现在已经毕业三年了。记得08年的时候，有一天晚上跟室友一起骑车去安徽大学当时就感觉妹子好多呀，建筑好新好漂亮，还跟室友说早知道就来安大了。晚上回来，穿过4年没经过几次的南大门经过教学楼，看到教室里黑压压的一片，心里突然间有了自信，这就是合工大，很破但是有一群刻苦努力的学子，我选择合工大，直到今天我依然不后悔当日的选择。
如何评价合肥工业大学突击检查卫生翻柜子的行为？这种行为是否违法？,我们来看看这件事怎么发展的， 先从最简单的用词上看，原截图上的 请同学们开一下柜子和柜子里也要检查 发展成为各式各样的大学卫生检查要翻柜子 截图上写明的为了清查违规电器和危险用品 被吃瓜群众忽略并脑补出 天了噜我的隐私啊！我们可是女生啊！ 哦学校为了安全不让用违规电器，大家没少用是事实吧 捂着心口讲实话，只要用心藏，没有藏不住，那又是什么激起了211高校大学生的群愤咧？ 就是，就是 这几张截图上领导们太过__语言害了他们自己........ 不配合的记名字 该配合的要配合 最__的一句来了 严禁发微博，qq，空间，违者按规处理 偷问老师你考虑过微信朋友圈的感受吗   被刷屏刷的有点惨啊，简直无法描述 学生说，你不让我发？我就发！我硬是要发，抱着对处分好奇和感兴趣的心态，发完转，转完发，怎样怎样？  这时候！学生方的论据猛然增多，从隐私，到公共设施，到新LD，到保洁阿姨，到搬校区，到学校质量...到另一所高校有领导人访问等等等等多的闪瞎眼 甚至闹上了合肥某公众号  事实证明一到网上，大家都撕啥技能max 接下来，学生干的__的事来了 这个公众号发的是 合肥某高校 怎样怎样  高潮来了 一众工大学生在底下用尽各种聪明才智暗示或明示大家，嘿buddy，看见没，这是工大呀，对对对，合肥那个！唉对了 ，，，，，， 我，，， 家丑别外扬，，，，，你们难道不是这么想的么……还是想引起合肥其他高校全面围观工大 或者 评论底下结识几个杰出校友？  总之，第一，法不责众，再用舆论镀个金，免死金牌呀这不是，学校吓得愣是没敢查柜子，当然我不知道等谁用违规电器出事故了，你们再怎么刷舆论，哦那时候大家一定有更新颖的攻击点  第二，学校也长点心吧，那啥朝早亡了，说话发通知做决定都用点脑子吧  你看我只敢匿名说这些，连个不好的词我都只敢用__代替，查水表太可怕，  还有，正常人想认认真真的借助网络力量处理个事，总有一群人群愤激昂，随时抄起砖头就骂，说话不过一点脑子，跟风狂咬，好好的道理能让她们讲的像骂街 如果少几个这种类型的网民，网络的作用恐怕会发挥的更好一点吧  最后一句，提醒学校提醒所有人，舆论是洪水啊，你堵是堵不住的，如果当初发通知好好说话，能有这么些幺蛾子吗  没想到我写了这么长，千万不要查我水表……
合肥工业大学公选课有哪些好课？又有哪些坑？,室友写的，征得同意后转过来了。 （此类问题以后建议去学校论坛上问）   又到了选课的季节，又有新人们问我公选课怎么选。首先，我要说，你选的课不一定能选的上，所以第一条原则就是，有课就行。其次，就我上过的公选，最精彩的莫过于马克思学院叶反修教授的《古典名著中的法文化》，不仅细致严谨，而且考据丰富。然后就是同位马院的崔锦明教授的《道家思想》，可惜就我记忆，前半程很好，后半程老师态度有所下滑，但仍不失精彩。最差劲的是外院某老师的《毕业论文摘要》，内容乏味，要求变态。最后，想吐槽下学校的公选课教学。向来不认为公选课学风懒散是学生的问题。从我12门公选来看，认真教学的老师不到一半。学校公选老师太不认真，随便讲讲，最后都给过，反正不会有人生气。恶风成习，短期难改，悲哀。 
等一个合肥工业大学电气研究生答疑解惑？,你是电气的？
重大还是合工大的2016城市规划考研选择问题，非常非常纠结，希望有人能帮忙解答?,想知道你后来选择了什么   
合肥工业大学考研到底有多难？（最好是985学校）?,虽然不知道你是学什么专业的，但是如果想要读研，就 保研 吧（除非有想到清北读研的想法，【因为据我了解，咱们学校直接保研到清北的可能性太小了】）。  如果要考研，要解决： 1）要预留出充足的时间复习（有可能学校的安排和考研时间冲突，要做好取舍） 2）外校给考研的名额在缩减，竞争压力越来越大 3）最关键的是： 自己可以每天踏踏实实的坚持下来吗？ （这个有些难） 4）考不上怎么办？二战or找工作 （对于咱们学校的招聘情况来看，一般是这样 （可能各个专业有所不同） ：好工作一般去科大找，而且秋招比春招来的公司要多、要好.。。当然家里如果可以给找到工作，并且自己也很满意，那就不用担心这个问题了）  祝一切顺利。
合工大与宣城校区文凭有何区别，宣城校区的含金量又如何？（帮小弟问的）？,文凭一样的
合肥工业大学合锻院就业如何？,第一届专业硕士最早16年底(2年半)毕业
湖南的计算机本科考生，想考研，想问问南京理工大学，合肥工业大学，安徽大学，哪个学校计算机研究生比较好？,不明白为何工大学子四处黑我安大？我安大计算机平台保研可以上清华，本科生工作可以进bat研究生也能进微软来安大哪里不对？
合肥工业大学会计还是复读考电子科技大学?,学弟（/学妹）你好，     我本科也是就读于合肥工业大学，我也自认为是高考极度失误。我读的是在经济学院（刚去的时候还叫人文与经济学院）。合肥工业大学的经济学院真的非常非常差，不论学术还是工作。     然而你所提到的是会计学，会计学属于管理学院，这是合肥工业大学全国排名最高的学院（如果杨善林院长没有退休，那他依然是合工大唯一的院士）。不论就业还是学术，你在这里都可以遇到良师益友，前途不会差。     我们那一届一个经济学院的同学大一时非常努力，后来转去了机汽学院，再后来去了清华。我属于一直中规中矩，后来考研以全国前五名的成绩来了上海财经大学，读最好的专业，现在依然在学院里排名靠前，有一个尽心负责的导师，授课的老师都是发了许多top paper的大牛。     上面只是一个情形概述，供你参考。我想说的是，不论哪种选择，未来都还是靠自己之后的努力。只要你坚持不懈，两种路都有美好的前途。想要一劳永逸，以为这样一次的选择就决定一生了，恕我直言，那不是活人应有的心态和想法。     我建议你认真分析自己没有考好的原因，对症下药。我高考那年心态很差，整个高三都在失眠中度过，所以我分析自己如果复读，心态可能更差。如果只是因为一次偶然失误，那么复读未尝不可。     最后想说，不论选择哪条路，请头也不回地走下去。     祝好。
今年安徽高考生585想考南京邮电或合肥工业大学，不知道如何抉择，请指教？,对南邮我不是很了解，如果你南邮有专业你比较喜欢或者很强势你可以考虑，但是综合一下还是建议你选合工大，毕竟省内，会有优势，有同学在合工大，挺好的。
想考合肥工大管理科学与工程的研究生，请问合工大这个专业考的是哪些书本内容？？？求指教?,专业课 运筹学 管理信息系统 可以私信我 ——来自 二战君 
合工大宣城校区二号教学楼的设计主题思想是什么？,贪吃蛇  顺手上个图。。。   
合工大应该怎样做来提高大学排名？,1. 解散校团委，学工部。好好的工科院校人文搞得火热，现在翡翠湖东风广场晚上比中环城都热闹 2. 导员最好撤销，忽悠姿势太低容易看破，害人不浅 3. 提升教师教学水平。认真上课的全是老教授，年轻的全心骗项目钱水学术 4. 做学问的多一点，搞形政的少一点。  我老板说的话我觉得很在理，工大就是工科院校，我们应该培养的是匠心，是知行合一。  我不反对大学活动多生活丰富，但人文的东西就应该让有兴趣的人去做。不在科研学术教学位置上的人太多，全是黑眼珠盯着白银子，就会打官腔的，清洗掉80%会好很多的
合工大车辆研究生如何申请国外留学 ？,考托考g申请美国车辆或机械
怎么看合工大计算机专业“3+3”本硕连读计划。如果自己是个不愿受到太大管制的人。?,哪个学校里混的最差的都留校读研了。
合肥工业大学旧校徽为什么是一艘船？,泻药  合工大旧校徽是一艘船，我自己看来可能是寓意扬帆起航？  后来可能因为很多大学的校徽都是学校最具代表性或者象征意义的东西，所以工大就把校徽改成了主楼的样子吧，我个人觉得确实比旧校徽好多了  插句题外话，据说工大主楼完全是按照莫斯科工业大学的外形建的，连方位都一样2333333
如何看待合肥工业大学需要扫卡才能进校？, 对校内人来说，保证了安全。。 
请问合肥工业大学中外合作毕业证上注明中外合作吗？另外毕业证是发两个吗？,17年6月24日补充： 鉴于最近有想报名合工大的同学咨询我关于专业问题，在这里统一回答一下。 学费问题： 3加1项目中，对于大四和研究生出国的同学来讲，学费为工大的21000*3人民币（国内读三年）加克拉克大学的3万左右美元（合计20多万人民币，具体数额还在商议）；对于只打算在工大读本科的同学来说，学费为21000*4万元（国内读四年）； 专业课程： 现在我即将就读大三，对于我们2015届学生学院安排的专业课有政治经济学、微观经济学、管理学原理、会计学、宏观经济学、公司金融学、中级财务会计、世界经济学、国际贸易理论、统计学，以及高等数学A上下、线性代数、概率论等数学基础课，与其它经济学类专业开设课程均相同，不同点在于本专业课程的三分之一由外教进行，以及学分巨大的英语课也由外教上（8个学分）以后是否会酌情调整课程并不确定； 特色： 外教很多，但是课程质量不予评价； 工科课，学院领导认为本专业学子应将工业与经济结合特开设如机械设计基础、制造技术基础的课程； 英语成绩优秀，由于竞争压力以及出国托福的要求，感觉本专业的学生应对四六级这类考试基本没有问题，每年英语竞赛决赛获奖者也相当多；   其它想了解的信息可以评论区补充    ----------------------以下为原答案 我是15级中外国贸专业的，关于毕业证上注明中外合作的就是注明专业，没什么影响吧，毕竟高考成绩与其他专业都差不多。关于最后一年去克拉克大学，美国规定是在美国本土就读两年才可获得学位证书，所以如果大四回国只能拿到工大毕业证，而继续读研究生可以获得克拉克的研究生。
如何看待合肥工业大学宣城校区限电？,时隔一年，我现在参加了学校的121项目，坐标弗吉尼亚。我想更新这个回答，一方面是因为在美国，没有人会断你的电，这是对比；另一方面是看到有一位答主的回答是在针对我的回答进行反对的，所以在此进行一下答复。    首先是对那位答主的答复。 你说如果不是天天满课，为什么不白天洗衣服非要晚上洗。那么我的回答是：在我回答这个问题的时候，我们的课表就是天天满课，早8点晚6点，完了就是选修和自习。 然后有关通宵自习室：我们学校的宿舍里的确是有通宵自习室的，但不幸的是，我们的通宵自习室卫生不是很好，而且没有空调。冬天的时候冷成冰窖不说，还要担心会不会被人传染上感冒。如果您非要说学习是艰苦的，那我也只能说，明明有条件却非要创造艰苦条件，您大概晚餐吃的有点咸。 还有有关【民主】的言论，其实我一开始是不打算写【民主】的，学校的制度的确不需要经过我们投票来决定。但如果学校在实行了断电的政策之后，又让辅导员发问卷问你是否支持断电，这个行为就有点【当了婊子立牌坊】的意味了。 最后，关于【把自己太当回事】的言论。的确，在这里写回答不会被校领导看到，也不会对这件事有所影响。但是既然有人问了，那么就是寻求回答的。是支持这个政策也好，不支持也罢，写出来了总是有人看的。这样，支持的人也会明白不支持的人在想什么，不支持的人也会了解支持的人的理由。这就是我会回答这个问题的理由，不是抱怨(complain)，是说明(inform).  再就是我到美国后的观感。 首先，美国的高等教育是需要极高程度的自觉的。课程全部都是自选，没有班主任没有导员，没有人管你上不上课考不考试，你消失一学期都没有问题（但是你要自己承担后果），半夜没有人关你的灯，一切都靠你自己自觉。 我在国内的时候gpa是2.3左右，低吧，我也这样觉得。尽管每节课都上，却几乎不听讲。平时作业也不多，随便写写，于是考试全靠突击，低空飞过，考完了也不知道学到了点什么。你看，不论是晚上断电也好，导员查出勤也罢。尽管我是在受这些条条框框的约束，这对我的成绩和学习半点帮助也无。 现在我在美国学校的gpa是3.6，尽管我不能保证每节课都去，有时会熬通宵写代码，我却能够保证学到东西。这当然也和美国的课程设置有关，但这也说明了一点，你说大学学生不能靠自制力？那为什么在一个几乎没有人为约束的学校里，我却能比在一个试图用条条框框绑住学生的学校里学的更好呢？ 希望国内的一些大学能把注意力更集中于课程的设置和教师的培训，而不是增加针对学生的令人匪夷所思的规定。  -------原答案------   首先说一下我的观点：不同意，不赞同，不滋瓷  理由如下  1，此决定不够民主：贵校没有进行集体投票，没有进行调查。请问这就是所谓的大学？所谓的进行高等教育的象牙塔？  2，本来11点就断网了，打游戏也没法打了，再断电意义何在？是为了让学生难受吗？如果说有人给电脑开热点打游戏，那他也有那个执念再多借一台电脑打游戏，或者直接去校外网吧包夜，这样时间成本更高，也更不安全。  3，11点本就太早，特别是大一的同学本身就有晚自习，教学楼和宿舍又离得老远，回到寝室就10点了。洗衣服总不能摸黑洗吧？那就先洗衣服; 洗完衣服10:30，洗完澡11点刚好断电（不要跟我说你们洗澡5分钟搞定，那是短头发的男孩子），更何况还要吹头发，好不容易搞定回寝室两眼一抹黑，然后就被寝室里的椅子暖水壶绊倒了。想想万一暖水壶里有刚接的热水......  4，想睡的早就睡了，不需要断电来强制; 不想睡的用充电宝充手机台灯，两个笔记本叠续航，转接空调的电（有的楼甚至连空调风扇也没电，到了六七月份是要上天啊？），断电也没用。  5，大学本身就应该训练学生的自理能力，如果连早睡早起也需要强制，那毕业了岂不是废人？  6，很多同学熬夜并不是为了打游戏，而是为了考研，刷慕课，做竞赛，赶PS，或者是想申请国外学校的在做跨越几个小时时差的面试。大家努力都不容易，为什么还要再加一层阻力？  7，我知道很多学校也有这样的要求，但是他们断电时间的确都晚于11点。更何况这项本就不合理的规定，为何贵校还要当精华一般的供起来？  8，有人说这样有助于平息寝室内作息时间不一样引起的纠纷，但是我想表明的一点是：首先，只是因为作息时间不同而大打出手的大学生就不多，大家都是成年人，总有比打架更好的解决方式，还有，如果一个人解决问题的方式总是打架，那么就算他在作息时间上没了问题，他在其他方面也可能和室友起纠纷。更何况我之前提到了，断电对于一个想打游戏的人来说不算什么阻力。  9，我个人认为，断电只是在管束极小部分的人，但它造成的负面影响却波及到了所有人（当然这也就包含了那些想好好工作的人）。  综上，断电百害而无一利。
合肥工业大学（准生物技术）怎么转专业？,作为一个hfut的生物狗，我毕业之后干金融行业了 
如何评价合肥工业大学强迫学生参加广播操？, 中国高校管理目前最欠缺的一个地方在于：  “ 入学教育的时候没有强调毕业的细则 ”  这些细则包括但不限于：获得学位证的充分条件，获得毕业证的充分条件，休学流程，辅导员班主任功能，学术伦理等。  做好这些工作，就不会再出现堂堂18岁的成年人，居然会被别人强迫做事。 
在合肥工业大学广播台是怎样一种体验？,感谢对我台的支持。。。 广播台成员大一可以不用上早操。。。 室友看着就眼红。。。 广播台的纪律挺严格的。。。特别是要求工作守时。。。。 不是主播。。。只是搬砖的。。对主播的工作不是很了解。。。 认识了很多厉害的人。。。和一群损友(手动斜眼 多年后。。。我可能会后悔来这个学校。。但我不后悔加入广播台。。。
本人大二学生，电子信息工程专业，想要考研，不知道是选择南邮的通信好还是合工大的通信专业好呢？,东南
你是如何考上合肥工业大学的？,为了找个男朋友…考研两年…来了合工大…这就是动力
请问安徽大学和合肥工业大学的研究生视觉传达专业哪个好一些？,我也正在纠结 
合肥工业大学艺术设计研究生招生简章？,  http://  yjszs.hfut.edu.cn/uploa  d/xxnr/1440733012905.pdf      这是2016年合工大的考研招生简章
合工大的通信工程，软件工程，计算机科学与技术就业前景怎么样啊?,计算机专业的就业前景是自己实力换来的，当然一个大学有可能影响你的实力，合工大计算机专业授课水平一般，但课少自学方便（仅限计算机专业，卓越工程师项目所以课少），而计算机主要是自学，所以……报计算机专业不错。
合工大和北交大哪个学校好？,北京吧，发展机会多，北交大排名也不低
河北的普一车辆工程考燕山还是合肥工业大学好一点？,合工大吧，如果能考上的话
合肥工业大学MEM是边工边读的吗？,没去过，不好意思 
化学工程与工艺专业就业环境怎么样？被合肥工业大学该专业录取，到底要不要转专业,化学工程与工艺这个专业就业面很广， 我本科同学毕业之后，有做销售的，又做技术的，有做管理的。研究生同学大都去研究院或者设计院。 关于转专业，我觉得你现在刚毕业，对专业不了解，也不知道对自己感兴趣的是什么，我的建议是，现在不要马上转专业，可以在大一期间尽量多听课，本专业的和自己感兴趣的。然后在大一年末再决定转专业。一般来说学校都有这种情况，升大二的时候可以换专业，但前提是你第一年的各门功课成绩都可以。
合肥工业大学到底怎么样，毕业以后硬不硬，不敢信百度里的?,工大数学专业  10000一个月可以么  而且是学渣  也没有背景
求有中国矿业大学或者合肥工业大学自主招生经历的前辈为小弟讲讲考过的经验？,山东15级大二狗，曾经自招合工大和矿大，后来合工大没过，过了矿大，可以私信我
合工大机械硕士毕业两年，考研分数403，现在二本任教想继续深造，在合工大和中科大两所纠结求大神指点。？,学长，对合工大研究生很感兴趣
在合工大当单身狗是什么体验？,你不是一个人在战斗。
我是合工大的，大三现在平均分72，想去加拿大留学，请问有可能去好的学校吗？我有做过校级项目？,你要知道，现在出国留学，在资金充足的情况下 是个门槛极低的事。
弟弟被合工大录取，没选中喜欢的专业，而是水利水电工程，这个专业怎么样？,水利专业没有百度说的那么差，尤其是安徽省，211开水利的也就合工大了。而且安徽也是水利大省，没有上面说的那么不堪，这个专业毕业找工作还是挺不错的。如果能上合工大的研究生还能在本校设计院工作。挺好的
合肥工业大学是否在年年走下坡路？,是的没错，好多学长在我入学前都跟我吐槽合工大多么多么脑残智障傻逼。 是吧，周周跨校区上金工，压榨你的午睡时间，来啊，我们一起去合工大做早操啊～
合肥工业大学交通运输专业如何？,本人工大交通运输，大四！可能我回答的比较迟，但还是希望对以后想来工大交通运输的童鞋有点帮助。 首先，原交通运输工程学院只有两个专业分别是交通运输和交通工程，运输偏向车辆，工程偏向土木，这里说的只是偏向，就业时可以和偏向的专业去同样公司，所以运输可以去车企，工程可以去建筑公司，但是实际有差距。现在车辆工程和能动并到我们学院，改名为汽车与交通工程学院，所以交通运输以后的分数可能会水涨船高，学院的新老师也越来越多，以后的发展前景肯定会越来越好！ 其次，传统的交通强校有同济，东南，中南等，工大肯定比不上，甚至差的远，如果以后想走学术道路，要考研，最好考同济，东南这类名校，工大所有的工科专业找工作都很不错，除了特别偏的，本届交通运输保研只有一个报的本校，其余都去了外校，中山，浙大，北交，北航等！为啥不去同济东南，因为不要我们。。。 工大交通运输学的也比较杂，宏观的东西比较多，规划这学，汽车也学，管理也学，总结起来就是没有核心技术，当然这也是交通这个学科的特点，想在交通方面有成果，主要说的是学术成果，那你必须有过硬的数学能力和计算机能力！ 你如果是安徽的学生，分数也不是很好，尽管过来吧，因为还可以转专业！ 
合肥工业大学可以保研到什么大学？？,学院一学姐，清华大学硕博连读。
如何看待合肥工业大学逼迫学生注册第二课堂？,首先，我们学院没有【强制】必须进行第二课堂的注册。我们学院只是【建议务必】注册第二课堂。 另外，这个事情上中央是资瓷的。所以你懂哒  
如何看待合肥工业大学检查学生寝室柜子的行为？,在空间看
夏天合肥工业大学里，重阳木上垂下来的虫子是什么？,重阳木斑蛾的幼虫？ 
合工大机械学生读南京理工武器专业研究生怎么样？急求,先找个好导师吧，武晓松，陈军什么的都挺好，这个专业主要是做火炮，固发，枪械什么的。
合工大电子，电信，测控哪个好一些？,才疏浅薄，不好评论。对于宣城校区来说，电子是“微电子”，电信是“电子信息科学与技术”，测控是“测控技术与仪器”。我们电子实验室的大神中有一个是电信的（我们叫电信科），他是宣区第一届生源。他现在保研北交大研究生，今年去IBM实习。他说，电信这个专业，其实是理科专业，而不是工科，最后发理学学士证。学的课程软硬结合，搞硬的搞不过微电子，搞软的搞不过计算机，但是毕竟两样都沾，所以可以很好的融会贯通。不好好学，就是废柴，啥也干不了，好好学，就是人才。该专业课程大一简单轻松，全身水课，但到大二课程量剧增，好多人是一开始吃不消的。所以大一不能荒废，趁时间多，自学单片机，编程，以及电路原理，必须超前学习。
有合工大机械系的学生吗？,有，多
如何评价合肥工业大学（HFUT）？,再更。学一，啊呸玉兔发现一家伪热干面好好吃！就在左手边靠近饺子的那家，带回寝室后还不用我说，香味已经征服了另外一个室友。啊人生之光啊。   新学期开学，爱吃的几个窗口都没了……感觉大学生活一下子灰暗了起来……   泻药。 工大大三上的学生。四年都在会新区，所以评价合工大翡翠湖校区的生活。  一是寝室住宿条件不错，四人寝，有独卫，讲真有独卫这个已经赶超一批211了，有阳台，上床下桌分配合理。功率什么的可能我们宿舍楼比较好吧，反正当年两个大电吹风一起开没事，目测是两千多瓦完全可以，这个也赶超一批学校了。  二是饮食条件真的不错。所谓“吃在工大”，有没有夸张我不做评价，也没有数据支撑，但是大学城小吃街是在合肥小吃推荐榜单上面的。食堂味道一级棒，我们寝室有着一种“即使晚上三点睡但是也要六点半爬起来吃早饭”的执着精神。  才换的手机，以前拍的早餐都没了，这个是学一，啊不，玉兔一家面条，完完全全的西红柿汤，没有白开水添加。顺便做个广告，他家的其他面条，完完全全的肉汤，完完全全的辣牛肉汤，深夜写这个我真是找虐。啊我喜欢吃葱（这也是大学食堂让我体会到葱也可以这么好吃），所以跟阿姨说多放点葱，然后阿姨就像不要命似的放了这么多。    真的，说到吃的，五食堂一堆特色，三四很少去。一食堂拉面真的是现场拉！鸡蛋饼里面的酱强推！黑米粥够意思！砂锅面着实一大享受！还有那个巴西烤肉饭和旁边一大块一大块肉的手扒饭！学一的凉面饺子宽面！二食堂掉渣饼和小米姑娘！ 有多好吃呢，我就这么说吧，好吃到吃完小米姑娘我还得强撑着去吃掉渣饼！啊刷了一层辣椒酱的掉渣饼简直人间美味，现代的帝王享受！我摔我为毛能吃这么多！我尼玛是个软妹子啊！我说我没上大学前在家一天都吃不了一碗白米饭都没人信了啊现在！  啊！  小北的土豆手抓饼烤冷面肉夹馍牛奶燕麦粥！哪次出去我不是纠结半天选三样还是选四样吃！大北的肠粉明火粥家族产业神马真给力土豆烤猪蹄烤鸡爪花甲川锦汇轩寿司！   同学过来看我回去念念不忘是大北门啊！   我尼玛一个月生活费三分之二都花在吃上面了啊！   亲爱的们！工大的学生想瘦是多么的不容易啊！   咳咳，话题扯远了。三是教育条件。有兴趣学小语种的同学们都知道，工大门口有个樱花雨，一两千就可以学个小语种，我别的地区的同学还慕名前来过，每个星期坐车过来学。这个学校人大那有个校区，收费很高，几万块吧，所以工大校区经济实用，周边别的学校同学都得排队坐校车过来上课，放学跑着去外面怕赶不上校车。而我悠哉悠哉地等人走完才慢慢出门，因为出了门就是工大的小北门，很便利。   四是快递条件，UU，联通公司，三号车棚，教育超市，超级便利。以前不觉得，自从我去同学学校发现他们取个快递还得出校门之后然后乱成一堆挤着取快递之后，我就开始膜拜我们学校了。   五是工科宅很多，这个有利有弊，弊端就是整个学校情趣氛围很差，就比如食堂简单直白，第一食堂第二食堂，住宿楼就是一号二号。隔壁安大名字简直，好听到我都记不住。但是好处也很多，大家思维总是自发地找最直接的路线，不绕弯子，多数比较单纯好吧有的时候也是单蠢。说到这个我一直觉得HFUTER这个学生自己弄的app简直牛掰到爆！大大的鼓掌！！！   暂时就这么多，都快两点了我尼玛还在写，早上还得起来吃饭呢啊啊啊，对说到这个寝室不断电断网简直造福社会！每次十点半好朋友说他们断电断网所以拜拜我都是一脸懵逼！   我是那种干一行爱一行的人，虽然这个形容不大恰当，但是真的，工大不是那么完美到毫无缺陷，他有很多毛病，领导层思想一点都不开放什么啊，可是我既然来到这个学校，就不能用嫌弃的心态度过这四年。   工大没有科大厉害，工大没有安大浪漫，工大没有周围院校美女多，但是我生活在工大，马德好矫情，我觉得在工大的生活很棒！   哦好吧说下学习，嗯因为我不是学习好的也不是差到不能忍的，作为一只背负着考研压力的但是还是天天吊儿郎当想得最多的还是早上吃什么中午吃什么晚上吃什么这种问题的死渣大三狗所以没什么好说的就这样吧再见。   Trust me！你们会想念工大的吃的！我现在在工大！说到这个就已经很想吃了！   还有什么想到再补充。 可能会补充些工大翡翠湖校区食堂美食图吧。 点个赞你未来可能会收获合工大美食图鉴呢！ 比心！   
想学通信工程，重庆邮电大学和合肥工业大学宣城校区哪个好？,工大本部学生，前几天参加夏令营，遇到一个重邮的，他们保送研究生比例才3百分，合工大宣区应该是和本部比例一样的，11百分。我所参加的学校每个老师只有一个非211名额，211牌子也挺重要的。  从这届夏令营申请情况来看，宣区大佬真多……，貌似比本部还好一点。
我是大学在校生，户口迁到合肥工业大学翡翠湖校区，现在过期了，可以到哪个派出所办理？, 问导员 
合肥工业大学钱德玲教授怎么样 带研究生好吗？,比较喜欢吹牛，学术能力还行
合肥工业大学在我国的哪些省份认可度较高？,理工科方面，在安徽省是仅次于中科大的，但放眼全国也就中上游一般水平，是211但不是985。认可度方面主要看专业，汽车制造方面的专业在全国都是高度认可的，其他专业一般，省内好办出省一般。招生是全国范围都招的，大部分生源来自安徽的周边省份，像我们专业的话，安徽本省必然最多，其余各省基本上是每班两个名额，近几年在新疆招生也是越来越多。
合肥工业大学在武汉好不好找工作？,答主这里武汉人，然后现在合肥工业大学合肥校区就读，大一车辆专业，去年填志愿之前了解到在武汉车企就业情况还可以。宣区毕业后的就业情况应该也差不多。 至于湖大武科，在武汉的就业率不错，但是考虑到在武汉与其他高校(武汉七校)的就业竞争力，个人觉得如果选择理工科专业合工大宣区会比较好，文史类可以选择湖大。 还有题主提到的专业问题，武科强在冶金，机械，材料等专业，合工大的话车辆电气机械比较好。 现在题主应该要录取了吧。如果你报的合工大宣区专业不是很好，建议校内转专业，大概前30％就能申请，就业方面的话本部公布的就业率高，宣区也不错。那如果上的是武科的好专业，那在武汉就业基本也没有什么问题。
中国矿大和合肥工业大学哪个好？,不要被矿大这个名字迷惑了，矿大原本是焦作路矿学堂，与唐山路矿学堂齐名，这两家发展到现在，一个是矿大，一个是西南交通大学。矿大工科很好，国内认可度比工大高，不单单是矿业，从矿业衍生出来的专业比如工程力学，土木，电气，机械都是很好的，每年保研去清华北大的都不少，个人感觉是个性价比相对合工大高的学校。我当时就特别后悔没报矿大，我这分去矿大专业随便挑啊，新生奖学金都可能拿的(ಥ_ಥ)
合肥工业大学转专业容易吗?,已转。大三上绩点成绩11/230。 ================ 我是靠特长转的，今天宣布失败。转专业政策文件已由党政联席会通过，却不按制度办事，说一套，做又是另一套，还有什么公信力，还怎么叫师生遵守制度。大二仅2人，大一1人，仅3个申请，都不让转，条件都符合，该走的程序都走了，大奖也获过，大一时同届计算机学生都没为学校争得什么荣誉，我们为校区夺了公认的一等奖，面试考核也通过，系主任也同意，还要怎么特长呢？却以不特长的借口不准转。转专业类政策文件上说什么鼓励学生个性发展，这完全是限制学生发展。党政联席会通过的政策制度，却不按政策制度执行，难道要让政策制度成为骗人的幌子吗？难道这就部属211名校的行事规则吗？这还有什么公信力与口碑?还有那个兴趣优秀生敢报考呢？还怎么吸引优秀学生？ ================= 以上是昨日写的，有点偏激，现已调整好了，更新自：  人生挫折点之转系失败   
如何评价合肥工业大学翡翠湖校区大量搞无意义的活动？,作为曾经的院团学组织负责人，我大一的时候也为这个问题苦恼过很久。有些活动明明没有意义，却非得逼着人去参加去举办。后来大二了，接手了团学组织的工作，开始站在另一个角度思考问题了。 我们不可否认，目前工大很多学院包括很多校级组织的确存在以活动数量多少作为一种工作量，完全为了办活动而办活动的现象，没有任何意义。但是有些活动明明很有意义为什么参加的人还那么少？归根结底还是很多人宁愿窝在寝室看剧打游戏或者去自习也不想去参加一个的的确确对自己有好处的活动。这无疑是对活动举办者辛苦劳动成果的浪费和贱踏。 学生工作其实很难做，尤其是团学的主要负责人，因为一方面要和导员老师们接触，让他们满意，一方面还要带部长带干事办出精彩的活动。真的很难。 后来和同事们决定改革，把以前的的确确没有意义的，或者有重复性的活动砍掉，继续承办影响力大的，有意义有特色的活动，同时探索新的活动。还是起到了一定的成效。 有句话在学生组织中很流行。 二流的学生组织办活动，一流的学生组织引领思潮。可能负责人还是得有点想法和魄力才能带好组织的。 可能有点文不对题。躺在床上写的。不知道有没有人能看见。一点小想法。 以上。 补充一点，的确有一部分人是为了自己的利益在办活动，但我所接触的很多学生干部是真的想做一点有意义的事情，真真正正在干事。很值得佩服的一群人。
学建筑学，应该选择合肥工业大学、西南交通大学、西安建筑科技大学哪一个？,综合西南交大。（如果有决心且有自信则报西建大） 1.西建的土建相关专业牛逼，如果没有报上土建类专业的自信就别报，容易调剂去非强势专业，风险太大。 合工，西南交大都是211，西建非211。西建大的非土建相关专业找工作的时候容易被门槛卡住。 2.合肥地理位置不太好，成都西安优质大学多找工作的时候机会也多。 3.湖南人吃辣的吧，去那么去四川会比较习惯咯  ps：作为从合工大毕业，并且马上要去深圳大学马路对面上班的人，我还是推荐想读建筑的人去深圳大学吧。有钱就是任性，深圳大学当年花大价钱，把合肥工大土建相关的教授挖走了一大半。后来？合工大的建筑就变烂了，深大建筑跻身新八校了。
如何看待合肥工业大学发现学生作弊直接取消学位？,诚信问题。如果实在努力了还是感觉没希望可以找老师求情，大部分老师还是通情达理的。如果平时不努力，考试前又不花时间复习。挂科能找谁。挂科是能力问题，都成年人了还作弊就是触碰道德底线的问题了。明明知道被抓到会取消学位证却还铤而走险，只能说太蠢。 
如何评价合肥工业大学国际教育学院?,我看了最近的学生的offer，还是有不错的学校的
合工大本科工商管理专业，保研还是直接工作？,保研啊！有什么纠结的……本科和研究生 出来择业两种路啊
准备考在职研究生（专业土木类的），合肥工业大学 和安徽大学哪个对就业有帮助些？,专业知识过硬的对找工作有帮助！
合工大的防空洞的开放情况是怎样的？,具体的你可以看这个：   http://  mp.weixin.qq.com/s?  __biz=MzA3OTQ2MzQzMg==&amp;mid=210996972&amp;idx=1&amp;sn=9d4c213380d2c81b1fd15003b2c6d381&amp;scene=4#wechat_redirect      
合工大电力电子与电力传动如何？,从合工大本校来看，这个专业是非常好的。合工大一共一个国家一级重点学科和两个国家二级重点学科。其中一个二级重点学科就是电气学院电气工程这个一级学科下面的电力电子与电力传动。 从全国范围内来看，合工大的电力电子也是有一定知名度的。国内电气工程一级重点学科有五所，清华，浙大，华科，西交，重大。有电力电子与电力传动二级重点学科有两所，合工大和中国矿大。当然，南航的电力电子实力也很强（目前还不是二级国重，但正在培育中），一般都将其排在电力电子top5的位置。 在电力电子业内，一般来说合工大以新能源光伏最为出名。特别地，张兴教授在业内名气还是蛮高的，浙大的一些老师都刮目相看。 所以，总的来说合工大的电力电子算是挺好的吧。 至于考研难度，这个不好定量来说。每年都有不少外校来的（不知道题主是不是外校的，通过你的提问看，应该是外校的吧），每年也都有不少本校的考不上，所以自己衡量吧，初试分数高，专业基础牢，老师没有理由拒绝你。   题主要是觉得自己实力还不错，可以考虑来浙大，毕竟国内电力电子top1，而且学校也更好。
合肥工业大学宣城校区的土木工程和机械工程如何，宣城校区？,宣城这边，机械是第一大系，毕业要么一线工厂，要么研发（建议考研），女生极少。土木毕业要么一线工地，要么设计或考公务员（难度较高），女生较少。至于怎么选，看兴趣。 但这一届有专业调整，具体情况建议问招生办老师。 招生电话：（0551）62902397  62902387  62902327  62905427（传真）（从官网上扒下来的）
合工大车辆专硕有看头吗?,谢邀。手机码字比较乱见谅。 无论如何，如果你是大四，请先做好考研准备，还有二十多天，先考上再说。 另外，不知道你说的车辆是机汽学院还是新开的智能院。去年的初试线分别为354和国家线。 然后回答题主问题。 如果题主是比较差的二本，抑或不好的专业。那么工大车辆还是不错的，至少让你找个工作。 如果题主在比较好的学校，或者好专业，个人不建议考研。 我是工大车辆工程本科学生，目前签了东风标志雪铁龙技术中心。之前本来也打算考研，后来发现车辆就业越来越差，所以果断签了工作。我们无法预测未来做出最好的选择，所以只能把握趋势。 希望答主说清楚个人情况，好让我们帮助判断。当然，最终选择权在自己。
合肥工业大学计算机与信息学院的情感计算研究所、计算机软件与理论研究所这两个研究所哪个综合实力最强？,实力都不强，大多数教师质量一般。  分布所和信号所，应该是比较好的。
在合肥工业大学（合肥校区）计算机与信息学院就读是什么体验？,讲一点1980年代的合工大计算机  家父1985年左右从合工大计算机科学与技术专业毕业。 那时，合工大以机械见长，工科专业的实力都非常强劲。考取这所学校还是颇有难度的，故而在考生中一度有南合北哈的说法。 父亲的专业知识非常强，他认为和合工大扎实的教育是分不开的。数学等基础课曾经有科大的老师来任教，本校老师也很优秀，专业课老师尽职尽责。老师们的水平可以说是无可挑剔。 当时的设备有一部是德国赠送给中国的计算机，使用的是主机加终端的陈旧模式，但在当时，全中国只有为数不多的几台设备可以与之媲美，那台机子足以让大多数大学的计算机系羡慕了。 综合学生培养、设备水平、师资力量来看，当时的合工大可能已经在计算机这个专业上非常强了。  父亲毕业后在大学任教，至今已三十余年。他的同学也有很多在大学任教（北航、北邮、华电、北理工等高校都有）。班主任后来跳槽，在上海交大担任博士生导师。一方面反映当时的工大学生确实很厉害，走上学术道路的不少，另一方面也可以看出工大没能留住人才。  我高考后把合工大放在没有可能轮到的最后一个志愿，且把计算机放在第一志愿，也是带有一点复杂的感情吧。（我的分数比工大高挺多的，掉到倒数第二个志愿（某985）的概率其实就已经比较小了）  我是很尊重合工大的，希望合工大可以重振雄风，甚至辉煌更胜往日。这种责任有一部分需要今日在合工大求学的同学们承担呀。少一些抱怨，多一些努力，多看其他大学优秀的人怎么做，结果必不负你。  涉及个人信息太多，匿了。
暖通考研西建还是合工大？,合工大吧，我是西建的，校区不怎么好，在山沟沟里，与世隔绝
