如何看待华中科技大学的校园网？,作为一名华中科技大学的学生，上大学两年，刚开始其实网速还不错，后来校园网改造后，无论是无线还是有线都开始爆炸，慢就不说了，时常的断网真的令人无法接受，例如两天之内，连续断网，而且是宿舍楼内大范围的断网。一个要建设世界一流大学的全国知名高校，这样的基础设施建设真的让人觉得无话可说。
华中科技大学成为驾校，养鸭场，学校是否应该拿花在学生身上的钱，买无良商家的土地？,还有这事儿！？
为什么华中科技大学计算机专业的就业会那么好？,请勿转载到微博。  大学中，学生团体的发展，与生物学中生态系统的发展有某种相似性（这话是我说的）—— 请让我用热带雨林来类比华科的学生技术团体们。  我曾带着与题主类似的疑惑（与题主相反，我是想知道我所在的软件学院为何那么弱），亲自去过一趟华科与启明学院几个团队交流过一遍，当时在回去的车上写了一点笔记，链接：  http://  lastorder.me/notes-of-j  ourney-to-HUST.html      。  我觉得码农这个东西（注意说的是码农，太高端的不算），其实还是野生的多，并且通常搬砖效果也比较好。  所以问题在于环境能给多少野生空间，支持，鼓励，条件允许，正确引导野生码农的产生，我觉得这是华科做的好的。  冰岩作坊，点，联创，电工基地（电工电子科技创新基地）等等，都在启明学院。  像点团队那种，企业化的管理方式，从大一大二就开始培养，制度严格，毕业出来之后，基本上那就是带着好几年的工作经验啊，那跟别的学校刚毕业的能比？  再说冰岩作坊，这个团队一开始专注于前端，现在前端+移动，华中大在线由他们维护，这个网站最初开发是在199x年，具体年份记不清了，那个时候很多知友或许还不知html为何物。冰岩做的东西，都是直接应用于华科学生日常生活的，简单实用，华科学生从那时起，也一直就知道，有一群人在做着实际的开发让自己切身受益，并且就在身边。  大家熟悉的（学生群体应该比较熟悉）小黄鸡，我要当学霸，恋爱笔记，课程格子，等等，都是从冰岩来的。（具体我再考证一下，可能写的不对，爪机先写上了）还有pptv之类的，他们早期还曾搞过ftp搜索引擎，那时候可能有的知友还不知道搜索引擎是什么。不知高到哪里去了~  电工基地，有很多硬件厂商给他们提供硬件设备，在学校的时候学他的硬件，毕业可能直接就去他的厂搞开发了。（电工基地应该到了百人级别，且人员更换还挺快）  联创，imagine cup，连续七届中国区第一，进去世界决赛几次忘了，我记得当时学校不给他们场地，他们曾经蹲点过学校领导，每天路上经过骚扰一次，后来终于给他们场地了（故事是我听的，不知道真假），我去那天，他们正在搞hack day，一个大一的少年，用一台黑苹果在演示一个cocos2dx开发的游戏，场面火爆。他们联系了豌豆荚的工程师做评委，还有郑州等地学校的人过来参加，当时还有几个人一天撸了一个扫描app图标，然后直接在豌豆荚上下载app的东西出来，数据是从豌豆荚爬+hack接口。（这就是执行力，开发demo就是往上堆，24小时堆出来也是很厉害的）  我列举的这几个，是华科最优秀的几个学生团队吧，其他搞比赛的，自己搞些各种各样项目的，各式各样，甚至每天写代码到处找地方的大小团队，不计其数，整个氛围就是向上的，都在做东西。  重点是，为什么会这样呢？  因为，学校【允许】各式各样的学生自发或者老师带领的项目团队存在，仔细看，他们生存形式各异，企业管理方式的点团队；技术王道的有冰岩，他们不参加比赛，只做实用产品，学校提供场地，提供服务器，甚至他们买书学校定期给报销，他们只需要醉心技术就可以（这在某些地方是无法想象的，比如会有领导突然跳出来，说，你们又没有比赛成绩，不能为学校争光，再没有成绩场地就不给你们了。比如会有空降老师【带领】你们，说，你们能不能总结一下出个书什么的？能发论文么？下次你们例会由我来开，说说论文的事。人家才没有黑哪个学校哪个学院呢，口亨）；松散组织形式，定期开个班，讲点东西，轻度参加比赛，不需要特别强的创造能力的电工基地；强技术，强创新，精英培养模式，重竞赛，部分带有创业性质的联创，以及各式各样的野生团队（不那么出名罢了，都不是省油的），华科都包容它们的存在。就像热带雨林，物种越丰富，其包容性就越强，越多的人就会容易融入其中，码农野生好，雨林一样的环境就是码农的天堂，各种生存方式，总有一款适合你，能力得到锻炼，出去之后各种秒杀其他学校。  再看看我们学院，本来就地方小，环境像沙漠，物种本来就少，好不容易出了一个团体，又没有竞争对手，都快自己退化了，环境闭塞，没有对比，沙漠只能是沙漠。  所以，我觉得华科码农出的好，主要在于华科这所学校的包容性，允许不同的学生团体，以不同的形式生存下去，多样就是繁荣，越多样就越稳定，跟生物学上的道理是一样的，所以就能常年如此。如果一个学校不包容，只允许很少种存在，并且还因为短视有偏袒，那么结果就是对学生团体组成的生态系统的破坏，像我学院这种沙漠化环境，通常就已经没救了。  还有一个重要问题，就是圈子问题，不要小瞧。华科的毕业生们，出去之后，想招人的时候，找华科是最容易的，并且是最靠谱的，这个雪球会越混越大，最终别的学校无法打败。  -- 补充 -- 让老师走开就对吗？不对。有的老师讲的东西太搓，根本不想好好教课，这时候跟他耗着太麻烦，把课翘掉自己看更好.  如果有好老师，当然希望跟着去学了，我院操作系统讲的最好的一个老师，可惜他不开操作系统课，有两次她代课，我都过去听了，非常酸爽，浑身舒服. 只可惜并不是所有老师都这样.
如何看待2016年国家科学技术奖，复旦大学竟然不如华中科技大学？,复旦不是搞法学的么?关自然科学技术发明进步什么事？
如何评价华中科技大学2015年毕业电影《和你在一起》？,因为一直到今天上线了才看到，所以才过来回答。【剧透剧透剧透啊慎入】 看完预告片，我的第一反应是：这什么玩意儿，跟我的大学生活完全不一样，除了背景是华科到底哪里跟华科有关了！ 今天仔细看完了整部电影，不得不说能拍成这样真的不错。其实，看似从头到尾都没有体现我科学霸气质，但是细看还是描述了几类典型的华科学生形象，或者说大学生形象。又或者说作为一个准大四，内心的共鸣比较多吧。  略去高中部分啊。  女主唐夏。其实高三那部分一上来就给人一种大三老学姐的感觉，不够活力，可能就是女神范儿？倒不如她大二时候第一次见花磊，回去打扮时候那种喜笑颜开的感觉看了让人感觉很美。很喜欢那段。 我觉得唐夏的经历是代表了很大一部分的女生的。 其实有人可能会觉得唐夏自私，花磊肯定有出息啊你看他都签到了外企的实习啊！但是这是结尾你看到的啊！她有一个坚定的梦想，通过自己多年的努力梦想就快要实现了。你说让她放弃梦想去跟一个四级还要靠买假答案的人，这是一个多大的赌注啊！其实我自己也一样，我明确了我自己要出国的目标，也没有想过要为任何人改变，这TM是我这几年天天做梦梦到的事啊哪里说放弃就放弃了。这中间她并没有嫌弃花磊啊，可是到最后了，我的梦要实现了，你跟不上我的脚步了，我也很为难啊。  花磊：啊啊啊男主真是乖巧可爱超喜欢的类型，演学弟真是呆萌一级棒。 其实花磊这样的男生华科真的不少，暂且不论大三了四级还没过到底真不真实啊什么的，但是大三学姐告诉你，六级没过是真的大有人在！所以要出国什么的根本不对他们胃口啊。但是他们看似玩世不恭的表面下真的有自己喜欢且擅长的一面。他们有时候为自己喜欢的事付出的努力远比其他人来得可怕，而且鬼点子多思维跳跃，我定义他们为聪明。华科男真的很！聪！明！ 可是花磊有个致命伤啊，他没有办法给唐夏安全感啊。一个貌美如花成绩优异梦想笃定分分钟虐爆所有女生的女神，她的路看起来一片光明，她要为你相夫教子那是多难的抉择。这种女神有自己的想法，你能给的有钱的生活并不是她要的啊，她要的是一个和她对等的思想交流，所以你说我挣大钱你在家享清福对她来说没有诱惑力，更何况大学的花磊连这一点也没做到啊。  女二曼曼。电影里看起来超级乖巧可爱。其实那天在拍她来找方原在校史馆门口走那一段我恰好路过，只不过我是去图书馆上自习T^T 扯远了，回来。 其实很佩服林曼曼这样的女生，真的能为了爱情不顾一切，这一点确实是唐夏这一类输给她的。我一直都希望这样的女生能有一个很好的归宿，但往往事与愿违。她对爱情的投入奋不顾身，她会主动追求方原，会在遇到问题时候果断跑到对方学校，这种性格真是很多女生做不到的。但有时候太过于单纯的投入也不见得会很好。其实一开始她给方原买东西，方原已经觉得这份爱是有压力的了，到后来她生日，方原要靠瞒着她去打工那么久才能买得起一瓶她爱的香水。就算曼曼不嫌弃方原，从心底里方原已经自卑了。  方原。这类人其实很多，家境一般，凭着自己的努力出人头地，我很欣赏他们，不多做评价。他对林曼曼最后的决定也是无奈的，这不是他能改变的现实，是这个社会太残酷。 林曼曼的爸爸说的那一番话，我觉得很打动我。我今年也21了，我的爸妈50了，我也不愿意看着我的爸妈在我二十七八的时候依然生活不安定，让他们在60岁的时候还为我担心。换句话说，方原的家庭没办法给林曼曼更好的生活，要靠方原来给，可是这个期限很长啊，长得搭进去了林曼曼整个青春啊。 最后是方原放走了林曼曼，因为他没有底气说我们毕业就结婚。 【个人感觉男生不要说什么等有钱了日子好过了我就娶你，妈蛋女生要嫁的是你不是好日子！要真是他对林曼曼说毕业就娶你我要和你一起奋斗，林曼曼这种女生绝对跟着他就跑了！】当然这里我还是理解为方原太爱她不想耽误她吧。  王锤：哎哟喂太想要一个这样的兄弟了啊！遇到事情分分钟变哆啦A梦啊！路见不平抡拳头上啊！性格上超喜欢这样的，哥们儿！ 而且演员演了两次毕业电影，颜值和演技真的都没话说，男神啊！ 最后导演给他安排了一个公务员的结局其实挺合适的，你说他要有什么考清华的野心签外企的志向，说不定他还真不在乎，就是喜欢和朋友吃吃火锅喝喝小酒啊。   最后，纸飞机和飞机这个镜头，赞！  在考试周要来了我还没有认真复习的时候看完了并且写完了这个答案，一是因为难得有人邀请我，嘚瑟哈哈哈。二是，电影相对来说拍的真的不错，毕竟只是个毕业电影，拍的就是我们的生活嘛。 结局就是，爱情算个什么玩意儿，三兄弟基友情才是最真的！符合华科主题！  最后祝学长学姐毕业快乐～
为什么山东大学的高考分数线竟然不如华中科技大学？,文科分数线：山大＞华科 理科分数线：华科＞山大 “竟然不如”这种词还是慎用，非要用的话只能说题主了解的各学校信息还是少了点。
如何评价华中科技大学出版社出版的《30天告别单身(恋爱经验精华版)》？,谢  @Eidosper  邀。 有这么好的方法？ 我发现我浪费了3年多时间，呜呜~  ~~~~~~~~~~~~~~~~~~~~~~~~~~~~~~~~ 这种书籍和市面上的扯淡书籍没什么两样，看这种书，还不如多参加室外活动，比如打羽毛球，排球、下棋等等。再不济，睡懒觉都比看这些书好。谈恋爱这么美好的事情，被说成完成任务一样~  @Eidosper  作为华科IT男，这么靠谱的男生，根本不需要这些~ 嗯嗯，就那样~
高考差一分就能录上华中科技大学是怎样一番体验？,我差一分南开。 觉得自己就是没那个本事，配不上人家学校。 你差一分差的仅仅是提档分，离学校的平均水平差远了。  别用差一分美化自己，不配就是不配。 别说高考就是一次考试实际水平也许相差不大，没错我承认，我还考上过复交水平的名次呢。然并卵。录取的时候不看那个。
如何评价华中科技大学招生H5？,这个H5就是面向新生给他们一个华科的大概印象，用做展示用的，也没有别的意图啦。 因为需要结合学校这边想要的宣传重点，所以东西我们只想着都尽量顾全。 选用动画背景是因为，这样比较好玩…… 一个真人在真的华科里走，不就是视频嘛。 我们是个互联网团队，没有专业写剧本的，台词也大概都是随口说的（？？？） 下次如果再做这个，会在脚本上再加油的！ 谢谢大家的建议，我们会努力的。   原回答： 作为负责人来答一波。 从剧情脚本的讨论就跟老师这边经历了很久的时间， 以至于后来制作时间真的非常紧。 你们今天看到的这五分多钟， 是非常多个冰岩的人修仙炼出来的。 写脚本、演员选定、构思转场、场景绘制从草图到成图、绿幕拍摄（感谢vfun）、配音、动效制作、剪辑加bgm、前端开发、测试…… 但从来没有后悔过给我们自己挖这么大的坑。 希望大家能从这个H5中看到冰岩人很多很多的努力。 也更希望学弟学妹们能够因为这个， 能在自己人生的道路上知道华科的名字。 欢迎报考华中科技大学。  来了之后， 来冰岩作坊玩耍啊。  
在华中科技大学读文科专业是怎样一种体验？,看到这个我忍不住要吐槽了，作为一个纯纯的理科男（还是不因为太偏科）专业报的是只收理科生的网络传播专业=_=结果是新闻与信息传播学院，以至经常有人问我为什么想不开要去读文科！第一学位是文学学位是我的错么！还好第二学位是计算机（我就是想学计算机内容但又不想完全的投入到IT中）没看错我们就是双学位！而且课业繁重，大三就要去实习，现在学院又要我们去听各种讲座=_=好像有些偏题 文科院系最大的好处就是你会看见院课前六排都是妹子的奇观，每次你只要看见这个教室男生数超过30个立马就知道自己走错教室了有木有！有木有！有木有！（因为很重要所以要说三遍） =_=另外就是女生节居然还有妹子给我们过节内容暂时没找到回去看看能不能补一下。还有救是学院的一些事情要找男生的体力活……我们院汉子少……大三大四一般不在学校……所以……艺考的时候帮忙把桌子从一楼搬到六楼的感觉……而且大桌子要四个人才能抬动，不过有工资也算是学院雇我们干活~虽然也不多~ 既来之则安之，在新闻院也是和这个院系的一段缘分，有更丰富与奇葩的体验不是更好么，反正我是挺享受这样的生活的，文理兼修也未尝不可，毕竟以后高考就不分科了啊。大概体验就这么多，有什么以后再补，有什么问题也可以问啊╮(╯▽╰)╭
南方科技大学和华中科技大学对比评价？, 南科大的优势在于对高水平学术人才的吸引，比如引进的教授很多，如果你励志本科就搞科研，相信南科还是不亏的，而且性价比很高；此外听说宿舍条件还不错，对学生来讲吸引力还是蛮大的。不过话说回来，南科的牌子与华科相较而言还不具有可比性，主要是历史太短，沉淀不够，校友的影响力还不够大。当然，华科的学术水平是一流的，也有许多本科生就发出顶会的案例。此外住宿条件很不错，空调热水四人间一应俱全，食堂超多。欢迎报考。 
如何评价“创业红娘”刘玉在华中科技大学所倡导的大学生创业？,创业与勤奋踏实并不矛盾，技术创业也很好，只是大学生创业普遍不太靠谱，所以项目质量不敢恭维，但是从大学阶段培养创业素质，培养技术人才的创业基因，我认为这种倡导是有正面意义的。高校也需要有这样的老师。而且我觉得刘老师还不够打破高校体制，要是能做到更市场化，更专业会更好
请问有没有华中科技大学机械博士的前辈们？,好考，毕业难
山东大学是不是比华中科技大学好很多？,一个三本技校跟专科卫校拼凑的学校居然妄图和坐拥一线城市济南五大校区的全国TOP10、华六潜力股山东大学比，真是不自量力╮（╯＿╰）╭ 另外提醒题主，华中科技大学虽然是一本招生，但是还有启明学院和同济医学院两个三本学院，如果拿一本的分进了这两个三本，就真的哭瞎了(￣o￣) . z Z  ＊＊＊＊＊＊＊分割线＊＊＊＊＊＊＊  伦家喜欢的人在山大惹 题主你别想挑拨离间←_←
华中科技大学3+2项目好吗？,华科工程类出国还是很有优势的，一般来说加权成绩82分以上+托福100+GRE320申请美国（默认题主申美了）前50基本没啥问题。学校的3+2项目合作学校亚利桑那州立大学还比较靠谱，虽然综排一般但是工程类还不错尤其EE是专排前50，我看过该项目毕业生去向表，很多人拿到美国前50PhD，算是出国读博的跳板。不过该项目录取门槛不是很高，如果题主成绩很好的话去那里比较可惜，自己申请可以申到好很多的学校，对以后无论工作还是读博都更有帮助。 出国材料基本上是加权成绩，托福成绩，GRE成绩，三封推荐信（跟上过课的老师讲基本都会给写）。有分量的实习、竞赛和实验室科研经历是重要加分项，EI SCI论文基本可以直接把你送进名校。不过读硕士的话就靠高三围也完全没有问题。 图省事儿的话大四会有一些直博的机会，据我所知香港科大、亚利桑那州立大学、休斯顿大学这几年有全奖博士名额。有些很好的出国交流机会也很有帮助，这个留心学校出国留学服务中心网站信息（成绩85以上的话学校有加州圣地亚哥和加州伯克利的交流），大三暑假学校有公费的加拿大阿尔伯塔大学为期三个月的实习，也是要求成绩85+的。 学弟加油，圆梦名校。
如何评价华中科技大学潘垣院士《以“双一流”建设为中心 全面推进我校大发展》的报告？,潘院士此番话看来，我科还是心中有数！国家政策划定的名单直接决定一所学校未来几十年的发展势头。 抛开清北跟华东五校，目前我科心目中的主要竞争对手，西交哈工大跟中山大学，有意思～这样武大会不高兴的，说好的一起成为一流的大学，你却自己偷偷加了油！ 一个国家实验室，两个大科学装置中心，五个国家重点实验室，这些顶尖配置都跟交大不相上下。我觉得华科基础学科严重短板，而且跟复旦交大比（不提清北）国际前沿的相关研究跟不上，依旧是传统工科学校的气势。仅仅靠机械电气这些传统学科应付未来的局面那是相当地不够！ 希望母校老师同学能提高警惕打起精神，目前中国前端的985高校正处于争夺政府资源最为激烈的阶段，不要觉得顶着教育部学科排名的帽子就掉以轻心，不然很可能在这场竞争中落伍。“善于转化，敢于竞争”，立足优势学科，补足基础学科，着眼于国际前沿，争取在这场竞赛中拔得头筹！我当然希望自己的母校能够早日进入世界一流！
华中科技大学的自动化学院的物流管理和管理学院的物流管理有什么区别吗？,不了解。 从字面意思理解前者是物流自动化管理，如穿梭车、自动化分拣，偏向于设备。后者管理事物、人。
为什么居然有相当多的人觉得华中科技大学连东南大学都比不上？,四大工学院之首的说法不服气的人很多，现在一般也没多少人提 相对来说，华科规模更大，东南规模小一些 ——————————————————————以上是原回答——————————————— 实力相近的两校当然有人会觉得华科比不上东南，这个比不上也不一定因为觉得华科差很多。同样的，也会有人觉得东南比不上华科，也同样不一定因为觉得华科强很多。也会有相当多人的人觉得两校差不多，然而这跟无知不无知有什么关系呢？ 如果说很多人觉得华科比不上东南，地域因素是很值得考虑的一个问题，在湖北东南不如华科，在江苏华科不如东南。实际对比中内斗苏还是带加成的，相对于湖北来说。题主当然可以觉得江苏人这种地域偏好很无知（我也觉得有些个别江苏人地域炮开起来真烦人），然而实际他们还觉得外省刚波们无知呢：反正对绝大多数江苏人来说毕业以后都要在家附近，那东大可比华科强多了，而这一点与学校的实际实力没关系。可能这可以解释问题中“相当多的人觉得华科连东大都比不上”。 实际实力还是华科略强，考虑各种指标。不过东南也有很多相对华科占优的强势专业。
为什么华中科技大学大学在外省的知名度不高？（华科是排名前十的985但很多人都以为这是一所三本院校）?,呵呵，清北复交浙人科南前八稳稳的，top10剩下两个给你华科一个，你让同济武大厦大中山北理北航南开这些比华科强的学校颜面何存？
为什么有很多人都觉得武汉大学和华中科技大学是同一档次的大学？,因为这是事实
华中科技大学机械本科生出国？,交换生完全要看你们学校是否跟其他国家的学校有合作~ 奖学金要根据你的成绩来申请~ 名校要看你的语言成绩以及绩点~另外在校是否获得过奖项~ 所以同学~好好学习才是王道~
如何评价华中科技大学同济医学院临床医学中德实验班？,原本临五的脑抽进了中德 最大作用转专业 到医学院后资源会比临五好一些，像什么科研之类的，但是临五是特优生的话就没差(这个东西看个人，如果不感兴趣的话老师又不管你就也没啥用，碰到一个愿意带本科生的老师能学到很多东西不过很累，毕竟你还要考研不像08可以专心本科发发文章，我和我室友就比较两极化，她们有的一个学期去一次实验室，我一周五次，考试月还要看文献讲文献，怕哪天这样高压下来会猝死，，，，T_T) 保研率比临五高 多读一年本科，人老的慢，你都不知道该叫同级的临五学长学姐还是什么鬼，低一级的临五不想叫你学长或学姐，我就这样做了3年学妹(当然不排除是因为我长得嫩大家都觉得我年龄小(≧▽≦)是学妹～ 还有多门语言装装B多好呀，以后转行还可以去教德语 以上 去德国可以自己申请，我们班有两个去了弗莱堡读
华中科技大学的计算机专业研究生复试流程是一个什么样的流程，有没有什么需要特别注意的东西？, 先回答第一个问题（结合自己亲身经历）   华中科技大学计算机学院官网    进去在通知栏找  做好2017年硕士研究生复试录取工作的通知   此问基本就答完了。但我知道你们肯定不会仔细看，等着别人来划重点吧。。  我是本校另外一个大院的跨考生。笔试倒数，加上复试总成绩中游。   复试成绩不及格者，不予录取!   见过初试380，复试不及格不予录取的。     第一步  笔试 四门课任选两门考试  每门20分  这四门课及参考书籍分别是    《计算机系统结构教程》，张晨曦等，清华大学出版社，2009。  《80X86汇编语言程序设计》王元珍、曹忠升、韩宗芬，华中科技大学出版社  《数据库系统概论》第三版，萨师煊、王珊，高等教育出版社。  《计算机算法基础》第三版，余祥宣、崔国华、邹海明，华中科技大学出版社  不要问我考题范围，这些细节你们自己探索琢磨吧，网上也没说考试范围啊。   难度跟本科期末考试差不多。  不要投机，以为看看真题就行了，还是踏踏实实学吧。  我自己的经历是 5天把数据库搞了一遍（怎么搞的？又是另外一个问题了，每天一瓶红牛orz），之前是零基础，考前一周买的书。剩下两天看了看算法，算法我也基本是零基础，也就数据结构（严版）那点基础。汇编以前学过，但我都忘了，考试也没选，计算机系统结构零基础，也不想看，没选。   结果就是 考试数据库大概得了一半分，虽然题目简单，但毕竟时间太短，缺少题目训练，只看书不够啊；算法碰巧考的几个都还熟悉估计也得了百分之六十的分数吧。   第二步  机试   计算机操作能力考核是在CodeBlocks、VC或Dev环境下用C语言编程 。  注意：  阅卷老师在只支持标准c语言的软件环境下阅卷！所以务必使用标准C！   题目是三个题，一个半小时，对于一般的学生来说，时间还是有点紧的，毕竟大家水平都很低嘛。。  第一题简单，送分题；第三题较难。  就考数据结构那点东西。多上机做做熟悉熟悉就行了。  我本人做出前两道，第三题写了点想法，算法都没想好就没时间了。   第三步  英语面试  先2分钟自我介绍  然后老师随机提问  接着听一篇文章，听完老师再提问  最后看一篇文章（本专业相关的），看完收回再提问  我自我介绍还不错，自认为英语还行，就是最后一个就文章提问，我支支吾吾半天答不上来，当时超尴尬，面试结束才明白讲的是啥，哎，2分钟时间看文章有点急，中间走神了。   第四步  专业面试  有导师组成面试团队，一个一个面。就聊天，聊天内容因人而已，后来才知道真的什么都聊，不过不会为难你。真的要为难你的说明对你有意思。每人8分钟。   最好有简历，可以引导聊天方向。   我是跨考生，所以没怎么聊专业相关的。我报考的导师也没到场（在国外）。可能因为性格原因吧，我一点都不怯场，跟各位大佬谈笑风生。十二分钟很快就过去了（我是第一个，各位导师还不熟悉节奏，所以有点久）。   再来回答第二个问题， 特别 需要注意的问题 。  一般需要注意的问题上面已经覆盖了，黑体字。  特别需要注意的是： 选择导师   怎么选？选哪个？  这又是另外一个问题了。  我选了一个还不错的老师，个人资历雄厚，但比较冷门。专业面试完了，我问金海我怎么样，他说我没问题，因为就2个人报了这个老师，而这个老师有4个名额。所以还得调剂过去2个。  其实只要你复试成绩及格了，就已经可以保证有书读了，但如果你报考的是热门实验室的热门导师，可能面临被刷然后被调剂的风险。所以各位考生慎重，量力而行。  另外大家比较关心的是导师有没有学校歧视？  我个人是这样觉得的，本校的会得到优待，专业面试分会高一点，其他的没有区别，因为都是统一复试的，谁也不知道谁是哪个学校来的。而且华科的研究生源本来就不好，这点大家都明白，就连老校长李培根也亲口说过，一流的本科，二流的研究生。不管你是什么学校的，只要有自信，有实力，一样可以碾压985的其他考生。  最后祝愿大家取得好成绩！   转载请告知我本人！ 
我们和华中科技大学到底是什么关系？,题主和你的中学是什么关系？ “上课睡觉”的题主，求求你行行好吧，不要提这种傻问题，抹黑贵科了。 利益相关：武汉大学毕业生
华中科技大学光谷体育馆羽毛球场地服务台阿姨叫学生“无赖”为哪般？,如何看待屁大点事都要上知乎
华中科技大学有处女吗？,处女很多，处男很少
武汉大学，北航，华中科技大，学物理去哪个好？,物理专业实力：华科&gt;武大&gt;北航 物理专业分数：北航&gt;武大&gt;华科 哪个稳上哪个
如何看待丁烈云执掌华中科技大学？,不敢说如何“看待”。今天下午有幸去了会议现场，就简单地说一下吧。  丁烈云教授原来是城建学院的院长，并校了之后做了华中科技大学副校长，主管学校的科技产业工作。之后被先后任命为华中师范大学党委书记，东北大学校长。 在东北大学任职的几年里，在很多方面都有革新，可以说口碑还是不错的，师生比较喜欢他，东北大学的排名也有所上升。 丁教授的研究方向是管理科学与工程，所以他应该在管理方面更有想法，会去尝试改革、创新。相信他会为华中科技大学带来新的突破。  再谈谈自己的主观感受吧~ 对丁校长第一印象还是很好的，讲话前走到台前深深地鞠了一躬，普通话也很标准哈哈~另外，看起来也很年轻，不像年近花甲之人呢。感觉谦和而富有激情~  拭目以待。  ========补充一下=======  看到有人说院士的问题，就来稍微补充一下答案。   没有任何 硬性规定说985高校校长必须是院士，我个人也并不觉得对于校长这个职位，院士是一个多么重要的头衔。如果有，院士的头衔证明他是一位顶尖的科学家。 而一个大学校长，更应该是一位教育家，而他在学术上的成就并不能代表他就是一位智慧的教育家。虽然二者并不矛盾。教育理想、教育追求和渊博的知识，才是一个教育家应有的特质。  举几个例子吧~现任清华大学的校长陈吉宁，今年刚刚50岁，并不是院士。隔壁武汉大学的校长李晓红，在刚刚上任时也并非院士，是之后才当选的。 所以这并不是什么奇怪的事情咯~
华中科技大学整体上是否超越了哈工大？,哈工大可是C9，教育部钦点985，211高校。而华科呢，一个辣鸡三本而已，这还用比?
如何评价华中科技大学2016年录取通知书的设计？,学校招生办的老师说，通知书就只是录取进校的凭证，没其他作用，这样就够了。  他这么回答可能说明学校低调务实，毕竟工科学校么...  我觉得这是不作为、顽固、落后和缺乏审美能力的体现。建国后才建校，底蕴不够，又处于经济水平不够发达的中部武汉，现在可以原谅，希望以后能重视。80年校庆的时候能把现在的校徽换了么？太特么丑了。。
华中科技大学，处在985大学什么水平？,就从最直观的看吧 就业上看，华科的人均收入太高了，华科在广州简直碾压华工和中大，多家国企私企高管都是华科班，例如中信，华为，腾讯等。腾讯几乎全是华科系，微信不用说了，据说总体华科占了6成，每年腾讯招聘第一站就是武汉华科，近几年阿里大量华科人，网易游戏广州部，第一比例是华工，第二是华科，但两个都是20%几 从国家级实验室看，全国国家级实验室有十几个，华科占了两个。要知道华科在武汉，地市投资的并不多，不像中大，浙大，厦大，除了国家投入，地方每年补贴都很大。华科简直就是白手起家，短期弯道超车。华科至今的学风都非常好，历任校长都挺有作为的，即使其他985的学生觉得一般吧，但随着互联网持续的发展，整个华科系的作为将举世共睹。另外华科的经济等学科这两年发展的也很不错。创新思维和吃苦耐劳是华科最优秀的品质。
华南理工大学跟华中科技大学的差距在哪里？,应该就是差了个同济医科大学吧，如果把中山医学院偷走的话应该差不多了吧。（开玩笑）
中山大学，东南大学，华东理工大学，厦门大学，上海大学（翔英学院），武汉大学，华中科技大学，应如何选择？,为什么备选有上经贸却没有上财呢？ 推荐：央财或者上财 北京和上海是国内仅有的国际大都市，北京上海所带来的机会和视野是其他二线城市无法比拟的。你不单单是选择了一所大学学习4年，更是选择在一座城市生活4年。鉴于题主是魔都人，如果你想离家远一些，就去央财，如果想离家近一些，就上财。 我个人更推荐你去上财，上海是中国金融中心，而且大学离家近好处多多啊。作为过来人的体会：不要因为一时意气，而离家千里求学。  BTW：我是东南毕业的
电子科技大学和华中科技大学怎么选？, 我也在纠结啊 
如何看待2016年杰青入选数量，南京大学竟然不如华中科技大学？, 反对楼上华科的人的答案。南大的微结构国家实验室2006年就获得国家批复同意筹建了，而且是科技部、教育部、南大等四方共建。   至于所谓高被引论文也属于  汤森路透去年发布的那个全球高被引科学家的排名，交大特别喜欢用，然而那个排名里南大，吉大等学校的得分是零，而很多双非却有分，关键问题在于这个榜单依据的不合理性，显然esi的篇均引用更靠谱，而篇均浙大和交大均低于南大。       首先，杰青是要考虑学校整体学科占有率人数规模的，浙大和华科的规模基本是南大的数倍，尤其是科研人员总数，然而人均产出却远逊色于南大，毕竟浙大和华科的专业覆盖率高于南大，但是精度被南大秒杀。    教育部科技统计资料，2015年高等学校规模排名（含社科，不包括文科）。  教育部《2015年高等学校科技统计资料汇编》，教学与科研人员94页开始，专任教师178页开始  http://www.moe.edu.cn/s78/A16/A16_tjdc/201605/W020160510322138221792.pdf       大学   名称    教学与科研人员数量（人）    其中专任教师数量（人）   浙江大学    15922    4427  中山大学    14833    4406 北京大学    13373    4151 上海交大    12985    4635 西安交大    9564    2937 吉林大学    9503    9277 四川大学    9376    5911 复旦大学    9282    2257 中南大学    8617    3261 武汉大学    8455    4307  华中科大    8311    3974  南昌大学    7262    - 山东大学    7167    4732 郑州大学    6188    - 清华大学    5444    4815 同济大学    5436    3289 东南大学    5031    2883 苏州大学    3382    - 武汉理工    3376    3234 哈尔滨工大    3030    - 天津大学    2859    2854 华南理工    2828    2739 大连理工    2678    2621 兰州大学    2527    1730 合肥工大    2446    2392 北京理工    2403    - 重庆大学    2401    2183 东北大学    2315    2275 北京中医大    2308    739 北京科大    2249    2058 西安电子科大    2228    2204 电子科大    2213    2192 南京理工    2184    -  南京大学    2163    2145  北航大学    2061    - 厦门大学    2055    2041 中国科大    2045    1812 河海大学    2042    2028 西北工大    2024    - 中国矿大    2017    1996 中国农大    1977    1919 南京航空    1972    - 南京农大    1863    1837 中国地质    1852    1846 南开大学    1831    1707 华东理工    1786    1784 福州大学    1672    - 北京工大    1654    - 江南大学    1596    1571 华南农大    1497    - 华北电力    1465    1459 北京师范    1460    1322 北京交大    1413    1398 华中农大    1411    1304 北京邮电    1369    1321 东华大学    1270    1241 华东师大    1258    1173 北京林大    1229    1194 哈工程            1183    - 中国石油（北京）1026    950 华南师大    1004    - 中国地大（北京）977    955 北京化工    896    896 华中师大    846    845 东北师大    751    740 中国矿大（北京）571    570 中国传媒    470    432 中国人大    254    238 中央民族    203    -     如果看看比杰青地位高的长江情况，那么华科则也是被南大秒杀的，而且是合并了同济医科和另一所学校的情况下   截至2015年底，2+5长江学者统计情况     名次       高校             总计      一        特聘      讲座  1           北大             215        3          149       63 2           清华             209        1          150       58 3           复旦             130        1          88         41 4          上交              121        2          80         39 5          南大              119        2          92         25 6          浙大              118        3          81         34 7          华科              90          2          49         39 8          武大              75          2          51         22 9          西交              72          2          35         35 10        中大              59          0          41         18  综合实力   ●  QS排名   全球高等教育分析机构QS全球教育集团6月14日发布2016年版《QS亚洲大学排名》，南京大学位列大陆高校第5名，亚洲第23位。    在上榜82所大陆高校中，有26所进入亚洲百强。其中，清华大学（第5）上升六位，北京大学（第9）下降两位。复旦大学（第11位）已临近亚洲前十，上升5位。上海交通大学（第22）上升2位。 南京大学（第23）上升3位，高于浙江大学。 武汉大学（第44）表现抢眼，上升14个名次后入驻亚洲前50，排名第44位。   《QS亚洲大学排名》在去年的基础上增加50所大学，对该地区的前350所大学进行排名比较。今年新的排名在综合考察一个大学在亚洲区的科研、教学、毕业生就业、国际化、学术影响力等9个指标的基础上，新增5%的拥有博士学位教职工的指标。        ● 自然指数   “2016自然指数排行榜”中，南京大学位列全球高校前20全国高校第2   （2016tables: University）   美国当地时间2016年4月20日，自然出版集团发布最新自然指数，（NatureIndex2016），全面衡量全球各个国家/地区、科研院所、高等学校以及产业机构的高水平论文产出，并评估各院校在化学、地球与环境科学、生命科学以及物理科学四个核心学科领域的排名。在国家与地区排名中，中国是全球高质量科研论文的第二大贡献国，仅次于美国。自然指数排行榜展示了最近四年的各年度指数，并全部于4月20日首次对外发布。自然指数依据的是各国或各科研机构对每年发表的约六万篇高质量的科研论文的贡献情况，既计算论文总数，又计算不同国家和机构在每篇论文上的相对贡献。   依据自然指数排行榜（NatureIndex 2016Tables）显示，南京大学位于 全球科研机构第25位，全球高校第20位 ，在 亚太地区科研机构、高校中均位于第4位，中国高校第2位。 同时，2014-2015年南京大学自然指数增幅达18.6%（213.92-253.62），为 全球机构前30位中增幅最高。 进入全球五十强的中国高校，还有北大、清华、中科大、浙大、复旦和南开。    （2016tables: Institutions）     在化学领域，中国在十强中占据三席。 南京大学高居全球机构第10位，中国高校第2位。 2014-2015年自然指数增长18.5%（128.14-151.8），为前10位中增幅最高。    （2016tables: Institutions – chemistry）   在物理学领域，中国高校在该领域实力雄厚， 南京大学位于全球机构第26位，中国高校第4位。 2014-2015年自然指数增长16.3%（69.95-81.36）。    （2016tables: Institutions - physical sciences）   与化学相比，中国在地球与环境科学领域相对薄弱， 南京大学成为除中科院之外外全球排名最高的机构，位于第40位，中国高校第1位。 2014-2015年自然指数增长14.0%（15.05-17.14）。    （2016tables: Institutions - Earth &amp; environmental sciences）   自然指数2016新星榜中， 南京大学位列全球第三，中国高校第二          中国科学院位居全球高质量科研产出增加最多的100家机构之首，另外8家中国机构紧随其后，即北京大学、 南京大学、 中国科学技术大学、南开大学、浙江大学、复旦大学、清华大学和苏州大学。   《泰晤士高等教育》2016年亚洲大学排行榜， 南大位列中国内地高校第六，亚洲第29。   《泰晤士报高等教育》发布的2016年度的亚洲大学排行榜，有8所中国内地高校入围榜单前50名，分别为北京大学、清华大学、中国科学技术大学、复旦大学、浙江大学、 南京大学、 上海交通大学和中山大学。 南京大学名列内地高校第6，亚洲第29。       所以，华科先比过武大再来和南大较量吧，两个加起来的院士也就和南大差不多。 
我是华中科技大学大二的学生，我想问我是应该选择交流项目出国还是应该大学毕业后再出国呢？,可以选择转学。。。。 如果出去读master 建议自己申请  交换项目基本都不咋地
在华中科技大学读本科是一种什么样的感觉？,想体验电解电容电极接反愉快的爆破声吗？  想体验和妹纸一起在示波器面前讨论模拟信号波形的圆滑性与毛刺性吗？  想体验通宵在没有吸焊器，徒手电烙铁拔三极管吗？  想体验纯手工给心爱的妹纸订制钢筋砸核桃的小锤锤吗？  想体验不小心用氩弧焊，乙炔焊，车床，磨床毁掉一件半成品的工艺品的快感吗？  想体验直接使用硫酸铜电解液加上毛刷订制自己的PCB版吗？  想体验在夏季热带风情里用着可以煎鸡蛋的CPU写代码吗？  想体验在冬季南极冰窖里面捂着CPU取暖吗？  想体验为了更好的Dota而写出PKTown的激情吗？  想棒打黑掉学校HUB系统，窃取妹纸信息，胡作非为的恶徒吗？  想抓拍瑜伽山后山上少男少女qwerty asdfg xxxxx，你懂的吗？  想去华师，武大，地大看看他们的妹纸多的不能忍吗？  想知道学校有多少颗树，多少路灯，多少男生，多少女生吗？  想统计出有多少个食堂多少个餐厅可以打酱油吗？  想到白云黄鹤红苕版直接喷学校吗？  想到白云黄鹤Pie版看看妹纸靓照吗？  想到白云黄鹤Phd版看看博士哥哥每天挠头发在愁什么吗？  想毕业之前冲到妹纸宿舍直接拥抱不认识的妹纸吗？ 想在学校谈一场异地恋吗？   恩 华中可基大学——可以搞基的大学！
2016高考甘肃考生，620+，省排名940+，对于东南大学和华中科技大学之间选择，有什么好的建议嘛？,2013甘肃考生，名次比你低一些，我高考1800名，但是对于你纠结的这两所大学也算有一些了解吧，今年大三，下学期大四，马上毕业了。回想一下高考挺多遗憾的。好了感慨完毕，说说自己想法，强答一发。  1.调剂是肯定选的，如果你分数足够，那么你不会被调剂，如果你选的专业你分数不够，你还不选调剂，那你就上不了这个大学了。所以想想，怎么说选了调剂也不吃亏。  2.东大和华科怎么选，东大，华科，华南理工，大连理工，曾经的四大工学院，我上的大连理工。大学三年的感觉就是，地方太偏，眼界不开阔。以前总不理解为什么好多过来人都会给你讲，选大学要挑地方，北上广优先。现在终于懂了，不同的地方，资源，眼界，就业形式，社会认可度，这些都很重要。简单来说，你待在咱们兰州，你买个东西，快递很慢，你肯定感觉很烦。但你要在杭州苏州，早上买的下午就到。再比如，你想参加阿里巴巴的云栖大会，可人家只在杭州，南京，深圳，成都，北京有峰会，你在大连，抱歉，你没这个机会看了。你再看看华南理工，在咱们甘肃分不高吧，但是人华工在广东珠三角的就业就是牛，论就业不知道甩开东大华科多少，至于我大工，就坑了，实力是比华工稍强，可就业则差远了。再谈谈我对你要选的这两所学校看法。我个人比较倾向于东南大学，首先，南京vs武汉，南京胜，毕竟六朝古都，文化底蕴，经济发展，各方面都不差。江苏省目前在全中国的经济也是排的上名次的，苏锡常地区经济和就业谁去谁知道。中国三大经济圈，长三角，珠三角，环渤海，东大在长三角还是有不错的辐射力的。再看武汉呢，地区上就没有什么拿的出手的东西。你会说上了华科也可以去以上三个地方就业呀，但是等到那时候，你华科和东南的竞争力度还是一个档次吗？而且武汉这个地方的天气，咱们甘肃人不一定受得了。我爸同事的女儿上的武大。刚去的时候因为天气不适应，热病了，病了一个月，所以说上大学气候也很重要，不然为啥好多人不愿意去哈工大呢。同样还是她，今年刚好毕业，在南京找了一份工作，好像是什么银行。我也听了一些她爸爸的感想，总得来说就是还是有些后悔，就是后悔武汉这个地方不好，离比较好的就业区域有些远，总说再给一次机会也许会选北京上海的学校。也许现在谈就业对你还有点早，但是终有一天，这些东西总会提上你的日程的。  3.专业的问题，东南大学是土木老八所之一，曾经的国立中央大学的工学院，（文理在南京大学）。东大是典型的工科强校，电子，建筑这些很强，工科方面没有过于弱的地方，东南大学还号称江苏的小清华呢。华科也是工科强校，华科的光电，电信，计算机也不错，计算机和华为好像有什么约定，总之就是比较好进公司，华科的旁边就是“光谷”，“光谷”发展势头也不错。光谷我这里不多说，你百度一下吧。对了，华科的物理系听说有一个从国外买来的旧托卡马克，人造太阳，有些厉害。再谈谈选专业的问题，其实我也是现在才明白的，有时候，专业并不是那么重要，学校和地区比专业重要太多了，我上的是物理系，物理和数学在大学不分家，都是天天算变态题，大学最痛苦的几大专业之一。曾经高中的我被数学折磨的不成样子，那时候我总想数学系的学生要怎么活。但是现在我已经可以做到考试前翻一周书，然后拿个85+（满分100），均分85+就能保研，（物理和数学的变态题，等你们大学学了大物和理论力学还有数学分析就知道了）当然我保不了，因为大一大二成绩太差。还是讲专业，其实除了学校的王牌专业，其他专业说好不好都没用，很多人即使上了土木，最后也不当工程师。专业，很大程度上是你暂时的一个研究方向，一个了解大学的途径，一定要把专业和职业区分开。这两没关系，当然，名校的一些专业在某些区域和某些企业有一定的认可度，这个我不否认。但我认为选专业时候挑一个自己感兴趣的，并且在该校可以的专业就行，这个不要纠结。而且好多专业的排名是研究生打出来的名声，和本科生关系不大，再者，有些专业好是好，但是偏向于科研，如果你打算抓紧学出来找工作，此专业并不好。比如南大和中科大的物理很好，但你会去上吗，本科上出来都没啥用，让你做工程，你不如工科学生，让你搞研发吧，你就学了个皮毛。  看到这个问题也是深夜了，题主又是甘肃人，我回忆起不少我当年的情形，辉煌的时候也有，你大概不会信我拿过五项学科竞赛中物理的一等奖。那年我和我们年级第一名一起去兰大考的理论和实验考试。高考前就拿到了加分。13年新课改第一届，我们都是摸着石头过河，考试前两个月才知道不考听力，就是这种状态。后来年级第一去了上交，没有考上他的目标清华，我则是更离谱，平常数学130，高考考了102，无缘自己的梦想的天大和西交。后来夜深时总回忆到这些时光，对了，还有我们班第一的那个女生，名次和你一样900多，但是被同济坑了，差一分滑档到了华北电力。真的是一分，那时候还不是平行志愿。  最后，学弟你不错，高考挺成功，祝贺你。上了大学也好好学，咱们甘肃基础教育比江苏浙江一带人差，进了大学反应就是，一旦不努力，容易成学渣。所以，一定要加油加油。不知道学弟是不是兰州一中和师大附中的，这两所中学可是咱们甘肃的骄傲了，哈哈。感触颇多，东拉西扯的，不过都是肺腑之言，谢谢阅读。
怎样客观评价华中科技大学本科毕业生的综合素质？, 转一下 华中科技大学2014年本科毕业生就业质量年度报告 第五章节 毕业生反馈与社会评价                
为什么东南大学、武汉大学、华中科技大学这三所长江边的老牌名校，都没有进入C9？,我们的微积分老教授说的：当初武汉大学和华中理工大学（现华中科技大学）都太自信了，都认为自己可以独立进C9，所以双方校领导都高冷地拒绝了省政府合并两校的计划。当然，后来的事情，大家都知道的，双方都没有进。感谢当年武汉大学高冷地没有答应合并同济医学院的条件，同济，算是华科捡了个大便宜，如果不算上同济的妹子，华科的男女比例简直闪瞎双眼呀。 至于东南大学，计划和南京大学合并的时候，还在争吵到底取东南的东南京的南合校叫东南大学，还是取东南的南南京的京叫南京大学，这种时刻都这么逗比，显然也合不成功，所以实力强一点南京大学进东南大学没进，很正常。 最后，想说的是，武大进不进C9没关系，毕竟已经全国前四了，而且距离世界一流大学辣么近，何必在意C9不C9这点儿小细节呢？
为什么经常在华中科技大学看到女生骑电动车载男生？,可能是华科女汉子比较多吧 
如何看待华中科技大学「反同性恋」横幅？, 作为一个直男，我其实是理解不了同性恋这种感情的。  我想不明白一个男人是如何喜欢上另一个人男人的，真心想不明白，我有时候看到和同性恋有关的新闻，然后看看我的好哥们们，就会想，怎么好好的哥们，变情侣了呢？  同样，我作为一个无神论者，我也理解不了宗教的意义。  我搞不明白为啥会有那么多人对这个泥巴雕塑跪拜，总觉得远方会有双眼睛盯着他保佑他。  我作为一个吃米饭长大的人，第一次去山西啊，河南这些地方的时候，我也理解不了为啥他们那么爱吃面条，因为我觉得面条不好吃啊。  我也理解不了为啥有人能为往垃圾网游里扔那么多钱。  我是那种一天不吃东西还能健身房跑一段的体质，所以理解不了我的室友为啥一整就低血糖。  因为见识不够，因为理解能力不够，因为同理心不够，这个世界不能让我理解的事情太多了。  但是我明白一件事情，就是只要别人做的事情，没有影响到我，我就没有资格去干涉别人。  虽然我不理解为啥两个男人或者两个姑娘能相爱，但是我尊重他们的选择。  虽然我不理解为啥我的哥们能每顿吃面条，但是我尊重他的饮食。  虽然我不理解为啥有人会相信宗教，但是我尊重他的信仰。  我一直觉得，法律就是道德的底线。  如果法律都没有禁止的事情，那我们普通人，都没有资格禁止。  任何人都有选择自己人生的权利。  当然，你也有坚持你异性恋的权利。  你也有你拉横幅的权利。  但是将同性恋赶出校园？赶出中国？  对不起，你没有这个权利。  但是学校的安保人员有权将你们这群拉横幅的赶出校园。  很多人提到了核心价值观，其中有个词叫自由，  什么叫自由？在不违法和不损害他人利益的前提下，想做什么就做什么，不想做什么就不去做。  这就是自由！！！ 
选择北京交通大学还是华中科技大学？,咦现在不是已经开学了吗……好的吧，找工作来说，985大学挺重要的，毕竟很多单位不是985不要的，然而由于地域原因，比如在北京的企业，如果是北京学校毕业的也有优势的；端看你是想直接工作还是会读研究生，读研的话肯定选985啦 —————————————————分割线——————————————————————— 原谅我没看清题主的问题描述，首先都已经在北交了完全不用纠结。 第一，先不说别人是多么羡慕北京上学党，地域优势明显，在北京工作别人可能完全没听过华中的学校，比如我科（这是事实），然而你说你是北交的，那都点头好么。我在实习的时候，就碰到很多单位都倾向于招本地的。然后就不说北京资源丰富了，一个北京的211甚至可能会比其他地区的985的资源还要多。 第二，我实习的时候深有感触，跟我一起实习的什么学校的都有，甚至有不怎么样的学校，但又有什么卵用呢，别人还是跟你在一个单位实习呀。而且领导也不一定管你是哪个学校，哪个专业，就看你有没有相关经验。所以是不是985大学其实没必要纠结，你可以研究生考去；或者把自己变优秀让别人肯定你。 先想到这么多=。=
有个华中科技大学的男朋友是种怎样的体验？,想知道题主是男是女，性别不同，体验应该也不同吧。
华中科技大学能动专业在美的压缩机工作一年再转暖通可行吗？,第一看你是什么编制类型和什么身份。如果是校招P类毕业生，转事业部是可以的，如果是四地工厂招聘的O类毕业生或者是O类社招人员想转事业部很困难。P类员工的调动首先需要接受事业部的认可，接收方有空缺编制和相应的岗位提供给你，第二步和你目前事业部的模块负责人沟通，沟通方式自己因地制宜，但是千万别让上司觉得你是越级调动，否则人力部门肯定会卡你的流程。第三现工作的上司和接受方沟通，意见统一后报备现事业部人力资源，HR确认后即可启动MIP调动流程。个人觉得暖通的待遇要比压缩机好一些，但是工作量肯定会大一些。
请问一下学长学姐们华中科技大学怎么样，能介绍介绍吗？先谢谢啦～？,你好，学弟/学妹，华中科技大学是一所教育部直属的全国重点大学，首批"985"，"211"重点建设高校，学校占地面积7000余亩，绿化覆盖率72%，被称做"森林式大学"，教学学科丰富齐全，教学设施一流，在这里，你可以尝遍学校35个食堂，在2个建成时亚洲最大的教学楼里自习，奔跑在森林公园，呼吸着1037号森林的氧气。。。欢迎报考我科哦！欢迎萌新骚扰qq843730206
泰晤士2013亚洲大学排名中，将武汉理工和武大并列58名，而华中科技大学99名，这明显和人们映像中排名不一致，他是如何排名的？,我是武汉理工的学生。回答这个问题，其实用我们老师上课讲的两个字足矣。买的。
华中科技大学软件工程怎么样？,软件工程这种学科还看什么排名？这个学科排名没有任何用处。 我就不说华科软院今年本科去bat的人数吊打这个专业据说排名很高的某大学了。
如何看待华中科技大学在ISC16国际超算大赛上刷新世界记录？,我是华科计算机系的小学妹，在这里恭喜我的母校获得这一殊荣，我为我的学长学姐感到自豪(虽然我是小白渣渣)，在我学习的这一年里，真的觉得我们院的同学都很优秀，搞得我压力巨大，所以我也不断努力，后来我发现，在华科学习计算机真的收获巨大，不论是专业技术上的，还是学习态度和为人处世上的，大概各位计算机的知友们都有这种体会，学习编程是个人差异非常大的事情，有的人可以学得非常厉害，有的人却很像我这样很渣很笨，但是我遇到的我们院的同学，只要是有心想学好计算机的，即使现阶段比不上大神，即使每天都被虐，可依然咬牙坚持，追求进步，女生尤为勤奋，我记得我之前有一次写不出程序的时候，几乎快要崩溃大哭，一个学长来安慰我鼓励我，然后我居然完成了我本来以为绝对不可能完成的程序，感觉就像是奇迹，热泪盈眶，在华科的计算机院，我真的收获了很多东西，有些东西能受益终生，所以，对于这次的刷新世界记录我并不惊讶，因为这正是我们华科优秀的学生的水平，有付出就有回报，踏踏实实做事，好好完成自己该做的事，不去虚荣的关注学校排名和名气，不因为985的牌子而自大自夸，不因为暂时的弱小而自卑放弃，这是我看到的华科精神和力量。 欢迎各位学弟学妹报考华中科技大学，啦啦啦啦啦啦，特别是计算机学院，又会写程序又超级漂亮的妹子真是太多啦，啊哈哈哈
硕士推免，华中科技大学同济药学院的一位非常牛掰的博导与北京大学深圳研究生院的一名博导之间如何选择？, 请问你最后选择了哪里啊？ 
从武昌火车站到华中科技大学途中有没有经过广场？,南站本身就有东西两个广场，走珞瑜路会经过光谷广场，叫广场的商场有亚贸，群光，资讯广场，鲁广，光谷国际；地铁的话先在四号线经过中商也就是中南路，然后转二号线经过珞瑜路的这些广场，或者在洪山广场转二号线也会经过珞瑜路的那些广场……走三环线的话应该没有什么广场了
本人华中科技大学16级新生，当时被调剂去了医学院，想转专业，求大佬指点，政策、方法？,教务处已经发通知了吧，你填表找辅导员吧
如何评价华中科技大学的陆枫老师？,“我能说脏话吗？” “不能” “那我没什么可说的了”
在华中科技大学当学渣是一种怎样的体验？,谢  @Lance Van  口头邀请。  我来讲一个真-学渣的故事吧，你们弱爆了。 为什么说是真-学渣呢？因为 他是保送生！   而且还是天津的保送生！  虽说大城市的孩子综合素质高，但是考试就是真-战五渣了。  他遇到的第一个问题，就是英语四级。 当时全班同学基本上裸考都能考500+，毕竟考上华科英语不会很差。 然后你猜他考了多少分？ 360！ 这数字要是让数字公司听见准高兴，这是免费的宣传啊！ 然后大家都开始转战6级，他继续4级。 你猜第二次多少分？ 365！ 这次不数字了，改一年了。 然后再战——370 然后我调侃“照这个规律，你大概大七的时候过四级” 年年贡献考试经费，年年挂，还到处找什么答案——结果这时候改成十多套卷子了 “都怪第一年xxx非要来考试，要是他不来考试，那我肯定能看见yyy的卷子！老子都提前蹲点了尼玛” 听这我都快笑哭了。  最后因为学渣，他选择了考研本校软件学院。 软件学院因为分数足够低，和全国线一样，所以他就报了软件学院。 哦对，这时候他四级还没过。 然后考研怎么也得复习英语——于是最终他终于考了430分——因为考研要准备英语——他是在考研之前的那个12月过的。 “要是你四级没过，研究生也白考吧哈哈哈” “在某某规定里说啦，考研成绩能用来证明英语过关！” 结果他英语考研考了38分，分数线36——当然，他每一科都是比考研单科线高一两分的样子，结果考！上！了！ 然后我们班不挂女神反而因为一分之差挂了…… 世事弄人啊……  但是那哥们非常厉害，在我们学院是“诸葛孔明”一般的存在。 事情是这样的，我们班足球赛赢了，输的那班自然是不服的。 我们班一个哥们在qzone上炫耀了一下赢，结果输的那班有个哥们不服气，把我们班同学打了。 本来打人也不对，当时也是直接到寝室一拳过去，要是觉得不爽你说一下大不了删贴。 可能那同学平时也是比较容易激动，上来就来了一拳。 好吧，那两个班就得约定一下，集体讨论一下这回事。  然后我们班班长是个没啥主见的人，全班到西十二草坪，一个个义愤填膺说他们不对，然后全班一个个都像我们大使馆被美国炸了的样子，纷纷谴责。 结果呢？  两班军队对峙，在东十舍6楼。对方全班有备而来，然后： “你们班同学用词刺激了我们班同学，词这样用是不行地，balbalabala……” 然后我们班班长青筋粗起，说 “怎么不行，balabalabala……” 实际上确实那个词语气比较嘲讽 “这个词就是嘲讽的意思，你看xxx的解释就说带有侮辱的意思，balabala……” 然后班长萎了，说不过。  那哥们看不下去了，然后说了三句话： “一，打人是不是不对的？” 大家点点头，确实不对 “二，打之前是不是都没沟通一下直接就一拳过去了？” 大家点点头，确实如此 “然而我们班同学作为受害者，你们竟然抓住一个词不放，企图把责任推到我们班挨打的同学身上，这是何用心？我们班同学挨打了，辅导员也处理了这事，平心而论，我们班只想看到你们班的一个态度，一个道歉的态度！然而你们班在这揪着词汇不放，有任何道歉的心态吗？” 然后大家沉默了，我脑补了这样一句话——  他一战成名，现在身家接近千万了。  所以说学渣不要紧，人家现在都开始以身价来衡量了，比工资的弱爆了……   后来两个班级当然和解了，那位同学也是脾气比较爆，不过道歉也是很真诚的。   在华科，学霸有学霸的过人之处，但是学渣也有学渣的精彩！   华科包容这一切的存在，用它十万棵树的森林。 ==== 更正，不是360分，是380分。 
在华中科技大学搅基是怎样一番体验？,  （以前的东九墙涂鸦，已经被拆了）  我科当然是gay们的沃土，有数量众多质量上乘的理工男们可供选择，当然前提是对方恰好也是gay……哈哈，不要当真……  虽说我科整体氛围比较宽松，但我也没见过有明目张胆花前月下的gay，毕竟社会伦理认知还没到那一步。美国这样前卫开放的国家，还是有相当部分的人不理解不承认，更别说我们了。  多说几句。。。尽管大家整天嘴上挂着“基佬”“搅基”，好像真的已经变成了一个包容开放的社会。但实际上，正是这种潜意识中的不认可态度才使得谈gay变成一种“趣味”。如果大家不再以“基佬”互相调侃，那说明gay们才真正的不被歧视了。  （个人觉得“搅基”这个词带有歧视意味，所以避开了这个词）
广东财经大学全日制MBA和华中科技大学非全日制MBA，读MBA目的是想转金融业。请大神分析哪所合适？, 谢谢邀请！  不知道你具体毕业了几年？之前的工作情况？以前的工作情况？打算以后在那个城市长期发展？单单从你以后打算换到金融行业去工作，我建议你去读广东财经大学，因为财经大学对应的吸引的都是相关财务会计金融这些人才，而华中科技大学注重工匠精神，从提前面试的题目就知道，他是让你学会具体的解决某些事情，所以的话我认为财大对你更有利，非全日制和全日制也需要慎重考虑，毕竟全日制的话还要考虑很多因素。  祝你早日找到理想的学校，加油！ 
在专业基本任选的条件下，西交、华中科技大学、南开、武大、哈工这五所该如何权衡？,等一下……我开再没落也不会评不上双一流啊 如果楼主对专业不怎么了解的话，就简单了，去华中科大，学个工科比学理科以后后悔的几率小很多……
如何看待华中科技大学主校区大面积伐树？,从来没对学校这么失望过。 搬寝室，我忍了。 修路，我忍了。 华小科被续，我也忍了。 可tm现在连树都要砍？可以说当时来华科很大一部分原因就是冲着森林大学来的，华科人爱树也是出了名的，梧桐树虽然会有烦人的梧桐絮，但更多的时候更像是亲人一样，总有一种说不出来的感情。朱校长立下的每砍一棵树都需要校长的签字在现在看起来更像是一个笑话。 不过这都是次要的，学校搞的这些建设真的是有必要的吗？紫荆路有必要扩宽吗？至少我亲身感觉是没有多少车的，倒不如拿出钱来好好修个像模像样的游泳馆。
华中科技大学机械专业和浙大机械学院哪个好？本人不打算读博。?,华科专排高，但管理官僚，方向传统 不建议
华中科技大学的网络传播专业怎么样？,华科工科较强吧，传播学这块感觉比较一般了。
庆应大学与华中科技大学的交换项目协议是取消了吗？,根本就没有过吧，百度百科你也信啊。我13年毕业的，起码在我上学那四年是没有庆应的项目的，交换项目里的九州大学，北海道大学都是旧帝大在日本地位很高的好嘛！其实工科去东北大学很好，就是地震了，唉！题主也别妄自菲薄了，华科基本上走的是踏实低调勤奋的路子，跟旧帝大的画风不要太合哦，都是闷头搞学术的，你可以去搜搜这些学校有没有什么诺贝尔奖啥的。庆应是个以文科见长的学校，经济政治这块有优势。华科的强项是工科，这两个学校怎么能扯一块儿去呢？
CS 华中科技大学和北京理工哪个好？,华科
华中科技大学法律硕士（非法学）怎么样？,以法学专业而言，在你列举的几所大学里武大是最好的 武大是老牌法学强校五院四系之一，全国排名在差不多前五的样子，在圈子里的影响力也大于你所列举的其它其所学校
上海科技大学与华中科技大学应该如何比较？,这有什么好比的，如果说上海科技大学之前没有211的头衔是因为没有赶上合适的时机，那这一次如果不能进双一流大学建设已经从国家层面上说明该校并没有想象中的那么受重视。而华中科大再怎么说也是可以进双一流大学名单的。所以强行两者放在一起比较不知道是黑上科还是华科
华中科技大 厦大 天津大 东南大 这四个大学我都能上 但只能上中下档专业 怎么取舍？,这个需要看具体专业了。是不是和这个学校的特色、强势学科、主要方向有关。 另外，这几个学校都是好学校，就业上来说，只要不是特别坑爹的专业，就没问题。 排名就是学术上的综合排名，具体还要考虑专业排名。看你报考的专业找排名。 想想专业问题吧
四川文科考生读四川大学还是华中科技大学？,华科一个工科强校，文科方面很鸡肋。 学文科还是去综合性大学比较好。 600零几分可以考虑川大、华（东）师范、北京师范、山大。如果有意向学小语种的话，到上外也好啊。
怎么查华中科技大学研究生报录比，保研人数，推免人数。？,通常情况下是这样子的，首先是上该校研究生院官网，其次是找到2017年录取名单公示，最后下载下来就能看到录取人名字，初试分数，复试分数，推免人数，复试分数，对照该校2017研究生招生简章就知道了，祝你好运～
经济学院在华中科技大学是怎样一种存在？,嗯，可以回答，刚刚从经院跋涉出来。我们的经院是理科，数学方面的课程那么多，不要再怀疑了。然后，其他的都要自己体验，如果是学弟学妹的话，一定记住我这句话，周少甫老师是我们的爸爸，遇到这个老师千万要小心，千万要小心，千万。保重
香港城市大学和华中科技大学读博士，怎么选择？,我觉得要看题主以后想要做什么吧。如果高校当老师的话是要海外经历的，hk博士是按照留学生来办理学历证明的，所以应该是算作海外吧。。（不确定）你要是想去什么科研机构的话也许在大陆会好点，跟老板搞好关系好处多多我觉得。博士这块不甚了解。纯个人观点
湖北最好的大学，究竟是武汉大学还是华中科技大学？,(⁎⚈᷀᷁ᴗ⚈᷀᷁⁎)欢迎大家来我科吃食堂呀 新年快乐么么哒。 2016.2.20   赶在断网之前赶紧放出更（nue）新（gou）链（da）接（fa）……  华中大眼中的武大——不仅仅只是东湖那边的武大郎     今天双十一，我们不过节     不基不腐 | 武大写给华科的情书：有你真好     这个光棍节，武大华科惊艳了全世界！    别的还有没有不知道- -等我发现了继续更新。 如果你认认真真问我，武大和华科到底哪个是湖北最好，我想没有一个人能给你答案。两个学校是两种完全不同的风格，优势学科也并不一样。这方面资料题主你自己去查百度心里都会有个数。最近知乎上这种钓鱼帖真多 =3= 这种争议性大的问题太容易撕起来。但是不好意思，我们爱互黑，但我们不撕逼，这种问题大家笑笑就过去了。  越说越跑偏，跟题目本身都没有什么关系了……武大肯定有不喜欢华科的人，华科也会有不喜欢武大的人，现实中未必会像知乎上这么其乐融融的。不过看到你们真的很开心。这种兄（ji）弟（you）院校的深情让我觉得很奇妙。 这么一个随便截图的答案居然得到这么多赞，实在惭愧。  不过呢，如果你一定要让我给你一个答案——       湖北最好的大学当然是武汉大学啦。我是华科的 ：） ~~~~~~~~~~~~~~~~~~~~~~~~~~~~~~~~~~~~~~~~~~~~~~~~~~~~~~~~~~~~~~~~ 明天放虐狗更新和正经回答，晚安WHUer，晚安HUSTer ~~~~~~~~~~~~~~~~~~~~~~~~~~~~~~~~~~~~哦，你也真敢问啊，还敢在今天问，那就秀你一脸吧。  微博搜华中科技大学学生会精选里先跳出来的是这个，嗯。                            回答没有什么帮助，尽情折叠，但是希望题主明白我的意思。  
控制专业去华中科技大学武汉光电国家实验室直博是怎么样的定位与发展？,大坑
我想上华中科技大学，但去不了好专业，只能服从调剂，选生物或者海洋工程什么的，到底值不值？,说实话，本科的话机械大类的都差不多，就比如船海的轮机，他的机械原理啊工程制图啊这些课也都是机械学院开的课。所以说差别没有你想像中的那么大，总之來华科读机械大类的专业都不错的
华中科技大学数学专业的专业书是什么？考华科的数学专业研究生有什么专业资料推荐吗？, 华科研究生招生网上有啊，数学分析，高等代数~ 
平心而论，华中科技大学算不算是名校？,算的，二档985，其中临川医学，电力自动化，机械自动化可是全国顶尖的专业。
为什么很多人觉得华中科技大学不如中山大学？,华科真的是在退步了，现在都退步到要和中山大学比了，心疼
哈工大这种C9高校，真的比华中科技大学这种非C9高校要好得多吗？,求轻黑。 C9 985 211只是一种分类。两财一贸还只是个211，无论招生还是就业，完爆各种985，包括窝工和你科。
我是华中科技大学机械制造及其自动化的一名大三学生，想考本专业研，各位能给点意见及建议吗？,作为我科机械二专业也就是如今的材料专业本科毕业的给题主说：只要过线，复试的时候把我科学生证往复试老师面前一放，就各种大功告成静候通知书了。  至于初试，只要认真复习三个月，绝壁没问题。  题主加油！  PS：没注意题主说要考外校，机械我科国内top2的存在，你考外校无非就是上交？ 据我所知，上交机械去年开始考研只招直博，并且上交一直以来专业课很难，每年变化很大，并且不公布往年试题，只有在网上找找以往前辈的回忆版。还是那句话，只要认真复习三个月，初试绝壁没问题。进了复试，我科还是能有很多加成的，只要不是一问三不知，就没问题。
华中科技大学本科要怎样能考上麻省理工的研究生？, 看到这个问题，我仿佛看到了当年踌躇满志的自己。所以这个问题我一定要回答。上面几个答案不能说是错的，但是太过于general，没有让你意识到这条路的难度，也没有让你意识到你需要到达什么样的背景，你申请顶级学校研究生时最大的竞争力是什么。  我和你一样是华中科技大学本科。大一的时候是电子系（现在这个专业已经被光电合并），学习也算顺风顺水吧，GPA年级第二，所有数学课程轻轻松松拿到满分。所以大一结束时的我比较自我膨胀，心比天高。那时的我便以毕业后去北美顶尖的工科学校读研究生为目标。当然，我家里条件不好，不能接受自费，所以只能申请全奖。 可惜毕业的时候才发现自己离那个目标差太远了，本科走了太多弯路。我失败了，没有去美帝，去了香港科技大学计算机系读MPhil（两年的研究型硕士，全奖）。  作为一个失败者，我给你具体分析一下这条路该怎么走。  一.你的目标具体是什么？ 你的描述是“自动化专业，今年入学，想去麻省理工读研”  这个描述其实很不清楚。首先，你想读什么专业？你想读master还是PhD？你是一定要追求全奖还是也能接受自费？ 这几个问题非常重要。可以说，不同专业的申请，master和PhD的申请是完全不一样的。  我们一个个分析。 &lt;1&gt;你的专业是自动化，按照我的了解，那出国基本就是去EE（电子工程）或者CS（计算机科学）这两个专业。当今的形势是互联网以及整个计算机行业都非常火热，不管是就业还是创业，机会都非常多，非常好。所以我估计你申请的时候选择CS的可能性比较大一些。 &lt;2&gt;想读master还是PhD ？我不清楚你的想法，所以只能帮你分开讨论。 &lt;3&gt;只接受全奖，还是可以接受自费？如果你只接受全奖，那么你的选择应该只有PhD   下文的讨论限定在CS/EE专业。   二. 如果你是想申请master  这个要相对容易一些，但也只是相对。在CS领域，最好的学校是MIT， stanford，UCB， CMU  这四所学校是计算机专业的四大神校。华科这几年，各个IT类的专业（电信，计算机，自动化，光电，软件）每年都有成功申请去四大读EE/CS的master的同学。 master是自费的，而且项目多，名额多，所以申请难度不大。只要你在华科自己的专业做到最优秀的一档，申请就有相当的把握了。年级前几，GRE和TOEFL考高一些，课外随随便便搞下也就差不多了。（当然，我并不是说这样的背景可以申请到master的任何一个项目，有的master项目还是比较难申的，这种背景远远不够）   三. 如果你是想申请PhD  首先明确地告诉你， 可能性很小很小，难度极高极高 。 我在华科没有听说过本科直接申请这四所学校CS/EE PhD成功的案例。  （2017年更新，今年有一个信安的华科学弟申到了CMU和哈佛的PhD， 真心表示祝贺！）  你要明白其实学术圈是一个很小的圈子，教授招PhD一般都喜欢找熟人推荐的，也就是说在他们这个圈子里面的。扩大到所有专业，华科的确有本科直接去MIT读PhD的。为什么呢？如上面一个匿名的回答所说，MIT现在机械系的系主任陈刚，是华科的校友。他本科是华科能源学院的。所以在机械、能源这些专业的申请上，还是能找到这种对申请很有利的人脉。 但是很遗憾地说，在EE/CS领域，华科这方面的顶级人脉太稀缺了。  本科成功申请到CS/EE PhD的学生，在整个大陆都非常非常少，基本都是清北虐爆全系的存在。参见 为什么在知乎出没的卡内基梅隆大学计算机系博士研究生，数量远多于其它四大 CS 牛校？ - Yan Gu 的回答 中的数据，12-14年清华计算机系申请上四大PhD的数目 12: CMU(2)， Berkeley(1)， Stanford(&gt;=2)， MIT(&gt;=2) 13: CMU(0)， Berkeley(3)， Stanford(1)， MIT(1) 14: CMU(4)， Berkeley(3)， Stanford(0)， MIT(3) 这些大神基本都是GPA极高，并且有顶级会议论文在手，有牛逼教授推荐信的。  明白了这些，你大概可以感受到本科毕业直接去四大读PhD的难度。申请这种级别的学校，华中科技大学读本科其实是非常大的劣势。正常情况下，别人教授估计根本没听过这个学校，简单地说不在他的圈子内。 所以要突破学校的劣势成功逆袭，基本只能靠两点：  （1）牛逼论文  这里的论文限定是顶级会议/期刊。我觉得华科学术水平如此低下，一定程度是因为还在把SCI/EI当做标准。明确告诉你，在SCI上面发一些水会，对这种顶级学校PhD的申请基本没有任何帮助。   （2） 大牛的推荐信  到底什么样的大牛推荐信对申请非常有帮助？无非是两种情况，一种是给你写推荐信的教授和你要申请的教授比较熟悉，熟人之间推荐当然有效；一种是给你写推荐信的教授，在这个领域具有崇高的国际声望。院士什么的不算数，很多中国院士在国际上也没什么影响力；IEEE fellow应该算，但这样的人华科也不多；ACM fellow肯定算，但华科似乎没有这样的人。  总而言之，逆袭的这两点，我科也处于劣势。华科CS/EE方面具有国际声望的教授太少，能发顶级会议/期刊论文的实验室也太少。  如果你坚定了要去MIT/stanford这样的学校读CS/EE的PhD，那么大概有以下这几条路： （1） 保持GPA年级前几，同时去华科少数几个大牛教授的实验室干活。跟教授搞好关系，争取两三年内发顶级会议。 这样的本科生虽然很少，但还是有的。我的一个朋友，11级电信系的GPA第一，大二就开始进一个大牛的实验室干活。他最后凭借着大牛导师的推荐，去了UCLA读PhD（在CS方向，UCLA已经很强了）。但是他的论文发的比较晚，大四在申请结束之后发了一篇PAMI（三作）和一篇ICCV（一作）。如果他能够在申请之前就发这样的论文，我觉得或许还可以冲刺一下更好的学校。  （2） 本科期间去牛逼的地方实习，在大陆基本上就是去MSRA，如果能直接去美帝顶尖实验室实习更好。在实习期间要出成果，发你这个方向的顶级会议/期刊论文，并且能找到牛人跟你写推荐信。  （3）先去一个更好的学校读研，然后研究生毕业再申请。 选择读研学校的时候，主要看你的研究方向。比如如果你是做计算机图形学，你最好去浙大的CAD实验室；如果你是做人工智能，最好去南大的LAMDA实验室，或者去清华、港科。 总之要保证你研究生所在的地方能够给你提供两种资源：这个方向的大牛教授，每年都产出很多顶级会议论文的实验室。  当然，如果你能自费去美帝的话，就更容易申请了。比如去CMU读一个自费的硕士，然后再申请四大的PhD就容易很多。  （4） 现在退学，复读，考清华计算机，最好能去姚班。 这条路最直接，但风险过大，不推荐。  最后，希望题主明白自己真正想要什么。这条路非常非常难，而且不是适合所有人。如果没有对这个领域足够的热情，即使成功拿到了offer，生活也是挺悲催的。名校的PhD可是非常苦逼的，如果不是发自内心的热爱，是很难坚持下去的。 祝题主好运。 ps：华科现在申请顶级学校非常艰难，是因为我们处于开拓者阶段。我相信经过几代华科人的共同努力，在国际上建立起足够的顶尖人脉和声誉之后，就会变得越来越容易。  update :   申请MIT，Stanford，Berkeley研究生成功的例子，希望能详细一些？ - 留学美国  你可以看一下这个问题下的几个回答，提供了很有价值的信息。  update2：题主已经加了信息“EE方向 必须有奖学金” 好吧，看来是选择hard模式了。如果是去美帝顶尖大学的话，估计只能考虑PhD；带奖的master太过于稀少，很多学校都不一定有；即使有，申请难度也不会低于PhD的。 另外，题主为什么才入学就觉得自己以后申请的时候是EE方向呢？我表示有些费解。 （1）申请EE还是CS的PhD，其实得看你要申请的导师。 由于EE和CS是高度相关的，所以一些具体的研究方向可能EE和CS都会包含。这个时候就得看你的导师在哪个系了。比如说计算机视觉方向，一般而言，我们认为这个方向跟CS相关性更高。但是如果你申请港中文王晓刚老师的PhD，就得申请EE。因为王晓刚虽然是计算机视觉的大牛，但他在港中文的EE系。 （2）近年来以及将来的趋势，CS整体上比EE行情更好。 我大一时是电子专业，后来转专业到了电信系。说实话，这两个专业都更偏EE，我一开始也以为我未来的申请目标是EE专业。但后面也坚定地选择了CS。一方面，我个人对CS的一些领域更感兴趣；另一方面，CS这个领域整体上也更有活力，行情更好。 其实不仅仅是我，现在EE转CS是一种潮流，甚至其他工科专业也有很多转CS的。可以看看知乎上这两个问题  如何看待EE转CS的潮流？ - 计算机科学   为什么研究生阶段有一大堆 EE 转 CS 的但却很少听说有 CS 转 EE 的？ - 留学  这一点不仅仅体现在出国方面，在工作方面也差不多。比如华科电信系同学的毕业去向，主流也都是去互联网公司（百度，阿里，腾讯之类的），而并非跟本专业最直接相关的通信类企业。原因无它，无非就是工资高，前景好。  所以我对题主的建议是，先找到自己感兴趣的子方向，然后才能决定选择EE还是CS。 
武汉大学，武汉科技大学，华中科技大学，湖北大学成考的分数线高吗？, 首先，华中科技大学、武汉大学没有成考。学校不招。  然后，湖北大学、武汉科技大学录取分数线其实差不多。到时是择优录取的，从高分到低分录取。 
国内顶尖的光电实验室是不是在华中科技大学？他们的激光技术是怎么研究的？为什么这么厉害？,国家实验室，直接负责国家在某领域的前端可以。是国家财力人力投入最多的实验室。
如何准备华中科技大学启明学院考试？,启明学院考试分数学和英语两门，建议想转启明的同学暑假好好预习微积分等课程，开学时可以在游泳馆买卷子做，如果启明考试失败，还是可以选择大一上期末的转专业考试，这个相比启明考试要简单，也是买历年卷子做就行。（ps：原化院人，现光电人）
西北工业大学，华中科技大学，哈尔滨工业大学三个学校最应选哪一个？谢谢,我是哈工大学生 我之前追过的女生的闺蜜是华中科技的 她期末考高数用手机拍下来照片问我之前追的女生 然后让我帮着解题 然而在哈工大 作弊被发现基本上就是被开除 这是个真实的故事
高考择校困难 对于电气类，西安交大与华中科技大学哪个更好？,选华科吧，从城市来说，武汉有光谷，从学校来说，华科这几年进步迅速，两校电气实力基本相当，华科的发展前景更好一些。  其实主要还是看你喜欢武汉还是西安，个人更推荐华科，校园环境好西交不少（树多，怎么说呢，实力相当，就比这些生活条件的东西吧哈哈哈）
如何评价华中科技大学计算机学院2016本科毕业答辩每个专家组强制留3个延期到八月份答辩名额的做法？,首先匿，以后再来传达我的负面思想。 下面正能量，女生可以不看（如果有女生点开的话），因为我科女生似乎一般都比较认真。  毕设一定要好好做，千万不要划水！ 毕设一定要好好做，千万不要划水！ 毕设一定要好好做，千万不要划水！  选题要慎重 尽量不要选完成各种应用的毕设，当然如果你确实有兴趣有能力有时间那就选了吧，这类毕设需要照顾的方面太多，界面、功能、数据库都要考虑到，容易出现不足。 选题的时候看清楚所在的实验室，答辩是通过实验室分组，万一你所在的实验室全是大牛，那你就自求多福吧！  做毕设要认真 认真把自己的课题做好，能复杂的地方千万不要简单（其实是深入理解的地方千万不要留在表面），不要仅限于完成基本要求，毕竟看的是工作量。论文要好好写，表现出自己的工作量。  答辩要好好表现 PPT做的好看点，尽量表现的高大上一些。 第一次答辩很重要，能不进专家组尽量不进专家组，可能这是你按时毕业的最后一次机会。  最后，就算进了专家组，也千万不要紧张，不做后三名就可以了，当然，如果你一不小心做了后三名，你还有机会，好好修改你的论文，暑假再去学校答辩一次就行了，毕竟学校是为你好！工作两个月还能回母校看看，如果你还有工作的话……     八月底回学校答辩完，现在毕设成绩也出来了，负面思想来了…… 这两个多月压力巨大，时时刻刻都会想着自己的毕设，但是又不敢想，因为我怕八月底的答辩又会再次奇葩的说留三个人。在这样的心态下我又特别期待答辩时间快点到来，因为我想早点结束这种日子，一想到自己读了四年毕业证都不一定能拿到的时候都会有一种透不过气的感觉。  嗯，现在答辩完了，之前以为的答辩过了就可以拿毕业证确定了是了九月底十月初才能拿到，也还不知道是九月底还是十月初…… 总而言之，这次延期毕业事件给我的影响有这么几点: 一、更加珍惜生命了，知道自己毕设没过拿不到毕业证的那几天真的不止一次想过找个楼跳下去算了，但是我没有，所以更加珍惜生命了； 二、谦虚？或者是自卑？两个多月来，一直觉得自己低人一等，以前觉得自己虽然玩玩打打，没啥实力，但是起码稍微有点优点，现在唯一的优点就是我特么延期毕业都能挺过来太牛逼了； 三、获得了上一条所说的优点； 四、获得了回答这个问题的机会； 五、久病成医，获得了瞬间转移(注意力)，(自我)催眠等技能； 六、由于牧师毕业了，而我没毕业，伤心之下不想玩牧师，于是盗贼满级了； 七、没空(or不敢or烦or压力太大or头疼or想静静or打炉石)没和妹子联系，现在大概是单身狗了； 八、多当了三个月的实习生，公司实习生与试用期的不同就是工资不一样，于是获得了许多债务； 九、现在还是缺少那两张纸……
如何看待华中科技大学绝望坡塌方事件？,然而我也是一脸懵逼，也许是土拔鼠准备攻陷我大华科了吧
如何评价华中科技大学？, --------------------------------  感谢大家的赞赏，但是希望大家不要再问我，“华科XX专业好不好？“的问题，第一，我只读了一个专业，大多数专业我都不了解；第二，什么叫“好”？好都是相对的，你的参照物是什么？第三，我如果说不好，一定会引来争议，而我的本意并非如此。  --------------------------------  正文  作为在华科读完本科的学生，后来推免清华硕士，我想对华科做中肯的评价，以给后人更多参考。  从就业上说，我想分理工和商科，我较熟悉。工科华科在全国是叫得出名字的，机械，电气，计算机软件，但是呢，三分之一去了深圳，为何？第一，北上的好学校太多，华科名气不够；深圳是软件产业最密集的地方，民企最多的地方，北京学校学生相对更热爱国企（北京国企最多），上海学校爱外企（上海是大陆外企最集中的地），华科学生好多进民企，oppo，华为，华星广电。商科，只能这么说，高考分数和你的就业机会成正比了，第一，如果你是华科经管本科生，你可能不知道实习对于你的重要性，如果你还想着说我是全国排名第十的学校学生，那么就业时候就麻烦了。上财，上外，甚至上海大学商学学生机会比你多太多，big name intern真的比你想象重要，华科的商科直接就业不好，没有在行业的强大校友资源，真的比上海高校差太多，就业意识太弱了。 一般来说，现在国内少数几所顶尖大学的商学院和部分一流商科大学的学生，在本科就业上已经和国际一流大学的同学们的步伐接近，这句话如何理解？一般来说，商科学生的最为典型的路线是：大一刷GPA，参加学生组织，开始参加公司组织的一些networking活动；大二，找一份平时实习，咨询，投行，四大等，第一份实习很难找，一般靠学长学姐和同学或者家人推荐，公司名气最好要大，这是开眼界的过程；大三上，当全国99.99%的大学生还在刷淘宝，Dota，最多在自习室啃书的时候，早鸟们在干嘛？申请大公司的Summer Intern，大家问这是个什么？就好比高考前的自主招生，大学的保研，最好的公司都会通过正式的暑期实习来录用一批人，校招再招一批人，外资投行基本全部在暑期实习生中留用，外资咨询的话大约一半，宝洁也是这样招人，这个暑期实习的待遇，一般来说拿的是全职员工的工资，或者打八折，在香港的外资投行基本5万块一个月，咨询大约两万多，宝洁广州大约8K，四大的暑期实习不是很流行，因为他们那时候是审计淡季；接下来有人问，你没搞错吧，大三上就面试暑期实习？不是最早也是大三下吗？是的，95%的公司暑期实习生都是大三下，但外资投行和宝洁是大三上，外资咨询虽然晚一些，但是也在大三下一开学，麦肯锡是大三上那个过年投简历。然后经过大三暑假的暑期实习，基本好的留用，运气不好的就校招，由于有了正规的大公司暑期实习，找工作也很好找。醒醒吧，少年，仔细理一下，本科毕业想要找好工作，你很早就得准备了，不要说我大四上秋招已经比考研失败的人参加春招早很多了，事实上，你已经是晚鸟了。清北复交经管学院的好学生，一般大三上会出国交换，在国外的时候申请大三暑假的暑期实习，要么回国面试，或者公司会视频电话面试，这，就是Trajectory，成功的人绝对不可能是偶然的。 如果是理工科，即使清北，绝大多数也是一头雾水，到秋招季节，要么毫无头绪，就顺其自然保研或者自费出国读硕，要么铁定科研，就国内直博或者出国读博。另外，举个没有严格数据的鲜明例子，华科和中山大学在各位心中地位如何？差不多吧，为什么，因为华科的工科完爆中大，但商科就被中大完爆，至少在就业和申请出国上。华科商科多少学生去London Business School？目测不多，有去Northwestern的凯洛格商学院吗？有去Booth Business School of Chicago University的吗？或者其他Magic 7?估计一年可能都不多，经管前几名很多保送国内学校了，由此可推测，这些国际知名商学院去读研不多，但是，各位！中大每年很多人去！那么，华科商科在国外名声没打出来，有机会各位，一定努力，保研去上海好的高校，北京好的高校，如果你是经管学生，保研去，不行就考研，最少去武大，中大，不要盯着综合排名，当你看到他们简历上的实习，你就来不及了。企业不看高校排名，只看印象。当你看应届生，实习僧等，翻过去三页找不到一个武汉的实习，就算有一个，也是码农实习岗位，你就明白高考分数为何上海财大高。对于商科的学生，还有一个极大帮助大家找工作的方法，就是参加国际性至少是国内的商科比赛，具体的比如欧莱雅的，hsbc的，Bertersmn workshop， maybank的mgac，自己搜索吧，一来可以出学校见识各种人，早知道自己不足，二来自信心极大增加，三来自己的简历和经验增长很多，眼界对于自己及时调整努力方向很重要，独学而无友，孤陋而寡闻嘛。  第二，学生质量。首先，华科学生过多，本科生一届7，000到8，000人，清华北大各3，500，浙大很大，也就5，000，学生多了就要降低分数线，自然影响生源，至于为什么这么多，我不太清楚，反正武大也是7，000左右。我的眼界只能看到华科学生毕业三年的样子，长远发展不敢说。华科成绩排名前四分之一的学生，是有较好的能力和竞争力和思考力，和上交浙大学生平均水平上下。你要说，你怎么只看成绩，不看leadership，但是经验来说就是这样，排除少数校会主席层以及科学竞赛获胜者，比如Acm等。这个是比较容易理解的，成绩好的人做事有毅力，focus，这是成功的极为重要的要素（几乎是必要条件）。  但从华科毕业找工作，第一份工作起点很难高，当然，C9学校的西交，哈工大和华科其实是差不多的，他们在三线城市，地理位置很不好，也是工科学校。咨询投行不用想，差太远了，能去华为就算不错了，除非你去好的学校读研。此处我提供一个数据，大家可能在别的地方也看到过一些就业薪资数据，但是不一定准确。我提供部分热门公司数据（2016年，为了各方利益，所有数据没有给精准数字），华为在华科招生，硕士月薪约为RMB 10K-11K/month，非常优秀的可以到13K-15K，本科9K-10K，华为在清北招硕士差不多15K到20K， 均为14个月到16个月。国际四大会计师事务所除了咨询业务，依然8K-9K/month。MBB每家年薪，16年入职的话总年薪40万，高盛的话15年入职投行部大约55万年薪，罗兰贝格16-17年package大约22万(base不到20万），Oliver Wyman年薪也有40万(base所有咨询公司里最高，突破30万），其余二线咨询atk等总年薪约为35万，宝洁所有部门2017年依旧12K/month，14个月，所有数据均为第一年入职，毫无疑问真实。  华科学生，相对中大，上财等学生，做事情确实比较埋头，认真，但是眼界不够开阔。工科生技术上平均比较厉害，商科生由于没有硬技术的优势，普遍拼经历，实习，英语，交流，想法，华科商科生在这个上不行，约在全国三十，工科前十。  关于出国，本科直接出去不建议，现在趋势是，美国前20，欧洲前十，亚洲其他国家前十左右（东大，京大，国大等），加拿大前3（特指麦吉尔，多伦多，英属哥伦比亚，虽然多伦多本科特别水，本科一届17，000人，但是硕士相对好一些，麦吉尔特别好，British Columbia有些项目不错），回国找工作，和清北复交有得一拼，其余的，比不上清北复交。要是你问我澳洲和香港读硕士如何，那么我觉得你可能还没对整个留学行情有个基本了解。先直接下结论：港硕（除了少数的Master of Philosophy， 那是每个月有1万多港币的政府奖学金的）很水，因为不要毕业论文，基本是一年，多的一年半，当然上课也要写paper，总体来说，无论留港还是回内地就业形势不太好，学费平均一年10万，投资回报率低，而且有个找工作时间问题，就是，大陆找工作都是提前一年，但是你去香港master如果读一年，那你得毕业了回来找，那时候压力就很大了，澳洲硕士差不多，成本还高一些。其余非英语国家（排除瑞士，日本等拥有少数顶尖名校的），或者爱尔兰，新西兰等英语小国，你为了体验生活可以，为了就业或者研究深造，还是算了，搞研究的话还是去美国，或者英国少数顶尖高校。国内企业不看国际排名，看印象，比如你是赫尔辛基大学毕业，和你是复旦毕业，国内企业首选哪个？但是赫尔辛基大学国际排名高于复旦。外企也不看。因为他们知道国内竞争激励，往往国内好的企业海外招聘国人回国，就说985高校的或者世界前100的。华科本科能去上述顶尖海外学校的，非常少数，我本科同学，成绩比我好（加权90），专业第二，托福99分（不算差），GRE330+，但是最后去了德州农机（半奖），她其实完全可以保送清北，但她想留在美国发展（那是另外一回事），如果想回国发展，不要直接出国。  另外一点，华科学生英语平均水平不行，比北上学生要差，这个是有基础原因的。华科的学生，中部占了很多，两广两湖，河南河北，这些地方在中学时代，英语教育落后于东部的江浙，更比不上上海，比如，河南省高考不考听力（至少在2010年以前），这导致了严重的应试，并且从来不听英语，口语尤其不练，大学想补上来，需要极好的方法和意志。我在大学时代，英语很重视，到大四的时候，考了托福，111，在华科，至少我没遇到比我高的了，我觉得和我高中时代的基础是分不开的，硕士以后，我依旧认真学习，现在比111分时候好很多。我们单位托福平均也要110以上。而且，高中时代一旦不喜欢英语，大学没有人逼迫，就能难学好，因此，华科英语平均水平和高中时代基础有关，高中基础又和省份生源有关，我没有任何地域歧视的意思（我不是北京上海的），只是客观分析。因此，希望后来人一定要下苦功夫，练好英语，我考托福的两个月，每天学习英语8小时。你日后找工作，几乎每一家像样的企业，都会面试英语的。有的人又说了，在大陆嘛，我找个国企行了吧，机关单位不用英语吧，民企不看重外语吧，是的，你如果上大学仅仅为了一个混得下去的工作，英语过了四六级勉强，那是可以的。 但是给你个数据：全世界百分之九十的网页是英文的，互联网是全球最大的知识库，如果你英语好，看英文的网站，以后读英文的书本，那你获得的就是最先进，最好的资源，而且由于新闻审查制度，不用英文网站你还不知道世界主流是什么，不知道外面人怎么看我们，不知道世界的动向，只缘身在此山中。从质量上，你看看百度弹出来的那些烂广告，你再看看Yahoo， Google，这不是数量上差距。另外，如果读研，好的论文杂志都是英文的，这个趋势，不夸张地说，一百年内至少不会变。并且，全球五百强的那些中国企业，有几个不是靠monopoly？monopoly的后果是，你进了这些state owned enterprise，除非你关系够，否则，你就发展不自由，请转到：在中石油/国家电网等工作体验？的问题自己看吧。美国仍然将领导这个世界五十年以上，在你有生之年，英语绝对是世界主流，而且在中国普及度只会越来越广，比如清华本科最好的基地班，在学堂上课的那些，老师上课都最好讲英文，虽然有的老师口语很烂，没办法，趋势，比如，东京大学为了吸引国际本科生，开了个peak计划，不要你会日语，再比如，中国的企业，比如，华为，腾讯，都开始国际化。  华科男女比例差不多2.5比1。男生的话，华科沉迷游戏的比例过高，导致少部分大学一事无成，其中部分毕业时候工资待遇很低，关键是职业起步就落后别人了。  关于华科的硬件设施，食堂很多，但是分布不均匀，导致下课很拥挤。关于宿舍，现在有空调，还算可以了，单指东边和西边本科生的。我那时候没空调，夏天真的好热，睡不着，还断电。总体来讲，大陆绝大多数高校基础硬件都一个水平，和发达国家差距还比较大，至少每年夏天雨季，华科主干道积水的问题都没办法解决，清华也一样，稍微下雨就积水很多，无论华科清华，内地高校的管理水平，比如报销，宿舍等非核心部分，还是很落后的。  关于一些实验室，排在全国前面，单比工科实验室，可能全国排第五左右了，光电国家实验室，是因为武汉是光谷的缘故，所以就坐落在了华科。理科的话，华科还行，比南大，科大，北大差远了，但是和其余的次一流高校有得一拼。文科的话，新闻还可以的，能在全国前十，医学，同济是不错的，毕竟那么大名气，和中山大学医学差不多。别的很多我不太了解了，但是总体华科还是工科著称的高校。  关于国际交流，华科做得很不好，交流的人数太少太少了，有一个重要的原因是没有完善的选课和学分制度，而且学生家庭平均不那么富裕。我本科四年，除了公选课的10学分，所有学分都是安排的，没有选择，我们修了200个学分，其中，至少50个是性价比非常低的，完全应该砍。华科的本科和研究生的交流网站，叫湖北华中大出国留学培训中心，上面的交流很多是台湾的，台成清交都有，还有印度理工的。管院有和慕尼黑工大的交流，电气有亚琛的交流，。华科每年有两个新加坡国立大学的交流，很不错，近年来有和加州伯克利的交换，当然，这个是费用很贵的，别的都不用学费。  此外，华科有一个良好的保研制度，尤其保外很受欢迎，单指工科，清华接收外校的每年最多的是华科，北大是武大最多，当然，比例上可能不是第一。有一点，想提醒学弟学妹，保外的时候，夏令营挺难的，除非你的加权排10%，英语也好，有一点小项目，不然南大都不要你，但是9月份保研季，很简单，15%，英语六级，基本能去交大，浙大很esay。清华的话，冲一冲也可能。所以大家大胆一点，不要怕。  关于大学排名： 因为之前答案分析太详细，我删掉了，综合了国内外很多的排名，在此直接给结论，较为综合的说，是大陆高校13名。 另外，华科本科有个地方特别好，就是创业氛围，我此处不罗列数据，但是华科的创业回报率全国第一，知乎上有“为什么清华，北邮等学校的创业不如中部省份华科”的提问，这个是非常复杂的原因造成的，我不仔细分析，但是有创业想法的同学真的来对地方了，大陆没有更好的大学摇篮，华科的三大团队，冰岩作坊，dian团队，联创团队，建议大家加入，只针对想创业的同学，当然不是只说理工科，各种学科都欢迎。 我是从职业发展的角度考虑的，如果你要学术，我也不特别懂，但是有一点，能有机会，不要留在国内读博，国内博士教育不行的，真心和美国学校差太多啦，2016十月补充：我现在舍友是清华博士，告诉我国内高校对于土博士歧视很重，清北博士不例外。 我在华科四年印象最深的是带我毕业设计的老师，他在上课的时候都是嘻嘻哈哈的，但是上课反复强调一句话，这也是他大学和职业生涯的总结，我一直铭记，“大学时候你比人家厉害一点点，出去以后就不是一点点“。本科阶段应该扩展眼界，比专注一点更重要，不要让别人老说：华科学生只有匠才，没有帅才。大学多尝试，多认识不同行业厉害的人，把错误犯在校园，哪怕考了零分，还能补考，不行还能重修，要是毕业了就没机会了。 补充：很多评论说自己是经管，文科的，很紧张，不用紧张，你可能没有看明白我的意思：如果你是商科或者文科，那么我的建议是去清北复交浙大南大（南京不是南开）人大读研，不行就去中大，武大读研，然后出来工作，那时候平台会高，至于怎么去，只有努力啦。 —————————————————————————————————————————— 6/21/2016 Update: 最近好久没上知乎，天天忙于为了今年校招的笔试面试在准备。最近看了一些case book和Mankiw的Principles of Economics，参加了一些咨询公司的小型交流会，和同道的同学多有交流，有了许多心得，主要针对以后的职业发展的，写得不对的地方请指正（以下所有内容均指中国大陆的情况）。 首先还是分理工科和商业的职业，在清华这个中国理工最好的地方，我发现理工科学生就业的发展貌似不如商科。这个其实是有深刻的原因的。如果理工科学生毕业去做研发，那么就有个问题，还是三类企业，国企，外企，民营企业，如果你去国企，比如，国家电网，三桶油（石化，石油，海油）等等，因为垄断企业的管理是较为落后的，在清华顶尖的学生是不去国企的（这是实情，以前爱去国家电网），因为职业发展受限，或者说career path不清晰，大家可以尽情知乎上搜索，怎么看待清华电气博士在基层待6年？；外企的话，General Motors， General Electric，BMW，Intel，Shell等，都是全球顶尖的制造型企业，但是他们30年前来中国，是因为两个原因：1. Market size (中国市场大），2. Labor cost（中国人工便宜），这是根本原因，后来中国教育上去了，有些公司开始有研发了，但是还是没有改变根本，那些研发，绝大多数不是核心技术，我举两个例子，第一个，我的同学在清华汽车系，他去大众研发部实习，回来和我说，部门只是把德国的技术做本地化调试，第二个，我去听过空客集团大中华区总裁的演讲，有人问：您觉得外企在中国发展最重要的是什么？他说：Keep the core technology secret. 所以去外企研发部岂不很委屈？（但是有些技术含量低的外企，比如P&amp;G等FMCG企业，大陆是会有核心研发的，但是那些企业的核心部门又是Marketing），互联网企业比如yahoo， hulu， Google都有大陆研发中心，但是核心技术还在硅谷，中国的工程师被硅谷的歧视比较严重；如果去民企，这是研发的好地方，自己国人的企业，但是问题还是，管理体制跟不上，太年轻，中国品牌想登上国际舞台还得十年，已经有很多华为等领头羊出现了，清华厉害的学生不是特别情愿去一个国内企业，还有企业名声的原因。那么理工科的就业为什么不如商科（这里针对大陆最顶尖的学校毕业生，清北复交），因为国内制造落后，制造行业需要积累，中国还跟不上，而外企又不愿意在中国有核心研发，但你又不会出国工作，美国本科毕业平均工资最高的是理工，因为发达国家的技术领先，那么顶尖学校商科为什么就业好？因为，商业型外企在中国是真的有核心业务的，VC/PE，投行，咨询在国内做的事情和国外本质一样，所以你进了这些企业，就相当于你作为一个发展中国家的学生进入了一个发达国家企业的核心部门，这在几十年前的中国是难以想象的，那为什么就顶尖学校的商科好呢？因为好的商业型企业少，招人少，如果多了pay就会降低，四大是最好的案例，十年前那么牛逼，现在呢？就吸引不到人才，而外资金融和咨询在中国是人才最为聚集的地方。 那么大家会问，什么样的企业好。到底工资，奖金，职业发展，累不累，工作地点，外企国企哪个最重要？有一个标准是绝对准确的：哪个企业的员工起点高，哪个企业就好。起点表现在学校，成绩，外语等。在应届生市场上反应的现象就是：越是优秀的人扎堆的企业一定有他的优势。宝洁的市场部，三大咨询公司，外资投行，Google研发等。因为目前的就业市场是自由市场，由于信息的流通性，最好的地方一定有最好的人扎堆，你一定不可能找到一个非常好但是竞争不激烈的公司。这就像世界上哪里有钱赚，一定有人去一个道理。 在今后职业的发展上，如果你只求安稳和生活，那么我不能给什么建议（没有说不好，每个人对于人生的理解都不一样，无正误之分），我想给的建议仅针对有事业心的人：你开始工作，仍然没有结束你的学习里程，不是说工作开始，就等于开始了过日子，因为，前几年特别重要。一定要选择一个发展很快的企业，你在里面几年就升级一次，工作内容要么能够研究很深，要么能够见识广，至少有一个。不要着眼于刚开始的一点工资，1万每月还是8000，那点差别几年后根本什么都不算。你进了这个企业就像进了一个学习压力很大的大学，几年一过，你可以跳槽，那个时候，你和大学毕业进了很闲企业的同学比，你就非常厉害，工资翻几倍了。那么等到你觉得你钱够了的时候，你就可以开始安稳一点了。真正好的企业效率很高，里面的人都做事绝对靠谱，效率，比如在高盛，老板说明早交报告，那么一定可以做到，而且非常漂亮，不可能出现像你在报销发票一样拖拉的，因为报销发票地方，工资很低，而越聪明的人，越往好的地方集中，效率就越高，成长越快，钱越多，这是良性循环。 
求华中科技大学研究生学长，最好是土木工程学院工程管理直系学长？,92年的需要吗？我毕业证书上写的是华中理工大学，樊明武印章
东南大学 中山大学 华中科技大学 中国政法大学选择哪一个？,双鸭山大学
理科女 有意报考华中科技大学 专业问题？,1.如果有明确的兴趣，喜欢什么专业就报什么专业，不用看下面的几点了。但是，我相信，大部分刚刚经历完高考的学生，对大学专业到底是干什么的根本不了解，根据专业名字脑补出一些高大上的画面很常见，真正进去了以后发现被坑的不要太多。 2.本科阶段选专业，学校学科排名不具备多少参考价值（但是在硕博期间这点很重要），参考学科热度和发展前景更佳。 3.如果你不是一定要读工科的话，推荐读金融、经济之类的商科，也就是选经院管院的相关专业。学习压力相对较小，毕业出路也相对更好一点。 4.如果要推荐工科的话，机不如电，电不如软件。这是从毕业后待遇来谈的。学习压力方面的话，工科一样都很重，尤其是机类，除了要学机类课程也要学电类课程和编程相关，课程杂而不精，导向性不明确。 以上，是我根据个人的经验给的一些建议，希望能对题主这样的初出高中校园的同学起到一些帮助。
中山大学，华中科技大学，上海外国语大学如何抉择？, 题主的需求改变，回答只给后人参考  --------------------------------------------------------------------------------------------------------------------------  我是中大的，室友是管理学院的，也认识岭南学院的同学。  首先，那些以厦大风景好为理由劝人来厦大是坑人吗，风景不能当饭吃。再说武大中大风景难道不好。厦门有几家基金、券商？都是官富二代不需要找实习就能直接进好部门吗？面向就业的话，(correct: 在可选专业相同或高相关度的前提下，除非容易转专业或者自己有清晰的规划和执行力， which means 自学)选城市。去了二线城市读本科，研究生还是要跑到北京上海深圳广州，所以提前问好就业升学情况，岭院管院精确到每个公司的就业数据学院官网有，去比较一下。以身边人的经历来看，一线城市回二线容易，从二线来一线可要费点力气咯。拿广州说 我一个理科的本科生，同学们找广发 易方达实习的挺多，更何况商院？  //插句话，顶级的实习靠内推或自己找，正常水准的实习在 学院的网站（不是学校） 上是有的。高中生不清楚行情，就上学院官网看看招聘信息（注意招聘信息的频率），哪家的招聘信息高大上一点就哪家就业好。其实学院好不好内行看看官网就知道...如果一个学院官网几年不更新，实习信息寥寥，就业报告遮遮掩掩，呵呵。我觉得会计事务所和一些银行的offer以及非主流的留学去向要以正常心看待，四大和银行不比从前了，反正高中生别那么容易被骗吧  就业报告-中山大学岭南（大学）学院    中山大学管理学院职业发展网    学生信息 - WISE    我很想甩一大串领英账号，给各位看看二线城市能不能刷出这种简历，想想还是不暴露同学信息。我们院今年出国有MIT的金融（mfin），NYU UChicago Cornell 等等不错的金融相关项目（金工金数）。其实读经济的学硕特别是博士，偏向于搞理论（数学模型）了。金融项目偏应用一些  中大的商学院有三家，岭院分最高，（我认为）管院其实和岭院差不多，特别注意大二会分流，所以你现在只要进去了就好——所谓的大类培养，我室友和我吐槽过这一点很坑考生因为专业的录取分有高低但最后没差别。国金不推荐。  如果能达到管院的最低分专业，建议来中大。如果不能，去厦大经济。中大转专业还是有点难，绩点要前百分之多少，额忘了，然后笔试面试，一群冷门文科专业的指望这个咸鱼翻身，当然我觉得管院也很好，不要紧盯岭院，国内基本都那几门课（宏微观货币金融公司理财等），用那几本英文经典教材 差别不大…  // 既然可以选中大法学，我觉得就看你兴趣咯。读法律也可以去金融业的（IPO上市之类的也要法务），也别局限金融，读了金融经济不代表就能进好公司。他们宁愿要其他专业的优等生也不会放水招金融经济专业的差生，所以结合个人的长处和兴趣选。当然，优生差生不是单靠GPA区分，看企业或者研究生生院的需求  //考研保研的事我可以给你介绍一下。首先，考研尤其是跨专业跨地区考确实很难（跨专业跨学校跨地区俗称三跨考生）。但基本上成绩排前20％（或者更松，因为我不在这之后所以不了解下限:）就有保研名额。其实大学不要太混好好学，拿中上成绩不难，拿顶尖的成绩还是挺难。。。要考虑到中大武大华科这种都在本省大量招生，你的水平比那些本省擦线录取的考生强。有了保研名额还要有接受你的学院。你对其他学科有了解+绩点不错跨专业保研就没啥问题，优等生通杀一切差生没人权哎。。。由于中大出国或者工作的挺多 保研名额还ok。总之一句话，本校的研究生招生对自己人会抬一手，跨学校还跨专业的不要怪别人下狠手。注意一下，考研一般是去考比自己本科更好的学校或者更好的地域，比如中大考清北(北京或深研院)复交，不要高估自己的本科学校在别人心中的地位。。。  //新校长是华科过来的，比不上许校长（现复旦校长）这种中大自己培养出来的校长开明。中央巡视组评价中大“意识形态领域问题较多”。新校长要讲政治了也是好事，算是一次弯道超车的机遇了。要超的是哪些学校呢，反正不会是现在和中大平级的学校吧:)  //中大 武大 华科（厦大不清楚）都是巨无霸型高校 学生特多。纠结哪个高校不如好好琢磨下在哪个领域能脱颖而出。每个学校的上限都很高，下限就有点惨不忍睹…  //厦大的同学不服说我们景色就是好，可惜我去过你们本部自然有比较。我也懒得和你再去争论了，拿中大珠海校区和南校区做比较吧。珠海校区风景美，设施新，妹纸非常多。南校临珠江，民国风，一部分宿舍老旧但是位置非常好。和广东标杆高校谈空调 谈服务意识 难道这些不是默认都有的么。知乎上有关于珠海校区的问题。“宁要海珠一张床 不要珠海一间房”，这就是不推荐国金的一个原因。 
如何评价华中科技大学的廖小飞老师？,上过他的操作系统课程，课讲得不错，人也风度翩翩 （就我所了解）在国内体系结构-系统圈子挺有名
一道华中科技大学02年的社会调查理论方法题目？,谢邀！  分析两个数量型变量之间的关系，其思路是先画个散点图，然后计算相关系数，最后尝试进行一元线性回归。  知乎不是帮助做作业的地方。我只能帮你到这里。
请问2018华中科技大学的管理科学与工程专业的参考书目有哪些？,《管理经济学》，聂鸣，张克中，买忆媛，华中科技大学出版社，2006年  如果想了解更多管科专业信息可去研途宝网站查看
如何评价华中科技大学张学明?,我光很多老师对他的评价都是很高的
评价一下华中科技大学的工科？,本科哪里都一样，不要指望大学的教学质量。主要是自己兴趣和自律。强和不强，评价标准是什么了？华科工科名气在南方很不错，但是又如何了？技术打工嘛，还是拼技术嘛。
为什么华中科技大学明明身为一个三本，却有人认为别人考不上?,华中科技大学不是三本，谢谢
我是北京的今年刚高考完的高三学生。想学习临床。不知道该选择首医的八年制还是华中科技大学的临床八年制？,同学你好，首先看到你想学医我很高兴，你和我当时很像，怀揣着崇高的理想打算成为收入中上，社会地位高的医生。然而，在报志愿以前你一定要考虑清楚两个学校间的差别。我是首医的，14年高考643。来了这里说实话我很后悔，当时同济632，八年制我是没问题的。首医医院是很不错，但校本部真是太令人失望。首先是学校有一些素质一般都辅导员，水平一般而且还经常给学生捣乱。由于他们普遍毕业于差中学，所以可能瞧不起学习好的学生，你一定要警惕。其次，学生素质太次，我们宿舍一到晚上就基本是撸啊撸。没有一个积极的学习氛围。学生勾心斗角很厉害。最后是学校不支持转专业和去外校，想想吧，你如果能去北医读研究生却因为学校的阻挠而不能去，你会怎么想?不知道是不是校友，我高中是十一的，来了这里的感受就俩字，后悔。仅供参考，慎重考虑
华中科技大学新闻传播学研究生分数线多少？录取率高么？,谢邀。我是研二的学生，没经历考研，恐怕无法回答清楚了，sorry。据我了解一届学生里保研学生会占一半，剩余名额有限所以考研竞争有些大。2014年广告专业分数线是355，仅供参考！
成都的电子科技大学mba和华中师范大学mba哪个好？, 个人感觉成都电子科技大学的MBA更好一些。 
文科生如果考华中科技大学是一种什么样的体验？,蟹邀。我自以为是的往偏了答，因为你问我体验的东西，我只能说文科这个范围太大，不太好作答。  众所周知，华科是一所以工科见长的学校，其电气，机械和光电的学科实力不亚于全国其他各大除了清华在内的高校，其他如计算机，控制等，在就业市场上也有很强的竞争力。然并卵，因为题主和我一样是文科生，哈哈，所以会有这样的疑虑，华科文科到底如何？虽然文科不是华科的强项，但作为一所985高校，其在浙江高考录取分数线近年来也有上升趋势，文科生高考录取排名稳定在浙江省1300至1500名左右。题主说文科不是太好，所以要提醒的是近几年如果想要通过选择华科作为文科生进去重点985高校，这条捷径也不太好走了。  其次，华科的文科是否具有竞争力，不能一概而论。新闻和经济，总的来说实力较强，校友资源丰富，我能记得的，现在活跃在舞台上的比如巴曙松，罗振宇。管理类院系，当年利用开办MBA聚集了一批工商业资源，财力雄厚。中文系以前有涂又光等泰斗在，至少有学术氛围的底子，现在也经常有知名作家驻校讲学。社会学系专业排名比较靠前，但是好不好就业真不知道。法学院，因为法学这个专业非常看重出身，所以如果有志于法学，还是先考虑政法类院校吧。至于其他专业，学校扶持的资金少，重视程度一般，需要慎重考虑。  总的来说，在中南六省，华科作为一所高校，本身知名度就还不错，但如果回到东南沿海，其文科的知名度就不那么响亮。题主现在要考虑后面这么多东西，还是蛮难的，那么建议就是，选一个自己喜欢的专业，最好这个专业也是学校的强项，如果专业和学校冲突了，那么还是优先选择全国重点高校吧，不过，即使在这种情况下，一本线附近的211就不要考虑了。  当然，我刚才的回答仅仅从学科社会认可度，就业形势等角度粗浅作答，不可否认的是华科作为一所985高校所具有的学术氛围，人文气息及拥有的资源，这是普通院校无法比拟的。除了学校的选择，如何在大学学到真本领，并且塑造一个完整的人格，这才是读大学最重要的~
如何看待华中科技大学的排水系统？,前两天 东九门口那条路上最经常爆水的井盖 …… …… …… …… …… …… 被封了 我就只能「呵呵呵」了 也有可能不是直接封掉 但是我明明看到他们挖个坑灌水泥(｀∀´)Ψ ╰ひ╯ 要引排不能堵啊 天知道下次下雨会是什么样子
如何看待华中科技大学新规，本科不努力，毕业成专科？,  本科生学分不够转专科   近日，一篇名为《关于印发的通知》的文件在许多华中科技大学学生中热传。根据文件的内容，普通本科生因学业成绩未达到学校要求而受到学籍警示处理，或因其他原因不能坚持正常学习的，可申请转入专科学习，达到专科毕业要求后，按专科毕业。     关于学籍警示处理的问题，文件中称，学校今后每学年秋季将对普通本科生（新生除外）所获学分梳理一次。对未达到培养计划总学分四分之三（二年级为二分之三）者，给予黄牌警示；对未达到培养计划总学分二分之三（二年级为二分之一）者，给予红牌警示。受到红牌警示或者累计两次受到黄牌警示的，应转入专科学习，否则予以退学处理。  根据文件的规定，本科生转入专科学习，必须自转入专科时起三学年内取得专科毕业资格，否则予以退学处理。转专科学习的学生学费按该本科专业学费的75%收取。转专科学生在校学习期间不得转回本科，不得转专业。“本办法从2017级学生开始执行。2016、2015、2014和2013级（五年制）本科生可参照执行。”      老师称是退学外的另一种选择   一位化学与化工学院教务科的老师在接受采访时表示，“我们每年都会遇到一些学生，在大学期间很颓废，在学分清理时按照校规应予以退学。但有家长觉得，自己的孩子在原本优秀的情况下，现在被予以退学，接受不了。”他表示，学校层面在校规的余地里，从人性化角度考虑，给予了学生转专科的选择。学生在转入专科后，学习压力会小很多。  该老师表示，此后学生如果能顺利拿到一张专科的毕业证，比直接被退学了之后，在社会上立足的资本要高一些。“在公平的问题上，首先和在校正常学习正常毕业的学生不构成冲突，而对于这些学分达不到的同学来说，这是给他们的一个人性化选择。”     网上也有各种评论，在我个人看来，这个政策很好，在大学，很多人因为安逸而选择堕落，整天无所事事，颓废，此举也可以让大学生们上进一点。 
华中科技大学东篱的炒饭如何？,(￣▽￣") 竟然还有这种问题，嗯……个人不太喜欢，太干了，鸡扒猪扒还行，不过又有什么关系呢，东篱的好处就在于营业时间长吖
怎么找到华中科技大学的男朋友？,华科知乎群号应该可以在资料里看到吧
华中科技大学光电专业留学去德国，要准备些什么，现在大一?,你打听下，光电实验室有人今年硕士毕业，然后去德国读博的。确切消息。抱歉不能直接和你说~~~~~~
哪里可以下载创新工厂在华中科技大学宣讲的PPT？,一般这些ppt等资料是不会外传的，找学生要吧
你好，我是华中科技大学的大一新生，想转军校，以后进部队，可以吗？,每年都有从本科生当中选拔国防生，可以关注一下。
如何评价华中科技大学某学院大一辅导员处理事务方式不当的行为？,最后一次更新答案，又发现这么多人的点居然集中在国奖答辩上么?你们的点真的很奇怪啊，说国奖答辩只不过想说明学习习惯问题，和我装逼有什么关系?和唯成绩论有什么关系?真是不懂了。你们是不是看到这个就进评论区撕逼了? 这利益相关怎么就成装逼了呢 搞笑，那就把你们觉得我装逼的话去掉吧，好，利益相关就是华科电气大四即将毕业的老学长。  首先想问一句，在坐的各位抨击辅导员的答主，你们有没有哪怕一个觉得自己的学习习惯好到不需要别人监督?如果没有，那我就大概知道你们为什么这般愤怒了。   作为一个过来人我是真的认为你们这样评价辅导员有失公允。  说实话，你们晚上干什么，成绩好不好挂不挂科跟辅导员一点的关系都没有，我们这一级辅导员就是你们希望的那种啥事不管的辅导员，结果呢?我们这一级挂科率高到令人发指。然后你猜怎么着?辅导员屁事没有还升官了。  所以啊，你们不要以为辅导员这样“压榨”你们是为了自己的什么利益，他这样是真的为了你们好你们知道么? 等哪一天你电机挂了，电磁场挂了，再回忆起今天辅导员苦口婆心让你们好好学习不知道你会作何感想。 断电了有的人在寝室睡觉玩手机，有人去网吧玩，也有人去自习室自习。你们说断电是治标不治本，那我只能告诉你，断电是辅导员能用的最后的，唯一的办法了。你们是自暴自弃还是奋发向上那是你们的事，不要以为辅导员是为了整你们搞断电，他吃饱了撑得得罪你们这么多人?不要不识好歹，等到时候吃亏了不知道你们会不会又去把辅导员不严格要求你们批判一番呢? 呵呵 大半夜没睡醒写了这么多胡言乱语 你们愿意听就听，不愿意就折叠吧
如何看待华中科技大学学生会发布黄图一事？,通知上都说了，QQ空间自动抓图只会抓一张，那么另外的图片从何而来？  通知上都说了，是在图片已经抓取后切换的网络，那么此时本地已经有了DNS缓存，所以“DNS解析异常”就是在强行甩锅给电信运营商咯？  以上是评价。 以下是问题。  1. 你们是否真的向腾讯客服、技术人员了解情况？谁主张，谁举证，请提供截图。 2. “了解情况”的具体范畴是什么？ 3. 得出的结论，有没有进行再验证？不对结论进行重复验证，恐怕对不起贵校的“科技二字”。 4. 对于造成此次恶劣影响到责任人，有没有进行处罚？ 5. 作为学生会的直接负责人，学生会主席，有没受到处罚？ 6. QQ空间发说说时，选择上传高清图片的按钮旁有oppo的广告，而发说说的运营却在使用oppo手机，你们有没有收oppo的赞助？
在华中科技大学计算机科学与技术学院就读是一种什么样的体验?,谢药。  本院的就读体验啊，无非是那些人那些事嘛，那就分别从人文以及教学两方面展开好了。  1. 我的同学们。  都是一群很聪明的孩子。记得年轻的时候，大家讨论过这样的问题，是考一本容易还是三本容易？从分数来看自然是考三本容易，但是问题是怎么才能考出这么低的分...  我相信大家学习能力都很棒，相信大家只要愿意在某件事情上投入时间，就会有远超常人的收获。  然鹅有趣的是，这群家伙的技能点是随便点的。高中时，大家技能点都点在了学习上，但到了大学，大家的加点就变得奇怪起来了。同样的点数，有人投了技术，有人投了GPA，有人投了学生组织，有人投了美食，有人投了旅游，有人投了二次元，有人投了韩剧，还有男孩子投了女装！  我院每届有三百人左右，就算十个人中只有一个大牛，我们也有三十个大牛；就算十个人中只有一个驴友，我们也有三十个驴友；就算十个人中只有一个妹子，我们也有三十个妹子！这可是整整三十个妹子啊喂！莫名其妙的骄傲脸  感觉我的同学们充满了可能性，不论喜欢做什么，总有很大可能找到志同道合并且很优秀的人。（如果你肯走出寝室的话）  2. 我接受的教育。  总之就是上课和做实验吧。  上课这里，我觉得我们接受了很多“正确”但感觉并没有什么用的课程。这些课程包括政治课，没人告诉我会在计算机的哪个地方用得到的数学课，还有一些完全不知道和计算机专业有什么关系的课程。生有涯而知无涯，学院安排这些课自然有其道理，但我觉得这些课程的性价比很低。  实验这里，抛开一些“正确”的实验，比如物理实验、电工实习和模电实验，我们有很多值得回忆的实验。平时小打小闹的，考验基本功的实验就不说了，这里谈一下课程设计。  我们做过的课程设计大概包括，C语言课程设计，数据结构或汇编语言课程设计，数字逻辑课程设计，操作系统课程设计，软件工程课程设计，计算机组成原理课程设计，计算机接口课程设计，IC课程设计，编译原理或数据库课程设计。  （感觉我学东西很功利，用不到的都懒得学，如果没有课设的助攻，估计我是不可能保研的。）  这些课程设计的确起到了很好的锻炼效果。  C语言课设，一般人需要四千行代码才能完成，独立完成后我敢说，大家的编码能力和调试能力会得到质的飞跃；  数字逻辑课设，一般人需要几百行到数千行不等的代码量。这门课设训练的是FPGA编程与调试能力，从这门课设开始，我们才敢确定，我们不仅能搞软件，还能搞硬件；  计算机组成原理课设，集中两周完成，我们只需要使用logisim完成电路图的绘制，而不需要使用verilog实现。最终我们完成的是一个基于MIPS指令集的支持嵌套中断的五段流水重定向CPU。这门课设打破了软件与硬件的界限，让我们知道机器码运行的本质；  编译原理课设，由于是大四，我们基本处于放养状态。最终的目标是实现cmm语言的编译器，完成cmm代码到中间代码的转换（前端），完成中间代码到具体平台的汇编代码的转换（后段），最好还能完成代码优化（计算机体系结构有讲部分）。这门课设完成后大家对计算机语言的理解至少拔高了一个档次。语言间的区别主要是编程范式的不同嘛，面向过程的C，面向对象的java等，函数编程的Haskel，支持泛型的c#，还有语言同时具有多种编程范式，比如cpp。最终编译器都给你弄成针对某平台或虚拟机的机器码了；  那我们的课设安排完美嘛？不，当然不！我没有提到的都是印象不大深的，要么太水，要么可以水。我觉得这些课设完全可以增加难度，或干脆让给别的课。我挺羡慕清华大学的ucore项目，这应该是他们的操作系统课程设计，他们会完成一个小的操作系统，目测还可以在虚拟机上运行。在看到这个项目的时候，真希望这是我们的课程设计。  此外我觉得我们最大的问题是闭门造车！  老师在我们完成期间不会给予过多指导，这我可以理解为不想局限我们的想象力；可是在我们完成后，老师仅仅检查运行结果，然后根据报告打分，我觉得这有些不负责任。  我希望老师能在课设结束后，花上整个课设一半的时间，为我们讲一下业内惯用的方法，学术界普遍采用的方法，甚至由学霸演示并介绍自己的技术方案。须知，完成是不够的，我们也渴望更优雅的实现，但是我们的眼界和积累却远远不够。   就这样啦～ 回答得比较主观，见谅！  ---  补充一下，ACM班和计算机卓越工程师班的课程安排和普通班不一样，此外计院在14年课改了，而我们恰好是13级的...
文科，要读社会学专业 选华中科技大学还是山东大学还是西安交大，他们的文凭认可度怎么样？,华科的社会学在这三所学校中最强，全国前十，有大牛，但是不要报大牛的研究生，培养方式太奇葩
如何看待华中科技大学陈传仁的9个女朋友？,太过于幼稚的人才总会站在道德制高点批判别人，说些自以为豁达的话，做着自以为正确可惜没被别人理解的事情……生活还欠他一个教训。这种小男生，该历练
华中科技大学有专科吗，有的话应该怎么报考。江西高三考生。？,文华学院
中山大學和華中科技大學(讀醫)哪個好,都别去
武汉大学和东南大学、华中科技大学哪个更合适？,考完试如约来填坑，我是江苏省考生，当时名次是省1000，我可以填报东南和华科，同时也也可以去南大，可以冲浙大，但是我最终选择了华科电气专业。 首先，我们填志愿得综合考虑自己的性格和兴趣。就我而言，我没有去尝试浙大（后来证明填了刚好可以卡线进去）因为首先当时浙大是分大类招生的，就是只有理科实验班，工科实验班之类，专业是大一上完后才选，我知道我正常水平就是全省 1000-3000 左右，我这次高考算是正常发挥，我进去肯定算是水平靠后的，在这种情况下我不能保证我选到心仪的专业。也许有人会说可以大学努力啊，我知道我个人不属于那种天赋型选手，我无法保证到时候一切如我所愿，我的性格决定了我不希望去冒险，我辛辛苦苦高考发挥了最好水平如果最后读的专业都由不得我我觉得不能接受。 然后是南大，我这分数去南大还是有些专业可以选的，但是我想读工科，而且目标基本明确在电气，这样南大就不在我的考虑范围内了，纵使他有千般优点，但我知道他不是最适合我的。 下面便是东南大学和华中科技大学，东南大学在我们省分数虚高，是超越华科的，但是在全国不同省份他们的分数线是互有高低的（大家可以自行查阅近几年的数据）这就涉及到了学校认可度的问题。不同的大学不同专业在不同省份的认可度是不一样的，华科在整个华中华南认可度（或者说影响力）是要大于东南大学的，而东南大学在江苏省内的影响力除了那几所比较出名的之外别的大学一般比不上它。但是大学认可度得综合考虑专业的认可度，华科电气专业是全国第二，而东南大学排名却在其之后不少，我同时让家长询问了所认识的电网的相关人士，他们普遍表示在江苏华科电气的文凭还是比较认可的，这样我的目标基本就确定了。 絮絮叨叨回忆了那么多填专业时我自己的一些想法，是想告诉题主可以从哪些方面来思考问题。当然如果心仪专业也不确定那么可以进行更多的思考。  下面谈谈私货吧，我没有在东南读过书，不好妄自评价，但我谈谈武汉读了几年书的感想吧。首先，如果你想读工科，绝大多数专业华科绝对是比武大优先级高很多（比如电气机械能源计算机光电之类）。而且我在这边的感觉是华科整体学习氛围比武大浓厚，但是华科不同专业间差距也是有的，有的专业明显学习氛围不够。我们电气专业总体是不错的，我不知道你这个名次上不上的到电气，你可以关心一下。关于我们学校存在的一些问题，可以去看一下我的另一篇回答。 如果你目前专业意向不确定，我劝你花更多的时间去了解下不同专业，比如绝大多数我认识的光电的同学都说光电专业是个大坑，纵使华科专业排名第一（这是由专业整体发展和行业发展水平决定的）而比较传统的工科专业如能动电气之类，整体的教学水平，课程安排，毕业去向等都比较完善，下限比较高，而且有一定发展空间。  所以，综上，填志愿是一个需要宏观把握各方面影响因素的过程，我觉得题主可以先明确想要就读的专业再分析比较不同学校利弊。如果几个专业都可以的话，可以考虑下毕业之后意向是留在武汉、南京还是回家乡之类，再在此基础上进行更多了解。 就我个人而言，虽然武汉也是一个中心城市，但是他给我的感觉并不如江苏的一些城市和上海好，而对一座城市的了解又是另一个漫长的过程了，题主可以暑假多出去走走，领略下祖国大好河山。 不知不觉写了那么多，希望对题主有所帮助，另外行文仓促也许有错别字和语病，望见谅。   最后一点，不管做了什么选择，不要既得陇，复望蜀。也许你会有几分浪费掉，也许你进去了发现并不是如你想象的，但是如果这时候无法改变（退学复读）那么你就得去接受它，然后逐渐的喜欢上它，为你自己的选择负责，我觉得对自己的选择负责是填完专业大学教给你的第一堂课
东南大学和华中科技大学该怎么选择？,目测楼主武汉理工，个人觉得到长三角就业东南大学还是有优势的，不过还是看具体专业。两个学校工科实力伯仲之间各有所长，找工作的话，大型企业校招应该是两个都会去的，也没差。 专业实力相当的话，选考上把握大的。
在华中科技大学就读是怎么的体验？,嗯，恋爱呢，就不要在本校找了，华师是咱的对口单位，本校的女生太聪明也少，你没法糊弄。学习呢，你放心好了，图书馆常年是人满为患的，就不要指望占座了，乖乖在寝室复习是正经的。吃呢，那么多食堂，总有一款和你口味的。说俺们学校基友多，开玩笑，俺们学校当年可是出产种子帝的地方。
华中科技大学和西安交大，哈工大哪个好？,目前来看，华科的发展态势最好，哈工大有点起死回生的感觉。交大颓了十几年了。哈工大的校长调来交大以后，大动作很多，可以看出来是肩负使命，习自称西安人，估计给了交大不少优待，教育部和省政府都开了不少绿灯，能不能起死回生，17年就可以看出来了。
如何评价华中科技大学的机械学院？,看到机械明晃晃的大楼就觉得他们拿走了窝科所有的资源，校长都来自大机械2333333
请问在华中科技大学紫菘一栋住了4年是一种什么样的体验?, 泻药（呜呜怎么没人邀请，  还差半年  感受如图   
怎么看待华中科技大学记者团删除“同歌同行”稿件？,同意华中大评论社的观点。我也说一些自己的见解。 宁堵不愿疏，不可能是最好的解决办法。  先说一下现状吧。 校方的态度很明确:同歌同行肯定是没有了，不准你们那么多人一起玩。啊？有反对意见？那啥，赶紧的，给我删了。 办这样一个活动，其实维护治安很费功夫。 “同歌”，也就是晚会，参加的人数特别多，难免会发生一些什么事。上海那边的踩踏事件的发生，也给我们提了个醒。 “同行”，也就是泼水节，自从它开始，每年都会有人受伤。比如破五栋的门，被玻璃划伤之类的。 但是，年年有同歌同行，年年有这样的理念，为什么刚刚好今年，还有以后不准办了呢？  现在的校长对学校了解不多，而且新官上任，也肯定不愿意出事，必然会强调安全性问题。而且同歌同行自开始以来就问题多多，自然就牵扯到了同歌同行。让我们换位思考如下的场景:  校长:“那啥，老王啊，这个同歌同行安全问题好多啊，你们下面想个办法解决。” 老王:“好好好，校长您说啥就是啥。” 老王回到了自己的办公室，对着自己的下属说:“狗蛋儿，同歌同行问题好多，你给我想个办法解决。” 狗蛋儿也很郁闷，回家拉翔的时候玩了一会儿手机然后想了一会儿，没想出来，也就懒得想了。于是第二天跟老王说:“最近真的事情好多啊，这个问题太难了，我估计没啥好解决办法。”然后接着跟老王抱怨了半小时自己最近有多少事。 老王听了，觉得很有道理，十分感动。于是告诉校长:“校长啊，这事真没法办了，我们所有人一起想了好久呢！这活动还是不办了吧。” 校长心中一惊，心想:撤销不好吧，但是老王一直在学校待着，肯定比我更了解学校，他没有办法，看来是真的没办法啊，既然我交给他了，就相信他吧。 然后老王回到了办公室，继续玩自己的连连看去了。  “所以，对于那些存在安全隐患的活动，如果其有存在的合理性和必要，相关职能部门应该做的，就是消除安全隐患，这是你的职责，这也是财政供养你们的原因所在，倘若不顾学生感情而强行取消，说白了，这就是典型的懒政。”摘抄自华中大评论社。  与其说不让这件事发生，不如想办法最大程度的减小损害。 比如说在全校内征集大家对活动的一些问题的建议。华科这么学生，还有多少好的办法。这总比全校学生怨气冲天好的多。  综上所述，办事思路的问题。  ——————————————————— 吐槽几句: 最近似乎有华科民间组织想自主做毕业活动。 我个人认为可行性不大。 有关部门一定会百般阻拦。 说不定有关部门打听到了你哪天晚上泼水节，它给你停水了呢？
怎样才能认识华中科技大学的男生？,加这个群来307461813
你为什么不推荐高考考生报考华中科技大学？,我们不推荐华中科技大学，是因为那里的学生太过低调，太认真学习而减少了娱乐，我们不推荐向往张扬青春的同学报考，因为这里不适合你。  我们不推荐华科，是因为它对自己的学生要求很高，老师上课太过认真，考试太严，让你不得不学习，在这里混四年太难，所以不适合你。 我们不推荐华科，是因为这里的学霸太多，虽不比清北华五却依然让你有些被碾压的感觉，这里学风太浓，图书馆总是人满为患，所以不适合你。  我们不推荐华科，是因为它总会出一些大新闻，弯了的前主席，反同与顶同的争执，这里的工科男竟然没有默不作声，竟然理性的去反思去看待问题，真是奇怪。这里不是一个适合搞大新闻的地方，或许不适合你。  我们不推荐华科，是因为这里夏天积水，全年时而停水。学校一直被吐槽，每年修修补补，依然做得不够好。即使我们看得到学校的努力，即使领导能听到不一样的声音，我还是不推荐它。  我们不推荐华科，是因为这里的人文气息太少。每周的人文讲座竟然会爆满，余华来讲座排队竟然绕了报告厅一圈，校园文化节这么多僵硬的活动竟然也会有很多人参加，这里的人文气息不够留住你。  我们不推荐华科，是因为这里的道路笔直，树木太高大以至于遮住了阳光，这里缺少美丽的建筑，60年出头的校史也没啥底蕴，整个学校充斥着面向互联网时代编程的浮躁。它太过功利地追求机械上的完美，或许也不适合喜欢柔美的你。  我们不推荐华科，是因为它有着7000亩土地，80万课树，太大太大，东西长四公里，韵苑和紫菘成为了异地恋，走路太费劲，只能骑车穿越校园。这里太大，也不适合喜欢小而精致的你。  我们不推荐华科，是因为这里的团队太多，dian，联创，冰岩，电工基地，机器人，各种各样的启明团队让你眼花缭乱，他们严苛的招人规则又让你望而却步。这里的选择太多，或许也不适合你。  我们不推荐华科，是因为这里的校友名字不够响，微信之父张小龙也不过只是腾讯的副总，天才李一男竟放弃了百度继承人搞起了电动车，那些一出校门就创业的人竟然也没冲进胡润前十。这里的年轻人太踏实，只会搞技术，玩不了权势，或许也给不了你需要的。  我们不推荐华科，是因为武汉是最大的县城，不靠海也没啥好风光，每天不一样，却在经受城市崛起的阵痛，2049太远，我们早都毕业。武汉的野心太大，或许不适合喜好安逸的你。  我们不推荐华科，是因为这里的华科男太沉稳太踏实，热爱运动，醉心学习和科研，和女生说话就脸红。话少，钱多，死得早。不会约炮的男人有什么出息？你一定看不上的。  我们不推荐华科，是因为我们知道它很好，而我们喜欢低调而不爱炫耀。不推荐不代表就要黑他，推荐也不见得就认为它完美。  我们不推荐华科，是因为我们知道它还有很多很多不足，泼水节被人诬陷就不敢办了的校领导，怎么修也会见到的东九海，还有那让人爱不起来的武汉。 可是我们依然爱她呀！我们每天都能看到她在慢慢变好，越来越多的活动和讲座，越来越美观的校园，努力讲课和科研的老师，身边热爱学习却很会浪的小伙伴，还有仍然努力倾听学生声音的领导。至少我们知道，她一直在努力，从未放弃！  如果高考可以重来，我或许会去尝试其他的学校，比如一个财经类大学治治我的单身病。但是我依然会推荐你来华科，因为它真的很man又很人性，它的潜力还很大，它能给你你想要的一切！ 并非怼提问者，大学四年，总有那几段时光让你对母校生无可恋，无可厚非也可以理解。可当我们毕业回首时，我们也会发现，其实，她真的很好，我们也真的很感激！ 青春那么美好，既然来了，干嘛悔恨呢？向前看，发掘学校的美，我们可以经历非常美好的时光！（＾∇＾）  
「华中科技大学」为什么在地域上名声的差别这么大？, 每次被问到这个问题，总有种淡淡的忧伤。总结起来，大致有两点。1.校名惹的祸；2.不重视宣传。  具体来说，华中科技大学这个校名中的“科技”二字，让人有种蓝翔或者新东方厨师学校的既视感。除却中国科大，国防科大，估计大部分中国人都把带科技的视为不入流的学校。(所以，建议南方科技大学改名：-)。这虽然是偏见，但确实反映了大部分人的想法。坊间有两个改名版本：第一是与武大兼并，但是华科不同意，因为华科名气没有武大大，所以要合并华科肯定会成为分支；第二个版本是华科想改名为“华中大学”，但是由于同处武汉的华中师范大学以前叫“华中大学”，所以，要改名就必须兼并华中师范大学。但是从目前看来，没有实施的可能性，虽然这对华科极其有利，补充自己的文科短板。所以，对于大家对华中科技大学的“偏见”，一定程度上是“科技”两字惹的祸，并不是大家故意而为之。  第二点，我觉得是最致命的一点，就是学校太不重视宣传了。这个时代，已经不是酒香不怕巷子深的年代了，学校必须重视宣传。  从几件小事来说吧。“根叔”这个名词大家应该都不陌生，但是对根叔背后的华中科技大学，很少会有人关注。正如很多老师辅导员所说“根叔名气越来越大，学校排名却越来越低”。不管是学校宣传侧重点在校长，还是网站宣传侧重在校长的“潮词”，这都在浪费宣传的机会。“根叔”在学校内部也是褒贬不一，大多数时候是贬的。所以，宣传不在学校而在人，本身就值得商榷。  第二件小事就是，作为985，211学校，大多数时候都出现在高校排行榜的前十。华科却没有在宣传的时候把这个作为重点。无论是学校的宣传手册，还是每次去高中的宣传，都没有强调这一点。每次都在说，我们有国家光电实验室，我们有筹建的脉冲实验室……如果不跟家长考生说你在前十甚至更高，谁关心你有什么实验室。。。  第三件小事，就是最近很火的东九墙事件。先不说学校建墙是否正确。学校在各大媒体报道“学生涂鸦”之后，采取涂白，保安日夜监视的方法，实在是把学校推向了学生的对立面，媒体的对立面。如果学校可以借助这种大好机会，免费宣传。华科完全可以让大家见识到华科的包容性。(要建世界级名校，不是口头喊喊的)  最后一件小事，每次提到华科，总免不了提到武大。先不说武汉大学以省会命名占尽优势(又是名字)，光是武大的樱花就足以每年吸引大量游客前往武大，武大的名声早就名声在外。然后，其实华科东九前的木兰，校门口的梅花，沁苑和紫崧的落叶，绝不逊色樱花。可是，没有任何宣传，还是硬伤。(虽然华科的学生每次都会自嘲，华科的美留给华科学子静静欣赏，不用喧嚣打扰)回到上面的涂鸦事件，如果当时学校能采取宽容的态度，顺便宣传一下：也许您下次在欣赏完武大的樱花，可以来华科看看人文气息的涂鸦墙。如果真这样，何愁名声不远扬。再说“泼水节”，好好的毕业游行，正如国外大学的毕业“裸奔”一样，不宣传，反而被微博上不明真相的群众喷成了筛子。  最后，学校的名声不仅在校方，其实也在学生。先不说自称“渣科”，“渣工”，每次当被人问及华科的时候，大部分人不会义正言辞的纠正错误，反而一起加入自嘲的行列。这样虽然没有错，但是，请记住，说多了，连自己有也承认了。华科的学生确实很努力，也许哈佛凌晨四点图书馆是假的，但是在华科，通宵图书馆真的是人满为患，抢不到座位。名声是一点点积累的，有如此努力的学生，加上适当的宣传，何愁没有名气呢。  我相信，一座城市是容得下两所不同风格的大学的。武大和华科，没有必要在人人上掐架，没有必要讨论谁能兼并谁。如果两所学校能够互相宣传，文理互补，优势共享，必然是双赢的局面。有足够的包容心，才有可能建成世界级的名校。  第一次手机作答，可能格式有问题，大家见谅。 
华中科技大学住沁苑的我想去健身房是去西边还是东边呢？, 其实西边和东边都太远了，一来一回，至少半个多小时就不见了  建议可以去光谷体育馆下面的健身房看看，距离比较近，步行几分钟即到  室友之前在里面办过卡，条件中上等，重要的是能经常看到漂亮的小姐姐们，足足的健身小动力哦 
华中科技大学数量经济学2014年考研冲刺阶段要用什么书好啊？求网友推荐。,考研指导贴都发到这里来了=_=
Google都已经研发出alphaGo了，世界第一的华中科技大学计算机系为何还没有动静?,  黑人都那么没水平，活该考不上我渣科。
华中科技大学医学部怎么样？, 华中科技大学没有设医学部，只有同济医学院。如果你考的临床医学五年制，那么大一是在华科的主校区（武昌）上数理化生的基础课，由生命学院接管；大二到大五回同济校区（汉口）上医学类课程和临床实习。如果你考的是临床医学八年制，那么大一大二都在华科的主校区上基础课，由化学院接管，其他时间同样回同济校区。八年制的基础课比五年制的多，也难，毕竟是面向医学博士培养的。具体的培养计划可以到学校官网的本科生教育下载。作为老牌的医学院，就业和教学质量不会差，看看学校两所附属医院同济医院和协和医院在全国的地位就知道。当然能不能发展得好还是看你个人对专业是否有兴趣，是否足够努力。学医是需要时间的积淀的，你要有兴趣也足够努力就华科和同济医学院这个平台是足够你未来发展好的。 
高三文科生，东南大学，华中科技大学，西安交通大学选哪个好？,其实这三个学校都是工科大学。当然我也了解为什么题主要从这三个学校里选。跟同档次的武大、中大、南开等综合型大学相比，这些工科大学的文科录取分数线要低很多，对文科生来说是很有性价比的选择。       我自己是理科生，在华科读工科。这三个学校工科水平都很不错，但给文科生的选择都不多。据我了解我们学校的经济学院都是不招文科生的。但神奇的是华科又是为数不多的建筑学院招文科生的学校，而且建筑学的实力虽然不能跟东南大学比，水平也还是不错的。对文科生来说，华科的公共管理、新闻学以及同济医学院都是非常不错的选择。华科作为一个工科大学在这些专业上都有着相当雄厚的实力，也是非常不容易的。       西安交大的工商管理我知道是非常优秀的。东南大学的文科类专业了解的不多，抱歉。        这三所大学的地理位置都一般。社科类专业对于周边环境、实习机会什么的要求还是很高的。从这个角度来说：南京比武汉稍好，西安则比较不推荐。         建议题主想明白自己想学什么专业再来选择学校。
如何评价华中科技大学的广告学？,毕业生基本去了互联网~~很少有去广告公司和公关公司的。什么都学，什么都学不精==~~楼主干嘛报华科广告？？？！！
华中科技大学金融硕士毕业前景怎么样？, 结合目前的市场行情，可以大概的判断一下  1、优秀的男生，有机会去金融机构总部，类似基金，券商投行资管自营固收，信托，总行等  2、优秀的女生，有些许机会去以上机构，还可能去地产，其他类国企、外企，四大会计师事务所，银行分行（先下基层锻炼），公务员  3、一般人，同2，大概率去非金融机构以及金融机构分支以及公务员 
如何评价华中科技大学通过了《普通本科生转专科管理办法（试行）》？, 感谢楼下答友指出的问题，我在和媳妇沟通过后又整理了一下时间线，年代久远确实有点记混了，我重新编辑了一下。本文真实可信，如有雷同绝不可能。感谢大家支持！其实我高中的操作也很有意思（我高考那年应该是“非典+高考最严重惨案”年），有空再给大家讲~  ————————  这时候必须要匿名强行吹一波当年的自己了。本人胡爷爷时代某乡村重点大学毕业生，当年创下了大三结束时挂科16门的奇迹，那时候因为某些原因禁止劝退学生（貌似那时候流行劝退生自杀事件），因此，我被好言相劝留级继续读大三（包括我在内共5个同学留级大三，其他同学都去读大四）。  下面开始了逆天操作：我们那时候网上选课系统貌似不完善，于是我在留级大三选课时发现，我既能选大三之前没过的课程和也能选大四的课（哪怕上课时间冲突也可以选，而且同专业选课不受年级限制），于是我都选了。选课结束开始审课，学院教务打电话让我过去，问我你这课时间都冲突怎么上啊？我说学分制，交钱重修，能过哪个算哪个吧。教务认为我肯定是个傻逼，反正选一门交一门的钱，这傻逼愿意交钱，不赚白不赚，就通过了。于是我开始了冲突式上课法:比如a课和b课都是9点到11点，那么我在9点到10点上a课，然后a课课间马不停蹄转移，在10点到11点赶去上b课。最多我记得有三门课在同一时间，我每门课上30分钟就换下一门，就这样在留级大三的第一学期，我不但把本学期大四的课学完了，还过了16门课中的10门(有人问我考试时间冲不冲突，我记得当时我是设计过的，考试时间一门挨一门，不冲突)（感觉跟游戏过任务一样，清一个是一个，很有成就感。并且我在认为自己稳拿学分的同时鬼使神差的报考了中科院的理论物理研究生（我虽然是工科专业，但是和理论物理风马牛不相及，纯属个人兴趣））。然后在留级大三的第一学期末（考完试还没放假）就又去教务申请升级（重返大四），教务一看我这傻逼又来了，以为我开玩笑，说我学分不够，我把新修得的学分给他看了一下，他有点懵逼，他说学分对于大四的最低学分限制来讲是够了，但是我院从来没有过在同一学期留级又复级的先例，你自己去校教务咨询。此后，我在院教务和校教务不厌其烦的跑了十多趟（我的口才，办事能力，待人接物能力就是在这时候练就的，大学真是锻炼人的地方啊），最后学校教务让我立个保证，保证能顺利毕业，就给我办复级，不然就是打他们脸。我肯定同意啊，先办了再说。于是学校教务签了字盖了章，我就这样又回到了大四，此时离毕业设计选题方向确定还剩2天。我此时理了一下头绪，6门重修，毕业设计还没选，11月考的英语四级还不知道过没过，如果没过没学位……然而上天喜欢眷顾我，四级过了！兴奋过头的我竟然鬼使神差的接着又报名了英语六级考试(人在失去理智时想法是幼稚的决定是荒唐的，后来的理论物理研究生考试的量子力学和英语六级统统跪了，这是题外话）。回到主线，第二学期重回大四的我的在毕业设计还是赶了个晚集，课题都被选的差不多了，结果竟然被我们院刚来的海归博士老师收编了，我们海归博士老师只带了一个学生，是我们院已经保了中科院研的顶级学霸！（再次感激博士老师和学霸的不嫌弃和帮助）。海归博士老师很开心的接收了我和我媳妇（稍后解释），事实证明，海归博士老师是对的，因为他给的项目分成三个方向，只有我的方向取得了成功，包括学霸的方向在内的后续工作开展都是在我的成功的基础上实现的（上天真的喜欢眷顾我啊）。此后的两个月，我的生活异常充实，一边重修6门，一边做我和我媳妇的毕业设计（是的，我一个人做两份）。当然，后面的考研结果和六级考试结果你们都知道了。在论文答辩时候，我的论文差点被选为本科优秀毕业论文(没选上的原因是时间实在是比较仓促，数据处理的不好)，连我们院的院长兼博导在答辩时还表扬我，这小伙不错啊，怎么以前没注意过啊(谁会关注学渣啊)......最后，在别的同学都开开心心准备毕业散伙的时候，我才拿到我最后一门重修通过的成绩和学分，然后立刻去教务申请学位，拿到批准单后，被告知要自己去省会找省教育厅指派的地方补拍学位照(其他同学都是教育厅上门统一拍摄的)。六月初夏，我坐上开往省会的火车，望着路旁一排排熟悉又陌生的植物，心中感慨万千，四年大学被我上成了一年，真他妈有惊无险啊，太充实了，太刺激了……六月下旬，吃罢散伙饭，我拿着毕业证学位证，离开了学校;和我一起留级的另外4个人，1个肄业，2个继续留级，1个跟我一起顺利地按时毕业结了婚(就是我媳妇);另外，据说新学期，选课系统进行了升级，选课不能出现时间冲突了。我听闻突然觉得自己完成了一个不可能完成的绝唱，想想都有些后怕。可怜的下届学渣学弟学渣学妹，你们的运气都被我用光了……  补充:当年5人留级中，是有我和我媳妇（我媳妇是我大一搞到的，学弟们，下手一定要趁早！）。后来一起回到大四，一起顺利毕业，也只有我和我媳妇。正因为爱情的力量和媳妇的教导有方(经常逼我一个人写两份作业，做两份毕业设计，以此磨练我的意志，锻炼我的能力)，我们才能完成这不可能的任务，所以，我生是媳妇的人，死是媳妇的鬼。  此事已过去10几年了，我们的孩子现在上小学了。  愿所有大学结识的有情人都能顺利大学毕业，白头偕老！永远记住，只要你敢想肯做，上天有时候也会眷顾你的！  为华科学渣们默哀，bug不再，好好加油吧！ 
如何看待2016年6月1日华中科技大学紫菘公寓刚大修完下水管网就又被淹没？,呃……首先，不要那么质疑学校的工程，怀着一个感恩的积极乐观的心去看你周围的世界，然后你就没那么多牢骚了。其次，你们那确实雨太大了，你来天津试试，大半年不下雨，下水道自然不会被淹
如何看待华中科技大学韵体电影放映盗版电影？,看过几次，都是专门的播放器输密钥进去才能打开的，不知道是正版算个案还是盗版算个案，另外，你是怎么知道武大找人租正版的
哈尔滨工业大学的硬实力能否完全碾压东南大学，华中科技大学，同济大学，华南理工大学等高校？,同为四本何必呢？ 
为什么中国出了最多经济学家的大学是华中科技大学？,补充一下经济学家名单和原文。 还有，张培刚，林少宫老先生是两位我最敬佩的经济学家之一。   ――――――――――――――――――――――                     以下是原文                    我是分割线 ―――――――――――――――――――――― 国际经济学界前1000位经济学家中有19位华人，其中，华中科大毕业的有三位，该校毕业生石寿永名列前茅； 　　清华大学经管学院高薪特聘14位海外知名的经济学家，华中科大有四位；近日，华中科技大学经济学院迎来了成立十周年暨经济学科建设23周年的日子。在学术院庆会上，记者发现了一个有趣的现象，作为早期以理工科为主体的华中科技大学，在短短的20多年时间内竟然培养出许多蜚声海内外的经济学家，被经济学界称之为奇特的“华中科大经济学 家现象”。培养出这么多经济学家，对综合性或者以文科为主的知名大学也许算不了什么，但对像华中科大这样新型的理工科大学竟然培养出如此多经济学家的确不多见。 　　卓越成就 　　●全球排名前19位华人经济学家该校毕业有三位 　　据中国社科院经济所主办的《经济学动态》介绍，2000年，在欧洲经济学会的资助下，总部设在比利时的权威研究机构欧洲经济学与统计学研究中心（ECARES）依照全球经济学家普遍公认的指标，开展了全球经济学家进行排名的研究。 　　1994年至1998年，全球经济学家在国际主流学术刊物上发表论文排行榜上，共有19位华人经济学家位列其中，而从华中科技大学毕业的就占了三位，他们是美国印地安那州立大学和加拿大多伦多大学终身教授石寿永、佛罗里达大学经济系终身教授艾春荣、得克萨斯农工大学经济系终身教授田国强。石寿永排名第48位，是所有华人经济学家里排得最高 的。石的研究领域为宏观经济学理论、国际经济理论、货币理论与政策等，主要贡献是建立了一套能够修正原有货币理论不足的新的货币基础理论。艾春荣在华人经济学家中排名第七、田国强排名第十。 　　●清华经管学院高薪聘请经济学教授有四位 　　近年来清华大学经济管理学院推出了高薪聘请国际高水平的学者担任“讲席教授／特聘教授”制度。他们从海外聘请的十几位知名的经济学家中，毕业于华中科技大学，后到国外深造的就占四位。他们是1982年获得数学学士的艾春荣，1984年获得管理学学士的石寿永，1985年获得数学硕士的谭国富以及1980年获得数学学士的田国强。艾春荣，全球排名第279位。其学术贡献是，对如何确定半参数估计值的上界这一问题给出了初步的解；并在此基础上，为如何找到一个半参数估计值这一问题提供了全面和满意的答案。其研究成果推进了半参数研究方法对时间序列数据研究的系统性与一致性。 田国强，排名第421位。其研究领域涉及经济机制设计理论、动态经济学和一般均衡理论。他提出了一个在“非规范性”的经济环境中，即有限经济自由和不完全市场体系环境下的企业产权理论。     ●国务院发展研究中心三位所长毕业于该校 　　在我国政府的最高智囊机构之一国务院发展研究中心，华中科技大学毕业的经济学家更是让人刮目相看，副主任谢伏瞻两次荣获孙冶方经济科学奖，多次主持和参与联合国开发计划署、世界银行、亚洲开发银行的课题，其《东亚金融危机跟踪研究》、《国有企业改革与发展政策研究》、《金融风险与金融安全》、《完善社会主义市场经济体制研究》等重大项目，对我国的宏观经济政策、公共政策、区域发展战略和企业改革战略的拟定和 健全有重要参考价值，被国务院授予“有特殊贡献专家”称号。另外，中心下属的三所七部中，华中科大校友张军扩、陈小洪分别担任市场经济研究所和企业研究所的所长，近年来在首都开始崭露头角的新锐经济学者————巴曙松为金融研究所副所长也毕业于该校。       此外，还有在农业领域颇有研究的李佐军等。在经济政策研究领域享有盛名的还有国务院发展改革委员会宏观对外经济研究所所长张燕生等。华科大校友已经成为辅助国家相关经济决策的骨干力量之一。
如何看待华中科技大学东九教学楼门口每逢下雨必严重下雨的问题？,好像水里有黄鳝有鱼 这样 淹成了这样  还有这样  以及这样 大家开始赛艇了 而上午没课的我在寝室里刷剧听girigiri爱前往多拉多：） 情况不好转，有关部门不作为，只能坐在寝室里拿手机看和到外面亲自看咯╮(￣▽￣)╭
在华中科技大学读书是怎样一番体验？,没女生，没帅哥，喻家山下住着一群只知道学习而且想变成人的猴子。这群猴子疯狂的上自习，为保研考研废寝忘食，这群猴子还享受着全湖北省最好吃的食堂。
非985211如何考上华中科技大学电气与电子工程学院研究生？,参见我以往的回答。普通二本如何考上清北。
如何看待华中科技大学近日有关同性恋问题的微信被删除？,知乎首答 有啥不守规矩的地方，还请看官指出～ 旁边华师学社会学的汉子过来答题～ 最近朋友圈被这事刷屏，而且这事竟然还被vista看天下报道了，目测是要火的。。 先附上网址   http://  mp.weixin.qq.com/s/5pgY  Sn7mMNkl8fsar7519w         看到这个事件，不禁想到了上次荣登百度风云榜的我校范冰冰事件。现在觉得，事件的走势会变得很有趣。接下来稍稍作下分析～ 首先根据在我校性协长期的了解，华科的性少数小组在武汉七校里一直都做的蛮好的，本身就和学校一定的包容性有关。 这种包容性一方面给了性少数群体形成自我支持的空间的能力，一方面也给予不能接受或者持反对意见的同学一定的回避空间。在985、211类院校中，科研水平相对较高较高，一般包容性也相对较高（基于在学术层面上是很正常的事情，比如答主的社会学就会常常谈到这方面的问题。），性少数群体的存在处于一个相对自由的空间。但是在全国层面，则和很多人的传统思想不兼容。 不过，这件事被这样被报道，随着曝光程度的提升，应该会逼迫校方进行声明或者校方会在合适的时机发表声明来平息舆论。 这声明就会很有趣了，一方面从学术的角度，自然不可能说性少数群体不正常或者加以贬斥。否则就和学术上的价值无涉原则相违背。另一方面，从歧视者的角度，站在传统价值观的“道德制高点“加以驳斥，在外界上可能会占有一定优势。校方若维护相关群体，被报道后，很可能会蒙受一定损失，（就比如你想象现在在中国的一个985大学宣称自己支持同性恋，并呼吁大家也要包容是一样的。在一定程度上会引爆舆论并且校方要承受反对者带来的直接和潜在风险）虽然这个损失的理由可能本身并站不住脚，但是在社会舆论面前是不可避免的。 所以， 我觉得校方目前的可行手段应该是选择尽量减少涉及或者不参与讨论，使得两种势力再次回归平衡。既然要平息风波，当然学校所能管理范围内的消息被清除是可行的手段之一。  静候事件发展～ 话说，我觉得高校常常与道德联系在一起，上次我们学校这样出名，是因为范冰冰事件。值得思考其中的缘由，高校中的很多东西，都是理性且不参入价值观的。这一点与外界期望存在矛盾，我觉得可能就是原因之一。
华中科技大学金融专业如何？,不清楚…… 有那种分数，为啥不去财经类211的金融？？
华中科技大学武昌分校毕业的学生现在都在做什么呢？混得怎样啦？, 混的很惨，不好意思实名。 
如何评价华中科技大学军训时的飞虎队？,虽然在往届军训中，飞虎队的评价都不太好。但是我觉得，今年飞虎队虽然是从身体协调性不佳的同学中选出来的，但也很辛苦。，，，军训后在更新咯。利益相关，方阵人士
如何评价2017年华中科技大学大四本校读研的同学被强制要求一个暑假搬三次寝室？,已经是无语了，华科的研究生寝室四人间，上下铺，四人共用一张大桌子，无独卫，甚至有的上下铺连梯子都没有，是要练习轻功吗，高中寝室都没遇见这么差的。这些都暂且不提，一个假期，恨不得搬三次寝室，搬家公司都认识我们了，每次搬寝室都是今天决定，后天就要搬，你让回家的人怎么办，就不能有个规章流程吗。每次都说可以自助选宿舍，现在又变成强制安排，说好的规章制度呢，朝令夕改，学生搬的团团转很有意思吗？每年这样的场景都会在华科上演，之所以每年都能上演的原因莫过于当届学生的懦弱，因此只能说愿本届毕业生众志成城，齐心协力，共同捍卫自己的权利。
我是华中科技大学的准研究生，户口在湖北农村，有必要迁移到学校吗？毕业后怎么办？,不是很必要，如果要迁移，工作之后如果不在武汉或工作单位不解决户口（包括集体户口）还是要回原籍的，而且那时候更难迁移回去，因为从城镇户口变为农业户口比较难；
华中科技大学冰岩作坊，联创团队，dian团队秋季春季招新，研究生一年级是否可以报名，研究生二年级呢？,今年冰岩夏令营里边有一个研一的学姐，不过我不清楚研究生能不能以正规名义进入冰岩。 dian团队的话，很多是大三大四和研究生，应该可以进的。 联创的话，似乎只收大一大二(仅限于跟编程有关的组)。 题主加油！
为什么会有人认为华中科技大学不是三本?,中国科学技术大学的分校啊 分校分校 当然是三本咯  华中科技大学一共有三个校区 武昌分校 文化学院 以及启明学院 后面那个不清楚 前面俩三本都是全国知名的呢
如何评价华中科技大学的研究生好多普通一本或者二本的学生生源？,华科最优秀的学生研究生一般都去清华北大或者出国了，本校保送留下一部分，剩下的名额就是考研考进来。外校都希望能通过考研跳到更高层次更高平台，通常会比本校的更努力。 作为一名刚二本考到华科的学生，说实话来到贵校确实有些自卑。自从我通过复试后没多久就争取多呆在实验室。我也非常珍惜在华科学习的机会，差距确实有，但我会用心努力弥补。华科的研究生确实非常优秀，导师也很有水平，但同样有天天混日子的。既然都是华科的研究生，大家起点相同，追究本科背景不如看看毕业后谁发展的更好。
2018年华中科技大学工商管理硕士（MBA）学费多少？读几年？, 谢谢邀请  华中科技大学MBA非全日制的是读两年半，有深圳班，苏州班和武汉班。 非全日制定向（学制2.5年）：第一年、第二年分别缴纳40%，第三年缴纳20%；学费2017年是10万整。2018的招生简章上没有明说，但是年年都会涨一点儿，所以要考就早点考。2018年HUST的提前面试的网申已经开始了，聚鹰计划还是非常不错的，过了面试笔试过了国家线A线就差不多了，建议参加，不要错过！  祝你考上理想院校的MBA！ 
华中科技大学号称35个食堂，但住东边的早饭到底怎么解决啊？总不能天天吃热干面吧?,有口碑外卖 美团外卖 大众点评 饿了吗 肯德基宅急送 还不够吗   
华中科技大学同济医学院毕业的本科生容易去德国留学吗？,没有这回事。 同济医工学堂时期或许存在。 自从内迁武汉改名中南同济医学院之后就不再是了。 华中科技大学同济医学院亦如是。
你在华中科技大学的遗憾是什么？,感谢邀请。 ---  没什么遗憾。 反而比我预想的更狗血也更精彩。 --- 这两年，在华科。 学习是主旋律，除此之外。 我曾： 晚上八点表演跳舞引众人欢呼。 晚上九点玩羽毛球乒乓球篮球台球排球足球也举铁跑步。 晚上十点被舍管阿姨断电赶出宿舍。 晚上十一点呼朋引伴去校外撸串。 凌晨十二点翻南三门在西操边大笑骑小黄。 凌晨一点听嗨歌独自开party。 凌晨两点晃荡校园讲鬼故事。 凌晨三点失眠蹲在走廊淋大雨。 凌晨四点忘交电费热的坐在地上看月亮。 清晨五点醒来和操场大爷大妈们锻炼身体。 清晨六点起床和室友暴走东湖。 看过一月的大雪， 吹过二月的冷风， 赏过三月的桃花， 闻过四月的石楠， 晒过五月的暖阳， 照过六月的夏荷， 淋过七月的暴雨， 咒过八月的烈日， 吃过九月的西瓜， 摘过十月的香桂， 拿十一月的奖学金剁手， 在十二月的节日里吃土。 吃过二十多个食堂。 爬过五十多次喻家山。 在东操中操西操跑了八百多公里步。 曾顶着炎炎烈日徒步从最东边走到最西边。 也曾痛哭三天三夜不吃不睡， 失眠数月重复噩梦不知归途。 被伤害被误解被欺骗被拉黑。 被信任被拥抱被肯定被安慰。 爱过也恨过。  胖过也瘦过。 好像都已释然。 有好友陪伴身边。 有名师引领向前。 不再是初来华科觉得世界无限美好的傻白甜。 看到了灰色空间，也体会了人性多面。 但我仍深爱着这校园。 接下来三年，要继续努力。 认真生活，好好学习。 希望能认识更多有趣的人。 经历更多有意思的事。 感受更大的世界。 不要拒绝成长， 也不要忘记初心。 腹肌， paper， 男朋友， 一定都在未来等我！  
如何评价华中科技大学同学划船活动？,exciting
为什么华中科技大学校内的ofo小黄车被禁止出校？,不是在校生，觉得这个规定真的是非常自私，共享单车一点也不共享。 1.只准进不准出，不管是不是校内专用车。 2.没有ofo官方的正式通知，好歹在app使用指南中写一下，要么给个弹窗也行，就在校门立个牌子，真的看不见好么。 3.增加出行成本，骑到一半被拦下还要换摩拜。 另外，保安大哥辛苦了，为了拦住骑出去的ofo，偶尔还会有争执。
华中科技大学生物医学工程转出是否有困难？, 转专业通过转专业考试就行了，另外你要转专业跟别人想不想转有什么关系。 
华中科技大学网络教育新生入学的条件？,你想报考这个学校的专科还是本科呢
大三结束，华中科技大学电子信息工程GPA85+，雅思6.5单项6，申请G5学校硕士可能性大吗？, 把这个问题给顾问老师看的时候，有不同老师从不同方面做了解答，您可以综合两个回答再做考虑，希望能够帮到你。  ——————————————手动分割线——————————————  谢邀~  首先华中科技大学是国内首批985院校，在英国的认可度相对比较高，也是G5院校比较喜欢招收的院校。  学生现在GPA85+ 这个分数已经达到了申请G5院校的标准，况且该生的雅思成绩也达到了G5院校的要求。这样的条件是一定要尝试着去申请G5院校。  学生不单单在学习上面比较出色，还有一些比较好的辅助材料，比如说该生的实习，还有一个校级的项目，这些都会在申请G5院校上面添砖加瓦的！    以上回复来自于：新东方前途出国英国部资深顾问，李春辉           ——————————————————————————————  您好，华中科技大学的学校背景和您现有的在校成绩都是非常不错的，满足了基本的G5学校申请条件。加上你有参加过学校的项目以及在通信公司的实习，证明了你的课余活动十分丰富，也可以作为申请的辅助依据。  但是，G5学校也是需要分层次进行分析的，比如牛津和剑桥的均分要求至少要88-90以上的分数，而LSE和帝国理工一般需要86以上的分数，85以上是可以申请UCL的，但是如果仅限于这个分数，保障性也不是特别强。  另外，也要根据您的申请专业进行具体分析，有些专业是需要特殊材料的，比如LSE的金融专业是需要提供GMAT成绩。雅思如果申请牛津或者剑桥需要至少在申请之前达到7或者7.5以上的分数，其他学校6.5左右可以申请，所以您需要根据自己的情况具体分析最适合的学校规划。    以上回复来自：新东方前途出国英国部资深顾问，范靖冉       
暨南大学还是华中科技大学（文科）？,感谢邀请，首先恭喜题主小学妹。讲真，回答这种问题还是挺有压力的 。我不能告诉你该选什么学校什么专业，只能给你提供如何做选择的思路。 头发短了，见识也算不上长，只能给你提供一些亲身经验和个人见解。希望对你有帮助。   利益相关 :暨南大学翻译专业本科在读。      题主的问题内容其实挺多，容我先捋一捋。作为高考的过来人，我个人建议的思路是这样的。  先考虑地域，再考虑专业，最后选择学校。      先说地域，从个人情感方面，你更想在哪儿生活学习？华中还是华南？哪座城市更让你有好感和归属感？武汉还是广州？ 从实际需要出发，哪个地方更能提供你想要的平台和资源？哪个地方更利于你的发展？当然， 地域上没有绝对优劣比较的标准，这很大程度上取决于你的个人追求和职业规划。 所以我们要谈到第二个问题，专业。  目前所设置的文科专业，数量上较之理工科是很少的，大体上质量也远远不如(从就业率而言)。知乎上有唱衰文科的风气，就连我本人也觉得不看好文科这条出路。(经常跟同样学语言出身的朋友开玩笑说，要是未来孩子学文科就不给学费，要是学语言直接打断腿，哈哈哈) 玩笑归玩笑，我想说的是，在如此有限的余地里，请务必谨慎选择。这绝对是你人生最重要的决定之一。  不妨从下面几个因素考虑。一，  兴趣  。人们不常说么兴趣是最好的老师，最好选择能让你最有探索欲最有干劲的领域。二，  能力  。仔细考虑你是否能学好这门专业，你的个人条件和优势是不是和专业所需的特质相契合。三，  专业本身的情况，主要指就业前景。  社会需求是不断变化的，但可以对行业趋势做一些了解和预估。不要迷信所谓的冷门和热门，但我想说，  有时候相信概率，人生会轻松很多。    关于专业我还想特别说一点。新闻不是只有采访名人撰写稿件或者坐镇演播室，翻译更不是只有出席各种高大上场合为领导人陪同翻译。  事实上，你对某个专业的认知也许会和它的真实面貌相差甚远。  你"喜欢的"也许只是你脑海里的想象。这几乎是所有高考生的死穴，没办法，十八年来我们都只在做一件事，准备高考。所以， 一定要从各个渠道各个方面了解你有意向选择的专业 ，最好能多听围墙内的人的声音。该专业的学科门类，课程设置，培养方向，发展趋势，就业方向和前景，这些才是你需要重点关注的。  敲定了专业，就到了最后的择校环节了。既然你成绩优异，尽量选择985211学校，以后的用人单位只会设置越来越高的门槛。华科是985211，暨大是211和985平台(没卵用...)。 其次，你选择的专业应该是这所学校的优势学科，因为这意味有更多优质的教学资源和更强的业界影响力。多了解相关专业排名和国家重点学科等概念。      接下来就是纯私货。题主如果想学新闻又想在南方发展，暨大倒是个不错的选择。不同于华科，暨大整体较偏文科。新闻算是我校的王牌专业之一。看我几个新闻专业的朋友，每天学的东西都挺有料。历史悠久，全国排名一直很靠前，南方系媒体也算是提供就业优势。(当然现在口碑有点不如前)  至于翻译专业，该怎么说...我们是比较新的学院，在大力建设和显著进步中，最近朋友圈看到我暨翻译专业全国排名第七(这排名的权威性有待考察啊哈哈哈)，总之前景是看好的。真正就读的感受，恐怕就是主观性太强的事了。我要提醒，题主你要想清楚，暨大有五个校区(广州三个珠海一个深圳一个)，你来读翻译专业就得留四年珠海校区(新闻专业是两年珠海校区两年广州本部校区)。珠海的天是蓝，景是美，可是它特别小啊，资源和机遇远不如广州那么多(好吃的也不如广州多啊对不起答主饿了)，找实习什么的就知道多窘迫了。找男朋友也很窘迫啊，因为珠海校区绝大多数是文科专业(笑着活下去.jpg)  (哈哈哈哈哈哈哈成功为没找到实习和男朋友的事实找到借口)  回到正题，题主小学妹，最后我还想跟你说三句。    1.  军不军训晨不晨跑断不断电几个食堂几个小卖部有没有空调，这都不该是你首先考虑的。现在的大学，再差条件也不会差到哪儿去。大学不能说绝对地只用来读书求学，但它一定是你培养心性的地方。不要早早向往养老安居的日子，不要让这座象牙塔磨掉年轻人身上的锐气。     2. 情怀和热血这种东西，若是有，请暂且放一放。人生大事上，总是要以绝对的理性对待的。这条路，难就难在你看不透彻也回不了头，能做的就只有从个人条件和现实因素出发，找出眼下的最优解，即把分数的效用最大化。别觉得俗，总好过日后后悔。      3. 以上都是我的一家之言，你信任我，我就把我想说的都告诉你。我没法告诉选哪个学校哪个专业好，这样是不负责任的。我只能给你提供一个思路。没人能给你正确答案。你要做的就是尽可能多尽可能全面地了解相关信息，兼听则明。            如果有需要帮忙的可以私信我，祝前途光明。
如何评价华中科技大学本科转专科管理方法？,很奇怪。一个在本科修不满所要求的学分的学生，居然还能转到专科。这学校对学生太好了，还帮学生擦屁股。达不到学业要求，退学处理，就这么简单。毕竟在法律上，大部分大学生是完全民事行为能力人，能对自己的行为负责。
