文科，中国矿业大学、华中农业大学、安徽财经大学选哪个？,我目前在矿大读书。矿大是一所性价比很高的211大学，校园很大，将近3000亩。学校的花海、鹿园、镜湖和励志园甚至是徐州一个旅游景点，经常看到有家长带着小孩子过来拍照游玩。作为百年老校，文化底蕴很足，教学力量也很雄厚。不要听什么学矿业来矿大，矿大的矿业固然是龙头专业，毕竟亚洲第一世界领先，但是电气和土木、测绘、地质类、工程力学、机械、在国内也是很好的，都是国家重点学科和国家重点培育点。还有很多江苏省重点学科。文科的话管理学院也是非常强，甚至很多工科学生大二转专业到管理学院学会计。我就知道这些专业非常厉害突出，还有其他专业我不是很了解。生活环境也是非常好，宿舍条件一流：空调暖气、独卫独浴以及四人间。学校有两个咖啡馆，三座食堂，一个美食城，一家主营偏西餐类的餐厅，一家茶吧。各种社团活动也很丰富啊。而且经常回会有名人来讲座。上次来了个诺贝尔奖获得者，还当了我们一个研究院院长。最近龚琳娜还来做讲座了。每个班级也不像其他学校有五六十人，我们专业一个班就25人。华农不清楚，但我是安徽的，安财我还是比较了解的，能上矿大就别去安财了吧，分差蛮大的。但如果真的想去也行，安财的金融和会计很好。如果考虑地域因素的话。。。确实略坑。徐州确实没武汉好。但徐州我觉得还是不错的。要想着自己是来学习的，而不是来吃喝玩乐的。不过军训是略坑，尤其内务整理。。。就这些吧，我说的有不周到或者欠考虑的地方请谅解 。
在华中农业大学读广告学是怎样一种体验?,听毕耕老师唱歌  看袁琳老师讲故事  听广告三巨头老师讲相同的案例  享受兰霞老师说普通话  学ps cdr做表情包    给毛概老师鼓掌 ┗=͟͟͞͞( ˙∀˙)=͟͟͞͞┛
在华中农业大学读非农业的专业怎么样？,谢邀。第一次被邀请，小激动~ 我母校，华中农大。有很多很多优点在此不表，网上都可以查得到。在这里只想说，华中农大毕竟是农业类院校，著名的专业绝大部分与农业类相关。我是学化学的，和农药类还算沾边，说句实话，应用化学这个专业已经让我觉得在这个学校里有些边缘化了。华中农大和广外区别最明显的就是是否211，城市不同，学校属性不同。题主是文科生那就要选择综合类院校或文科类院校。另外就要看你个人对城市的喜好，211招牌的重视程度了。我个人认为，如果大学毕业以后直接找工作，那么211招牌&gt;城市&gt;专业。如果考研或者出国那就反过来咯。就酱。有不明白的随时私信问我吧，祝好。  最后修改一下，来一句老生常谈的话，不管在哪，主要在个人能力。如果你想好好学，在哪都能学到本领的。还有，一所大学的能量一定大过你个人，最后无论被哪所学校录取，这都是你的这一阶段的水平体现，要心平气和，好好体会大学的美，有很多值得你学习的人和事。
华中农业大学有哪些科研成果已应用到生产生活中？这些成果对生产生活又产生了怎样的影响？,我是园艺专业本科生，我们专业具体的技术我不是很清楚，但是看到院里面贴的一些宣传栏，就是培育了一些新品种的蔬菜，在业内比较有名的应该是华番1号，首个通过国家认证的转基因番茄，还有一些其他的蔬菜新品种。销量的话老师也没说过 
华中农业大学研发的蛋清溶菌酶漱口水/口气清新剂的营销比赛，我能夺冠吗？,能!
求问有没有考过华中师范大学国家文化产业研究中心农业推广的学长学姐？,亲是2017文化产业考研吗？？？？我也是 不过我准备的是文化产业管理  
华中农业大学经管院工商管理对外合作项目究竟如何？,旁边华农经管院妹纸说今年新出的专业 所以 她也不清楚…  一般高校的国际合作办学项目是国内读几年国外读几年 拿两个学校的学位  不出国这个就得看各个学校的政策了…
华中农业大学中外合作国际农产品营销专业怎么样，在其读书是什么样的体验？,不要报，本人亲身体验，与其报华农不如报北京的，一样的专业但是学费便宜很多，而且经验也比华农这种近几年才开这专业的要多很多，分数线的话不太清楚，不过报的人一般很少，运气好还是可以的。 就本人在华农的体验，除非后两年出国否则完全没必要。华农对于这门专业的关注度真的跟学费和英方教学质量和学生期望完全不成正比，总的来说就是水，所学农学食品方面课程都比营销类课程要多，营销类课程教得又不深，是那种一整个学期不听课还能过期末考的程度，因为有试过一个学期不听那门课然后过了的人。两年后出国的也不多，打个比方，如果专业100个人，北京的是几乎90个过了雅思要求的都去，但是华农就只去20几个的那种，再说这个专业在华农一年也就招进50几个。 这个专业的质量方面华农真的是很让人生气的，属于那种完全不管你死活的那种。这门课可以分成农作物食品类，经济类，雅思类，和教你写英文论文类。教雅思的老师都是四六级的老师，成绩好可以仅仅靠他们考过雅思，成绩不好的就只能去外面上培训班了;食品类老师讲课就是完全听不懂，因为这是属于理科而报专业的大多是文科生，老师也会体谅我们最后卷子出的很容易，但本质其实是没什么意义的;经济类老师问过我们要上什么课说的最多的一句话就是你们是农学院的吗？！而且很多什么财务报表之类的老师问我们学了没有，我们都说没有弄得老师很无语，因为这些对学营销课程其实也挺重要的，老师也很烦不知道怎么教。私以为只有教论文是目前上的最有用的课…另外，几乎所有的老师都不知道他们到底要教什么，侧重点在哪…还有，所有的作业，上课，考试，除了数学和马哲全是英文。 所以能出国还是出国，英方老师都很奇怪为什么我们去的人少上的课还浅，所以去了之后上课会很吃力，要出国的话自己要提前看很多书赶上来。 前景什么的本人自己也很迷茫，不能给意见，不过把基本情况告诉你你自己分析及早想对策吧。如果你已经报了这个专业的话……祝你好运吧！
华中农业大学2014遗传学第十和十一题?,惊呆
题主女 武汉某三本园林专业大二在读 准备考华中农业大学风景园林专业的研究生 前辈们能给点建议不？,今年从外校刚考上的。 建议快题尽早打好基础，复习后期尽量每周卡准时间练习一次快题，找相关专业学长学姐或者老师帮忙评图。专硕考的景观快题，学硕是建筑快题，根据自己擅长的选择。 理论课方面复习一定要有针对性，华农的题目命题基本都是根据本校本科上课的重点来的，对本校生可能相对有优势，建议先从真题着手准备，收集学硕专硕所有的真题浏览总结，可以归纳出基础题目的大致复习方向。
在华中农业大学读计算机科学是什么体验？, 我的专业全称叫"信息管理与信息系统"。接触计算机专业的老师和同学也有三年多时间了。   学校的计算功底相对理工科211高校，水准有限。   学校的整体氛围决定了，你必须放弃很多自由。有可能将来到华农就读的同学，如果你想尽可能的让自己全面发展，在学习以外的其他地方有所建树，其他学校可能是更好的选择。 
因为旧城改造，华中农业大学老大门前的那条老路（南湖路）周边周边都要拆除，谁能讲讲这条老路曾经的故事吗？,再也不会相聚乾元、相聚小付5号
我想知道华中农业大学风景园林设计去年的报考人数和录取人数，还有就是那附近有没有学快题的？,反正录取越来越竞争激烈了。
华中农业大学社会学排名如何？,作为即将迈入大四的社会学学生，能够回答你这个问题的。全国排名19，今年升博士点，实力如何不需多说。老师的科研成果优于武大、稍次华科，武汉中可排第二。主要以农村社会学为研究对象，但是，并不意味着以后就需要研究农村的，同学们如果选择升学，选择研究经济、社会网络、社会流动都有。还有什么疑问，欢迎回复
华中农业大学基础兽医导师推荐？,你好，我也是西南大学的，想问一下有关考研的事，不知道方不方便呢  
华中农业大学食品科学与工程考研要多少分才能稳过？,告诉你内幕：本校人考数农（我也是来了才知道），我们外省考数二。进学校发现一堆350的，我335，然而数农多简单，我操，老子不服，坑逼。虽然我也才考了110多，但是太尼玛不公平了，论数二我是班里第一。   复试很重要，尤其是选导师，不然很坑爹。别问我怎么知道的。  最后最重要的！你听不听由你，但是良心让我规劝你：不要考食品！
你在华中农业大学度过的最美好的一天是什么样的？,毕业那年，在餐厅跟一个不可描述姓名的年轻导师聊天，才知道原来大学四年学习有很多套路可循。  附一张和大学同学闲得蛋疼的课堂上玩过的棋牌策略游戏。
16考研调剂 西北农林科技大学 华中农业大学校外调剂？,我是南农的你考了多少分感觉可以专硕的
华中农业大学毕业的工资？, 大的薪资范围来讲，需要看你将要具体进入的行业，和具体的工作岗位。就同一行业和职位来讲，企业一般都会根据个人能力，在校表现等综合考虑，在基本薪资范围内有上下浮动。 
华中农业大学外国语学院比较牛的老师有哪几位?,老师一看水平，二看风格。  个人最喜欢的老师是李莉，她主要带文学方面。目前职称可能没其他答主提到的几个老师高，但水平和个人魅力一流——我个人非常挑老师，而她在专业导学短短几分钟就征服了我（以及在场大部分学生）。推荐她的阅读课。  方红，低年级和其他院都能接触到（语音、雅思听力）逼格相当高。  教口语的翟卉婷。不少外教公认的口语最佳的中国人。  还有教口语和专四培训的美剧小公举金蓓、陈淑鸿 （专选选她的希腊神话，不光有趣分还特别高。重要的事情加粗） 、教西方文化和圣经的廖衡，还有潘不寒，都挺不错。  另外其他人提到的梅婷、曾文华也是相当牛的老师，不过个人觉得她们风格比较老派，上课节奏不够惊心动魄动次打次（也就是说容易睡啦 ）。  以上是我目前接触比较多的老师，以后再补充。
华中农业大学和福州大学哪个好？,不清楚耶 个人站福大
南京农业大学与华中农业大学相比哪个学校更好？,能去南京最好
华中农业大学有哪些出国项目或者交换生项目？,食品科技学院有与加拿大曼尼托巴大学食品科学专业的合作办学，念完大二修够学分可以申请，我是当年第一批的小白鼠，手续都是摸索着办下来的，当年加我三个人去的 还都是大三完了才走，现在队伍好像很壮大了。   应该比较好申请吧。
华中农业大学的土地资源管理专业水平怎么样？出来好就业吗？,既然考虑就业，这个反正比生物强
如何看待华中农业大学电路改造导致洗衣机被禁用？,洗衣机洗涤可以用，但加上甩干后立刻跳闸。神奇的是，电热杯加上变压插座就可以使用。不是很清楚学校的限电原理是什么，还是单纯的改小了功率而已。
在华中农业大学读工科是怎样一种体验？,谢华农同学邀请。 回过头来，想想自己的大学，一不小心在武大读了工学部，想想也是醉了。
华中农业大学自主招生主要考什么？,正好遇见，不请自来。自己是2016级华中农业大学自主招生的学生，现在就读于动物医学专业。  其实自主招生问题很杂。多在平时积累，建议高三课余可以看一看《看天下》《中国国家地理》《国家人文历史》之类的课外书，放松之余，多了解时事政治，提高自己知识水平。 自主招生最开始笔试有一定技巧，都是选择题，但是问题很杂，认真做应该时间不够。题型分为一分两分的选择题，可以从后面两分的做起，毕竟应试技巧教育我们要多拿分嘛。   这个面试的时候会考你很多时事热点及自己的看法，面试的考官也都是学校的大佬教授，记得保持一种平和谦虚的态度在他们面前，不卑不亢，流畅应对，可能这样最能让身经百战的教授满意。平时也多练习自己分析问题的方法，最好能有一些尖锐的看法。最后教授们可能会让你谈谈对华中农业大学的一些认识，这个时候你就可以多多表达你对本大学的了解，毕竟你来自主招生，目标大学不了解清楚怎么行呢？另外华农笔试题很多关于学校的，多了解学校六个一，本禹精神，校训方面之类的，多多益善。  如果有什么问题可以知乎上面私戳我，记得点赞哦(*^ω^*)   华农风景还是很美的，等你来狮子山下，南湖畔相会哦！！！(=^▽^=)       
文科生报考华中农业大学的工商管理类专业，请问里面的会计，财务管理等专业是自己选呢，还是学校安排？,是按前三个学期成绩排名分的 所以一直会强调 学习 是你生命中最美丽的两个字
请问就兽医专业硕士来说华中农业大学和华南农业大学哪个好一些？,华中农大好，211高校。华南农大，非211，也不错，报考比华中农大容易，每年会有调剂名额。
西南交通大学和华中农业大学谁更适合文科生就读？,谢邀。这种问题可以直接问高中老师，他们比我们更加清楚。而且对于填志愿也建议寻求他们的指导。
山东考生，西北农林科技大学华中农业大学湘潭大学西北大学南昌安徽辽宁大学选哪个比较好？,学金融财经去西北大学和辽宁大学
华中农业大学的“经济学类”里，农林经济管理占多少？,经济学类是大类招生，大一全部叫经济学类，大二分方向，不想学农林经济管理的话，注意大一把控自己的绩点，以确保自己能选上想去的方向。 其次农林经济水不水，经济学类还是看自己怎么走，自己有没有能力，有能力那什么都不水。 而且农林保研名额会比较多（我不是他们院的，具体你要找本院老师，学长学姐询问），也许你要考研保研会有一定帮助。 关于去隔壁财大双学位辅修的问题，因为双学位只有武汉才承认，考虑好未来的工作方向和自己的课余时间以及学习能力再选择辅修。以及，辅助对跨专业考研有一定帮助但是不是万能的，一切还是靠自己努力。 祝你在华农能度过愉快的大学生活。
在华中农业大学单身是一种怎样的体验？,为啥邀请我？怎么能看出来我是单身狗呢？  能想到的好处是单身不会限制你的交友圈，不会限制你的发展，没有牵绊，能让你有更多的时间去思考自己，思考未来。所以单身没什么不好。  像他明天就会来那样期待， 像他永远也不会来那样生活。  有空再答吧。
如何评价华中农业大学大学生曲艺社？,谢邀……… 但水平有限实在不知从何说起……  欢迎大家畅所欲言。
我是华中农业大学植物保护的學生，修了武大的双学位，纠结于是考研还是公务员还是找工作，?,本人西农植保烟酒僧一枚……  首先，个人感觉双学位没卵用（不喜勿喷），只能在学校是满足下虚荣心充实下学业生涯。  再，个人感觉还是找工作的吧，三年的社会经历一般来说会比研究生三年丰富的多，也会有更多的成长（有事实为证，本人读研三年和同级本科出来就业的总体来说差距根本是没法超越的，当然是和哪些本科毕业现在混得比较好的去比了）。  还有，不要把找工作和考公务员分这么清，公务员一样是在工作，本科毕业一样能考公务员（很多本科毕业考上公务员的不稀罕，我这种研究生毕业了公务员没考上的也到处都是：当然容我小小安慰下我自己，我真是不想考公务员，呵呵）。  个人建议，选择权还在自己，呵呵。
2017应届生，请问选择上海理工大学，华中农业大学，还是福州大学？将来出国读研。？, 我也是，而且我也在考虑福州大学和上海理工，但我觉得你既然考虑上海理工那么去了福州大学一定读不了好专业，所以我推荐三所邮电大学，希望你能报的好 
如何看待武汉市场上的转基因大米？以及华中农业大学的张启发院士他们对科研材料的保管力度？,基本上都是大田试种以后农民私自留种，私自留种是因为种抗虫水稻少用农药带来利润，看来科学家们确实研发了一种受到农民喜爱的作物品种。
本人大学服从调剂到华中农业大学水产系，本身打算去生物系，转专业难度如何？,考研随便转，考博也一样可以转，不用担心。
华中农业大学的农林经济管理跟经济学相比哪个更好一些？,学农的都是有情怀的人呢。 
请问华南农业大学与华中农业大学的风景园林专业硕士设计能力的区别 强弱对比?, 不太清楚其他华中农业大学。  不过如果的确想要在设计方面有比较好的出路可能去工科类院校会好一点，农林院校相对弱一点。当然现在还是北林的风园全国牛逼哄哄的~清华也要开风园专业了不知道未来会怎么样  我们老师说过华农的风园设计方向比较局限性，我个人也不是很清楚，反正我是植物方向的哈~~ 
西南大学，华中农业大学，安徽大学，中国矿业大学徐州应该选择哪个？,希望尽量是211学校
你在华中农业大学的遗憾？,05动医，本硕一共八年。  说句实话，在华农的八年没什么遗憾。 论学习，每年都是一等奖学金，08年拿过国奖，本校保送预防兽医研究生。 论玩耍，上课睡觉嗑瓜子，逃课k歌出去嗨，跟着朋友去汉口小巷子里找美食。07年下半年谈了个男朋友，然后把他给睡了。 论坚守，男朋友10年毕业去了天津工作，我留校读研，异地三年，在研究生最后一年的元旦前一天，把证给领了。  看到这个问题，突然想起大一参加新生歌手大赛，那时候我喜欢一个高中男同学，他在武大。上台表演的前一天，我给他打电话，问他能不能来。 然而那个男生并不喜欢我，他也没有来。 那晚比赛我表现并不好，抽到一个现场表演京剧的题。而我那个大三才在一起的男朋友，当时就坐在台下，笑着跟旁边的同学说，这个问题怎么可能难得住她。  好吧，其实是某次在三教上大课，他听我哼过一段黄梅戏。  如果要说遗憾的话，多希望当时我们已经在一起。那样在我唱歌的时候，会有爱我的人给我献花。  我们谈恋爱到现在八年多了，结婚三年，腹中已有猴宝宝。  感谢华农，让我遇见他。  。。。。。。。分割线。。。。。。。。。。   ps是个小母猴子，科科。
离华中农业大学最近的菜市场，有磨固元膏的地方的那种。本人想养头发，需要磨制黑芝麻黑豆，不知道去哪里找?,磨固元膏的，附近大一点的中百或者武商量贩等超市都有柜台卖。
华中农业大学非农业专业就业情况和升学状况（举些具体例子最好）怎么样呢？毕业的学长学姐们求回答？,.......表示本人毕业是农学学士，所以非农专业我也不清楚。
华南农业大学 华中农业大学 哪个比较好呢？,当然是华中农大了，可以说完爆华南农大，无论从师资，排名，重点学科，科研能力，，，
南京农业大学和华中农业大学哪个好？,南农是农林院校全国第二，世界排名666
如何看待华中农业大学、中南民族大学等部分高校引入“天网”管理学生？,连个教务系统都做不好，选课不敢提前公布时间，信息学院网站被黑客黑了勒索束手无策的学校，有什么资格谈“大数据”？  我看就是学校吹个牛皮搞又一个面子工程罢了，不必当真。
如何评价华中农业大学李志平中级宏观考试？,能力不足的人，到了一定年纪要强行总结一些根本就没用而且shit，上课讲也不会讲，总是想通过让学生完成一些其他完全没用的，不和书本相关的作业来让学生学习“知识”，更令人觉得恶心的是很多东西他的理解与书本有偏差，就在给学生给成绩时候乱给。 总之，上了华农避开李志平的一切东西真的是明智的选择。(非个人喜恶，大众观点，客观评价)
如何看待华中农业大学发表的第一篇《nature》？,发就发了呗，在校网站发个新闻稿就行了，有必要来知乎提问，满世界宣传？  来看看北大朴世龙：   1、Changes in climate and land use changes have a larger impact than rising CO2 on global river runoff trends.  PNAS ， 2007.【一作】 Paper link     2、Net carbon dioxide losses of northern ecosystems in response to autumn warming.  Natur e， 2008.【一作&amp;通讯】 Paper link     3、The Carbon balance of terrestrial ecosystems in China.  Nature ， 2009.【一作&amp;通讯】 Paper link     4、The impacts of climate change on water resources and agriculture in China.  Nature ， 2010.【一作&amp;通讯】 Paper link     5、Spring temperature change and its implication in the change of vegetation growth in North America from 1982 to 2006.  PNAS ， 2011.【通讯】 Paper link     6、Asymmetric effects of daytime and night-time warming on Northern Hemisphere vegetation.  Nature ， 2013.【通讯】 Paper link     7、Afforestation in China cools local land surface temperature.  PNAS ， 2014.【通讯】 Paper link     8、A two-fold increase of carbon cycle sensitivity to tropical temperature variations.  Natur e， 2014.【通讯】 Paper link     9、Declining global warming effects on the phenology of spring leaf unfolding.  Nature ， 2015.【通讯】 Paper link     10、Field warming experiments shed light on the wheat yield response to temperature in China.  Nature Communications ， 2016.【通讯】 Paper link     11、Plausible rice yield losses under future climate warming.  Nature Plants ， 2016.【通讯】 Paper link     一年一篇4大刊，人家可没满世界宣传。  说实话，学校水平太次。 
我现在读华中农业大学的土地资源管理，大二，请问我现在应该准备什么？, 蟹妖。  补充建议   男生怎么做才是有上进心？ - 李可-集慧智佳的回答 - 知乎  
华中农业大学考研微生物方向怎么样，有没有师兄师姐可以指导一下？,华农的学生有必要来西农吗  建议中农
如何看待华中农业大学关于助学金的新规？,我刚入学的时候，学校桃园食堂二楼是个好地方。 一号窗口买馄饨跟油炸面食，面窝什么的，馄饨三块五一碗，馅不是很大，但是汤挺好喝，而且量挺大。后来馄饨没有了，变成了个叫吉祥馄饨的东西，最便宜的一碗八块钱。 二号食堂卖热干面，两块五一碗，白芝麻酱香香的，还卖豆皮，两块钱一大块。后来芝麻酱变成了黑芝麻酱，后来又变回了白芝麻酱，只是量少了很多。(现在还好，只是我不大喜欢热干面，后来武汉同学说学校食堂做的太难吃了)豆皮跑到了八号窗口，一份卖五块钱，量还没有原来三块钱的多。 三号窗口是北方面食，卖一些饼啊，菜卷什么的，价格还算公道。 四号窗口是牛肉面，清汤面三块五一碗，加牛肉五块，牛肉只有几小片，后来又加了鸭肠的，鸭肠给的量大一些。 五号是湖南米粉，跟面一个价格，原来我特别喜欢吃这个窗口因为给的牛肉多，后来也变成几小片了。 粥窗口一碗粥一块多 蒸点窗口我从来没去过。因为刚入学军训的时候去荟园食堂吃早餐，饿得要命买了一个包子然后死命咬了一口愣是没有咬到馅，然后掰开包子发现馅还没有半个乒乓球大。从此以后再也不买华农的大包了。 炒饭窗口每天早上基本上没有人排队，大概因为大多数人早上不喜欢吃炒饭这种多油的食物，第二是因为炒饭会炒进去昨晚的剩菜。。四块一份，价格很合适了 小笼包，蒸饺很好吃，价格实惠，有三块五一笼的和四块的，味道很棒。 盖饭窗口的盖饭很好吃，就是价格都在十块以上。 烤肉饭没吃过，但闻起来很香，价格还是不便宜。  上面说的是我校桃园食堂二楼的大概情况，再说说一楼 一号是小碗菜，一小碗菜，陶制小碗，土黄色那种，一个小碗直径在十一厘米左右，一碗四块左右，素的便宜些，肉的贵一些，但是只吃一个菜绝对吃不饱。 旁边的窗口都是菜和饭最左边有一个特别便宜的窗口，三块五两个菜一份饭，但是买的人多，一会就没了。其他的都在六块左右，很少低于六块。 一楼一隅是一家名曰“唯客多”的汉堡炸鸡快餐店，原来一个单人套餐是十二三块钱，这学期变成了十五六块。不过这学期新出的披萨特别棒，不输必胜客的小披萨，二十块钱一个。  荟园食堂我很久没去了，一是不顺路，二是在装修之前不太干净，同学吃饭吃出来过虫。  梦泽园食堂 一楼 最便宜的是刀削面，素的三块还是四块，不过素的就像嚼面疙瘩。。牛肉刀削五块，其他的什么西红柿刀削，三鲜刀削四块，上课不顺路好久没吃不知道价格变了没有。 一份盖浇饭十块起 老唐小菜（小炒窗口）的老唐这学期也不见了，新厨师炒的菜极难吃，我就没见过品相那么难看的地三鲜。 烤肉饭十块起 炒饭最便宜的六块五，最贵的10+，不过不管哪一种味道还不错。 煲仔饭想吃到肉十块起，不想吃肉七八块。 麻辣烫价格忘了............. 梦泽算是消费比较高的食堂了 二楼 新农牛肉面价格还可以也是素面三块五什么的 包子没吃过，拒绝华农大包。 剩下的地方一半是梦泽园西点跟动物园奶茶店。梦泽园西点没说的，蛋糕面包小饼干都很好吃，价格跟外面西点店，什么大三元、皇冠差不多，要略便宜一些。学校去年学期末把校内的所有小店都拆了，就剩这家奶茶店了。 另外还有一片地方是重庆鸡公煲。  博园食堂 上课不顺路，只吃过几次，价格跟桃园一样 一月二号补充:前两天去博园吃的锅巴饭，量足又超级好呲！  橘园食堂 据说价格便宜饭好吃后来拆掉了  清真食堂 没去过不顺路，据说挺便宜  东北菜 全部10+  有东北菜，还有饺子，味道可以  学校上个学期末把学校里的所有个体小店都拆了，包括各种奶茶各种打印店各种理发店各种眼镜店各种维修电脑店，现在学校里面什么都没有，跟封闭式的高中一样空。想喝个奶茶聚一聚都没地方，想吃点别的什么的都只能去财大或者校外小街上，想打印东西都要在学校开的打印店里面排超级长的队。这样倒是让不少学生开始在宿舍里面悄悄开小店了。  学校附近倒是有很多外卖，但是学校保安队的会赶他们，打人，每个月都有，上个月小米姑娘的外卖小哥就被打了。  每年秋天都会有学校果园的在桃园主干道上卖青橘子，五块钱一袋，非常酸，只有不懂的新生才买，过几个星期没人买就变成五块钱两袋了。问卖橘子的人橘子甜不甜，“很甜！”  在学校卖东西的小摊都是小三轮，偷偷进来，保安队一来他们就跑。  学校教育超市卖的水果比外面贵不少，一个迷你小西瓜六块，一小袋葡萄八块，三根香蕉六块，四颗菠萝蜜十块，买了两个石榴十几块钱，切开之后我室友都笑疯了，断面上的石榴子呈线状排列。。  学校外面只有一条超级小的小街叫梧桐路，卖点东西，跟中南财大没得比，梧桐路上只有两三家中餐，一个华莱士。剩下的有两三家买卖零食的，还有几家快递几家文具店一个理发店两家卖鸭脖的。原来附近还有个不小的市场，里面东西很多，我来了不久之后就拆了然后说要盖一座楼当市场盖了改盖了改到现在都没盖好。附近有个山东杂粮煎饼，我想家了就去买一个吃，因为摊主是山东人，我就是想听听这一家子人话里的乡音。  我知道一顿早饭十多块钱对于这里的大多数人来说并不算什么，但是我们只是学生，绝大多数人一个月的所有开销并不能超过一千块，所以我并不能接受八块钱一碗、包的跟饺子一样、没什么馅、皮又厚又难吃的馄饨，更可笑的是学校一边涨价一边还限制贫困生每一餐的价格。  利益相关:普通学生，非贫困生。
华中农业大学与广东工业大学如何选择？,华中农大。 性价比最高的211，武汉七所高校联合双学位，学双学位毕业就有两个学位证喽！ 另外男孩子可以出去看看，等毕业努力回家乡，也不枉年轻嘛，我就是本科华农，研究生来北京了，因为是北方人。 我觉得华农最重要的气氛，氛围好，出来的学生都踏实肯干，感觉只要能耐着住寂寞，吃的了苦，以后在哪里都能吃的开。
如何看待华中农业大学信息学院使用钉钉APP打卡考勤？,我赌5毛又是外包公司开发的 放着自己的学生团队不用 药丸药丸 差评
华中农业大学大一园艺专业，大一挂了无机化学，还能选修双学位吗？,能，
请问华中农业大学知名度怎么样？,相同实力里知名度最差的，相同知名度里实力最强的。 全国前五十里没有比华农更内秀的了 
华中农业大学有哪些好玩的社团？,电子竞技协会。去年十月份成立，发展迅速，内部稳定团结，不仅游戏打得好，对学习要求也有原则，他们的课外生活也很精彩，强推。
华中农业大学的风景园林专业就业前景如何？,报考了没有?录了吗。就业肯定不比热门，但就业质量也不算太差。
华中农业大学有哪些社团？, （这部分来自百度贴吧）华中农业大学四大系统是指共青团华中农业大学委员会、华中农业大学学生会、华中农业大学大学生社团联合会、华中农业大学大学生艺术团。（楼主推荐校学生会和校团委）  三大勤工组织指大学生勤工助学中心、大学生楼栋管理委员会和大学生文明值勤队，有工资的哦。  校内的媒体组织有很多，他们各有侧重，同学可以通过南湖新闻网   http://  news.hzau.edu.cn       或者这些媒体组织的官方微博、微信、人人、QQ空间等平台了解校园内外大小事情的最新动态，以下仅提供各媒体组织的微信公众号。校内最优质最有爱的媒体组织当选——校学通社！！  当然，楼主还推荐另外一个校级组织——教学信息中心！（教务处底下的学生组织）  全校约有一百个社团组织，由校社联或学院社团部管理。一般情况下在社团工作没有综测，因此只有部分社团比较活跃。以下提供全部社团名单和第十三届星级社团评比结果。（资料来源于社联）     全部社团名单  公益实践类（29）  绿色协会   红杜鹃爱心社    红十字会   CIC  素质拓展协会   爱心协会   外语桥  Crazy口语  趣玩交友协会  心理协会   日语文化交流协会   国际文化交流协会   旅游爱好者协会    雨露·中国公益社   魔方协会  推广普通话协会   未来企业家协会    创意设计协会    演讲与口才协会    Girl Go女生之家   辩论协会  市场营销协会  公共关系协会  投资理财协会  社会调研与社会服务中心  情商促才协会  广告协会  帮忙学长协会  微博协会     学术科技类（31）  科幻协会  工商管理研究会  法律协会  土地研究会  会计协会  茶文化协会   数学建模协会   水产科普协会   “南湖风”文学社   龟文化协会  植物保护协会  军事爱好者协会  电子科技协会  园艺协会  计算机协会  经济研讨协会   书友会   电子商务协会   天文爱好者协会    动物科技协会   国学社  建筑与房地产协会  食品科技协会  机械创新设计协会  齐民学社  风景园林协会  现代农业生物技术科普协会   模拟联合国协会   艺术设计协会  记忆协会  葡萄酒文化协会     文艺体育类（35）     裁判协会  滑板协会  轮滑爱好者协会  双节棍协会  Miracle魔术协会  棋艺爱好者协会  台球协会  自行车协会   健身俱乐部   武术协会  跆拳道协会  民俗文化与民间艺术协会  书画协会   笛箫协会    梨园戏剧社    西洋音乐协会    鸣泉乐坊    吉他协会    Soul Rhythm Beatbox 协会    舞道节拍协会   摄影爱好者协会  I LOOK DV 社  电影艺术协会  FOM动漫协会  乒乓球协会  羽毛球协会   网球协会   排球爱好者协会  足球协会  女足俱乐部  篮球协会  爱跑俱乐部  高尔夫协会  南湖High歌会  散打协会     此外，楼主强烈推荐 校学通社     
华中农业大学为什么不改名为华中林业大学？,中国生命科技大学 ------如何？
加入华中农业大学沸点工作室是一种怎样的体验？,  大一就进入工作室了，所以对沸点有一种特殊的情节，并且见证了它搬离四个地点的发展历史。可以说，它是我在大学里除了床上呆的时间最多的地方。在这里，我从一个技术小白和青涩的大一新生转变为一个技术“中司机”和即将毕业的大四狗，可以说，在华农，它是我牵挂最深的地方。不抒情了，切入正题，讲讲这个工作室。     沸点工作室成立于2009年，主要由一群对计算机技术有兴趣的同学组成，不限年级，不限专业，主要分为web组，安卓组，ios组，现在扩展了信息安全组。学习模式主要为自学，当然会有高年级的老司机带入门，从09级到现在，不仅有很多去过BAT的大牛级学长学姐，也有考入重点985的学霸。除了自学，也会有一些学校老师安排的项目给我做，所以三年下来，除了可以积攒很丰富的技术技能之外，还会有很多的项目经验，这些宝贵的财富都是对后期的职业生涯有很大的帮助的。    工作室的氛围也很活跃，遇到技术难题会在一起讨论解决，如果不加入你永远也体会不到那种因为攻克一个难题而争得面红耳赤的酣畅淋漓。这里只有苦逼的技术生活？错啦，还有美女帅哥的情侣组合，在这里你不仅可以学到技术，还可能遇到一生的伴侣。现在就有一对cp天天在工作上里撒狗粮（赶紧跑）。    总之，沸点陪伴着我四年，有很多美好的回忆，即将毕业，很是不舍，只希望它能发展得越来越好  
华中农业大学和南京林业大学风景园林哪个好？,谢邀。 华中农业大学我不太了解，但有很好的朋友在南林，我可以说一下南林的情况。 南林风景园林整体的学习氛围还算不错，而且就在玄武湖公园旁边，地段和风景也都还可以。 至于你所说的保研率和业内认可度，据南林同学的说法是，风景园林年级绩点排名前六名有保研资格，但年级总人数我并不十分了解，可能一个风景园林专业大概是100人左右？ 业内认可度的话，华东地区除了同济就是南林了，但南林不是211，华中农业大学是211，希望这些信息对你有帮助。
安徽大学 郑州大学 湖南师范大学 东北师范大学 华中农业大学云南大学 海南大学 长安大学怎么选？,云南大学。有过比以上所有其他学校都辉煌的历史，有着一流的自然环境和硬件设施（硬件设施不输一些名校），录取分数因为地理位置被拉低，大学十分的低调。至于专业，你还是仔细的去详查比较好，都了解的不太全面，随便说的话不客观。
华中农业大学毕业，想考哈工大的研究生，有多大难度？,不同的专业难度是不同的，例如最热的通信、控制工程以及今年的结构工程这些难度比较大，但也有难度不大的，例如我考的市政工程。不过哈工大是一所理工科实力雄厚的学校，如果考得话就需要下功夫了。
华中农业大学文科什么体验？,边缘学科，包括农经，土规和社会学。
在华中农业大学本科读什么专业好呢？,千万不要学生命科学
华中农业大学的公费出国有人了解吗？,华农公费出国的老师很多 学生非常少 走的是国家留学基金委的项目 。台湾交换项目 你想了解什么呢？我去年交换过半年
考华中农业大学 园艺专硕的同学互留下联系方式，方便交流，你看可好？,微信Love707751633
女生在华中农业大学学习土地资源管理专业怎样？,华中农大环境超级好唉，华农土管实力强，老师人亲和，值得考。
在华中农业大学读工程管理是怎样的一种体验？,我是华农食科的，我感觉你们专业男女比比我们大
今年河北文科587分，想去武汉上大学，在武汉理工大学和华中农业大学中选择，哪个更合适？哪个更稳妥？,可能哪个学校都不太够。
想读风景园林，华南农业，华中农业，西南大学，西北农林科技大学哪个比较好？, 楼上有个和谐连几把园艺和园林都分不清就误人子弟，还有就是不推荐中国农大。能去北林就去北林吧，这几个选一个就去华中农大吧 
华中农业大学怎么样？,华中农业大学的学术水平和教学质量的确一流。但是在学生的生活方面却十分欠缺！我住在荟园14栋宿舍。那个宿舍的楼管是一个特别特别烦人的老头…为人苛刻小气，又记仇而且十分装逼。之前我卖给楼管矿泉水瓶子之类的东西，还送了他快要到膝盖那么高的一大摞纸质类的废品（答主170的个子），结果就只给了3¥，我还帮他从4楼拿到1楼，就随口问了一句：“大爷您的价格给的也太低了吧…”。结果楼管往后就处处与我作对…甚至有一次宿舍需要买浴头，楼管竟然因为我们宿舍里有我所以不卖…!而且宿舍里一共三个人，除了其中一个室友还可以跟楼管沟通之外，我和另一个室友根本都不知道发生了什么楼管就对我们特别恶劣。况且，周边的邻居们好多竟然是敢怒不敢言。华农的宿管中心服务态度十分差劲，从不考虑学生的感受。例如：在学生因为家事着急赶火车回家，需要委托捐赠宿舍里的东西的时候，宿管中心就十分不近人情，还克扣志愿者的东西。这只是冰山一角，例子太多，就不一一举例了。所以华农的这种生活服务做的特别特别差。而且那帮宿管中心或者荟园14栋的楼管，都十分蛮横。生活方面当然不单单是指住宿。当然也不全是不好的回忆。也有一些温馨的～只不过和这些让人愤怒又失望的事情相比，太少了… 所以，如果是想追求学术氛围或者学习氛围，那么欢迎来到华农。但如果是想好好的度过大学生活，参加丰富多彩的活动，全方位提升自己，那么千万不要来到华农。当然：如果是想要提升对蛮横态度的忍耐度，那么华中农业大学也是特别适合的一个地方。 我十分热爱华中农业大学，但是我也恨华中农业大学。 一名大四毕业生的肺腑之言。
合肥工业大学，华中农业，杭电的的哪个经济类的更好？理科生？,我是合肥工业大学宣城校区的，照片是我们学校，分数确实低一点。小编可以。
我是一名河南2017届高考的文科生，本科想学法学，分数可以上华中农业大学法学系和西北政法大学法学系？,谢邀，西北政法。你们河南的检察长就是毕业于西北政法。而且西北政法是法学名校，这几年浙江聘用制公务员要求，要求985及五大政法毕业生，211水分太大了。另外，学校好不好，你可以查看当地法院院长，检察长都是毕业那里，基本五大政法毕业。例外，还可以查看中伦，大成国内顶级律所里面的律师毕业在哪里，多数都是五院四系毕业生。考研这块，更不用担心，西北政法或者国内顶级院校没有给政法设置门槛。反倒是你说的那个211，估计有难度。仅供参考。 刚刚忙完，给你再详细答一点。 毕业选择做律师的话，想进大所，你说的华农基本不可能进去，大所一般靠推荐，比如校友群，当然校友群里还有一些人推荐的薪水不错的法务工作，推荐的成功率比较高。 毕业后进公检法，我强烈推荐去公检法上班，这个才是法学的主流，你政法毕业圈子大，人脉广，比较方便。 毕业后想去搞研究，建议考人大北大。全国也只有这两所学校是顶级的了。
华中农业大学和东北林大哪个更好？, 华中农大。武汉的高教资源不是盖的，而且你又是学文科的，华中师范的心理学，武大的法学，中南财大的金融学都会对外校学生开设二学位的，你完全可以去这些学校修读二学位，来弥补农林类院校的文科弱势。 
考研考华中农业大学食品工程考哪几门?,如果你能考上华农，那还学什么食品？
在华中农业大学读法学是怎样一种体验？,作为过来人，给一点建议，华农的法学确实有点冷门，毕业就业这块有点不尽人意，大部分直接考研。出去找工作的很少有找到与专业对口的，除非成绩优异个人综合素质条件好然后又司考通过的那类人。还有就是可以选择考公务员，提前做准备提前就业。 一定要对自己的职业做好规划，选择考研就一心考研，选择就业也要提前准备。机会是留给有准备的人。当然不管选择哪条路司考是必须要过，先说这点吧，希望对你有帮助！
华中农业大学文理兼招和文史类专业有哪些？哪些比较好？,为什么学文不要去华农？求解答=====，我快要报这所学校了。。
本人女生 报考华中农业大学 学什么专业好就业？,学生物么？
我是华中农业大学农业资源与环境专业现在想当一名PHP工程师，应该从那里开始学习，要学多久。?,三个月，w3school，遍历之
16考研调剂 西北农林科技大学和华中农业大学校？,遇到大年！！！好气啊
在华中农业大学外国语学院就读是怎么样的体验？,虽然我不是外院的学生，但是学过一个老师的课。她姓方，讲英美戏剧，英美电影，美国历史与文化等课。我觉得认识她是我上大学以来最大的收获。她是个好老师。
华中农业大学人力资源管理专业怎么样?,15级市场营销 没读完 正准备逃跑 实话 老师很好 老师都很好 但是想学到真的东西还是靠自己 我溜了不完全是因为学校的原因 但学校这一部分的原因就是 不想莫名其妙被逼着参加一些商赛卖一些早就知道根本卖不出去的东西还要算在期末成绩里  大二寒假分的专业 靠前三个学期的绩点分 用了能上会计的成绩选了市场营销 到头来有些失望  但是 学校整体来说 学风很正 适合高考失利后忏悔思念 然后考研或者出国 当然 学习压力也是比想象中大很多
如何评价华中农业大学的三田课程？, 我校（湖南农业大学）是 “六边” 综合实习：边生产、边学习、边科研、边科技推广、边做社会调查、边做群众工作，优酷上可以搜得到学生们自己拍的视频。实习时间是大三下学期全学期加半个暑假，大约是每年三月份到七月份，农学院农学、种子、植科，以及教育学院的农教专业全体学生到校外基地种地，吃住劳动都在基地，上一年学生种的米下一年学生吃，今年的学生自己种菜自己吃。五个月时间要完整的经历一整个双季稻的生产：从早稻浸种催芽开始到把晚稻全部插下去为止；学习洒播、手插秧到机器插秧，另外还要学习开拖拉机、插秧机、旋耕机、收割机等各种农农机，还要种菜、除草、打农药、喂养鸡鸭羊，系统的学习品比、田间规划、水肥控制等；另外还要学习水稻制种、油菜杂交、各种作物的考种等。还有一些玉米棉花土豆花生的种植；还需要对周边农户的生产生活进行调查、对新品种进行推广等，还有些其他乱七八糟的任务，比如去年我们在基地就制作了一套洋马插秧机的视频，介绍怎么修、怎么开什么的，成为我校农机教学的一个标准视频。浏阳基地有约600亩标准水田，未来要扩展到1000亩左右，会成为我校涉农专业的实习基地。我媳妇是05级华农植科院农学专业的，老跟我吹她们的三田实习多么牛逼，要搞三年学习各种东西 。我默默的带她去我们实习基地呆了两天，参与到了学生们的劳动，回来以后她说她终于理解了为什么华中农业大学比我校牛逼那么多，但是学生找工作似乎不如我校学生找的好的原因了。  附 学生们自己拍的视频：  湖南农业大学农学院2013级浏阳实习基地安全保卫大队宣传视频-在线播放-优酷网，视频高清在线观看      2013级湖南农业大学农学院浏阳“六边”综合实习纪念视频-在线播放-优酷网，视频高清在线观看     这是13级我带的这一届学生关于实习的一些介绍和吐槽  比医学更辛苦的专业有哪些？ - Peasant 伯伯的回答 - 知乎   农学是个重实践的科学，我觉得怎么强调亲自下地的重要性都不为过。华农的三田实习量还是太少 特别是系统性和连贯性不足，可能与重点实验室重点做基础研究有关，我媳妇的室友上大三了只知道教学楼和实验楼 完全足不出户的 当然本科生发sci的反正我就见了这么几个，她就是其中之一。而我们这种学校培养的学生主要还是面向生产一线，所以我们特别重视学生们的实践。 
在华中农业大学读会计学是怎样的一种体验？,我经管的，有同学在计科，这种感觉不好直说，作为全国著名的农业大学，学习非主流学科的我们感觉就仿佛在武汉理工学着新闻传播，在华中师范学着自动化，反正我是停尴尬的，不过毕竟211了
武汉理工大学和华中农业大学的文科哪个好？, 都不咋地   说说志愿填报和职业规划的心得  一般来说决定专业（职业）“含金量”有5点  1、学校：同样的专业不同的学校差别是天上地下的  2、地域：同样的专业就业地域不同差别也是天上地下  3、个人综合素质  4、学历 整体来看  学历越高收入越高  5、行业 比如同样学中文的  进互联网行业做编辑和去传统媒体做编辑待遇差别也很大  所以不是选个“好专业”就万事大吉  选学校选专业这事说简单也简单（半小时都不用），说复杂也复杂（可以是一门课）  这个问题和跟很多因素都有关系，就看你看重哪个因素了。一般来说填报志愿最要注意三点，重要程度不分先后，因人而异。  1、城市（地域）：学校所在地城市对视野开阔，提高综合素质，特别是就业和保研有着重要的决定因素。为什么北上广成为就业地首选？为什么北上广部分211甚至一本也比部分外地985录取线还高，不就是地域优势吗。在北上广你可以获取更先进的理念，更广阔的视野，尤其是更多更方便的实习和保研机会。学IT就业地首选北京（其次是深广杭），学金融就业地首选上海（其次是京深）。  2、专业（地域）：如果你以读个好专业为第一目标，那么就不一定把目光放在北上广了。比如吉林大学的车辆工程，电子科技大学的信息工程，西南财经大学的金融学，山东大学的数学等专业都名列前茅，且分数不是太高，可以成为非北上广的选择。  3、毕业后的打算（未来规划）：这个容易被忽略，如果你毕业后考虑保研、出国、考研等，考虑综合类大学，偏远地区的985考研成为选择之一，比如兰大吉大川大等学校，这些学校的保研率和国外的知名度和认可度肯定比录取线超高的上财央财外经贸高很多。当然也要注意专业选择，理学基础类专业出国相对容易（数学 物理 化学 生化等）。如果想本科就业，那就选择专业性学校，比如财经类，工科类（特别是电子信息类）。两财一贸（上财央财外经贸）甚至南审、东财、江财、天财。两电一邮（成电西电北邮）甚至杭电，这类学校目前就业形势不错，起薪也挺高。  特别注意（理性看大学排名）：现在学校排名基本依据综合实力和学术能力等，有时候对部分本科就想就业的同学参考意义不是特别大。比如中南大学、吉林大学、山东大学、四川大学等排名很靠前（10—15），但是录取线却在25—35之间，为什么呢？因为这些学校门类齐全，比如文理法工农医都有，综合实力比较强，因此得分较高。但这些专业很多都是冷门，就业不太有优势，因此录取线不是特别高但排名很高。不过有一点还得还要注意，虽然这些学校录取线不太高，但优势专业录取线却依然很高，比如电气工程录取线为380分（江苏），机械工程可能才359分（江苏），所以不能因为最低录取线而轻视优势专业的录取线。  选专业这事说大可大（可以算是一门学问），说小可小（比如听邻居说谁学了什么专业不错就填了）。个人觉得虽然有那么一点点的运气成分，但如果想把握精确一些还是需要做一些功课的，可以划分步骤。  第一步就是了解有哪些专业（不一定都要了解，可以缩小范围在你感兴趣的范围内查询），这些专业大致学什么，干什么的。这里有个资料讲的有点参考价值。注意区分名字相近但其实差别很大的专业。   【选择专业】大学专业分类详解（非常非常重要！）（已发）     第二步就是确定方向（比如是财经 法学 管理等），确定这个主要依据几个因素  1、 本科是否就业：如果想本科就业，可以考虑实用性比较强的专业，比如会计、车辆工程、电气工程。如果是想深造和出国，可以考虑理学（指基础学科数学 物理等自然科学，大气科学等）这些专业相对来说申请学校容易些。  2、 个人秉性：比如如果热情活泼开放能吃苦可以考虑销售、管理类专业，如果内向，热爱技术可以考虑计算机 软工 电子类专业。女孩一般适合文科类专业，语言类也不错。  3、发展方向：比如将来想进高校研究所等，可以考虑理学类。  第三步了解具体专业（行业）  可以看看类似这种资料（知乎：不同行业的真实工作是怎样的）   不同行业的真实工作是怎样的？ - 调查类问题   我觉得做完这功课可以基本上对专业有个把握了，避免读了大坑专业，或者孩子完全不喜欢的学起来很痛苦还要转专业的专业（转专业也不容易的，不同学校要求不同）  专业选择铁律15条  人们常说一个人只有做自己爱做的事，才能发挥出真正的创造力，做自己不喜欢的事，学习成本和代价都是很高很高的。应该说，没有学不会的东西，只有学会这个东西付出的代价大小有区别。而人的精力和时间有限，选择好专业所以才显得特别重要。  (1)先排除你绝对不会想学的。你可以不知道自己特别喜欢什么，但一定得知道自己不喜欢什么，一定不要选择自己完全不感兴趣的学不下去的所谓热门专业，不要相信什么“不感兴趣无所谓，努力就好”这种鬼话。  (2)没有明确兴趣爱好，但是潜意识里想要赚钱，只想要毕业后赚大钱，那么从商这条路比较适合。分数理想自然想选什么选什么；分数不理想的话，选学校不如选地点，尽可能选择北京、深圳、广州和长三角地区。  (3)依据秉性选择专业，如果热情活泼开放能吃苦，可以考虑销售、管理类专业；如果内向、热爱技术可以考虑机械类、计算机、软件工程、电子类。  (4)注意专业的不可替代性：不可替代性越强，进入门槛越高，工资相对越高（比如技术类岗位，金融行业门槛比文职工作门槛高一些）。  (5)注意专业的就业面：技术性越强，就业岗位越窄，比如本人本科专业是发电方向，多数本科同学去了发电厂电建，有利有弊。  (6)注意专业的前景：现阶段与互联网+行业相关联的专业都有市场需求。比如技术岗（IT码农、物流专业、市场营销、策划设计类工作）以及嫁接在互联网上的传统行业等。  (7)要选择行业院校的对口专业，在一个农业工程学院你去读经济，在一个医科大学你去读金融，可想而知师资力量。有些学校就是为了吸引生源开设专业的，选择需谨慎。  (8)千万别因为一所工科院校是985或211就想着它文科肯定也不会差到哪去。差的很远，师资力量可能不差，但是氛围会和你格格不入。  (9)认清不同专业拼的是什么，看清自己。比如金融，拼的真不是基础知识，而是综合能力。家庭条件不好自己又比较内向的慎选。  (10)本科不要学太虚的专业。市场营销，人力资源，企业管理等等，没有会计实用好找工作。  (11)如果家里条件不是很好，打算一毕业就能找个好工作的，尽可能不要选择基础学科，大部分理科专业就别选了，太基础的就别选。  (12)家庭经济不是很好的可以优先选择能迅速回现改善生活的专业。  (13)如果学计算机，一定要去北上广深杭成！二线三线城市资源少，要啥没啥，几乎是互联网荒漠，很多大公司连宣讲会都不来，实习找工作还得去一线城市找。  (14)如果本科想就业，选择实用性比较强的专业，比如会计、车辆工程、电气工程。  (15)如果想深造出国，可以考虑理学（数学、物理、大气科学等），这些专业相对来说申请学校容易些。  以上为个人见解 仅供参考   
华中农业大学考研，环境科学难不难考？,泻药，不懂，祝福，加油。
在华中农业大学就读是怎样一番体验？, 2017/8/16修改  超过了60个赞，那我先回答一个我最想回答的问题吧。  来华农的学生，大部分属于这四类，给新生一些建议吧  （1）好学校（省重点或重点市）的“差”学生：这一类学生一般心气会比较傲（因为跟高中同学相比，自己并不满意自己的大学或者十多年的付出），或许因为追求211的名号，舍去了一些东西来到了华农，这部分学生大部分会说自己是高考发挥失常来到了这里，但我想说的是，希望你们能尽早地平复自己的心态，因为你们其实很有实力，至少在综合素质上面，毕竟在重点中学呆过，社团活动本身就很多，受到了一定环境和师生的熏陶， 调整心态是最重要的 ！这部分学生学习成绩至少是中等以上，基本上会读研或者出国，为了有一个好的出路，也是为了和高中同学看齐；  （2）普通学校（如县级市一中，市重点）的学生：这一类学生差距是最大的，既有拿国奖的，也有因学分不够而退学的。这部分学生目标缺失是普通现象，这与高中高考唯一论有很大的关系。那差距是如何拉大的呢？我觉得是 目标发现+学长学姐的教诲+自我的暗示， 究其根本是 环境和个人价值观 的共同影响。  （3）“差“学校（在市或县里处于第二集团的学校）的优秀学生：这部分学生在高中的成绩较为优异，因而上大学后或许还带有一些 傲娇和戾气 。但你们缺乏的或许是 视野 ，一定要多提醒自己：人外有人，天外有天，多 虚心 向同学、老师、学长学姐学习。之后是读研还是工作一定是要适合自己， 不要随大流 。 多参加一些组织部 门，培养真正的自信和能力。 多向优秀的人看齐 ， 多读英语 ，此部分的学生英语水平会相对较差；  （4） 为了读华农优势专业的有志向的学生 ：这部分学生或许占少数，但是让我最敬佩的，也是学校最希望招到的学生。像生科、风景园林、动科、植科、园艺等（指的是当时把这些专业放在第一专业上的），他们或许是比华农投档线高了十几分甚至几十分来到了华农，他们怀着自己为了生物或者农业的梦，有些想做科研，有些想回自己家的农村做建设， 希望你们能继续自己的初心，在华农实现自己的理想 。  在大学生活中，这四类学生共同生活，所以有些交流你觉得不对或者不恰当，当希望你们能考虑到大家高中乃至初中所处的不一样的环境，调整好心态，follow your heart。比如，你会觉得有的学生综合素质很厉害，舞蹈运动样样精通，有的学生一心只会学习、与人交往能力差，有的学生整天打游戏、没有目标……  以下是华丽丽分割线，原答案如下：  ——————————————————————————————————————————  在大华农读了两年，马上大三了，那我就利用暑假这个时间和大家讲讲我这两年里的华农印象吧。主要分 生源、升学出国与就业、师资与硬件设备、转专业与双学位、社团部门活动 以及 其它 这六个部分。  先附两张华农的美景图（摘自学通社）           一、生源   华农的生源质量在 全国排名120 左右，在武汉排 第七 。而 华农本身的排名一般在40至70之间， 从这个角度上来看，华农的 性价比还是蛮高 的。与另外两所有对比性的同类高校 南农、西农 比，在各个省份基本上都是略逊一筹（除了湖北省、广东省、广西省、内蒙古自治区，华农的录取分略高点之外，其余省基本上是持平或者略差）。  楼上只是生源质量的一个客观表述，接下来谈谈我对华农学生两年总体印象吧。总体来看，华农学生正如校训那样朴实，可能农村孩子会多些的缘故。还是比较多的学生较为死板，缺少创新力和自己的目标，综合素质高的学生不占多数，但大多数都很关注基层，容易接触交流，我校志愿活动这方面做的很好，比如本禹志愿队、红杜鹃爱心社等。还有一点需要提出的是，华农 学风很好 ，来了你就知道了。  我15届的，当时报考华农，比其投档线高了三分（华农投档线582，我的分数是585），但依然被调剂专业。其实华农每年高分考生还是蛮多的（比最低投档线高二三十分的人），这些高分考生一般去的是生物技术基地班、生物科学基地班和风景园林。      哦，想起来，或许你们还关心这个，男女比例，基本上接近1：1吧          二、升学、出国与就业   在这所学校，如果你是在生科或者农科类的相关专业，你得到的机会会比较多，不论你是保研还是考研。对于 生科、动科、植科院 的筒子们来说，有 30%的保研名额 ，不过你想去更好的学校（指的是c9）深造，那你得最好要在年段5%以内。我之前在动科院的团干保研到了清华生科，不过她是年段第一。每年保到浙大、中农的也很多。  然而对于我现在所在公共管理学院（我们学院相对差的一个学院），13级毕业生最好的保研去的是东南，考研考的最好的是去同济（听说这位同学考研去同济花了一年多的时间，提早准备了很久，我们学院基本上没人能去同济的，毕竟这个专业最好的学院是清华，其次就是同济）。工程管理这个专业有 10%的保研名额 ，13级的保研有去东南、北理、武大、重大、湖大、中南和本校。整体来说，保研名额和保研质量是不如优势学院的。  不过修行看个人，哪怕是外院，今年也有考到北大。自己的基本素质打扎实，华农部署211的名号还是有用的。   保研 的同学们，以我血的教训告诉大家，真的注意大一、大二公共课的成绩，楼主的数学有点黑洞，拉了不少绩点。 因为你的成绩越好，你能保到的学校才越好。（指的是科研等其它方面在同等条件下） 在大三的暑假，参加各个高校的夏令营，比如是去武大的人文夏令营，你是年级第一去申请基本能进，但如果你是第三第四，前面又有本校这个专业的年级第一，那你进的机会会小很多。之后的推免笔面试也是类似的情况。   出国方面 ，我校出国整体氛围不够浓厚，在部署211排名倒数。交流方面呢，农科生科交流的学校还是不错的，康奈尔大学、弗洛里达大学、华盛顿大学，但是其它专业的交流学校差的不止一个等级，比如去埃及本哈大学、韩国东亚大学、英国哈勃亚当斯大学、台湾铭传大学等，有些大学百度都没多少资料。。。。。。但如果出国读研的话，关键还是靠自己，华农给的平台是足够的，关键是看自己的本事啦。之前动医的有大一上完就去康奈尔的，现在工程管理的毕业生也有去英国伦敦学院、UIUC深造的。   就业方面， 我校是农林类高校，而且地域在武汉，不是在北上广。就业薪酬平均水平在4300左右，并不高，在全国排在150——200左右吧。 其实我觉得如果一开始选学校的话，就是想直接就业的，而且有自己想去专业的这类学生，真心不建议来华农，毕竟华农是农林类院校，知名度在其它方向还是满低的。 如果你想学计算机，那么直接去南邮、杭电、重邮，学财经去天财、江财、南财，学机械类去太原理工、河北工业、长沙理工。当然，如果你没想好未来的方向的话，华农还是很适合你的，毕竟211这个称号对你未来的发展是有帮助的（无论哪一方向）。  附《2016年华农就业质量报告》，你们关心的都在这啦                   三、师资与硬件设备    教师方面 ，华农的老师们毕业于武大华科的比较多，当然农科类的毕业本校的就更多了。教师水平参差不齐，教你的老师看运气！！！有每个学期过个儿童节、植树节、妇女节都会在大群里发100元、期末打分又高的老师（大家猜是谁），也有平常上课随意、期末打分又低的老师（让人很气，明明期末自我感觉肯定90+，结果才80左右，或者考后自己觉得肯定过的结果没过那种）。不过，说实话，除去上课方面，华农教授们科研水平那是杠杠的，国家杰青、千人计划、万人计划的总人数排名全国40左右，有5位中国工程院院士（在武汉排第三)，基本在各个有关科研的榜单上，华农在全国高校在都是位列前50。   硬件设备 ，华农宿舍有空调，有独卫，4人一间，宿舍环境打分至少90以上，剩下的10分看你的室友是否和你相处的来啦。   华农若评全国最美高校前20名，肯定评的上！  多图慎点（图片大多摘自学通社，本人也是学通人，希望不介意啦）  有着号称亚洲第一跨度的广场——亚跨   人文楼   教学楼   艺术馆   游泳馆   体育馆   第二运动场   网球场（有草场，也有以美网为标准的硬地场，报告：楼主是网球迷）   全校整体地图（华农号称全国第三大高校，其实试验田占了一半，图中红线是每年校园长跑路线）       四、转专业与双学位 （这两个方面因为楼主切身经历过，所以特地想提起，如果对转专业和双学位没兴趣的话，此部分可以跳过）   转专业 ，先附几张图，你们应该懂得差不多了。转专业对有心的人真的不难，不用担心。我知道有一部分同学可能比较排斥农科类的专业，被调剂后可能会有转专业的想法。楼主当时被调剂到动物医学，后转入工程管理，不后悔。转专业一般不换寝室，但楼主因某些原因还是想换，最终是换了的，但过程费劲周折……                      双学位 ，楼主修的是财大的经济学，说实话，蛮水的。周末两天上课，给我们上课的教师全是讲师，而且还有正在读博的博士生，而且财大的双学位还是和其它武汉十校（如民大、湖二师、湖警、湖美）的学生一起上，导致一个班有将近200人，你想想看这样的效果能有多好。而且期末考试很水，此方面我也不想细讲。。。不过to be truth，楼主只是想拿双学位当跳板而已啦，之后读研想往房地产金融方向走，所以对我来说， 自学+上课所学+双学位证书 帮助应该是不小的。  当时楼主选财大经济学，其实有很大一部分原因是因为大一的成绩并不很优秀，导致我怕选武大的经济学会刷下来，所以就保险选财大的。虽然第一志愿被刷后，有第二志愿，但就不能选武大华科财大的专业了。  根据耳闻和自身体会吧，如果大一成绩优秀的话，强烈推荐选武大华科的专业以及华师心理学，当然财大会计和金融也是不错的，而且离学校近。  讲到这，好像我还没正式介绍双学位。通俗的说，就是在大二下至大四上四个学期内修满武汉七校中的任意一所，就可获得相应学校的双学位证（貌似只有在湖北省内比较认可，但其实学到的东西是自己的），学两个学期有辅修证。 武汉七校是武大、华科、中南财大、武汉理工、华中师范、中国地大和华中农大 。  附可选专业和要求（放几个热门学校的）               五、社团部门活动   （这部分来自百度贴吧）华中农业大学四大系统是指 共青团华中农业大学委员会、华中农业大学学生会、华中农业大学大学生社团联合会、华中农业大学大学生艺术团 。（楼主推荐校学生会和校团委）  三大勤工组织指大学生勤工助学中心、大学生楼栋管理委员会和大学生文明值勤队，有工资的哦。  校内的媒体组织有很多，他们各有侧重，同学可以通过南湖新闻网   http://  news.hzau.edu.cn       或者这些媒体组织的官方微博、微信、人人、QQ空间等平台了解校园内外大小事情的最新动态，以下仅提供各媒体组织的微信公众号。校内最优质最有爱的媒体组织当选—— 校学通社 ！！  当然，楼主还推荐另外一个校级组织—— 教学信息中心 ！（教务处底下的学生组织）  全校 约有一百个 社团组织，由校社联或学院社团部管理。一般情况下在社团工作没有综测，因此只有部分社团比较活跃。以下提供全部社团名单和第十三届星级社团评比结果。（资料来源于社联）     全部社团名单  公益实践类（29）  绿色协会  红杜鹃爱心社  红十字会  CIC  素质拓展协会  爱心协会  外语桥  Crazy口语  趣玩交友协会  心理协会  日语文化交流协会  国际文化交流协会  旅游爱好者协会  雨露·中国公益社  魔方协会  推广普通话协会  未来企业家协会  创意设计协会  演讲与口才协会  Girl Go女生之家  辩论协会  市场营销协会  公共关系协会  投资理财协会  社会调研与社会服务中心  情商促才协会  广告协会  帮忙学长协会  微博协会     学术科技类（31）  科幻协会  工商管理研究会  法律协会  土地研究会  会计协会  茶文化协会  数学建模协会  水产科普协会  “南湖风”文学社  龟文化协会  植物保护协会  军事爱好者协会  电子科技协会  园艺协会  计算机协会  经济研讨协会  书友会  电子商务协会  天文爱好者协会  动物科技协会  国学社  建筑与房地产协会  食品科技协会  机械创新设计协会  齐民学社  风景园林协会  现代农业生物技术科普协会  模拟联合国协会  艺术设计协会  记忆协会  葡萄酒文化协会     文艺体育类（35）     裁判协会  滑板协会  轮滑爱好者协会  双节棍协会  Miracle魔术协会  棋艺爱好者协会  台球协会  自行车协会   健身俱乐部   武术协会  跆拳道协会  民俗文化与民间艺术协会  书画协会  笛箫协会  梨园戏剧社  西洋音乐协会  鸣泉乐坊  吉他协会  Soul Rhythm Beatbox 协会  舞道节拍协会  摄影爱好者协会  I LOOK DV 社  电影艺术协会  FOM动漫协会  乒乓球协会  羽毛球协会   网球协会   排球爱好者协会  足球协会  女足俱乐部  篮球协会  爱跑俱乐部  高尔夫协会  南湖High歌会  散打协会  楼主强烈推荐 校学通社 ——楼主以上很多图片都来自这个校“新华社”的呢，里面有一群活泼可爱的哥哥姐姐们！好吧，不放图片你们不会的           活动 ，我校除了学生活动中心偏小之外，其它基本上各类活动还是蛮多的。我随便放几张图片吧  毕业生送别晚会      《无人生还》话剧      篝火晚会       六、其它   关于爱情——楼主现在还是单身狗，但还是希望大学能有一份属于自己的爱情，过  关于学校周边好吃的好玩的——前面的几位小姐姐总结的挺好的，再说学校本来是学习的哈哈，过  关于华农三大宝——早操、听力、环湖跑，来了你就知（shou）道（nve）啦，过  关于什么……你们还有什么想问的吗，直接留言好啦，我还是会很（kan）热（xin）心（qing）的回答啦……   对了 我们学校还有挺多不足的，比如 官僚固化、行政化严重 ，等突破了50个赞我再展开说吧  这是我第一篇那么认真写的知乎文章，献给又爱又恨的母校，希望大家不要认出我     
如何艹到华中农业大学的女生？,有钱。。。
想考华中农业大学的临床兽医学的小动物疾病专业的研究生，请问是不是毕业之后只可以在宠物医院上班？谢谢您,可以选择中国农业大学，不推荐考临床兽医学学硕，因为目前除去推免收的人就不多了。推荐考兽医专硕，选择方向动物临床疾病诊疗，报考难度适中，两年毕业，中农专硕也可以直接硕博连读。另外，中国农大的临床兽医特别是宠物这块还是不错的，仅供参考。
华中农业大学水产怎么样？,可以养小龙虾，吃小龙虾:D
如何评价华中农业大学模拟联合国协会自砸招牌，聘用涉嫌性骚扰模联人L?会长学总是出于话题炒作的目的吗?, 就我个人而言，相对客观说两句吧  利益相关：华中农业大学的会2016年的MPC主席  从会务方面来说，2016年的组委是非常尽职尽责的，现在的组委里面也还有2016年的组委。  从学术方面来说，臧珏杨先生的UNDP会场的设计是可以调整并多次开设的（相较于很多设计是一次性用品而言），不同的主席和不同的代表可能开的结果都不同。陆星霖先生可能就UNDP这个会场可能参与的比较多？（应该是这样的，今年年初的杭州木心陆先生好像就已经驾轻就熟了）相对于这样一个规则可能比较复杂，流程比较繁琐（？）的委员会而言，一个有着多次该委员会参与经验并且深刻理解委员会设计意图的主席能够更好的指导代表参与到会议当中。  由此，或许可以理解华中农业大学的组委这样做是为了保证学术水平，看起来也没什么错。  另外，引用左锦涛先生在另一个问题回答里的回答：  只要这个人有才，组委又有法控制，涉性骚扰者当学团可以，没必要为此退圈。  （对于陆先生是否有才的这个问题，本人没有过多的接触，就不予评价了）   另外，性骚扰这个事情，不论怎么洗地，发生了就是发生了，总之一句话“若要人不知除非己莫为”，既然为了，就要做好被知道的人拿出来说一辈子的准备。  对被欺负的同学（无论男女）我想说这样一句话：你手上有两个武器：舆论和法律。  舆论足以让TA身败名裂，法律足以让TA自食其果。 
打算考华中农业大学风景园林设计的研究生～这个寒假打算学习快题，请问哪里比较好呢？,我只想说…华农老师都挺讨厌快题风的，华农风一直向北林靠拢，所以去北林那边学肯定没错！加油～
华侨大学，湘潭大学，安徽大学 南昌大学 华中农业大学，南昌大学 福州大学这几所大学怎么样？,我当年也是在这几所大学中选择，和题主一样我也是文科学子，在语言类和经管类中选择 所以，最后，最后，最后，我去了华中农业大学，主要是因为武汉的城市较大，7个211之间还可以互相选择双学位课程 如果让我现在建议题主，去安徽大学吧 不是说母校不好，而是文科经管类的专业，安大还是名气大一些，而且武汉学校太多，应届生找工作竞争太激烈。反观安大，全安徽排名第二(虽然和第一相差不是一点两点-_-#)，如果在长三角找工作，知道安大的hr肯定多一些 其他几所学校题主还是不要考虑了，会有点浪费分数
我是华中农业大学的本科生，想要考香港理工大学的工商管理硕士，请问该如何准备，我目前的专业是社会工作。?,校友啊，问问你现在还在准备吗？
西北农林科技大和华中农业大学哪个学校的实力更强？,211华中农业实力远远高于985西北农林，你看看2012年教育部的学科排名和院士、千人、长江的数量就明白了
华中师范大学的国家文化产业研究中心农业推广专业，好考么？准备考研，求这个专业的具体情况。？,不难考，好好看指定书就好了，现代农业经济学王雅鹏，管理学周三多，农业概论翟虎渠。属于农业硕士。就业干啥的都有。
女生在华中农业大学学什么专业比较好？有考研的想法。,工学的话，风景园林不错呀，农学的话就园林，园艺，动物科学吧，农业资源与环境也不错，就是课程比较难，也是属于大类招生，大二会再分方向。研究的话，园艺是最好的选择，其次是植物科学与技术，其实茶学做研究的话也不错，看兴趣爱好。 希望能帮到你。
华中农业大学的经济学类如何？,农林经济很不错 其他一般般啦
有华中农业大学风景园林的学长学姐吗，我感觉自己设计感不强，但想考设计，求教一下考研经验？,多看专业相关杂志，关注实际项目的平面立面图，生活中看到不错的设计，可以在脑海中由三维环境转化为二维平面图，多做这样的积累，可以建立起自己的设计资源库。
如何看待华中农业大学封锁大一女生身亡的消息的行为？,请百度华北水利水电大学，女厕所杀人、女学生被性侵多年，被拍照散发整个村庄等等。 是个大学就想保住颜面、想封锁消息，更何况是华中农业这样的211。 对之前错写为985做一些解释：我原意想表达的是，即使是普通高校都及其注重为了集体荣誉（也就是通常所说的面子）来遮掩真相，更何况是这样一所有一定社会知名度与相对普通高校更高一个层级的学校。   我还真没看出来我有什么可酸的，，，反正我是考完研了，因为辅导员和校学生会的种种作为，我也不太想承认我是华北停水停电学院毕业的。  以上
我爸硬要我去读福建医科大的本科，而不让我选南京农业大学，华中农业大学，怎么劝？,如果你真的喜欢学医，去医科大学挺好的，专门搞这块的当然好一些。如果你不是执着要学医211的平台就帅气很多了，现在很多找工作的要求就是非211院校不要。不说很多吧，起码你和211相比就丧失了一部分机会了。而且，重点是，南农是市中心不淹水有空调还发过牛奶的211院校哇！出门就有地铁，学习风气还不错，学校还好看，风景都怡人。南京这座城市也好，适合读书。反正我是不后悔来南农。
华中农业大学生科院的硕士学长学姐们，请问是生科院研究生群是多少？,同求呐 14级考研 食安 想考去你们学校
西安建筑科技大学和华中农业大学 选哪个？？,从我的角度，茶学可能有很大未来，所以推荐一下华农。。。 但是建大学校附近东西好吃啊。。。。 好难抉择。。。
考研纠结于深圳大学，南京农业大学，华中农业大学？,我是华中农大的，考研的话建议你来华农。第一，华农和南农都是211，所以3所高校中应该首先这两所。第二，华农的地理位置很好，在武汉洪山区（类似北京海淀区，高校集中的区，人文氛围好），华农在武汉狮子山脚下，三面环湖，自然风景十分秀丽，距离光谷很近，可以说华农所处地标属于光谷区域。第三，华农在武汉知名度很高，是武汉七校联合办学（武汉7所  教育部直属211大学）之一，甚至街边卖水果的叔叔阿姨出租车司机你一张口说你在华农他们都会对你称赞不已（亲身经历）。第四，生物科学和食品科学是华农的王牌专业，学生科建议你来华农。第五，武汉是华中地区最大城市，中心城市，城市建设非常迅速，正以最快速度生机勃勃的向着一线城市（北上广深）发展，长江黄鹤楼武昌首义纪念馆都是武汉历史的印记。来武汉长江大桥 （毛泽东主席曾在武汉长江这里游泳过，并作诗《游泳》）感受长江。武汉地处中国中部，美食很多，南北美食在这里几乎都可以找到，很快会适应这里的口味。 附一张在学校一教学楼里拍的华农和一张亲手拍的长江 
华中农业大学14级，求考研研友?,食品的路过 
如何看待华中农业大学17年1月左右荟园十栋学生宿舍发生的捅人事件？,武汉人，觉得事情都过去一个多月了，都淡了，你要问我对前阵子对武昌火车站是怎么看的，我也只能说，出门在外要小心吧，谨言慎行。
作为一个文科生，在华中农业大学是一种什么样的体验？,本人14级华中农业大学经管院文科生。 学校的人文气息确实不怎么浓厚。图书馆文化艺术方向的书也远远少于理科类的书。但是毕竟是个211学校，学习氛围还是有的，也有很多优秀的学生。相信如果题主是名优秀的具有人文素养的学生，也是可以找到志同道合的小伙伴的。 关于七校联合办学，我认为它的价值取决于个人选择的目的。据说除了湖北省以外，其他的地区不认这个双学位，而且每个专业都有特殊性，所以也不好概括来说。我在华中师范大学修了心理学双学位，我大概说一点自己的感受。 1 我觉得为了混文凭，那么的意义不是很大。因为上双学位的话几乎每个周末都要去上两整天课，更不必说还要在两个学校之间奔波。挺辛苦的。有的学生去了之后干脆睡觉，或者玩手机。我觉得这样无异于浪费美好的青春，还不如用可以自由支配的周末干点更有意义的事。 2.我觉得双学位最大的意义在于，如果你确实对一个学科有兴趣，报一个双学位，有这么多相关领域的专业老师来给你讲课，这个资源是很宝贵的，很多学生求之不得的。尤其对于想跨专业的学生来说，更是弥足珍贵。 3.另外，报双学位之前要打听好，看看你是否是真正喜欢这个专业，而不是被它表面的意思所迷惑。（比如心理学并不是简单的心理咨询或者学了就能看透别人……）
华中农业大学农学的分数线和英语线是多少？,总分过国家线就可以了。 不同专业也会有不一样
南京农业大学和华中农业大学的预防兽医学考研选择哪个比较好？,华农和南农差不多，一个档次的，个人觉得华农更好点，可能因为我是华农的原因吧~都有院士带队，差不了的。
请问，谁知道华中农业大学生物化学与分子生物学研究方向都怎么样？哪个好就业些，好进入公司？谢谢！?,楼上的有点打击人了，如果你想进公司的话，凭硕士阶段的积累，研发方向只能从助理干起，但是如果你要是有其他方面的特长，诸如英语，口才等，可以考虑销售岗，因为你已经有了实验方面的经验，再慢慢积累销售方面的经验，努力上几年，应该有个不错的未来，知乎上有很多这样的人，如果TZ是个有心人，可以找到很多前辈的经验，祝好运
华中农业大学和南京农业大学哪个好？,就读于南农的武汉人。( •̀∀•́ ) 我当时报志愿时，其实是不知道南农的orz 后来发现挺好的，就报了... 因为湖北本地考生报本地的学校人比较多，所以当时是华农分数线比南农要高5分左右(在湖北省)。 其实我觉得差别可能也不太大吧~武汉和南京都挺好的，两所学校也不分伯仲，实在难以抉择就看看自己想报的专业哪个学校的更好吧。 南农的强势专业是，农学，动医动科，园艺，食工，农经等~【华农了解不多不好意思】  希望可以帮到题主~ ps.农业类大学妹子很多很棒的哟(*/ω＼*)
山东文科生 考华中农业大学怎么样？打算要读研 回青岛就业怎么样啊(●—●)？,谢谢回答啊啊啊啊啊啊啊啊 本来很有信心 看了些帖子有点迷茫T_T
本人华中农业大学机械电子工程专业大二学生，准备毕业工作。但是不知道自己应该具备哪些能力才能更好的就业？,考研吧
华中农业大学的兽医专业去新西兰梅西大学读研究生，什么方向比较好找工作？,感谢邀请。  梅西的兽医专业全球排名25，要想入读其研究生专业必须有相关学历背景，均分在80/100左右。  梅西的兽医有两个研究生方向，一个是 Master of Veterinary Studies ，主要是发展学生的非临床医学方面的知识，包括动物公共健康啊什么的。一个是 Master of Veterinary Science ，主要学习内容是研究兽医科学的。  两个不同方向的专业都招收国际留学生，招收要求较高，数量有限。  希望能解答你的问题。也欢迎私信我了解更多相关情况。
华中农业大学植保专业比社工如何？,我是从华中农业大学毕业的，2014届。结合自身情况，社工专业，女朋友是华农植保的。现在从事的都不是本专业。所以专业没有好坏，看个人兴趣和职业规划。
华中农业大学，文科生可以读风景园林专业吗？,文科如果不招就不行了，但是服从分配选进去，大一下学期可以转专业，要面试然后各种考核，学校同意后就万事大吉了。(我也是2017届的，理科)
在华中农业大学就读水产有怎么样的前景？,哈哈哈，我是华农水产院水族专业的，可以好好学，搞科研嘛
如何看待华中农业大学宿舍洗衣机自燃学校让宿管阿姨背锅事件？, 我来给你们理一理  7月，突然宣布限电， 为了安全 ，不可使用私人洗衣机 而之前已经上到大三大四的，在他们的前两年里，一直使用无阻 8月 学校突然下达命令要求2天内提供数十空床位 但校方却 并无任何提前统筹安排  事发前四天，警报器 四天内误报十数次  事发前一段时间，宿管因为校方命令不得已熬夜工作 事发 前一天，警报器半夜误报2次 ，宿管都起来查勘了 同日，宿管找人修理了警报器 事发，学校在 禁止使用私人洗衣机后，公用洗衣机自燃  (最初设置公用洗衣机的目的:为了安全) 事发后，宿管因劳累 未第一时间醒来，被保安叫醒，一起认真控制了火情，未造成任何人员伤亡   校方决定: 对于私人洗衣机的情况，只字未提 对于公用洗衣机的问题，只字未提 对于行政统筹安排的疏忽，只字未提 对于水电相关责任部门的追责，只字未提 对于宿管， 开除   对于具体措施，我不说什么，说点想法  第一，为了安全，你们有脸说这四个字吗？  第二， 我不知道你们学校内部有什么矛盾利益，也不知道后勤部门有你们多少领导老师的亲戚   我只知道，如果当天没人灭火，那么今天，你们看到的就 不是网络的批评    而是人家父母的律师函了    那会你们那会还会把宿管推出去做被告，给自己拉枪线吗 ？   诚 朴 勇 毅   虽然我自己是个鶸，但是我还是希望我的学校对得起这四个字  至于肯定会有来想指点屁股座歪的，提前告诉你   骂你的人只有两种，希望你好的，看你不爽的 而咱华农同胞，现在的情绪，叫做兼而有之      不匿了 就这样  
华中农业大学和四川农业大学哪个更好？,不好意思，报考已经结束了吧  废话，当然是华中，四川农业大学是末尾的211，地位很尴尬，实力也并不比华中强，在华中你的成绩找个好专业完全没问题。
2017新生询问：华中农业大学生物学怎么样？,华中农大生物信息14级学生在此，目前在华大基因实习。  华农的生物信息本科专业是从11年开始建的，但其实生物信息中心起步得蛮早，因此有不少做生信这方面的老师，相对来说，专业建设上在全国是比较领先的。  怎么说呢？我这三年在华农接触过了不少老师，也进过了解过好些实验室，现在也在BGI，从现状来看，生信研究人员目前还是很俏的，因为已经是实验室标配了。  但人家要的不仅仅是会点编程的，而是熟悉整套生信分析流程的人，是能快速上手的人。  而我们专业的核心课程就有perl、python、生物统计、生信原理、生信软件实践、生信进展等等，基础的更是包括分子生物学、遗传学、系统生物学、数据库、数据结构等等。基本上从课程设置上保证了我们的学生都有“没吃过猪肉，也见过猪跑”，“没参与过项目的，起码也知道生信的基本流程”。  我不止一次听过研究生和博士生和我们说，你们这真好，本科就有这些课程，我们都还要自己自学。  这说明了啥？大势所趋。  当然生物不止dry work，你问的国内生物综合水平高的，其实教育部每年都有一级学科排名，基本也能想象，和大学综合排名差不离，从上面清北数下来，我记得华农是排第八。（武大的榜单，生信专业华农全国是排第一第二，虽然全国就27个学校开了本科生信专业）  但是不是每个实验室都能那样子烧钱解结构，甚至不是每个实验室都能养一堆小白鼠来研究癌症，生信分析可以说是性价比非常高的，所以大趋势是每个实验室都会需要生信的人。  通过和其他学校的生信专业接触（和郑大、东南、华科的、中南的聊过），华农的生信专业的课程设置是优于大部分学校的，这个也不是我主观推断，教学质量排名就可以看得出来。 不过讲实在话，生信分析流程真的好上手，即便不知道原理，软件跑起来也不难，看看现在遍地都是生信培训班，有人才缺口，就会有人补上，那华农的生信能有什么优势呢？  所以对学弟/学妹的建议主要就是1）把握大学里的资源，早进实验室，且要将所在实验室的整体大观把握，心里有底。2）编程水平要扎实，基本功要好，且不能放，要勤练习。3）华农除了基础的课程，有很多创新性实验、特邀教授的全英课程，都是可以选修的，别浪费学费，本科生信优势就在于理论原理你要掌握得比速成的好。4）提高看英文文献的水平，很多实验室之所以做生信就是因为没钱做实验，那你就看别人做实验的文章啊，还有很多人做生信没思路，那你就看别人怎么做的然后照着来啊，总之，文献阅读是非常有必要的。  说了这么多，也要去看文献了，希望直系的学弟/学妹能够在华农度过美好的4年，快毕业的老油条表示，我爱华农生信，但我不喜欢华农（早操，听力，环湖跑，交通不便，官僚主义，用屁股做决定的领导），我是不是该匿名？
在读大三学生一枚，想报考华中农业大学的农业推广硕士，有同路的吗，求学长学姐前来指导，不知好考与否啊？,农学的推广硕士应该好考，毕竟国家线就那么一点，这几年华农建设的越来越好了，以后估计会难考了。
在华中农业大学念书有什么建议吗？（不出意外园艺系）？,同填了园艺专业  不知道能不能录
华中农业大学农学专业本科生，要不要读研？,本人女，本科也是农学类，后来保研读了本校的农科研究生。当时大四找工作时也是比较迷茫，因为迷茫和家人期许所以选择读了研究生，但自己心已经没有在学业上了，所以实验做的一般般，现在研三了还有半年就快毕业了，自己的小论文没有写出来，实验感觉也做的不好。每天也是愁自己的实验和找工作的问题，经常痛苦多次自己问自己后不后悔却无法回答，想想如果工作也用三年工作经验了，因为不喜欢接触药物和兴趣问题 也不想继续科研这条路了。农学硕士毕业找工作，特别是女生 确实比较尴尬，一般企业还是偏向本科生的吧！我一个师姐有一次面试一次工作机会时，除她之外都是大四刚毕业的学生，同样的职位大家都可以做，对公司来讲本科生成本肯定更低一些。毕业时研究生一般已经25-27岁左右，还要考虑婚姻家庭问题，各种不是本专业的薪酬高点的职位大都要求几年工作经验。如果你喜欢做科研或进高校，一般现在都要求博士了，可以专而精的走下去。不喜欢读到博士或迷茫的话，个人建议先找个稍感兴趣的工作，以后如果工作需要或自己感兴趣可以读的在职的。我现在做的东西是在实验室，但内心还是对种植不讨厌的，可想想工资那么低 男朋友想在广州工作，周围也没有赞同我找种植一类的工作，有时想想毕业后会不会转行工作，各方面压力和自己对自己感到自卑也是造成经常痛苦，不喜欢现在自己的性格。目前只希望好好做完实验，顺利毕业，下一年找个好工作！
华中农业大学咋样?,我只想说如果你恨一个人就让他来华农读书，如果你爱一个人也让他来华农读书。
华中农业大学商务英语怎么样？,额，来农业大学读英语，你要想好呀 。教学还是很不错的，但是相对于本校其它院还是非常弱的。近一两年英语专业比商英专业就业率高，很多人都会选择保研或者读研，今年外国语学院有两个考研上北大的小姐姐。学校的人文素质和校园环境都很不错。如果确实爱语言学的话，建议选一个外国语学校。希望有用哦   
本科风景园林专业，想考华中农业大学园艺专业，求指点？,风景园林跨考园艺？我是园艺想跨考风景园林……要不我们交流一下？ 
山东文科生 报华中农业大学前景怎么样？打算读研（到外校） 后回青岛工作？,题主给的信息我不是很明确 是山东人报华农然后再考研回山东？是这个意思吗 我个人觉得 华农作为武汉211大学 实力肯定有的  但是你的分数如果能上华农这类的学校 那么北京的好的高校也肯定能上 文科生大多从事经管政法类 往大城市走吧 好的学校有保研机会 北京的高校机会更多 再说考研问题 三年后你到底什么学习情况和学习状态都不能保证 还是先走好第一步棋在考虑今后
华中农业大学招收在读博士吗？,你可以直接打电话到学校招生办问询具体情况
在华中农业大学学英语是种怎样的体验？,讲真，大学英语全靠高中，你如果喜欢这个专业或者想在这个专业混饭吃，那就有的忙了，四六级，专四专六，口语都要考，四级600考专四，六级600考专六，当然你也可以考双学位，不过一般的话只要考过四级就行了，高中英语120就可以差不多了，能进入我们学校英语应该不会太差，混混大二就能过。
你为什么不推荐高考考生报考华中农业大学？,我推荐考生报考，华农注重学风，不忘支持同学们培养兴趣爱好，有电子竞技协会的成立，已经可以打破很多其他学校不敢有的了。
中国矿业大学和华中农业大学选哪个？,我和你纠结的一模一样，最后我去了中矿学化工，你呢？
如何看待华中农业大学不允许学生自用洗衣机的无理无耻荒谬之要求？, 请吧⊙▽⊙
我想报生物科学，我是报华中农业大学还是云南大学？谢谢大家啦！,不懂就不要瞎扯，云大是首批211，现在综合排名59，而且生物科学是重点专业。
华中农业大学的管理科学与工程怎么样啊，很差还是还可以？,只能说一般，信管和工程管理都不是华农的强项，信管依托于计算机和管理学，而工程管理依托于土建和管理学，而华农计算机和管理学水平拿不到台面，更没有土建学科，你说呢
