想问下江南大学视觉传达考研集训？,只要不是特别特别远的就都行的 …
我是2016重庆应届考生，分数581，位数13080，希望报考江南大学数字媒体技术，希望大吗？,你可以去江南大学本科招生网上看看 2015年在重庆该专业最低录取分数为622录取数4， 2014年549录取数4可供你参考。 因不是该省考生，位次对我而言参考价值不大，你可以依据各年考试难度合理估计。 江南大学本科招生网~历年录取~重庆
在江南大学就读是怎样一番体验？,多图慎入。     刚毕业不满一个月。怎么说呢？学校前身是无锡轻工学院，被誉为中国轻工业王冠上的明珠。最好的学院是食品学院，设计学院、生工学院等等，资源倾斜是必然的。他们的课业负担也蛮重的。怎么说呢？江大是教育部直属的211院校，985工程平台高校，全国排名五六十的样子。在无锡市还行，但和南京、上海的大牛院校相比，还是有一定差距。   王牌专业还是推荐的。什么食品科学与工程啊，工业设计什么的。不说别的，每年有各种食品行业大佬来招聘。相信同水平大学，这是江大的优势。        就业率      学校整体来说，男女比例貌似是1.2：1，属于正常的综合性大学。另外，我们学校有个纺织学院，里面的服装表演系均是长腿美女，这个绝对是我们学校的特色。当然人文学院舞蹈系美女也很多，商学院新疆班美女也不少^_^              楼上有学长说了，北区离教学楼是相当之远，中间还有个曲水桥。天知道那桥有多难骑上去！！学渣表示，如果没有那座桥，我的出勤率真的会高一点。当然了，那桥还是很美貌的。        【氛围】撸主的学渣属性，直接导致了撸主不太了解学校的学术氛围。只是知道有许多苦口婆心、爱岗敬业的好老师^ω^ （如果不是这些好老师，撸主没法顺利毕业）校园文化还不错，算是多姿多彩。每年一届的业模决赛及十佳歌手大赛，是俊男美女集中营。夏天，还会偶遇街舞社的小伙子们在商业街即兴演出，时不时的会有动漫等形形色色的主题活动。校园活动可以谓之丰富。    另外，记得室友曾和撸主调侃到——江大适合搞对象，不适合单身狗。为什么呢？因为路灯极其、特别之少，在从一食堂到二食堂那条路上，虽然路灯加过了，还是非常之昏！暗！！有一回，卤煮晚上钥匙掉了，因为太暗，愣是放弃了找寻。而且学校之大，只要你不怕蚊子，僻静又景色怡人的地方一抓一大把。可劲儿造去吧~  【周边环境】鉴于无锡富庶，且江大又处于景区附近。你散个步，骑个车，都能去到其他城市收费公园级别的公园。譬如:学校西门外的长广溪国家湿地公园，貌似全中国就四个，无锡一个。我会告诉你，我经常和小伙伴们去遛弯，但是从来没逛完过吗？ 附图         没错，那座山就是大名鼎鼎的太湖鼋头渚，强烈推荐四月份去，樱花林啊，鱼旗啊，让你有置身日本的错觉。跑个题，老师说无锡是全国日企最多的城市。你要是愿意骑车走远一点呢，有三国水浒城、渔夫岛、渤公岛、蠡湖公园等等不错的选择。          嗯，高大上的文艺青年可以骑车去无锡大剧院看看歌剧、欣赏欣赏芭蕾什么的，十来分钟的自行车程，很近。         南门外还有华莱坞，去年年底范冰冰来拍那个杨贵妃还是武则天的。苦逼卤煮当时在考试，木有去一睹芳容。恩，里面保利影院的学生票价是￥28，很划算的  【交通】当年，无锡市区的标志性地段都有直达的公交车。现在据不可靠消息表明，是全国唯一一所有两个地铁站点的高校，只想说为毛老子大四才开通，落泪。嗯，无锡市为江大提供的便利还是有目共睹的，毕竟唯一一所高校嘛。 【伙食】有四个食堂，北区另多一个清真食堂及蠡湖餐厅，种类繁多。南区另多一个留学生餐厅，味道也不错。如果校内吃腻了，还可以去南门外创业园或是北区外的石塘街换换口味。       总之，江大不错的，唯一要挑个刺的话，就是新校区历史底蕴不够。欢迎报考。      附些美照  图书馆    图书馆前的郁金香    南区的杏花  物联网学院    阴天的北商景            最后，祝愿母校早日成为江南第一学府，么么哒~ ———————————————————分割线—————————————————————  那啥，给诸位校友们解释下为啥匿名 因为。。。 熟人多 ，不想被认粗，就酱 有问题，我们可以在评论区交流嘛~  ———————————————————分割线—————————————————————  另附《舌尖上的江南大学》短片，场景真实再现我校风貌     舌尖上的江南大学 A Bite of 4 Years     学弟学妹们，学姐已经工作两年了……对江大的考研现状不是很了解。你们有想考公务员的，倒是可以来问我哒o(≧∇≦o)
江南大学纺织服装学院服装设计艺术的考研书单？, 是这个吗，，，，我也计划考江南大学服装设计的研
工业设计考研，同济大学江南大学湖南大学怎么样？,这个同学我来说吧。我是2015年考到同济大学设计创意学院的，因为运气好，同时加上自己小小的努力，考了初试排名第三，设计史论第一名。平时做家教也带过一些考研的同学，我根据我的经验来详细回答一下同济大学的情况。 首先同济大学设计创意学院这所学院怎么样，我在另两个答案中有阐述，链接在这里：  在同济大学就读是怎样一番体验？ - 范光瑞的回答   在同济大学设计创意学院读书是怎样的体验？ - 范光瑞的回答   以及呕心沥血的最新万字长文……  如何考取同济大学设计创意学院研究生？ - 范光瑞的回答 - 知乎   其他两所学校我了解得不深入，就不多说了，我来说一说同济大学的考研难度。 首先从两门专业课来看。 同济大学专业课有两门，分别是“专业设计基础”和“专业设计快题”，俗称史论和快题。   史论：    从史论来讲，同济的考题在2014年以前是比较机械化的，题目比较简单，只有一两门参考课本，基本上把课本好好背诵，很多人能考130+  但是！但是！但是！从2015年的考题开始，突然画风大便，让很多快题非常牛的人被刷了，因为大家发现，再把课本上的内容背诵熟练也不管用了。为什么呢？看看考题就知道了。  2015年的考题选择题和填空题考到了Google的Material Design、中国的普利兹克奖得主，“大木作”、Tesla和Elon Musk（我偶像啊！！考研的时候墙上贴他照片！！）等题目。大题大家感受一下：   说说罗永浩的锤子手机的设计到底符不符合包豪斯精神？ （罗永浩是什么，能吃吗！？）  说说Richard Buhanna的设计四秩序是什么。 （妈蛋老子只认识理查德布兰森啊！！）  说说设计管理的定义和作用是什么（ 我擦，我只知道有些设计师欠管理呀哎哟喂！！）  说说你喜欢的一个手机App的交互设计。 （喂，中国本科还几乎没有开交互课的好嘛！）  很多同学从考场上出来就直接哭了。真的哭了。因为官方出的基本参考书没怎么考。   然后2016年的题，大家再感受一下：   请问同学，设计在“中国制造2025”中起到的作用是什么？ （我特么是不是走错门进了政治考场！）  请问同学，生成式设计是啥？（ 就是一个设计湿怀了孕，然后生出了一个设计作品？？）  请问同学，维克多巴巴纳克的设计贡献是啥？ （我X，我就认识维克多雨果好嘛！）  请问同学，大疆和苹果公司的异同点是啥？ （都能砸到头上？）  请问同学，你知道什么交互装置吗，分析一下呗嘻嘻嘻。 （我的计算器算么……）  坦白讲，跟原来背诵一个月就能考高分相比，设计史难了不少。但是仔细分析一下，这样的改变又难能可贵。因为通过这样的方式，把那些投机取巧，能考高分却实力不强的人给淘汰了。真正留下的是那些真的对于设计圈子有了解的人，对设计有研究的人。  另外2016年的参考书目，《新兴实践：设计的专业、价值和途径》这本书是一本论文集，虽然本科生不一定能够读懂，但是里面的一些文章却涉及到设计的最前沿，比如“可持续设计”，“设计的范围与边界”，“设计思维”，这可以很好地开拓设计师的思路与事业，也可以看出目前学院为国际化和设计教育所做的很大努力。   快题：    同济的快题跟一些机械、汽车、重工业领衔的设计院校比，无论从版面布局，还是评分标准，还是手绘“风格”，差别都还是蛮大的。  我考研之前听到一位学长跟我说，他的同学是手绘大神，考了三次没有考上，可见同济对于手绘基础的要求得高到什么程度。我一度因为这个不太敢报考同济，因为自己的手绘水平绝对没有“大神”级别。  但是后来在复习中发现不是这样的。同济的快题很看重“设计本身的水平”，而不是一味去根据手绘技能的高低来评判快题分数。而那些手绘很厉害，却对于“好设计”一无所知的人，也难免被淘汰了。但是可能在外行或者外校的人看来就成了“同济快题难度大”、“同济快题很奇怪”之类的。  同济的快题看重设计流程的逻辑推导，设计的合理性、可用性、完整性，造型美观、与功能符合，不能使用太老旧的造型语言。还有题材很重要，同济偏爱一些固定的题材。往年有的同学手绘基础一般，甚至快题水平也一般，但是因为主题选得好而获得不错的分数。  报录比如下图（来自同济大学研招网）：     我就简单说这点，以后有时间再更。  另外 PS：我们最近Information Design &amp; Visualisation这门课在研究一个课题，是关于“中国当代青年Porn Information获取情况调查”，如果有感兴趣的话，欢迎当我的志愿者，我们来聊一聊……当然，对于考研有更深的问题、有疑问也可以联系我，不承诺一定回复，哼~~~ 另外对同济设创有意见也可以联系我，我把你联系方式转给院长…我的微信：chengdongshenger    捂脸跑~  我们是正经的学术研究，请不要要福利呀哎哟喂！！！      上图是在学院的咖啡厅做作业。不过等等，电脑里面的内容是什么……     学院的最近的一张大合影……    “牛奶咖啡”组合来学院开演唱会。因为Kiki是交互方向刘伟老师的同学哦（羡慕……）    宿舍窗外……不过上海天气雾霾越来越严重了。   设计狗深夜回宿舍睡觉自拍……不要信自拍……  啊，有时间再更。
江南大学食品科学与工程可以转到哪些专业？江南大学哪些专业前景好，毕业后工资高一些？女生比较适合什么？,懒得换帐号，就匿名了  食品是我们学校最好的专业，也是我校全国第一的专业。 有心思往下念不妨为一个适合女孩子的专业（毕竟性别歧视不是很重 你拿着我们学校的文凭出去，就比其他学校毕业出来的食品高到不知道哪里去  要转专业出去也行，食品属于工科，你想去文科想去理科都可以转  就是你要在一群学霸中间考到3.0的绩点而已2333  至于哪个合适女生……嘛……我觉得…………全看你自己兴趣………… 我还是蛮推荐你好好留食品的来着
江南大学 厦门大学和北京林业大学选哪个？,林业大学的园林学院和艺术设计学院是两码事。不过欢迎你来当我的学弟 
如何看待江南大学物联网工程学院物联网工程专业的卓越工程师计划？,我严重怀疑这问题是张正道老师提的，拼死匿名。 结论：卓工是个坑 由于13级的同学们无差别的都要参加，所以分成几类人吧 考研的同学：怨声载道啊，每天奔波在公司和学校，就晚上能看几个小时，对他们来说，卓工一无是处 保研的同学：他们需要提前去学校的实验室，加入那边老师的团队啊，不然怎么和考研的同学拉开差距 工作的同学：不可否认，有很少数的同学通过卓工进去了不错的公司，可你去打听打听，有不发工资的，没有事做的，加班到死还只发一千块的。各种坑 所以，珍爱学业，远离卓工
江南大学自主招生理科“工业设计”笔试考“设计综合基础”，请问是何内容？,是否只限江苏省内？
江南大学的轻化工程怎么样？,嗯，学弟/妹你好
江南大学人数大概为多少？,- - 好几万吧 具体的说2-3万吧   这种统计工作  你要问百度百科 
在江南大学学习生活是什么样的感受？,环艺学姐告诉你，快点转专业
江南大学医学部怎么样？,去年刚刚开展的，以前没有医学院。不过听说无锡政府有政策偏移，前5年的学生包分配。听说的，不知道是不是
作为一名纯理科生，考江南大学工业设计的自主招生有希望吗？,如果你不是本地人 建议另谋高就 江大10年内也就三本的水平了……你来读也没事 工业设计还可以.但其他专业 那就呵呵了
江南大学工业设计应届毕业生去厦门金龙客车待遇怎么样呢？,工作一年以上本科都有5k到6k，不谢
江南大学转专业容易吗？,转专业工作大概所有学校最晚都是大一结束为最后期限吧 树莓大一专业课不算太难 主要学C语言 数据结构 高数 WEB技术基础 不过C是很重要的基础 大二学java会很重要的铺垫 题主真心想读数媒可以大一蹭课啊 那样大二学java还是跟得上的
现在是大三环艺专业学生，想要跨考江南大学工设的交互设计，因为是跨考专业，应该怎样准备呢？,快题这一部分是一个难点，不知道你手绘水平怎么样。产品设计画过没有，同时有没有看过相关的工设的书籍？
高考报志愿想报江南大学工业设计，但没对云南招，可以大二转专业吗？,可以转。 工设是设院中唯一一个收理工科生的专业。 但是转专业名额只有两个。 平均每年想转工设的都有20来个人吧……  转工设需要笔试和面试，笔试考素描基础，面试不太清楚会问什么。  转专业的基础绩点是3.0，很好拿。 但……擦边3.0转的话，不太可能成功转设院。 另外说下我们学校给绩点是按比例给的……（其他学校是按分数给的），所以我们拿高绩点证明你是真的在班级中是前几名。  加油。 欢迎来到江大♡ 另外树莓其实也很好的啊。
湖南理科573分（一本线505，省内排一万一千多），机械或计算机相关，报江南大学如何？,新增:我和楼主想法差不多，顺便问一下楼主你用的什么网站推荐的大学？    同样湖南考生一枚，理科580，想学计科或者物联网，本来看了看河海，被常州校区吓到了，江南大学环境好，但是不知道这两个专业怎么样，有大佬可以回答吗(，，•́.•̀，，)
如果将南京师范大学、河海大学合并成为江南水师大学，是否可以合作共赢？,应该叫河南师范大学…
江南大学设计学院专硕研究生和学术研究生区别大吗？, 江南大学设计学院专硕研究生和学术研究生区别主要有几点：第一，考研初试过程中，学术考英语一，专硕考英语二，其他初试科目都是一样的；第二，初试分数线上有微微的差别；第三，考研复试过程中，学术考设计评论，专硕考综合设计，其他复试科目一样；第四，研究生教学计划有一些区别，学术学分28个学分，专硕学分50个学分，这样的话就导致专硕在研究生中的课程比学术的课程多；第五，毕业论文有区别，学术毕业论文要求高，字数要求5万，学术质量也高一些；专硕毕业论文要求3万字，学术质量低一些，但是专硕要求做毕业设计。除此之外，没什么硬性的区别了。 
填报志愿，暨南大学，东华大学，武汉理工大学，西南交通大学，江南大学，天津财经，浙工大，应该怎么排序？,首选北京深圳上海，最末选西安，学校无所谓，重要的是城市
江南大学工业设计在绘画方面的要求？,工业设计没有艺术生，只有纯理科，艺术生学的是产品设计，其实差不多。理科生的话文化课至少600+吧，绘画没有要求，大一会教一些基本的绘画。艺术生的话美术专业加文化课1000+
长安大学 江南大学 郑州大学 南京农大 华中农大 西北农大 哈医大 理科生女孩选哪个大学？,我和你的情况差不多，也在这几所中纠结，其实也没有什么好想的，反正有十个志愿，从高分往低分填就行了。
请问江南大学视传理论考察内容是什么？, 江南大学视传理论考察内容为设计概论和设计史论。考试题型包括简答题、阅读理解分析题、以及论述题。其中前面两种题目的参考书目为李砚祖的《艺术设计概论》，后面一种题目考察是王受之的《世界现代设计史》。 
江南大学工业设计大二学生，工科，但学院是设计学院偏艺术，读研想去日本学工业设计或交互设计，求推荐?, 日本国立大学都是大综合的有工业设计    东京大学、九州大学 、筑波大学、千叶大学偏工科，不建议美术生去，没什么艺术氛围  如果对学校要求不高 可以选择 广岛市立艺术大学 是西日本的艺术强校（只有业内知道） 因为多数人误认为地理环境不好 所以报考的人不多 但实际 那里的老师都很强 在日本很有名气或者冲绳市立艺术大学 这是纯艺级别的 类似八大美院那样的 不过是在美院级别里排行稍微偏后，但也是不错的，名古屋市立大学等  国立的 只有上大综合 不是太对口 也没什么艺术氛围 但考生多 不稀罕学生 所以难考 主要就仗着是国立 地理位置还不错 纯艺术大学大学推荐  以下这些是日本有名的设计类大学，你可以参考一下： 1.东京艺术大学（Tokyo National University of Fine Arts and Music） 2.千叶大学工学院工业设计系（National University Corporation Chiba University） 3.京都市立艺术大学（Kyoto City University of Arts）  4.筑波大学艺术系（University of Tsukuba School of Art and Design）   5.女子美术大学（Joshibi University of Art and Design） 
在江南大学外国语学院就读是一种怎样的体验？,谢邀。 我不是这个学校的。 祝你爽。
江南大学 发酵工程 读研究生 有哪些导师推荐?,每个老师有自己的强项，要具体看个人喜好吧。附学院网址可以简单了解一下。    http://  biotech.jiangnan.edu.cn         发酵工程其实也是有很多方面的应用，每个老师也有很多不同的课题，所以题主可以email一下各个老师了解一下实验室的具体情况。  当然，最好的方法还是去到实验室去做一做，看自己喜欢哪边。
江南大学文科怎么样？,同问
江南大学工业设计目前的就业怎样，考研对于我就业来说有帮助么？,江南大学工业设计一直稳居全国工业设计专业前三，属于非常强势的专业，而且这几年工业设计的发展途径非常广泛，既可以从事传统的产品设计，手机、汽车、品牌附产品、衍生品、家居家电等等，每一个关乎人们日常使用、生活用品都需要工业设计的辅助；同时这几年随着互联网的发展，交互体验设计、服务设计都成为了工业设计的一个分支，同时需要大量的人才去为社会作出贡献；还有一个就是品牌文化设计以及文化创意产业目前也是工业设计的一个就业面，随着社会的不断进步，第三产业的逐步发展，人们对于传统的衣食住行用以及不再担心的时候，对于提高每一个产品的文化属性以及文化性创意设计以及一些精神层面上的追求更为关注，所以从这一系列的角度可以看出，工业设计在未来的就业趋势是非常光明的，而且如果能进入一个高水平工业设计院校，对于未来的就业选择会非常的丰富，考研虽然还是一次传统的应试教育下的产物，但是在目前的国情下也就这个选拔人才的方式比较稳妥且有效，所以对于很多中等院校的学生来说，通过考研来进一步提高自己的设计水准与设计眼界是十分有效的，而且目前社会大量的本科生，对于研究生的需求一定是未来企业的一个主流方向，所以综上所述，工业设计考研对于绝大多数学生来说是一条非常有效的途径。
江南大学服装设计转设计学院可行吗？,有可能，大一下学期的时候有一次机会。有一些具体的要求，可以上  江南大学教务处  信息通知那里翻到五月份左右的通知看一下。
如果想考江南大学设计学院，是不是去学校附近复习更有优势？,题主男女 我有想过最后几月租房复习  会合租吗
江南大学设计学院的工业设计工程专业有16年考研参考书目吗？,15年最新的考纲已经没有具体的参考书目了  但是内容比例和题型 与 14年考纲相似   所以参考书目以14年为准   李砚祖 艺术设计概论  王受之 现代设计史  何人可 工业设计史
如何评价江南大学顾德老师出的数电卷子？,       站在教师的角度，出卷第一要注意的是题目考察的知识点对到教学大纲的覆盖情况。所以，同学们参加的考试，很多都需要用大量的选择填空来满足这一点要求。当然，这张考卷也是满足知识面覆盖的。但这显然不是有此一问的原因。        “成绩好的男生自带光环”这是去年九月份，某个女生在一个QQ群里说的，我只是把这句话稍稍改编了一下。说这句话的背景是，即使在自动化这样的标准工科专业，在男女比约3:1的条件下，绩点前20（共21人）女生占了11个。成绩好的男生少，于是“物以稀为贵”，成绩好的男生自带光环。        有人评论这种现象说，试卷连年重复，把工科的考试生生变成了背背背，于是女生在工科也占优。最近也出现了兰州交大学生抗议考题连年重复太简单的新闻。        当我接到出卷任务时，我就想脱开以往的出题思路，摒弃选择填空，减少题量，降低记忆要求，提高理解材料的要求。同时要让学生做完这一份考卷后，能够知道自己学完数电后到底能解决什么问题。        当然，我也有妥协，我不希望考卷形式的大幅变化最终体现为学生成绩的大幅变化，出卷时预设的目标是卷面平均六十二三分。也有相当一部分题是很简单的送分题，不过我把这些题隐藏起来了，并没有像很多卷子那样很显眼地放在卷子的一开始。        好，那么考卷开始了。        考卷第一页一开始就提示了考生注意附录页，附录页的一开始是故事情节的预设场景：一个考生试图接近认为“学霸们头上自带光环”的学妹，但是自己并不擅长数电（设个设定应该是符合多数学生的状态的），于是请谷得学霸帮忙。谷得出现的用意是：在一些我认为考生会出现理解困难的题目中，做好一个例子，让考生依样画葫芦。这在实际应用中也很常见，电子器件的手册常常会附有典型应用的例子，会依样画葫芦是很重要的能力。        答卷第一页的基础题很普通。带无关项卡诺图化简每年都考，只是画电路图改成了用FPLA实现；全加器电路的分析是教材的例题，并且S，CI，CO这样的助记符我也保留了；触发器波形题是教材中的习题原题，我还特意在时钟上升沿画了虚线，提示波形可能变化的位置（然而，竟然有不少人坚定地认为就该下降沿触发，怀疑我是挖坑）。        第二题是实验题。在实验室做实验是给目标，求接线；考试是给了接线说明，回答问题。判断引脚编号这个可以看附录1；这是学生们在实验室做过的实验，亲手接过线，应该可以判断功能；实验失败的原因是，地和电源没接，接上就好，这是我观察他们实验的常见错误；最后就是记录一下波形。        第三题是教材的一个例题，课上讲过，我只是把原题要求检测连续三个1，改成了检测连续3个0。按例题做会失去1分，这时需要谷得学霸出场一下，给个理由：最佳方案只用一个附加逻辑门。“A designer knows he has achieved perfection not when there is nothing left to add， but when there is nothing left to take away.” Antoine de Saint-Exupery       第四题是全卷得分率最高的题，题干很高大上，服务器RAID 5磁盘阵列，问题前两问是计划中的送分项目：第一问与，或，异或的真值表，这一问是为了消灭0分而存在的，如果这一问都不会，那0分也不冤枉了。第二问是转化成与非与非形式，这是实验基本技能。第三第四问，参考附录2多数同学是可以回答正确的。        第五题是重头戏，如果不分解，那就真的会像传说中的那样，全班不及格了。这时候就需要谷得出场带着考生一步一步做了。        五/1是555电路接多谐振荡器器，这经常考。电容冲放电的公式忘了的话在附录中也有。但与以往不同，这次有精度要求，有材料限制。目的有两个，第一，实际设计就是这样，要求精度，选型受限；第二学生要是算错了，那就选不出合适的组合，他自己会知道错了。        五/2是计数器设计问题，同样选型受限，并无其他特点。计数器功能表在附录中有。        五/3考的是进制转换问题，谷得还给出了一个例子，需要考生完成的转换要比例子简单得多。        五/4是考察三态门的图形标记和功能以及存储器点阵图的画法。同样谷得给出了一个例子，并且出题时注意了防止五/3做错直接影响五/4。        以上步骤实际上完成了一个简易的DDS，改变参数可以用来产生任意波形。        五/5是DA转换问题，需要选择参考电压，以及输入输出配对的问题，并且剩余两条线不应悬空，这个在实验时应该被强调过输入引脚应该根据需求接高或者接地。本题给出的误差容限比较宽，任意接高或者接地都是可以的。        五/6顺便考了一分模电。但这个比较器在数电教材里多次出现，并不超纲。        五/7考了数值比较器，附录中有详细的说明。附录7的最后一行，有个字母I是我替换进去教材的原文有印刷错误。        卷终，如果学生做完第五题，感觉很顺利，那么确实可以感到挺骄傲，这门课的掌握情况算得上很好了，幻想一下学妹的崇拜眼神也很不错。        附录最后学妹说看到谷得学霸头上的光环，那是我的自嘲，真的，在太阳照射下，头上是有反光了。        批改完卷子，电气两个班女生成绩明显优于男生，按性别分的两组样本，平均值相差9.35分，中位数相差13分，标准差几乎没有差别。目前只有在最高分这一项上，男生和女生在分数和人数上都没有显著差距。       “成绩好的男生自带光环”这个说法短时间内不会有变化。男生们啊，这回可不能说是卷子更适合女生了，可不能说女生靠刷题得高分了，要努力学习啊，努力学习啊，哪怕只是为了想撩妹。  ________________________________________________________________________________         以下第一手资料，总共回收73份考卷，其中12份在附录页（均不署名）有留言，详见下列图片。注意，有空写这些留言的，要么是做完了还有空闲，要么索性是不会做。有空了再更新我自己的评价，以及对下列留言的评论。             
江南大学英语系怎么样？, 让我这个血统纯正的江南大学英语生来回答这个问题。  其实，外国语学院在江大里面不太受重视的，毕竟是偏理工科的院校嘛。  但这并不是说我们就没有优势。  首先，我们专业的老师都是很认真，很负责的，很美丽，很温柔的，并且 我们男神级的龚院长亲自带大一的课程，水平不用担心。举一个数据，去年我们的专四通过率是98%，优秀率接近30%  其次，江大有800多的留学生，占比在全国高校中都是很前的，所以想要跟歪果仁聊聊天 练练口语 参加他们的活动啥的，so easy...  还有，外国语学院的对外机会很多，不管是对外的交流生，还是留学。基本上，每个月都会有各种项目推出的，可以在江南大学外国语学院的官网上查看。   第一次码这么多字，是想说，江南大学英语系虽然不如专业的语言类学校，但是绝对不弱。 
清华美院和江南大学设计学院到底差多少？, 谢邀！就设计方面来讲，这两所院校的设计都是属于国内前列的，设计学评估两所学校也是占据前三。其本质讲两所院校的设计差距不大的，建议就读江南大学设计学院，出国等资源优势也是很多的。 
广东外语外贸大学和江南大学的英语系去哪个好？,别读英语系，英语人才国家够多了。美国一个卖菜的都比你说的好，懂得多。英语只是工具，不会给你带来任何职业能力，你单纯学英语竞争不过学了其他专业但英语好的人的。而且北上广人高中生英语水平已经领先你n年了，这是个童子功，你比他们天然就输了一大截。反正请好好想想英语专业的尴尬，不要因为高中英语好就想读英语系，这个专业真的不怎么的。 当然，是我就选广东外语外贸
江南大学设计学院考研专业理论如何拿高分？, 首先，明确考题形式：江南大学设计学院考研专业理论题目类型为简答题、阅读理解分析题和论述题；这就要求考生在平时的准备过程中，不要纠结一些很细小的知识点，而且掌握大的知识框架。其次，考试答题的时候要注意课本理论知识加个人观点并重：切记不能一味的只有书本理论，而缺少个人的理解和观点。 
中国农业大学的食品专业研究生和江南大学食品专业的研究生有什么差别？,本人江大学生，实验室条件和学校重视程度江大更胜一筹，但你没想过跳出这个行业吗
江南大学至善学院怎么样？,我不是这个学院的学生，特意上官网上看了一下，（虽然这些完全可以你自己看），（大清早起床气导致友善度下降），这个学院是所谓的尖子生选拔出来的一个学院，其实好多学校都有这种学院，比如浙江大学的竺可桢学院，复旦大学的复旦学院，所以即使你踩着线勉强爬进了某个985，还是会受到不公平的待遇，至善学院有两种招生方法，第一是根据高考成绩以1.2%的比例从新生中直招，录取率为0.6%—1%，第二是以1.2%的比例从大一学生中选拔，录取率也是0.6%—1%，概率很低，所以也能推测出来这个学院的孩子们该抢了多少其他学院的孩子们的好处，处在这种学院国内外交流，创新项目申请都是优先级，保研机会，出国机会也能羡煞同级的人，非常适合想继续搞科研的人，找工作也就那样吧，都不好找。
文科生考江南大学怎么样？,我是江大外院英语系大二的。 这个问题，，怎么说呢，有点尴尬。 江南大学是比较偏理工科的那种，最厉害的几个学院都是理科的，像 设院，食品学院，都是国内顶尖的。相较而言，文科专业就比较水了，能得到的资源远没有那么多。 但是，以我这两年的经历来看，外院还好。虽然有些课程有些水，很无聊，但是专业核心课程的老师都是很负责的（综合英语，英语听力，语法，阅读等等），而且，外教人都超好的。 并且，江大的留学生有800多人，相对来说是很多的，所以走在路上经常能看到各式各样的外国人。在这里能真的感受到国际文化交流。想跟歪果仁交朋友？练口语？so easy  最重要的一点，外院的对外交流（交换生，出国留学）的机会超多，每个月都会有这样的项目，全年不间断 可以说美滋滋… 最后外加一点，无锡就只有无锡这一家大学，可以说是垄断了无锡的家教和实习机会。 以上，希望对题主有帮助。另，欢迎报考江南大学哟   
刚下了江南大学录取通知书但是家里人不满意感觉无法生活下去了怎么办？,同是同届美术生，江南大学在美术界号称小清华，也真不说吹的，你的父母只是不了解，我做梦都想上，本来能上个很好的美院，但是在城市和学校中我选择了我一个发达城市 不要被家里影响自己，你也没有办法改变他们 对了，建议你可以学产品设计，那个学校的产品设计有个实验班，是很牛掰的，你可以多去了解了解
在江南大学设计学院读书是一种怎样的体验？,几乎所有的课都在设院上，几乎所有在设院上的课都能提前下。几乎所有课的作业都要熬夜
805微生物综合的参考资料（江南大学）？,不是803？
江南大学和西南财经大学比怎样呢？,高考录取分数线，哪个学校高，哪个就强。
如何评价江南大学工业设计水平?,国内最早开设的工业设计专业，曾经很牛叉，但是往后自身管理以及学校的制度问题，发展走了下坡路。有老教师说设计学院曾经有过很多非常厉害的人的，最后大多被挖走了，学校给的待遇太差。江南大学领导层基本都是在生工食品里面换，设计人文政法之类的文科类的根本就不怎么受重视，我觉得设计学院的衰落学校领导的不懂行不重视也是逃不了干系的。不过设计学院的学生还是很厉害的，很有个性，而且他们‘爱设计，爱设计学院’的自豪感还是让其他学院的人很是羡慕的，实话说，江南大学所有专业中，设计学院的学生对自己专业的认同感和对学院的归属感是最强的。
聽聞江南大學軍訓事件，想請教大陸軍訓都訓練什麼？,大陆军训分为军事理论和军事训练两个部分  军事训练： 队列，齐步，正步，跑步，每天早上7点到中午，午休，下午一点半到五点 练习表演性质的军体拳，唱军歌 我们学校组织过实弹射击，每人五发子弹 大陆的法律上规定，学生以军训代替兵役，军训的另一个目的是增进集体的团结，这个目的确实通过军训达到了。之所以很讨厌军训，是因为确实很累，因为北京的夏天非常热。  军事理论： 扫盲性质的军事理论教学，介绍军兵种，世界各国军事力量，中国军事力量，中国所处的地缘环境，重点说明中国热爱和平，以积极防御为主的战略，以及美国的军费预算大约等于其它所有国家军费预算的总额。  总的来说，离为了作战而训还差很远。 另外如果传说中台湾“陆军”体能要求是真的话，也就是男子三千米跑17分钟合格，那清华大学体育课才是为作战而开的。男子三千米14分钟合格。
江南大学宿舍怎么样？,女生全部是四人间，上床下桌，独立卫生间，男生只有北区桃园和李园是六人间（机械学院和物联网学院），公共卫生间。只有南区鸿苑和浩苑（多数为商院、北美学院的学生）有热水器，可以在宿舍洗澡。 题主住在桃园的六人间，总的来说条件一般，六人间是三个上下床和六张桌子，桌子上面还有书架和柜子，一进门的地方还有六个储物柜。相较于四人间，储物空间和桌子小了一些，不过人多好玩。最大的不便还是洗澡，每层有冲凉的地方，也就是只有常温水，想洗热水澡只能去澡堂。 卫生条件还不错，公共卫生间有保洁员来打扫，宿舍楼道每天也都会有人打扫，宿舍分园区，每个园区三四栋，有一个出入口，晚上需要刷卡才能开门，而且每个学生的校园卡只能打开自己园区的门，还算安全吧。 六人宿舍有两个网线接口，但是可以接交换机扩展，宽带要买，可以选择移动联通电信的宽带，具体资费可以咨询营业厅，最高速度10M，也就是下行1M，上行100k左右。高峰时期网速很慢，晚上十一点断网熄灯但是不断电。每个宿舍都有空调，需要交钱才能开，宿舍用水免费，用电要交费，还有饮水机，园区门房有纯净水，每桶7元，男生宿舍要自己搬，女生宿舍宿管大爷给搬。 北区宿舍全部集中在北区商业街和一食堂二食堂周围，相对比较方便，但是南区宿舍只有鸿苑浩苑在南区商业街旁边，其他四个园区离商业街较远。
单从就业来讲，江南大学和杭州电子科技大学的计算机专业谁更好？,作为一个江大计科准毕业dog可以很明确的回答你，杭科大的计算机的水准的确比江大高很高，江大计科在全国计科的排名在很多二本院校下，而杭科的排名超越很多211甚至985属于专业前列那种。如果你是担心杭科不是211，不够华为什么公司的office门槛的话，你完全不用担心。因为内行人是绝对清楚的，华为等公司也肯定会去杭科校招。另外作为一个江大人，必须给你安利一下，江大无论从校园环境还是人文气息，个人感觉完爆杭科两条街，最后得提醒下楼主，归根到底，能力的培养还得靠个人，特别是计科这种，如果你自己学的好，两个学校毫无区别。
江南大学交互设计研究生为什么分数这么高，比清美同济都高？？？, 分数高是因为  专业课给分高  比如 满分150  最高可以拿到148   促使总分很高  但是分数线的高低与难易程度不成正比，因为专业课都是学校自己命题，自己打分，分数高低的自主性很大。比如同济近些年的分数线，比国家线还低，那你能说同济很容易考嘛？当然不能，因为同济的专业课给分就比较压分，110就算高分了。   招生不按具体方向，就按照专硕和学硕来区分，比如设计学招生50个人，就是所有专业一起竞争。   理论参考书 李砚组 艺术设计概论  何人可工业设计史  王受之 现代设计史  
兰州大学与江南大学比如何？,兰大实力派啊！江南大学虽在东部，但……
收到江南大学的录取通知书是一种怎样的感受？,再见了清华，再见了北大！
请问2017年江南大学设计学院的招生目录在哪里查看？求热心学姐学长帮忙解答解答！！！,  2017年可参照2016年的招生目录，变化基本不会太大，具体目录2016年10月江大设院官网会发布！ 
江南大学工业设计这么强，那读完研能进学校当老师么？, 目前江南大学设计学院工业设计专业排名全国前茅，同时拥有大量的国际化影响力，一般情况下，是可以读完研直接进高校当老师，但是这也要分为两类情况供大家参考，第一，如果你读研毕业后是想进一本类院校或是211高校，大部分学校是允许江南大学工业设计应届生先进入高校中以讲师的形式进入上课，但是同时会有一个硬性要求，就是要求你在三年之内考上博士并顺利博士毕业才允许继续签约；第二，如果你希望毕业之后进入的是专科或是三本类院校，那么江南大学工业设计的研究生学历是完全够用的，可以不需要继续深造博士学历便可以进入教学。但是总的来说，这一个优势条件只在工业设计专业较强的院校中可以实行，其他普通院校的工业设计不在此条件之列，所以考上江南大学工业设计的研究生是一个非常有前景的方向。 
设计学考研（平面设计方向）中国美术学院与江南大学设计学院的比较？,江南设计还行，只是学校和城市怂一点。国美设计一般，但是学校和城市好很多。  本科生学技术的话建议江南，研究生做研究方向的话建议国美。
请问江南大学视传考研快题设计考试时间是多久？, 江南大学初试快题是3个小时，又叫综合设计。在是快题设计过程中不仅考察学生的手绘表现能力，还考察学生的设计能力，同时考察学生的分析能力、逻辑能力（后面这一项可以说是江大综合设计的特点）。你也可以参照往年的考研大纲来进行针对性的练习。 
与去年江南大学提档线相差3分有机会录取没？,看今年一本线的情况啊 主要还是看省位次和排名吧
江南大学环境艺术设计（室内、景观）专业好不好，想考江南大学环艺专业研究生？, 江南大学环境艺术设计专业还是很不错的，江大本是一个国家“211”重点院校及“985”创新平台，是一所综合类院校，院校内设计学院是学校的强势科目，排名在全国一直都是前几的，每年考江大环艺专业的人数还是蛮多的，竞争比较大，加油吧！ 
从内蒙古到江南大学须知？, 大内蒙学弟学妹们，写这样一个入学攻略的原因很简单，就如同我建立老乡群，我希望每个离家两千多公里的人，能在刚刚来大学的时候就能找到家一样的感觉，至少有任何事都能有我们帮你一把，我和各位学长学姐会尽我们所能帮大家尽快融入大学生活。   江大内蒙老乡群：内蒙人发展联盟 242754391       （网上关于江南大学的衣食住行太多了，需要的话自己去查就好了，我这里按时间顺序。）    开学前一个月：    1.    订宾馆！如果爸妈要送你来学校，现在要做的就是赶紧订宾馆，我不知道提前一个月能不能订到，但是如果再晚是肯定订不到的，每次报道那几天学校周围的宾馆爆满，如果来了没地方住或住的离学校很远岂不是很尴尬。    宾馆信息：    a、   #  东门#     锦瑞大酒店    电话：0510-82210999    价格：250元左右（如果能借到江大的学生证可以按会员价打折，还是比较合适的）   （附近性价比最高的酒店，酒店舒适干净价格便宜楼下有很多吃饭的地方，出门就是地铁口，过马路就是江大东门，无论是在南区还是北区都适合，并且坐地铁去市中心很方便）   b  、#南门#     锦江之星    电话：0510-85321818    价格：300元左右    （ 就在江南南门对面，酒店往西面是一片饭店，是江大学生聚会常去的地方，味道都还可以但是价格不贵是来江大这一块地区所有人第一选择的酒店，因为快捷酒店大家都能查到，刚刚在网上看了一下，基本全部没有房间了，就留个电话碰碰运气打打看吧）   格林豪泰    电话：0510-85579998    价格：200元左右   （南门对面往东走到路口，再往南走一点就可以看到，环境就是一般快捷酒店的样子实在找不到就开百度地图）   润华大酒店    电话：0510-85616777    价格：300元左右   （如果以上酒店都没有房间了，并且你又住在南区，那就赶快订这个，环境还可以，就是地点离有点偏，酒店距离江大南门大约3公里左右，晚上那一片没有路灯有点黑，具体位置开百度地图）   尚客优快捷酒店（无锡太湖旗舰店）    电话： 0510-85180088    价格：250元左右   （地点在润华大酒店斜对面，同样离江大南门有点远大约4公里左右，打车10元，楼下有个中型超市，有吃饭的地方，只是到学校比较困难，打车也不太好打，可以滴滴叫车）   c  、#北门#    长广溪宾馆    电话：0510-68007888    价格：400元左右   （地点在校内，离桃园、李园、桂园、榴园公寓较近，因为是一个旅游酒店，所以环境一般而价格较高）        d  、#小东门#    格朗瑞特商务宾馆    电话：0510-85326668    价格：200元左右   （小东门过一条马路就是，楼下吃的很多，离北区、一食堂尤其的近，但是目前查询显示已经满房，它周围还有很多小的宾馆，可以网上查查，但是那些宾馆卫生条件就很差了，不推荐）   注：以上是离江大较近的几个宾馆，如果以上酒店全部满房，稍远一点选择就比较多了，如翰锦大酒店，距江大北门约30分钟步行路程，以及翰锦大酒店周围的一些小宾馆，如果实在没地方也是可以住住的，那边有华润万家大卖场，肯德基，必胜客等    2.    收拾行李   A、 如果觉得家里面的被褥比较舒服，但是又体型巨大不方便携带的话，我很建议邮寄，多去了解一下不同的快递公司，我记得有一年暑假用EMS往回邮了很多不穿的衣服之类的，挺大一包还挺沉的，一共60元，速度还可以，大概5到7天就能到。所以要是决定邮寄的话，在你出发去学校前的三天就去邮了它，基本上等你到了学校它正好到，不用怕没人接收，江南大学的快递都是放在北区的菜鸟驿站快递中心，可以帮你免费保管至少3天，到了学习用身份证或者学校发给你的一卡通去拿就好了，这绝对可以减轻你的旅途压力。（如果实在不放心，可以找群里面在学校的学长学姐帮你们代取一下）   江南大学邮寄地址：江苏省无锡市滨湖区 蠡湖大道1800号 江南大学 北区（或 南区）     （不管你宿舍在哪，只要填南北区就可以，基本都是送到北区快递超市的）   B、 在临出发前半个月左右，就要开始准备你的行李，买个28寸及以上的大箱子，以便能放下你需要的东西，同时再让你随行的人带一个26寸及以下的小箱子，方便你上大学之后出去玩儿或者回家带的东西不多的时候用，这样会很方便。（箱子一定买质量好的，假如在路上拉杆箱轮子断了，事儿不大但是真糟心）  建议你带的东西：   1.    冬、夏季的衣服、鞋子   a．你们来的时候无锡还是很热，而且很闷，基本上动一动就是一身汗，速干的衣服，防晒的衣服都不能少，而且务必多带几套换洗的，如果你刚来时候不适应这个天气，可能隔两个小时你的衣服就湿透了，又潮又闷，趁爸妈还在就让他们多替你在宾馆洗洗衣服吧，夏天的衣服也很薄多带一些无所谓。  b．冬天的衣服，务必带两件，无锡基本是没有秋季的，夏季和冬季无缝衔接，今天你还穿半袖，明天可能就要穿大衣了，这样的时候会发生在11月底左右，冬季衣服厚重，带几件看得上眼的不用太多，因为无锡的冬天温度不算低，但是有风有雨，这就很冷了，带一件抗风防雨的比带一件厚棉衣要实在，还有毛衣、薄棉裤最好各带一件，外面衣服不用很厚所以里面的就要厚一点。在内蒙可以外面很厚里面很薄，到了屋子里有暖气很暖和，这里没有暖气，穿着外套会热脱了会冷，所以里面的衣服要厚一点。（冬天衣服不用带太多，我发誓你们会买新衣服的。）  c．关于鞋子，在这里的夏天，人字拖，洞洞鞋比所有鞋子都实用，而且你都可以暂时不买拖鞋，在宿舍就可以穿人字拖。所以我的建议，箱子里面放上人字拖和洞洞鞋带上，穿一双运动鞋或者干脆直接传上洞洞鞋，其余的鞋子全部用邮寄的，跟被子褥子一起，等到去了学校再把其余要穿的取回宿舍。冬天的话因为温度不低，所以不是很冷，棉鞋可以不需要但是防水性能一定要好，毕竟这里的冬天一言不合就下雨，一下就是一星期。          2  ．床上用品（被子、褥子、床单、被罩、枕套、枕巾等）   a．关于被褥你有两种选择，一种是自备，那我的建议同上，就是邮过来省时省力，另一种是在学校买，具体价格不太清楚，这种选择会比较省事儿，但是质量一定没有自己带的好。刚到学校九月份还在夏天，所以带个夏凉被就可以了，不用太厚但是也不能太薄，空调被就可以且重量很轻。如果一个宿舍的非要开空调，且你的被子又很薄那你只有第二天拉肚子的份儿了。冬天的话，被子一定要厚，建议驼绒的被子，或者厚一点的棉被，很必要，不过这个可以到十一月中旬左右再邮来。不然在屋子里真的太冷，我们每次到了冬天回宿舍就很快钻被窝，因为潮所以刚进被子都是冷的。冬天略难过，不过在冷的话你们就该回家享受暖气了。             b．关于褥子，我的建议是从家带一个驼绒的褥子邮来，然后到十一月份中旬觉得冷了可以再去超市买个垫子，最好是带毛毡的那种，具体我也描述不清，到时要买的时候可以来问我，告诉你们买哪种，在一定程度上褥子的重要性要高于被子，下面一层顶上面三层。            c．关于床单被罩等等床上用品，还是建议从家带，一它不沉不占地方方便携带，二如果现买的话质量好的很贵所以真没有必要，所以床单、被罩、枕套、枕巾至少各两个，放在箱子里带来。枕头可以来了买也可以从家带这个随意。规格：江大的宿舍床都是2米乘1.2米，看好尺寸带床单。            d．其他床上用品：蚊帐、床帘、凉席               蚊帐必须要，九月份蚊子还不很猖狂，如果你觉得蚊子多的时候过去了，那你就输了，十月过了之后，你就知道什么是肆无忌惮惨无人道，所以蚊帐必须要，但是不要从家带，来了之后去超市买，大概30块钱，尺寸和床正合适。关于床帘，视个人情况从网上买，如果你喜欢私密一点的空间（尤其女生），可以上淘宝，大概16块钱一块，缺点是夏天用会比较闷。关于凉席，如果有需要直接去超市买就好了，大小合适价格不贵。别从家带又沉又不好拿，尺寸不对还很烦。   3.  日用品及杂物    a．   洗漱用品如牙刷、洗发水沐浴液、毛巾等等   这些小的但是需要品质的东西还是建议从家带，家里有的干嘛还要来超市花钱，而且质量好的还很贵，带上就好了。牙刷多带几只独立包装的，勤换着点儿；洗发水沐浴液什么的不愿意带可以来买，但是据我所知好像女生对这个要求比较高，还是带吧；毛巾多带几块，洗脸的、洗脚的、平时擦手的都分开。洗脸盆什么别带，来了买，后面会提到。   b．   必要的日用品：插线板至少两个、小电吹风等   现在电子产品这么多，宿舍的插口通常是不够用的，带一个插口多一点的插线板放在书桌上，电脑手机充电器平板都可以用，还有宿舍每个床位靠着的墙上都会有一个插口，但是距你睡觉的地方很远，我知道你们睡觉之前都会玩儿手机的，所以带一个两三个插口的小插线板从墙上连到枕头那是很必要的，晚上给手机充个电，在床上玩儿个电脑什么的，你会觉得相当方便。  电吹风尽管带就好了，江大宿舍的电是很强的， 别说电吹风了，我们在宿舍开着空调用电磁炉吃火锅什么的都不会跳，但是别太放肆毕竟是宿舍别被宿管查到，用电安全还是重要的，但是现在电水壶已经不算违禁电器了。   c．   小工具：钳子、螺丝刀、一小卷铁丝，两三个锁头、抹布   这些小工具，让爹妈帮你带上，到了宿舍难免有坏的地方，可以自己稍微修整一下。带铁丝的目的是当你安蚊帐的时候，说不定就会帮到你大忙的。锁头不用太大，毕竟有些贵重物品要锁在柜子里和抽屉里面，这么个小东西现买就没意思了。  关于抹布，你别嫌弃，空了一个假期的宿舍加上装修，你都想象不到里面有多少灰尘，包括你们上一届学长学姐的痕迹，去了之后满满的都是嫌弃，没有一块抹布，你觉得你应该用毛巾还是用纸巾呢？这点切记，别说我没提醒你们              d  ．学习用品：电脑、书包、笔袋和一些中性笔及笔芯   我们当时大一是不允许带电脑的，据说是怕影响学习，但是我把它归为学习用品是因为大一英语包括后面要选课都要用到电脑，上网选课之类的，所以还是带上吧，学校不会为难你。                书包的话大学没有那么多书，每次上课一两本就够了，学霸忽略。斜挎包会不舒服，还是双肩背是最实用的，什么都能装得下。女生的包应该不少，你们自己看着办，反正你们还会再买。毕竞江浙沪包邮且三天必到的这么方便的网购条件，你们等着剁手吧啊。                笔袋和中性笔还有笔芯能带就带点自己习惯用的，不然没有合适的笔就更不爱学习了。   d．   电子产品   这就不多说了，需要带啥你们比我清楚，手机、充电器、平板等等等等，你们随意。   出发前三天    1.    去把要邮寄的东西打包邮走，注意，一定要包好，塑料袋什么的里三层外三层包好，胶带纸什么的也别吝啬，因为要考虑到防水，不然万一到了江苏赶上一场暴雨，你指望快递员给你的被褥打个伞么？    2.    再去吃吃内蒙的好吃的，烤羊腿啊、涮羊肉啊、烤串啊、羊杂碎啊、炖牛肉啊，相信我，当你刚去的时候都在寻找无锡的美食，不到一个月，你会疯了一样想吃一顿羊肉。十一，你可以选择回家了。    出发去无锡    到达无锡有以下几个地方   1.   无锡站南广场  如果你是乘坐非动车或高铁到无锡，那你一定会到无锡站且是无锡站的南广场，南广场看起来比较破一点，因为还有一个新建的北广场在它旁边，但是北广场只收发高铁动车。南广场就不整修了，下车之后别对无锡失望，你就当人家是复古好了，出站后如果没有江大的大巴来接你，就自己坐地铁，也很方便问问车站工作人员，然后跟着指示牌就可以找到地铁，买地铁票到江南大学东门，5元一个人，大约40分钟，坐地铁一号线长广溪方向，倒数第二站，（中间会路过一站叫三阳广场，那里就是市中心，以后要是想逛我可以带你们去看看）。也可以打车，相对贵一点，大约50元，地下就有出租车上车点，找不到就问问工作人员，如果打车的话目的地就说江大南门或是江大北门，取决于你住在南区还是北区，一般校门都会有志愿者告诉你你宿舍的位置的，也可以提前联系群里的学长学姐有时间的去接你们。  2.   无锡站北广场  如果你们是提前出去玩儿了一圈，可能会做动车或者高铁，那么目的地一定要买在无锡站，别买无锡东，那个就远了。北广场出来一样可以找到接站或是做地铁或者坐出租车，价格和南广场一样。（其实就是一个地铁站，即一号线“火车站”站）不多说，需要接站还是提前联系群里的学长学姐就好。  3.   无锡东站  如果坐高铁或动车，尽量避免买到这个站，因为你需要从地铁二号线的底站坐到地铁一号线的倒数第二站，大约需要一个小时。如果是晚上，错过最后一班地铁10:30分，就只能打车回学校，80到100元，黑车更贵。  4.   无锡硕放机场  地铁也没通，打车100元左右，没去过也不知道。别问我，我也不会去接你的！选择飞机通常都是飞到上海虹桥然后站内倒高铁回无锡。   已经到了无锡    1.    这里就只说地铁到达，一号线江南大学站下车 ，如果你们需要吃饭，就从2号出口出来，旁边就是星光广场，有很多吃饭的地方，吃完之后西面过马路就是江南大学；如果不吃饭，从1b出口出，继续往南走，就会看到江南大学的东大门，门口有志愿者，直接询问相关的宿舍位置就好了，相信一路上都会有人帮你们。   2.    跋山涉水到了宿舍， 通常在你所在楼栋的一楼大厅报你的名字和宿舍就会有钥匙和床号告诉你，床号是提前分好的，不用抢，就这样。到了宿舍先收拾一下，这时候空调应该都没开宿舍奇热无比，告诉你们个方法可以先把空调打开降降温，就是把空调连电（需要一个空调专用插座），然后打开空调盖，会有一个测试按钮，用笔芯可以打开，空调会以25度制冷效果运行，这只是临时措施，还是要赶快去南区后勤部租空调遥控器，这事儿要等你们宿舍都到齐了，均摊一下带钱去。   3.    接下来，北区的就要去一食堂去领饭卡和一些通知 ，尽快问你舍友要班级群的群号，大学几乎所有的通知除了短信就是扣扣群了，加进去否则会耽误很多事儿。   4.    领过饭卡之后里面会有100块钱 ，可以直接在食堂刷卡吃饭的，如果你爸妈都还没吃饭就可以在食堂解决了，该吃什么我不介绍了，反正你慢慢都会知道的。这个卡就是大学的一卡通，你吃饭、洗澡、打开水、借书、学院开门、园区门禁、学校门禁全要靠它，充钱的话有自助充钱的机器，应该在你们领饭卡的时候就会有说明书。   5.    据说这届你们没有发手机卡 ，如果需要领的话，你要尽快去营业厅，就中国移动那个小破营业厅人稍微多一点，基本排队就要2个小时以上了。能尽快去就尽快去。   6.    宿舍基本收拾妥当了 ，学校又暂时没什么安排，如果你有邮寄的包裹，且已经收到菜鸟驿站的短信了，就要去菜鸟驿站去取包裹，位置在小东门，这里强烈建议找个学长学姐带你们去，方便运输且了解一下取件流程。   7.    去超市，这里建议直接去北门欧尚超市 ，从北门出去过马路往东走，是博大摩登1930假日广场，里面有吃的也可以逛街，但目前你要先去欧尚超市，一楼是一些日用品，大概看看有没有需要的，主要要买的都在地下一层。主要买的东西：小型收纳箱、收纳袋、垃圾袋、卫生纸（卷纸、抽纸）、衣架（买质量好的）、水盆三个（洗脸、洗脚、洗衣服）、洗衣液或洗衣粉（每个园区都有洗衣房）、台灯（晚上会熄灯，但是不断电）、自己用的垃圾桶、水杯、暖水瓶、蚊帐、凉席、枕头（如果没从家带）、防潮袋、樟脑球，还有其他你们看到的觉得需要的。注意，有些东西你可以先不买，等到一个宿舍一起出来AA买：烧水壶或饮水机等公共设施。   8.    宿舍收拾妥当了，基本上一个宿舍的人也都来齐了，这时候你们要一起去买一些大家用的东西：   a．无线路由器（如果你们要用无线网的话）  b．网口分线器两个（一个宿舍就只有两个网口）  c．饮水机（不建议烧水壶，自来水烧出来的有味道不好喝，而且每个园区阿姨那里可以买桶装水，7块钱一桶）、  d．一起去租空调（两千左右，含400押金，就是租空调使用权，付钱之后给你一个遥控器，要用就必须去）  e．去移动或者营业厅办网，通常是和手机号绑定（这里小做一个广告，我有个自己的账号，因为现在在外面租房子所以不用了，你们如果谁要可以转卖给你们，20元一个月，不限时的移动宽带，买的月份多可以便宜点反正我也没法用）  f．建议你们一个宿舍一起去买自行车，务必别在学校买，学校的车子基本都是翻新的车子，特别贵而且质量特别差，直接去超市买就好了，别买太花哨的，基本在800左右，学校很大，车子很重要。电动车就算了，学校现在电动车都要上通行证，没有通行证的就拖走了，且不允许新上拍照了。江大目前是在逐步把电动车排除。      g．宿舍的一起去熟悉一下教学楼，北区基本会在一教上课，南区会在二教上课，里面的教室如果你刚去是很混乱的，不提前熟悉一下恐怕开始上课第一天第一节课必迟到。找个学长学姐带你们去熟悉一下教学楼是不错的选择。   9.  学校的事情安排妥当了，没什么事且离上课还有几天，带着爸妈逛逛吃吃。      a．手机里面必备两个软件：百度地图和无锡智慧公交（实时公交信息特别全）     b．学校周围有星光广场（吃饭）、海岸城、万象城可以逛街吃饭     c．市中心有苏宁广场、茂业、南禅寺、崇安寺步行街、南长街（百度地图搜目的地“运河古邑”）     d．美食：苏宁广场外婆家，三凤桥肉庄（去买了带走，别去它旁边的三凤桥大排档吃）无锡酱排、肉面筋、王兴记的小混沌，南禅寺美食街里面很多美食     e．多了我也想不起来了，还有什么想玩儿的就在群里面问吧   开学一周左右    1.    图书馆考试，别太紧张，就是一些很扯的知识，去图书馆机房考，考过了就可以借书了，没过也无所谓。    2.    好好学习，你们应该是有月考的，关于高数，我就是抱着轻松活泼的心态学了高数，期中考试46分，都已经是班里的高分了，该学习还是要学习，不用那么累，每天抽出来一小时，把高数什么的看看，你绝对要比好多人牛逼了。    3.    多在群里说说话，多在微信群说说话，我打算在十一放假之前组织一下新生聚会！                                                    2016.7.30    江南大学内蒙人发展联盟    群主 孙鹏飞  
江南大学数字媒体艺术怎么样，求解？,不错，江大是211，同时设计氛围很是不错，可以选择的。
高考成绩出来了，湖南大学和江南大学都能上，学工业设计我应该去哪一所？, 当然江南大学啊，学设计为什么不去江大呢。  江大的设计学院国内数一数二的，嗯，每个江大学生都会吹这个逼。 
求教江南大学服装设计与工程专业考研，难度大吗？,应该可以的，但是好奇为什么不考东华？
安徽大学，江南大学，河海大学选择哪所？, 谢  @枝垂萤  邀。  送分题，这次总算设计了一个对河海有利的题目。  选河海无疑，因为烂中比好。  文科女生嘛，读不了CS就选个商院的专业，对个人气质塑造有利。  其实河海沦落到这个地步，我心态还算平衡的，说不定过几年后有人发问：  正德学院、晓庄学院、河海大学、*内C++培训班选择哪所？ 
微软去江南大学做校宣，看中了江南大学哪些资源?,为无锡Site招人吧
关于【江南大学】的【服装与服饰设计】专业问题！？,您好 我是设计学院的就说说设计学院的录取总分吧 正常的话产品设计1000+，视觉传达980+，环艺970+ 总分计算方法的话招生简章上应该会有～
江南大学211大三英语专业，考研如果选择了天津师范非211的学科教学英语专业，会不会有点不值得？,必须不值得啊，而且学校招老师不是只看你是不是师范专业呀。就拿上海高中学校招老师来说，985.211学校优先。
在河海大学江南骏园宿舍住是一种怎样的体验？,本人河海大学15级学生，听到有学弟学妹想考河海大学，心里感到很开心，而且你选的水利专业也是我们学校的强势学科，在全国也是数一数二的，如果真心喜欢水利的话就来我们学校吧，你会喜欢它的。 好了，说正题，河海大学有三个校区，鼓楼（本部）、江宁和常州，如果你的分数比较低的话，有可能去常州，但是常州好像一直有所争议，所以还是不要去。你所说的水利就是在江宁校区，绝大部分的新生都会在江宁。江宁有教学区和骏园两个住宿区，教学区有空调，骏园呢就没有了。南京这个天气到了夏天没有空调还是不怎么样的，绝大部分人受不了，但是你可以去买小电扇吹风，不过最好盼望着能被分到教学区吧。另外就是其他情况了，无论教学区和骏园都是四人间，上床下桌，有独卫，有阳台，条件还是可以的。之前传言骏园要被拆，但是我们这届还是要住骏园。不过我们教学区新建了32层宿舍楼，独卫、空调、好像是两人间还是单人间，我也不清楚，你们新生好像要住这个（我也不确定给谁住，反正不是我们），这个条件除了楼层高，其余简直好的不要不要的。还有就是你上了大三的话水利会去本部，那个条件有点差，不过空调还是有的，不过无独卫，无阳台，文化和环境还是很好的。所以学长希望你们如果真心喜欢河海大学，我想说：河海大学欢迎你。     加图一张  
江南大学设计学院2016年考研真题？谢谢?,2016年江南大学设计学院专业理论初试真题（回忆版） 一、简答题：      1，设计的定义。（15分）      2，装饰从手工艺到后现代主义的演变、装饰的意义、以及装饰在手工艺和后现代的对比。（15分）      3，绿色设计的原则。（15分）      4，北欧国家设计的特点以及对中国设计的启发。（15分）  二、阅读理解题：  材料给出三个设计品牌 ....基于中国传统的设计....     璞素   璞素的家具，建立在创始人陈燕飞对古典家具的收藏与研究之上。出于对南方家具细腻、素雅、质朴的偏好，他将璞素定位为江南文人家具风格——审慎抽取宋明家具中的线条，追求精湛的工艺，如榫卯结构、绷棕压藤、手工刨磨等传统绝活；遵循严格的选材，在自然气味与真实质感中体现朴素之美。璞素，提倡原创设计精神的家居生活品牌，在上海拥有璞素生活空间与璞素设计，以家具和室内设计双线并进，立足中式传统，努力创造富有当代人文气息的生活景致。     梵几   梵几是由国内设计师古奇高创立的独立家具品牌，“梵”是净空与安静的意思，“几”是家具，意为净空安静的家具，同时梵几的谐音是“凡几”——平凡的家具，梵几希望做些实实在在被生活所用，并且自然的融合在生活当中的家具。      半木   半木，2006年由吕永中创立于上海，致力于当代东方生活方式的高端原创家具与生活品牌。  “半”是对器与道浑然一体的极致追求，也是一种物质与精神的平衡愿望；“木”是以木为代表蕴含时间与生命的各种材料与形式的探索。  出身教师世家的吕永中从小受父亲影响长年研习国画书法， 20余年的设计积淀投入到家具创作中，将对空间的理解融入生活的艺术，回归本土文化重新审视当下，将精致的材料、人体工学的舒适以及卓越的手工艺与东方智慧创新结合，给喧嚣繁杂的都市生活一份内心的从容与宁静，开创了一条继明式家具之后的当代中国家具之路。      1，结合材料，分析中国传统设计对现代设计的影响。（15分）      2，结合材料，谈谈对中国现代设计机遇与挑战。（15分）  三、论述题：（三选一）      1，工设：请用实际的例子或者自己的设计详细讲解设计定义的过程以及设计思维的创意途径及启示。（60分）      2，视传：视觉传达的规范性与超越性的辨证关系。（60分）      3，环艺：江南园林的特点以及对当代设计启示，要求图文并茂。（60分）  2016年江南大学设计学院初试综合设计（快题）真题 ★ 科目名称：841综合设计（快题设计）  以“低头族”为主题进行相关专业的设计（工设、交互、视传）   工设、交互方向 ：根据材料主题进行产品或服务设计  要求：1，提出及分析问题，可结合图表分析说明。30分        2，根据分析，提出3套设计草图方案。50分        3，选取其中一个作为最终方案加以完善，包括主效果图，细节图，操作界面图，使           用情景图等。70分   视传方向 ：根据材料“低头族”主题进行招贴设计（2016突围视传暑假模拟课程原题）  要求：1，课题分析及思考。        2，各完成4个不同的构思草图。             3，选择一个进行深入设计，招贴按尺寸（180mm*250mm）画成彩色正稿。   环艺方向：   室内：社区服务中心，15000mm*15000mm的空间，层高4000mm，门开在南面，而且东南两侧都要开落地窗，平面图，天花图和立面图比例1:100。（2016突围室内暑假模拟课程考题）  要求：1，提出及分析问题，可结合分析图表。        2，根据分析，提出3个设计草图方案，比例1：200。        3，选取其中一个作为最终方案加以完善  景观：户外小区交往空间，主题“交往”，基地27000mm*21000mm，平面图和剖立面图比例1:150 （2016突围景观考前模拟课程考题）  要求：1，提出及分析问题，可结合分析图表。        2，根据分析，提出3个设计草图方案，比例1：300。        3，设计交通流线，功能分区等分析图。        4，选取其中一个作为最终方案加以完善。  By突围江南设计考研整理 微信号：tuweing 
江南大学的物联网工程发展的怎么样？, 从事人力资源工作7年。面对过各式各样的院校的毕业生，两极分化严重，很多重点院校的毕业生甚至不如一个三流院校的毕业生。     总结：关键看人，不看院校。     物联网工程专业是一个非常不错的专业，发展方向很贴合目前的科技发展方向。目测突破点应该在人工智能/人机交互/机器学习/云计算等方向.....     愚见，欢迎拍砖。 
在江南大学读中文系是种怎样的体验？,如果食品是亲生大儿子 中文系就是亲戚家的孩子
江南大学控制科学与工程怎么样？, 很不错 
读文科去电子科技大学和江南大学哪个好？, 这两者比较的话，江南大学更靠谱点。  另，题主还有其他的意向学校，可以帮你分析一下。 
怎么评价江南大学思修的考试方式 是否合适？,        思修考试怎么了，并没有可以吐槽的点。你想说的是大三上的毛概闭卷考试吧？背15道题是不是背的要疯了？然而你并没有疯啊（╯‵□′）╯︵┴─┴大家都这么过来的~看来题主15道题背的不怎么样啊( *・ω・)✄╰ひ╯反正我考试的时候，没背的都没考，怪我咯╮(￣⊿￣)╭
【江南大学】是一本还是重本!?,是211  有些专业 属于  985 平台 
江南大学保卫处都做了哪些恶？,你是说………拖车吗
江南大学的工商管理和财务管理如何？,谢邀。江大全国有名的专业应该是工业设计和食品工程（是这名儿么..），你说的专业我不是很清楚。建议对比同分数段的南京学校。
江南大学的研究生好考吗，跨校的那种？,不是特别好考
江南大学环艺景观方向考研都考过些考过些什么类型的手绘快题？, 江南大学景观方向考研，手绘快题考试考过的类型基本正常，比如校园广场、小区景观、滨水景观等等，考试时一般有大小限制，但不会太大，一般在800平方左右。比如14年考的就是30*30平米的小区健身休闲区景观，16年考的是主题为“交往”的小区景观，面积是21*27平米。 
江南大学是不是完爆上海对外贸易学院？,你说的都没错，上海对外经贸大学的确不是985，也不是211。13年才升格为大学，没有博士点。这些都没错。但是你的说话语气让人感觉你的素质并不符合一个211、985高校的学生。  你同学觉得江南大学不厉害的原因可能在于他的分数线吧。2013年上海对外经贸大学上海地区一本理科最低录取分数线447，江南大学408。外贸文科474，江大449。
动画专业暨南大学、四川大学、东南大学、江南大学、江苏大学？,为什么不百度搜索呢？ 如果连这都不愿意找，那很怀疑是否有考上的能力……
作为一名江南大学的16级新生，潜意识里非常排斥设计学院该怎么办？,尊重每个工科生 不是黑 我潜意识非常排斥题主您 作为一个在高三之前学习一直没有起色的人，因为某些原因以江南大学作为目标，最后被录取。要说明的是，江大对我们美术生要求真的很高，文化和美术都很高。作为一个曾经终年联考180的人来说，我考上江大真的是一个奇迹了，我在外部环境恶略的情况下综合分考到了1000分。 我考上江大的艰苦卓绝不是在知乎里提问可以打出来的，我为此费了天大的努力。而在我看来，答主你通过文化课学习途径与我考上了同一所学校，我非常不甘心，如果有人问为什么我不放弃艺考而在这里BB，回答一下，我想学啥我爸妈就让我学啥，我爸妈知道不要管的太宽   ————我是补充的分割线———— 这个钓鱼的标签貌似是后来加的.??没有想到这个钓鱼问题居然真的炸出这么多鱼，谢谢其他学院对我们设院的爱！！来随意勾搭呀！！有空来设院玩啊！！江大所有学院的人都很棒的ww         还有外校的观光团更是surprise 楼下居然还有北大来征女票的【笑哭】其实设院的不仅颜值高还热情开朗温柔大方聪明伶俐hhh         评论里指出的错误已经更正啦 谢谢小天使        最后，这个回答是我在晚自习随手抖的，非常贴吧，非常情绪化，非常不知乎，让大家见笑啦        另附某个公众号强行999赞的理性回答 知乎和江南大学，究竟怎么了：  http://  mp.weixin.qq.com/s?  __biz=MzAwNTA3NjI5MQ==&amp;mid=2653129682&amp;idx=1&amp;sn=19b74b5f9a99124ff22aa9aa71cad686&amp;chksm=80f50ffeb78286e82a0f5523e16161aa8e3ed175c6100a2de38ef3c1027b7af2c742ad9f10f7&amp;scene=2&amp;srcid=0923P2LylBAV7csKBxaFGdKl&amp;from=timeline&amp;isappinstalled=0#wechat_redirect      
英语语言文学考研，上海大学还是江南大学？,反正现在不分什么211了  所以建议上海大学   首先地理位置更优越 吃喝玩乐哈哈哈 其次学校资源不错 按理机会多   其实感觉这两个学校没有太大差别 我替你看了下两个学校的2017年的招生简章   江南大学  英语语言文学硕士 招生人数    32   考试科目     1.思想政治理论 2.二外（日语 德语 法语）3.综合英语 4.翻译与写作  研究方向  1.语言学与应用语言学 2. 翻译理论与实践3.英美文学  复试科目 1.语言学概论2.翻译概论3.英美文学  上海大学 英语语言文学硕士 招生人数 16  考试科目 1.思想政治理论 2.二外（日语 德语 法语) 3. 英美文学史 4.基础英语 复试科目  英汉互译 研究方向 1.英美文学与文化研究 2.圣经文学研究 3.文学翻译研究 4.生态文学研究 5.比较文学与文化传播研究6.非裔美国文学研究   题主根据研究方向 还有招生人数  根据自己的实际情况 再做判断吧 
在江南大学食品学院就读是怎样一番体验?,我不清楚题主是男是女，如果你是男人的话啊，你以为学食品就是把妹啊，你可以四年沉迷女色啊，我跟你说too young too simple 啊，等你毕业之后噩梦就来了啊，，因为无论从哪里毕业，，食品的工资一个月就是三千啊，硕士毕业了不如一个二本的学计算机的挣得多啊，三千块钱够吃个屎啊！！如果你是个女生啊，这个专业不是新东方啊，不是教你如何做菜知性相夫教子啊，你得学习高数、无机、大物、物化等众多大工科课程啊，还得每周考一门专业课啊，一背就是一本书啊，除了背还是背啊，卧槽不知道我最讨厌背东西所以学了理啊，踏马到了大学居然全是背背背啊，除了背诵期间还得做锤子啊，我一个学食品的我做锤子搞毛线啊，老娘这个长相完全不需要防身啊，踏马除了做锤子期间我们还有一次农训啊，在野地里搓了一天麦子搓的手都肿了啊，不仅如此食品的女生都特么又漂亮又能学习啊，来了这你得做好颜值垫底的准备啊，你得忍受的了大学四年没人追的寂寞难耐啊，你得化悲痛为力量一口气能把蒸馏水抗到五楼啊，你得做实验杀老鼠养大肠杆菌啊，要问老娘为啥知道的这么清楚啊，因为我特么就是个学食品的啊，舍友结婚连份子钱都出不起啊啊啊，到现在都还没嫁出去啊啊啊啊啊！！
江南大学物联网工程学院和数字媒体学院软工专业区别？,物联网的偏硬件，树莓的偏算法
江南大学“e江南”的经常爆炸是在打物联网工程学院的脸吗？,当然不是，物联网学院的官网早就被黑了，一直没有恢复（现在不知道恢复没），那才是赤裸裸的打脸！
美术生考进江南大学到底有多难？,今年刚考过 应届美术狗 拿了一张江南证 两百多名 不算特别好 我们学校美术生传统就是江南保底（戏谑吧） 我们学校主攻清华 很重视  江南被称为“小清华” 就是专门学过清华的话 考江南很容易 考的内容差不多 场景色彩场景素描 区别就是清华个考速写江南考设计 套路不是很深 任何东西都贵在多练 如果真的很喜欢一个学校 就专门练它的考题 练出套路自然能干掉那些抱着随便考考心态去的人 我们班三十多个美术生 有十个左右过江南的 基本都去考了  建议找找江南的学长学姐给你参考参考 提提意见 问题不大。 文化，看每年的招生简章。16年文化专业五五分。17年文化六，专业四。江南有一个公式 照着算 看看你需要多少分 不过一般以全国卷标准四百五以上就可以上。  _  懒，不喜欢打标点。
江南大学转专业到设计学院难度？,江南大学16级食品，刚刚转专业到工设，要降级从大一开始读了。我们这一届有22个人想转工设，最后两个人转成。
本科跨专业考研室内设计，江浙沪有什么院校推荐？如东南大学，江南大学，苏州大学等，专业实力如何？, 广州美术学院，江南大学，中国美院，四川美院，南京艺术学院，华中科大，武汉理工大学，华中科技大学，湖北美院，东南大学，四川大学，湖南大学，苏州大学，上海大学这些都很好的。还有深圳大学，汕头大学，厦门大学，景德镇陶瓷大学，中南林业科技大学，浙江理工大学，南京林业大学，合肥工业大学这些也还不错的，相对来说比较好考的 
三本学渣有没有机会考上江南大学工业设计研究生？, 谢邀！江南大学工业设计在全国属于前列，报考难度较高，目前刚大三的话时间相对来说是比较充分的，可以考虑提前准备备考！好好准备，还是有机会的。手绘基础差的话建议报班系统的学习一下江南大学工业设计考研的手绘。  江南大学工业设计考研：英语+政治+设计理论+专业手绘   2017江南大学考研数据                   希望能对你报考江南大学有帮助。 
湖畔大学是否就是变相的江南会？,你得到了它！
江南大学工业设计有珠宝设计么？, 江南大学工业设计没有单独的珠宝设计方向，但是工业设计专业自由度较大，每一年本科毕业设计中可以看到很多爱好珠宝设计的学生主动选择珠宝设计进行他的工业设计毕业设计作品，相对于专业的珠宝设计院校，江南大学工业设计强调的更多的是不同类型产品的设计思维，在一个大的思维体系下去从事相关联的专业方向，从这个角度来说，在江南大学工业设计学习基础下去做珠宝设计可以拥有非常开阔的设计思维，这是最大的优势，而不会被一些珠宝设计中的一些固定规则所框住自己，这两年都有非常优秀的爱好珠宝设计的学生将自己的珠宝设计完成毕业后进入很多大型的珠宝公司从事珠宝设计工作，所以从这个角度来说，江南大学工业设计虽没有单独的珠宝设计专业，但是可以通过自己的爱好和自学能力结合工业设计思维去进行设计，毕业后同样可以从事珠宝设计工作。 
江南大学设计学院景观专业16年考研参考书籍？,李砚祖 艺术设计概论  中国建筑史  外国建筑史   追加一本 西方近现代建筑史 
听说江南大学有个梦想青创，它是干嘛的？挺感兴趣的，但百度不是很详细，有知道的吗？能否详细介绍一下?,我是之前是江大梦想青创的学员，个人非常推荐新生加入梦想青创社，并不是吹的，听我给你慢慢道来～～  梦想青创是江大一个就业创业类社团，是一个市级社团，比校级社团还要高级一点哦，哈哈。社团是由无锡市共青团指导， 在民政局正式注册的公益组织。主要是帮助大学生将来更好地求职、就业和创业的。  社团分为社会部和校园部两部分，社会部主要是无锡市的一些成功企业家和公司高级管理层，他们大多都是我们江南大学毕业好几年的学长学姐，会经常回来给学员做一些培训，深入交流，告诉学员一些社会上的经验，同时帮助我们解决在大学中的一些困惑与问题；校园部就是我们江南大学大一到大三的学生，我们会根据每个人的不同情况帮助他量身定制实践与成长的方案，包括专业的培训，社会实践活动，商业项目的参与等等，而这些都是由有经验的学长学姐带着我们一起做，他们会倾囊相授的。  青创与校内其他就业创业类社团最大的区别在于，很多同类的社团都是纸上谈兵，最多做一些讲座和模拟型的创业比赛，都是不落地的。但是有在社会上摸爬滚打很多年的学长学姐带着我们，真真正正在社会上去实践，去参与商业项目，去实地操作的，这样学到的东西，才是将来能够真正派上用场的干货。  怎么说呢，仰望天空和脚踏实地要齐头并进才能稳扎稳打嘛！
无锡江大（江南大学）周边手绘培训？, 表示无法帮你。。。。因为不了解那边的情况。。。抱歉。不过你有时间可以来斗鱼直播，围观了解一下原画，我有时候会直播，房间号2484705 
江南大学怎么样？,不亏啊，超14分不算多，江南大学食品是全国前三，不容易进的。不过好在校内课余生活丰富，各种社团活动，什么玩棍族，梦想青创，英语飞吧等，都是很不错的。宿舍条件嘛，个人觉得还可以，饮水机和空调都有，唯一不足是没有独立洗浴。
江苏大学，苏州大学，江南大学考研的话哪个好一点？, 当然要看你选择的专业，三所学校各有所长。 
中外合资办学的学校 (如江南大学莱姆顿学院）毕业的本科生可以考银行吗？,江南大学莱姆顿学院现在已经改名叫北美学院了。 北美学院的毕业文凭不是本科，是国外的一个专科。 这个应该查得到，我也是本科毕业时候莱姆顿的同学告诉我的，当时我就震惊了
作为一枚即将步入大学的理科女，面对中国石油大学东华大学河海大学山东大学威海校区，江南大学，该如何选择?,山东大学威海啊，原因如下， 一，它是你所列的学校中唯一一个985，虽然是个校区，抑或叫分校，但是确实是个实实在在的985，会给你一样的毕业证。当你找工作的时候就知道985的重要性了，我现在找个实习，都得要求985，211的在校学生。 二，关于山大威海的水平问题，我想说，确实跟本部有差距，主要体现在师资上，但是我认为师资至少也是中等211的水准，所以一群211水准，为何不选这个985。 三，山威满校园都是植被，出了校门就是国际海水浴场，环境超级棒，受不了雾霾的可以考虑。 最后我再说一下弊端，城市小，冬天冷，是分校
东华大学和江南大学怎么样？,谢邀，对服装行业不了解，毕竟是财会专业的，如果自己真的喜欢，就去学这个专业吧！毕竟做自己喜欢的东西容易有动力，遇到困难也不容易放弃，建议问下这个专业的和这两个学校的。 至于其他专业，我觉得程序和设计这些专业还不错，毕竟互联网时代！ 以前听罗振宇说过，这个世界上比较有前景的两件事:一种是帮别人节约时间，一种是把别人节约的时间浪费在有趣的事情上
论产品设计，弘益大学和江南大学哪个好？,我认为是弘大更好  怎么说 弘大的设计在亚洲也是数得着的 是弘大的招牌部门 我虽然不是产业系 但也有产业系的朋友 还是很辛苦 压力不小 产业设计也是属于在弘大美院里比较热门的一个专业吧
江南大学工业设计考研现在该如何准备？除了英语，手绘，还有那些针对性细节需要注意？？,我是江大在校研究生，我来帮助你解答吧。 第一， 你哪一年考试，今年14年的考纲出来了，做了很大的调整，工业设计专业的理论参考书目改为：李砚祖《艺术设计概论》占90分；王受之《世界现代设计史》+何人可《工业设计史》共60分，总分150。时间为3小时。 第二，专业手绘增加了前期文案分析的比重，要求考生具备问题意识，在给定的文字中去发现问题，提出问题，并解决问题，然后把你的解决方案文案化列出，最后用手绘表达，三个草稿一个正稿。时间为3小时。 第三，联系导师那是你初试通过之后，复试之前要做的事情，初试之前联系导师几乎无用。
参加江南大学的夏令营是什么体验？,我的本科学校和专业都比较显眼，昨天才闭营，目前保研资格还不能完全的定下来，先可耻的匿了。  刚才才知道我是学硕组综合成绩第一。这么多天来的爆肝是值得的，自己的每一份用心都有人看在眼里，我很高兴。  感悟一，真诚最重要。  你真心实意想来，别人才敢真心实意给你这个保研的门票如果你一副爸爸来不来无所谓的话，那么我想说你这大热天还来互相折磨做甚？  我是如何展现真诚的？比如说面试中最重要的材料作品集吧，我打印了整整8份一模一样作品集，而且为了表现对江南的重视，我在个人简介上加上了江南设院的logo ，就是说我的简介是只为江南而存在的，打印所有材料花了三百多，而且为了保证质量我是从本校印好带过来的，旅途上的艰辛不再赘述……  很多人作品集只有一份，因为打印作品集很贵……很多人要赶很多场夏令营，给老师看完之后一份材料都没有给老师留下，我想说这种行为真的挺冒险的，原因你们自己想吧。  作品集不用太华丽，导师们也不是看形式的。所以你最好要保证每位面试老师在开始前都能拿到一份你的面试材料。这样可以让面试的时候每位老师都看到你的资料接着准备他们要问你的问题，不然你只有一份材料你要让老师在那么紧张的时间轮流看完？你有再多酷炫的作品几秒钟一翻也记不住啊……  感悟二，我要做研究么？  能够通过系统审核进到夏令营队伍里面的都不是泛泛之辈了，但是对于这个敲门砖的心态一定得摆的合适，你可能有论文，有比赛，但是别人可能也有。你可能参加了很多夏令营了已经是老司机了，别人可能也有很多经验了。保持谦虚，保持和善，向他人伸出援手，向他人学习，这四天是竞争对手，也是一起合作一起生活的朋友，而且以后很可能是非常重要的伙伴。珍惜他们，不然你什么时候才有机会一次性见到这么多绩点第一的人？  江南设院的学硕非常重视学生的研究能力，一个人是不是做研究的材料看状态就看的出来，就算你实践能力再强，你本校美院出身，你展现不出对问题的探索态度，和挺难而上的乐观精神的话，老师可能也不会要你的。  感悟三，无锡轻工气质不改  沉重的话题过去吧，谈谈江南的生活  整个江南目前就只有一个校区了，蠡湖校区，校园很新，规划很好。整个校区井井有条，像是个利器，到处是方盒子，几处池塘小桥也中和不了这种冷漠，17年夏令营的孩子挺苦的，正好摊上无锡的伏天，江南在郊区，树又不大，夏令营的孩子每天在这里活烤……  宿舍分为南区和北区宿舍，这次学校把所有学院来夏令营的学生都安排在了南区宿舍，如果你报考的学院不幸在北区……那么你的最后两天学院活动会非常苦逼……  食堂有专门的夏令营供餐口，所有来夏令营的同学都会收到江南送的餐票，保证你在江南期间吃饭不花钱，食堂质量不错，但似乎在逐日递减……如果你不想吃食堂想吃点别的也是可以的，不过暑假期间校园内的餐馆大部分都关门了，附近的话只有北门那边博大广场有餐饮商业区和大超市，南区这边出来只有大排档和一个咖啡馆和一家锦江……  江南仍是个理工科学院吧。人文味总是淡了。  想到再更……有问题大家问。
江南大学理学院怎么样？,信计学数学的，光电是物理类的。 不是计算机！不是计算机！不是计算机！学计算机左转物联网计科。 最后说一下，男女比1.5比1吧。
上海师范大学跟江南大学环艺考研我该选择哪个？,这两个学校从考研专业报考来说，不能算是一个层级，江南大学设计学院因为近年来整体实力强，每年报考人数都在增长，大约报录比在10:1前后，考研难度还是有一点；上海师范大学环艺系属于新发展的一个院校专业，由于在上海地区，受到的地区发达影响较大，发展非常快，上升空间很大，但是目前报考人数还属于相对稳定的阶段，相信不久，上师大环艺也将会有一个较大的提高，目前报录比能在4：1左右，报考难度相比较小。这两所院校进行选择还是比较简单的，一个属于上升通道中，但是需要一定的时间发展，成功率较高，另一个属于已成名阶段，但是有一定难度，所以也看学生自己对于自己未来发展的一个判断，不过综合而言，这两所院校都属于性价比较高的院校，毕竟招生人数总数还是都比较多的。
高考报江南大学分数有什么要求?,工业设计在我徽好像没有招生名额，挽。
江南大学是一所怎样的大学?,我是江大毕业的，我只知道你说的这两个学科还是不错的，在国内绝对数一数二的，软硬件都位列前茅。但整体偏科严重得很，即便像是最近比较火的物联网，其实也就是原来的信控和信息合并的，换汤不换药，而且江大很多学院的硕导，甚至博导都是原来江南学院、无锡教育学院的老师（2001年1月，经教育部批准，无锡轻工大学、江南学院、无锡教育学院合并组建江南大学），本来就是本科文凭，而且有一部分是二本院校毕业的，你可以看江大很多导师介绍里面，本科学历都是隐去的，包括很多年轻的老师，并校后读了个在职硕博，申请个公费国外交流学习一年（基本人人都有份，很大一部分是公费旅游了一年，看那个老师在国外交流期间的论文成果就可以判断），后来摇身一变就变得高大上了（博士学历and海外留学经历），然后就开始误人子弟了.......当然，其他学院也有很多很有水准的导师和领导，但总体与生工，食品，设计差距太大，用一句话总结：你们考进了一个学校，但一个读的是985，一个读的是二本。
江南大学要考游泳吗？,不考，学校里也只有一个小的的露天泳池，夏天开放，要交钱。
南京理工大学和江南大学报哪个？,任何一种交叉学科都不能读。读了基本上就是被坑死。 1、物联网工程是个筐，什么都往里面装，计算机、电子、通信、控制、机电、微电子等工科，还有物流、管理等。任何一个方向都学不深，只能在表面浅浅地学一点。 2、大学四年，课时只有2100到2400学时，这其中1/3强还是非专业课程。要知道，外面java培训都是1000个学时左右，而且1000个学时还有很多东西讲不到。 3、大学时间宽松而不宽裕。大学时间很宽松啊，想怎么干都可以，都是成年人了，你想干什么，没有人真正能够拦住你。但是，当你要想精通一个东西的时候，你就会发现，时间完全不够用啊。更可怕的是，大学跟中学完全不一样，在中学的时候，老师和家长把一切都准备好了，你只管“吃”就可以了。大学，是你自己找啊探索啊，那点课堂学时根本不够，老师根本讲不了什么，因此，你要想学好，就必须自个学吧。那么，自己找“吃”的，非常花时间啊，起码要占一半以上的学习时间。 4、大学课程的难度绝不是高中可以比较的，适应大学的学习，是一个艰难的过程，因为这需要思想、观念、态度、情感、方法等发生根本转变，对于一个生理刚刚成年、心理远远没有成熟的人来说，这是一个非常重要的阶段。对于一般人来说，等于意识到这些的时候，已经就快要离开大学了。要想压缩这个阶段，就必须在课下付出大量的努力。 5、想要真正学通（还不是精通）一门课程，起码要200个学时（课堂学时+2倍的课外学时），这还是对于能够积极转变思想观念、主动去适应大学的人来说的。 6、思想、观念、态度、情感、方法、理念等的转变，必须在钻进去一个方向，体会、感受、熏陶、实践：如何观察某种世界中的一个现象、如何描述某种世界中的一个现象、如何从某种世界中的现象当中提炼出问题，如何发现和形式化描述某种世界的结构、关系规则、机制机理、演变过程、内在性质、外部特征。如何从这个学习过程提炼学习方法，升华思想、转变观念等等。只有专注一个方向，做进去，做深，才可能在学习策略、认识策略等思想观念有所得。 7、做的时候，不能大、泛、空。大、泛、空的项目，对于一个刚刚进入大学学习的学生，如同让一个幼儿去挥舞大铁锤，必然把自己砸死。只有专一、小、精炼，才是可控的，才能做进去。
现在大一，如何为跨专业考江南大学设计研究生而准备？,你才大一，现在应该好好享受大学生活。大学千万不能只为了考研，不然你的大学就读的太失败了。平时如果喜欢设计类的东西，可以多看看。不用刻意的现在就练习什么，学什么。只要把设计的思想和设计的眼界开阔出来就好的，多看一些设计类的书籍和好的设计作品就可以了。
请问江南大学考研群是什么？,QQ消息界面右上角有个加号➕点击一下， 在搜索那里输入江南大学考研，然后选择搜索群，就ok了。
如何看待辛向阳辞去江南大学设计学院院长一职这件事？,这个问题还是要匿名的，如果是设院的孩子，那都该懂的。  从用户设计，到交互设计，到体验设计，对于外行来说看到的只是一个名头的改变，一个所谓关注点的差别。从哲学层面说，这是主语转变成了谓语，又转变成了宾语。从设计师常谈的5W2H要素来看，这是从what 变成了why，又变成了how。而从市场角度看，这是从卖方市场（生产者）转变成为用户主动参与，进而转变成为C2F模式。这背后其实代表的不仅仅是一个概念，而是整个社会生产分配方式的改变，以及学界不断调整更新自己知识体系的一种变革。  辞去院长职务，并不代表责任的放弃。只是他的理想的后续发展，已经不再和院长身份100%挂钩。作为一个老牌的设计学院，居然16年才有一级博士点，这背后的故事耐人寻味。好在现在梦想已经达成，接下来的路，不再需要一个付出比收益远大得多的行政帽子。是的，辛老师是一位极限挑战者，攀岩登山中，探索阶段确实需要安全绳的保护。但是这也极大地限制了行进速度和探索范围。没有了这一保护，需要坚持需要牺牲的更多，但是离理想也越近。至少目前而言，他留给学生的时间更多了，留给自己设计哲学研究的时间也越多了。这就是最好的以退为进。一个教不出好学生的院长，远没有一名能培育出英才的基层老师重要。  整创班教会了什么？技术？本事？其实整创班真正教会学生的，是逆风而行。放眼国内悲哀的本科教育体制，所有的毕业课题、设计实习几乎无一例外都在完美的世界中进行。一个大家所共识的早就存在的设计需求，进而设计出早已被市场验证的设计方案，最后整理出一套能自圆其说的完美故事。  那么当学生面对不完美的真实世界，不尽人意的工作环境呢？老师会让学生频繁更改设计方案么？而且是已经进入中后期的时候，彻底性颠覆概念级别的重做？学生之间嘻嘻哈哈就能做完合作，因为不需要争抢什么，反正这个成果并不会直接对社会产生价值，只是师兄师姐的老路上又徘徊了一次。那么当面对同事间的职称资历竞争，面对知识产权的归属分割时，他们又能何去何从？当你辛辛苦苦做出的方案，就快完结时，接到上级命令立刻转交给同事，自己奔赴下一个工作任务时，又有多少刚入社会毕业生精神面对快要崩溃，并产生对整个社会整个体制的不信任感？ 【下一条继续】
请问在江南大学日语系就读今后出路如何？,其实我一直认为，询问这样的问题意义并不大，甚至可以说毫无价值。对于你来说，学日语是不是你真正想要选择的事情，才是关键。就业前景如何，很大程度上取决于个人而非一些外部的因素。那些没有能力的求职者，他们往往会把责任推给行业前景的不好，他们似乎从没有发现，和自己同样选择了一条道路的人，他已经走得那么远了。所以，一切都取决于自己的努力，我这么说也许很直白也许看不出什么哲理，但相对的，如此简单的事情却有如此多的人做不到。是不是很矛盾呢？是不是很可笑呢？明悟自己内心最想做的事情是什么，明悟这么去做自己会收获的东西，坚持下去。记住，外界永远只是一种干扰，真正做出决定的人，是你自己。
我是2015年江南大学的新生，想问一下，江南大学有哪些社团啊，有哪些值得推荐的？,这种问题，问你的学长不是好多了吗
江南大学还有50个名额！远程教育教育要快啊！有没有？, 私聊我 
在江南大学计算机专业就读是怎样一番体验？,熟人不少 但是还是该说就说吧 总的来说 一流的环境 三流的教学 不入流的学生  环境 江大风景我就不贴图了 随便一搜都是风景 适合情侣约会的地方到处都是  教学 教学如何 有@信封的答案作参考 虽然有些我不认可 在我看来 我江大生涯里最好的老师就是大一离散数学的老师 虽然有口音（不过听得懂） 但东西讲的透 对我之后理解计算机体系有很大的帮助 可惜课后去找他他不鸟我 因为学校要求研究生导师（好像是这个）必须教一门大一的课他才来的 所以估计比较忙 也看不上我这种渣渣 其他老师不提也罢 再补一点 作业设置及其不合理 不少作业毫无反馈 你连你自己做的对不对都不知道 期末的成绩及其不公开 你不知道哪些是平时分 哪些是期末考 除了中口老师 学生 一半以上是被调剂过来的 再一半是糊里糊涂报的 再一半学了两个礼拜没兴趣了 于是不少人就浑浑噩噩度日  寝室娱乐氛围浓重 我不是说打游戏不好什么 我自己也很喜欢打游戏 但玩归玩 学归学 一个装睡的人你永远也叫不醒  大学里氛围是很重要的 虽说计算机这个东西主要靠自学 但如果单纯自学你为什么不家里蹲还要跑那么老远去花钱受罪 有个积极向上的整体氛围还是很有利于自我督促和进步的  资源及学校重视 资源 属于江大最大的物联网学院 机会资源还算不错 想出来看看就出来看看 想拿奖学金拿奖学金 想进至善也不难 毕竟 计科没那么多人和你抢资源 学校重视程度0 要设备没设备 要师资没师资 连tm参加比赛都不报销…就不提报销那次住的旅馆了 我宁愿自己花钱  acm 弱校里的弱校 陷入成绩不理想 学校失望不重视 没人带 成绩不理想的恶性循环 除非哪届出来个超级大牛一神带两腿还能拿金 不然我们还是忘了acm吧  对有意向来江大读计科的新生 如果你热爱计算机 请出门左转杭州电子科技大学 如果你想混个文凭泡个妹子毕业了事 这里是你的天堂  相关：江大只读了两年，转学出国。对考研毫无了解。
在江南大学商学院就读是一种怎样的体验？,作为一名刚刚保研的学长，回答下这个问题。其实四年商院过下来，经历了很多，也见过很多的人。怎么一种体验其实需要因人而异，举个简单的例子，学校11点断网有很多人吐槽。但是从另一个角度来说，至少让很多人早点上床不至于lol到凌晨。这个问题我尝试客观的来回答。 1.同学：商学院是江大第二大院，男多女少但是情侣也没你想的这么多。同学也是五湖四海哪都有，不光是少数民族的同学多，留学生也多，没事跟留学生交交朋友出去玩耍玩耍也不错，就是大部分的留学生不太爱学习。 2.老师：商学院的大部分老师都比较nice，除了个别就不说名字了。相比牛逼学校和食品生工，商院的课程负担已经算比较轻的了，当然，约束可能也比较少。 3.学习氛围：毕竟还是学生，主旋律还是学习。商院的学习氛围不能说特别好，但是这几年都比以前好多了，总之商院的同学两极分化还是比较严重的。好的学生挺优秀的，差的也能到留级的地步。学院每次点名查课还都比较勤，出勤率这种东西也是因专也而异了。但是总的来说，商院还是女生比较优秀，男生一般都比较废，除了个别成绩会比较好。但是搞社团找工作还是男生比较厉害。 4.文化：商院的文化建设感觉一般般吧，可能也是太大，成分太复杂，但是看着学院一点一点进步还是很开心的。商院8大社团每年活动也不少，基本怎么混还是看个人。想往上发展，跟辅导员和老师关系好是必须的。 5.就业：商院在无锡的就业还是比较可观的，四年读下来可能大部分的人就一个感觉：“雾草怎么就毕业了。”然后就匆匆加入就业大军了。还是一句话，在商学院学的最重要的是怎么处理人际关系，学院每年就业有很多大牛阿里、京东都有，但是大部分还都是一些小公司，比较江大不是诸如四大这样公司的target school。 6.升学：商院每年出国考研保研的人不少，但是牛逼的学校也不是特别多，但是现在还是一年比一年好。考研大军每年都有很多，但是失败率很高，貌似和江大差不多的学校也是这样。 总的来说，江大商学院在江大不能算很好的学院，出去的认可度也相比苏大、河海弱势。但是学校这几年在狠抓商院发展，在外面的认可度也是较前几年好了很多，但是还是任重而道远。想要真正取得大发展、大突破还为时尚早。 至于体验，还是一句话，不管你来到江大商学院是以什么一种心态来的，这个平台是够了，关键在于你想让你的大学过成什么样子，以上。
江南大学和湖南大学工业设计专业各自的优势是什么？,本人湖大工设大四狗一只～  和题主一样，当年我也是在这两所学校的设计专业纠结，最终以自主招生湖大材料通过而江大未通过画了句号。  我并不十分了解江大，但因为有朋友在，多少知道一些，我希望能尽可能不带有情绪的为题主提供对比性信息。  地位有区别。江大，设计学院基本承载了包括环境艺术在内的创意类学科。除了设计学院，另有去年分出数字媒体学院。具体信息不赘述，请自行百度江南大学官网。在湖大，创意类学科除设计艺术学院外，另有建筑学院，以及新闻传播与影视艺术学院部分专业。具体信息也见湖大官网。江大是一所一般211高校，设计学院是其惟二的王牌（另一个算是食品学院吧）；湖大虽然是985末流，但建筑学作为四大王牌（一般认为与土木、车辆、国贸并列）名气颇大，建筑学、景观学、城乡规划、环境艺术都在建筑学院，所以如你看到，设计艺术学院只有三个专业。设计艺术学院在湖大并非众星捧月的存在。这是因为国家给设计专业本身并没有设立一级学科，而湖大优秀专业不少的缘故。它是一个规模甚小的学院。  具体设计教育上，我无法多谈江大什么，因为我没上过。不过江大院长辛向阳教授曾是国际知名设计院校香港理工大学设计学院的交互学科带头人，想必江大的交互设计方面会相当可圈可点。  江大的国际设计竞赛奖项数量在全国是比较领先的，至少领先于湖大吧。江湖传言称有买奖的成分，我个人并不赞同，也觉得题主即使听到也无需考量。如果真的能买奖，清华同济湖大，哪家都都有足够的实力和关系分一杯羹，不会只此一家。  而按照学院老师的说法，你所看到的三个方向也许在你入学时并不准确了。湖大工设今后的三个方向也许是交通工具、智能产品与交互、信息传播与交互。  对这一改变我是这样看的。湖大的车辆工程在全国几乎可以说仅次于吉大，延伸出来交通工具设计也是湖大设计院一直以来的传统优势和师资集中所在。但是这个一直以来不会继续吃老本了，在互联网时代，湖大也看到了交互的重要性，因此不再单纯开设产品造型方向，而是寻求跨界。也就是说，你不必把湖大设计再想象成一个更重产品造型的教育。  但这个方向划分至少要到大三。  江湖称湖大院长何人可是“国际化交流派”，此话不假。湖大设计学院任课教师中有5位外籍教师，都有在本科课程授课，于是在本科就有一定的全英教学课程。这其中有利有弊，对于英语优秀的学生自然能视野拓宽，但对于大部分半桶水的中国学生来说，反而知识传授会打了折扣。所以准备好自己的听说能力和单词量，你才能充分体验湖大设计院的这些彩蛋内容。  从师资来看，虽然学院老一批专长于汽车设计的教授不久可能就会集体退出一线，但我个人认为青年教师的师资还是相当不错，不能说每个人都是史诗级战斗力，但才华横溢的老师绝不是少数。  从地理区位优势上来说，江大比湖大有优势，处于上海市辐射的泛长三角地区，机遇和眼界会更广。当然这点最强的自然是上海同济。从院校平台来看，湖大则比江大强，毕竟作为一个综合类985院校，你所在的平台更为广阔，除设计学习以外，你所能接触到的东西更多元和开阔。当然这点最强当属浙大。这里并非指学生活动，而是在学科接触面和综合素质养成、院校整体环境上，的确存在优势。而这些也的确是专业能力之外又确乎为一个人才所必需的东西。  最后，我希望题主在决心学设计之前，明白设计并非等于造型和界面，而是一种思维方式和创新力的学习。这也是为什么湖大另两个专业全部招收艺术生，却依然会开设理科班的缘故。娴熟的手上功夫和大开的脑洞，一个都不能少。  暂时想到这么多了，题主希望具体了解什么的话，在评论里继续吧。  其实写这个答案的时候，我知道这个帖子应该不会有别人看的，也不说能不能拿赞了。但是还是用手机打了这么多。只是因为看到题主把志愿湖大工设写进了自己的个人描述，突然想起了自己高中时候对这个专业莫名的执着。转眼四年过去已经要毕业了，学到的东西和我之前的想象大有不同，但是估计即使再报考一次依然会这么任性。希望上面这些可以起到些许帮助吧。  6.6更新  其实没更新的内容。这是我答过的印象最深的一个问题，就要高考了，为题主加个油！祝马到成功！
江南大学工业设计考研对于南京一所普通二本的人来说到底有多难 ?,并没有想象中那么难，我是武汉一个普通的二本，现在就考上了江大设院研究生，当初自己也是怕考不上，但更重要的不是去想而是去尝试。你考的工业设计江南是全国最好的几个院校之一，当然考会有竞争，不过它招120人总共，分摊到工设专业有30多个，就名额而言就蛮多的，除了公共课政治英语，专业课的理论不是太难，考李砚祖的《艺术设计概论》何人可《工业设计史》王受之《世界现代设计史》简答题、阅读理解题和论述题，书上能总结大多数答案，再加上你自己的观点和答题的逻辑性，相信只要你背好知识点后能取得一个不错的分数。 快题设计在江南称之为综合设计，要求是提出问题、分析问题、解决问题，考试给你一个主题或者一段文字，你根据他们结合你的专业提出你准备如何解决存在的问题草案，针对你提出的草案进行分析，最后通过一套设计表达来解决它。江大综合设计的核心点在思路上，而非大多数院校注重的效果图表达。如果自己的手绘功底偏薄弱，可以到江南附近报针对性的辅导班，比如突围设计考研，学长不做过多推销，你可根据自己的情况去了解。更多消息和交流可以到我们的微信号还有群里面问考上的学长学姐，希望对你有用，加油吧！祝你实现自己的梦想！
想看江南大学的艺术设计研究生有什么推荐参考书？,考研的话就看： 1.李砚祖《艺术设计概论》 2.何人可《工业设计史》 3.王受之《世界现代设计史》 4.潘谷西《中国建筑史》 5.陈志华《外国建筑史》 6.罗小未《外国近现代建筑史》
江南大学设计学院工业设计最好，其他专业会不会不被重视，会不会受影响？谢谢？, 要说一点影响没有，那是不可能呢。但是其他专业受到的影响很小很小。主要原因有两个：第一，学校和学院必须平衡专业之间的资源，使各专业能够良性的共同进步；第二，研究生的教学更多的导师与研究生之间的互动教学，江南大学设计学院的导师都很有能力，所以这点不用太担心。 
江南大学设计学院的研究生毕业后就业难度大吗？, 江南大学设计学院作为全国设计类高校的佼佼者，就业相对来说很容易，特别是工业设计、交互设计和视传专业更是当下的热门专业，很受企业欢迎。随着建筑业的低迷，环艺专业的就业没有前几年那么乐观，但是相对其他院校，江大的环艺还是比较容易就业的。 
山东考生 高一本线86 想学工业设计专业 不知有哪些大学可以选择？江南大学该专业实力如何？值得报么？,选择应该就是湖南大学 同济大学 江南大学这三个了吧 其他的暂时想不到 工业设计我记得工业设计吧每年这个时候都会有一个置顶帖的 【工业设计专业介绍帖】←学弟学妹们看这里哦（2015）    对该专业的情况有很详细的解释，但是可能还是略微偏向传统方向，对于新的交互设计介绍不多。 湖南大学应该是偏向汽车车身设计的，江南大学现在偏向交互设计，同济一直以来的强项是建筑，所以也与之有关。但都不是确定的，每个学校都还是能够往传统的工业设计方向发展的。 女生学这个专业的优势，我觉得没什么优势，也没什么劣势，最多就是不怎么能熬夜罢了。但其实这个专业也没有多少熬夜的必要，所有的熬夜都是自己作的。 但是从就业角度来说，似乎女生的就业率相对会低一些，据不靠谱统计女生毕业后只有30%从事相关职业，但如果是这三个学校的话，我觉得应该也没有那么低，至少我在江大，50%以上还是与工业设计有关的，绝大部分至少擦边（比如开店之类的）。 最后说一下交互设计，算是比较新的一个发展方向，但也没有多新，网上可以搜索到的资料应该足够你了解了。国内而言我觉得虽然江南大学的交互也没有发展得多么好，但还是非常领先的。 看你自己喜欢的方向从这些大学中选择吧。 个人建议：江南大学。
江南大学中外合作怎么样？,除非是申报纺织服装、设计、食品，不然不推荐你申报江南大学。
江南大学考研和出国怎么样？,好歹一个211吧o&gt;_&lt;o出国不了解，考研看自己啦。但是就保研这一块，名额也不少，而且去国内985高校基本上无压力。
江南大学的蠡湖校区可不可以称为景观规划最好的校区？,兄弟（or妹子）： 我是07届的，咱学校的风景很好，尤其是各种桥和亭子错落有致，景色漂亮。 但是，我想对江大的规划布局进行吐槽：江大把宿舍和学习的地方隔得太远了。 我住李园，除了实验课专业课在学院上，其他课程八成在一教 两成在二教，丫从宿舍到学院、一教、图书馆、二教都得1200m开外，中间还有个坡度呵呵呵呵的曲水桥...从宿舍去学习来回光路上就大半个小时，找个空位也不容易，晚上十点还开始赶人关门...把时间都耗在路上了，总是让人觉得找个地方学习怎么都这么难啊啊啊... 所以，江大食堂学者人满为患，一到期末吃饭都没地方吃，因为食堂近啊... 做个对比：我媳妇她们学校也很大，宿舍楼就围在教学楼周围，多数宿舍到教学楼不超过200m，同学们没事了就会去自习室蹲着（每三个班共用一个专用的自习室直到大四——这一点非常好），教学楼12点才关门（因为宿舍都在旁边，很安全），她们大学四年里学的东西真的很多。 Anyway，对江大还是很怀念...
求客观评价，江南大学、大连海事大学、山东大学威海分校相比哪一个的就业、学习氛围等最好？, 现在山东大学威海校区是一个校区了吧，证都一样了，研究生都是统一招生的，属于985工程，师资也不错吧，环境真心棒，海事大学在东边应该不错，但是在山东周边没什么知名度，江南大学也是，若不是百度，都不知道江南大学这个学校还是211，以为在南京，然而在无锡……最好看地区报考，不然的话还是能上山东大学威海校区就上山东大学威海校区吧，毕竟是山大985 
对江南大学暴雨军训有什么看法？,知乎有了这问题，瀑布汗！   题目说是暴雨军训，这过了吧。 今天中午的暴雨，老师在看台上面看，应该算是凑巧。早上就说，几个方阵会操选出最好的三个可以在下午不军训，去看个宣传片。（结果有个因为雨下太大，一个没走的方阵选上了，引发一轮关于内定的吐槽。不过迫于压力，下午全部停训，也就算不上福利了。可惜是先公布内定方阵，这之后发的停训通知）   有火气的同学们自然就吐槽了，个别辅导员又火上浇油，简直成阶级矛盾了。空间，朋友圈，贴吧，微博（老师们忌惮的估计就只有微博吧，不知道学校有没有去公关）  回答问题了，有什么看法？ 西北操场的同学，很不容易。20岁的年纪，有点脾气也可以理解吧。然后还有那么奇葩的老师，没有安慰就算了，还我呵呵了个呵呵。 再加上军训真的是太过形式主义了，15天，就练个方阵，我个人是很反感的。今天10分钟以上，半小时以下的暴雨军训就像是导火索，把这炸药点了。  教官 比我们苦多了。理解他们的难处，也珍惜与他们相处的时光。  在别的地方训练，没怎么淋雨的同学及学长学姐。 谢谢你们同情理解！ 对其中一部分，请别剥夺他人说话的权利和自由！  在场老师，也不容易，年轻辅导员为主，不知有没有微博中说的领导。他们撑伞也可以理解，但为什么与此同时不让学生去拿伞呢？就算不知道一会之后就下很大了，难道不能暂停一下吗？这是我不满意的地方。老师说笑没看见也听不见，但拿手机拍我们是真见到了，也许他（她）是出于心疼我们，而不是为了发个朋友圈吧。  人武部和某些老师，呵呵了个呵呵，在怒刷存在感吧！没把学生当学生！我就是浙江的！（根据某聊天截屏，某老师对浙江为首的南方人进行了嘲讽）  军训本身 军训我理解，接受（不管主动被动）。但军训15天，都是同样的内容，只是为了30号的汇演，多么的形式主义。走方阵，军棍，防爆盾，军体拳，这是现有的基础，每个让我们训个3，5天多好。至于军训本身传递出来的官僚主义及作风，压抑人性和个人自由的集体主义纪律性，可以说是为军队所需的。尽管讨厌，但既然军训，也就只能接受了 ……………我也有分割线……………… …………附我在微博下的评论………… ………不用140字，稍有删改…………   算是我对军训和某些以过来人的评价  为什么我们军训15天只是走方阵？为什么我们军训15天只是走方阵？没有应急训练，没有基本急救方法普及，没有基本防卫训练，甚至都没有军体拳！只是为了30号那天的show time？形式主义！为什么某些人一来，我们就要冒雨排练给他们看？为什么某人能随便骂我们教官？为什么在这件事闹起来之前还通知要穿军训的衣服在下午去军训！官僚主义！  以上才是我不满的地方，今天的淋雨算是导火索吧。萨拉热窝能引发世界大战，我们淋个雨，引发我们的牢骚……不是很正常吗？   至于那些说这苦不苦的人，真是呵呵了。谁说这苦了！那老师说的住军营，拉练，我觉得可以啊，这才像军训，15天方阵是什么意思…再说苦就一定要吃吗？你说有意义就有意义？还有好多经历文革和下乡的人说他们的知青岁月激情燃烧呢，我们也要去试试？郑也夫老师评价他们：当初不敢反抗的奴隶，事过境迁之后竟自诩为英雄。  ……………今天早上我又来了………… 6月27日早，07：23     没有不训的通知，不知道他们怎么想的。拉不下脸来向学生服软吧。 早上还是不用训了，说是等通知。  ……………不能That's all了…………  姜汤呢，校医呢，还是呵呵了个呵呵，我是从来没见到过。 为了权威，学校的官微什么的估计是不会向学生说安慰的话。 这姿态还是那么的高不可攀。    大V之路，集赞之旅  http://www.  zhihu.com/question/2020  8693/answer/74549603    
江南大学环艺考研都考哪些科目，具体考什么内容呢？, 江南大学设计类专业考研考四门科目，分别是英语、政治、专业理论及快题设计，政治考试内容专硕和学硕统一一样，英语考试学硕考英语1、专硕考英语2，英语1要难点。  专业理论考试内容主要考察设计基础知识，官方会给定参考书目，包含三本建筑史及李彦祖的一本艺术设计概论，考试内容基本是在书上的，考察范围以艺术设计概论为主，景观和室内专业理论考的都一样。至于快题设计，就是考察大家的手绘表达及设计能力，A2图纸，3小时，会给定一段背景或者主题，让你根据它进行创作，一张卷子上景观室内的题都有，你可以画室内的，也可以画景观的。 
读自动化在江南大学和浙工大哪个好？各个方面（就业考研之类的）？,就能读上自动化来说：不论是保研、考研还是就业，都是江南大学好。 至于你能不能读上这个专业就不清楚了。 江大第一学年期末的时候是有转专业的，但要求成绩要好。
山东大学威海校区和江南大学我一个文科男选哪个？？？,谢邀 不了解这两所学校，请折叠
我想考江南大学语言学及应用语言学，有可以提供帮助或者经验的大神吗，留个联系方式，万分感谢？,个人觉得东南大学可能更好 其他的请善用搜索
江南大学商学院考研有参考书或考纲吗？,  招生目录-江南大学研究生招生信息网     里面有招生目录 
如何评价江南大学钱穆雕像移位？,想必钱先生是不会在乎他的雕像在哪里吧。
请问在江南大学设计学院读研是一种怎么样的感觉，可以提升自己的专业能力吗？, 江南大学设计学院在全国设计类高校排名第三，无论是硬件的教学设施，还是软件的师资队伍，江南大学设计学院在全国都能算是佼佼者。在设计学院读研：首先，可以了解和自己本科院校不一样的教学方法和学习方式；再者，与研究生导师交流和学习能够有针对性的提升自己的专业能力；最后，设计学院的研究生都是来自全国各地的学子，和他们进行交流能够进一步的提升自己的能力。通过在江南大学设计学院的学习，我相信能够很好的提升自己的专业能力和综合能力。 
有没有人觉得中国农大食品教授高调于江南大学？,我靠，你也不看看人家农大位置，周边媒体都一把，要采访个专家教授的，难不成要做高铁飞机到江南一趟，何必呢？ 教授大部分还是挺务实的，呆在自己的圈子里老老实实坐着，不过要是有公共媒体来，也要适当秀一下么。 另外人家也是985高校，学校实力也在那，这样才更有说服力。报道的时候说”中国农业大学教授证明。。。“和”江南大学教授表明。。。“，高下立现啊。
中国矿业大学和江南大学比怎么样？,一个苏南 富有  一个苏北 穷逼 一个合并院校   一个综合院校 一个三本名字   一个国字招牌  一个近在咫尺     一个远在边疆 中国矿大 吧  响当当的招牌  看着办
如何评价江南大学回访母校的寒假实践作业?补充：规定不完成该项作业不能参加毕业答辩?,我要黑我的母校了。回访母校，拜望恩师绝对是江大可笑的老传统之一了，不必放在心上，我当年拿到这个单子后所做的就是开学后原封不动的交上去。中国的中学教给学生拼命挤独木桥，这样的母校在学生心中有何认同感？而恩师，又有几个中学老师称得上呢？ 想要江大被大家认可，靠回中学宣传显然是愚蠢的，这需要每一个江大人在各行各业扎扎实实努力才能一步步把江大的口碑建立起来。我在国外某实验室读PhD，老板总是向其他教授介绍我来自江南大学，好像在他心里江南大学是中国很好的大学，哪怕其他人都没听说过，那时候我知道我没给母校丢脸。
有江南大学的在读研究生么，或者今年准备考江大的研友吗？,都快忘了这个回答，是时候更新了。已经考上了，嗯，马上要开学了。  对江大考研还算有点心得吧。手绘139，理论考了123。就是这样，喵。  有需要帮助的或者有考研方面问题要问的可以私信。  分割线怎么打，酱?-----------------------------------------------------    我正在准备江大工设考研，可私信。另外 @绘江南 这个学长是专门…额，他了解情况更多，可以和他联系。
（服装设计方向）江南大学和四川美术学院怎么选择？,川美我不清楚，但是江南真的不行，我们学院是纺织和轻化强，服艺只是个装饰专业，没啥资源，师资很差
江南大学和苏州大学相比哪一个更好一些呢？,1)知名度。苏州大学名气大过江南大学，从江苏省内分数可以看出，在江苏省一般是考不上苏州大学才来江南大学的。  2)大学排名。2015年中国校友会的大学排行榜苏州大学排名70名，江南大学没进前100。2014年武书连大学排行榜 苏州大学35名，江南大学47名。可以看出不论什么排名苏大完虐江大。  3)综合性:苏州大学博士点167个，江南大学博士点32个(数据来源:百度百科)，可见苏大名副其实的综合性大学。  4)优势专业:江南大学的生工、食品、设计很牛，但找工作方面生工食品没发现有什么太多优势，顶多就是来学校招聘时，好的食品企业多一点，关键招聘是不限专业的啊。  5)江南大学学生学术氛围不高，食堂比较棒。
江南大学酿酒工程专业学什么？出路好吗？,出路在美国
武汉理工大学和江南大学哪个好?,哎，七年前，我也在报高考志愿时候犹豫过这两个学校，先说结果：我选了江南大学，读了7年，后悔没去武汉理工，哦对了，我是工科，弱电。 七年前两个学校的排名差不多，如今虽然看起来也都有进步，但在我眼里武汉理工要好太多。当时我自己偏向于去武汉理工，迫于一些原因选择了江南大学，之所以说后悔，主要体现在就业时候的竞争力上，特别是硕士就业时候。 如果lz想学机电类工科，注意，不是理科，选择武汉理工吧，除了食品和生工专业。如果lz想体验食品生工和设计纺织服装类专业，选江大吧。金融类专业，我觉得江大稍好，不多说。 关于江南大学是综合类大学这个问题，我觉得不必考虑，武汉那么多学校，你随便逛逛都比江大综合的多。 平台和地域也是武汉略好，仅对于毕业就业而言。江南大学在长三角地区除了优势学科毫无优势，出了长三角地区就更不可比较了，武汉理工的实力认可程度比江南大学好。 学校的发展势头武汉理工看起来很猛，具体不懂。江大瓶颈很多，现在感觉已经是强弩之末，无锡据说一直在酝酿无锡大学，到时候资源不可能继续被江大独占了。 后悔是回答问题时候随便说说的，lz选定了就去吧，别想太多，形势比人强。
想考江南大学法学研究生，请问各位师哥师姐相关问题？,生源这个问题好奇怪…没有见过相关统计 不过个人觉得南方孩子比较多 考试资料淘宝或者考研班应该都有 竞争是否激烈建议百度搜索报录比
江南大学的交互和同济浙大比有差吗 ，差在哪里？,有啊，『浙大同济这种985院校』的交互比不上江南大学呗
大学选择，求解对苏州大学，暨南大学，上海大学，江南大学看法？,看你打算去哪里发展，东南沿海地区对大学的认可度顺序是苏大，上大，江大。暨大在广东认可度很高，其他地方就不行，主要取决于你打算在那里发展。
本科，江南大学和同济大学的视觉传达专业哪个比较好？,能去同济谁去江南
本人江南大学机械，应届毕业生去日本一汽车公司月薪10000左右一年20000奖金。值不值得去，？,如果不想去，请介绍我去应聘。  机械专业本科+中科院硕士，擅长CAD设计，精通SEM显微组织分析，参与过AS9100质量管理体系创建，对金属零件从开发设计到制造加工，装配失效分析都有系统的学习。希望能够满足贵公司要求。
在江南大学就读外国语是什么体验？,女生太多，男生太少。 可能就像在一些工科类读书的男生吧。
16年江南大学工业设计工程专硕 有前辈介绍下经验么？,说道经验肯定不是三言两语的，这里有两个江大工业设计工程突围学姐分享了她们的经验，请戳》》》 江南大学设计学院工设考研微访谈   
如何评价江南大学“设计未来”公众号？,大一小萌新 个人觉得还是很喜欢这样有热情的东西的。 觉得， 创办人的状态很大一部分决定了你的微信号的高度。
江南大学的工业设计如今到底怎样？,本来看到比如就业我就不想回答了…工业设计的排名靠前的也就清华美院还有湖南大学和江大等等…你既然关心就业那你就找一个学校综合排名高的…你要真心爱这个行业那就先专业排名高的…毕竟江大的名气并不高…
江南大学有二本吗？,无
为什么江南大学能被称为小清华？,江南大学被称为小清华是因为工业设计小清华。  江南大学为国内工业设计的开山鼻祖，与清华美院的前身中央工艺美术学院并称于世，只不过工美被清华合并之后因清华就更彰起名。 在2014年两大奖项组委会官方发布的最新获奖院校排名中，江南大学设计学院位列IF设计奖获奖院校全球第三名（累计排名），红点设计大奖获奖院校亚太地区第十名（年度排名）。  虽被称作小清华，但并不次于清华。 在全国高校中，北邮，华科，湖大都因为一些优势学科被称为小清华，浙大科大也被称之，但觉耻辱，学生不喜。 清华大学的确是国内最高等学府，许多高校以及某些学生皆因学校被称作南方清华或小清华自喜，然而仅凭着清华的名头而提高自己的身价实为有志于成为世界一流的大学所不取。 江南大学发源于昔日国立中央大学之一个系，到如今的中国食品轻工领域最强高校，横跨食品，生工，纺织，设计四大领域，成为一所特色鲜明的综合性大学，乃一代代江南人前仆后继艰苦奋斗之结果。 愿江南大学永远保持她独有的魅力与风格，太湖之滨蠡湖畔，永远的江南第一学府。  
普通全日制本科财政学毕业多年学生报考2018年江南大学设计学院工业设计工程硕士是否须加试素描与色彩？,只要是本科学历跨考都不需要加试！
17年江南大学工业设计手绘考哪些内容？,17年江南大学设计学院工业设计手绘考试理论上仍然是快题手绘基础——综合设计，综合设计是一门针对报考我院设计专业各研究方向的统一初试科目。该科目注重考核学生对设计专题及前沿理念的敏感性、设计方法和技能运用的灵活性和设计思维的创造性。具体考察报考者独立提出并解决设计问题的分析能力、设计构思的拓展能力以及设计实践的应用能力。 考试内容：1、提出及分析问题，根据考题说明所给出的背景，结合自身专业方向，提出和分析问题，要求不少于300-500字；明确设计提案方向。 2、要求分点陈述，可结合图表分析。设计提案草图，根据前述问题及分析，做出3套设计提案，并结合草图附简要设计提案说明。 3、设计表达选择其中一套进行深入，按自身专业方向进行相关要求的设计表现及制图。 比如2016年工业设计手绘真题为以“低头族”为主题进行相关的专业设计，根据材料主题进行产品设计或是交互设计，要求： 1：提出及分析问题，可结合图表分析说明（30分） 2：根据分析，提出三套设计草图方案（50分） 3：选取其中一个作为最终方案加以完成，包括主效果图，细节图，操作界面图，使用情景图等（70分）。
高一高二几乎零基础，如果高三真的拼了命去学习逼出自己最大的潜能，有可能考上江南大学这类211高校么？,市重点 高一高二成绩2/3左右  高三努力一年  高考发挥超常 勉强第五志愿录取的    所以别太天真了，从现在开始好好努力吧  相关:小学初中一直不学习年级前几
江南大学哈尔滨工程大学长安大学哪个厉害？,江南大学，长安大学，一听就是民办大学的塑料感，哈工程，有一种哈工大的余威，坐落在东方小巴黎，吃秋林红肠，饮纯正哈尔滨啤酒，学校与省军区，欧亚男科相伴，有全国第一大的操场，前身哈军工，红色贵族学校，远东第一军事学校，纯正苏联军工混乱邪恶血统，教学楼里可以开坦克，三海一核，吊打所有
为什么在江南大学念书的我从来没感觉无锡很厉害?,我在福州念书时，觉得福州一般般，不像省会城市； 我在厦门生活时，觉得厦门也没多厉害，不就环境整洁了点； 我在杭州工作时，觉得杭州还好，不就好车多了点。 直到我开始考虑买房
非计算机专业跨考江南大学计算机专业，复试计算机组成原理 操作系统 离散数学 数据库均没学过难度多大？, 复试四门课你也敢跨考，多少分啊，确定能进复试吗？ 
如何评价“”江南大学学生会主席配备7名“主席助理””这则新闻？,谢邀。  又不占编制，又不需要财政供养，如果学校愿意，任命一百个助理都无所谓，就像有的公司，除了总经理，下面全是业务主管，你管得着吗？
在江南大学的北美学院就读是怎样一番体验？,嗯…由于某些特殊原因   （其实就是高考没考好啦）  家里的亲戚推荐我来   （之前也推荐过别人  毕业之后在银行工作  听说混的不错）  在网上大概了解了一下  听说来这里读书的都是富二代官二代   萌生退意 后来因为不想读专科  本科分数又不够等原因还是选择了北美 总体来说挺好的啦    与江大本部都是在一起了  资源合用   美丽的校园（个人觉得校园很大！非常大！推荐买自行车或者电动车！）  曲水桥  爱晓亭  图书馆前的郁金香 … 四个食堂  （今年二食堂装修  听说还有一架三角钢琴 哇哇哇）蠡湖餐厅  皖厨   东门的星光广场  南门的一排饭店  （南门的夜宵听说已经没了  好难过） 海岸城  万象城都很近  去市中心可以乘地铁 个人觉得最好的就是北美的寝室有独！立！卫！浴！！！！！空调和阳台！  江大本科貌似都要去澡堂   然后女生的话要穿着睡衣  顶着湿漉漉的头发在校园里穿行…每当这时候我就觉得交的钱没有白交 学习方面的话   还是要看个人   资源方面很好  老师有很多是外教  有的外教比较严谨  也有的比较随和给分高    有的同学基本不来上课    寒假连暑假的那种     毕不了业又能怪谁 也有很多努力的学霸们     还有我这种比上不足比下有余的 想出国留学的话要好好学习   这里并没有想象的那么夸张    -一个大三的老学姐
江南大学考研，天然香料与香妆品方向是不是不大招非本校生？要想报这个方向是不是要考超高分？,同问
啊 即将可能进入江南大学的人？,设院一级棒！ 女孩子肯定是上床下桌！四人间！ 有独立卫生间！ 但洗澡要去澡堂_(:з」∠)_
今年高考理科男574分，江南大学、西北大学、长安大学、郑大等等等怎么选？,这个不是很懂，不过学校都还可以，不晓得哪个是985原则是首选985，其次要看好城市，再次要看学校专业发展潜力
想问一下江南大学的视觉传达专业是只能通过艺术招生进入吗？,你好  不可以。  么么哒  这个是艺考专业嗷
上海考生如何报考江南大学工业设计，这一专业似乎不对上海考生开放。那么要如何报考这一专业？,谢谢邀请，不太了解，也没法提出很好的建议，，似乎。。你也不确定是吧，逻辑上来说不应该不收上海考生，先打招生办或者实地考察一下确定一下，再做其他打算
在江南大学化工学院就读是怎样一番体验？,我现在就读于江大化工学院应用化学（前面也叫做精细化工）系，学校整体还是不错的，环境好，学习氛围也可以，但是如果楼主有更好的条件一定要向上爬。 江大前身是无锡轻工业大学，在精细化工方面有很高的行业知名度，但是合并成江南大学后整体专业特色不突出，感觉本来能在精细化工做到像食品那样的牛专业，但是后劲不足，现在感觉有点走下坡路。材料方面感觉不怎么突出。 另外，江大有四个学科ESI排名1%，化学是其中一个，化学工程与技术一级学科有博士后流动站。 整体而言，学校只是一个平台，如何在这个平台上发挥，那就是看个人的了。但是平台的好坏也有很大的影响。
怎么才能考上江南大学工业设计的研究生?,江大考研和其他院校考研一样，也是四门课程，可以看看我对于其他的问题的回答，有很多类似的回答。江大考研后交换的机会很大，可以考虑考这个学校，当然这个学校的难度也是很大的，所以也要做好充分准备。
江南大学设计学院考研复试都考什么，应该如何准备？谢谢！？, 江南大学设计学院复试科目：英语听力、专业面试（又叫综合面试）、英语面试和专业课；其中专业课又分两种类型：学术考设计评论，专硕考综合设计。英语听力都是选择题，水平为四六级水平；专业面试要求准备作品集，会问一些专业问题，考察学生的专业素养；英语面试就是常规的交际问题；设计评论都是问答题目，没有具体的参考书目；综合设计和初试的快题很像，试题形式为给定一个主题，各专业根据专业特点作答。 
江南大学视传专业学术型研究生与专业型研究生的区别是什么？, 培养目标不同，学硕是以培养科研人才为主，专硕侧重理论研究和实践应用。培养方式不同，学硕培养时间是2.5年，专硕为3年。学硕更偏向理论学习，专硕则以实际应用为导向，以职业需求为目标。考试难易程度不同，最明显的就是在英语一和英语二的区别上，在复试方面，学硕和专硕也会有所不同，总体来说，专硕考试难易程度低于学硕。学费方面，学硕一般为8000左右，专硕一般为1万左右。奖学金方面差别不大，学术深造方面，最明显的区别就是专硕不能直博。各位同学应该根据自身的情况做出适合自己的选择。 
江南大学设计学院考研2017年考试大纲和参考书目?, 江大设院考研的大纲一般10月份出，下附16年大纲，17年基本不会出现变化.    2016年设计学院学术型及专业学位硕士研究生入学初试大纲   ★ 科目名称：705设计理论 适用专业：设计学、艺术设计（专业学位） 一、考试的总体要求 设计理论是一门针对报考我院设计专业各研究方向的统一初试科目。该科目强调考察考生是否具备广阔的设计研究视野，宽厚的设计历史研究基础和综合理解及建构相关设计理论的研究能力。重点考察工业革命以来西方设计的历史和文化语境的演变规律，当代设计学科的界定，设计行为策略与方法论，以及设计价值与责任等相关理论。 二、考试的内容及比例： 试卷总分为150分。 设计概论部分约占90分，题型为简答题和阅读理解题； 设计史论部分约占60分，题型为：论述题。  三、试题类型及比例 1、简答题：4题，占试卷分值40%，60分。 2、阅读理解题：1题，占试卷分值20%，30分。 3、论述题：3选1，占试卷分值40%，60分。  四、考试形式及时间 考试形式为笔试，考试时间为3小时。  ★ 科目名称：841综合设计（快题设计） 适用专业：设计学、工业设计工程(专业学位)、艺术设计（专业学位） 一、 考试的总体要求 综合设计是一门针对报考我院设计专业各研究方向的统一初试科目。该科目注重考核学生对设计专题及前沿理念的敏感性、设计方法和技能运用的灵活性和设计思维的创造性。具体考察报考者独立提出并解决设计问题的分析能力、设计构思的拓展能力以及设计实践的应用能力。  二、 考试内容 1、提出及分析问题 根据考题说明所给出的背景，结合自身专业方向，提出和分析问题，要求不少于300-500字；明确设计提案方向。 2、要求分点陈述，可结合图表分析。 设计提案草图 根据前述问题及分析，做出3套设计提案，并结合草图附简要设计提案说明。 3、设计表达 选择其中一套进行深入，按自身专业方向进行相关要求的设计表现及制图。  三、 试题类型及比例 试卷总分为150分。 1、 提出问题并分析问题（30分） 2、 设计提案（50分） 3、 设计表达（70分）  四、 考试形式及时间 考试形式为笔试，自带相关绘图工具。 考试时间为3小时。   参考书目：  设计概论部分（所有专业必考90分简答与阅读理解）： 《艺术设计概论》，李砚祖编著，湖北美术出版社，2009 设计史论部分（分专业考60分论述题）： 《世界现代设计史》，王受之编著，中国青年出版社（工设、视传、公艺） 《工业设计史》，何人可主编，高等教育出版社，2010（工设） 《外国建筑史》，陈志华编，中国建筑工业出版社（环艺） 《外国近现代建筑史》，罗小未编，中国建筑工业出版社（环艺） 《中国建筑史》，潘谷西编，中国建筑工业出版社，2004（环艺） By突围设计考研整理 微信号：Tuweing
在江南大学吃食堂是一种怎样的体验？,美女的种类比菜多，美女的味道比菜好。
今年湖北美术生文化分 471 专业245 综合分670 报考江南大学有没有希望？,打电话问江南大学的招生老师最靠谱，电话在官网上有。他们会告诉你，你的综合分排名的情况。
考江南大学视觉传达专业有没有必要选择培训班进行辅导？, 根据自己的情况来决定要不要报班。如果对自己的能力非常有信心的同学能够自己进行复习，虽然说学习是一个自己累积的过程，但是就目前的状况来看，大部分同学都选择了报班学习，因为好的培训班能帮助你明确复习方向，减少一些迷茫，能节约不少时间。对于基础不怎么好的同学，报班学习还是非常有必要的。 
