怎么看“兰州大学流失教授可再建一所兰大”?,就考了这么点分，还整天985，科研实力，历史上怎么怎么滴。  清华的学生会无聊到来问这种问题吗？  只能说小地方的人见识就是这么狭隘，短浅。  如果我是北上学生的父母，我宁愿叫小孩上本地的三本，去什么鸟不拉屎的地方。
兰州大学究竟有多好？,这些标签加得好
为兰州大学放弃北邮国院值么？,不值，非常不值得，别说什么985，专业更是幌子。  有个词儿叫偏安一隅，学校地区太偏远，便会忘记自己有几斤几两，甚至会有一种与世隔绝的感觉，就会难免有一种“老子天下第一”的感觉，这不但是学生，可怕的是老师都可能会这样。  举个例子，现在在某985高校，号称全国计算机前三的湖南某高校。昨天看到一张图片，为了防止撕逼，就不上图了，图片上的大致内容是“建设世界一流的航院”。当场真心不是滋味，哈工大，西工大等历史航空强校没有敢这么张扬；就是北航，清华航院恐怕也没有这么吊炸天的口号吧。  今天上课，某教授，就是提出p=np的那位教授的第一句话是：你们是全国最优秀的学生，我敢保证你们在世界上的任意计算机课堂都是很优秀的。我估计要是有他浙的学生，估计会当场反驳之（滑稽）。别说其他，就是清北恐怕都没有这个底气说自己的随时可以在计算机领域混得很nice吧？  其次，该老师还提出，他们居然提前比图灵提前提出计算机构架的概念。。。。当场，差点就想问该教授的数据来源了。。  昨天去办电卡，说的是周日11：00下班，11：01分到办事处；办事大妈一副老子天下第一的态度，说了一句：已经下班很久了，你们改天再来。她的态度仿佛是，咋地，劳资就是天下第一，你爱办不办，你想咋地就咋地？可是，她咋不想想昨天长沙的温度是35°呢？  以及，昨天在学校大概走了一圈，学校的教师公寓楼，简直连烂尾楼都不如。不解的是，国家每年拿那么多钱，为什么不改善一下在校职工的工作条件呢？  该校图书馆，教学楼，各处的走廊贴的是和该校有关系的历任两院院士的头像。因为不是军人，可能不是很可以感受这种所谓的荣誉感，但是，与其挂这些东西，个人觉得恐怕挂科学巨擘更实在一些吧。  还有一个例子，该校号称建造世界一流，可是其研究生部的教学楼，绝对比清华一教和二教翻修之前还差。里面的设备什么的，真心是不堪入目，不想撕逼，不上图了就。  北京是个好地方，因为压力大，也因为有清北人等好高校，高校都比较低调也能够看清自己有几斤几两，大家也比较知道自己该干嘛，知道自己的水平在哪里。而不是，像某些被天天灌输一些正能量的，只会喝鸡汤的高校一样，觉得自己就是世界第一了。
为什么兰州大学在国际排名很有优势，但在国内知名度，请从学科方面解答下？,这事儿分两个方面说。首先兰州大学最早是因为国家政策而兴起的，后来国家的大环境变了，所以相对衰落是必然的。当初辉煌时期的口碑其实现在也还流传着，只是知道的人都已老去，也不怎么宣扬罢了。至今每年招进来的学生里，还是有学生自己没有明显取向，但家长坚持所以报考兰大的情况。而学校自身积弊也不少，错失了很多新兴学科的发展机遇，所以在社会上关注度较高的方面诸如金融、信息等专业发展本就薄弱，在国内声名自然不显。其实甘肃乃至整个西北对于发达地区的大众来说也是颇为遥远和神秘的，这跟兰大没有直接联系。前段时间流传的骆驼驾驶证虽然出自兰大校友，但那起初也是多少次误解之后的一种自嘲，换做甘肃省内的其他高校也一样。  另一方面兰大由于环境相对封闭，也较少的沾染东部学校的那种浮躁习气，学校的学风在985高校的圈子里都有口碑，所以在传统的优势学科，也就是当年国家政策倾斜的基础文理科领域虽然也有衰退，但也有学科仍然能保持当初的格局和地位。特别是对于需要做冷板凳、下笨功夫的学科，兰大地处的环境反倒可能是好事。所谓的国际排名很有优势，也只是国际上的一些排名不像国内考虑硬件和规模，而是侧重公开发表的高质量成果，所以使得兰大在一些国际上的排名相对国内的大多数排名更好看一些而已。其实国际上的那些排名，兰大也只能算是榜上有名而已，谈不上特别突出。而在国内排名很靠前的大学，在国际上的排名大多也在兰大前面。  差不多就是这样。
在兰州大学上学是什么样的生活？,  作为一个劲想往西北走的西南姑娘，看中的就是西北范儿。 兰州没有让我失望，如果你要的是浮华，对不起，兰州给不了你，兰大给不了你。如果你要的是自强不息，独树一帜，那你就来对了。也许，你也会失望，也许你也会迷茫。但是你往黄土高坡一站，就不矫情了，哪有那么多为什么，吃碗羊肉面片，来个手抓肉，吃碗二细牛肉面。爽快。 现在大学四年，要走了，万分不舍。 没有后悔当初选择了最朴实最委屈的985。 唯一需要注意的就是，这里天气十分干燥，洗衣服一晚上就干，厚衣服最多一天半。我的珊瑚绒毯子，一晚上就干了。可想而知。 如果要来了，记得补水，记得买加湿器。 别的，带着一颗纯净的心吧。兰大会给你不一样的体验。
如何看待在高考填报志愿之际，网易新闻发布关于兰州大学地缘因素的新闻？, 我看了下同学们的讨论，结合自己的观点做一个总结吧。  1. 立志学术，一心从事基础学科（数理化，核科学等）的同学 兰大是一个很好的选择。首先，专业的名气很大。我在国外朋友听说我兰大退学的都表示不理解，说兰大数学物理很强。其次，985 211的牌子在你研究生复试或者出国留学申请时很管用。就我来说，当时能申请到本科的学校，兰大的牌子应该来说还是占了很大的一部分因素。兰大扎扎实实学四年，争取发paper，凭借兰大的专业名气和985 211牌子直接申到美国实验室读硕士，博士，甚至拿奖学金都是很有希望的。这里必须要指出，兰大在国外大学眼里分量还是很大的。  2. 虽然很多同学评论表示了不同意见，但我还是坚持我的看法，地域因素对兰大影响太大了。大到影响了它的社会学科或实践性比较强的学科。拿萃英班（整个兰大一届中选拔出来的最优秀的几十人）或者每年学校的十佳优秀毕业生来反驳这个观点是没有意义的，经过了几年学术训练的同学应该都能看出来，这样的例子并不具备普遍性。  3.有些同学希望我给他们一些建议，我担不起这样的责任，但就从我同学朋友的例子我可以给大概几个专业的建议。我个人认为：会计金融 首都经贸大学 比兰大好  法律专业 西南政法 比兰大好 新闻学 暨南大学 比兰大好，历史考古 吉林大学 比兰大好。这都是可能分数差不太多的学校。至于有同学说两电一邮，当时在我们省分数都比兰大高很多，别的省我不知道，所以我就不拿出来说了。最后就是上海大学，我必须说兰大肯定还是比上海大学好的，上海大学我很多上海的朋友都看不起（上海大学的朋友请来喷我吧）。之所以有这个争论更多的是地域和名气实力哪个更重要。从这一点我们可以看到地域因素在我们应届生填志愿时有多大的影响力，直接拉平了兰大硬实力的巨大优势。  4.最后，很多兰大的同学们，我敬佩你的情怀，扎根西北，说实话我做不到。从根本上来说我逃了，而你们坚守，就这一点你们比我高尚，你们喷我，我不喷你们。但是兰大的问题你们这样遮遮掩掩，连说都不让说，完全是损人不利己的行为。我可以很肯定的说，要是中国有美国的条件，在同学们填志愿之前父母开车去那个大学转转，兰大的抛档线至少再降5-10分。兰大现在有这个分数线都已经是占了信息不对称的便宜了。我写这么多，并不是想喷兰大，也不是泻私愤，实际上我都不是写给兰大的学生看的。我是希望以后的高考生在填兰大志愿时能对它有更确切的了解，不要和我们当时一样看着985 211听父母亲戚一撺掇就填了。大学是要读书，但是我不认为条件艰苦和读书有什么相关性，我们的大学不要再抱以以前培养工农兵大学生的老一套观念了，以后的985 211大学生应该是中产阶级的主力，那么有消费需求，追求个人享受又有什么错呢？   我能说的都在这了，除非有事实错误，就不再改了。  加粗字体是更改的原回答的事实错误     这里是分割线       我当年在兰大读了x年果断出国（具体多少年不说了，怕有同学猜到）。  在我看来去兰大除了学数学，物理，化学，核科学等极少数基础学科外，其他都不是太好的选择。  很多高考应届生可能不知道，兰大本科不在兰州而在榆中县夏官营镇，是个真真正正鸟不拉屎的地方。在这个地方待三年确实是非常无聊的。  这个无聊首先体现在吃喝玩乐，兰大榆中校区有个叫后市的地方（听说后来关了）（ 后市没有关 ）有理发，洗衣店，澡堂，几家奶茶店，几家家桌游店还有不到40家饭店，这就是兰大本科生基本所有的娱乐活动了。从兰大榆中校区到兰州市，基本是两个方法，校车或者门口打黑的，校车几块我不记得了，打的基本是100元，各耗时一个小时。所以哪怕你不在乎钱，你的精力也不支持你经常到兰州玩。  其次是实习兼职，我一直认为大学生大一大二应该开始兼职接触社会，大三大四要开始找实习积累经验，特别是工科和社会学科的学生实习更为重要。而这在兰大是很难的，首先本来兰州机会就少，其次你的位置还那么不方便。我很多在北上广读书的同学，从大一开始就有很多实践活动，毕业出来让我帮他们翻译英文简历，看起来都特别漂亮。而如果你在一个较偏僻封闭的大学，我相信你的简历会充斥着社团活动经验而缺少与工作相关的经验。我知道很多北上广的同学简历也不好看，但这是他们自己的问题，而不是外部环境的问题。  我能理解很多兰大的同学这种维护母校的情结。但是兰大本科校区地域问题是客观存在的，我觉得把它让更多人知道是好事，穷则思变，生源质量下降必然导致之后四六级通过率下降，毕业生质量下降。这样学校和政府才会真正的考虑到地域因素对于兰大这个老牌名校伤害有多大。你们就真的忍心让你们的学弟学妹背着行李来到榆中结果哭都哭不出来么？你们忍心每年让那么几十个同学毅然决然的回家乡复读么？  如果我的弟弟妹妹高考分数不上不下，我会强烈建议他们去东部211而不是兰州大学。至于很多同学洗地的理由我也要拿出来讲一下。兰大有淳朴的学风我承认，但是这种淳朴的学风是被偏僻的地理因素给逼出来的。两者相比我个人认为后者伤害更大。其次，不要把考研考得好当作一个理由，一心考研为什么不去曲阜师范大学（ 我之前写的曲阜师范学院，对不起。这里只是打个考研基地的比方不针对谁 ）？一个理工科／综合性大学天天拿考研说事我个人觉得宣传有点跑偏。还有就是什么美国时代杂志评选中国top8大学，兰大名列其中，那都是90年代的事了，咱们别再说了好么。还有什么祖国的最中心，难道这是优势么？初中地理没学好吧，我国地形地势怎么分布的？黑河腾冲线忘了？（ 黑河腾冲线是人口分界线，一定成都上可以延伸理解到经济分界线，这里和地形地势没关系，行文歧义 ）  最后不要说美国大学也在乡下，人家有车你有么？ 
兰州大学招聘会会有什么公司来？会有沿海大公司来吗,兰州拉面可是在沿海地区非常有势力的大企业，曾经的两大寡头之一。
2014届毕业生 兰州大学的，如何在西安找到预防医学专业的职位？知友们，帮帮忙呗~?, 可以去西安的职业卫生评价公司，医院的预防保健科，院感科，疾控中心，卫生监督所。 
兰州大学还是巴黎七大？,你这个中国留学生项目多半是中介搞的吧，为了一个中介项目放弃在国内上大学的机会，这样真的好吗？  跨文化及应用外语专业，看名字应该是LLCE吧 (Langues， Littératures， Civilisations Etrangères)
兰州交通大学毕业在全国各大铁路局和工程局工作地点固定吗？,不好意思，还没有签工作。
兰州大学医学部条件如何？2017？,师弟或是师妹，您好！我是历史院的一名准大四生，这个月刚刚搬到医学校区，所以我对医学校区，除了住宿条件，其他方面的了解也不是很多。我们住的是5号楼6层，住的是6人间，所以宿舍不算宽敞，走廊也是。现在是夏天，宿舍从早上到晚上都挺热的，凌晨好一点。5号楼每层一间厕所，一间水房，每两层一个投币洗衣机，这个月宿舍楼就要装热水器了，好开心。毕竟是住在市区，可以开始体验城市文明了，这挺好的。关于学习氛围的话，兰大学生都是勤奋、求实、进取，自强不息，独树一帜的人，条件再有限，大家也会早早起来，准时去图书馆上自习。关于师资条件的话，像我们，是只分专业，不分校区。而且兰大药学院的师资力量应该是很强的。关于转专业手续的话，开学之后，就会发学生手册，上面有详细说明。一般都是从较冷门的专业转到较热门的专业比较难，反过来比较容易。开学可以申请一次，大一结束又可以申请一次，还有跨学院转专业和同学院转专业之分。希望我以上所介绍的能对你有所帮助。祝你能做好准备，完美开启美妙的大学之旅。
临床医学苏州大学好还是兰州大学好?急？,苏大，兰大医学特别水，而且要明白一点，学医看地域，兰州的地理位置标定了先天不足，在甘肃本地很强，出了甘肃其他省份都不怎么认同
在兰州大学化学化工学院就读是一种怎样的体验？,别的院都在仰望，只有自己知道多苦逼。 气氛上，大家似乎都觉得只有考研才是正途，本科毕业时保上或者考上好学院or研究所的最被人羡慕，我这种只想着赶紧毕业脱离苦海的完全是另类，因为离校前都没有签工作，收到了很多怜悯的眼神。 我们宿舍五个人三个人都是学霸保研我跟另一人就业，七年后一流大学直博的进入一三流高校，本校读研的俩一个进了甘肃的大型国企一个去了某国家军火研究所，三人都是月入几千的水平。 就业的那个妹子在成都成了中层管理年收二十多万，我一直飘在一线城市打工搬砖如今比她工资高一点不怎么需要加班。
兰州大学的计算机专业水平怎么样？,兰大计算机人，引用我本科老师的原话：“不入流”
如何看待美团外卖打砸兰州一大学生外卖公司？,接下来还原一下整个事件，简单来说，这是一个“谈独家”引起的事件。（谈独家是什么最后有说）  被打是大学生创业团队，做了个小的不能再小的外卖平台叫“优外卖”，连APP和官网都没有。只能在微信订，而且只能在创始人的母校服务——兰州财经大学（就那个疑似发霉的黑点馒头大学）。   先看一下兰州财经大学和平校区的地图，可以知道，和平校区是一个远离市中心的校区，生意极度依赖当地校内大学生。    因为在自己学校创业，加上又跑腿又满减，大学生的小外卖生意稍微有点起色。 优外卖订单，美团外卖比较一下，可以看到优外卖的在学校里的销量，比美团高一点点。  外卖生意做不过，于是当地美团员工先对商户谈了独家，谈独家还算是正常的商业手法。美团因为有团购业务，在非核心城市话语权还是很大的。顺利的把商户从对方平台劝下来了。  自己商户走了，大学生不太开心，发了个说说。  “有本事不要用这种手段竞争，服务好顾客”   于是美团员工···就恼了。 “哪里来的鼠辈又不是饿了么，还敢骂我，看我不收拾你！”（拟台词） 于是冲上门，围住小公司的CEO，开始砸东西，咣咣咣全砸了。   砸了之后，砸店人员还要求大学生挽回美团名誉损失。  然后他们又逼我发布说说，让我向美团致歉，让我在自己的公众平台给他们推广。 他们还要求将我们学校广告牌全部贴上向他们道歉的广告，并保持1个月不能下。 ……简直黑社会啊，砸了你还要找你要和解费，割地发公报。   但这不是一个孤立的事件。  美团公司最近沉浸在很紧张的气氛里，压力很大，两个月裁了很多人（各地摄影和品控等等），被裁的员工还扬言要在双11拉横幅要赔偿。  业务面又剥离了酒店业务和非餐业务，把宝全都压在变现上。要求前线人员加班加点卖POS机，加班加点充值推广通。  对于员工来说，提成砍了，反而业务在收紧。抓拜访抓成交抓独家，业绩完不成BD晚上要总结汇报检讨，周六还要加班。   虽然体量够大，但是美团自身核心竞争力还没有起来。现在经营压力大，上市遥遥无期，压力全都推给一线人员，很多美团员工怨声载道一触就炸。用“美团+打人”搜一下，可以看到近期大量不理智的同类事件。   诺大一个企业要出手打一个大学生的小平台，可见其焦虑程度。  但是这件事用的着这样吗？  地推的招数实在太多了啊···从谈独家这种矛盾值两星的，一下子就跳到打架砸东西这种矛盾值最高还违法的行为。  这么不理智，搞的现在这样子怎么收场？   四十多岁的美团员工，不要像个黑社会一样就知道打架砸东西，一点技术含量都没有。最后给大家普及几个常见的BD竞争手段，并不用黔驴技穷去打人砸东西。   1.跟活动：  矛盾值：★ 竞争对手做多少活动，己方也做多少活动。维持自己市场份额，竞争对手没有长进。   2.谈独家：  矛盾值：★★ 简单来说就是让商家选边，把竞对平台的商户下了，让商户专心在自己平台经营。   3.贴海报：  矛盾值：★★★ 校园地推最原始最直接的方式，在校园布告栏里贴海报。通常伴随着撕掉对方海报的行为，直接破坏其劳动成果。   4.转单：  矛盾值：★★★ 让商户接收竞对平台的订单是不派送，再把顾客信息转化为订单在己方平台下单，用自己平台派送。可以对方不知不觉的情况下，有效增加自己的单量。而且还可以夹带自己的宣传单，转化用户。   5.拒单：  矛盾值：★★★★ 让商户把竞争对手平台所有单都不送，顾客找商户过就说忙不过来不送。饿着顾客，以败坏对方平台声誉。   6.打架砸东西：  矛盾值：★★★★★★★★ 和竞争对手产生肢体上的冲突，不但违法也没什么意义。只有脑残才会以此打击对手的手段。     美团外卖和平站工作人员砸了外卖公司--新华网甘肃频道   
对于一所普通二本学校，省内重点学校，大家听过兰州交通大学么？？在兰州交通大学上学是怎样的一种体验？？,从上海来到兰州的某研究生一枚。  交大给我的第一印象是，从上到下都很死板，教条。 但是不得不说交大作为一个二本学校，在学术方面的指标可是定的非常严格，对于格式有着近乎苛刻的追求。虽然怨声载道- -但是学术方面确实取得了不少成果，可能很多1区普通学校都比不上。 附照片几张。    夏天  火车头   野花
兰州大学为何留不住人才，更深层次的原因是什么?物理院秦勇去西电了，兰大所谓的领导层都感受不到吗?,         秦勇出走不能全怪兰大管理层，他在美国佐治亚理工的导师是王中林院士，他的主要开创性工作（如纳米发电机等，包括那篇一作Nature）都是在王的手下做出来的。          王中林院士是西电毕业生，也是西电的双聘院士，2013年西电成立先进材料与纳米科技学院时原计划聘请王出任院长，基本都谈妥了，不料却被中国科学院北京纳米能源与系统研究所半道抢走，最终在西电材料院只挂了个学术委员会主任的虚衔，等于王欠下西电一个人情。于是后来王中林院士就把自己的得意弟子之一秦勇推荐过来，也算是略作补偿吧。 
兰州大学和沿海的普通一本或211有什么优劣？,楼上正解。 要出国考研搞研究做学问，那就去兰大～ 要是要在非西北地区就业，那就去沿海咯
兰州大学医学校区住宿条件怎样？,这是一个需要勇气回答的问题
黑龙江的今年高考 556能报兰州大学吗？,看看往年的录取位次
请问兰州大学人文萃英班是文史哲都学还是有侧重，大二后到底有没有分流。？,萃英学院从2013级开始，是在大一行将结束的六月份选拔的。文学、历史、哲学三个专业轮流招，13文学、14历史、15哲学，循环往复。因为进入萃英是既定的专业，课程上肯定侧重本专业，但是会安排其他专业的部分基础课程，跨年级选课也是阔以的。
兰州大学有什么值得蹭的课？,教务系统左侧偏下有课表导出～全校所有班级老师课都可以看。
我今年是大一的学生，现在在兰州上大学，我今年19，在我15岁时和男朋友第一次发生关系。?,绕着圈子做广告……软文也是走上不归路了。
兰州大学外国语学院英语系学生就业形势如何？,谢谢邀请。 英语专业可以说是个万金油专业，就业当然没有问题。问题是你想要很好的待遇就要在文凭上下功夫了。能够读书的话，不要急着去工作，文凭越高越好。
关于兰州大学图书馆进阅览室不能带书包你有什么看法？,同意。。尤其是厕所 我重庆的同学说他们宿舍离图书馆太远，于是学校投资在他们附近建了一个，环境更是没的说，什么服务都有。反观我们。。。
我是2017江西理科考生566，排名9134能进兰州大学吗？进的了数学系吗？,请参考往年兰大在江西的录取分数及排名。都是要学数学的人了，要学会自己分析。
江西财经大学和兰州大学金融专硕哪个好？,如果想在陕甘发展，按照兰州大学和江西财经这样的难度层次，建议考西交的金融，个人建议哈^_^
请问兰州大学的法学怎么样？,我是06法硕的，对兰大有些了解，受兰大校风的影响，挺不错的，不过法学不是兰大的强项
不考虑专业了，都是压线进，苏州大学 兰州大学 东北大学 西北农林去哪个？,选择苏州大学，不考虑专业的情况下，高校所在地成为了重要因素，高校所在地城市的经济发展水平，可获得资源（如实习就业机会）等，这些是经济发展水平差的城市所不能提供的。另外，比较这四所高校，提档线差不多，论学科实力，东北大学的工科和兰州大学文理学科不错，东北大学在沈阳，现在东北经济正处于衰退期，兰州大学地处西北，各方面环境差些，西北农林科技大学地处陕西杨凌，属于县级市，农学大类专业就业比较差，该校属于照顾性985高校。苏州大学地处苏州，经济发达，实习和就业机会多，可获得资源多，这些都是另外三所985高校没有的。
读医在郑州大学好还是兰州大学好？, 郑大，，，，我是河南的，我在郑州上学，这两年郑州变化是不小，总理那次去郑州接着地铁啥的都在搞，就是房价可高，，郑大一附院二附院都可不错，我去过郑大二附院看荨麻疹，，兰州还是没郑州发达，医疗条件什么的还是没有郑州好，，我个人的看法，决定还是自己来做比较好 
为什么兰州大学的老师普遍喜欢穿冲锋衣？,在兰州一天一四季，老师千里迢迢从本部奔榆中上课，穿多了中午热，穿少了早上冷，综上还是冲锋衣最实用，保暖舒适。兰大的老师，我觉得是全国985里最憋屈的老师了。
兰州交通大学铁道学院2017年的分数是哪样？,不高啊，毕竟在大西北。
（安徽）文科生选东北大学还是兰州大学？, 首答献给兰大，嘻嘻  和题主一样是17届文科生，所以现在答是希望给学弟学妹们一点参考。  我今年的分数其实蛮尴尬的，想上985的话大概只有兰大，东大，中国海洋，西农，山威这几所可以上。这里就比较下东大和兰大。  我刚开始是想选择东大，毕竟就 地域 来说，东北是比西北好的，沈阳也优于榆中（兰大除医学专业大四前都待榆中县夏官营镇）所以如果选择兰大，那么前三年将呆在一个小县城里。。。不过周围基本娱乐设施还是有保障的，电影院什么的也都有，说得好听些是个好读书的地方，说难听点就是有点隔绝了。   气候 上兰大紫外线强，夏凉，宿舍里不需要空调，冬季有暖气，整体上偏干。东大不是很了解。   接下来是最重要的    专业！！！    专业！！！    专业！！！    东大 根本上说是继承东北工学院，所以东大是一个 工科大学 ，所以文科是比较水的，也是通过大类招生，所以当我了解到这点的时候，我心中已经是把东大给out了。   兰大  是一个 综合性大学， 优势学科是基础科学，比如数学，化学都非常强势，以及全国第一的草科（笑），文科方面经管，新闻，历史都不错。  兰大前几年办了一个萃英学院，其中有开设人文萃英，文史哲三个专业轮流招生，大二的时候考试录取，我今年是历史专业，，，，，虽然学长们说人文萃英是陪理科翠英玩的。。。。。不过如果学弟学妹们在东大和兰大中选，文科我个人偏向选兰大。。     总而言之，两所大学在层次上属于同一水平。。。（即末流985。。。。别打我）但东大理工强文科水，，，，，兰大基础学科强文科不拖后退（历史专业其实蛮强的，，，新闻经济管理就业不错），，，，，，城市的话当然东大完胜。。。。。。。。所以我个人推荐兰大。     利益相关：兰大17级历史专业萌新。。。  此答长期更。     
如果你在兰州交通大学，这几天你什么心情……马上期末考试，小学期乱安排，没法好好回家？,学孙…小学期是我校优良传统你不知道么？不过学爷上学那会开学放假日子都是确定的啊…开学我都会早到学校…放假只要能考试全部结束就走了
想报兰州大学？,有学长统计，兰大转专业好像一共有5次机会，相比于其他学校好很多
兰州大学医学院毕业发兰州大学的毕业证书吗？,当然一样的。。。。医学院是兰大的一部分，也是兰大这所学校的一部分。 ps-医学院是一级学院，是个统称 下属二级学院有:基础医学院，第一临床医学院，第二临床医学院，口腔医学院，公共卫生学院，护理学院，药学院。
如何看待兰州交通大学三名学生上书校领导事件？,人家文科生殊不知交大绝大部分的理工科学生们的课程是有多么的难
兰州大学现当代文学专业好吗？, 现当代文学作为兰大文学院的招牌肯定是首推啊！ 
在兰州大学学习文科专业是一种什么体验？,占个位等开学再来回答。
兰州大学是最弱的985吗？,兰大传承精神之一——低调！
大学对人生有多重要？想学物理走科研，高考考砸去兰州大学的，和实力差不多的去清北复交的同学比，有机会吗？,清北考砸也不至于去兰大的 但是做研究学历大概要博士 兰大当起点不算特别低
关于兰州交通大学的记忆？,喜欢的人是兰交大12级土木工程的 在交往的过程中听他说他的母校 学术氛围还算好的 他总是跟他的老师去工地弄工程 班上只有一个女生 还跟他们班的一个男生凑成了班对 就业率达到90%以上 很多都去铁路了 西北铁路很多同仁都是校友 而他在南方铁路只能自求多福 对了 他还说不习惯湖南的湿冷空气已经习惯了兰州的干燥 看了他的毕业照 讲真 没有长得帅的 哈哈 虽然他也矮胖矮胖的 他很想念那里的兰州拉面想念那里的大街小巷 可能也想念曾经跟他在一起的学姐 那有他大学四年的青春 曾经说要带我去兰州的大街小巷走一遭 吃吃那儿的美食 可惜 没缘了 跟他在一起短短两个月 其实算得上是第一个男人 挺喜欢他的 所以在回忆他的时候顺便回忆他的学校 在一起的时候没有好好对他说过 D先生其实我很喜欢你。 不知道他玩不玩知乎 会不会看到 不过 无所谓了
南方认可兰州大学文凭么，总觉得南方没多少人知道兰州大学？,嗯有共鸣，我来谈谈个人体验。2015年今年高考，录取第一学校志愿第一专业志愿兰大法学。江西人，与题主同是南方人。不知道题主大几？下面情景真实再现: 楼下阿姨:哎！小C，录在哪里啦？ 我:兰州大学。 阿姨迟疑半天:哎，是二本吧？ 我心里“卧槽“一句，明明985好吗？却要笑着说:其实是一本。         ——类似的事情还有很多，基本上每一个人，我旁边的亲戚朋友都会有这样的想法。很奇怪，我为什么会跑到那里去。但那又何妨？那是我自己的人生选择，如果当初选择这个大学是你出于自己的意愿，那么你就没有什么好后悔的。风物长宜放眼量。作为一个南方人在大西北欠经济发达地区有着4年的体验。会是人生中非常宝贵的精神财富。记得兰州大学的校训吗？“自强不息，独树一帜”处西北一隅，作天下文章。       ——也许我以上的这些文字太过理想化，跟你目前或因为考研或因为工作或因为实习，所产生的后悔迷茫的情绪，处境不在一根线上。但是，你如果仔细想一下，即便让你再回到当年高考填报志愿的那段时间。你上了知乎，看了关于，志愿填报的各种，权衡利弊斟酌损益的建议纷杂缭乱。你会发现这些评论当中，除了清华北大，人大，复旦，上交等top10学校可能完美的玲珑剔透，其他的学校几乎都是有利有弊甚至毁誉参半。然后你选择了一所南方的211。你在里面，又碰到了不如意的情境。这又让你联想起那些评论中，关于这所学校各种槽点。各种缺陷。然后你又开始后悔当初，报志愿的时候怎么balabalabala.......其实当时，两个月前我报志愿的时候只是稍稍浏览一下知乎的志愿填报的信息，因为我就发现了这些信息里面，真是鱼龙混杂，不一而足，说什么的都有。再继续浏览下去，搞个前怕狼后怕虎，真是整个人都不好了。我只是想说，我看到一句印象很深的话:   ——兰大纵然有各种缺陷各种槽点，但是，他拥有的资源，足够让任何一个，足够上进努力的人成功成才。——        ——我在题主的陈述中感觉到的是不自信，对自己学校的不自信，对自身的不自信。我也曾经，对兰大有过这种短暂的不自信。但想起蛤长者的一句话:人呐就是不知道，自己不可以预料。人的一生是很漫长的，每个人的人生也是缤纷多彩，每个人的道路，也是多姿多态。最终决定一个人能走得多远，走的多稳，还是自己的能力和本事，与之相比，文凭倒显得次要。况且虽然兰大这些年滑坡厉害，但是还是很安全的，兰大的学历说出来虽然不是像十大名牌院校那样，掷地有声。但在内行人心中还是有分量的。 我本人选择兰州大学，但我心里清楚的知道，我不可能会留在兰州，我考研，工作总是要去，东部，沿海，大城市。人又不是站在马路旁的行道树。脚下生出根子了，一辈子走不动路一辈子迈不出一步。在市场经济的时代，人才和知识，也是生产要素。只要自己有本事，自然可以向想要去的地方流动。          ——白首壮心终不悔，青山浩气走千山。 ————芳馥为兰，家国为州，有容乃大，勤奋成学———— 说实话，虽然我还没有迈入兰大校门。但是，我觉得，兰大能不能，重现当年的辉煌，声震寰宇其实真正要靠的，还是我们这些校友。待他日，我们这些校友能够在各自的领域成为顶级精英，那个时候，兰大的知名度，想只局限在西部地区都很难了。 以上，共勉。
兰州大学校史博物馆的黄河象和甘肃博物馆的哪个是真的？,都不是真的，兰大博物馆的比甘博的还要大一倍，黄河古象化石真品保存在北京自然博物馆内。
会计专硕：是考非211本校（沈阳），还是考兰州大学？,谢邀，以前关于考研回答过太多问题了，答案评论也有很多，若题主有空，可以去我的一些过往答案和评论里翻翻对你有价值的东西，希望能帮到你。尤其同为辽宁人，答案中也回答过一些关于辽宁乃至东北的院校取舍尤其是针对会计专业的。因此觉得这个邀请还是接一下比较好。  关于考研我一直奉行一条铁律：未来想去哪里就业，就考哪里的学校。  当然这条【铁律】一般伴随一个隐含的前提就是，档次相差不是特别的大。在我的理解里，如果是一流的985，跟普通的二本，这才算特别大。  不过我并不认为兰大是一所一流的985院校。虽然并不否认它的一些专业还是不错的，但就经管类专业来说，加之它所处的地域，它只能算一所985中的三流院校。  更何况，学校的认可度也是未来就业的重要指标。兰大的大部分专业在东北这边的认可度都并不很高。假如你在沈阳读书，读的是非211但刚好是不错的本科学校，那未必就比兰大差。  尤其是你也说了，你未来想去一些发达的地方。其实经管类专业对外界环境的要求是专业中比较高的。我以前回复的一个答案里和一个朋友说过这么一句话——如果你是搞金融的，哪怕你读的是西北第一名校西安交大，也未必比得上去上海读一个非211上海立信。因为资源平台根本不是一个档次的，学校的水平往往会被客观环境，如经济发展水平，地域优势，地区综合专业发展机遇这些东西，给强化或者弱化。因此学校的品牌并不是决定就业的一切因素。  我不直到你在沈阳读哪所学校？在我的理解中，沈阳的非211本科中，会计专业出色的并不多。相对来说沈阳的非211还是理工居多，工大，理工，航天。沈大姑且算一个综合，然而它的学术水平和口碑也有限。我冒昧猜测你是工大、理工或者沈大之一。  但如果你想留在沈阳，我建议你努努力试试辽大。辽大的经济类是国重，会计专业底子也不错，知名度也挺高，在省内也很出名，出省的话好歹也是211的光环。因此这个目标你可以试试——或者考辽大的审计专业。东财比辽大好，至少在会计专业这个没有任何争议，不过东财最近几年越来越难考了。复试也比较难通过。辽宁的其他院校，会计专业都很一般。包括985的东大，而且东大也不好考。  如果不想在东北发展，那么回到之前所说的，未来想去哪里，就考哪里的学校。这个就重新权衡与选择。很多问题都是之前回答过的，如果题主愿意翻，肯定能翻到对你择校有价值的东西。  说个题外话，不怎么建议你在东北继续发展。如果一定要，除了沈阳和大连之外，也没其他选择。经济基础在这摆着，对你的所学专业是个局限。
兰州大学考研文科哪个专业最好考？,还行吧，世界史很烂，民族学在历史院口碑很差，最好不要报，如果报可以报周传斌的，那个老师还可以。中国史、敦煌学、史学史都可以考虑。考研应该不难。不过我建议如果能力够还是考更好的学校去吧，兰大历史专业里好一些的学生也都不会留下来的。
兰州财经大学到底怎么样，就是原来的兰州商学院？,我是兰州商学院2010届的毕业生，如果是想了解兰州财经大学办学层次、办学条件以及综合实力情况，网上有很多这方面的介绍，而我想同大家分享的是抛开择校偏见，兰州商学院“素颜”究竟如何。  兰州商学院（现已改名为兰州财经大学）是一所普通的二本财经类院校，在全国财经类院校中是属于地方影响力级别，第三层次。在全国综合性大学排名情况也不好，一般是位于400—500这个区间。省属财经院校当中，兰州商学院相当的不起眼，甚至名气还不如一些三本院校和专科学校。往往大学的影响力和地理区位是有密切关系的，而兰州商学院所在的兰州市（校区在城关区的段家滩以及榆中县的和平镇），也像大多数西北地区城市一样朴实无华。事实上，学校与地区的关系就如同一个人与家乡的关系，兰州的风土自然而成，孕育了甘肃省会兰州（金城）的城市风情，办学风气，教学理念。正因如此，兰州商学院就更像是一碗牛肉面、一个西北人、一本读者杂志那般淳朴、善良、老实。  我在兰州上学四年，那个时候在学校每一天都盼望着赶快毕业离开兰州，不喜欢兰州的食物，也不喜欢兰州周边光秃秃的黄土与荒坡，现在我离开了学校，但我大学的记忆与生活全然扎在西北的一个不知名小镇最深处——和平镇。商学院所在的和平校区是非常有地域特色的城乡结合部地段，这里还有一所挂名商学院的三本学院和另外两所三本学校，合起来就是和平大学城了。说大了是一个大学城，说小了就是一个远离市郊（注意是远离市郊也就是连东岗、皮革城那个位置都沾不上）的小乡村发展起来的榆中新村。和一些地段位置好的大学比，不算什么学术氛围浓厚、交通发达、周边设施健全的地方，甚至还有一点乡土的俗气。在这个地方滋生出了各式各样的和平式或者商学院式的街边摊，新的水泥路周围老旧破房、犄角旮旯的小巷，的确是一个让人无心提升学习生活品质、丰富精神与物质的归隐处。  说到归隐，我认为这是我对商学院所有印象中最有格调的一点。学校就应该是学习的地方，不该为了虚荣心和物质生活荒废了大学四年的学业，就连整个兰州也算得上是可以令人安心归隐的天堂。兰州不像在南方城市那么眼花缭乱，四季的气候与我而言除了有些干燥，大多时候是很舒心的。冬天的暖气、夏天室内的凉爽、衣服可以晾的很干，干炒小食放很久都是干脆如初。让我这样的吃货不用为了吃食发愁，是的，学校食堂的吃食和菜品还记忆犹新啊。南方人挑剔的吃法在北方许多地方都是讨不到好的，你只能去适应，适应兰州的水土和商学院的食物，假如你对这一点看的很重的话，那商学院绝不是你的菜。  但我认为，兰州商学院并不差。不是说生活，而是学校本身，至少我是这么认为的。选择一所未来四年将要生活和学习的地方，首先是看缘分。我看中的就是兰州商学院同类财经院校中比较低的知名度，没错，因为它没有光鲜亮丽的外在与华丽的光环、没有一线大城市的加持、没有那么多的本科学院、没有那么多的知名教授和社科院士····它什么都没有，但不妨碍它成为一所应当被国家重视、被全国同类财经学校尊重、被万千学子抛开偏见理性择校的高等学府。在西北地区，办学条件困难有目共睹，靠着国家和地方政府的扶持，西北的三所财经类大学（新疆财经大、西安财经大、兰州商学院）和他们的老师理应为大学教育界表率。兰州商学院每年为甘肃的银行系统和金融系统输出大批次的基层人员，其重要程度堪为区域经济之血液，而兰大的学生并不在此列。就全国财经院校会计、金融、统计、经济和工商管理等经管专业纵向比较，兰州商学院又稍逊几筹，几乎没有任何资格和上财、西财、央财等院校相提并论，连其他省属财经院校也比不上。为什么？？？  兰州商学院知名度较低，办学水平不高、学生层次不高、教研实力不强，这其中尤其是知名度为大多数人吐槽成学校短板。在我看来，这也恰巧是它令人着迷的地方了。兰州商学院并不需要知名度，没有名气就是它的第一特色招牌，就好像我们的毕业生从来就没有失去过它尊贵的牌子。举个例子，我的一个高中同校当年以年级第一的成绩考入西南财经大学金融专业，他的牌子，或许可以助他成为某企业高管、资本精英；他是成功的，可能是因为牌子很牛X。而我们或者说我吧，并不羡慕他，虽说同是经济出身，然而既没有失去又或者得到什么。那一年，只不过是因为一个偶然的机会了解到这所大学，后来做出的理性选择。归根结底，是国家教育制度和人才筛选标准让我们产生了巨大的差别，实质上我与他从根本上并没有·······太多接触的机会，所以并不了解他（尊重他人，自行脑补）。我唯一了解的是，他的考试技术非常厉害。习题计划、纠错计划、临考计划各项级别都是Ace，同一所学校的我为什么就在这项技术培训上精进不了呢？我自己也非常好奇，高二上英语课的时候我在天马行空的写着自己的商业计划，被老师点名批评开小差，以后只能上专科；高三语文课，我的作文被老师当成反面教材，现场给同学们朗读。估计老师如果是知道我现在也是一位文化工作者，会非常欣慰的。我知道自己从来就不喜欢按部就班，即使技术精进不了，也没有关系，反正国际4A Enterprise太燥、证券行业太虚、IT无缘，大热门都不适合我，只有我自己才能找到的舒适点如同我的左右手一样。  与武汉大学才俊交流的过程是极具启发性的，我又一次被震撼到了，其中一个话题就是门槛问题，原来 在通向博士的道路上有那么多的凡人和麻瓜永远都触及不到的机会和资源，原来 专修技术哪家强，其实一直都是我高中从来就不Care的应试培训技术，有点像曾今与我同业的海归在看我时候的眼神，原来 你们就是那群还没脱毛的大猩猩啊！  ····································································································································  这是为许多即将进入兰州财经大学的学生准备的职业心理防恐课，不光是甘肃大学，全国非重点大学的朋友们也欢迎旁听和在线收看。如果不清楚，请搜索“全国不知名的本科院校”看看你在不在里面。  其实我们再来类比、联想、转化一下这个问题，所谓的兰州财经大学到底怎么样，就是在问：普通教育资源的产出效益和转化率如何？试想我们要将一块大黑炭变成钻石，要重新排列原子、分子结构，要经过一系列的物理、化学反应，但为什么你一定非要这么做呢？是因为“one true hero until the end”。那你需要的钻石对你来说是什么呢？俞敏洪先生告诉许多人这个方程式理论上是可以实现的，却并没有敲醒那些痴心妄想和做白日梦的人，别浪费时间。如果一个人可以花三年时间甚至十年来磨砺好综合考试技术、心理平衡和控制技术、随机应变技术和生理调节技术；掌握大局意识、目标战略、攻防能力等，那也不枉这些珍贵的时间，请你们在学业这条路上继续飞翔吧；而要是认清自己了、理性选择了、确定不会后悔了，请一定花四年时间好好想想，在煤矿工厂该怎么办，不是工厂怎么办，而是你怎么办。  与其磨砺和掌握那些你已经落后了的技能，不如专精一门技术。与其问学校怎么样，不如考虑一下以后怎么办？对吧？  什么？离你还很远？？？ 接受现实吧，都已经身在矿厂，离钻石又差了一步，难道还没意识到自己的处境吗？  我的母校就是矿厂，只要你原本就是黑炭，它实现不了你想要变成钻石厂，一块真正钻石的梦想，所以别想着他能够带给你什么，因为前面我已经告诉过你了， 我之所以热爱我的母校，确确实实是由于它根本没啥值得炫耀的地方。这座生产我的矿厂，体量、加工技术、生产设备、市场营销就更没啥好说的，我们生产的会计类矿产品和金融类矿产品，只不过是因为市场大，好卖 ，并不同于大厂规模经营和绝对的市场垄断能力。  市场决定了就业，并非学校决定就业。所以我的母校，不过是成千上万所学校其中的一所而已。我不是钻石，也不想做一块煤矿，那我只能成为其他产品。好在我的母校还有其他的生产设备，我可以选择变成成色极佳的硅、也可以变成用途广泛的石墨、甚至变成能量、变成热、变成电、变成很多种用途的产品。  ·········································································································································  回归到问题上来，如果选择了兰州商学院，或者同级别的其他院校，以上的回答都适用。不过要是有人问北大、清华之类的学校怎么样，那我就得重新审视一下发出这个问题的出发点和心理究竟是什么？莘莘学子、同窗苦读，何苦作祟博优越。学校的比较、人才的比较、身份地位是资本主义、阶级主义的腐毒。作为社会主义的螺丝钉，每位同志都应该在社会主义的康庄大道上发光发热。兰州商学院在许多年前隶属国家部委管理的时候，我们的老同志、老兰商人就很好，不骄不躁、不向万恶的阶级主义低头。只要我们牢牢树立社会主义核心价值观念、在党和国家、政府的带领下，就能准确的认清青年人的自身价值，发挥大作用、发扬不怕吃苦、埋头苦干、开拓创新的精神，成为新一代实现中华民族伟大复兴的中坚力量。  还有一点：我非常欣赏母校的校训，和许多大学千篇一律的校训不同，兰州商学院将“博修商道”作为教习和育人的准则、作为发展和实践的信仰，这非常符合社会主义市场经济的人才培养观念。  如果非要我说兰州财经大学的办学特色，那“博修商道”就是最好的答案。   （注：这篇文章一些地方可能会被误读，但是本人的初衷是站在真实的立场上，不对国家的高校教育和人才选拔做评论、不对优秀院校作评论、不对提及的第三方当事人做评论。）
未来想在金融业就业，东北财经大学和兰州大学选哪个？,如果真的只能在这两所学校选的话，东北财经吧。如果你是本科，去哪个学校都行，但你毕竟上的是研究生，最好专业跟行业契合。  兰大很厉害，又有985的牌子，但东财的认可度也是很高的，现在在一些老券商的眼中，东财差不多算是小211财大了，也很厉害的。
兰州大学新传专硕是什么体验？, 我也是很纠结想要咨询兰大专硕 
兰州大学录取通知书里面有什么?,                           还有《读者》兰大版，银行卡，资助申请书之类的  这两天已经开始发出了，马上就会到你手里了，最后来一张大合影。   
作为一名考研狗，西南大学好还是兰州大学好？,强烈推荐兰州大学^o^
兰州大学人才“孔雀东南飞”现象从何时开始？,兰大本科生开始搬迁到榆中县开始
如何评价兰州大学化学化工学院景欢旺教授？,因为他喜欢装逼，比院士还能装逼，所以叫景院士。
如何看待“中国新闻周刊”的文章《兰州大学：名校的焦虑》？,兰大的兴衰就是一个政治问题!民国时期条件那么艰苦，国民政府还要在兰州升格一所国立大学，就是看到兰州在地理处置和文化辐射上对现代中国的重要性。没有西北的中国将不堪一击，没有了文化优势的中原影响力也不会在西北长久下去！在西北有一所百年名校就是一座文化堡垒和前进基地。面对现在兰州斯坦的不断崛起，眼看着一所百年名校就这样完蛋下去，还用市场经济来解释，看不到背后生死攸关的局势、看不到今后几十年西北局面的变化，只能说不作死就不会死！
数学专业考研学校选择，上海大学还是兰州大学？,真想搞数学的话，这两个都别去。
如何看待“兰州财经大学保安埋狗事件”某学院微博转发后删除微博的行为？,只能说现在媒体都很有一套，没有新闻，创造新闻。
社会对兰州大学这样的985.211大学认可度怎么样？女生，想考兰州大学的经济学研究生?,兰大的区域经济学是国家重点学科，全国数一数二，分不高并且将来想做学术，兰大是个不错的选择。 不过以就业为导向的话，建议在东部念，念个211或者经管类非211可能都会更好，比如广外、东财。  每年来兰大招聘的，好单位相对东部少很多。  在西北念书真心限制眼界，看看学校贴吧和学校BBS的话题就能瞬间了解。
如何评价类似“选上海大学而不选兰州大学”这样的文章？,我选择不发达地区的双非
在兰州大学读研究生是一种什么样的体验？,读研的感受更多来自老板和课题组，大学校园只是宿舍、实验室、食堂三点之间的一段风景小路，对于兰大读研的感受，那就是这三点间有一个人工湖，春天来时，嫩嫩的柳芽拂过湖面，让经过湖畔的人，暂时忘记读研的苦闷。
兰州大学与苏州大学相比怎么样？,硬实力，兰大 环境区位条件，苏大 个人倾向兰大，985.211不说，百年老校，而且环境也并非特别差，适合安安静静的做学问。吾校虽瘦，必肥华夏
兰州交通大学的地理信息科学专业出来能找到工作吗？,一个认识的老陈，在施工单位待了一年，天天打炮，后来回来考研，现在去了天水一个机关。
兰州大学与兰州政府的关系？,你要习惯，兰州政府喜欢挖坑种萝卜，然而耐心又有限，萝卜长不出来或太慢，没关系，再换一个坑，这个坑风水不好。兰大只是一个失败的萝卜，木事木事，反正甘肃这么多高校，兰州这么大，总有一个水灵灵的萝卜。
兰州大学、海南大学哪个好？,在兰大的海南人来一发，有啥说得不对的还请各位校友老乡或者相关人士批评指正和补充   兰大985.211，海大只是211， 兰大优势物理化学和草科 海大优势热带农学，应该还有别的但是我不太了解，似乎一些文科比我兰好一点？？  我兰有萃英山 海大主校区有个很大的人工湖，里面长期驻扎白鹭，  对于题主宁夏人来说， 我兰离家近，生活条件容易适应 海大远，而且生活习惯啥的和宁夏几乎没有相同的地方，  他们说我兰榆中地处偏僻， 但是海大也有个儋州校区 P.S 听家里人说是海大的二本专业才在那里，答主可以自己核实一下  评论里有小伙伴指出 儋州是两院的所在地，也就是之前的华南热带农大。并到海南大学之后，那边自然就是海南大学的校区了。在儋州那边的专业也是之前华南热带农大的专业。  但是答主有认识在那里读旅游英语啥的小伙伴，不知道是不是后来搬过去的  所以建议答主想一下，自己对陌生环境的适应情况如何，尤其是对于南方动不动大暴雨主食只有米饭的生活感觉怎样 因为我在西北吃面是不咋吃得习惯的 以及，考虑一下自己是文科理科，对就业方向专业方向最好有自己的一点想法 最后，高考成绩出来了，就综合评估一下自己的成绩，以及往年的各种线  我爱兰大，毕竟这是4年青春和他乡风情，同样我也慢慢习惯了甜胚子奶茶和牛奶鸡蛋醪糟，以及牛肉面  我也爱海南，毕竟是18年的故乡，椰子汁和清补凉是我一辈子的念想  所以 如果来了海南，欢迎你，我可以给你安利各种小吃， 如果来了兰大，同样欢迎你，下架学姐可以给你兰大生存指南， 最后，祝高考顺利
在兰州大学就读是一种什么体验？,常翘课，很喜欢老师们的宽松管理 爱旅行，骑去过很多西北山野荒漠  很喜欢榆中，常携好友去萃英山上野营，喝酒唱歌看流星什么的，一直觉得榆中是个能让人心静的地方，最起码于自己而言是这样，当时大四一整年没课，回老家的酒吧兼职调酒，整日红灯酒绿人影瞳瞳，心烦浮躁，拿了工钱后就直奔榆中了，我想静静。  很多人一直耿怀学校的位置，我倒觉得其实挺好的，可以体验一番大西北的壮美粗犷，当然你天天宅宿舍去哪所都一样。我把山大的基友忽悠来我们学校交流了一年，毕业后一直感激与我，笑。  楼上有校友说不推荐后人来兰大，我就不，挖个坑，欢迎广大学弟妹们踊跃报考啊！因为我没读过别的大学啊，我只读过兰大啊，兰大确实很不错啊~堂兄和基友都在山大，堂姐在清华，高中同桌在西北农林，他们来兰大找我玩都觉得兰大是个神奇的地方啊，要不基友怎么可能愿意来我坑交流一年呢？（腹黑脸）  从没觉得兰大是名校，毕竟也没人敢理直气壮的说，虽是一所985，自己从未因此轻言二本院校的学生如何如何，同样的，跟清北人大的同事在一块也不会妄自菲薄。  毕业后，很怀念兰州的羊汤醪糟还有烤羊腰，又回去过，只是不曾遇见旧日同（姑）窗（娘）。 附两张图吧，图书馆和青藏线。     兰大惠我良多，心怀感激 一直谨记老先生说的： 自由的精神，独立的人格 愿自己不辜负 母校，祝好。  -------------------------------------------------------- 又到一年毕业季，虽然毕业了，不能现场看吴老师现场演讲，虽然是文字版，应仍会有很多人怀念母校和恩师吧。  本科生文字版全文  
在兰州大学萃英学院就读大概要准备多少钱呢？,学费和对应的专业一样。花钱的地方就是出国/境交流了，成绩越好学院资助的比例越大。家庭还是要承担一些。
在兰州大学当学霸是怎样的体验?,题主好幽默
兰州大学的文学院的汉语言文字学怎么样？,好吧，难得看到问母校的，还是母系。 兰大的中文，在80年代是名牌专业，有吴小美、黄伯荣等一批著名学者，在西北也算独树一帜。 但近年来逐渐走下坡路，在许多优秀教师都纷纷出走后，实力一落千丈，尤其是兰大中文引以为豪的现当代文学，也面临青黄不接的尴尬局面。 但毕竟瘦死的骆驼比马大，实力还有，但远远没有以前那么风光而已。
兰州财经大学？,首先，我就是兰州财经大学段家滩校区的，二亩八分地？说话要讲依据不要信口胡邹，关于兰财你可以在微博上看一下照片，都是校内实拍，段家滩校区是留学生，研究生，艺术学院和信工学院，不知道你想问什么呢
兰州财经大学大学生拍警察执法屁股被打开花？,当事人已处理，受害人也已谅解。这个新闻早是旧闻了。 要问我怎么看？简单，谁干的谁负责，反正轮不到我负责。谁觉得惊诧都可以，就当娱乐花边新闻看也无妨。
兰州大学文科有哪些推荐专业呢？在兰大以后考研好还是出国好？兰大萃英学院有什么条件吗？,你要是不能保证自己进人文萃英，千万别来兰大。文科基本都很坑爹。 萃英院的方法是大一一入学就考试，笔试，面试，知识面宽，爱读书的孩子比较占优势，不是光考高考那些知识。文史哲都要懂一些。 万不得已来了，一定要争取出国！！兰大毕竟现在还顶着985的名头，万一哪天领导不高兴把985撤了，兰大就什么都不是了。预计4年内这事不会发生，所以读研要出国，国外是很重视985 211的！！！珍惜资源啊！一般萃英院的学生都很优秀和上进，出国的氛围应该比普通院要强。很推荐出国，要不保研上top2或者专业内顶尖大学读研也很划算。
哈工大是否会成为第二个兰州大学？, 1.说是不愿意引战其实就是引战呢，拿兰州大学比？有可比性吗？还是正面回答下你吧，只针对本部，不涉及深圳校区。首先哈工大是我国本硕博性价比最高的学校之一（不能骄傲）。尤其是硕士，学制只有2年，985高校中乃至C9高校中有没有2年学制的研究生，有的请大声喊出该校的名字再对比下哈工大的水平。估计你的水平也就能够到兰州大学这个水平线，能成为什么样的人不仅取决于平台，更多取决于自己。希望你能正视自己吧。  2. 和工信部直属高校即原国防科工委高校相比，北京航空航天大学，北京理工大学，哈尔滨工业大学，西北工业大学，哈尔滨工程大学，南京航空航天大学，南京理工大学。哈工大妥妥第一，各项排名远远拽开其余学校。你说你心中的兰州大学在这里面吗？  3.什么国际排名都是糊弄高中生和家长的。科研实力明面上最靠谱的就是国家自然基金委的项目（除了科工委项目），国家层面靠什么认可这个学校，是靠国际排名还是实打实的做事？5年内哈工大在工程材料学部的获得的项目和资金（包含人均）略输于清华。清华万千宠爱就不说了，两家远远甩开第三名，材料我就不放了（今年韩校长在科技大会列出来的）。工程材料学部是什么概念，你自己上基金委搜吧。还有你要是闲的蛋疼还有权限的话可以自己去基金委系统里找。工大之所以在各种奇葩排名中靠后是缺少文科和医学。  4.最不看好的时候，我们的目标是加州理工和麻省理工，兰州大学？呵呵  -----  补充，  1、哈工大在目前双一流的氛围下和东北整体颓废环境中，较其余同级别学校已经是退步了。对目标是建设顶尖学校而言，别人进百步，你进十步就是退步。知乎上相对小木虫还是平静，很多人吐槽哈工大没有空调，寝室破旧。很多学生没有考虑到哈工大实际办学的困难。我校校训“规格严格，功夫到家”，作为原目标培养工程师的学校，注重实际效果。能省就省，能不美观就不美观。虽然在三公寓盖原址留学生和外专公寓，也没给本科生带来实际的改变。但是没办法，学校也想一步到位，没钱。看看深圳校区怎么建的，有钱啊。这些年来，省一级财力一直没有有效补充，省政府光给地有什么用？给地没钱，光靠国拨经费怎么建设？哈工大的纵向经费的管理费应该是top学校里最高的。虽然陆省长也竭力宣传和推进哈工大，但是省政府的执行力也垃圾，一校区旁边的龙运公司什么时候搬走？前年就说让搬，去年会议上明确提出要搬，今年还没动静。把原来靠近京哈高速的省农科院的地给工大有什么用？能为核心校区提供有效支撑？  2、地域偏远确实对吸引新一代的青年学者没有优势。如其余人回答，哈工大深圳是破局之子，明年应该有独立的招生代码。深有感触，虽然深圳市政府还在吸引其余院校进入深圳，但是目前只有哈工大在以泰山压顶的方式在支持深圳市政府。未来哈尔滨本部的国家/国防重点实验室要全部在深圳平行建设，请问哪个高校敢这么干？目前深圳市政府也对哈工大大力支持。就算兰州大学全校搬到深圳，深圳理不理还是回事。  3、哈工大在上一次教育部评估（这才是国家重视的排名，给老百姓看的，注意这还是教育部的也不是工信部也不是基金委的）里所有学科（排除外语等文科），几乎全部工学学科进入全国前10。2/3科学是全国前5。未发布的新一次评估中哈工大仍然保持着强势。不问现在，只问以前兰州大学达到或接近过哈工大的水平吗？只是理科还凑合，理科哈工大也不差啊。还有哪个学校敢用自己的经费先发卫星？  4、再强调一遍哈工大是全国本硕博性价比最高的学校之一（其实就是最高）。想想有多少人是本科入学是低于同级别学校（以c9标准）的分数线进来的，有多少人硕士是够不到哈工大同级别学校而进来的（让你国考交大、浙大，你能考上似的），有多少人博士是怎么被照顾入学（未执行申请考核前，英语考试是没听力的），然而毕业后享受了同级别学校的待遇。谁来了都不吃亏，哈工大也对得起高于自己水平的学生，也能培养不是这个级别的学生。有的硕士和博士是挺水的，但是也高于全国同级别院校的标准。最后我觉得心里要感激哈工大的前辈们对学校的贡献，同时铭记着自己是哈工大人，以后作为校友不求对学校做出多大贡献，但不要愧对这个学校的名号。  -----  为防止无聊人士瞎喷，不开评论及实名。 
如何看待兰州交通大学3学生因不满考试过于简单，致信校领导要求整改，而导致部分学生不满？,我认认真真从头到尾一字不落地把整个问题读了三遍，  愣是没看出来这问题跟“清华大学”有啥关系。  还是说，因为大家伙都是“大学”？  趁着题目被修改之前，截图为证：   -------------------------------------------------我怎么看的分割线----------------------------------------------------  这事不再正常不过了么……有好学生愿意学，自然有坏学生不愿意学。 好学生觉得自己认真学习还跟坏学生一样，心理自然不平衡；坏学生因为好学生危及了自己的利益，自然也会跳脚。这事在哪都会发生的不是么。  主要还是你们少见多怪。见的多了，你们就会像我一样，看这个问题就更容易了：         边吃夜宵边看……
如何看待兰州大学买下百度文库数据库？,❤❤❤多余的话都不想说。
留：大二暑假想去兰州大学看看。 求给一点建议。 谢大神！ 莎莎敬上 ?,谢邀，我也不是谦虚，我都十五六年没回去了，你们还是另请高明吧。
在兰州交通大学读书是怎样一种体验?,首先声明身份 我是13级交通运输专业毕业生 现在在专业对口的铁路工作   然后是背景介绍 兰州交通大学 原来叫兰州铁道学院 新生叫他“兰交大” 老毕业生叫他“兰铁院” 本校区坐落在兰州市安宁区 因为市政规划部门脑子里灌了太多黄河水 所以经常东挖西挖 不小心就会挖破水管 因此学校习惯性停水 又被戏称“西北抗旱大学” 另外兰州本地有句土话叫“丢人丢到黄河北” 黄河以北实际上是兰州比较偏僻的地方 这句话就等同于“丢人丢到家了” 没错 兰州交大就坐落在黄河北  曾经是铁道部隶属的高校之一 所以兰铁院这个名字在铁路上比什么“兰州交大”响亮多了 学校曾经属于典型的理工科学校 现在打造成综合性大学 硬生生塞了不少文史类的专业进来 这对学校不一定是坏事 对学生肯定不是好事 想象一下 你在招聘会上告诉用人单位“我在交通大学学计算机/语言。。”画面想想都美如画  据称本校有两个祖传的“王牌”专业 一个是交通运输 一个是土木工程 年年就业率高居榜首 在我看来 如果只想做个普通人 那么就业率高找到的工作对专业就是好专业 当然 如果工资再高点就更完美了 可惜这种专业早就成了热门中的热门 从来轮不到我 所以铁路运输本体的兰铁院一直不高不低地晃悠着 而这里主要说我熟悉的交通运输专业  交通运输专业主要面向铁路 多年以来向各大铁路局（尤其是兰州铁路局）输送了大量的列车长 助理值班员 车站值班员 区长 站调 技术员 助理工程师 基层小站站长书记等等（其他兄弟专业为各大铁路局输送了大量的线路工 工长 车间主任 乘务员 指导司机 机械师 信号工 营业员 货运员 电力工 列检。。。） 为新中国铁路建设提供了最基本的人才保障 现在加入了轨道交通相关课程 所以不少兄弟也从此步入地下世界 与鼹鼠为邻 默默折腾着大中城市不甚牢固的地基  交大运输专业毕业生在铁路上口碑都很不错 主要原因是肯吃苦 而铁路恰巧是个需要吃苦的行业 历年的师兄为我们打下了坚实的基础 我很荣幸没有糟蹋这份来之不易的好名声 唯一的缺点就是历年的兰交大运输专业毕业生基本都很不受各站段团委的待见 因为实在是太闷了太务实了 一点都达不到团委“张扬年轻人活力”的要求  学校面积不大 但五脏俱全 相对于兰州其他高校 最起码我们可以很有底气地说 我们在市区（是的 我就是在嘲讽兰州大学） 而且周围没有乱糟糟的客运站（没错 我就是在嘲讽兰州理工） 当然我不敢嘲讽西北师范 人家的漂亮妹子比我们多太多了 大学时候令人纠结的就是有那么几个老师喜欢想一出是一出 偶尔会干出6点开会5点半通知的蠢事 或者说本该开卷考试的课程 考试前一天告诉你改成闭卷（是的 运输学院副院长朱昌锋同志 我记你一辈子） 虽然这不是一个可以令你脸上贴金的学校 但说出去也不至于丢人  至于让在校生头疼的考试 不过是交大现在狠抓学风建设的衍生品而已 除了考场各种奇葩规定让人不可接受以外 我觉得单以试卷难度论都是小渣渣 典型的社会法则而已 多劳多食 不劳而无食 当然这一点见仁见智了 我觉得运输专业经历过货运组织考试的兄弟基本都不在话下 在一百道选择题一道题0.3分 而且卷子题型涵盖了单多选判断改错填空计算简答论述名词解释画图分析列表等所有已知的题型的考试考卷面前 一切都是小渣渣 以至于现在我一个哥们儿还对该课老师念念不忘 担忧其出行安全（“x老师 您家门口堵车吗？还走夜路吗？”）  好吧 我扯了太多没用的 其实汇总起来还是那句话   兰交大并不强 也并不完全美好 比起风景如画的厦门大学 学霸成群的清华北大等根本不值一提 甚至在同类型的学校里也只是被碾压的份 在校时候我也有诸多抱怨 哪怕到现在也会念念不忘 怨念满满 但我还是感激他 还是深爱着他 毕竟从走出校门开始 不会有另一所学校可以重新容纳我人生中最值得回忆的四年时光
兰州理工大学 兰州大学 兰州交通大学 为什么发展不起来？,大学名字的前两个字就是答案(-o-)／
兰州大学不换城市的话，排名不可能越变越高了吧？（长期看）？,如果兰大衰落，那半个中国就没有一个重点大学了，教育部应该会有对策吧
兰州大学的自然地理学考研难不难？,不难，看分数线就知道了。
想考兰州大学民商法硕士，但是因为自主划线自主命题，信息比较匮乏，想知道好不好考？,不好意思，我是新闻专业的，对法学的情况不太了解
兰州大学法学院怎么样？,不建议报，法学在兰大属于鸡肋学科。曾经确实也牛掰过，但是咱看的毕竟是现在。分数就是一本过40到50左右吧，大概就这么个情况。你要是真心想学法学，这个分数完全可以去像中南财经政法和华东政法这样的政法大学，名头绝对比兰大好使，学科能力和认可度也更好。我也是兰州人，所以多说一句，千万不要留在兰州的任何一所大学读书，尽量去大城市，最起码是西安这种水平的，不然各位地县的“小县城学霸”会教你做人，刷新你的三观和下限。这不是地域歧视，这是阶层歧视。对，我就是明确的表达一下政治不正确，我理解因为条件的限制，地方上的同学没有良好的素质教育和阅历，但是这不是你给那种“我穷我有理”“我们大XX就是牛逼，你们兰州真垃圾”的奇葩逻辑找理由的借口，你想混文凭，混日子，糟蹋你爹妈辛辛苦苦筹来的学费跟我没关系，但是请至少不要想当然得以为我们是同一路货色。大城市综合素质素质高的人比率高，我们能和他们正常甚至愉快交流，能在一个积极向上的氛围和环境中真的特别重要。我觉得你能考虑兰大，估计你至少是二中或者铁一这种学校的学生，相信我，留在兰州你只会后悔。就这样，祝你学业有成，有个好结果。
本科公共事业管理专业，想考兰州大学社会医学与卫生事业管理研究生该选择卫生综合还是公共卫生综合？,2 
兰州大学怎么样？,985+211-绝对一流高校，提档线低仅为地域原因，如果楼主分能够一定要报，性价比非常高，，但如果真想去优越的大学兰大的分数去北京化工也是可以的～～～(今年考的不好，211无缘了。。。)
兰州大学的化学专业如何？,国内前十
有谁能够告诉我兰州大学怎么样？什么专业比较具有优势？,兰州大学还是很不错的，我也是南方的孩子，上大学之前也很担心兰州的沙尘、干燥的气候、寒冷的天气，事实上在兰州生活了四年，已经喜欢上了这个城市。榆中的夏天很舒服，晚上可以盖着被子睡觉，而冬天有暖气的室内不要太爽，穿个短袖都不觉得冷，反而寒假回家觉得家里冷得睡不着。兰州的正宁路夜市小吃挺多的，来了兰州才知道醪糟、灰豆子这些东西，牛肉面也是兰州的才正宗。放一篇我的公众号的文章，欢迎关注知加。   兰大为美，记录镜头下的校园   到不了的名字叫做远方，回不去的时光才更加向往。毕业才刚刚半年，就开始怀念无忧无虑的校园生活。毕业典礼时，校长对于骆驼文化的解读再次引发了校友们“我与骆驼不得不说的故事”集体追忆。很多人印象中兰大应该是“大漠孤烟直，黄河落日圆”的景象，今天我来带大家看看镜头下的兰大。  你以为校门口是这样的？     其实这才是正确的打开方式    榆中校区的主要建筑的名字都是取自国内的几个重要山脉，如教学楼名为天山堂、图书馆为昆仑堂、还有实验楼贺兰堂，有种武林六大门派的感觉。 图书馆昆仑堂：学霸聚集地，每逢期末也会吸引大批学渣前来占座。     然而堂主早已看穿了一切，你们这群愚蠢的人  类      西区田径场，对面便是宿舍楼。    除了宿舍，四年的时间基本都在这栋楼了，大一时在微机教室刷英语口语，可惜四六级过了之后就再也没有学习英语的动力了。每到高考阅卷时间，路过天山堂都很想把试卷烧了，哈哈。   天气好的时候，能看到美到冒泡的蓝天白云，心中的阴霾也会一扫而光。    在大西北建游泳馆还是挺奢侈的，可惜四年都没进去游过泳，有点遗憾。    萃英山脚下，意外发现的一片草地，绿草如茵，蜿蜒小径。 兰州每年都会下几场大雪，作为南方的孩子，犹记得大一早晨开窗看到银装素裹的世界时的惊喜和当时此起彼伏的尖叫。     心形树！！！大自然果然是个大艺术家，不经意间打造了如此珍贵的艺术品。     谁说兰大不美，因兰大为美   入学时想着毕业  毕业却因离开友谊失眠  那时几首流行歌  成了聚会KTV里的泪点  再见了 互相嫌弃的老同学  再见了 来不及说出的谢谢  我相信我们还会再见  我相信 我会一直想念  我相信我们都会很好  我相信 我相信的一切 变成火焰  照耀彼此的脸  欢迎来兰大就读，想看更多照片可以关注 我的公众号 —— 知加    
石河子大学、青海大学、宁夏大学、新疆大学、内蒙古大学、兰州大学哪个好？,这是我看到的知乎上黑兰大最狠的问题
兰州财经大学的财务管理是否属于其王牌专业？,很显然是会计专业      我是审计专业
兰州大学文科本科生通过考研或保研进入清北复交南浙可能性有多大？,为啥兰大的都盯着考研保研不放？ 国内考研，保研意义不大，真的。  一流本科，二流硕士，三流博士。  我在网易，滴滴做android砖工的时候，考研，保研的，都是属于本科阶段技术修炼不够的。如果你为了找到好工作，本科阶段就抓紧时间学习就业的技能。。  这么说吧，兰大本科+清北硕士，不如兰大本科+有三年大厂工作经验的。  兰大本科+清北研究生，不如其他985本科，不如中九比如天大厦大武大之流的本科，更不如华五本科生。但是，兰大本科+大厂工作经验几年的，认可度是比单单武大中山这样中流985本科生［没有工作经验］高的！但是还是不如华五本科生。末流985本科和华五本科，有一道不可逾越的鸿沟。或者，难以逾越。  能力都是按照本科学校定的。  读研究生，唯一的，加成的作用就是换专业。  其他加成，学历，能力上的加成，远不如工作经验的加成。  所以尽快练就工作技能，本科毕业直接工作，这是比你去清北复交等等更重要的！
本人兰州大学会计专业，虽然学校985但觉得他很渣，想要考研又不知道什么专业研对我以后工作更有利点？,删除~~~突突突
如何评价兰州大学校长王乘？,没什么系统评价，一堆碎片化信息，大家随便看看吧。反正我的毕业证还是周绪红校长的名，2013年毕业典礼后，就开全校干部大会交接了。 河海大学的同学给他的评价是：他丫不给装空调。  还好，兰大不用他装空调。  我的感觉是，他身子好像有点虚，不停擦汗。57来当校长，比前任岁数大，估计是要在这干满一届8年然后退休了。  老师对他有意见是因为周绪红校长太好了，给老师们涨了不少工资，所以相对觉得他不好？  可以看见的是，他来兰大不久就树立了权威，撤并了一堆部门，比如国资处和实验室管理处，重点建设处和发展规划处，继院和网院。团委和学工部也逐渐往一套班子演变了，安俊堂去了南通研究院后，学生处长一直空着，李华龙刚被任命学生处副处长（主持工作），标志着团学统一又近了一步。  政治院被他拆了，后面的大家都知道了。  他还把陈发虎给打压了下去，现在陈发虎是唯一一个不是党委常委的校领导了，他在09年拉出来建的西部环境研究院又并回资环院了。反正陈发虎我是不喜欢，有次遇见他丫在电梯里抽烟，呛死我了。  最重要的，青白石校区和南通研究院是他得意之作。  据说青白石校区距本部6km，距离上看，比榆中近了好多，但那个方向经常堵车貌似，目前公共交通也只有一趟民营小巴。空间上离本部近了，时间上恐怕没近多少。这个校区教育部批复是：原则上同意，经费自筹。  另外榆中那边一切设施均已建设完成，游泳馆校史馆图书馆什么的，最近几年还修了风洞实验室、植物园，山脚下大气院也建了一堆东西，说不要就不要了？我猜不会吧。说是要卖给xx职高，感觉不太可能。  青白石校区边上的碧桂园，给兰大捐了100w，还设了奖学金，一本万利啊。  至于南通研究院，应该是王乘利用在江苏任职时建立的人脉去弄的，对兰大是好是坏还不得而知，派去的人是安俊堂和徐鹏彬，应该是比较靠谱的。  更个南通研究院的八卦：  http://  tieba.baidu.com/p/38207  73526       有的专业在招生录取时完全未被告知的情况下，强行要求学生去南通研究院报到并完成一段时间学业。南通地理位置固然比兰州好，但南通校区没图书馆啊，一群文科生，不像理科生，所需文献都是在线的，他们没图书馆可怎么活？而且有的人专门为了西北家近才考兰大，录取后告诉人家，要去南通，真的合适吗？  本部的环境在他来了之后有不小改善，给快递安排了个好地方，研究生10号楼下的宰人小卖部给关了，当然5号楼下的那个老板不错的小卖部也跟着倒霉了。医学校区新宿舍起来了。  他来之后，王寒松没啥存在感了。  上述信息几乎都是看校办文件看出来的，没事闲着刷刷校办网站，能看到很多好玩的东西。  先匿着，看情况再说。
兰州大学的GIS专业怎么样？,不怎么样～同样的分数或者再低一点儿上南师gis比兰大好。 如果是冲着兰大去的，读地理性价比比gis高。
兰州交通大学怎么样啊？学风，环境，宿舍条件，社团活动，学生会啊等等，还有男女比例～请教一下学长学姐？,        作为一个即将开学的兰交大准大四狗，我可以来回答这个问题。兰州交通大学的具体简介大家可以自行百度，仅来简单发表一下我作为一个交大学子对她的见解。交大学生都知道，交大有几个大院，我就以我所在的交通运输学院为背景来简单发表一下我的见解。         首先是学风吧，对于学风这一方面我感觉比较良好，毕竟在大学里，老师对于学生的监督作用是微乎其微的，学习主要是靠自觉。就算是为了毕业，也是要学习的。好像是从我上大一的时候开始，学长们的考试经验就不怎么值得借鉴了，监考超级严格，比如，不准带水进考场，笔芯上的塑料袋要撕掉，考试必须双证齐全（身份证和学生证）要不然不让考试，计算器上的盖子不可以留在桌子上等等。这些还可以忍受，最让我无奈的是，考试居然正好赶上感冒，老师不让带卫生纸...只好在考试前把鼻子擤到毫无知觉，赶在鼻涕出来前把试卷做完交上(///ˊㅿˋ///)。最最重要的是，考试作弊直接就给处分...我感觉，学校这一系列的措施看似惨绝人寰毫无人性，但是确实实实在在给了同学们学习的压力以及动力，整体学风确实不错，也许可能有的班级的学风不太主流，但是也不影响整体。这里就不得不说，交大的就业率是很值得一提的，其他院不太了解，交运院的就业率还是很可观的，我入学以来至今，几乎每年都在百分之九十以上，上届大四好像是百分之九十七（具体记不太清了，反正就在这个数值附近\(//∇//)\）         然后就是环境吧，首先是绿化，学校整体绿化比较好的也算是，当然，毕竟地理位置上有不可逆转的劣势，可以感觉到学校为了绿化校园所做出的努力，在祖国的大西北，也算是可以了。然后就是教学环境，教学设施也是可以的，至于具体教学楼分布百度上也是有的，就不一一赘述了。至于住宿环境，据我所知的宿舍全都是上床下桌，只是有新旧的问题，我们去的那一年刚好学校整修宿舍，我们住的新宿舍，校内女生公寓好像都没有阳台，男生的一般都有阳台和独卫（可能也有没有的），至于为什么，我想可能体现在住宿费的不同上吧。         至于学生会什么的还是要看你具体所在的学院，学院不同的话学生会和其他学生社团组织也是不太一样的。比如我们交运院里就是学生会和青年志愿者协会（以下简称青协）两个主要的学生组织，我们院青协我们那届大概有两百多人，但是可能有的学院里青协的组织就比较小，几十人的也有可能。这样的话办的活动大小就不一样了，具体还是得看你们院的情况。         至于男女比例呢，男生多女生少是显而易见了，据我所知，交大整体男女比例为7:1，全校唯一一个男女比例1:1的学院是交通运输学院。这个也是我刚进校的时候听说的，准不准确我就不能保证了 (/ω＼) 最后欢迎大家报考兰州交大 附交大雪景一张ヽ(*´з｀*)ﾉ   
山东文科在东北财经大学和兰州大学哪个更好？,去东财。。以一个过来人的身份
2018考研。本科211，想考兰州大学信号处理的研究生？,去官网查往年分数线复试名单，去兰大西北望找师兄师姐，加群等等！研究生官网，学院官网信息好好看看
兰州大学经济学如何？,扯淡。 明确告诉你，金融学学科排名前50%，经济学在50%以后。另外，国际经济与贸易和统计专业都已经停招多年了，但它们还会出现在招生手册上，所以，你懂的。 专业课设置非常落后，金融学而论，专业课开不出来，经济学和金融学专业课重叠80%，这在东部哪怕一所二本财经院校都是不可想象的。至于高等数学只上一学期，政治经济学两学期每学期3学分这种我都不好意思说。不过，听说最近要课程改革，首当其冲是把政治经济学削减到1学期2学分，似乎从2016级开始，会和正常大学的财经专业接轨。 另外，985红利，保研名额比较多。但是，近两年由于本校研究生生源太差，开始从本科生中想办法，限制外保名额，使用各种手段鼓动学生内保。实际上，从近两年保研情况看，外保也主要集中在北方高校，人大清华金融每年都有，北大也有经院直博，南开也有一些，但南方高校比如复旦交大上财南浙基本为零。如果考虑回东南沿海就业，不建议。 还要说有什么好处的话，就是课不多，会有大把时间。合理利用的话，能做很多事。 不说了，复习去了……
兰州交通大学博文学院校长陈玲的北师大同等学力证书是什么？,根据1998国务院学位委员会第十六次会议审议通过的《关于授予具有研究生毕业同等学力人员硕士、博士学位的规定》，对于博士学位，申请人必须已获得硕士学位，并在获得硕士学位后工作五年以上。并且，申请人应在教学、科研、专门技术领域做出突出成绩，在申请学位的学科领域独立发表过高水平的学术论文，或出版过高水平的专著，其科研成果获得国家级或省部级以上奖励。
考到兰州大学，看了网上对于兰州大学的评价，我后悔恐慌了？求解, 能连上网，有手机信号的地方，视野再窄能窄到哪去？视野是自己开拓出来的，自己不抬眼去看，住到北京长安街边上视野也一样只有门口这条胡同。 
兰州大学，高考报考粒子物理的人多吗。竞争大不大啊？,兰大学生告诉你 在这里 你可以考上基地班 保研OK了 你实力强去考萃英学院 国外大学的门给你开  如果你很努力这里机会还可以  但是生源质量我就不说啥了 也就那样。 高考考好的话别来这里 
兰州大学的气象系未来能去中央吗？,研究生博士毕业都有机会。看实力
怎么看兰州交通大学三名学生上书教务处要求提高试卷难度？,    前天中午看到这封信的时候心中莫名一阵悲哀。  每一个引起人们争议的热门话题或多或少都会戳破长久安逸下的伪面具，挑起某种矛盾，引发人们深思。   大学生依旧如同初中高中一般，唯分数论，兰交大张处长实施的改革到底是制度的进步还是对人天性的约束？  Only time can tell.   但我很清楚地知道，我不开心，这不是我想象中的大学，也不是我想要的大学。想象中的大学，应该是学校为我们搭建一个更高的平台，让我们拥有更多选择权，去学感兴趣的知识，涉足心仪神往却未曾到达的世界，而不应用刻板的制度死死地束缚我们，让我们把大把时间花在专业课上。如此四年本科下来，把我们培养成一群从标准模具里刻出来，除了专业技能，毫无特长的高级技工。   那封信名不符实，除去一些客观揭露当前我国大学期末考试的本质外，我还看到了一种求之不得的欲望。   信中两点很不符事实的错误：  1、考卷只有上学期的概率重复率较高（约60%），其他的科目均不超过30%～考点就那么些，一学期学习本来无法触及特别深的理论。别告诉我大学期末就应出如同高考般有区分度的试卷，不排斥，但也不赞同。大学期末考试是通识教育考试检验，而不是选拔性考试。如果真的很爱做学术，可以自己去图书馆潜心钻研，选择读研读博，进一步深造。学过的知识就算没考你能得出它的“无用论”？举个栗子，你吃五个包子吃饱，当你吃完，于是你不禁感叹，早知第五个包子能让我吃饱，那我只吃第五个就好了。所以前面四个可以不用吃了？正如我们读过的书，学过的知识，我们的生活，绝大部分都是由这些“无用”组成的。虽然决定人生的转折点只有那么几个，但请不要忘了，正是这些“无用”，一点点塑造了我们的灵魂和血肉；正是由于这些“无用”积淀累积的厚度，在那些重要的时刻，起到催化触发引爆的作用。而在大学，我们需要在短时间内接触大量新知识，现学现忘，过程中创新思维、动手能力、快速掌握新知识的能力更重要。  2、那封信中，90分就像是满地的大白菜，只需考前几天突击就能轻易得到。Are you kidding？你在鄙视我们努力一学期才能刷到90+的人的智商么？我们在课后狂刷题时你有亲眼看到？努力一学期还比不过别人几天的突击，还是反省一下自己学习方式吧。     信中透露出对结果盲目的追求，深藏功与名。对部分事实的捏造，是对学校老师及学生的蔑视。三个学生不能代表整个学校，教务处的回应让我感受到了张处长想把大学变成囚牢的决心，管理民主学术自由遥不可期。改革一年多以来，老师越来越流于形式的教学，同学上课战战兢兢，以不正确的目的（硬性规定课后去找老师答疑几次，有平时成绩；请假不容分说直接扣平时成绩等等无人性的奇葩规定）去学习，即使取得高分，也感受不到学习真正的乐趣。这样的大学，让人好生无奈。   如同共产党从幼年走向成熟所犯的错误，反对实施教条主义照搬照抄走形式化的大学，哪怕它的初衷是好的，许诺的前景有多么诱人。改革也应立足实际，符合本校情况。依我来看，目前这种改革注定不会取得实质性的成效，也终失去民心。     镁光灯下，静待教务处下一步动作。  以上。 ———————————————————————   http://  m.v.qq.com/play/play.ht  ml?coverid=&amp;vid=k0020t521nx&amp;ptag=4_4.8.1.12120_wxq&amp;from=timeline&amp;isappinstalled=0      ———————————————————————
如何看待兰州交通大学博文学院患癌老师刘伶俐死后才得到关注?,      生病的年轻女老师病校方无情辞退，至今已一年有余，何以媒体在老师死后才开始关注?是媒体的关注点不在这里，还是刘老师等群体的求诉无门?      这有可能患癌老师刘伶俐及家人没有联系过媒体；有可能联系过某些媒体，他们不敢报道；有可能没有出现很不好的结果，引不起媒体的关注。像刘老师等群体的求诉无门的现象很多，我们大家包括媒体等等要现在关注患癌老师刘伶俐事件之外，更要关注正在发生的类似事件！如果我国的学校中有一些类似对待老师的事件，这样的学校没有人去曝光揭发他们，那么这些学校的老师教出学生也可想而知。教育不行，何谈强国！ 
兰州大学，华中师范，川大历史院系本科考哪个好呢？, 没弄清楚你提问的具体指向。如果是考以上学校的本科，那只能看你的高考分数来量体裁衣了。但无论是高考还是考研究生，还是建议从就业和深造两个角度来考虑选择的问题。华师师范专业的本科就业率非常高，几乎可以达到百分百，但听说川大文科专业的就业情况很不理想了。而历史专业研究生就业情况目前非常严峻。高校就业已经是两头容易中间难。这三个学校各有所长，很难断定哪一个在历史学这个大类学科上有绝对优势，主要依据你的兴趣点去做选择。近代史选华师，古代史选川大，敦煌学选兰大。总的来说，好考的前景未必太好，前景好的肯定不好考。就社会接受度而言，985肯定要好于211，而学界的接受度主要看是看你的个人能力和导师影响力了。归结起来就是本科看学校，硕士看专业，博士看导师。跟据上面的这句话可以指导你求学过程中不同阶段如何作选择。 
本三法学专业，想考兰州大学法律硕士。请熟悉兰大法律硕士或者是兰大研究生的学长学姐们给点意见？,本人兰大本科法学院，兰大法学真心不怎么好，要来兰州，还不如考甘肃政法学院。
兰州大学的敦煌学怎么样，研究生毕业就业前景如何？, 不建议考这个专业，若坚持要考，做好以后读博士和博士后的打算，在社会上工作基本没有对口的，事实上整个历史学学科现在都不太好，若是本科毕业不想工作，在家庭条件很好的情况下，可继续读研在学校缓冲两三年 
如何看待“我为什么放弃了985的兰州大学，而选择上海大学？”相关的微文？,       我也是刚看到这篇文章，因为文中也提到了我的学校，也可以加一个利益相关吧。        估计大部分人，尤其是像我这样在省内考几千名的学生在当初填报志愿是都会遇到这种情况：选城市还是选大学，尤其是偏远地区985和经济发达地区211的选择。当时对我来说，985这个名号的吸引力要大于地区，可以说是一种身份认同的存在吧，于是远赴了祖国的北疆。现在看看文章中的观点，首先指出传统985学校科研实力和学术氛围包括考研出国要优于像上海大学这样的211，这点说的很对。但由于经济原因，偏远985没有足够精力去强大教育，吸引人才，也是不争的事实。地方政府无法提供足够的资金建设，优秀教师纷纷被挖走，至于培养的学生，我身边的同学包括我自己，大部分表示毕业后不会留在这里。所以，只要经济发展不起来，学校只会不断没落。这的确很令人痛心啊。        不过，我觉得文中观点还是要批判一下。首先文中说选择一所大学也往往意味着选择了未来生活工作的城市，但是难道偏远地区985毕业生就一定会留在本地吗？我已经说过我身边的大部分同学不考虑留在本地，大部分考虑北上广或是东南沿海城市，只是将学校作为一个学习的地方和工作的跳板，以后是要靠毕业证和个人能力找工作的。也就是说在哪里上大学并不会对在哪工作生活造成太大影响，毕竟上大学的地方本来就不是家乡。第二是企业的校招实习问题，北上广会有更多的企业与机会。但要知道在优秀企业校招方面，985还是有很大优势的。下面是网上搜的图    可以比比，高下立见。         第三，我想谈谈关于眼界视野这方面的东西。音乐会，演唱会，展览是不多，但985学校的学术讲座是不会少的，娱乐活动是不多，消费水平是低，但咱好歹书也不会少读，你不能就因为你在大地方上学就说我们这些人没见过世面。见识眼界这种东西，还是看个人吧。难道身居草莽，就不能心忧天下吗？(哈哈，开个玩笑)。对了，文中还谈到了圈层问题，举的例子是河南二本和广东重点的对比，例子没错，但不对题啊。二本的话，不论在哪里，圈子都不高吧?兰州大学的同学未来混的，不一定比上海大学的差吧(说到底还是看个人吗)。不过必须要承认偏远地区大学的同学毕业大都各奔东西，大学期间形成的朋友圈，同学圈会慢慢散去，如果在一线城市，这种圈子往往会保留下去，这点真的是没得比。         唉，说了这么多，其实也没啥意义，个人选择终归是个人的事情。也许是因为自己是有所相关的，想法可能会有些偏激。再说了，随着双一流的出台，985已经是过去式了，还老是纠结于这些干嘛啊。再好的学校也有坏学生，再差的学校也有好学生，好好学习才是重点。不说了，明天还要考近代史，背书去了。
广东的孩子去兰州读大学需要注意些什么？,我是广东妹子，一直想读个跟广东风土人情都截然不同的大学，因为怕除了大学基本一辈子都在广东了。 因为理科超烂，只考了二A中等分数，就报了西北民大。  我比较独立就一个去报到了，差点没死在火车硬座上，36小时的车程都挤在人山人海的车厢里，座位底下还有买站票的农民工钻进去睡觉，上个厕所都是一场战役。都怪我第一次买票没经验，不过也算是新鲜体验。  兰州超干旱，南方人刚去要晚上拖地或放盆水增加空气湿度，很多人不适应干燥流鼻血，我感觉晚上都呼吸不畅要一直拿小喷壶往空气喷雾水。  口味重，尊重民族文化这些就不提了。  我觉得难得有机会就多去周边省游玩，我现在工作了才后悔大学没旅游够，因为工作后一放假就全国放，旅游景点人山人海，学生好歹有暑假寒假。  我去过甘肃一些地方，例如长征会师的会宁，当归之乡岷县，藏族自治州甘南大草原，回族自治州临夏等，见识了不少异族风情。特别是靠近四川的地方美得很九寨沟差不多。而且都是论文获奖所以陪马克思学院的教授一起去的，免费。  自费去的有青海湖，西安，可惜拉萨没去成。都是网上看攻略，订青年旅社，穷游。
兰州大学口腔研究生真题多为选择题还是简答题？,基本都是主观题 名解 简答 论述
已经月底了，双一流名单公布了吗？兰州大学进入双一流了吗？,沒公布，但蘭州大學會進的
一所西部名校在市场经济时代的生存样本｜兰州大学启示录？, 看了《中国新闻周刊》的报道，只能说陈述的都是事实，但对于影响兰大衰落的因素并不完全是文中所展现的那样。  看一所高校是在进步还是衰落，我觉得有一个标准可以略微参照，就是看这所高校的师生对于历史的态度是缅怀与继承还是当成精神鸦片一般埋首过去，不敢正视不堪的如今。兰大目前比较尴尬的处境是，它有强势的专业，但这些王牌专业却未必有强劲的对手，比如兰大的草科全国第一，但有草科的院校全国本就不多，而且多是一些农业大学，这样的第一与热门专业的第一比起来想必是相距甚远；兰大的一些专业有辉煌的历史，但历史的辉煌与现状的泥潭比起来相差甚远，更可怕的是，学校里的老师好像还没有认清这个现状，依旧沉浸在自己院系影响力一呼百应的地步。  兰大衰落的因素：  A.地理区位  兰大的衰落是由于从行政规划改为市场经济的锅？这种因素当然有，但我个人认为最直观的还是地理区位的原因。  城市发展不起来，则生源差，生源差则教学质量差，教学质量差则教师流失，教师流失导致教学质量进一步下滑，从而继续降低了对优质考生的吸引力，招生质量忧心忡忡。  最令人绝望的应该是兰州这个城市的本身发展潜力，因为地理因素，兰州沿黄河而建，它是一个条带型城市，这个城市想往南北纵深方向发展的可能性不大，这在很大程度上制约了成为一个大城市的可能。另外，兰州当地的民风可能偏安逸，这里很多大商场都是早上十点才开，开得最早的开能是天还没亮就起来干活的牛肉面馆了。这里是兰州，而兰大的本科学生大多集中在距离市区约有一个小时车程的榆中县夏官营，很多兰大的学生都说他们上大学缺少一种视野，缺少很多机会，原因就在于此。  一座未来你并不想在这里就业的城市，一座有民谣歌手有烧烤啤酒但就是没有发展潜质的城市，又有多少人愿意去选择呢？  一带一路现在提的很多，但对于兰州切实的改变，我还没有看到。值得欣喜的是与兰州有关的很多高铁现在陆续开通，交通肯定是越来越方便了，但它不便的地形因素不像是能够成为超大人口的城市。  解决不了兰州本身的问题，解决不了甘肃现有的贫困问题，妄想要兰大去恢复往昔的辉煌是不切实际的。不是说高校就指着政府的拨款来活，但兰大与同为985的其他高校相比在资金上还是较为欠缺的，没钱还想要揽进人才那对于现在可真是天方夜谭。  B.遗风不再  兰大确实有过辉煌期，但辉煌期不是单靠一纸行政调令就能达成的。  辛树帜老校长曾坚持写信二年给顾颉刚先生邀请其来兰大，江隆基校长把赵俪生先生从乡下召回……招揽人才案例众多，在此不一一细举。  从我入校以来，听到最多的都是这个大牛或者那个大牛可能要被挖走了，心累。  C.近亲繁殖严重（算是一把双刃剑吧）  D.文化传承  榆中校区从2001年开始算起也就十几年的使用时间，优劣如何兰大自己人深有体会。但真要搬往青白石校区，那么榆中校区存在的回忆、精神又将如何放置又是一个问题。简而言之，当初为了兰州市而冲锋陷阵的做法略显感性，榆中校区的设立给兰大留下一个难以解决的烂摊子，但真要抛弃榆中校区那我大学三年的回忆又将何处安放？真是剪不断理还乱。 
211高校想考兰州大学数学系，难度有多大？,没什么难度
如何看待兰州大学运动会要求每人写500篇通讯稿？,这么黑兰大真的好吗？，至少我们院只要每人写五篇。
兰州大学研究生迁往南通校区对学生是好是坏？,  作者：匿名用户 链接：  https://www.  zhihu.com/question/3106  4828/answer/156071982     来源：知乎 著作权归作者所有。商业转载请联系作者获得授权，非商业转载请注明出处。   我现在就在兰州大学南通研究生基地的宿舍里打这段文字。不知道王大校长是怎么想的。长三角的确是比兰州发达不止一点半点，但目前这个阶段的南通基地，却可以说是发达地区中的一个偏僻、贫困的孤岛。  这里只有两间阅览室，稍微专业一点、学术性强一点的书籍都找不到。由于上课的老师都是本部过来的，所以只能集中授课，来了一个老师，十天八天把课程讲完就回兰州，老师们都觉得效果特别不好。这边的教学楼、宿舍、食堂的产权都是当地的一加开发公司的，不属于兰大，所以在管理上存在着很大的问题，前几天这边还很冷，物业就把空调停了，室内只有十一二度，大家强烈要求下才重新供暖。  食堂的饭菜价格比兰大本部食堂高得多，随随便便一顿饭就要花去十几块，而且非常不干净。洗澡的热水需要插卡，基本上是以每秒一毛的速度在扣卡上的钱，所以有热水不敢用，我都是自己烧水洗澡。   有一点很坑爹，在这里入驻的学校除了兰大，还有通州湾技工学校、南通蓝领职业技术学校、还有个什么爱丁堡技校（这名义一股浓浓的山寨气），不管是在阅览室还是宿舍，这些学校的孩子永远都在大吵大闹。在宿舍楼里，他们每天凌晨五六点就开始叫喊、摔门、大声说脏话，直到午夜12点以后才能安静下来。有的同学出来制止，结果这群半大孩子还威胁要打人，醉了醉了   早晨六点多，我们还在睡觉，这边的技校就用大喇叭喊话，几乎每天都被吵醒。在食堂吃饭的时候，技校的孩子不排队，乱哄哄一团。这几天这边的午夜重新做宿舍楼外墙皮，不管是清晨还是午休时间，电钻电齿轮都会发出噪音，反映情况之后，没用。还有技校的老师拿着喊话器进入宿舍楼喊话的情况发生……  没有联通移动营业厅，上学期换新手机时候，手机卡被我弄掉找不见了，于是坐公交去70公里之外的市区补卡，回来后手机卡奇迹般地找到了。   最重要的是，这里没有书，没有书，没有书。前几天导师打电话时候，建议我们，实在不行写论文的时候就回兰州租个房子吧，用本部的图书馆……所有的老师、绝大部分学生都不愿意来这里。   这里距离上海、苏州、杭州等城市都只有几个小时的车程，所以出去旅游还是很方便的。但距离南通市区远，70公里，不亚于榆中到本部，而且车少。从这里折腾到火车站至少得三个小时，还得是扣掉转车等候的时间。可以试试用地图规划公交路线：通州湾科创城——南通站。   综上所述，这里是个玩的好地方，却不是学习的好地方，因为没有书。见导师相当不方便，愁煞人。   刚刚又听到技校的孩子在楼道里一声国骂。前几天有连着三天这群孩子打架的情况发生，我还看到了九节鞭、双节棍等大规模杀伤性武器……心塞塞，怕怕……   ——————————————————————————————————————  今天，4月17日，有同学在食堂的饭里面吃出来了一粒老鼠屎，科创城方面象征性地道歉了。  关于技校学生扰民的问题，据说前几天有同学给市长写信，13日技校全部搬离兰大住宿的3号楼。然而貌似一直都有技校学生出入，今天又新搬来了一群技校的。我们隔壁就住着技校的，听到行李箱滚动的声音我出门查看，那行李箱差点撞到我身上，技校的孩子扬长而去，呵呵呵呵……  现在门外传来阵阵国骂…… 
如何看待河海大学校长王乘赴任兰州大学校长？,穷到退订数据库 还能说什么
兰州大学金融专业就业前景怎么样？,不管你喜不喜欢，但中国这么大的一个制造业，大量工厂需要化学人才，而且化学这种学科有很高的技术门槛，你毕业肯定能找到工作。  金融这东西就只能呵呵啦。搞金融真的要靠关系的，不然你可能一两年里都找不到工作，然后就在公司里当个办公室工作，做一些无关紧要的工作，拿着极低的工资。
兰州大学文科怎么样？,哲学系硬答：比较受宠的当然就是管理学院经济学院这种文理兼收的大（You）院（Qian）了。其实文科除了历史学院比较有传统外也没有什么特别突出的。新闻虽然不占区位优势，但总体就业还不错，还有一个在大二可以考的新闻院专业：网络新闻（2+2）比较热，有认识的这个专业的学姐今年去了驻英大使馆，当然这主要是个人能力。文科最好的当然就是大一结束可以考的萃英学院，是国家珠峰计划的一部分，具体信息可以上网查，保研率基本90％，英语学习也比较好，经常出去交流，可以为以后出国做准备。另外军训期间还有ACCA班以及各种基地班的考试，如果现在填的志愿不满意还可以考虑到时候考别的专业。综上，能不来就不要来了，如果非要上双一流大学，这也是个保底的选择。  最后附一张哲学家们在室外上课的照片。
东北大学和兰州大学相比，哪个更适合文科生？,题主啊，这是美国的东北大学而不是中国东北的东北大学，tag打错了
兰州大学同志生活现状？,同志，，，你想多了。兰大真心没几个，我到现在都没见过一个（所以更没有一对），有的话绝对是极少数
求教双一流名单公布后，预计东北大学和兰州大学哪所学校今年的研究生报名人数变化幅度更大？变化方向如何？,研究生还是看专业的，兰大偏理科，东北大学是纯工科学校，兰大东大肯定都会进双一流，只是分不分AB类还不确定。所以该上什么学校还上什么学校，不会有太多变化。
有谁能够告诉我兰州大学怎么样？如果考大约多少分啊，什么专业好啊？谢谢?,难道你不知道使用搜索工具么？
我本科不是法学，可不可以报考兰州大学法学硕士？, 可以报啊，只有专业够强，能考得上 
兰州理工大学怎样？望具体,谢邀，然而并不了解。推荐你可以从看官网、招生网，网页搜索、加招生群、看贴吧（这个渠道无用信息可能比较多，你可以主动向该校学生提问啊）两方面进行综合了解。 还有一个，你选学校还是选专业，选城市？选学校的话，看它三年提档线；选专业，看它专业（你想读的）平均分；选城市，就是。。。。你喜欢兰州吗？（风土人情、饮食、教育资源分配等）
如何在南京理工大学和兰州大学间选择？,没有可比性吧。兰州大学区位太差了，沿海东部地区不认可，知名度太低。你要是西北人或者不打算往东部就业生活当我没说。 … 室友看到别打我（*＾ワ＾*）
兰州交通大学的西班牙语专业怎么样？就业呢?,虽说是本校学生，但说个老实话，就几个老牌专业能拿出手，很多专业是为了凑人数从学院升大学而设立的，除了几大专业，其他专业就业很心酸，何况几大专业就业质量也不咋滴，年年吹，真的服。不过吧，全国的同类型大学差不多都一样。
兰州大学究竟有多烂？,一点也不烂，你有这种想法很危险
在兰州大学读书有哪些鲜为人知的生活技巧？, 已经毕业近一年的学姐的过来人经验：  1.大功率电器千万不能用，要用也得买个变压器，有了变压器再买个电饭锅，周末宿舍可以买点菜围坐在地上吃火锅。 2.二食堂的牛肉面最好吃，在兰州四年习惯了早上吃牛肉面。 3.西区的文科实验平台可以上自习，还有教育院的苹果机房，体验感棒棒哒。 4.图书馆自习室抢不到座？可以去地下一层机房或者再往里走的影像资料放映室，安静人少，不过有时候不开门。 5.视野广场周五晚上有集体锅庄舞，大家一起跳着很欢乐，事实证明，学会锅庄舞对你以后工作生活都会有帮助，因为指不定公司办个娱乐活动，锅庄舞就能派上用场。 6.大学社团要多参加，最遗憾的是没有参加绿队，可以认识很多小伙伴，结识很多朋友，因为你会发现以后经常联系的反而是你大学课外结识的伙伴。 7.日出日落时分的萃英山最美。 8.在榆中，通往民大榆中校区的那一道墙缩短了到去民大的距离，个高的汉子们可以考虑翻一次。 9.从南方来兰州读书的小伙伴要趁着上学几年时间多出去旅游，青海，宁夏，新疆，西藏，因为离得近，从兰州到拉萨火车只需要24小时，而从北京去拉萨需要近40个小时。等你毕业再回到南方，再想去这些地方就比较远了。  10.毕业后的校园卡不要拿去院办注销，以后还能刷卡！ （亲测有效，15年毕业没有注销校园卡，16年3月回学校，卡里余额还在还能刷，对母校一下子的情怀又深了许多！）
东北大学和兰州大学相比较哪个比较适合工科男？,当然东大了，工科起家的，它的曾用名是东北工学院！
兰州大学的学生真的是骑骆驼上学吗？,这个问题就像有人在贴吧里问“警官学院是不是有越障与攀爬课？你们上课不走楼梯而是翻墙是吗？”一样 都是自黑的段子。
兰州交通大学经济管理学院开设的双学位专业有哪些？,会计学，国际贸易，财务管理…就这些
文科女生适合去兰州大学吗？兰州的环境怎么样？,同为湖北考生，学长是理科的，现在在兰大就读大一。   来之前也听说兰大的环境不是很好，如今也来了一年了，就说说自己的一些感想吧。 首先，我感觉兰州的天气相对于湖北真的要舒服得多，首先说现在的夏天，气温不会超过30度，不站在太阳底下的话非常凉快（当然太阳还是比较毒的，毕竟海拔1700米），所以这里也不需要空调，放一张目前温度的图片    再说说冬天吧，兰州的冬天有暖气有暖气有暖气！！相比于湖北来说真的很舒服，室内的话只要不穿的太少（学长冬天在寝室就穿一件长袖），就会很暖和，室外的话我感觉跟湖北的体感温度差不多，毕竟这边比较干燥，没有湖北那种湿冷的感觉。   然后，就说说兰大的环境吧，兰大的寝室（大一到大三）是四人间，没有独卫（北方好像都没有），洗澡得去澡堂洗（澡堂还挺多的，私人澡堂也有）。教室条件跟大部分学校都差不多，榆中校区有三个食堂，味道不能说好，甚至可能赶不上你们高中的食堂 ，但如果不太在意的话也不会有很大影响，而且牛肉面只要三块五hhh，吃不惯食堂了可以去后市开开荤hhh。兰大榆中校区这边附近没有什么大型购物区，兰大校园内有一个后市，基本满足日常的需求。兰大和西北民大之间还有一个小型的商业区，ktv电影院也都一应俱全，所以除非特别想体验市区生活，一般不会怎么去市区。对了，去市区的话学校有专门的校车，凭校园卡六元一次，一个小时不到就能到市区的校区，附近公交车三站路就有一个万达，还是比较方便的，校车车次也不少，够用够用。其他的跟其他学校也都差不多，我也就不一一赘绪了hhh。   嗯，再说一说兰大的专业问题，兰大以其基础学科闻名，真的是非常强，比如说什么物理，化学，草学，核科学之类的，还有就是管理和经济这两个专业也是排名比较靠前的，其他的专业虽说没有以上这些厉害，也还是很不错的！！再者兰大在国际上的声誉很高，如果学妹有想要出国深造的想法，兰大很值得考虑哦！对了，兰大转专业也特别方便：在新生刚开学的时候，会有一次全校范围的基地班考试，所谓基地班，就是那个专业相当于最好的班吧。那时候任意专业的学生都可以报考任意专业的基地班，考上了也就把专业转啦！还有，因为兰大是985，将来考研也比很多学校方便，保研的机会很多，只要好好学习，将来还是很有机会的！   哎呀，一不小心就说了这么多，总而言之呢，学妹真的可以考虑一下兰州大学，自强不息，独树一帜，这不仅是兰州大学的校训，更是每一代兰大人的精神体现！来兰州大学，相信你不会失望的！  最后，放一张我最喜欢的兰大的天空，姑且就称它为兰大蓝吧hhh(学长自己用手机照的，照的不太好hhh)    如果学弟学妹还有什么问题，欢迎随时私聊学长哦！
兰州大学能修双学位吗？,谢邀。可以的。不过以前可以辅修教育学或者心理学的双学位，现在的话由于教育学院被撤销，只能辅修教育学双学位。但是据说双学位专业的学位授予单位是兰州大学而不是教育部，所以认可度不是太高。我原来也想修心理学双学位呢，后来觉得上课考试太麻烦直接自学考证了。
如何真实的评价现在的兰州大学？全面一点的。？,地理位置已经甘肃省自身的贫困决定了兰大资金缺乏人才缺乏，兰州市本身的地域又决定了兰大校区的扩张很难，跟东部高校比，兰大对学生的吸引力十分微弱，所以很高分数的来这的已经很少了，来这里的要么冲着兰大的知名专业要么就是没有足够的分数去更好的学校，实话说现在学校的生源质量并不是很好，但是兰大依然有不错的专业，如果你真正的热爱自然科学，那么兰大值得你来看看，它定会给你留下终身难忘的印象，兰大没有传言那么差，但也确实比很多学校在硬件上差些，但我想还是值得来的。
我从江苏千里迢迢来到兰州大学，江苏教育和高考大家都知道，放弃了南审会计苏大南师来到这儿经济，明智么？,明智！也许你会为你这个决定庆幸一辈子。
兰州交通大学单身女生多吗?,交大女生都不放过，丧心病狂啊
悉尼大学和兰州大学怎么选？,  悉尼，兰州读出来估计也的走卖猪上市那条路，专业太垃圾，活口都难。 
本人湖北文科生，高考568，排名2750，能否上兰州大学？上兰州大学对今后发展是否有利呢,新西兰…不解释。
高考失利，应该选择兰州大学还是东部沿海省内211?,今天填了兰州大学，同分数尴尬
西南交通大学和兰州大学？,马上到西交读研，也是材料专业，兰州大学虽是末流985但是拿到西南地区应该还不如西交，再加上兰州生活条件相对成都要适当差点，还有你家在成都，所以个人建议西交。
兰州大学有什么不足招人黑呢？, 生活条件什么的我并不在乎，最让我黑的一点是，老师和学生在这所学校只是上级保住位置或者往上爬的工具而已，这是一个政府机关，捎带着教学工作。  我热爱兰大，但我痛恨兰大的绝大部分领导。 
在兰州财经大学上学是什么体验？,宿舍：八人间  上下铺   说实话我衣服没地放。。。没有独卫   有洗浴中心   是单间的  食堂：学生食堂共有五个   两个清真  三个大众   口味较重   个人感觉不好吃。。。。不过偶尔还是有新奇的待你发掘  环境：嗯  好像在大力维修重建   绿化做得不错   两个操场  没有室内体育场。。。      图书馆共9层  但开放的只有7层（关于这个我已无力吐槽。。。）      教学楼5栋（而且还有地基塌陷。。。）  最后    好像黑的有点多？？？咳咳  最后建议你三思三思三思而后行     最后的最后的体验是     如果可以   我选择拒绝     
如何看待兰州交大三名大学生不满考题太简单实名上书校领导？,他们曾经就是提醒老师布置作业的人
兰州大学？,区域研究型院校的特点就是，在该区域内拔尖，出了这个区域，知名度随着距离的增加而降低。题主若是以后有在西北扎根的念头，兰大就是一个好的选择；倘若以后还要回到福建，显然福大是更合适的。
如何看待兰州交通大学的偷窥事件？,谢邀。 这是我当时的回答  https://www.  zhihu.com/question/4841  7572    
非211中的西南政法大学比985中的兰州大学差吗？,西政法学。。。题主可以偷着乐了，你已经成功吊打全国百分之99以上大学的法学专业
为什么兰州大学数学系能排名世界第37名，成为中国区第一？,我是九六年考进兰大数学系的。楼上有朋友提到兰大数学系的老师们，很亲切，范先令老师给我们班上的第一堂专业课，赵敦老师教过我们微分几何，邓伟华是我同班同学，任过我们班班长。 这里插一句话，很惭愧，我数学学的很不好，当年给各位老师添麻烦了。各位年轻人多学学你们邓老师那样的榜样。 就事论事，我是感觉我们系无辜躺枪了。从我的角度上看，主要是这个排行榜的积分方式，对我们系还是比较有利的。但是高校的实力是综合的，方方面面综合在一起，我们没那么强。 兰大地理位置不好，很多时候难以吸引人才，也不容易留住人。中大数学院的崔尚斌老师就是兰大出来的，我们那时候用的立体几何课本就是崔老师写的。有一说一，兰大在教学研究之外的事情上是吃亏的。受环境制约，跟一线城市是有差距。其实实力还是有，而且在招生、吸引资金等等方面，兰大总是被低估的。兰大的老师们如果是个喜欢自夸的群体，应该得到的赞誉比现在多很多。 但是具体到这一个榜，恐怕是有点高估了，比如基础研究方面，成果很多，数学是做不得假的，像范先令老师他们达到的高度是不能否认的。但是另一方面，举个例子，我们也还没有中山大学的老师们终结庞加莱猜想这样的大新闻搞出来。 虽然我知道会有同行不服，毕竟这个例子捡了佩雷尔曼一个漏。但是这个completed的荣誉是属于中大的，值得祝贺。 还有像山东大学的王小云老师在密码学上的成果，作为IT业者，我能感受到整个业界受到的震撼和冲击。 这些足够让我这种圈外人也能看到的巨大成果，据我所知近些年，我们比国内的一些顶尖的院系，还是差一些的。 母校受的冷落够多了，没钱，巧妇难为无米之炊。不能光想着没钱也能出成果，要切实看到，如果给更多一些资源，明明可以做的更好的多。说饿肚子或许夸张，但是兰大的老师们是在“欠费工作”的。像范先令、张和平、傅初黎、赵敦等等各位老师们，如果换到发达地区，能得到的物质和资源上的重视、尊重，要多得多。开个玩笑，如果伟华他们这些留校的同学想要出来，我们给他找个物质上好的多的工作机会恐怕是很容易的。他们愿意留在兰州，教书育人，埋头学术。并且创造了这些年数学系的长足进步，甚至在这么一个排行榜上可以拿到榜首。这是值得祝贺的事情。是各位老师和同学的荣誉，但是应该给他们更好的环境，相信他们可以做的更好。 如果教委的领导们也觉得这个排行太水，请给兰大多投入一些，我校一定可以让它不那么水。 应该看到，在某一个排行榜上刷到一次榜首，这真的不代表兰大的数学系在国内就实力第一了。饥饿的状态需要填补，也需要更多优秀的人才参与建设。天上掉下来的馅饼多少有些虚幻，不能拿来充饥。不妨就当作足球联赛某一轮踢到个榜首，离赛季冠军还远着呢。 传统上兰大化学系的有机化学，物理学院的现代物理，力学系固体力学，生物系的干旱农业等专业代表着兰大理工科的最强实力，现在数学系赶了上来，值得高兴，不过第一梯队的各位一样值得关注呀。 北大的老领导江隆基为兰大做出了巨大的贡献，本部有江校长的像，后人们一直没有忘记。我们应该看到被榜首了并不表示我们要有什么看不起北大清华的情绪，这是不对的，人家的客观实力是在那里的。学术圈子就这么大，我们也有很多同学校友去了北大深造和工作，于感情于历史，北大跟兰大有情谊，也是我们的榜样。希望北大也对我们这个西北的穷学校多多帮助。我们是朋友，不是对门。：）  PS. 今年暑假十五年同学会，我正赶上公司项目上线，没有回兰州，现在谁还在母校工作都不太清楚了，如果提及的情况有什么错漏，还请各位校友指出。
兰州大学和上海大学你选哪一个？,  很多帖主有个误区——觉得一个甘肃生源的上海大学本科毕业生能轻松落户上海，找到高薪工作，然后买房成家。。。。。。      以现在的政策而言，上海大学本科毕业不大可能落户上海，至少硕士毕业才行（上海是积分落户，其分数线正好可以卡住绝大多数本科生）。然后呢？还是很难买得起房。外地生源毕业生，毕业后离开上海的可能性很大。再说了，如果你的目标是硕士，那么本科这四年不在上海，又有什么问题？  如果你上大本科毕业，不能落户或买不起房去了其他地方，你那个上海大学的文凭，在上海以外恐怕会被视为二流，甚至被视为一般院校。（比如十几年前，我的好几个上海本地同学，都认为上大只是保底的选择，在211中是末流。本地都如此，到了外地名声就更一般了）  举个例子，如果有些单位要求【本科985】，那你很可能就被刷掉了。有些在行业内知名的211学校，如上海财经、北京邮电，用人单位会识货，不要求985，但上大显然没有这么厉害。   兰州大学就不一样了，虽然衰落，但历史积累的名声强大，在全国各地（上海以外）认可度更高，而且回甘肃家乡更有利。  依我看，不如选择兰大获得985出身，将来再到北京上海其他985高校读硕士博士（有一点值得注意：教授们招研究生，是会看本科出身的，211考985，那是“高攀”，985考985就是平级了。兰大985出身是有利考研的，学习成绩好甚至可以直接保送北京上海985）。  硕士阶段再来上海，并不晚。既可用上海硕士文凭留沪发展，又可用兰大文凭回家乡找到好工作，进退自如。 
兰州大学真的允许学生骑骆驼么？为什么有这样的规定？,我看到有些人，居然污蔑兰州没有骆驼！ I am angry！这纯粹是污蔑，啊，污蔑。  我明确告诉你，有的，而且还很多，作为出行必备，也已经引入兰大等兰州各大高校，有些土豪高中比如西北师范附中也有所配备，这都是不容置疑的事实，我怕有些人说无图无真相，在这里，我就让你们知道，兰大的校车到底是怎样的  以下图片来源可靠，真实可信，绝对不保证没有经过PS等软件的加工                       相信看了图片应该不会有人质疑事情的真实信了吧
兰州哪家哪所大学考mba好?, 你要论品牌当然国内是复旦清华北大好  你如果只是自己实用的在兰州一亩三分地混的兰州大学就行  感觉师资 教程满足不了你的  可以自购哈佛的MBA教材  师傅带进门 修行靠个人哦   让你考进这个学科只是给你一个目标  学多好要看你自己 
我是高中毕业生，今年考入兰州大学的汉语言文学专业，以后想当语文老师的，有机会吗？我应该做些什么？,了解并及早准备教师资格证考试。 有意识地进行书面表达（写作）和口头表达（演讲、主持、辩论）的训练。 参加与教学相关的社会实践（培训班、支教、教辅编校）。 养成练字、背诵诗词、阅读摘抄的习惯。 了解教育学、心理学的基本知识。 练习语文试卷。 做一个既用心做事又能思考、反思的大学生。 不做一个将教育过于理想化的空想家。
对兰州交通大学的客观看法？,有兰交大的老师同学吗？ 
为什么兰州大学不重视医学院？,楼上说兰医本来不是兰大的，我今天是作为一个长者——喔不，学长，我见得太多啦，可以告诉你们一点兰大校史：   兰州医学院前身是创建于1932年的甘肃学院医学专修科，1942年改为西北医学专科学校，1945年成为西北医学院兰州分院，1946年并入国立兰州大学。1954年，为响应国家大力培养专业技术人员的号召，医学院分出独立建院，成立兰州医学院。2004年，回并兰州大学，现为兰州大学医学部。  1932年兰州大学就叫甘肃学院，我们现在的校歌就叫《甘肃学院校歌》：    既然楼主不满硬件，我们先说硬件。 医学院之前并到兰大的时候就是这个条件，兰大也没把医学院的好宿舍好校区拿给其它物理化学经济管理等学院，把医学院的学生赶出去睡烂宿舍。现在没好转多少，但起了个新宿舍楼，假期还折腾大家搬n次宿舍装修。本部的宿舍都换了新楼门，有门禁，不知医学校区换了没。因此，可预见大家的生活条件会向好的方向发展。虽然好了之后肯定跟厦大什么的也还是天壤之别，但终归还是会好些的。你们看，北师宿舍都装空调了呢。  说医学院条件不好，没问题，那特么宿舍简直不如监狱，跟北师的宿舍似的。但说不公，我觉得说不过去。要说你们觉得榆中校区条件好，其一是那是新楼，嗯，相对新，条件和几十年前一样也说不过去。其二估计把你们放榆中五年，骂李发伸搞榆中校区学生实习泡实验室不方便的群体里估计也会有你们了。  至于食堂，楼主说医学的食堂烂，我是觉得所有食堂都一样烂，本部食堂一楼的鸡肉也都是鸡骨头。这也不构成对医学生的不公。非要说，也只能算是兰大为何如此惨，应该是觉得学校和东部一个二本比的不公。  至于热水器的问题，我猜是旧房子线路功率低，没法装吧。旧房子翻新折腾了大家搬了三次宿舍都有人要堵贵勤楼了，这再弄下线路。。。当然是猜测，可以西北望问下后勤，为什么不能给医学也像榆中一样装热水器，他们答复得挺快的。  至于学术科研资源，可以看看医学院近些年的发展速度，具体指标比如自然科学基金的数量、省重点实验室数量、省重点学科数量等，这些年增加的速度和当年兰医时候的比较，还有发展规划处公布的985、211资金分给医学院的情况——这个兰医的时候都是没有的。  至于行政资源，当年兰医并过来时，留任的兰医的校级党政领导全都给了兰大的副校级领导，阎孟辉、何晓东、景涛。现在兰大的副校级党政领导也有好几个医学院出来的，李玉民、郭琦、钟福国，比例不小了。  要是说跟物理化学、经济管理比，觉得不平衡，前者请参考 NASA回答：为什么那么多人吃不饱饭却要花费巨额金钱探索太空？(转载)    ，后者人家有EMBA，赚到翻，赚得多当然自己用得多啦，给自己院的学生租图书馆自习室什么的。总不能说上海经济好，就要把上海高于全国平均税收的全部拿给西部吧。  不知说了这么多，楼主会不会平衡些？还觉得不平衡的话，去贵勤楼咬校长去吧啊哈哈~~
兰州大学好不好？,谢邀。在来兰州的火车上看到题主的邀请，但是这是第二次来兰州，各种忙，因此回答也就一直耽搁下来。 我是来自山东的一名大一新生，家离兰州有一千三百公里，非常荣幸能有机会近距离的了解兰州大学。 兰州大学，在我的认知中，用“没落的贵族”来形容比较合适（不喜勿喷），在我家那边，基本上有文化的人才知道兰大（曾经）有多厉害，很多人都认为我兰是二本（无话可说好吧）。狮子不会因为犬吠而回头，来我兰就应该埋头苦干，嘴长别人身上。
兰州大学通信工程学生保研保到好一点985学校可能性大吗？,可能性还是挺大的。虽然工科在兰大不是最强势专业。但是学校的教学质量口碑还是不错的。因为985的原因保研率也不错。如果不能获得保研机会，考研在复试环节通常学校声望不会拖后腿。  此外如果有条件的话，工科专业还是建议出国读研。
在兰州大学读化学，有没有出路啊？本人女，家境一般？,如果你喜欢天天吸毒（虽然会戴着防毒面具和防护服但然并卵），每天枯燥的加料投反应，没日没夜地点板过柱子，毕业后每月拿着几千块钱的工资还感觉乐呵乐呵的，那你就撒欢迈开腿在化学这条大道上奋勇向前冲吧。为基础性化学产业抛头颅洒热血，一辈子甘于清贫，奉献自己的一生不后悔。 现世不同往昔，为了以后的qian途和未来，你想明白了，不喜欢走化学这条道，那立马果断转行找出路。   （很多时候，提问的人心里已经有了答案。与人求助只是想确认自己的决定是对的。——东野圭吾《解忧杂货店》 ）
兰州大学新闻传播学院。不想去读想复读。求建议。？,千万别来 我后悔的肠子都青了。垃圾中的战斗机
中南财经和兰州大学的金融专硕哪个更好考?前景呢？【貌似没什么人比较过?-_-||】?,财大金融学国家重点学科，兰大区域经济学国家重点学科
安徽报兰州大学历史学类要多少名？,不是非常了解安徽的情况，但是2800名肯定没问题吧，不知道往年多少名能上？
兰州大学工商管理专业如何？,会计比较好就业
如何评价兰州大学？,            尽管综合排名不高，兰大在传统的理学学科上的优势还是很明显的，而且学科均衡，化学物理学生态学生命科学地理学气象学数学，每个学科都可以稳定在国内学术的第二方阵，化学中的有机化学，物理中的磁学，生态学，自然地理学，是国内最好之一。综合来看，生态学、地理学、数学排名比较高，化学、物理、生物尽管在校内规模更大，但其他学校的投入更大，发展更快，排名逐渐下滑，但底蕴犹在。理学的排名，次于清北和华东五校，不及中山武大，但是与除此之外的其他学校相比，没有明显差距。            草业科学比较小众，在这个领域可以达到秒杀其他的实力，这个领域里面仅有的两个院士都在兰大，草业学会的半数以上席位都被兰大占据。依托原物理系的力学基础，加上周校长和郑晓静老师夫妇的努力，土木与力学学院是工程类专业唯一的亮点。           人文社科类的科研主要优势和发展方向集中于中亚研究和西北少数民族研究，历史学下属的西北少数民族史，包括敦煌学相关的学科有很厉害的实力，得益于丝绸之路战略，人文社科学科有希望拿到更多资助，更进一步。              其他学科，亮点不多，但没有明显缺陷，即使是饱受诟病的医学，也在慢慢进步，跟并入兰大之前的兰州医学院相比肯定是进步很多，但仍然是学校最弱的学科方向之一。      工程类学科规模小精度更不高，是学校的短板之一。         对本科的你来说，选择lzu意味着，你远离了各种中心，被大西北环绕，这里的人，想法会更简单更直接，做事简单粗暴，性情耿直，没有广东浙江福建那种精明，没有太多的精心算计勾心斗角，呆几年没准儿你会慢慢变呆萌和正直，脚步比沿海的同学慢一步。        选择lzu还意味着，你在本科前三年可以体会到不受干扰与社会隔绝的校园文化，榆中的本科生还是比较会折腾的，但商业氛围不明显，最热门的学生活动永远是公益，特别是非物质文化遗产和生态保护两个议题，lzu的本科生有一些在全国都稍有名气的学生社团，兰大绿队，文化行者，达尔文协会，西北特有的人情风物，是你青春岁月里独一无二的邂逅。          兰大像一所出世的学校，与商业脱节，少了很多的功利和精明，抱着从上个世纪延续下来的那种学术的严肃与执着，还有刻板，少有变通；最在乎的和最耀眼的，还是传统理学里物理化学这种正统和庄严的科学研究，而不是技术研究，最在乎学生的，是成绩单上高高的绩点，尽管还会有人翘课挂科退学，但更多的人会在天没亮以前在图书馆前排长队占座，在破晓的时候坐在昆仑堂堂主身边读英语；与勤奋踏实简单对应的是闭塞，有的老师就会常常告诫女生们，要学会化妆，学会处世，夏官营的女生们，常常自嘲的把自己叫做夏官营大妈。            这样的环境，可以让你更正直，坚韧，与西北这片土地相处，可以让你看看不一样的中国，这里的广阔和贫穷会刷新你的认知，你尚未泯灭的同情心，你可能常常会因西北这片土地而伤心，也会为这里的美景而留恋。       如果你在一个偏僻落后的山村，或者来自偏远的西部，建议不要来兰大，不要来西安以西的任何一个地方，这里闭塞，保守，与物质的世界距离更远，      如果你来自沿海，或者其他富足的地方，见过了形形色色的人和事，建议你来兰大，这里可能会适合你，在最好的青春里，体验简单纯粹的大学，见一见让你惊喜让你感动的土地。 
东华大学和兰州大学的会计选哪个好？,明显东华占优，兰州大学虽为985但楼主可否考虑过就业，兰州有没有四大会计事务所还是问题，上海那么多金融机构会计事务所多方便以后实习。再者上海的地理位置国际环境对于个人视野的培养很重要，在兰州你能接触到前沿？上海四大汇丰渣打神马的讲座就多的不得了
