招聘会招985-211是除去中央民族大学的？,那么多招的 你怎么就盯着这个  民大毕业生在京就业率70% 和民大主要院系设置有关 民大毕业生当大官发大财的凤毛麟角 不过在京津冀和地方省会都饿不死 可以找到不错的工作  我当年全省排名前500 顶级学校上不了 又不愿意去财经 政法 外语那种专门院校于是去了民大 没后悔过
如何评价中央民族大学？,民大不仅培养出我的歧视，还让我见识到官僚主义的恶心。四年本科，从刚开始恨民大，到走时略微遗憾，并没有改变我对他讨厌，民大确实不是我会推荐大家来的学校。既然没有人愿意说出冰冷的事实，那就由我来，研究生去了国外大学就是爽，千万别来民大受罪。 选他，因为在北京，因为985 211，更因为在一本线上分很低。 先从硬件开始骂，七号楼宿舍是个槽点，六个人住的监狱一样，上下铺，床看上去摇摇欲坠。只有一张大桌子一张小桌子和三把极其破烂的椅子，分配不合理。你说你想学习你想有私人空间？对不起，不可能！对比其他学校上床下桌，我是羡慕嫉妒恨。校园网极其不稳定时快时慢，联通的网只有2M，为了打游戏用网不知道折腾过多少次。厕所是我遇到最操蛋的事情，某些少数民族极其没有素质，拉屎不冲，呕吐满地都是，直接导致我从不在宿舍上大号。楼道里经常遇到少数民族随地吐痰，我真想拿他脸去拖地板呵呵。 说说文华楼，本来有免费的冷饮用水，因为经常有大妈一桶桶装，结果只能弃用转热水，我真是无奈。电梯经常上课异常拥挤，好在后来又装了两部观光电梯，不过人还是太多了。。。  现在来说说软件，呵呵。学校里面新疆西藏的一大把，我以前从不歧视其他民族，直到我来到民大。我们院里的藏族维族，拿着极高的补助，天天不去上课，白天在宿舍打游戏晚上出去喝酒，挂了不知道多少科。毕业时，他们拿的和我一样的学位证，我记忆中在学生手册上写挂了超过20学分可是要被退学的。我曾经问过他们，有些藏族是定居在其他省份，但是高考必须回西藏，因为只需两百多分就能来民大，他女朋友三百多去人大呵呵。我承认东西部发展不平衡，我出生在一线城市不公平，但对这帮人加分这么多就公平了？请问这对其他刻苦读书的汉族也公平？发了这么多福利给他们，给这么多优待，把他们送来接受高等教育，结果他们就这样践踏纳税人的钱，我不服。我终于明白到为什么有些民族就是历史上从未富裕过，因为劣根性呵呵。我承认确实有部分少数民族同学很上进很友好，极力融入大家，我认为他们值得加分值得国家帮助。大多数藏族维族并不是，这些人应该踢回他们保留地放牧而不是浪费资源，应该帮助真正需要的少数民族同胞。 再来谈谈宗教问题，本来很多班上回族不信教，啥习俗也没有，结果这个学校的氛围逼迫他们要有习俗有信仰。你想要没有，那你怎么面对你老乡会里面的舆论压力？我最要好的新疆朋友（非维族）告诉我，新疆的姑娘比这里开放多了，呵呵。结果大家出去聚餐，必去清真餐厅。我又不明白了，我在国外接触大把中东姑娘，我们一起去吃非清真餐厅也没怎么样，她们不点牛肉羊肉以外的东西而已。我还记得有一次在澡堂，因为我洗澡水开得很大，不小心洗自己的水溅到旁边的维族，他直接破口大骂要我滚。我去你妈的，就差把他按在地上暴打，我在国外接触正统穆斯林多了去了，也没见过这么傻逼的。在民大，没有信仰似乎是件不那么光彩的事情，有信仰就有优待，就差政教合一了。 最后谈谈最关键的，教育，这所学校是不会给你提供任何你所需要的资源，一切都要靠你自己，连985的牌子都是没有多少企业认的。当然有人反驳我说本来就要靠自己，没错，直到我去了国外，见识到大学的就业中心心理辅导中心语言中心有多强大，我才意识到民大就是官僚主义极其严重。去学校开个在校证明，2号楼办公室里的人爱理不理的，态度极其恶劣。一周只有一个时间点可以开，但是他经常迟到。而且你要是没按他要求填写，让你自己去门口读通知，让你回去重新整。而国外大学我开个任何证明，工作人员都对我客客气气，有说有笑，体验不能更好。某院辅导员整天喝醉酒，闯进男生宿舍，呵呵。校青协内部斗争极其严重，环保队总被冷落，没有经费，真是苦了两个领队。 我认识一个人，大一申请了两次转专业，第一次考试他考了第三，只录两个人，他很泄气。第二次考试他考第一，只录一个人，但不是他。你说没有内幕？我向来听说转专业需要认识对的人，送点小礼物，那样你就能转成功了，这下我信了。 送礼成风确实存在，认识一个隔壁班同学，做国家级调研项目urtp还是叫gc什么的，送点小礼物给学院副主任，答辩的时候副主任帮忙解决其他教授的为难，呵呵。 再说说萨如拉事件，她教我们专业课，你猜她在讲什么？看手相，颐和园捡桃木，开天眼，她家里人都是达斡尔族的萨满。她上课需要两个人接送她上文华楼，一个班长一个学委。她有个小团伙，叫拉面，她会给拉面团队里的学生推荐工作，帮忙保研。当然，没有免费的午餐，加入拉面是要收费送礼的。她出事以后学校也没有开除，毕竟是少数民族不敢随便动，关键她还是副教授啊。我们学院有许多讲课风趣，对学生认真负责的老师还什么都没评上！ 结尾处，我只想劝大家别来，别因为985 211过来，你会大失所望。民大只是一个用来摆样子，宣传民族和谐的舞台，政治正确无处不在，若想学习请勿来此。传播了这么多负能量，那民大有什么好？有，你挂科多少照样本科学位证，成绩单不会出现你有过挂科，如果想混日子再好不过了。民大确实有很多尽心尽力的老师，但是能不能遇到就靠运气了。民大食堂饭菜没有很好吃但很便宜，出了学校你绝对找不到这个水平的，我在金融城的公司食堂比这贵比这差。民大确实有很多可爱的少数民族，可爱的藏族维族是极少数，确实存在而且人非常友善。但弊大于利，再给我一次机会我是不会选择的。
985中央民族大学的舞蹈专业收普高生吗？, 问问题之前，自己动动手  看看招生简章上有没有写不招收高中生  真的，遇事先自己想办法  比上来就张嘴问人  强得多  。 
中央民族大学教育技术专业研究生值得读吗？,谢邀，但是我对该校该专业不是很了解，给不了参考意见，抱歉。
中央民族大学计算机专业怎么样？,谢邀 民大是个民族类的院校，文科类较为突出，理工科好像是2000年之后才成立的 说实话民大的理工科相比不是特别有名，学科知名度还不如一些省级工科大学里的专业 师资力量的话在所有985，211院校里偏弱 教学环境一般，理工科教室，办公室和实验室都在一个楼里 学习氛围的话看个人了，想学的人在哪里都是学，不学的人在哪儿都一样 不过只要学好了也有很多人保研到什么北邮，中科院计算机所的，所以说看你自己吧
去北京旅游，想在中央民族大学附近找住的地方？,抱歉刚刚有时间回答你的问题，前几天外出旅游没看知乎 -------------------------------------- 虽然是民大的学生，可是我也没在周边开过房啊 不过如果你只是普通人的经济水平，周边有快捷酒店啊， 青年旅馆也有的，稍微上去的有湖北大厦 早饭的话，肯定能满足你的，周边就吃的最多
在中央民族大学单身是怎样的一种体验？,题主不要秀优越(，，•́ . •̀，，)
请问如果想要选择经济、金融、工商管理类专业，中南大学和中央民族大学哪个相对而言更好一点？,我是今年的重庆考生，也是在中南和中央民族之间纠结，然后今天发现，已经被中央民族的民族学录取了
中央民族大学或者中传的研究生可以申请双学位吗？承认研究生双学位学历吗？求具体解答，非常感谢！,已删
中央民族大学还是中国农业大学？,个人觉得文博专业挺有意思的，也合适性格：）
我超想知道中央民族大学的校徽是谁设计的呀？,我记得是民大美院院长殷会利设计的。
在中央民族大学学化学是什么感觉？,就像在中央民族大学学电子的感觉
中央民族大学历史系考研划线是科学的吗？武大350而它要360，为什么北京高校历史考研分数线那么高？,北大  345 人大  310 清华  350 复旦  330 武大  320 川大  310 北师大 315
像历史学这种学科，上三年研究生又能怎么样，本人已考取中央民族大学历史学研究生，纠结？,预祝成为谋士  
中央民族大学旅游管理考研?,有资格啊～ 不要因为民族两个字就有所顾虑，各个民族的学生都可以报考哦。 至于歧视的话，我觉得只要你专业素养过硬，就不会有这一问题。 忘了说，我是管理学院的，不过非旅管专业。今年11级有位学姐报考本校本院的研究生，笔试过线，应该是第三、四名的样子，前两名都是其他学校的学生。她报的专业录取三人，前两名笔试分数据说特别高，稳妥被录，学姐没有被录取。【替学姐抹把泪…╥﹏╥】  喏，这样你笔试成绩够高，专业素质够硬，就OK啦～  还有啊，听我们老师说，我们院的研究生大多本科都不是985、211院校的。所以。。老师应该也习惯了吧…
上海非少数民族考生考中央民族大学可以吗？,可以，每个省人都很少，我的专业当年还在我们省只招收一个人呢，我当时都不知道，后来才知道，所以最高分最低分平均分都是我，哈哈。只要分数够肯定没问题，至于你说的走后门情况可能性不太大。
中央民族大学和东北师范大学哪个好？,这个真的要区分专业了，中央民族虽然是985，但更多的是政策照顾。东北师大在语言方面，理学（数学化学生物）之类的学科上比较厉害，作为教育部直属的五大师范院校之一，又是211工程，在师范类大学内部属于是第一流大学了。中央民族大学顾名思义，最好的学科是各种少数民族语言类学科还有民族政策之类的专业，此外在法律类，政治类等文科专业上也拥有较强的实力。
中央民族大学音乐专业好吗？,民乐还不错吧，西洋乐水平下滑的厉害，但是瘦死骆驼比马大，比那些地方的学校还是要强的
上了中央民族大学真的不能实现我的抱负了吗？,能具体说一下你被民大什么专业录取的？
今年大二，中央民族大学中文系，如何跨专业考上清华美院动画设计研究生？,我想知道你考清华美院的研究生的目的，和你为什么要考清华？
吉大，辽大，中央民族上哪个？（附感谢费）？,孩子，你还是太年轻，绝对是民族大学。首先你从哪个地方上学，直接影响你在哪个地方工作生活，其次中央民族大学周边的资源和事业绝对是吉林大学和辽宁大学所不能及的。 哈工大确实不错，可以和中央民族大学相比一下吧，哈工大专业很强，地方不好，但是如果去深圳校区的话就无所谓了。
中央民族大学强项学科？,民族学 宗教学 少语 舞蹈 美术 都是全国前几的专业 
被中央民族大学的环境科学与工程类专业录取，请问该专业在民大如何？想转到财务管理专业，会不会好一点？,这个专业在民大一般，不是民大优势专业，民大转专业有两次机会，大一上学期和下学期各有一次。所在学院大部分都是调剂过来的，所以转专业的人还不少，一般都是转经济学院或者管理学院。
我该选南京师范大学还是中央民族大学？,南师比民大专业性强  民大比南师有钱 而且毕竟是985 综合性强  看分数 民族地区 北方地区 民大和南师不是一个水平  不过江苏南师应该很受欢迎 还要考虑你本科之后 是深造还是就业 就业的话两所学校辐射圈都在本地区 深造的话 民大保研率更高
2016中央民族大学预科及宿舍问题？,民大理科就是骗人的 不过民大预科还可以考外交学院 中山大学 自己在官网查查 别做伸手党
中央民族大学大学新生报道准考证丢了怎么办，有影响么？,我的也找不到了     今年新生  不过托学姐问了老师  老师说  带好录取通知书就好啦  ฅ(&gt;ω&lt;*)ฅ喵
兰大与中央民族大学那一个更好呢 理科生 ？,你仿佛在逗我笑。
本科二本研究生中央民族大学法学专业，申请四大会计师事务所北京所被刷。。求一些建议？, 考一两门CPA或者先去local所工作一两年再进 
中央民族大学附近有哪些比较好吃的小吃？,看到有人答了比较全面的回答，但多以西门的饭店为主。那我就总结一下西门一条街上五花八门的小吃吧，好吃实惠，价格不贵。    1.阿庆蛋挞。号称是全北京最好吃的蛋挞，是不是我不知道，但是蛋挞真的很好吃。我以前对蛋挞并不感冒，但是吃了之后竟然爱上了蛋挞。有次班级聚会时一口气买了三十多个，满满的好评啊，店主奶奶还送了一张积分卡，积满就可以再送一盒。至于口味，我个人比较喜欢最原汁原味的葡式蛋挞，鲜奶港式也不错。20元一盒，一盒8个。     2.迁西糖炒栗子。这家糖炒栗子必须力推啊，老板娘人超好超级热情，每次都会送点东西，还有老板娘的东北话让我好亲切啊。说回炒栗子，别看虽然这家的栗子个头小，但是很甜呀，而且颗颗饱满，粒粒圆润。这家店貌似只有冬天开，不过冬天抱一袋热乎乎的炒栗子来磕栗子的感觉不要太幸福呀！而且他家的烤地瓜地瓜片沙拉条也很好吃。栗子20一斤，很值这个价啊。   3.烤冷面。晚上9点后，正宗的东北烤冷面小摊才会在西门左手边出没。作为一个东北妹子，我很负责地说，在北京能吃到这种口味的烤冷面已经老不容易啦！我来北京上学最大的困惑就是菜里没糖！西红柿炒鸡蛋不放糖、麻辣烫不放糖、连烤冷面也不放糖！咸口的烤冷面你们能忍吗?！好在这家夜摊烤冷面在口感上基本能满足我的要求，糖醋辣椒香菜圆葱随便放，加肠加蛋加培根，美中不足的就是木有大鱼排可加呢。人均10元     4.锅盔。我以前并不知道锅盔是什么，但是被舍友带去吃了以后发现是夹着肉的薄饼，现烤出来的锅盔外面的面皮又脆又香，而且味道真的不错啊，我个人比较喜欢梅干菜的，梅干菜加什么肉都好吃啊。不过我用自己的惨痛教训告诉你锅盔的油特别重，吃的时候一定要当心袋子底下漏油啊！！但是味道真心不错！普通锅盔10元左右一个。    5.小米菓鸡蛋仔。这家鸡蛋仔一定不用我多说了，每次去买的时候看着鸡蛋仔从模具里压出来再放到架子上吹干都好期待，鸡蛋仔看上去金黄酥脆，吃起来也又酥又有嚼劲，一口一个感觉超级棒啊！而且我喜欢甜食，所以特别喜欢巧克力夹心馅，原味也还不错。均价8-12元     6.大鸡排。西门有两家大鸡排，卖点、口感基本相似。我私心推荐马路对面那家，清真小伙伴也能吃哦。第一佳家的鸡排外皮香酥、鸡肉嫩滑，入口即化，尝一口新炸的鸡排，简直满足了一周对肉的渴望！鸡牌可以根据个人口味选料，每种口味都值得尝试。对第一次尝试鸡排的童鞋来说，还是不要轻易尝试爆浆鸡排，口味略怪，见仁见智。原味鸡排配甘梅味地瓜条才是棒棒的搭配。人均15    7.国足臭豆腐。这家就在大鸡排旁边，店的招牌好像是卖炒酸奶的，但是旁边的电视一直在宣传这个臭豆腐，我本着吃遍民大西门的原则试了一下，发现还不错。作为吃臭豆腐的专业户，我负责任地说这家的臭豆腐并不是太臭，但特别的是会放泡菜，第一次就着泡菜吃臭豆腐味道竟然还不错，可能和他家的酱料好有关吧。一份10元     8.肥猫肉卷。这家店本学期刚开业，平时光顾的人比较少，我也没注意到。一次中午偶然发现就尝试了一下招牌肉卷。本来想说，14块买个肉卷略贵了吧，但眼睁睁看着老板里三层外三层不停加肉加菜进去，惊得我目瞪口呆。圆圆粗粗的肉卷握在手（不要污），咬一口下去，满满的幸福感有木有！让我先变成一只小肥猫吧。人均14-20   9.炒酸奶。对经历过大一军训的小鲜肉们来说，炒酸奶一定承载了不少清爽的回忆吧！炎炎夏日，趁晚上学民族韵律操时偷偷溜出来来一杯炒酸奶，小心灵瞬间得到不少满足呢。西门开了好几家烤酸奶，总的来说还是刚过马路酸辣粉旁边的那家资历老一些，各种果干、坚果随便加，可选择的口味也更多。推荐抹茶口味、芒果口味，适合小清新妹子；西瓜口味夏天吃起来不要太爽；至于奥利奥口味嘛，当然是适合所有吃货啦。人均15   10.馕。看到这里，新疆的同学一定倍感亲切吧。这种特色小吃我以前只在家乡博览会上见过。简单说，就是制作过程和馍相似但口感上要硬很多的超级大饼。馕上会撒芝麻、香葱末，吃起来有嚼劲，口感香，刚烤出来的馕边香脆蓬松，上完体育课直接来西门买个馕，晚饭妥妥解决啦。人均3块      就暂且写这十个吧，其他的之后再慢慢加，也欢迎补充啊，来者不拒，啊感觉自己的吃货属性被暴露了。又不能好好减肥了……
如何评价中国政法大学、山东大学和中央民族大学的法学英语双学士专业？,po主 山大法英专业收不收北京理科生？
如何评价中央民族大学MBA，应当如何取舍？,谢邀。    没有拜访过中央民族大学MBA，也没有接触过该学校的MBA老师，所以对此项目真的不了解，所以也不对此项目做判断。   北京的MBA市场很特别，除了几家排名靠前的MBA院校叫得起价格，其他的项目都挺便宜的，5万在MBA业内不算贵的，可以说差不多是最低消费了。  提供一个思路，判断一个MBA院校好不好从几个方面思考。1.该院校的管理学处于什么水平？2.该MBA的硬件如何？3.该MBA的师资构成如何？4.该MBA学员构成如何？5.该MBA相较于同地区其他MBA项目有何特别之处？   暂时这些吧，有进一步疑问可以私信我。
有哪些关于中央民族大学的有趣冷知识？,有一门课叫民族理论，所有人都得学，内容就是一个，民族团结。有一种舞叫民族韵律操，每个人都要会跳。至于魏公村民族男女子混合民族学院有什么特色？小吧。生环学院是最根正苗红的学院，我觉得到了改革开放前集体管理的时代。经济学院是最亚当斯密主义的学院，9点半集合，10点估计能倒得差不多。4年下来觉得没有什么，学校没有特别的地方，除了保研的时候历史学院有令人发指的百分之50的保研率，还有找工作的时候，发现，哎呀卧槽，原来我还是个985，原来我们还有这种优势，没有什么特别的地方。 唯一让你明白的是，你不需要遵守什么准则，你可以做你想做的任何事，唯一要做的就是为自己的行为负责。
中央民族大学西门清真饭店推荐？,1.巴依老爷新疆美食：当之无愧的清真第一餐厅，大盘鸡、羊肉串、手抓饭、架子肉、烤馕、烤包子等都还不错，味道很正宗。人均70-80，偏贵，生意火爆，最好提前预约。 2.燕兰楼：人均100，略高档。味道不错，上菜有点慢。  3.天池餐厅：人均60左右，个人感觉量少，且不太好吃。  4.阿曼尼莎汗：人均50-60，口味还行。 只去过这几个，其他的没去过。
请问如何优雅地在两月内考上中央民族大学研究生然后又优雅地放弃上她？,就着五粮液吃馒头
在中央民族大学就读是怎样一番体验？,首先，学校小真的特方便。有次9点的课，8点47醒来。准时赶到教室没迟到（*/∇＼*）因为宿舍到教学楼真的很近。 第二，民大的地理位置真是太好了。据国图最近的高校。西门是北京人流量最多的街道之一，炒鸡多好吃哒！距北京动物园，天文馆，紫竹院公园，新中关，都很近。周边高校也很多。交通方便。生活方便。 第三，民大的食堂。北京高校中还是很有名的。三个月重了八斤。嗯。减肥大业再也没法启动了(╥﹏╥) 第四，民大的管理相对宽容。学习生活还是很自由的。没什么晨跑晚自习啥的。学校提供的学术资源也是非常多。有一点文化底蕴。 第五，民大有很多很丰富的活动，各院系主题晚会。藏族年彝族年等。有的学有的玩。 第六，可以认识到来自全国各地的小伙伴，不会存在较大范围的地域排挤。 最后，美女灰！常！多！( ﾉД`)
中央民族大学新闻系的学生，大四去美国交换，家庭条件一般，现在不知道如何选择？,十几万出去交换，太夸张了。完全没有必要。 真想出国的话，考GT，大四通过正常渠道申请即可
考北京交通大学的法律硕士还是中央民族大学的法律硕士好？,题主考上了吗？可以给我一些指导吗
如何看待中央民族大学对萨茹拉的调查迟迟不出结果?,因为这是民大一直以来的风格，和谐万岁 当然也可能是萨如拉大妈的中南海起作用了呢
去中央民族大学读会计还是去东北财经读B表？,如果是东财会计学院会计专业那可以优先选择东财，否则优先选中央民族大学吧。
中央民族大学服装设计专业历年全国大概排名多少之前会被录取？求告知~？, 谢邀， 可惜我不读这个专业 建议你可以参考在省份的专业录取分数线 
中央民族大学历史学基地班怎么样？,我就是这个班毕业的，我先占坑。
人大和中央民族大学的汉硕比较？, 很简单啊，想在南方苏州读书去人大，想在北京读书就去民大，相对民大会好考一点，但民大对中华才艺要求比较高。民大的双学位项目很棒，实习多为北美地区，人大的话学校牌子那是要好很多，关键你看重那一块了。 
请问中央民族大学教育学院的保研名单，就是今年4月交申请的那个东东？,想问一下，名大教育学会有调剂的机会吗
中央民族大学教师被判无期怎么看？,这厮很早以前就开了个网站叫“维吾尔在线”，向新疆维族大学生宣扬民族分裂思想。这网站分汉维两个版本，汉语版就已经很反动了，维语版因为监管人员看不懂，据说就是赤裸裸宣扬新疆独立。不止在网上有行动，他在中央民族大学内授课的时候，也经常向新疆少数民族学生宣扬新疆独立理念，还在学生中发展组织成员。可是我国国安历来是和稀泥的，不出事就不管。  后来75事发，事前的宣传这个网站的维语版出了大力。原本只是韶关汉族工人和维族工人斗殴死了一个维族人，被他们一造谣，就变成了汉人强奸维族女工，打死了几十个维族工人，后续版本也越来越惊悚，不断的在QQ群里散播。经过6月份的不断鼓动和发酵，到了七月份终于发生了震惊世界的七五暴乱，死伤数千人。  党国的官僚一向是出了事才管事的，一查才发现这厮有问题。危险分子先控制下来，然后顺藤摸瓜，搜集证据。最后证据确凿，分裂国家，鼓动暴乱，就进去吃牢饭了。  基本事实就是这样，政府真没什么好黑的。有问题的是中央民族大学，竟然允许学校的教授长期在校内散播民族分裂思想，从民族学生中发展分裂组织成员。从已有的证据来看，这个人在学校里面这么干至少也有十年时间了，只能说监管部门都是吃翔的。
中央民族大学和华东师范大学中文系保研机会?,还是由我自己来回答这个问题吧。答主目前就读于民大。纠正一下之前自己提问的差错，在民大，是没有中文系的，而是有一个文学与新闻传播学院，由中文系演变而来。它包括：广告班，新闻班，汉语言文学，汉语国际教育和新藏班。每届人数基本在220左右，2017界29个名额，研分配每班3，4个左右，大年能到5个，（每班30个人左右）无内保外保限制。                                                文传在民大算是保研率相对较低的学院，哲学与宗教等学院基地班保证在45%以上，这几年民大的理科类学院表现尤为生猛，生命与环境科学学院更成保研考研大户。                                              保研名额分配每一年都是不同的，由根据人数分配的基本名额加上奖励名额构成。上一届考研的成绩决定了下一届保研的奖励名额。这是一个波动的过程：上一年保研多必定考研少，考研少决定下一年保研名额少，考研多；由此再决定再下一届的保研考研情况。如此循环往复。             就拿到保研的质量来说，还是靠个人努力吧，每个学院都不乏拿到北大人大的officer的，就我知道的有限信息而言，今年还有学姐去了耶鲁大学。            师资来说，教我的就有在北师大，人大等校本硕博连读的老师，院里也有北大毕业的老师，刚从环球时报挖过来的一线媒体人等等。其实我们蹭课也很方便啦啦~~我所在的社团就每天组织去北大听课。当然，自己去也OK，反正附近多得是学校，北外、北理、人大、北交，分分钟就到了（就是这么傲娇的位置，吼吼）            关于国际化，嗯~我们这届是50个民族，42个国家啦。美美与共，知行合一真的是得到了很好的体现。            不管怎样，阴差阳错让我来到这里，冥冥之中或许自有天意。我已经坦然地接受，并逐渐爱上这个喧嚣与宁静并存，玩耍与刻苦齐飞的民大。我期待着，在这里，遇见更好的自己。
你为什么不推荐高考考生报考中央民族大学？,没有啊，我推荐啊 ♀️
中央民族大学考其他985/211院校难度大概是什么样的？,考研，看你的毅力＋学习方法＋信息的准确度。然后你就可以成为蒙多（想去哪就去哪）。
中央民族大学理工科如何修双学位？,10年-14年，信工电子信息工程毕业，读书期间没听说过可以修双学位。学校貌似只有法英是双学位，其他都不是。据说每四年会改一次培养方案，但之后也没听说可以修双学位啊！！！
中央民族大学 民族法硕士怎么样？,中央民族大学法学院教授田小穹是何许人也，竟说出如此粗鄙之语
【中央民族大学考研】音乐学专业想跨考舞蹈编导，想求问学姐学长们考舞蹈编导研究生有没有明确的身高要求？,没有，业务和理论能力强就可以的
中央民族大学是个怎样的大学？,低调地牛逼.......
读经济或法学，应该选择中央民族大学还是华东政法大学？,2017.07.04更新吐槽 没根据的批评就没根据的批评吧，到底什么水平各位自己心里都有一套衡量标准，理由一一列举出来也只会让人觉得“哇居然这样”，要是喜欢这种公开处刑的话那我无话可说。 大学的确只是个平台，在这个问题下谈个人努力各位觉得合适？ 因为没有谈到民大好的地方就认为我是一个负能量爆炸看不起学校的人，同样无话可说。 不谈是因为在这里不需要。 每个学校各有所长，同位次的学校中我相信题主会选择他所想学的专业实力最强的学校。 民大当然也好985双一流加持buff，多民族的广阔视野，相对自由的学术氛围，我也享受在图书馆学习在大礼堂看晚会的时光。 就题主的描述来看，这些是题主想要了解想要追寻的吗？ 希望题主能报到适合自己的学校。 不会再更新也不会再回复，和各位校友争论起来是无止境的，考完高数和西经那肯定是要浪起来开始规划暑假了。 祝好。  2017.07.03吐槽 我校校友的特色就是无证据无逻辑洗地。 噗嗤。 从八哥哥那事就能感受到，即使对方处理方式有问题，然而出了毕设侵权这码事第一反应居然不是找侵权学生而是骂对方不尊重我校借我校炒热度。 什么时候我校校友容得他人批评我校我就可以取匿了，嘻嘻。  ————原答案分割线———— 民大人答一发。 法学毫无疑问华政，政法界认五院四校不认985。 经济学就算不去华政也别来民大。 我校经济学院公认是全校综合实力最差的学院之一。 够清楚了吗？ 还有楼上的校友，别老是忽悠人家来我们这了，该说清楚的利弊还是要说清楚，让一个一心想在上海发展的人来民大你的良心不会痛吗？
如何评价中央民族大学哲学系？,中央民族大学的外国哲学没有博士点，外国哲学方向目前职称最高的是副教授，所以说中央民族大学的外国哲学不是特别突出。  但并不是说中央民族大学的哲学系不好，中央民族大学强在中国哲学以及宗教学。尤其是宗教学。另外中央民族大学对面就是国家图书馆，这点也是优势，又与北京各高校较近，也是优势。
中央民族大学美术？,民大 视觉传达 应该是民大美术系最好的专业课
求中央民族大学新闻传播学学长学姐？,同求
中国政法大学的法学和中央民族大学的法学如何选择？,你这个问题问得就很有意思了。 首先，我感觉你根本没有搞清楚西南政法大学和中国政法大学分别是指哪个学校。北京那个是中国政法大学，重庆那个是西南政法大学。中国政法大学法学排名全国第二，次于人大，高于北大。分数线全国范围都高于中央民族大学。 其次关于211，我这里不讲民大的985实力问题，我只讲你应该去研究一下985的确定标准再考虑为什么中国政法大学不是985。但从分数线来讲，中国政法大学的分数线在各省都高于一大半985学校。 最后看你还提了一下地理位置，就捎带提一句。中国政法大学在海淀区蓟门桥和昌平区分别有校区，你如果只是想靠近清北，那海淀区基本所有学校都不远。如果你是想学法学，那你考虑的不该是哪个学校靠近国家图书馆，不是哪个学校靠近清北，你应该考虑到的是中国政法大学的图书馆在行业内是什么地位（自己查吧我不在这里说了）。论法学资源，应当是哪个学校靠近中国政府大学哪个学校靠近了资源。 想学法学，你还得多研究研究，这个问题问得真的很外行。
中央民族大学教育学学硕？, 没有这么多要求的，一般来说只有学前教育的专硕才会在复试的时候要求才艺的表演的。教育学学硕的话是没有这么可爱的要求的。  但是中央民族大学是没有学前专硕的呢。 
中央民族大学和首经贸金融专业就业等优劣？,如果单从金融学科的角度考虑，还是专门的财经类大学比较好。金融学是首都经济贸易大学的优势学科，首经贸金融专业毕业生在北京市的就业率和就业质量都非常出色。
中央民族大学社会工作硕士考研复试如何准备？,求联系方式，和初试指导，
中央民族大学的法学院如何？,我也想知道
文科选上海大学还是中央民族大学？,这些专业的话，建议上大，利益无关
中央民族大学社会工作怎么样？,更： 答主参加了北大社会学论坛才真的发现民大的社会学系真的不失牌面！ 我给母校丢人了！ 我要好好学习(ಥ_ಥ) ————————————————————————— 民大社会工作学生，来之前也想过社会工作的就业，民大这个学校好不好（讲真：确实嫌弃过民大的硬件设施） 来了一段时间后就感觉还可以接受 民大的社会工作还是不错的（认真脸） 焦大叔上课总是开车，杨慧老师的课很有趣，吴莹老师算是最年轻的一个，上课真的是特别好玩啊哈哈哈哈，秦广强老师一直扮演的是类似于慈父的角色（焦大叔就是严父了），菅志翔老师真的是超博学，卫小将老师一张PPT讲一整节课也是很厉害（我才知道卫老师是人大也是北京市的优秀毕业生），柴玲老师永远都在讲她的女儿，董研老师要求超高，代堂平老师永远会把话题提升一个层次。认真听课真的会收获很多，还有特别逗比的辅导员哈哈哈哈，反正我是没事就去调戏辅导员，一个gay里gay气的萌叔，还有很多老师由于年级限制还没听说过。。。 跑题了，认真点答题，社会工作在民大的王牌院系（民族学与社会学学院）里，这也是民大少有的能拿的出手的院系，在中国社会工作这个专业是在社会学之下的，所以开学典礼时候很好奇老师为什么提都不提社工，言归正传，民大的社工在国内还是有话语权的，这从每年社会工作班保研状况也是能看出来的，一般社会工作班第一名（有时是前两名）是保研保到北大的，然后是人大，还有南开，南京，复旦，中山，社科院等国内社会学一流高校（在这里我不承认民大的社会学系是二流的，只不过民大学校牌子没上述学校响）我没有转专业的很大原因就是因为保研。 总而言之，民大的社会工作还是不错的，但是能不报这个专业就别报吧，我认识的很多学长学姐都想转专业，有的学长学姐知道我是这个专业以后立马让我转走，这个就看题主自己了。答主当时真的是随手报的一个学校，随手报的一个专业，而且社工的就业状况，发展状况都是。。。 讲真啊，一个人发展状况和学校、专业的相关远没有自身的努力程度的相关性高，答主认识的一个学长因为挂科从清华退学然后再经历高考，然后TM他又考状元，死都不去清华，去港大了，所以还是自己努力吧。 社会工作专业的大神很多，表示在社工班快混不下去了。。。 ————————————————————————— 更：最近答主在考虑转专业，真的很惆怅 一方面，我舍不得民社的好 一方面，我又担心社工的未来 和辅导员谈了一下 “民社真正优秀的地方在于学科情怀，不在于专业的排名，老师的优秀，而是即使你出去了，你的身上还有着深深的民社的烙印。” “民社是这样一个学院，她会支持你的每一个梦想。” 对啊，就是这样一个就业前景不好的学院我还是舍不得她。 我舍不得走了，所以不想来就别来了，我怕你也会爱上她。
中央民族大学音乐学院怎么样啊？考研难吗？, 难，因为在北京 
中央民族大学校园环境怎么样？,宿舍条件：学校有八人一间的宿舍和六人一间的宿舍，基本都是上下床，现在据说有空调。在北京寸土寸金基本都是这样的条件。 强项专业：看你怎么看了，如果按照学科评估你可以下面： 二级国家重点学科（2个） 民族学、中国少数民族语言文学 国家重点培育学科（1个） 中国少数民族经济 国家级特色专业（9个） 民族学、中国少数民族语言文学、宗教学、舞蹈学、历史学、艺术设计、音乐学、生态学、行政管理 中央民族大学教育部第三轮学科评估数据 全国排名第1（1个） 民族学（1） 全国排名2-10（1个） 社会学（10） 全国排名11-20（4个）   中医学（14）、音乐与舞蹈学（14）、美术学（14）、中国语言文学（20） 全国排名21-50（7个）   哲学（25）、教育学（28）、公共管理（29）、新闻传播学（36）、理论经济学（37）、法学（44）、生态学（47） 基本这些专业都是很好的。 师资：专业排名靠前师资应该来讲都会好一点，民族学社会学专业基本都是海外名校博士或者博士后吧。一般的专业的老师也是清华北大中科院或者该专业排名全国前列的高校的博士或者博后。现在高校不好进，门槛都很高，何况民大还在北京，再怎么样也是个211，985。 对外交流：交换的机会应该来说还是很多的，关键看家里经济状况，一般都是免学费生活费自助，如果能负担得起，想交换很容易，对外高校好一点的有加州大学圣地亚哥分校，佛罗里达大学，西北大学，都柏林大学等等。 整体来讲民大一个很大的优势是在北京，北京教育资源非常集中，如果你来民大了，其实可以用一个相对低的分数可以接触到清华北大人大这样顶级高校的教育资源，因为很近，我有一个师妹学统计学，人大统计学全国第一，她基本上统计学课都是在人大上的。关键很多人没有这样的恒心和毅力。 第二点就是实习机会较多，这对于一些对实习很看重的经管类专业学生来说非常有优势，我听说现在很多外省的想去北京的一些比较好的公司实习都是拿不到钱还自己租房自付餐饮的，学校在北京的学生真得抓住机会。对于理工科学生来说，科研实习的机会也很多，中科院的实验室一般都很缺人，因为没有本科生，如果自己主动或者比较优秀，一般很容易就能去中科院院所实习。 大学关键看自己，眼界要开，自己要积极主动，在哪都一样。
请问，你当初是怎么就被忽悠进了中央民族大学关注“三农”协会？,前面学长学姐都说了那么多，我呢，也是在老乡会上听到这个名字的，第二天七点多就报了名。  对于三农的爱起于老部长对我们五个小家伙的照顾。  后来下了乡，对三农有了一种狂热痴迷。  新学期，作为宣传部部长，开始逐步了解这个组织。  在收拾地下室时，找到了几本以前的《热土》，背在书包里看了一个多星期。了解了三农更多的辉煌，心里却是十分的难过。第一次有这样一种冲动，想为这个组织做点什么。（现在想想当时给上任会长提出的建议是多么可笑(๑•ั็ω•็ั๑)）  昨天社联让我写写对新一年的期待，憋了半天，写道:  这是一场公益的盛宴，去相信，去成长。 这是一程心灵的旅途，去爱去恨，去闯去 梦。 这将是我们的三农，用一年去体验，用一生 去回忆。  如今，第十三届。说真的，心里有点怕，特别是暑假没事儿时，想想需要工作改进的地方，想想过去，想想一届又一届的老家伙们。  昨天拿了驾照，今天开车走了120公里，回了趟老家。然后看到了这个问题“请问，你当初是怎么就被忽悠进了中央民族大学关注“三农”协会？”  我们爱三农、恨三农，都是因为把太多的情感、太多的期待留给了三农。  我也曾是一个愤青。静姐在我上任前告诫:不要投入太多的感情，可以投入精力、时间。  希望一年下来，自己少些遗憾，三农合理转型，各位多多支持。  最后的最后，非常感谢李争光学长的答案。。。
中国海洋大学和中央民族大学都有比较宽的转专业政策 以后能向高分专业转吗？多久可以转呢？,海大从大一开始就可以转，也就是你在大一上学期就可以完全不选本专业的课，而选你想转的专业课程，在大三修满一定学分就可以转过去了，高分专业相对来说转的人比较多，所以课会比较难选。
西南政法大学的法学和中央民族大学的法学如何选择？,“拿民大的法学与西政相比是对西政的侮辱。” “西政已经沦落到与民大比了吗？”  说出这种话的校友，恕我直言，你们又一次在网络上拉低了西南的心胸、眼界与格局。 私以为西政法学院相比于民大法学院的优势在于从事法律职业的校友和法学氛围。法学氛围自不必说，在身边同学的日常交流都离不开法律相关的话题时，再没有学习主动性的人也会或多或少得到熏陶。再谈谈校友资源，光是华南广深一带，法检系统与大小律所中便有无数西政校友，这是规模较小的民大法学院难以比拟的。每年金杜君合广深办公室的合伙人都会不远千里来到西政开宣讲会，不少优秀的师兄师姐通过实习期的优异表现在毕业后成功入职。但不得不提的是，我校法学生数量庞大，难免质量参差不齐。这点具体不展开，得罪人。 关于民大，坦白的说，地处北京三环的民大曾是我想去的学校。有一句话讲的挺在理：来到北京，你会读懂中国。且不谈民大毗邻国家图书馆与清北人师，光是天子脚下的北京城，文化底蕴便是身处西南的重庆市比不了的（对，远远比不了的，哭）所以在开拓眼界方面，我觉得民大是完胜西政的。 通往未来的不同岔路上风景大不相同，祝不忘初心，一路勇敢。
中央民族大学经济学院怎么样啊？,好多邀请我回答中央民大怎么样的，我就回答这一个吧。  我是先进了经济学院读了半年转到了文学与新闻传播学院，因为我那年文传学院对广东不招生，所以我就随便进了一个然后转的。  是这样哈，进经济学院的学生一般分都很高，但是师资很一般了，不过因为学生质量比较好，又是大院所以以后的路还是蛮好的。就是说如果你进了经院，你必须把大学四年当高中来过，因为教学质量较为一般，你需要自己努力的部分变得更多，如果你在这四年内好好努力，打败了你周围一大把高考失利进入经院的优秀学生（他们一入学就会表现得非常积极，竞争很激烈），那么你在毕业的时候就能保研到很好的学校（北大、人大），前提是你拿的奖项够多，你大学四年要非常积极，抓住各种机会。打个比方，如果你是学术类的，你大学四年最好保证你都能拿到国家奖学金，最次也要连续拿到2-3年的专业奖学金，或者多做项目；如果不是学术类的，你也可以走学生干部，参赛什么的路子，但最好也要拿到奖学金。总而言之大学四年就是奖学金奖学金奖学金，一心想着保研，毕业就工作困难会比较大。   在经院的话只有保研这条路是资源最好的，其次准备出国的话经院给的gpa也不低（如果你数学水平过关）。我知道的就有一位大学四年一直坐第一排，坚持举手回答问题坚持与老师讨论，坚持高数拿满分，拿了四年奖学金的，保研去了北大金融系。但如果你想体会什么大学的学术氛围，学术水平高的老师啦，就……没什么可能性了。  简而言之，这是一个看个人努力的学院。   别的问题也有问民大的优秀专业，其实就是越冷门的专业越优秀，建议还是看自己的兴趣来，冷门的专业比如历史、哲宗、民族学什么的出国认可度比较高，保研机会也多，其中利弊还是自己抉择吧。另外我觉得我们文传很好，大院，师资水平高，学生质量也高，所有的老师跟学生都特别特别可爱，很适合男生进（因为女生太多了男生很占优势），是个充满创意跟学习氛围的学院嘻嘻。  就说这么多啦。
如何看待微博用户@Hachi八哥哥 发博称作品遭到中央民族大学学生侵权？,现在微博存在一个问题，就是见抄袭便高潮，抄袭变成一个极度敏感的话题，一个人只要被扯上抄袭，那真是随便那里来一个路人看客都有底气过来骂你个狗血淋头  但实际上，骂人的看客不会关注你是否真的抄袭，不会关心你用他人的东西是否是商用，或者直接只是做一个载体。正如现在如题这位网红所抨击的学生，对方用她的作品来表达自己关于书籍印刷设计方面的观点，只是承载一个形式，用来当作一个举例，作为一个佐证的依据。我不清楚这样的事情是否在引用时要做特别的说明，因为我确实对相关界限了解不深。在我看来这位学生也是一样，因为要表达的东西和她的作品本身没有关系，这位学生和那些恶意盗用与抄袭是完全不一样的，所以我认为他为这件事情做的道歉已经够了，然后撤下图片就可以了。这按道理来讲是一件很小的事情，没有必要涉及到学校，当然更没有必要涉及到这位网红现在疯狂得简直如当年的崔一般挂的那些发表异意的路人。  所以你看，这件事情不是一件维权的事情，这已经变成了一种发泄。利用自己的一点影响力，将话语权握在手中，然后将暴力引向自己想要让它去的地方。深藏功与名。  顺微博现在不是讲道理的地方，是拼影响力与话语权的地方。更恶劣的抄袭，看三生三世就OK了
二本汉语国际教育专业的学生怎样备考中央民族大学的汉硕？求指导,1.民大不怎么看重本科，有很多三本的学生都考上了。 2.报考的人越来越多，分数估计会增加。 3.英语要很好，最好能在考研前把托福考过80。 4.专业课早点儿开始背。 5.不用提前联系导师，开学之后才会分导师。
中央民族大学除艺术类外优势专业有哪些？,谢邀 中央民族大学顾名思义师资力量较高的肯定是关于民族类的学科，什么民族学啊宗教学啊少数民族语言文学啊之类的 有两个国家级的重点学科，分别是民族学和中国少数民族语言文学 作为少语出来的前辈，我推荐还是学民族学吧行为相比少语民族学的就业前景稍微好一点儿哈哈哈 对了，我们学校的舞蹈学院和美术学院也是全国出了名的，不愧我大歌舞升平大学的名牌 民大的优势是出国交流学习的机会特别多，而且保研到其他大学的机会也很多，比如北外北理北师大等等 其实我想说的是，只要努力，金子到哪里都会发光的 加油！(=ﾟωﾟ)ﾉ
本科二本研究生中央民族大学（法学）申请北京四大会计师事务所网申时会被刷么。。？,四大在面对国内二三线城市的企业时，我敢肯定几乎不会有合作顺利的。要不了几年就得乖乖回到北上广深去做自己的A＋H老业务。如果强行插入，离各种踩地雷也不远了。
中央民族大学商科非会计专业本科生进入四大会计师事务所难度怎样？, 首先，四大是个人员流动很大的行业，今天你来，明天他走，随意根据题主的背景，想进四大，不太难。   鉴于这个问题的共通性，我就直接摘我在其他问题下的回答了   作者：Jamacy 链接： 如何进入海外四大？ - Jamacy 的回答  来源：知乎 著作权归作者所有，转载请联系作者获得授权。   01、什么样的学生可以申请四大会计事务所?   与其它行业要求“专业对口”的招聘条件相比，“四大”会计事务所，对应聘者的专业、应聘者的高校一般都没有明确的限制。只要是优秀的人才，都可以去应聘。因此，有些冷门专业或者不喜欢自己专业而无法毕业时成功转行的同学，签“四大”也是一种不错的选择。  例如，在普华永道，有近 90%的岗位是不看应届毕业生专业的，仅有个别专业性比较强的岗位要求相关专业，比如，精算师要求精算、数学、统计或财务偏向保险方面的专业。    02、四大喜欢什么样的学生？   首先，说说“ 硬件 ”要求。    第一 ，学习成绩要好，比如个人的 GPA 成绩，是否获得奖学金。   第二 ，英语能力好，CET-6 优秀最好，及格是必须的。此外，TOEFL、GMAT、BEC-3、TOEIC 等外语考试成绩对应聘“四大”也有很大帮助（国内英语过6级就够用了，现在国内四大的客户基本都是国内的公司，用的也基本是中文）。   第三 ，比较丰富的实践经验，譬如参加过学生会、学生社团或者一些大型活动。最好有相关行业的实习经历，主要指会计师事务所和公司财务部。“四大”每年寒假都有实习生计划，不过对于非会计类同学来说，要申请成功不容易，所以大家可以考虑去一些内资事务所或者公司财务部实习一下，为面试积累资本的同时，也让自己深入了解是否适合做审计这个行业。    第四，CPA， 必须得考的，不然你在这行没发展的，个人觉得除了CPA其他证都没卵用啊，初级会计、会计从业资格证什么的感觉要求不高，有则加分，没有也别在意。最重要还是尽快拿了注会。  然后，说说“ 软件 ”要求。  总体来说，“四大”喜欢的是具备“财务性格”的学生，严谨、仔细、喜欢研究制度、对数字敏感、能吃苦耐劳、有一定沟通能力(经常跟客户打交道)。“四大”不喜欢的性格，譬如粗心大意、眼高手低、急躁冒进、不讲礼貌等等。   四大招人的条件并不一定是你要有多优秀背景，学生会、社团等一堆的背景经历。勤恳踏实有想法，也是有机会进入四大。    四大有完整专业的培训机制，所以不用担心自己的专业技能 ，很多非accounting专业的学生也在四大发展的很好。所以，面试时不要气馁，自信展现自己，是努力的，不怕困难的，谦和的，虚心学习的，审计的工作，刚进去是枯燥繁琐的，这个时候不是需要一个很牛逼的人，而是需要一个肯学习，不怕辛苦的人。   事实证明，很多之后在四大做得很好的人，并不一定是accounting专业出生的人。 
国家民委、教育部决定共建中央民族大学等6所民族高校这个政策背后有什么意义？,在其位谋其政而已，反正钱是国家民委出。相关人员不用太激动，改变不了中央民大是最渣的985这一事实。  如果换成国防部，那么新闻大概会变成“国防部、教育部决定共建国防科大大学”。
在中央民族大学，选择张亚辉老师作为导师是怎样的一种体验？, 我看他  大一是旁听他的课。第一次他迟到了，在门口问我这个旁听生说，是这间教室吧。我心里特别无奈，老师，你要不要自己装的这么漫不经心。但是一上课就被震惊了，然后就真的那个学期一节没落地上完。  大二大三算是读书认真的了，去听了其他本科生和研究生的课，每次上课的时候做笔记都能写掉小半只百乐，只记得自己不停地记啊记，不明白为什么有那么多想在脑子里的，只觉得他说的那些话都好珍贵，这次听不到以后这辈子都不一定能听到了。  大概就是知识的卡里斯马吧。  我不喜欢被逼着做事情，虽然不逼着我我根本做不完。所以我应该是他的本科学生里面最不争气的那个。很多书都没有看完，很多应该写的文章都没有动笔。虽然一再地承诺会如何如何努力，但始终不能做到。他对我是很无奈的，一方面无奈另一方面却不知道因为什么原因一直没有放弃我，想想老师真是不容易~~  有时想，外面的世界那么精彩，象牙塔的生活未免枯燥乏味，所以忍不住丢开学习索性出去疯一圈。曾经被他各种嘲笑去学生会、去跳舞、去喝酒，但是正因为有他我才能够无论多么繁忙之后依然能想起来自己还需要读书。大二学生会很忙，逃了一些课，大四写论文的时候还是需要看那些书，于是肠子都悔青了。  我大概早晚都是要做学问的，只不过中间绕的路远了一些。所以他曾经说我是刘翔。。。做英雄大抵也是好的。就算得了世界冠军很多人还是要去学习的，搓澡的毕竟是少数。  人看他  认识的人对他的态度分为比较明显的两个极端，一种是当神祇一样崇拜，一种是根本不与之对话。  我特别讨厌我们班一学霸，虽然每天还是跟她混在一起。学霸是他的脑残粉，记得有一次坐在操场上，她跟我说觉得张亚辉像。。。。。。略神奇的回答。但是真的有老母鸡的感觉，很护着自己的学生，只许自己欺负，不许别人欺负。  一些很看不惯的老师，他也会教导我要对老师报以应有的尊重。也会说一个女孩子不能骂人，不能太放肆。大学里面真的好少有人会管你管成这样啊，所以每次跟学妹都说，要跟着他好好读书。  绝对不止一个人吐槽他讲的那些有什么用啊。我不知道怎么回答。有些东西真的不一定因为有用才有魅力吧，痴迷衣服首饰和痴迷知识其实是一个道理，你不知道为什么喜欢，但就是喜欢。我也从来不认为喜欢衣服首饰和喜欢知识的有什么高下之分，但仍旧会深刻地影响你观察的视角。俗称“三观”。  我认为作为一个知识广博度超越大多数人的大学老师，他的三观，至少他表现出来的那部分，很正。PS：当然不可能是红专的那种正。  他看他  我曾经年少气盛地问他，知识分子不是都应该匹夫有责吗？当时他大概有点黯然，说当下的我们很难做到。我却反而因此更觉得他比那些空喊口号的人不知高过多少个层级，在学生会混多了突然听到一个老师那么真诚地跟你说有些事情自己办不到，个中滋味。  但他确实又应该是很骄傲的，从清华物理系到北大人类学，智商碾压了绝大部分人，从PR到博士，经历超越了绝大部分人。在课上跟我们用正弦讲人类学的时候，那得意的小表情和小语气，让我们都在底下偷乐。  他偶尔也会很看不起某些学者，不论人家生死或者出名与否。但我觉得其实是因为他对知识的爱很难被大多数人理解。他觉得有些人不配做知识分子，所以他生气，这点气节大概很多大学老师也没有了。  他偶尔也会跟我们聊起自己的家庭，父母和妻女，总是让我觉得很惊异智商那么高但仍旧可以很善良。谁说聪明的人不懂情谊。他好像可以看透很多事情，但并不因此对这个世界灰心丧气。真好。  其实智商并不是他唯一的优势啊，有一次给个会议做海报，大概12点多了我给他发过去草稿版，料想他肯定睡觉了，明天早起让他惊艳一下表扬我，结果他秒回！然后说自己在备课。只想说上多了大学里面那种念ppt的课，忽然发现有个老师备课备到半夜，真的好感动。很多人名地名我们上课的同学自己都懒得查，他都会查好，然后看似刁难我们其实真的让我们学到了好多好多一个文科生必须知道的常识。没有他，大概四年下来我肯定仍旧是一个会拿唯物唯心分析事情的傻姑娘。  写在最后  他不辜负我从小就喜欢的清华学生这个称号，无论从哪个我认为重要的标准来评价，他都是优秀的。  从高考到保研，清华两次拒绝了我。这曾经让我真的好伤心。但幸好有老师跟我说，清华文科很差的。哈哈哈，开个玩笑，他心里对清华的深情一点不比李健少。这点虽然他不说，但是我懂。  毕业论文写的很烂很烂，但是我还是勇敢地在这里记上一笔。也算是为我的毕业画一个小逗号。谢谢学弟的提问和围绕在老师身边的小伙伴的陪伴，因为有你们在，所以我才觉得读书没有那么寂寞，这个世界上也还是有人愿意做“无用之事”。 
中央民族大学新闻与传播专硕有奖助学金吗？,忙里偷闲答个题。。 ----------------------------------------------------------------------------------- 这是我在我校文传学院官网挖掘到的。根据普通高等学校学生管理规定第二章第五条（三）学生在校期间依法享有申请奖学金、助学金及助学贷款的权利。 链接附上： 普通高等学校学生管理规定    ----------------------------------------------------------------------------------- 专硕是民大这是普通高等学校拥有的众多学生中的一类，我推会有奖助金哒~ PS：我是民大的小本，只能找这些条例来回答你。不喜勿怪。
求前辈们的考研经验 中央民族大学的宗教学？,同想考宗教学，要不要组个团
在中央民族大学附中读书是怎样的体验?,7.2更新。  不知道这人是谁，但是很多同学都转了。 ？？？  你们的家乡是你们的，北京还是你们的？ 凭什么北京人要把北京和全国人民分享？ 把北京换成你的家乡，你愿意吗？  北京应该是中国的北京，是中华民族的北京，而不仅是北京人的北京。 你乍看这句话没什么问题。但是如果你换一换地点： 河北应该是中国的河北，是中华民族的河北，而不仅是河北人的河北。 四川应该是中国的四川，是中华民族的四川，而不仅是四川人的四川。 辽宁应该是中国的辽宁，是中华民族的辽宁，而不仅是辽宁人的辽宁。 （随便换地名，真没啥特别用意） （你看我骂个学校还要考虑这么多） 你这些话一出你绝对会被那些地方的人骂死。 但是你说“北京应该是中国的北京，是中华民族的北京，而不仅是北京人的北京。”，北京人还要笑着点头附会。 我们怕了。 北京的确是首都，但是不要忘了还有一帮人生活在北京。除非你们能不让北京住人，让北京成为一座只有办公大厦政府机关和景点的地方，要不然，想都别想。 民大附中集齐56个少数民族了不起啊？你以为这是集邮还是强迫症啊？ 北京家长抗争这么多年结果在你们口中就成了几句话你们也是很厉害呢。  嗯如果你觉得民大附中是给少数民族同学一个学习的机会，那你也真是很落后了。现在民附的目标是培养少数民族精英。 平心而论，你们那里的学校教育水平比起民附真的很差吗？如果让民附只收一些来自于比较偏远和落后地区的学生和北京生，民附还能取得今天这样的成绩和清北升学率吗？ 在北京高考难度明显易于全国各省的情况之下，这让我怎么不猜测你们就是来占名额？（而且无论你大学考上的的是北京的学校还是家乡的学校，其实你们真的都占了北京的名额，同学你的逻辑真是很有问题。） 最后我不是很懂你说的民附如此独特出众的光辉是什么。靠政策取巧还是其它的什么。  以下为原答案。 体验总结一下就两个字:别来。 北京生别来，这里不是我们待的地方。  想交朋友？再多的共同语言比不过一句乡音。 师资水平参差不齐。有些教师没有师德，但是学校百般包庇（这黑幕就不细说了，不太敢。） 最顶尖的那一拨学生的成绩大多不是因为民附老师教的好，是他们自己各种刷题各种课外班。 硬件差，学校不支持某些学科的竞赛，不给去竞赛的学生配比赛要用的基础设施。最后学生动用自己的人脉到处借东西最后拿回了北京市一等奖中的第一名，然后学校并没按照《学生管理手册》上写的发奖金，目前交涉未果。 排挤和孤立北京生，地域歧视。 汉族无论干什么都比少数民族低一头。 其实最近两年都有人跳楼。今年四月我们年级就没了一个，在我们隔壁班跳的。 各种无趣的强制性活动。 形式主义盛行。  以后再补充。 不匿。
中央民族大學 該交換一年還是半年？,不值得
考上了中央民族大学宗教学，不知道宗教学的就业前景如何？有没有必要转专业？谢谢。,我说一些个人的看法。很个人。像宗教学这样的人文科学，是和哲学，社会学，历史之类一样，是无用之学（无用而有大用，人若一辈子只是追求那些有用的，其实是大迷），只与个人的兴趣有关。如果你对宗教不感兴趣，认为它满足不了你求知或者求职的要求，那么还是建议不要学它。 宗教学的就业前景很窄，最好的路子是做学术研究。从你的口吻中，我感觉你有转专业的必要。
中央民族大学的MBA好吗？, 谢邀！  中央民族大学属于985 211院校，从院校性质来说还是可以的，属于A线院校。还是根据自己情况再去定义，如果说好，当然是选择清北人上交武复旦之类的顶级院校，但是同样来说学校越好要求越高，尤其提前面试对个人背景很看着，上一个合适自己的MBA院校才是好。   国家“211”和“985” 工程重点建设院校  利用“211工程”和“985工程”平台，分别在北京、广西、宁夏、内蒙古等地建立了18个教学科研基地，为MBA实习和社会实践提供了充分保障。  培养国际化的MBA人才  每年派部分师资去国外进行访学，深入了解国外的商学院办学模式、企业发展模式，甚至文化、风俗，全面的培养商学院师资的国际化视野;采用的教材有40-50%的英文原文版教材，培养学生的学习能力，使学生具备国际化视野的基础。将每年从MBA学生中推荐一批学生出国留学，符合双方学位授予条件的学生会取得双学位。  注重培养学生的英语交流能力  注重培养学生的英语表述能力、跨民族、跨文化的交流能力，在浓郁人文底蕴基础上培育出的具有国际化视野和广泛国际交流的MBA教育秉承树规范、创品牌的战略思想造就能够驾驭现代组织的高级工商管理人才，为学生的长远发展奠定了最坚实的基础。  丰富的第二课堂，扩大学生的人脉关系  每年都会举办一些跨文化交流的聚会和活动，会聘请知名企业的高管为我们的学生做讲座和论坛，为学生的交流和发展提供广阔的平台。  学生入学后，户口转入北京  学生正式入学后，即可将户口转入北京集体户口;毕业后学校颁发派遣证，学生找到接收单位，可转为北京常住户口。 
汉族考生 文科 去中央民族大学怎么样?,民大的历史系和法学不会让你失望的
在中央民族大学附中读书，能参加生物竞赛吗？怎么参加?,民附高一化竞生强答。 可以参加但你只能等高二。因为民附高一不学生物，所以无法报名生物竞赛。这一点生物竞赛生很吃亏。 而且民附也没有竞赛班和竞赛教师，你只能自己学习，默默啃书(我们班的一个同学桌上就放着一本厚厚的竞赛书)，而且要平衡好竞赛和学业的关系。如果没在生物这一方面展现出极大的天赋，或是对生物有着特别浓厚的兴趣（答主对化学属于后者），那最好还是先以成绩为重吧。 如果还有什么想到的，以后再补充。
读工商管理研究生去哈工大威海校区好还是中央民族大学好？,受得了污染就去北京，如果家不在大城市，威海交通不太方便。个人建议的话，如果想当老师，还是来威海，博士去本部很容易。教书的话，自己的学生门槛比较低。
2016考生，文科女，选择上海大学，中央民族大学，还是西南政法大学？,中央民族大学，985 北京海淀区 文史强校，碾压上海大学和西南政法  就算是法学 北京区位也是无与伦比的  另外民大是卓越法律人才培养计划  文科生绝对选民大  出国保研就业 985金字招牌
坐标:北京海淀中央民族大学 司法考试求战友,少刷知乎，多看看书
学文博去南开大学还是中央民族大学？,南开都沦落到这种地步了吗
在中央民族大学附属中学就读是怎样的体验？,2015.12.1更新 今天我们的学校的微信公众号“'种子”的推送就是“在民大附中就读是种怎样的体验”。我的同学写了很多。比我写的好。公众号ZhongZi2050. 妈蛋匿名不能邀请别人，解除匿名。   泻药（装作有人邀我）。哎我今天就顺手一搜还真有这问题。  利益相关：民大附应届毕业生，回族，不能再多说了。可耻的匿了。 不谈国事不谈政策，没劲。   先说坏话再说好话。 民大附的缺点很明显，硬件水平低（但麻雀虽小五脏俱全。况且高中非高楼之谓也。），教师资源并不能尽如人意（当然也算不错，只是跟这么大的名头不相配，跟一类校也很难比），行政方面略显浮躁。  教育理念比较落后。嗯，还有...好多好多。  我们的学生不如地方努力，也不如北京生综合素质高，这是不能否认的。民大附的社团都比其他人大附清华附北大附等等差一大截，民大附竞赛也是成果寥寥。这些是不能跟那些学校比的，所以如果你是北京学生，在这里会略感无趣。  不过并不是说没有活动，我们相对于一些地方高中来说活动很多，演出、交流、文艺展览之类。各类社团也是一直在进步。只是跟那些特别多姿多彩的学校没法比。    但是民大附优点也是很多的，这里的学生独立、踏实、眼光高、有传承。  除了我们，你很难再在北京找到一所高中能遇到来自五湖四海各种民族的同学。你也很难再看到另外一所高中如我们一般有送考传统（每年高考，学长学姐都会尽力赶回民大附为高三生送考，学弟学妹早上也会放弃早读送考，真的特别让人感动，家一样）。  我们老师曾经说，上了大学你可能会觉得身边的同学很无聊，因为他们好奇的事你早在三年之前就已习惯，他们面对的困难你早在三年前就已克服。  当一群群14.5岁的孩子能独立在异乡住宿三年学习生活三年，我觉得无论我们成绩如何，都是值得骄傲的。  而我最重要的体验就是学会了宽容，学会了理解。学会了类似胡适所说的“容忍”。养成了我在地方无论如何不会有的胆量、眼界以及还算正常的三观。 我曾经特别迷茫，现在也依旧迷茫，但是好像懂了一些。    综合来说，民大附中是一所处于“一线城市典型教育模式”和“地方典型教育模式”之间的尴尬存在，也同时继承了两者的优点缺点。 在民大附读书会清楚的感知这些，当然我身边漠不关心一切的人也并不少（呃，大部分都是 ）不过大概每个高中都一样。   答主是个非典型民大附中学生，抽烟喝酒逃学弹琴恋爱中二愤青高考前三天跟喜欢的姑娘吵的不可开交高考前一天还在用b站刷番（干过的事够开除几次了...毕业了就可以说了-_-||），其实绝大部分学生还是很拼很努力的，他们让我自惭形秽。不过大概每个同学都有自己的故事自己的经历，都是不同的。我不后悔，不仅因为我高考的超常发挥。  每个人可能都会想念自己的高中吧。 以上。
中央民族大学因为萨茹拉事件名声一败涂地，我还应该去读吗？,这类事件在大部分学校都有发生过，然而为什么在民大被曝出，而且有如此大的影响力呢？我想跟你讲讲我看到的。  那天，一开始是朋友圈里开始转起了声讨这个老师的消息。后来发展到了网上。这让消息的初始作者有些始料不及，他好像有些害怕了。这是人之常情。想想看，如果你在朋友圈里吐槽了自己的老师，却被老师看见了，又正好赶上期末考试时段。他的心理压力可想而知。  很快，这件事情在微博上形成话题，参与人数越来越多。校内的很多学生媒体开始观望，到底应不应该报道这件事呢？  忘了是几点，反正到了很晚的时候微博话题参与人数有了井喷式的增长。初始作者站了出来，在同学们的帮助下，将证据发在网上。  后来媒体介入了。就有了你看到的新闻。基本上所有的媒体报道的内容极其相似，这里我就不说了。来和你说说学生的表现，校内几乎所有的校园媒体都在声援这个学生，有几个已经毕业了的学长学姐向他发来消息，安慰他不要害怕，如果遭到处分，他们会给他帮助。这里的帮助包括将来的工作。还有一些在读的毕业的法学院学生愿意帮他提供法律援助。有过相同遭遇的同学也到学校那里作证。  读了这么多年书，我从未见过任何一次，像那天一样全校几乎所有的学生都用自己的方式来共同做一件事。  不光是学生，也有老师。其实在这件事上，其他老师是不方便说话的。但我看见了很多老师在那一天，站出来为学生说话。有一个学院的院长，指出了萨茹拉的错误，却遭到了她在网上的辱骂。然而这些老师却依然站在学生这一方。  今天，这件事情已经落下帷幕了。萨茹拉也受到了处罚。  回头再想这件事，我为我身处这样一个学校感到骄傲。任何地方都会有黑暗的一面，但这所学校的学生选择与黑暗斗争。  那天萨茹拉被停职之后，校内有人发了微信公众平台，说：   岂曰无衣？与子同袍。王于兴师，修我戈矛。与子同仇！岂曰无衣？与子同泽。王于兴师，修我矛戟。与子偕作！岂曰无衣？与子同裳。王于兴师，修我甲兵。与子偕行！  我为我有这样一群队友骄傲。因为从这件事情来看，任何时候，你都不会是孤身一人。我为我身处与这样的学校而骄傲，因为他教会我们的不仅是学业，还有精神。  美美与共，知行合一。
中央民族大学附近的无名小吃？,既然是没名，姑且理解为不是店铺里的那种。  晚上10点半以后西门的烤冷面和鸭血粉丝汤，牛肉汤也不错。  一边聊天一边撸串更好。（前提有男/女朋友）
中央民族大学文博专业本科好吗？,我觉得还是去读考古吧，从就业形势来看，文博比考古苦多了。  民大的文博专业其实也是个准考古专业，虽然有名师加成（潘守永），但是院里不重视、专业思维和考古没有差异性，所以只能算是二流。  此外，你要想好你喜欢的是什么，如果是文物，那万万不要读文博，而一定要去读考古×3.
2018法律硕士 第一志愿选择中央民族还是中国社会科学院大学？,每次看到知乎上一窝子人把和社科院根本没可比性的高校放在一起讨论的时候，我觉得社科院院部应该重视下宣传了。还有这个专硕问题。还好，问博士的时候都是把社科院放在北大复旦等高校一起问的。
我在北京市海淀区中央民族大学，我要到首都机场怎么去，并且是上午九点的飞机？,乘坐当地最早一班的地铁，到三元桥或东单，然后搭乘地铁机场线。估计全程不超过两小时，如果换乘顺利的话。所以如果你六点赶上地铁并出发，到了机场还可以休息一下。
中央民族大学和北京语言大学哪个好？, 北语是什么学校。。。 
中央民族大学的软件工程和北交的控制工程（专硕）如何选择？,现在回答已经晚了……学东西推荐北航。想轻松或者更多为了学历推荐民大
中央民族大学管理学院MBA、MPA是否有入学奖学金？,有
中央民族大学想申请常青藤大学研究生是不是很难呀？,扯 我宿舍的同学就申请上哥伦比亚大学。看你自己水平咋样。再咋说也是985，不会被歧视
大连理工盘锦校区和中央民族大学的经济系哪个更值得选择呢？,从问题抛出的时间看题主应该已经被录取了，不知道是哪所学校呢？ 就你这个问题而言，我认为你应该选择中央民族大学。（但因为你应该已经被某所大学录取了，所以在此就不赘述原因了） 利益相关：盘锦校区2015级经济学专业学生
中央民族大学的英文名称为什么叫“Minzu University of China”？,因为民族这个词是民国时期直接从日文引进来的。在英语中Nationality一般多指国籍，因为西方社会大多数都是民族国家制，一个国家只有一个民族，或者是在政治上不承认民族，用公民代替民族以减少差异减少分歧。 解放后，国家为模仿苏联的民族政策，根据斯大林对民族的四个共同进行了民族识别，在中国原本的五个民族之外又识别出了五十一个民族。而民族政策又和人民代表大会制度挂钩，享受很多政治权利。慢慢地被从日文中借用过来的“民族”已经无法说明当今具有政治权利的中国式民族，因此不能对应Nationality所以改成了Minzu直接翻译，表政治义。就如同中国人民大学英文为“Renmin University”，在此处的人民也是有特指的政治含义。
中央民族大学辩论水平和辩论氛围如何？,本人中央民族大学本科生，辩手一枚。打过新生赛也打过院级赛和校级赛。 民大校辩论队近几年的战况都可以百度到，今年在北京高校参与的“水安全”和化妆品八校邀请赛都小有斩获，我认识的不少辩手也代表民大去过新加坡打比赛。至少实力和能力不会差到二流。 再说一下辩论氛围。准备比赛时，几乎是所有不同院系不同辩手都会频繁地准备资料互相讨论看到民大的凌晨，为的也许就是短短一分三十秒的质询。民辩十八年的纪念表演赛，已经毕业多年参加工作的辩手回到民大只为重温辩论。打比赛以来，累过想放弃过，赢了比赛和队友吃饭喝酒，输了比赛也看过哭的抱成一团的辩队。始终记得辩论队一个学长跟我说的，辩论是需要传承的，每一届都有使命让它走得更远。
中央民族大学和北京化工大学如何选择？,化学在知乎上，不景气。  民大读个商科，抱得美人归，事业也有了
请问有没有中央民族大学中文系的同学？我有个韩国朋友下学期要去民大交换，想找人跟她聊聊，说说在民大的生活,我在民大，有问题尽力帮你
法硕（法学）应该考西政还是北京的中央民族大学或者中央财经这种专业不如西政的有地理优势的211？,我本科西政就读，刚刚开始复习，所以真的复习得不好，自己也不敢报太好的学校。西政的优势在于熟悉而且重庆公共课比北京松，然后复试线也差不多就是国家线。但本人一直都想去北京读书，大一还曾许下鸿愿考人大中政，结果军训完就忘了化身学渣玩了四年，现在也是追悔莫及。总之就是要去北京的话，好像能够得着的就是中央民族大学或者中央财经大学，（也许能够得着？不知道北京公共课压分情况，在重庆能考五十几分吧应该）
在中央民族大学和大黄大咪这些宝贝玩是一种什么体验？,第一次被邀~ 哦哈哈~~~照片暂时没有，稍后补！因为太常见了竟然想不到要拍几张照片  我与它们的趣事没有，它们自己间的趣事倒是挺多的  今儿中午吃饭回来，还看到两只大长腿躺在食堂门前的大树底下，自己做了个"枕头"枕着，不管路过多少人笑声多大也不睁眼~  今年夏天的时候，它看到了草丛里的一只兔子 ， 仿佛看到了什么不得了的东西"这是什么鬼，我从来没见过"，然后蓄势待发准备一点一点靠近然后趁其不备来个偷袭…  然而事实是…大白兔一个转身吓的它从花坛上栽下来，脚抽筋了   一直觉得生活在校园里的喵喵汪汪是最幸福的，学生们心存善意，是永远不会伤害它们的，好心的宿管阿姨也会定时拿一些食物喂给它们~~有东西吃，有朋友玩，有人照顾~我也想过这样的日子…
文科狗 华中科技大学和中央民族大学到底选哪个？,看你想学啥专业了  华科虽然是理科学校 但新闻和社会学都还是很好的 然后民大的话文科都挺好 个人觉得想学新闻之类或转理工的话去华科 就想学文的话就去民大
我是少数民族地区的少数民族，想报考少干计划，想去北京的大学，中传，北大，和中央民族大学，求大神分析?,对有把握就不要考这个，限制太多
考研想考中央民族大学的中国史，双非考生求经验？,关注微博@书—会—儿，他是中央民族大学的彭勇教授
新闻传播专硕（mjc）辽宁大学还是中央民族大学？,我是辽宁大学的其他专业的准研一，对新闻传播不大了解，不过就单论学校而已，中央民族应该是很强的！毕竟985，辽大仅仅是一个221而已。还有你以后想去哪里工作也很重要，在东北的话辽宁大学就不错！不知道能不能有所帮助
17届辽宁考生（非沈阳）在中央民族大学与东北大学之间犹豫不决，希望大家给个意见？,同纠结，同等！
求介绍中央民族大学王炳煜老师生平？,       王炳煜，男，1924年10月生，山东省德州市人。中央民族大学马列教科部教授。         1949年初参加革命工作，1950年参加中国共产党，1952年中国人民大学马列主义教室研究生毕业。毕业后留校任教。后来调至中央民族大学任教1956年晋升为讲师，1978年晋升为副教授，1986年晋升为教授，享受国家级政府特殊津贴。曾任中国科学社会主义学会理事，北京社会科学联合会委员，《科学社会主义研究》副主编，北京市国际共运史学会理事，北京市高校共运史教学协会副会长等。现任北京科学社会主义学会常务理事，政治学行政学学会理事，北京纪检工作研究会理事，首都社会经发展研究所特邀研究员等。         主要著作：专著有《马克思主义民族思想史》(40余万字)。参加编写的著作：《国际共产主义运动史》、《科学社会主义》、《科学社会主义疑难问题探讨》、《赫哲族简史》、《社会主义辞典》、《历史性的飞跃》(该书获北京市哲学社会科学优秀成果二等奖)等。论文：在《光明日报》等报刊上发表数十篇。主要有“马克思主义民族定义的产生发展与实践”(该文获中央民族大学哲学社会科学优秀论文一等奖)“布列斯特和约和‘左派共产主义者’”、《马克思恩格斯的文明观》等。个人简历与业绩已选入英国剑桥《世界杰出社会科学家名录》(英文版)等。
想学日语，吉林大学和中央民族大学选哪个？,呀…我是民大的…你过了填志愿的时间吗 还是跟你说说啊… 我那时也是这样，民大和吉大间纠结得很… 不过我想说，民大可能实力确实没那么好，但我看你的描述，更建议你填民大哦～ 因为北京的资源真的是别的地方难以比拟的。 而且民大日语系出国机会很多。 而且民大四年你能感受到很多其他大学没有的民族文化特色。
中央民族大学新闻与传播专硕怎么样？,就MJC而言，中传人大五星级，清北复交浙大南大四星级，湖大中国政法重大兰大民大三星级。全国top 25没毛病，比上不足比下绰绰有余，总体来说，民大文学与新闻传播学院还是不错的，师资力量较强，学术氛围一般。专硕不太清楚。留北京还是很容易的，相比北印刷，民大绝对好很多。
对文科生来说 华南理工和中央民族大学哪个好？,今年的考生，文科的，也是在这两个学校中纠结啊，民族大学的宿舍条件不是很喜欢，但是华南理工毕竟是个理工类院校，担心文科不是很适合，可我的分数只有这两个985能上，个人还是很想去一个985的，请问有什么介意吗？？
华东政法大学的法学和中央民族大学的法学如何选择？,该来的总回来(/▽＼) 先说：法学一家亲  大家都很优秀！ 虽然利益相关 但华政人要有华政人的气度 绝不撕逼！（管谁好不好，闷声发大财才是最吼的(◕‿◕✿)）
中南民族大学油画系可以考中央戏剧学院舞台美术系的研究生吗？,可以
中央民族大学的【法学与英语】专业怎么样？,开设法学与英语这个专业的，全国一共有三个学校：中国政法大学、山东大学、中央民族大学。  利益相关：民大法英专业 据校方统计，法英专业在民大连续几年都是是录取分数最高的。 这个专业的目的在于培养复合型人才，但从2010年之后，培养方案改革，之前是一个毕业证，两个学位证（法学学士+文学学士），现在是一个毕业证，一个法学学士学位证（法学院和外语学院同时盖章），从2014年之后，这个专业的学分要求变成184学分。原来的英语是学外语学院英语专业的所有课程，培养方案改革之后只学它们70%的课程，所以变成一证二章。不过法英专业有资格考专四和专八，这个很吸引人。也许其他专业的人英语也非常好，但如果在法英专业认真上每门课，这二者就像熟练应用中文 VS.学语文。  个人感觉学习压力确实有点大，但只要跟住，收获也会非常非常大。 有人说法英专业是1+1&lt;2，在时间上可能比较难安排，但本质上这两个专业一点也不冲突，特别是对表达能力的培养，法学与英语是相辅相成的。如果你英语基础本来就很好，那来法英专业绝对是是很好的选择。当然，如果读了半年、一年觉得不妙，也可以申请转到法学班，走的是转专业程序，但比转专业容易很多。  大二可能是课程最多的一年，但不见得是压力最大的一年。大二下学期会统一考专四，四六级是个人自愿报考的，但一般来说都会去考。大四上学期一开学会考司法考试，年底考研；大四下学期考专八，这个是不做强制要求的。  附一张大二的课表，这是民大2016年9月更改作息时间表之前最后一个学期的。 周一到周五，每天都是从8:00—12:00，14:00—18:00，19:00—21:00，有时候晚上是19:00—22:00，周而复始，确实有点累，但只有一个学期是这样的。  不管怎么说，能在同样长的四年时间内，多学英语，怎么看都是件稳赚不赔的好事吧~  详情链接:   http://  mp.weixin.qq.com/s/gPO8  oMEzkeYOVdZeGyJKTA      
中央民族大学哲学类转专业至广告学？,广告学是新闻专业到大二分出来的学科，所以你要进广告学实际上就是先进文传的新闻专业。转专业考试有两次，基本只要你好好准备过的几率很高。我这一届就有同学转新闻成功的。你加油。不过具体情况还是要时刻关注信息门户上的通知，以及找一些文传学新闻的同学问问情况。
中央民族大学宿舍问题？,民大在读研究生看见问题怒答一记！  虽然老师不错，食堂很好很便宜，景色优美，地理位置好，但是心理落差你懂的，  本人在东部沿海地区某一线城市，民大研究生的住宿条件真的不如我们那的一些高中。 本科生8人间上下铺，研究生6人间上下铺且男女混住（同一层），我们这些本科不在这里的很多人看到宿舍的第一反应是想退学，当然本科在这里的已经习惯了【嗯？  宿舍没空调就算了，连电扇都没有  顺便我是调剂过来的，在此奉劝想来民大的各位，如果你不是少数民族or来这里学强项学科，就千万不要来  至于本校的学生呢，除了上述两种情况外不要在本校！ 从宿舍条件真心看不出是985，连北京的一些普通211都比不上   出国机会的话，只偏向于某些强项学科，能交流的学校基本没有一流的，全都是名不见经传的学校。只有强项学科才有顶尖学校的交换名额。   可能是因为离国图比较近，图书馆很小而且没有什么书，可用的数据库也不多【喵   至于学生的素质问题—————————————————————— 个人感觉民大本科的同学还是不错的，但是本科不在这的研究生质量还是参差不齐 本人在民大非强项学科，我们宿舍的同学来自野鸡大学的还是比较多的，村里的也不少（不是歧视是从个人素质来看一下就看出来了所以可以想象）详情的话可以搜知乎的问题：国内的大学为什么不推行单人宿舍，当然这类问题基本每个高校都有一点，也不能算是民大的问题。但根本原因还是在于宿舍人多，很多人都想调宿舍就可以说明问题了  作为东部沿海一线城市的人，真为舍友感到智商捉鸡： 毕竟九线城市从来没来过帝都，在三环有一个床位就觉得高大上，找个清华的男友就“一人得道鸡犬升天”不停在宿舍显摆耳朵都出茧子了【呵呵 还妄想毕业之后找个北京户口有房有车的男人嫁了【那你直接找个人包养你呗，读什么研究生跟妓女有什么区别？也不看看自己几斤几两  民大的宿舍抹杀了之前我常去北京的好印象，再加上跟几个从智商到思想到行为都很low的女生住一起【呵呵  总之不要来民大【除非少数民族或者学优势学科，我三观这么正常的人真心受不了这里（尤其是同宿舍的人
请问在律所招聘中，国际关系学院、中央民族大学、上海政法学院和专业排名较前的师范类院校哪个更有优势？,专业排名较前的师范类院校中，不能不提北师大，北师刑科院由赵秉志教授牵头，在中国刑法版图中占有举足轻重的地位。
妹妹去年高考，读了中央民族大学的预科，今年要选专业了，工商管理不知道如何，但是我建议她选广告。?,我是工商的，大二分专业选财务管理，老师有那么几个很low，学历挺厉害，但是能学到的东西就呵呵了。目前钦佩的老师也就只有一个。工商会计不错，老师也很好，每年分专业的时候竞争压力超级大。还有，男女比例严重失调。
给中央民族大学邮快递怎么填写？,北京市海淀区中关村南大街27号中央民族大学  还有楼主确实太懒了
mjc中央民族大学考研？,谢邀。 对民大mjc不是多么了解，也仅仅限于百度中的那些东西，所以爱莫能助了。 不过帝都mjc最出名的院校有中传，人大，北师大。 Mjc的话本身跨考的学生非常多，百分之8 9十感觉都是跨考生，所以不必担心跨考的问题。 如果问中传的相关问题，可以帮忙解答。
中央民族大学的全日制MBA就业如何？, 首先谢谢邀请  中央民族大学的全日制MBA在社会上的认可度是比较高的，全日制读完，不得不说对未来的职业发展还是有很大的帮助的。  中央民族大学是国家“211工程”和“985工程”建设的综合性重点大学，拥有哲学、法学、经济学、管理学、文学、历史学、教育学、理学、工学、医学共10个学科。  中央民族大学MBA教育设有战略管理、人力资源开发与管理、会计学、财务管理（资本运营）、物流管理、旅游管理、市场营销等专业方向。  当然你也要看你未来的职业发展方向，以及未来的职业规划，这个学校是不是符合你的选择和需求。 
中央民族大学的法学专业怎么样?,匿名答一发...本硕法学院，怎么样取决于你想要什么。本科时候有不错的老师，她们教的东西会让你对某个学科有新的理解。当然也有不好的，之后因为某科缺腿不要太难受...不过哪个学校都有糟糕老师，看你怎么看待。新来的年轻老师都很好，师承不错，上课也认真负责。民大是同条件学校里非常好的选择，地理位置极佳，生源也好，只要自己努力是一定能够有所收获的。但是也仅此而已了。不后悔来民大，但是再让我选的话高考努把力去政法了。ps我有一别专业同学，一年半之后转去英国G5了，我觉得出国靠谱。
中央民族大学可以辅修专业吗？,谢邀 民大双学位只有法英专业，该专业进学校之前就需要报的，其他专业貌似是不支持双学位的:-)
北京科技大学和中央民族大学的经济与贸易类和工商管理类什么时候细分专业，怎么分？,学校官网都有 伸手有意思吗
中央民族大学日语系好吗?,利益相关:16级日语系学生  听说前几届总体不是非常好 但是能从老师的话里听出来有一些前辈发展得还是不错的 那些研究生学姐看起来也成绩很好哈哈哈 日语系特点应该是人少 每届只有一个班  二十来个人 大体上各个省都有分布 我们的老师学历都比较高 有多年的日本留学背景 两个外教老师 中文讲的很好 应该教了很多年书了 留学生倒不是特别多 不过北外啊清北都有留学生 可以勾搭的 然后因为人少 一个班主任管嘛 应该说还是能顾及每个人的 只要多沟通沟通就没问题 外教老师也很热心 学语言这种事啊 师父领进门 修行靠个人… 硬件条件还不错 机会也很多 可以免费参加许多讲座啊演讲啊 前几天还去了鸠山由纪夫先生的演讲…第一次见识了日语现场同传… 还有就是跟日本的不少学校有协定 基本上到了大三都能出国一年 只要成绩过得去~ 所以呢…虽然大环境略略歌舞升平…老是灌输一些奇怪的东西比如啥晚会活动… 不过不看不就行了( ´◔ ‸◔`) 我们自习也很勤快的  顺便有含金量的晚会可以观赏一下 毕竟学校特色 看了真不吃亏哈哈哈
中央民族大学和南京审计大学的审计专业，如何选择？,谢邀。 首先南审的审计专业好像并不是全国第一，其次它的审计专业在江苏一直是一本，南审的二本好像是汉语言之类的。 最后，仅仅以我关注的江苏分数线而言，你所列举的几个大学的分数似乎上不了南审的审计。南审的审计（文科）大约比一本线高30～40分，南大最低录取线大概比一本线高50分，请自行感受。 最后，南审我也没上过，无法评价。
2016年黑龙江考生596分女生。是去中央民族大学还是上海立信会计金融学院比较好。急！排名6263？,谢邀，不过我对黑龙江那边不太了解。  我是2014年考生，河北省排名8400多进的民大，仅仅高于分数线4分，希望能做个参考。  如果想了解更多情况，请私信我，我们有一个2016新生群，欢迎学生本人进来咨询。
中央民族大学音乐学系和沈阳音乐学院音乐教育系哪个好？？,不同专业，没法比较，看你想当音乐老师还是音乐学家。
有个中央民族大学的跟我讲她有名校包袱，我该怎么呵呵？,有人问我有个中央民族大学的妹子跟他讲说她有名校包袱他该怎么呵呵，我该怎么呵呵
山东大学美术专业同中央民族大学相比，哪个更好？有何优势呢。?,中央民族大学更好。
中央民族大学和中国社会科学学院法学考研对比？法律硕士（法学）相比较而言怎么样？求指教,谢邀，好像是来的太晚了。 我不是中央民大的，我是西南民大的。 如果想体验生活、体验我国特有的56个民族，建议民大啦。 如果以后想做研究调研什么的，还是建议社科院。 专硕，虽然我们老师给我们灌输着和学硕一样没什么区别，但是区别还是很明显的：一般而言专硕两年制，非法本三年制，如果本科法学，意味着你在研究生阶段读书只有一年，这就很尴尬了，说长不长说短又不短，更像是一个进入社会的缓冲期。 学硕，一般三年制，读书学习一年半，完成一篇3w字论文加上学校自带的发表论文要求。更偏向理论学习，想了解更多更广的知识可以的。 以上请按需选择吧。
我今年考上中央民族大学，但是是志愿没有报好，我不甘心，要不要复读？,卧槽我可是复读上了民大啊，，
北京二本学校想考中央民族大学法学研究生，拜托大神们给些客观上的建议，就除了自身努力之类的～谢谢大家呐？,先查招生专业目录啊 考哪些课 有哪些指定书 报录比弄清楚 再想办法认识直系学长学姐我当时就是百度搜的认识的  打听考这个专业的一些经验啊方法啊 我当时还用考研帮 上面有一些研友可以了解一些信息吧 加油吧骚年
中央民族大学新闻学考研该怎么复习？参考书有哪些？难度如何？,  谢邀~    一、中央民族大学新闻学硕士考研招生人数（育明教育马老师）      　　　　马老师解析  　　　　1.招生对象及报名条件  　　　　1）品德良好，遵纪守法；  　　　　2）考生的学历必须符合下列条件之一：  　　　　　（1）国家承认学历的应届本科毕业生，一般应有学士学位；  　　　　　（2）具有国家承认的大学本科毕业学历的人员（自考本科生和网络教育本科生须在当年报名现场确认截止日期前取得国家承认的大学本科毕业证书方可报考），一般应有学士学位；  　　　　　（3）已获硕士学位或博士学位的人员；  　　　　　（4）获得国家承认的高职高专毕业学历后满2年（从毕业后到2017年9月1日）或2年以上，达到与大学本科毕业生同等学力的人员（只能以同等学力资格报考）；  　　　　　（5）国家承认学历的本科结业生和成人高校（含普通高校举办的成人高等学历教育）应届本科毕业生，按本科毕业生同等学力身份报考；  　　　　3）．以同等学力资格报考的考生，须有本人署名的新闻与传播作品，不限学科专业，通过初试后，须加试两门本科专业基础课；  　　　　4）．身体健康状况符合规定的体检标准。  　　　　2.考试科目，共四科，公共课每科100分，专业课每科150分。    二、中央民族大学新闻学考研复试分数线（育明教育马老师）      　　　　马老师解析  　　　　1.从历年数据来看，中央民族大学新闻学考研报录比在6:1到7:1之间，且报名人数和分数线呈逐年递增的趋势，准备报考的考生一定要早作准备，科学备考。  　　　　2.复试的考试形式  　　　　专业笔试  　　　　综合面试  　　　　面试考试时间20或30分钟/考生，每位考生面试的时间必须相同，采取百分制，面试内容包括知识结构、专业知识基础、综合分析及创新思维能力、外国语听说能力等。面试成绩采取百分制。  　　　　3.考生初试成绩占最终成绩的50%，复试成绩占最终成绩的50%（其中复试面试、笔试成绩各占25%）；  　　　　考生最终成绩（百分制）＝初试总分÷5×0.5＋复试总分（换算成百分制）×0.5。    三、中央民族大学新闻学考研参考书目（育明教育马老师）   新闻理论部分  1、新闻理论教程（第二版），杨保军，中国人民大学出版社  2、新闻理论十讲，陈力丹，复旦大学出版社  3、新闻学概论（第四版），李良荣，复旦大学出版社  传播理论部分  1、传播学教程（第二版），郭庆光，中国人民大学出版社  中国新闻史部分  1、中国新闻传播史（第二版），方汉奇，中国人民大学出版社  2、中国新闻传播史新编，白润生，郑州大学出版社  外国新闻史部分  1、全球新闻传播史（第二版），李彬，清华大学出版社  2、世界新闻传播史（第二版），陈力丹，上海交通大学出版社  业务课  1、新闻采访学（第三版），蓝鸿龙，中国人民大学出版社  2、新闻写作教程，刘明华，中国人民大学出版社  3、新闻编辑学（第二版），蔡雯，中国人民大学出版社  4、新闻评论教程，丁法章，复旦大学出版社  5、新闻评论，马少华，中南大学出版社  6、电子媒介新闻教程，饶立华等，中国人民大学出版社  拓展：  《网络传播概论》彭兰第三版  《网络与新媒体概论》李良荣  《媒介革命》喻国明  《媒介融合概论》宫承波  《传媒法规与伦理》王军  《媒介管理学概论》邵培仁  《大众传播学——范式与流派》 刘海龙  马老师推荐阅读期刊：  　　　　1.《新闻与传播研究》中国社会科学院新闻与传播研究所  　　　　2.《新闻大学》复旦大学  　　　　3.《国际新闻界》中国人民大学  　　　　4.《现代传播》中国传媒大学  5.《当代传播》 新疆日报社、新疆新闻工作者协会  　　　　马老师解析  　　　　1.参考书是理论知识建立所需的载体，如何从参考书抓取核心书目，从核心书目中遴选出重点章节常考的考点；如何高效地研读参考书、建立参考书框架；如何初步将参考书中的知识内容对应到答题中，是考生复习的第一阶段最需完成的任务。建议大家可以在专业课老师的指导下来高效率、高质量完成这项工作，为整个备考的成功构建基础；  　　　　2.马老师温馨提示：参考书该怎么读才能更有效果？  　　　　（1）通读教材；  　　　　（2）研究真题，把握出题方向；  　　　　（3）结合教材细读，分析复习重点，琢磨该往哪个方向做笔记和思考；  　　　　（4）不断融会贯通，该记的一定要记牢，千万不要抱有侥幸心理；该理解的要理解，最好不要死记硬背，融会贯通，对于教材所讲观点能有自己的想法非常重要；  　　　　（5）除了看专业指定书目，还可以多看看所考学校老师的专著、论文；  　　　　（6）根据真题、复试题目等出题方向，找一些相关论文和好文章，记好笔记，多积累，多思考。    四、中央民族大学新闻学硕士往年毕业生去向   　　　　1.中央部委及地方各级党政机关宣传部门；  　　　　2.国家正式事业单位，主流报刊媒体，人民日报、新华社等；  　　　　3.各级别地方电视台、广播电台等；  　　　　4.进入高校担任行政职务或教学工作、科研部门的教学科研工作；  　　　　5.网易、搜狐、腾讯、新浪等门户网站，新媒体企业等；  　　　　6.出国深造等。    五、中国人民大学新闻学硕士考研真题   　　　　一、名词解释：  　　　　1、成舍我  　　　　2、费加罗报  　　　　3、媒介素养  　　　　4、质化研究  　　　　二、简答：  　　　　1、邹韬奋在新闻出版方面的贡献；  　　　　2、议程设置的主要内容；  　　　　3、默顿和拉扎斯菲尔德的传播观时代周刊的特点。  　　　　三、论述：  　　　　1、梁启超在日本的办报活动；  　　　　2、华盛顿邮报报道水门事件的看法；  　　　　3、传统媒体和新媒体融合问题和解决；  　　　　4、新媒体革了新闻专业主义的命。    六、育明教育授课体系（育明教育马老师）   第一阶段：框架的构建和重点的掌握  　　　　核心参考书的框架体系建立和考点整合，理清楚学科发展史，特别是每一个阶段的代表人物，著作，主张，提出的背景和评价。  第二阶段：专题讲解  　　　　在第一阶段的基础上，给学员总结常考的专题，进行深化和凝练，以专题为突破口夯实并灵活运用理论知识。  第三阶段：热点和出题人的论文  　　　　对出题老师的研究重点，最新论文成果和上课的笔记课件进行讲解。对本专业时政热点话题进行分析。  第四阶段：历年真题讲解  　　　　对历年真题进行最深入的剖析，分析真题来源、真题难度，总结各题型的的解题思路、答题方法和技巧。全面提升学员的答题能力，把前面几个阶段掌握的理论知识转化为分数。  第五阶段：模拟练习及押题  　　　　就最新的理论前沿和学科热点结合现实的热点进行拔高应用性讲解。教会考生怎么破题，怎么安排结构，怎么突出创新点等答题技巧。  　　　　●虽然每年院校的出题大纲可能会有所变化，但是就总体来说肯定变化不会太大。因此，院校历年的考研真题对于大家来说就具有相当大的参考价值。所以，考生在整个复习工作中，仔细研读院校指定参考书目的同时也要注意搜集往年的考研真题。  　　　　●除反复演练院校历年真题外，平时多涉猎一些理论专著和学术论文会帮助我们了解本学科的理论框架，更加熟悉我们即将进入的研究领域，同时也能够提高我们对行业的兴趣。而学术论文最好是找目标院校老师发表过的论文，了解一下他们的研究方向，也为复试打下一个好基础。  　　　　●综上所述，在整个复习备考阶段阶段，院校内部的考研信息及方向就显得尤为重要。马老师在此温馨提示各位准备报考中央民族大学的考生，若你有院校内部的资源，最好还是赶紧利用起来。若你没有这方面的渠道和资源，便可以跟马老师取得联系~兵家有云：知己知彼，百战不殆。明确了整个复习工作的方向，获取了准确无误的情报，方能事半功倍。反之，事倍功半不说，你头悬梁锥刺股呕心沥血一整年，末了还成了横杠底下的分母。考研路上，马老师为你保驾护航。 
想考中央民族大学的法学硕士，求学长学姐赐教，迷茫中。。。？,大三狗同样迷茫的不行
中央民族大学比华北电力、华中科大、华中师大、西南财经等院校差吗？ ?,今年湖北考生，高一本线89分，妈妈让我考虑能不能冲中央民大，心里那个苦啊 
中央民族大学西门为什么那么多美女？,首先民大自已有蛮多美女，毕竟号称56个民族的学生都有。有些少数民族的姑娘是真的很漂亮。 其次民大西门有留学生公寓楼，留学生姑娘不说都是漂亮的，但中亚俄罗斯来的不再少数，请自行脑补俄罗斯美女。 再次民大西路一直往北就是北京外国语的侧门，北外--学外语--女生多--美女也多，来民大西门美食一条街吃个饭溜个弯也是常发生的事。 同理民大西路一直往南绕一下是北京舞蹈学院的侧门，北舞姑娘就不说啦。她们来民大西门除了吃东西还有可能租民族服装（租售民族服装的店铺在西门外有很多） 总而言之一句话：欢迎报考民大！
计算机考研调剂中央民族大学现代教育技术专业怎么样？, 看专业的名字觉得就是教育技术学专业吧，所以来回答一下，仅供参考：）   北师大的教育技术学专业也有很多方向，在2004年的时候，北师大的教育技术学和计算机专业都在一个学院：信息科学学院，很多计算机专业的导师也带教育技术学的硕士博士。教育技术学专业在我本科的学校是脱胎于物理系。所以看你导师的方向，应该是与计算机的关系更密切一些，这对于就业是很好的。  另外，关于教育学硕士，师大当时有两个选择：理学硕士和教育学硕士。同学们各有各的选择，看你未来的职业规划是什么？  简历筛选的时候，只看了教育学硕士就刷掉你的单位，就不用去了吧，缺少对人才基本的尊重。  以上，工作间余所写，仅供参考：） 
中央民族大学金融专业好就业吗？,哪一届的？
中央民族大学今年接受法硕调剂生吗？（2017）？,泻药 专业差别较大，不是很了解！ 我认为考研调剂很大程度上来说是信息搜集上的较量，而且每年区别较大，不同学校每年情况都情况不一，除少数学校每年均招收调剂！ 另外题主所说的各位大大，过来人，在对今年情况的了解上来说，我认为题主应该更加清楚，所以与其在知乎提问，不如多刷刷考研论坛，研招网 学会搜集信息和有效提问很重要，建议多去搜集信息，包括但不限于招生调剂信息，也可以是找到同等学历同学或者学长学姐，在搜集较多信息情况下，有针对性提问 调剂很大程度上也考验一个人的心态，贵在坚持，加油 祝好
去北二外和中央民族大学学习外语选哪个好（个人喜欢日英法），lz高三高考完，985的牌子重要吗，求解答？,学外语肯定北二外。 假如是出国的话，985的牌子的确是有点用。 但是就业什么都是北二外更好。 有时候看的更是你的专业技能和水平。 中央民族大学说实在话和其他985还是有一定差距的。
选择中央民族大学的前因及以后?,先容我啰嗦一点题外话: 因为涉及高考志愿选择的问题，我的回答并不仅仅是谈民大，还有对于志愿填报，我是如何考量各方面因素的。此乃题外话一。 发表这个问题自问自答，是因为找了一圈现有的问题，并没有一个特别针对大家当初选择民大的原因的。而今年一年民大发生了那么多事，我想把它们都拎出来唠叨唠叨，应着一些外人对民大的误解，应着民大不为过分扭曲或美化的、真正的样子。做到完全客观的评述很难，但我会尽量保持在答此题时不违己心。我相信，说出它立体的样子，即好坏都不避讳的描述才是对一所学校来说最好的描述。此乃题外话二。 作为一个资深懒癌患者，答此题也实在多亏舍友的敦促。我们都是一年前通过知乎获得了对民大的认知，做了重要的选择，所以仿佛有了使命感似的，我们所得到的馈予，也应当传递给学弟学妹们。此乃其三。 书归正传。涉及志愿，前提及首要是什么?刚刚宿舍里大家还在说，感觉民大就是考砸学霸聚居地，这个结论科学与否暂且不表，它首先便反映了分数——最大的影响性因素——在志愿选择中的绝对地位。根据自己的位次和各校往年录取情况基本就能锁定几所“可以”上的学校了，来民大，肯定第一是因为分数在这个可选范围群中。 下一步，在“能上”的学校里面选自己“想上”的。在形成意愿的过程中，我们会把什么作为考量因素，摆在什么位次去考量？这绝对是因人而异的，没有完全一致的标准，所以当你在问“xx大学和xx大学我该选哪个”“我是否应该上xx大学”的时候，一定要想明白，我想要从别人的答案里获取的是什么，上述两个问法我去年都没有采用，因为我想要的是关于这个学校的信息，而不是让别人告诉我如何选择。因为自己的学校立场等等，每个人都无形地进行了价值输出，如果我们能够保留自己的价值判断的能力，那我们才能不被那些各答主们各种各样乃至相背相撕的学校选择的唾沫所淹没。下面谈谈我自己的选择过程。我重点考虑了以下几个因素:城市、是否985/211、地理位置、学校给我的直观感受、未来前途(保研?出国?)。答主山东人，文科，16年成绩可以走大概十几所985，因为浓烈的北京情结，我最终咬了咬牙放弃了其他各省的学校，哪怕我在北京剩下可选的其他的只有双非一本(排除了理工类大学，因为据说文科还是不要到理科学校上比较好?)6个志愿最终全填了北京的学校。之所以纠结985，是因为我以后想出国，那时我查到的不知道是不是准确的信息说国外高校比较看重有没有985的牌子，(那时还担心不是双一流，不过现在已经是辣~)保研好像也有一点优势(这个我没确认过)总之给自己留点后路总是好的(*σ´∀`)σ然后就在民大和北语间纠结的死去活来。(因为两校录取线差不多，我把哪个报在前面就基本上是录哪个，后面的根本用不上，鱼与熊掌不可得兼)毕竟要是学语言的话，去北语肯定更专业啊，不过我是在那个时候还不明确自己未来一定要做什么工作，所以并没有一个特别的专业定向，就把大学当综合素质锻炼场辣~因为民大是综合类学校，专业不喜欢还有两次转专业机会呢，公选课也更丰富；万一我进了北语发现自己学不下去语言，转别的专业都没的转(⋟﹏⋞)(留后路的思维方式，同上)两者位置各有千秋，一个靠着国图，对我这种书的蛀虫简直是福音，和北大人大一条街，公交几站就到(没错，我就是冲着蹭课去的，羞羞遁走( ‘-ωก̀ ))，一个靠着清华，可以垂涎小哥哥(哈哈哈，脱单也是很重要的事呢)   看民大:综合类+985+国图+人大北大  这样一个综合因素在我的私人偏爱中分量的确够重，但最终让我的天平投向民大的，是它给我的主观感受。由于不能亲自去北京了解详细情况，知乎和各种其他网上资源就成了我了解大学的非常重要的途径。从这些平台上，我希望看到的是在校生对这个学校的评价，他们自己是否有归属感。因为在我看来，大学是一个冰冷的概念，只有那里的人才能够代表学校热腾腾的生命，我去上这个大学，能遇见谁，身边朝夕相处的人都是怎样的，这一定是极重要的。我真的是翻遍了几乎每一条答案，得到了一个模糊的直观感受——1民大的人对这个学校是很有归属感的2他们是我以后想要相处的。除了民大，北二外的人也给我留下了很好的印象，在校生风评这一条在我的名单上占比非常重。虽然仅凭知乎等途径了解学校风貌难免片面，但只凭一些干瘪数据来分析岂不同样草率?综合上述因素，最终我选择了民大，当然也有赖民大选择了我(●'◡'●)ﾉ❤本来还为放弃了和北语的老外一起玩耍而惋惜，后来居然被汉教这个专业录了，开心地在民大既和老外玩又和少数民族同胞玩辣(因为我们专业大二要在国际教育学院教老外)。综合我的择校过程来看，每一个因素是否被考虑，比重如何，都是根据我自己的私人意愿来的，换一个人可能就不是这样选择最好了，因为每个人心目中的重要因素不一样嘛~ 至于“后果”怎么样  o&gt;_我先谈的是民大的招黑体质问题(其实也不算啦，最近看看其他学校也层出不穷地被怼，我也就看明白了它们不过是一个出口，网民们激愤情绪的一个排泄处，它可以是民大，可以是北大，可以是任何一个大学甚至任何一个热点新闻。)一方面有不了解学校情况就开始凭只言片语在自己的脑海里塑造“真相”的人；另一方面有一少部分本校同学对自己没能去更好的学校耿耿于怀，戴着先入为主的眼镜看民大也就怎么看怎么糟了吧，民大不应成为你的骄傲的靶子。它跟你进来以后用客观的眼光去看学校实际存在的问题绝对是不一样的。学校确实存在一些问题，师资配置，培养方案，学术资源都很让人头大，学术成果做不出来，学校的综合实力自然很尴尬。同时我们也必须看到，学校在努力。近几年退休了一大批老师又引进了一大批老师，希望学校会越变越好吧。还有一个关于民族的敏感问题，很多人一听校名，咦~民族大学呐，但实际上，我所见到的少数民族同胞们也很棒的，在好多个领域都有人做得让人叹服，我见过在学业上最传奇的学姐就是少数民族，优秀是超越民族的!这一段的画风太不可爱了(っ╥╯﹏╰╥c)，喵~其实我们大家都很和善，平时相处都很融洽的~ 那么进校以后，我的感受到底是怎么样的呢？ √√课堂来讲，虽然在很多水课中煎熬，但也上了很多涨知识的课，遇到了好多超nice的老师。知识好像真的是最不重要的(别打我(⋟﹏⋞))很喜欢大家在课堂上评论热点新闻评论书中人物行为时一个思想又一个思想撞在一起迸出火花来的样子，不同的三观相撞却也最终落得大和谐之景；我从一些课堂上学到的更重要的是视野的拓展与自信的建立。 同学来说，每个人都好不一样但有很多人能够在自己擅长的领域做得风生水起。尤其因为少数民族很多嘛(主要集中在藏学院，少数民族语言文学系，哈语系等等院系，其他汉少混合的比重少一些，比如我们班当初21个汉人，10个少数民族)在日常相处中其实也不会有什么差别，但是到了节日或者活动的时候真的觉得能够在民族大学，亲身感受到这么多元的文化，好幸运啊。 民大的神奇还在于它可以在校园的一边歌舞升平地喧哗，在园子另一边有人安安静静地读书，思考。 其他的大概和其他大学也没有什么差别。吃货们逛遍周边的餐馆胖到无所顾忌，高端玩家进军全北京探索特色小吃，情侣们分分合合，狗子们默默裹紧自己的小毯子，在各种比赛与活动中锻炼又锻炼，学霸们蹭讲座打比赛不亦乐乎，学渣们开开心心的翘课做自己想做的事，文艺青年们在北京各大剧院音乐厅画廊博物馆里流连忘返，运动青年千里单骑野营扎寨练练瑜伽健健身，抱团夜游北京的，疗伤倾诉的，通宵赶稿子剪片子干大事的…… 只是走在昏黄的路灯下，听着荡漾在每个角落里的民大广播的声音，看熙攘的人群，总会动容:这是我的大学给我的啊，这就是我的民大吖。  (请允许我神婆上身一分钟)  高考志愿这个事，冥冥之中，自有天意。好巧啊，我选择了它，它选择了我。  刚刚好。
中央民族大学软工怎么样。？,谢邀，我的感觉是本科应该学习计算机专业，待工作两年后读软件工程硕士比较好。 因为让没有工程经验的大学新生直接去学软件工程，事倍功半。
中央民族大学金融系和会计系和财务管理怎么样？,不错吧，培养未来的少数民族财经干部。
中央民族大学中国古代文学考研，有学长学姐给建议吗？,专业课的620.821古代汉语现代汉语自己古现当代文学，文学基本理论要用什么复习资料啊？！求前辈指导 
计算机考研想考个牌子大点的，企业认可度高的，不知道中央民族大学，华东师范大学，中国海洋大学哪个好一点？,不认为这三个学校比杭州电子科技大学强。当然比杭电强的学校有很多，建议你去查查杭电ACM.
中央民族大学新闻与传播硕士考研该看哪些参考书？难度怎么样？好考么？, 谢邀~   一、中央民族大学新闻与传播专业硕士考研招生人数（育明教育马老师）          马老师解析  1.招生对象及报名条件  1）品德良好，遵纪守法；  2）考生的学历必须符合下列条件之一：  　（1）国家承认学历的应届本科毕业生，一般应有学士学位；  　（2）具有国家承认的大学本科毕业学历的人员（自考本科生和网络教育本科生须在当年报名现场确认截止日期前取得国家承认的大学本科毕业证书方可报考），一般应有学士学位；  　（3）已获硕士学位或博士学位的人员；  　（4）获得国家承认的高职高专毕业学历后满2年（从毕业后到2017年9月1日）或2年以上，达到与大学本科毕业生同等学力的人员（只能以同等学力资格报考）；   　（5）国家承认学历的本科结业生和成人高校（含普通高校举办的成人高等学历教育）应届本科毕业生，按本科毕业生同等学力身份报考；  3）．以同等学力资格报考的考生，须有本人署名的新闻与传播作品，不限学科专业，通过初试后，须加试两门本科专业基础课；  4）．身体健康状况符合规定的体检标准。     2.考试科目，共四科，公共课每科100分，专业课每科150分。         二、中央民族大学新闻与传播专业硕士考研复试分数线（育明教育马老师）       马老师解析  1.从历年数据来看，中央民族大学新闻与传播硕士考研报录比在4:1到5:1之间，且报名人数和分数线呈逐年递增的趋势，准备报考的考生一定要早作准备，科学备考。  2.复试的考试形式  综合面试  面试考试时间20或30分钟/考生，每位考生面试的时间必须相同，采取百分制，面试内容包括知识结构、专业知识基础、综合分析及创新思维能力、外国语听说能力等。面试成绩采取百分制。  3.考生最终成绩（百分制）＝初试总分÷5×0.6＋复试总分（换算成百分制）×0.4。         三、中央民族大学新闻与传播专业硕士考研参考书目（育明教育马老师）       新闻理论部分    1、新闻理论教程（第二版），杨保军，中国人民大学出版社   2、新闻理论十讲，陈力丹，复旦大学出版社   3、新闻学概论（第四版），李良荣，复旦大学出版社       传播理论部分    1、传播学教程（第二版），郭庆光，中国人民大学出版社       中国新闻史部分    1、中国新闻传播史（第二版），方汉奇，中国人民大学出版社   2、中国新闻传播史新编，白润生，郑州大学出版社       外国新闻史部分    1、全球新闻传播史（第二版），李彬，清华大学出版社   2、世界新闻传播史（第二版），陈力丹，上海交通大学出版社       业务课       1、新闻采访学（第三版），蓝鸿文，中国人民大学出版社   2、新闻写作教程，刘明华，中国人民大学出版社   3、新闻编辑学（第二版），蔡雯，中国人民大学出版社   4、新闻评论教程，丁法章，复旦大学出版社   5、新闻评论，马少华，中南大学出版社   6、电子媒介新闻教程，饶立华等，中国人民大学出版社      拓展：   《网络传播概论》 彭兰 第三版  《网络与新媒体概论》 李良荣   《媒介革命》 喻国明  《媒介融合概论》 宫承波  《传媒法规与伦理》 王军  《媒介管理学概论》 邵培仁  《大众传播学——范式与流派》 刘海龙      马老师推荐阅读期刊：   1.《新闻与传播研究》 中国社会科学院新闻与传播研究所  2.《新闻大学》 复旦大学  3.《国际新闻界》 中国人民大学  4.《现代传播》 中国传媒大学  5.《当代传播》  新疆日报社、新疆新闻工作者协会   马老师解析  1.参考书是理论知识建立所需的载体，如何从参考书抓取核心书目，从核心书目中遴选出重点章节常考的考点；如何高效地研读参考书、建立参考书框架；如何初步将参考书中的知识内容对应到答题中，是考生复习的第一阶段最需完成的任务。建议大家可以在专业课老师的指导下来高效率、高质量完成这项工作，为整个备考的成功构建基础；  2.马老师温馨提示：参考书该怎么读才能更有效果？  （1）通读教材；  （2）研究真题，把握出题方向；  （3）结合教材细读，分析复习重点，琢磨该往哪个方向做笔记和思考；  （4）不断融会贯通，该记的一定要记牢，千万不要抱有侥幸心理；该理解的要理解，最好不要死记硬背，融会贯通，对于教材所讲观点能有自己的想法非常重要；  （5）除了看专业指定书目，还可以多看看所考学校老师的专著、论文；  （6）根据真题、复试题目等出题方向，找一些相关论文和好文章，记好笔记，多积累，多思考。      四、中央民族大学新闻与传播硕士双导师师资   按照教育部专业学位人才培养的双导师制要求，研究生院和文传学院积极推进新闻与传播专业学位硕士研究生业界导师遴选与聘任工作。根据新闻学、广播电视学人才培养方向，本次聘请了来自中央电视台、中央人民广播电台、凤凰卫视、中国新闻出版传媒集团、团中央网络影视中心、西藏日报、中国妇女报等重要媒体的业界导师；根据新媒体、广告传播人才培养方向，来自正义网、华谊嘉信、优朋普乐、180整合营销、北电投、今日头条、众享互动、简耀传播等新媒体与营销公司的总裁、总经理受聘为业界导师。其中聘任导师中中国新闻出版传媒集团董事长马国仓、西藏日报副总编辑益西加措、正义网总裁覃匡龙、广州日报粤传媒副总经理张强系我校新闻传媒领域的优秀校友。  业界导师们表示感谢中央民族大学信任，既愿意走进课堂分享多年专业经验，也愿意指导学生开展专业社会实践与社会调查，并为优秀作品提供发表与传播的平台，会尽己所能共同参与到高级专业人才培养的过程中，真正发挥业界导师的重要作用。  文传学院2015年招收了首届新闻与传播专业硕士，学制为两年。双导师制是专业学位硕士研究生培养的基本模式，通过高校与业界共同培养人才能够帮助学生理论与实践打通，适应多样化和快速发展的社会需求，培养出具有国际化视野和现代传播理念，熟练掌握新闻传播技能与方法，适应新闻传播业发展的高层次、应用性专门人才。      五、中央民族大学新闻与传播专业硕士研究生往年毕业生去向   1.中央部委及地方各级党政机关宣传部门；  2.国家正式事业单位，主流报刊媒体，人民日报、新华社等；  3.各级别地方电视台、广播电台等；  4.进入高校担任行政职务或教学工作、科研部门的教学科研工作；  5.网易、搜狐、腾讯、新浪等门户网站，新媒体企业等；  6.出国深造等。         六、中央民族大学新闻与传播硕士考研真题（育明教育马老师）   新闻与传播   334   一、名词解释     1、数据新闻  2、O2O模式  3、马洛斯  4、隐性采访  5、调查性报道     二、简答题  1、华尔街日报体特征  2、距离说明USP广告创意内容  3、以影响力或知名度为依据，写出年度5大新闻     三、写作任选其一  1、依据材料（异地办理身份证）写600字以内的新闻评论  写媒体官方微博 写微信公众号策划方案     2、据材料，《奇葩说》火爆的策略。      440   一、名词解释  1、全媒体  2、华尔街日报  3、拉扎斯菲尔德  4、新闻价值  5、意见领袖     二、简答题  1、微电影广告特征  2、微博的传播特征  3、论出版的自由内容  4、沉默的螺旋内容     三、论述  1、运用实际说明企业在面临危机进行危机传播的程序  2、运用史实，说明媒介融合的过程及特征  3、在传播学成立之前，其他学派和学者对传播学创立的贡献      七、育明教育授课体系（育明教育马老师）    第一阶段：框架的构建和重点的掌握   核心参考书的框架体系建立和考点整合，理清楚学科发展史，特别是每一个阶段的代表人物，著作，主张，提出的背景和评价。   第二阶段：专题讲解   在第一阶段的基础上，给学员总结常考的专题，进行深化和凝练，以专题为突破口夯实并灵活运用理论知识。   第三阶段：热点和出题人的论文   对出题老师的研究重点，最新论文成果和上课的笔记课件进行讲解。对本专业时政热点话题进行分析。   第四阶段：历年真题讲解   对历年真题进行最深入的剖析，分析真题来源、真题难度，总结各题型的的解题思路、答题方法和技巧。全面提升学员的答题能力，把前面几个阶段掌握的理论知识转化为分数。   第五阶段：模拟练习及押题   就最新的理论前沿和学科热点结合现实的热点进行拔高应用性讲解。教会考生怎么破题，怎么安排结构，怎么突出创新点等答题技巧。        ●虽然每年院校的出题大纲可能会有所变化，但是就总体来说肯定变化不会太大。因此，院校历年的考研真题对于大家来说就具有相当大的参考价值。所以，考生在整个复习工作中，仔细研读院校指定参考书目的同时也要注意搜集往年的考研真题。     ●除反复演练院校历年真题外，平时多涉猎一些理论专著和学术论文会帮助我们了解本学科的理论框架，更加熟悉我们即将进入的研究领域，同时也能够提高我们对行业的兴趣。而学术论文最好是找目标院校老师发表过的论文，了解一下他们的研究方向，也为复试打下一个好基础。     ●综上所述，在整个复习备考阶段阶段，院校内部的考研 信息 及 方向 就显得尤为重要。马老师在此温馨提示各位准备报考中央民族大学的考生，若你有院校内部的资源，最好还是赶紧利用起来。若你没有这方面的渠道和资源，便可以跟马老师取得联系~兵家有云：知己知彼，百战不殆。明确了整个复习工作的方向，获取了准确无误的情报，方能事半功倍。反之，事倍功半不说，你头悬梁锥刺股呕心沥血一整年，末了还成了横杠底下的分母。考研路上，马老师为你保驾护航。     
考研想考中央民族大学，求经验？,听说以往有给本校学生泄题的情况。年轻老师是不错，但是马院把权的是那些老人啊。他们特别优先本校考研。尽管他们自己的学生报的也不多。调剂的话如果你是二本不论考什么样都进不去。对民大怀恨在心，当初我人大成绩未确定，民大调剂面试了一次，对它赤裸裸的歧视心怀恨意。当然我最后进人大了。我现在同学有民大的，所以我就不多攻击了，没水平看身份的985高校干这种事的多了，也不是它一个。地域歧视到不会，北京老师都不会丢那个人。 把他放第一志愿，一次性考进去，兰州大学也是这个毛病，调剂你是进不了的。都不是很难，比国家线高二十分的样子。才艺准备？你逗我笑呢！
17届考生，被中央民族大学光电信息科学与工程专业录取，很慌…？,我也是17年   光电信息科学与工程    至今都没明白这个专业学什么
中央民族大学、北京邮电大学、大连理工大学、中国政法大学，这几所学校的如何排名？,如果是新闻传播类
mjc 中央民族大学 北京印刷学院 考哪个好？难度大小？,当然北印 民族的考点太多了 一个专业近万人考
文科，选华中科技大学还是中央民族大学？,这tm需要选？？华科会计，不谢。
北京海淀区中央民族大学附近有没有较好的拉丁舞培训班?,千夜舞蹈，就在中央民族大学北路，魏公村，非常近。题主可以关注下千夜的订阅号qianyedance，有相关课程信息，还有很多视频分享
对于理科生来说中央民族大学怎么样？,中央民族大学就在我们高中对面。 现在不努力，以后去隔壁。 这是老师同学们都在说的。 魏公村附近生活都很便利，民大附近有很多大学，北舞，北京外国语大学，政治学院什么的。 肤浅一点，学校颜值很高，少数民族国留学生，周末去大学里自习，健身，买东西都好方便，食堂也比高中好吃多了。 我个人觉得民大的定位……有点尴尬，是重点，但更多是得益于国家政策吧。老师也说川大比民大好。 恩，说的很乱……   总之，如果题主偏向于“少数民族”这个点的优惠的话，民大可以。 但如果你的能力，努力更进一步，那就定一个更大的目标吧⊙ω⊙      点个赞吧 (๑❛ᴗ❛๑) 
中国政法大学，中央民族大学，北京航空航天大学研究生咨询帮助？,中国政法当然最理想的了，不过难度也是最大。如果只是为了留京发展，建议首先考虑立足。民大相对容易考一些，建议先取民大，然后徐徐图之。
中央民族大学预科结业后学校会提供哪些专业的选择？, 这是今年民大预科全国班文科的专业，希望对你有些帮助吧。每一年都会有一些变动，但差别不是太大。
华南师范和中央民族大学比较一下可以吗？,什么专业
考华东师范大学还是中央民族大学？,中央民族大学。男生剧少，尤其是汉族男生，能看的没几个，女生澡堂特别挤，洗个澡有时候排队特此久，食堂是好吃，只是菜色就那么几种，食堂就四个，每个都很小。学校特别小，建筑没一个是有设计感的，难看就对了。图书馆的话，别指望了，low。当然，歌舞升平，少数民族特此多，美女多，假期多，地理位置好，有上进的也有不上进的，有靠背景的也有靠自己的。学习自由，看你自己。但是，民大的孩子要读研究生的话，基本不会考虑民大的。还有，民大是公认的最后一名985.
中央民族大学女生宿舍条件怎么样？有四人间吗？, 楼上一看就没住过二、三号楼，看命吧 
在中央民族大学就读是怎样一种体验？,15年金融学生 先占位 答案慢慢完善。  盛夏 未见。 来到民大完全是一场意外 高考前一直想去的是魔都 或者是成都 完全没有想过会来帝都 自然也从未考虑过民大。 高考之前我对这座校园的认知就仅仅只有“在北京”  由于高考成绩并不理想 想读的学校几乎都读不了 于是对填志愿一点兴趣也没有 全权交给了我爹。最后他给我找出了两所学校:民大和浙财。大人们几乎所有的意见都是倾向于浙财。而对志愿几乎一点也没有过问过的我 唯一做的事情就是填报时坚持把浙财放在了最后一个(因为不想留在省内呀就是想往外跑看看外面的世界呀hhhhhh)。 最后民大是我的第三志愿(前两个是我的一点点小心思) 进了民大 奇迹和意外都没有发生。  初秋 初遇。 对民大第一天的记忆就是穿着长袖外套仍冻得瑟瑟发抖的天气和长得排不完的队伍还有学长学姐口中很小我却觉得太大总要迷路的陌生校园。  大一 初识。 有时间再更~  2016.6.23更新  今天(昨天)是浙江出一本线和分数线的日子 熬夜认真地终于把关于民大的安利文写完了~  进入民大是误打误撞 但现在我毫不后悔当初的选择。 每个学校都会有自己的气场，而大概我和民大恰好比较契合。  民大有三美：美人 美食 美景。 【美人】 我校男女比例3：7 女生多也就算了 还特别美！来自各民族的漂亮妹子 颜值真心不是盖的。身为女生的我 平日里没事也爱在校园里瞎溜 毕竟看看美女也是一件极其让人身心愉悦的事儿。  (图片来源：MUC摄影天地  摄影： 胡静 高心语 傅月 林佳颖)  【美食】 在京城流传着这样两句顺口溜：“北大的园，清华的汉，北外的妞，民大的饭。”“学在清华，玩在北大，爱在人大，吃在民大。”作为一个占地面积只有1/5个北大的学校 民大竟然有5个食堂0 0 就在前不久 腾讯新闻还特地推出了直播“别人家的食堂 中央民族大学篇”。除此之外 我校附近的美食也是多得不要不要的 尤其以民族西路的各种小吃(详见"北京吃喝玩乐"的微博"说说你们吃过的规模小但是超级好吃的路边小店都藏在哪")和民族餐饮街的各民族美食为代表。 【美景】在民大待的时间越长 越觉得我民的校园真的是hin美:既有洋气的欧美风文华楼 又有复古的中国风大礼堂 在路上走着也时常偶遇各种意外的美景。另外我校绿化真的很好 从理工楼天台纵览整个校园 简直就像是一个植物园:)    (图片来源：网络)  民大的【地理位置】也是一大优势！ 地处高校云集的海淀区 还是在低价高得吓人的三环以内。 若你想学习，我校是距离国家图书馆最近的综合性大学(学姐我每次去国图都会被它帅得不要不要的！ 国图内景见下)，而且距北外150米，据北理800米，距人大一站地铁，距北大四站地铁，若你想的话去各高校蹭个课也是可以的(我两个室友就听人大某门课程听了一整个学期)。   若你想买买买，坐三站地铁就到了中关村:有新中关和欧美汇两大购物商城。 若你对我校的美人儿还不满足，附近还有北外北舞军艺的各种美人儿让你大饱眼福。 若你闲着没事，平日里还可以逛逛动物园，游游紫竹院，去民族剧院看看演出啥的hhhh 另外，经过小东门门口的魏公村站的公交线路有18条，经过正门外的中央民族大学站的有15条;地铁往北走有4号线魏公村站，往南走有4&amp;9号线国家图书馆站，都只有10分钟左右的距离呀~所以出行真的!超方便!  民族大学嘛 最重要的两个字当然就是民族咯~因为多元民族的特殊性质 我校又有了三多：晚会多 活动多 机会多。 【晚会多】"看过了民大的晚会，其他学校的晚会都会成为将就。"民大以《家园》迎接新生，以《再见民大》送别老生，平日里也是一言不合就举办一场晚会。总之当年我看了一场家园就深深地被我民的氛围感染爱上了民大呀~ 【活动多】 各个民族过节日时举校上下歌舞升平。维吾尔族的古尔邦节 蒙古族的那达慕大会 壮族持续时间好长的三月三 傣族的泼水节 藏族每周五晚的锅庄舞会 还有民族游园会之类的 各个民族的节日真的是多到我数都数不过来。而且我校有事没事特爱【放假】 还从!不!调!休! 被我们戏称为"中央民族放假大学"  我们寒假有48天暑假有60天 这个学期四月份一共就上了15天课 端午还放了4天 大家都半认真半玩笑地说真是放假都放腻了hhhhhhh 【机会多】 在民大 如果你混的好的话就会有很多机会参加各种高逼格的活动 比如接一下刘延东副总理啦 比如去央视一号演播大厅看个“建党95周年晚会”啦 比如去给人民英雄纪念碑献个花篮啦 比如去人民大会堂看场电影啦 比如去中华民族博物院当个观众啦 而且由于我校学子穿着五彩缤纷的民族服饰格外引人注目 常常会在各种活动中被安排在第一排 有机会与国家领导人知名主持人等等亲密接触 电视上也很有可能给你一个大大的特写欧~ 另外 因为民族类院校 我民军训时每天晚上不用训练而是在操场上【翩翩起舞】(……) 会有一门全校必修的特色课程叫做【民族理论与民族政策】 每个月都会有【补助】 还有一座全国高校中唯一收藏和展览56个民族文物的【民族博物馆】  咦 说了这么多好像都没怎么在说学习呀&gt;&lt; 在民大 你可以过得丰富多彩 但这并不意味着你就无法学习了。民大的图书馆有15层楼 藏书丰富;文华楼西区有三层楼的通宵自习室 永远都不乏刷夜学习的人(尤其是最近kkkkkk);我校的部分人文类专业也是名列全国前列 民族学是全国当之无愧的第一 另外哲学、宗教学、社会学、少数民族语言学、历史学、行政学等都是我校强势科目  据说我校有不少教授都是当年从北大清华来的~至于音乐学、舞蹈学等艺术类专业更不用说啦 毕竟培育了韩庚、宋祖英、吉杰、HAYA乐团等人~ 而且作为985院校 在考研、出国、就业方面都会有很大的优势 这个就不需要再细说啦~  总之 中央民族歌舞升平吃喝玩乐放假大学暨魏公村清真餐饮培训基地欢迎你萌(比心  2016.6.24更新 感觉大学都很关心住宿条件呀~ 那我再补充一下吧。 女生宿舍是我们这届开始有空调了。男生暂时还没有 但似乎也快有了。 然后八个人一间 没有独卫独浴。这是硬伤 但想想毕竟民大的地段摆在那儿心理也稍微平衡了一点儿。 作为一个独卫独浴阳台空调全都有 四人间 上床下桌的浙江宝宝 一开始内心真的是拒绝的 后来发现其实也还好啦 而且没有独卫其实还是挺好的 真心(微笑   啊对之前忘记说了! 民大每个月都有补助噢 每个人都有唷(哼 看着我的眼睛 我是这么一点小恩小惠就能被收买了的嘛! 对我是!!)   2017.6.22更新  13级的学长学姐们毕业啦 刚刚拿到系刊  据不完全统计 金融系两个班的学长学姐们毕业去向如下： 保研 ： 北大 2个 人大 3个 南开 3个 复旦 中山 武大 哈工大 对外经贸 中国科学院大学 中国社会科学院 天大 北交 民大 各1个 出国： 美国――约翰霍普金斯大学 哥伦比亚大学 康州大学  杜克大学 罗切斯特大学 英国――利兹大学 伦敦大学 伯明翰大学 布里斯托大学2个 贝尔法斯特女王大学  澳大利亚――新南威尔士大学3个 悉尼大学 爱尔兰国立都柏林大学 首尔大  加拿大新布伦瑞克大学 西班牙ESADE商学院 考研：  央财 3个 民大 4个 港中文 西安交大 广东外语外贸 澳门城市 各1个  7.3 更新  哇最近真的是 期末季 醉生梦死的呀  天天刷夜 完全没有时间看知乎 晚上突然兴起打开了看了一下 被大家的私信和评论吓到  错过了填志愿时间 没有给出帮助实在是很不好意思呀！！！  我6号下午考完最后一门期末看 欢迎填了民大的小可爱们那之后任意戳我呀么么么么么么哒~  7.12 突然发现之前的介绍都没怎么提及【社团】  主要是因为我民各种各样五花八门的社团实在是 太！多！啦！ 好多我都完全不了解。 就简单说一下我待过的几个吧~ 【放大影站】顾名思义，没有特殊情况每周都会播放一部电影，大一时加入过，不过因为种种原因去的次数不太多，但感觉还是不错的社团。 【野人帮】对于户外感兴趣的同学们一定不要错过，每个假期都会有活动。之前某个清明节参加过捧河湾露营活动，火锅、烧烤、篝火、星星，还认识了别的学校很厉害的小姐姐，总之是很棒的经历。 【Enactus创行】关于创行，让我这么唠叨的人来说，三言两语必然是无法道清的。 装逼点儿说，“它是全球三大学生组织之一”；接地气一点儿地问，“或许，你知道文西的无人小站吗？”  它既不同于学生会团委这种体制性的校级组织，又不同于我参加的另外两个兴趣类的学生社团，关于它的宗旨，官方说法是“用企业家的精神践行公益”。 一年前，只在创行划水一年的我介绍它时概括地说“这是一个做项目的学生组织”；而今当我迷迷糊糊地成为新一届民大创行的队长时，我却不知道该如何向你们介绍它了。 想丢一张去国家会议中心观摩国赛的照片，希望你们能有一点点能感受到那时心中无言的震撼与难以言说的感动，却怎么也上传不成功照片。 在换届推送中 我曾这样写：  “2015年秋 初识创行 2016年春 留任队助 2016年秋 担任PM 2017年春 成为队长  和我自己说 和我的副队说 和我们的小朋友们说 和在犹豫时跑来问我的友校朋友说 “把时间和精力奉献给创行 到底值不值得 这是一个只有你自己才可以才有资格给出答案的问题” 。 常常回忆起来觉得恍惚 转眼一年已经过去 准备百团大战时聚在咖啡厅开会的忙碌 面试时听你们讨论不知道最后哪些人会留下成为第三届队员的期待 换届后倩姐鼓励我担任PM申项目时的不安 得知项目过了以及一直持续在现在仍在运营着这中间伴随着的五味杂陈 备赛时期到处跑商家的奔波 观摩国赛时的震撼……原来 一年 也就不过由这些复杂情绪拼凑而成呀。 而现在 我带着“民大创行第四任队长”这个全新的身份踏上这一段新征程 是幸运 是荣誉 更是责任。  希望一年之后卸任之时 我可以笑着说 这一年 我已经尽力啦 值得 无悔。 #We are  MucEnactus！ #We all win！”  总之，关于创行的故事，再多的话也说不清，知乎上有相关问题，若感兴趣可以搜索查看，如果我什么时候突然兴起在那边再絮絮叨叨回答了的话也会附上链接更新。
中南大学和中央民族大学我该如何选？,民大现在门禁还是严了的，原来我们学院管的比较宽松，最近也开始严格啦   没什么早自习晚自习，而且由于现任校长原来是人大的校长，所以沿袭了人大爱放假的传统 我们可是有春假的大学哦。 楼上是一个中南大学的，刚好我是中央民大的，就由我来简单介绍下民大。 985 211什么的没什么好讲的，说点别的。 首先你是文科生，对于文科生而言，民大是个好选择。民大文史类专业很出色，历史，社会学，民族学，汉语言文学等专业绝对国家一流，尤其是历史学和民族类专业，录取分数线很高很高。此外法学，新闻学之类的专业排名也靠前。我学新闻，当年考进来是一本线➕80分的样子。 民大的师资力量还是很棒的，985大学对老师的要求都很高，好像是起码得是本硕博都在985高校就读才有资格到我校任教。这个具体记得不清了，反正要求很高就是了，专业素质绝对够高。就我自身经历而言，我们的老师很多都是业界学界的精英，都挺有个性，但是也不乏特别亲和温柔的，对很多老师来说教书不是为了赚钱糊口，而是暂时退居业界二线之后想继续为行业培养新人才，也可以说是继续找点事做  其次民大的氛围很棒，因为是少数民族最高学府，所以几乎所有少数名族的重要节日都会庆祝，不会放假，但是会有活动和晚会，姑娘们小伙子们穿各种各样少数民族服装跳舞，真的好看。每周五晚上藏族的小伙伴会跳锅庄，其他民族的孩子们也会加入，莫名其妙的就会有一种民族平等团结互助和谐的氛围，炒鸡赞。民大的晚会真的是春晚即视感满满，新生的家园晚会，毕业生的再见民大，绝对是非艺术类院校中顶尖的水准，你见过新生入学晚会上会有十多个民族舞蹈，乐器演奏的学校嘛？只有民大这样的学校才会给你这种多元文化交融的感觉啊！诚如校训所言，美美与共，知行合一。 接下来说说活动，民大会有很多的活动，只要你有才华，想展示，绝无被埋没的可能性。主持人大赛，校园歌手大赛，广告的创意最大比赛，写作大赛，摄影大赛，百元创收比赛等等，活动多，奖金高，活动质量好。学校的社团也很多，艺术团分为舞蹈团话剧团主持团合唱团民乐团等八个团，有训练场地，固定的训练时间，每年都有演出机会。社联下属的社团就数不胜数了，我自己加入的有棒垒协会，小伙伴们参加的记者团，阿卡贝拉，健美操团，冰雪文化交流社，等等，基本上想到的都有。 最后，民大的地理位置真的是太好不过，北京十大著名公园之一的紫竹院是我们的后花园，国家图书馆是我们的自习室，民族餐饮街能让你吃四年都吃不完，地铁站公交站都很近，交通便利，海淀区高校云集，想去北大清华北外蹭个课很轻松，最最重要的是民大美女真的多，真的多，平时不觉得，最近去各地找小伙伴玩，逛了很多大学，才发现其他大部分学校和我校妹子的颜值真的不在同一个水平线，黄灿灿，林允都去我们大学拍过写真，基本没被围观，泯然众人   毕竟是全球十所颜值最高学府中唯一上榜的中国高校。 以上。
中央民族大学美术学院有摄影专业吗？,有。  2009年开始招收第一批影像班学生，共十名，去年（2013年）毕业。   中央民族大学美术学院影像艺术设计专业2009级本科生毕业作品展   
中央民族大学新闻传播硕士，要去读吗？,既然看到了就答一下，如果题主不是少数民族请谨慎考虑民大，我当初也是这样，进了学校很长时间都没缓过来
如何评价中央民族大学孝通班？,MUC官微：孝通班创立的最重要目的就是要使其成为学校具有标志性、旗帜性的创新班级，通过这样的班级改革方式来彰显中央民族大学深厚的历史、学术传统和人才培养方面的优秀传统。孝通班充分融合了我校民族学、社会学、考古学三个一级学科在国内的领先优势和雄厚的学术资源。经过个人申请、初选、面试等环节，首届“孝通班”面向全校2016级新生择优录取学生23名，这些学生来自6个不同院系、7个不同民族。“孝通班”本科学制贯彻跨学科跨领域的精英教学方式，一、二年级不分专业，三年级后学生可自由选择学科及专业方向，毕业时可申请获颁民族学、社会学、文物与博物馆学、社会工作等专业的学士学位。班级将以“科教结合、协同育人”为宗旨，采用通识教育和专业教育相结合，培养和造就一批具有较为宽广的学术基础与多元实践技能，具有实训能力、理解与分析民族社会文化和跨文化沟通能力，以及具有开展民族工作与服务社会能力的精英人才。
上海大学与中央民族大学 云南大学对比?,在北京，又是三环以内，旁边有国图，交通便利，985综合实力不错，当然是中央民大好。
中央民族大学的住宿条件怎样？,学校宿舍超级差！！！ 女生宿舍有一栋一号楼， 据说住了将近一万多女生， 十多层，回字形的结构。 八人一间，无独立卫生间。 一号楼的不好之处，在于： 上下课，住得高，挤电梯会人潮爆炸。 除了一号楼之外，还有二号，三号楼。 这两栋楼差到什么程度呢？ 就是，六人一间，上下铺，中间摆着一张桌子。 其余就无任何多余的空隙。 住上铺必须挨着下铺与桌子之间的极狭窄的空间， 空间刚好放单脚，双脚并排走，那是行不通的。 所以，上铺上床，是一个与自己的身材，和下铺的自由活动， 相竟的动作，极其痛苦的事情。 如果早上上课，六个同学一起起床，会转不开。 厕所是公共的，只有中午打扫时，较为干净，其余时间就是车祸现场。 洗澡，全校公共浴室，大澡堂，每个人如何脱衣，如何洗头，搓澡，如何穿衣，这一系列的动作，都一清二楚。 人多的时候，就像下饺子。 这种住宿条件，让我想到夏衍写的女工猪猡般的地下生活。 对了，现在有空调，但是自己租，如果不租，就没有，就热。——在炎热的夏天，晚上十二点之后，照旧停电。 如果是南方的孩子，民大的宿舍必定是一个巨大的挑战。 如果有更好硬件条件的学校，不推荐来。 而且，北京风大，雾霾重，并不适合生活。
即将要去中央民族大学学习民族学，请问在暑假该读些什么书，做些什么准备。？,非中央民族大学也来强答一下...来接受来自开学就大三的老学姐的爱吧(σ′▽‵)σ      很抱歉因为学的专业不一样不能给针对性的建议(｡•́︿•̀｡)我大一的时候是逛学校贴吧找到了老乡群get到了美丽学姐的QQ开始胡乱的轰炸...（脸皮好厚是不是hhh）所以专业性的问题包括开学需要准备什么都可以问问学姐学长~还可以顺便在大学先交盆友~(*'▽'*)人际关系可是很重要der比如考试问重点的时候（嘘...）     需要了解的问题我大概想了如下几个供参考(๑°3°๑)： 1.住宿条件：几人间、有无空调独卫、配不配备生活用品等（东西不用想着一次性备齐，时间还长慢慢来你就会发现宿舍根本不够放hhh） 2.怎么分配宿舍（敲黑板，我们当年是先到先选，还好我去的早...） 3.怎么从火车站或机场去学校，到了学校所在城市住哪里（北京住房可能会有点紧张，如果家人送去学校并要住的话，要提前了解一下噢） 4.了解报名流程，如果有学姐学长能带路那就很幸福咯(´▽｀) 5.专业就业方向（严肃脸） 6.大一专业课程 7.专业基础读物（像经济学就要读《国富论》《经济学原理》等） 8.学校社团、学生会等组织以及学校有什么比赛、期末评奖学金的评分细则等（这些不着急，开学再慢慢了解也可以啦~）  (｡･ω･｡)ﾉ♡暂时想到那么多~希望能帮到你噢~   
中央民族大学汉硕的复试中，才艺到底占被录取的多大因素？初试成绩尽力考前，才艺现学这样被录取的机会大吗？, 据说，考中央民族大学的汉硕，复试时才艺很重要哦~~  欢迎参考   http://www.  jiaohanyu.com       里的分享 
