有没有2015届华北电力大学北京校区的新生群啊?,如果你是2015年入学的话 那叫做2015级 2015届指的是2015年毕业 新生群去扣扣搜一下就有了
华北电力大学，智能电网专业的一名学生，大三女，就业方面除了国网，还有其他出路吗？, 好想知道学姐现在怎么样了 
华北电力大学保定团体操是怎样一种体验？,先放图 你们自行感受一下       hhhhhh是不是有一种奥特曼的即视感 毕竟就 是这么魔性 对于华电的团体操有以下这么多种说法 奥特曼集会，百鬼夜行，宗教仪式，锡纸烤鸭  从昨天刷屏到现在，不行了，让我笑一会儿哈哈哈哈
本人华北电力大学大三学生，现在面临一些选择问题，请各位学长学姐指教？,我在红沿河核电，中广核没有想象中那么好，也没有知乎上说的那么差。因人而异吧。
华北电力大学经管学院 研究生？,最好的专业是技术经济学，管理工程学科下的工程管理也不错
如何评价华北电力大学（保定）无线校园网CMCC-NCEPU存在严重违法违规情况？, 11级已毕业，网管协会成员，已经在你的文章下留过言。现在可能被人隐私举报了吧，文章不能看，希望你能把个人信息打码后重新发布。这里在重申下观点。  1. 职责问题。  设备的信号、线路、设备等是移动自己的设备，所以维护维修是由移动自己派人来；  网管中心和网管协会是移动的代理维护人员。网管协会的成员负责最基础的设备故障检测以及向移动坐席报修；网络管理中心协调学校各部门办理手续，带领移动的人员进入宿舍维修（校外人员不能随便进入）。移动会付一些钱给学生，相当于兼职。当时我和另外3人，一年下来一共才500块左右，也就是象征性的给了。  一定要理解清楚各自的职责！  2. 费用问题。  cmcc-ncepu最开始是要去移动营业厅办理的，后来到二校卡务中心有个代服务点（听社团学弟学妹说的）。收钱的是移动，不是网管中心！（我这现有的信息是这样）  所以针对题主文章所说：  1. 网管中心与移动有所勾结，仅凭借移动赵某说跟王老师熟，这完全不合理，只能说明两端的对接人业务有往来。如果有其他证据，请提供；  2. 网管中心不作为。中心能做的，也跟所有学生一样，就是投诉。看了文章有个评论，说了似乎是学校资金及技术问题无法自建校园wifi，从而引入移动。当然，要有作为，可以把这套全拆了，然后学校批资金自建，批资金购买带宽，这是最有作为的。问题是资金是否能批；  3. 当事人隐私问题，这里就不多说了。  其他问题，因为文章暂时不能看，我也不太记得了。总之就是：  如果我们没人去看设备，没人去报修，你可以投诉我们网管协会，投诉网管中心；  但这些设备上的问题，那就不是我们的问题，我们也无能为力，我们也不接脏水。     联系了王老师和网管协会，王老师本人十分气愤，表示这纯粹是诬陷。网管中心和网管协会暂时不会为了这象征性的几百块钱做移动的代维，不蹚这趟浑水。原本是为了方便移动维修设备，结果变成费力不讨好，召来一身骂名。之后cmcc-ncepu的问题请直接联系移动 。 如何对移动投诉，在那篇文章的回复中也有人提及。  之后移动维修方面的事情，就等他们与学校协商出结果吧。  我本人赞成题主的维权，但请费心思了解清楚背景、情况。可能现在是热点，学校上面关注了，然后有所改变。但误伤了真正为学生、为自己服务的人，热点过后的日子会是什么样，那就不知道了。     ====== 分割线 ======  在此修改一下答案。  看着题主对我的回复中使用 “洗地”、“动知乎”、“不知道XX平台”等回复，我能感受到的只有意见不合就是错，而不是讨论问题的态度。也许是我的回复有些针对题主的文章，而不是回答这个问题，在此我修改一下回复，如下：  本题目是： 如何评价华北电力大学（保定）无线校园网CMCC-NCEPU存在严重违法违规情况？   现在的文章无法访问，稍后题主会附上其他的地址，请各位同学查阅。  文章中的小标题：  1，收费不规范；  2，人事管理和资金管理不规范，不公开，不透明；  3，线路老化，设施陈旧，网络服务质量极其恶劣；  4，网络服务质量指标，通信质量指标：规范不明确；  5，网络服务维护责任：归属不明确；  6，信息不公开，不透明；  7，工作人员服务态度差，反映问题后不整改，相关人员消极怠工，推诿责任，甚至对举报，投诉学生进行人身威胁，恐吓，曾向我索要姓名和身份证号，试图私自撤销对工信部的投诉      我回答了网管中心、中国移动的职责问题，即小标题：3、4、5。   设备的信号、线路、设备等是移动自己的设备，所以维护维修是由移动自己派人来；  网管中心和网管协会是移动的代理维护人员。网管协会的成员负责最基础的设备故障检测以及向移动坐席报修；网络管理中心协调学校各部门办理手续，带领移动的人员进入宿舍维修（校外人员不能随便进入）。移动会付一些钱给学生，相当于兼职。当时我和另外3人，一年下来一共才500块左右，也就是象征性的给了。     标题1、2、6，我没有相关信息，所以不做评论。  对于7，请各位同学参考题主的文章，自行评判。至于姓名和身份证号，我想问的是有了你的学号或者电话，还需要“索要”吗？     文章虽然被要求整改，但评论还能查看，这里附上一位已经毕业的同学的回复，比较详细（不知道水印如何打， @Tom Riddle ）：         至于题主原文截图中、文章中是否有人身攻击、隐私泄露等问题，这里不做评论，与题目无关。     以及欢迎题主之后补充事情的处理结果、各方责任认定、未来责任划分等。     ======201708240940分割线======  看到题主圈我了，然后上来看了下。我都不知道该说什么了。。。  1. 题主的原文似乎是换了个地方发，原来题主与移动工作人员的对话截图都没有了，其他内容还没细看；  2. 原文下所有的评论都没有了；  3. 这个题目有题主的回复，题主修改了答案，把带有挑衅性质的话改了又改，修改不加时间分割线，或者加横线，而是直接删除；  4. 题主把我的答案中他的挑衅性质的回复都删了；  5. 我们已经毕业的人，被题主冠以所谓的“封知乎、封贴吧”等帽子。我想说，我们没那能力，也没那闲工夫。这些纯粹是你主观判断出来，泼向我们的脏水，请提供证据证明。     原本只是看着母校发生了事情，与自己曾在的社团扯上了关系，且自己有一些相关信息所以才来回答，希望能解决问题，母校能越来越好。相信其他毕业了的校友也是抱着这样的心态。  被题主扣上各种帽子，以及那些明显不是讨论的词刺激，这个问题我决定要持续关注。上班时间也不多说，等休息时间，我再来。     ======201708241232分割线======  休息时间，过来回复。  在与上面答主[大禹]的讨论中得知，移动给出了整改时间。这是个好消息。  我不清楚题主为何开启了群体嘲讽模式，评价别人说脏话，而把自己的各种回复删除，把自己的答案都修改？这里我要补充下搜集到的截图：             不知道你的这些回复与你的标题有什么关系？在我看来 纯粹是泄愤和引战。   再次说明下我的观点：  题主维权，涉及到舆论层面，涉及到政府相关部门，并且取得了一定的效果（移动给出整改时间），这是值得称赞的，肯定的。  但是题主的答案泄露当事人私人手机号等隐私，根据一些对话给出 【学校X老师与移动X员工勾结】的无根据言论对当事人造成影响，这是有问题的。  网管中心不作为、懒政，在没有确凿证据情况下的指责也是有问题的。你知道中心做了什么？做事情是本职工作，需要一一向所有人宣传【我做了xxx】吗？     维权不易，有胆量单独站出来更加不易，但还是请理性。     ======201708241516分割线======  看了下评论、回复，大家也不要相互撕了。这事摆出来是为了解决校园移动cmcc-ncepu网络问题的，是关乎大家自身利益的事情，应该要团结起来。  题主原文也已经把私人信息打码并重新发布，希望把现在的链接替换一下，其他地方有私人信息也麻烦打码一下。  之后大家要做的就是支持题主，去查事实，去维权，去争取自己的利益，而不是互相继续在窝里斗。  还有就是很多回复说是利益相关然后怕被搞。学校搞一个人容易，搞完后续的学校哪好收场？拉横幅，上电视又不是没有发生过。老师也是人，只要大家手段合理，哪有那么多迫害的事情发生。     ====== 20170830分割线 ======   这一部分是对题主新的答案的回复。因为无法在题主的回答下回复，所以我在此回复。只是关注问题的同学，不用往下看。   本来我已经说了不再回复这个问题，看你又@我了，且对我做出了这么多人身攻击，那我就再过来回复你一遍，之后请不要再@我。这个问题我已经取消关注，之后我把我的回答的评论关掉。   我何德何能能够代表网管协会来回答你的问题。我只是一个毕业的人，只因我曾在网管协会待过，了解一些与你所说不同的情况，所以提出来供大家参考，毕竟当时我参与过这个设备的代理维护；  我的回答中，是4个人一共收到了500块钱，平均下来我拿到了100多块钱。如果想喷我，请说“100多块钱就能让你为学校洗地”；  关于你说移动找人代理维护签合同的问题，我印象中“在校学生是没办法签正式劳动合同的”，况且这只是个兼职的活。这就相当于学生兼职送外卖，但是都不签正式劳动合同。  关于题主“贴吧删帖，知乎举报，这样就觉得自己很有能力了，很有后台了是不是？”的问题，贴吧删帖不删帖我不知道。知乎举报我们是按照知乎的政策来的，你泄露个人隐私 -&gt; 我们举报 -&gt; 知乎认可，就这么简单。不知道知乎愿不愿意背这个锅，来当我们后台。  我给你的回复也说明了，如果最终调查结果出来了，事实与我说的不一致，我认了。与你说的不一致，也请你认。我完全没有说过：“你是错的，我才是对的”这样意思的话。不知你“居然在这里对严重侵犯我校广大学生权益的事实视而不见，对严重影响我校形象，阻碍我校发展，妨碍我校推进落实“互联网+”建设的事实置若罔闻，还在这里为我校某部门，某老师洗地”这一句的依据是什么？  关于你“经证实，2017年8月25日上午，通过我校校园宽带已无法正常访问知乎，严重违反《中华人民共和国网络安全法》，希望学校有关方面对此作出合理解释。”的问题，你在QQ群里自己已经说明，是你的代理配置有问题；  希望所有看到我这条回复的人，如果观点与题主不一致，请不要回答、回复了。题主回答中已明确声明：“希望部分同学，包括已毕业的各位学长，不要再激化矛盾，不要站在人民群众的对立面。”这已经表明：这里是题主号召与他一样利益相关的同学的地方，而不是我们该来的地方。   我的回答中只提供了我已知的信息（主要是相关责任）、以及我的建议，我觉得我所有的措辞没有任何攻击性，如果有，我向你道歉。  至于这个你和其他学弟学妹们在这个移动网上所做的努力，抱歉我再也没有任何心情去关注。可以这么说，即便学校没了对我来说都没有任何影响，更何况你们的网好与不好。这与我无关。  只因我毕业于华电保定，我热爱这个学校，希望他更好，希望以后回来与老师同学相聚时能体验到更好的环境，所以我才来回答。  我现在只关注最终官方的结果，不管是工信部文件、教育局文件、学校正式对外文件、移动正式对外文件，还是其他的相关部门的正式文件。任何利益相关人员的口头、非正式说明，我都不认同。  最后再强调，请不要再@我，不要再回复我！ 
华北电力大学会计专业如何 出路如何？,作为一名华电会计专业 大二学生 说实话  这样的学校匹配这样的专业 让我真的很尴尬 想去四大 人家更愿意要财经院校学生  想去电网 人家校招并没有几个会计财务专业名额 不甘心去小企业做一名小小的会计 毕竟也是211大学出来  一个月拿着一两千的工资 发展前途也是渺茫 所以我想考研  考一个财经院校的会计研究生 这样可能会更好吧  至少不会比现在处境差 可能很悲观  但确实是这样
如何看待华北电力大学(北京)的辅导员?,人文院的马东，最傻逼，没有之一
在华北电力大学读博是一种什么样的体验?,我在华电读博，没什么体验，不算特别烂，大部分高校都差不多
我想知道华北电力大学2+2模式是华北电力大学学校办的嘛，为什么不发华电的毕业证只发国外合作院校的。？,谁造谣说不发华电毕业证的←_←
华北电力大学核电专业就业前景如何？, 去各大核电站妥妥的 
刚考了华北电力大学的研究生，研究方向有光伏发电和煤的清洁燃烧两个方向，请问各位大神这两个方向哪个为佳？,我也是今年的华电研究生，我是电力系统调度方向的。你说的两个方向我比较喜欢光伏发电，估计以后是搭建仿真方面的。
如何看待华北电力大学要求下午四点到六点集体锻炼？,校长信箱已得到回复，所有通知改为建议。目的达到了，删答案。蹭热度的，下面评论站道德高地说家丑不外扬的都歇歇吧，你们不累吗…   以后上课手机是否上交不再要求，仅考试时需要上交；下午78节从17级新生开始不再排课，老生照旧。     这件事就这么过去吧，心疼班长团支书实力又背锅了一波
你在华北电力大学保定校区有哪些深刻的记忆？,临时搭建的三餐餐厅，文化广场轮滑的妹子，教六每周六放的电影，大众网吧，拼了命才能爬到顶的教九教十，门口的鸡蛋灌饼....将近十年前的回忆了，新的校区变化很大，也很陌生，每次去还是习惯在以前熟悉的地方转悠
华北电力大学能源与动力专业 是以物理为主吗？就业方向 如何,不要报能动。
如果准备华北电力大学开学的英语分班考试，是看高中英语好，还是看英语四级好？,都可以，只要你看就行
我是一名华北电力大学电气工程及其自动化专业的新生，大一没有转专业的压力，所以很迷茫，应该怎么办?,作为一个大四正在苦逼的找工作的学姐，说一点感受吧。 首先，你大学四年怎么过可能直接就决定了你以后的人生，等到找工作的时候才会发现： 1、差距不是在找工作的时候拉开的，而是整个四年就严重拉开差距了 2、你可以不学好你的专业，但一定要有一技之长，一定要有一个可以混饭吃的技能 可能现在跟你说就业的事有点太早，但是人无远虑必有近忧，有些事还是提早考虑比较好，而且有了明确的目标之后大学才不会过得很茫然。 我不知道题主说的没有转专业的压力是不是指没有学习压力，还是说大一还不能转专业但是自己还想转，这里就随便说说吧 1、关于专业。一定要好好了解一下你所学的专业，不要百度那些行业发展分析之类的各种文章，最好能找到已经毕业的学长学姐们问一下，了解他们的实际就业情况，也可以没事去那些招聘网站看一下，了解自己这个专业的就业需求量，薪资情况，确定一下自己是不是能满足自己对将来生活的期望，自己能不能坚持下去，如果不行，想办法转专业，行业差距是非常明显的。虽说毕业后专业不对口的很多，但那些人要么是有很流弊的个人能力要么就是有很流弊的专长，如果只是一个普通人，还是学好自己的专业课才是正道。 2、关于学习。大学期间就别想着什么做兼职磨练自己的社会阅历了，大学期间大部分兼职根本增加不了多少阅历，除了能挣点小钱以外真的没多大作用，而且会浪费掉非常多的时间精力，好好学习，拿到的奖学金就够把那些搞兼职同学的收入爆成渣渣了。 3、关于大学生活。班委社团学生会还是有必要参加一下的，但是别舍本逐末，除非你能做到学生会主席，否则学习才是最最重要的，千万不要看不起学霸，以后就会体会到学霸也许不是全班笑到最后笑得最好的，但一定是比大多数学渣要过得好的。 4、有一项专长。如果不打算往自己的专业方向发展，又不转专业，那么有一项专长就是大学期间你最重要的事了，最好是把专长能发展成一种技能，比如摄影，比如一门外语，而且一旦发展了就好好做，千万不要什么都玩但是什么都只停留在玩玩的阶段。 水平有限，目前只有这些建议，希望能够帮助题主，有看法太片面的地方欢迎各位知友帮忙指正~么么哒
华北电力大学金融专业值得学吗？？, 我不是金融专业的，所以具体情况我也不是十分清楚。但身边很多本科是金融专业的同学都在考虑考外校。另外我们学校是电力专业比较强，经管专业比较弱。 
本科是华北电力大学的电气工程专业如果想申请斯坦福的电气工程有可能吗？,华北电力的电气，保研可以去清华啊～机会还是很多的 不像浙大的电气，清华一个都不要 所以就申斯坦福了(/ω＼)
华北电力大学北京校区可以供校外人员使用的自习室吗？是否需要学生证？考研,不用任何证件，我在二校区，我们这里什么证件都不要，直接进去学习就好啦！
华北电力大学科技学院刘建军老师是个什么样的人呢？,只能说很会做人 
华北电力大学非电气专业能进国家电网吗？,最近引用这个上瘾了。 建议你关注电网头条，官媒 5.29号推送的那条就是有关哪些院校容易进电网。 有空自己动手去看看也关注下，个人觉得那条真心可以算干货了，看了不吃亏不上当。
就电气专业而言，华南理工大和重庆大学，华北电力哪个好?, 首先说一下，我认为现在在电网的供电局工作，大体上和当老师，公务员是在一个水平上（甚至不如）。油水几乎没有。  虽然我也是重庆大学电气专业在读本科生，但是我要出来稍微反对一下我的学长  @cqywz  的说法。 这个问题简直就是为我准备的，当时我就是在这三个学校里选择了重庆大学。 我当时的分数可以去华工电气，华电两个校区电气，重大电气。 高中同班同学，四个比我分数低的，两个去了华工电气，一个去了北京华电，一个去了保定华电。   不能说后悔，因为从学习知识的角度来说，我如果去了别的学校，开阔的眼界有可能没有在弘深班这两年宽广。 但是理性的分析，我认为选择学校的优先顺序（电气），是华工＞华电≈重大。  接下来我具体分析一下。  一、1.如果在华南地区（南方电网辖区），以及福建，江西等地区工作，华工是首选。并且华工是南方电网的亲儿子，加上珠三角地区的各种资源优势不是西南地区能相提并论的这一因素（暂且不说如ABB，施耐德，西门子等众多电气设备制造商在广州深圳等地的公司数量比重庆不知道多到哪里去，假设如果你想去别的企业工作，珠三角的就业选择明显丰富得多了）。 并且从生源来说，华工才是更好的学校。在广西，华南理工大学收分比重大高约20分。对于全国所有省份的招生，就所有专业整体生源质量来说，华南理工大学比华电，重大高半个档次（我看过历年高考录取数据）。 就学校排名来说，华工肯定是第一。所谓学校的排行榜，也大都把华工排在重大前面。（虽然我觉得排行榜这个东西看看就算了） 2.就业率这个东西很水。就算真的比就业率，重大完败，去西南地区供电局太多了（不是我看不起西南地区，而是西南地区的经济活力真的不太行）。 据我的调查，华北电力大学，华南理工大学（没有关系背景的）本科生直接签省局，或者一些好局子的毕业生更多。 3.从学科的角度来说，我也不是跟看好重大。电力系统及其自动化华电很强，就业面更广。而高压专业研究的东西太杂了。 华工的学科排名看上去不是很高，但是华工有钱啊，有南网撑腰啊，有财大气粗的广东省撑腰啊。和高压直流输电有关的各种研究，华工实力都很强。  (而且或说回来，能做科研的是少数人，司马文霞、蒋兴良等重大高压大牛再牛B如果和你的工作没什么卵关系又有什么用呢？)  你在南网工作的话，明显华工的校友领导更多。  二、4.想去北方发展还是去华电吧，这个不解释。就找工作来说，北京华电和保定华电区别几乎为零。  5.想去北京玩，去北京华电。  6.有咽喉炎，讨厌雾霾，最好不要去华电。  7.在电力系统，除西南地区外，身居领导的华电的校友还是比重大多得多了。  8.因为华电几乎就电气一个牌子，经过多年的积累实力还是很强的，尤其是电力系统方面的师资确实很丰富。你别看重大第五，单纯找工作的话，其实跟排名低的武大比占不了什么优势。  三、就出国来说，三者大体相当，重大和华工作为985院校稍好一些。全奖PhD更多看你的英语，科研实力，运气等。“2+2”之类的，基本上有钱就可以。（强电在国外不算是很热的方向，比如美国，开设的院校比较分散。就强电中比较热的电力电子方向，这三个学校都不是很强）。  四、成都、重庆、贵阳还是比较宜居的城市，重大在这些地方工作的人还是挺多的。另外重大的环境最优美，寝室条件最好。华电最差，条件很艰苦。  五、转行的资源和机会，在广州也不知道高到哪里去了。   总结：人都是带屁股说话的，如果我没猜错的话，  @cqywz  学长是重庆人，而且估计要保研了。我是广西人，各自看问题的角度不一样。  最后我想说的是：我身边的重大电气人，有些是去不了华工才来重大的（华工投档线都没上），高考分数往往最能说明问题。你自己好好考虑，我已经拿我自己做实验了。  并不是说我后悔，而是当时我填华工才是更加理性的选择。我们大多数人都是普通人，普通人要依靠平台。重大电气的就业氛围跟华工、华电相比还是差了一些。  （其实，说真的，如果你是一个没有关系，没有背景的人，这三个学校差不多。运气、个人的努力、颜值、身体状况、性格等某些因素对你的幸福感的影响比学校的影响更大。  我们同作为年轻人，不管是本科毕业，还是硕士毕业，都要搬砖，都要走弯路。希望你的大学过得愉快，知乎偶尔看看就好了，多锻炼多读书） 
华北电力大学北京校区有没有健身房？自习室图书馆有没有空调？容不容易转专业？,1.有健身房，收费 2.图书馆和宿舍有空调 3.大一排名前3%校内转，5％院内转。  以上
如何看待华北电力大学盲目扩招，导致学生无地可住？, 我字还没码完，这个问题的提问已经呗修改了好几遍，估计大家情绪不小……随手写个曾经的故事……  我住一校已经是十年前的事了，条件呢也就是你们看到的这样子了，很难为情的说一句，不是我们把宿舍用旧了，其实它十年前差不多也就这个样。而且当时的情形也欠佳……  大一上完整个电力系 必须 搬一校，二校16舍搬一校2舍。  大二刚上半个学期，按学分绩分电力、电自等专业后，又搬一次宿舍，学2舍搬学1舍。  搬学1舍时间完美衔接到大四学长离校，破鞋，破衣服，方便面盒子一个楼道都是，最夸张的地方垃圾堆起来大概5分米那么高，那味道真要命了  刚开始大家都不太习惯啊，6个人挤一个屋子里，学校想啥呢？没有空调也就罢了，10点30熄灯，11点断动力电，夜里两三点给唯一的风扇也停了，最热的时候40多度，6个气♂血♂方♂刚的小伙子穿着大短裤，就这么赤身裸体的被热醒，然后坐起来，没照明电没动力电，互相看着对方赤裸的身躯发呆……还好大家都有原则，有底线。  当然，热醒了睡不着，还是有事干的，比如说旁边水房冲凉。  拧一下开关就冲凉这种操作是没有的，莲蓬头这种东西是不存在的，用盆   其他宿舍也就是普通铁人三项：小强川流不息、飞蛾天女散花，蚊子地毯式轰炸。但隔壁宿舍的兄弟们最男人，一只大老鼠跑了进去，天天晚上咬门磨牙，最终把门都咬了一个小窟窿，大家索性也懒得管，不但如此，众兄弟还饶有趣味地蹲在门边研究老鼠的咬痕，紧接着睡觉的睡觉，看书的看书，玩电脑的玩电脑。其淡定之程度，令人发指   该宿舍对小动物向来报以友好的态度，外卖吃完了放在桌子上供各种生物循环利用，本人多次以《黑死病对欧洲文艺复兴的侧面影响》、《论鼠疫在成吉思汗西征中的促进作用》等话题与隔壁六位兄弟开展学术探讨，但是效果都不好，直到某天因吃柿子引发了一起血案……   陕西来的兄弟放了6个柿子在暖气片上方窗台上，大家第二天准备一起大快朵颐，哪里料到一夜之间风云变幻，那只胖老鼠雨露均沾，6个柿子，一个一口，6个柿子6个洞……   当天早上，该寝室自发逃课缉拿犯罪嫌疑鼠，搬东西挪柜子，愣是没找着，最后还是舍管阿姨的粘鼠胶给粘了出来，我去看了一下，好肥的一只……  住宿条件虽然坑爹……多年后的他们回忆起来，大家记得并惋惜的还是那六个柿子。   PS：从解决问题的角度出发，我劝大家应该请学校加个空调，翻修一下厕所，有坏了的柜子及时报修或者提出更换请求。  发泄情绪点到即止就行了，就当早点实习了。  毕竟——  学长学姐们在工地等你  ——顺便说句，锅炉里面更脏…… 
如何看待华北电力大学在考试周开屏蔽器？,这个问题我刚刚想提，没想到已经被校友提出来了。现在用4g流量网速也只能100k左右的，不得不说有些无奈。 我们学校的上网环境恶劣也不是什么秘密，本身申请就需要打到各系定下的要求（我系还算好，听说电力系有连坐，好像是宿舍有人没过四级不给开网？），这我就不说什么了。最重要的是这网速太感人了吧？！分享朋友圈里的一张图，这学长就为了下个课件等了一个多小时没好...   当然这只是个例，有线网络的下载速度大多在100～200kb/s，对于下载工具（百度云）相当不友好。 接下来是无线网，一个月20，速度极其不稳定，差不多可以满足qq和听歌这些日常使用，但是很多地方的信号不怎么好，和一些学校的WIFI全覆盖差距还是比较大的。 其实我们学生还是有人提议过要提网速，还不止一次     不过本校学生会的声音懂得人都懂，光是澡堂延长开放时间就用了2年多（最后是某学生公众号扩大了影响才有具体措施出来）。网络问题这么大，预计个5～8年解决不过分吧。 最近我们学校的两个校区都出了些这样的问题，对学校的行为表示质疑。但我们可以从另一个角度看问题，网络速度慢，能让你浮躁的内心沉下来埋头做学问，转专业做建模大创保研找好工作走上人生巅峰。天将降大任于斯人也，必先饿其筋骨，劳其体肤，空乏其身。学校这么做是为了锻炼我们，让我们对于未来的生活充满感恩。德智体兼育，这不是教育的大境界吗？  祝我校在建设双一流大学的路上一路顺风。 n c  e p u，乘（yong）风（ai）破（fa）浪（dian）铸辉煌！ 一图证我态度  
华北电力大学通信工程就业？,电网的话电力局有难度，信通公司不错，努努力笔试过了就行。不过不知道题主在哪个省份，面试压力大不大。再不济，大唐华能之类发电厂也行，工资不错，就是三班倒比较累。再再不济，移动联通也可以。华电人要有华电人的自信，加油。 另请某信通公司月入百万的土豪发言 @快过孙悟空 
华北电力大学的哪一个专业最好?,电气工程及其自动化
为什么华北电力大学保定2015和2016年在山东招生位次为4000多名在16年却变为5170落差很大？,这不算大了……又没跌出1w
在华北电力大学学法学是一种什么体验？,想到了一个经典段子，08年入学时有一同学是华电法学专业的，问他干嘛选这个专业，“我爸希望我学电，我妈希望我学法，所以就来了”。
如何看待2017年华北电力大学北京举办的节能减排竞赛北京校区全部获奖，9个入围决赛，6个三等？,其实，大学比赛这种东西，真正是大学生自己凭借自己实力参与的项目少之又少，大部分都是老师的项目，还不如改为全国高校老师科技竞赛来得实在。 这里面的各种暗箱操作看开就好，比赛玩玩就好，不必当真。
华北电力大学今年会大概招生多少？,北京校区25.0
华北电力大学（北京）的文科专业好不好？师资力量怎么样？,呃…谢邀…  不过话说题主…我并不是华北电力大学的学生来着…所以对专业好不好完全不知道啊…  虽然也确实有那么…五六次，去这里找同学然后拐出去玩耍→_→  如果非要说的话感觉…外观硬件上看着还可以，楼道和教室和洗手间也还行。但因为我每次进的都是同一座不造名称的某教学楼所以…其他地方，图书馆食堂实验室这样的具体体验如何，就不清楚了  去年那会【还是前年来着？】听同学说宿舍还是图书馆的【忘了哪…】又要安空调，so应该要比原先舒服些吧【咳主要是…这帮孩纸说每次夏天的时候都得去隔壁学校蹭空调，这也真是让人好（醉）心（醉）疼（的）→_→】   最后…那什么…其实题主不必太担心专业怎么样，学习、生活，都是靠个人的，不要太纠结喽
华北电力大学哪些老师讲课好？哪些老师讲课烂？,你想知道哪个校区的，北京保定？哪个院的？  北京这边，我觉得，我们院老师，大部分讲的都很好，至少我遇见的都不错。  许军，我本科上的他电路，很早的时候，他就在课上给我科普前沿技术，还有电力改革的事，那时候还没改革呢。并且告诉我们许多很有用的思维方式，虽然口音有点重，但我很喜欢。研究生阶段又上了他的电网络，可以说炉火纯青，你随便提问，他都能清晰迅速解释清楚。节奏把握也好，有重点也有省略。  王昊，电机男神，电院的应该都知道，不需多说，讲课太清晰了。  李月乔，我们私下叫她乔姐，感觉老师乐观向上，很有少女心，课也还可以吧，不过貌似节奏不均匀。  樊冰，说心里话，这老师课不错，很清晰，只是说话有时候有点不好听，老是嘲讽我们。。  刘燕华，电网所，教我们信号，我觉得我听的最舒服的课，就是她的。节奏好，该快的快，感觉大家注意力不集中了就聊会天，聊什么呢？美剧！gre！谈恋爱！老师不用PPT，手写的讲义，一笔一笔写板书，工工整整！一看就是经验丰富。  谭伟璞，柔直所，教电力电子和自控，这老师太聪明了，以至于一章的重点一节课就能讲完，但脉络清楚，重点突出。但缺点就是你必须认真听，课下要复习好，不然肯定就懵了。留作业方式奇特，不多。顺便说，这老师的硕士每年只有一个，很珍贵。  鲍海，系统所，教自控，别的教不教不知道。这老师特别逗，特别幽默，讲课特别细致，他的课你听不懂，只能说你没好好听。既会讲一些巧的方法，也会讲大众的方法，喜欢跟学生聊天。  姜彤，电网所，我上过他的电分。特别舒服，因为随口说一句都是期末考点，很好复习。上课也比较细致，当然我是这么觉得的，因为重点的东西他会反复强调，但也有朋友说听不懂，见仁见智吧。  徐明荣，输配电所，上过发电厂电气。讲课声音洪亮，不用麦，整个教室溜达，但肯定能听清，说话有个特点，喜欢自问自答，深有什么呢，体会！保护什么呢，环境！这门课与实际操作挂钩，所以他很重视讲一些实际的东西，很有用。  刘崇茹，电网所，我上她的暂态的时候，她还没当副院长呢。讲课很好，很明白，一板一眼很有章法，学术能力不用说，毕竟是三清，卢院士的学生。当年她给我们印的讲义，一直用到现在。她有时间会跟我们说，这个知识你们应该学过，大家都很茫然看她，她觉得我们都忘了，就笑笑。被我们称为女神。科研要求很高很严谨。  刘宝柱，系统所，暂稳态都教，很厉害，但我没上过，不过听过的大部分都评价不错。  王伟（小），教高压的，课讲的还不错。  崔翔，这位不需介绍了，业内人士没有不知道的。真的是专家，课讲的好不说，能感觉出他作为一个科研人员的精神，那种争做先进的志向。另外，毫不夸张，他的很多想法，的确让我很受用，比如关于我们学校的教学宗旨。  齐郑，系统所，幽默，讲课清楚明白，划重点细致。  刘文颖，电网所，上课老点名，但讲课轻车熟路，我真的在她的课上学了不少东西，把电力系统当中很多东西原理做法说的明明白白。  艾欣，也不必多介绍，讲课之余会给学生普及很多前沿的东西，这个才是最重要的。不是电气专业的，你给他半年时间，他也能学会电分，但日积月累的前沿知识，这不是自学能学到的。  毕天姝，也不用多说了，四方所的朋友都知道。作为科研工作者的严谨、创新精神，你能体会到。  王雁翎，市场所，讲课清楚，也很有感染力，可惜她的课我都没好好听。  张粒子，电力市场方面的专家，听她的课比较少，但记住一句，如果你们只是想糊弄毕业，过几年下岗的就是你们，以后下岗的肯定是白领阶层。觉得她说的还是在理的。  王莉丽，主要是教各种上机实验的，为人实在，理解学生，人很好。当然，编程这个东西，关键在于自己学，誰教都不如自己操作来得实在。  此外，电磁所的老师我不熟悉，因为工磁这课，懂的都懂，我听不懂不代表人家老师教的不好。还有，宗伟等很多老师，我没上过他们的课，但也听说过教的很好。以上都是我确实上过这些老师的课。  说一些不太开心的，某清华著名专家的弟子，他的课，就是照着PPT读，真的是读啊，而且一点没有上课的情绪，阴着脸。然后还说我们不好好听，人家清华学生怎么怎么样！我就不是说，清华老师也这么上课吗？期末考试还出题难，平时实验答辩也是逗，根本不告诉你怎么错了，反正就是错了。。关键是我怀疑是他错了，有根据，太长了不好细致讲。全程黑着脸。  再说一些别的院老师，人文院杨建成老师的选修课，中国公务员制度，不多说，谁上谁知道，太好了！多次想再去旁听一下。火月丽，人文老师，知识丰富，中西合璧，人特别好，她的大学语文，上过的就知道，很值得听，不只是为了得学分。蔡利民，人文老师，我听过他的报告，很好，很实在的老师，他的课，手慢都选不上。数理院的老师和外院的老师，好的也很多，毕竟每年都得上那么多课呢，练也练出来了，但也有个别老师，实在不敢恭维，只能说这样的老师就是不敬业。还有一位人文老师，我上过他的中特，男老师，讲的自以为很好，也很容易让大家觉得好，但实际上，有很多硬伤，而且灌输的思想不正确，很偏激。可是呢，很多学生，或者说很多人，就会被这样一些貌似惊人的语言吸引，觉得好，但其实你深究一下，根本站不住脚。他是我唯一的，在课上直接戴耳机听歌的。
华北电力大学保定，会计就业前景？,我刚好是会计   想要这里面的活法吗？  2007年毕业的
华北电力大学真的有这么不好吗？,电院研究生值得一考，如果你本科也是电气专业的话。
本来报的是华北电力大学电气类 但比录取线低一分 录了管理科学与工程 求问该专业前景和学习心得？,1.大一排名前3％可以校内转专业。 2.如果是为了找工作而辅修电气，不推荐，因为教育部和国家电网都不承认。 3.如果家里负担得起，推荐国际教育学院的2+2项目，大部分去的曼彻斯特大学，成绩再好点还可以去爱丁堡大学，都是世界排名挺靠前的好学校。四年毕业拿华电电气和国外的大学两个毕业证。
我是华北电力大学学生 我进了信息与计算科学 可是我不喜欢这个专业啊 好烦啊 感觉没出路啊 怎么办？,我就是华电这个专业的。。。 虽然平时学的知识确实很枯燥，但是如果你够刻苦当大神的话，大一结束可以转专业。 这个专业确实在华电这所工科学校显得比较鸡肋，可是这个专业在研究生可以选择的方向还是蛮多的，金融，工科的本校（外校）研究生都可以考。其实读研之后又会是一次新的开始。  总之，还是看自己的选择吧，如果真的不喜欢，又不想忍受的话，题主可以选择去复读重新奋斗。 大学里的专业，有很多的变数，大学只是走向社会的起点，专业只是给了我们一个可以参考的方向。 个人建议，题主如果自己有明确的志向，就去向着自己认为正确的道路，走下去，不要让自己后悔就好。 人生中还有太多的选择，高考只是其中的一个，不是唯一，加油
自己很喜欢金融，但是高考进了华北电力大学？,你进了华电就只会被洗脑去电力行业好，可是电力行业华电的金融也不是很认可的
找个华北电力大学电气专业的男朋友怎么样？,如果题主找到了请联系我传授一下方法 我也想要
自动化专业报考华北电力大学电气研究生算是跨专业吗？报考电力电子技术及其应用研究生能进国网吗？,算，我就是自动化跨考的。进国网最好还是报系统或专硕。
你为什么不推荐高考考生报考华北电力大学？,啊，为什么不推荐，作为华电的毕业生觉得华电还是不错的。  给你讲讲华电的优缺点，华电缺点是地方偏了一点，虽然回龙观是个大住宅区，也通地铁公交，但是去市中心要一个小时的痛哭你不懂，主要是周边还是有点荒凉的，虽然晚上的麻辣烫路边摊太特么好吃了。但如果太晚了回去会很不方便。不方便出去浪，这是真的。  顺道讲一个优点吧，华电的饭菜简直不要太好吃，我吃了四年，就没吃腻过，而且物美价廉不是吹的。吃过的都说好。  而且宿舍有空调，宿舍有空调，宿舍有空调，重要的事情说三遍！！！  至于学术方面还是不错的，你去官网查查，我这等渣渣接触不到大神。但我接触的老师都超级牛的，人也超级好。  其他气氛方面，就是其实社团挺渣的。学习氛围也挺好大家都挺认真的。至于就业，那还是得看你本人是不是。  未免被同学看到，匿了！！！
如何看待华北电力大学暑假承包给新东方，清北学堂等教育机构带来的问题？,看了一下，回答的都是NCEPU的同学，作为一个新东方的学员，我也来回答一下，求轻拍。   因为之前从没有报过住宿班，所以不太了解情况，大概是上课前几天收到通知，说是在NCEPU上课，这也算是一种缘分吧。  我报的班比较早，刚来的时候，NCEPU还没有放假，新东方的学员也还没有那么多（我猜可能是中小学生还没放假），这里主要说一下我看到的新东方之类的机构和学校之间的冲突。   首先特别明显的就是食堂，我来的第一天晚上在二食堂三楼吃饭，可能因为比较晚了，人不是很多。但是后续几天在二食堂二楼以及一食堂二楼吃饭的时候，真的是人山人海。新东方的下课时间是11:30，我不知道这个时间是不是和NCEPU的同学下课时间撞在了一起，总之，食堂里面难寻一席之地。 这个我觉得是某东方的锅，因为某东方上课时间是很灵活的，就是虽然有固定的上课时长，但其实是可以轻微调整的，最好可以错开时间吃饭。这样就能避免食堂内的拥挤。   其次就是洗澡。虽然，澡堂有点远，但方便还是方便的。就是人真的太多了，先不说有没有空位，两个特点，一个是吹头发要等很久，女生多数长头发，又要吹很久，人一多就要等。其次，就是我觉得人多的话，一起洗澡好像会影响水压，特别是冷水水压，水流有点儿小，而且不是很凉。如果某东方能把洗澡时间也尽量错开，可能也会好一些。  宿舍吵闹这个吧，刚来那两天还挺好的，没觉得吵，直到一个礼拜之后，可能中小学放假了，大批大批的小屁孩涌入校园。别说NCEPU的同学了，我也想打死一部分小屁孩。   第一个，吵。特别的吵，在校园里吵，在食堂里吵，在咖啡店里吵，特么的回宿舍继续吵。哪儿来那么多话呢？比如，宿舍里面，众人正在安静的看书，忽然外面一声尖叫，然后伴随着咯咯咯咯咯，哈哈哈哈哈哈，呵呵呵呵呵的笑声，十一点了啊，不学习的话，睡觉不好吗？还有，咖啡店里面，大家安静的耍耍手机，或者平静的说话聊天不好吗？本来就不大的一咖啡店，和菜市场似的，一堆半大小孩上蹿下跳，也不排队。  第二个，挤。就那么几个班的小孩儿，能把整条车道给堵死了，走路还不看路，食堂里面也是挤，端着个盘子到处窜。上课吧，三楼也要坐电梯，然后就是澡堂子，格外的挤，一堆小孩，东张西望的，大家安安静静洗澡不好吗？   不过话说回来，某东方等补习机构的入住，还是为学校带来了一定的收入，比如住宿费，伙食费，在超市小店买东西什么的。也就是，学校有好处，某东方有好处，某东方的学员也享受到了便利，唯独NCEPU的同学遭了罪。  这个我特别理解你们。之前我们学校科技周，校园完全对外开放，大批熊孩子及熊家长涌入校园，涌入食堂，涌入教学楼，涌入学院楼，终于在他们想涌入图书馆和宿舍的时候，被保安大叔和宿管大妈给拦了下来。   我觉得可能带来的问题除了上面说到的以外，还有卫生问题。比如教学楼的厕所，比如食堂桌子有人不收盘之类的。  还有小黄，有一天，我是真看见三个小孩骑着三辆小黄，骑得飞快，可能他们心中，自己已经帅到飞起了吧，作为路人，除了离他们远一点儿还能怎么办呢？   不过，说句实话，NCEPU的食堂真好吃。特别是三食堂的冻酸奶，物美价廉。 看了上面的回答，我觉得，还是应该协商，要不错开吃饭时间，要不分配两个一般的食堂给补习机构。学校还是应该以学生利益为首的。总之，在NCEPU的暑假时光还是很美好的。  关于，实验室，我只能说，新东方的课程有一部分占用了主楼B栋的三四五层，教室对面就是实验室，且实验室的门上都有门牌，标明这是某某实验室。对于熊孩子，这简直就是告诉他们，这里很好玩，快进来玩吧！而且，三层和五层好像都是一堆小学生？顶多初中？对此，除了建议更换教室至其他没有实验室的教学楼以外，真的没有其他办法了。其实，宿舍楼对面那栋楼就可以啊，缩小活动范围也能有效抑制熊孩子闯祸吧。所以，我不能理解，为什么要把新东方不同的班分散在不同的教学楼……尤其是有实验室的教学楼，不但不应该放人进去，反而应该派人在门口盯着，防止熊孩子乱窜，毕竟实验仪器辣么贵，出事儿了，算谁的？
华北电力大学的农业电气化专业以后就业情况？,很好
华北电力大学（北京）通信要不要转到电气专业?是女生 ？,毫不犹豫、绝不反悔，一个字：转！
华北电力大学转专业中学分绩算体育和实验课的么，军理和专业选修算不算，大英的成绩算一到四的成绩么？,转专业的话，体育要算，因为是必修。所有必修和专业选修以及实践课都会算的。  如果你是四级班还考完了四级的话，也是只算前两个学期。
女生想考华北电力大学电气专业，有说没有其他专业好考。不知道电网、供电公司等是否限制专业，没关系能进吗？,  总体而言，考华电的电气还有比较有难度。 毕竟华电是传统的电力专业强校。华电本科专业热动的很多学生是被电气专业调剂过来的，因为华电电气专业竞争太激烈了。         如果你本科是电气专业，那要相对于跨考要容易一些。还有要看你是本科学校的层次、你本科的学习情况，关键要看你考研的复习情况。      至于有没有其他专业好考。 由于华电是一个工科学校，它的文科专业，比如财务、管理、外语等相对而言容易考一些。但读华电这类学校的文科硕士含金量没有那么高，在业内认可度没有那么高。但好处是容易考，可以在北京这样的一线城市读书，进电力行业的单位容易些。          对于题主问的进电网有没有专业限制这个问题，我的看法是有一定的限制。 从专业方面来讲，当然电气、自动化、通信这些工科专业是最容易进去的。毕竟电网是属于传统的工科行业。  其他的一些文科专业也可以进电网的。电网这种单位是个庞然大物，除了电力外还有很多的其他业务，还有需要有很多的职能人员。因此像人资、财会、法律、新闻、管理等这些专业也有机会进去，但人员需求量就比前面说到的那些工科专业少很多。  至于像生物、土木等其他专业学科的电网就要得很少，除非有相当硬的关系。          说到进电网的关系。 进电网不像外面说的一定要有关系。一些经济一般地市的供电局，只要你学校够好，成绩够好，没有关系同样可以进去。但要进经济很好地市的供电局就要一定的关系。如果你学校不行，或者成绩一般，那进供电局就要有硬关系了。     进电网一定要有一个强项，或者你学校特别好，或者你成绩特别优异，或者你在学校表现极其好，或者你关系硬。 
在华北电力大学读经管类硕士是什么体验？,准备去读，，嘻嘻
在华北电力大学和复读中间应该如何抉择？,楼上两位 信息与计算科学是数学专业，不是计算机类。。
如何评价在华北电力大学就读的经历？,她大学考到保定。到学校一问，和她同宿舍的三位同学当中，一位是贫困生，家里面每月只给400元。一位父亲是老板，每月生活费两千元以上。还有一位叫绞绞的，父母也是工薪家庭，每月的家里给1200元。班里大多同学家里面也都给这些，朋友就把女儿的生活费锁定在这个数字上。 一个月后，父亲去银行往女儿的的卡里面存钱，先打电话过去问：“1200元够不够？”女儿回答：“够了。”父亲放心了，嘱咐说：“想买什么就买什么，别亏了自己，也别和人家老板的女儿比，你只要和她保持同等生活质量就行了。”女儿听了，半天不作声。父亲觉得奇怪，就问：“怎么了？”女儿犹豫了一下，说：“爸爸，我不知道应该说或是不说。”父亲：“有什么事情快说，爸爸帮你分析，提建议。”女儿说：“绞绞和我一样，每月家里面也是给1200元，但是她的生活质量比我高。她每天都有零食吃，每周去一次麦当劳，有时候还能去必胜客。” 父亲一算，这样的话，1200元根本都不够花。“她是不是去打工了？你不要去耽误学习。”父亲急忙说。“没有，她没有去打工，是在谈恋爱。有一次她约会回来对我说，其实她不喜欢那个男生，只是喜欢他替她埋单而已，我们班上也有几个女生是一样的。她们还嘲笑我，说我傻，可惜了这张脸，如果她们有像我这样漂亮能吸引男生的脸，根本不用向家里要钱，她们会找到愿为她们付费的长期饭票……”父亲愕然。 放下电话，朋友一分钟都没耽误，给女儿的卡上存了1500元钱，又回家给女儿发了一个短信。短信写着：亲爱的女儿，从这个月起，我每月给你1500元的生活费。多出来的300元，你可以买零食，去麦当劳，必胜客……记住，任何时候，都要用自己的钱埋单，这才是有质量的生活。还有，如果你喜欢某个男生，开始谈恋爱，请一定要告诉我。我会每月再给你增加500元，作为恋爱经费。请你一定要记住，每次约会，不要忘了带上你的钱包。你要学会并习惯为自己所爱的人埋单，这样你才有资格得到一份有质量的爱。 女儿感动的同时心也有了一个疑问，父亲为什么每次在她有困惑的时候都能这么好地解决？后来一想，原来父亲是华北电力大学毕业的，所以才有这么高的智商与情商。华电是一所学术实力雄厚、办学特色鲜明，教师经验丰富，在全国具有重要影响的院校，是国家重点建设的高水平院校。这里的老师培养出了一代又一代电力精英。这里有先进的设备 ，一眼看不到边的操场 ，高大威武的教学楼 ，d炸天的学霸，一流的教学水平，重点是还有颜值爆表的学姐学长。 高考结束了，欢迎报考华北电力大学！
西南交大、西电、武汉理工、福州大学、苏州大学、河海大学、华北电力大学，这些大学按综合名气怎么排名？, 差不多按你写的这个排名吧。河海 华北电力要往前靠靠。  西交，老牌211，建筑道路桥梁牛逼哄哄得很。  华北电力毕业后进电力系统，日子太安逸不要躺着数钱玩。。。。。 
如何给刚考上华北电力大学的新生一些人生经验？,匿了，不想和任何人撕逼，小伙子/小姑娘，也不费劲打字讲我的经历和身边人的故事了——我建议你复读。
华北电力大学专业？,我比较关心头像是不是题主
我是华北电力大学能源与动力工程学的学生，想问毕业之后和普通电厂技工有何区别？,谢邀吧~~~我是能源与动力工程的，现在研究生动力工程。毕业之后和普通电厂技工有何区别？据我去电厂的同学们的情况，在电厂要倒班，基层实习后主要是监测控制台之类的，当然比普通电厂技工，所谓的地位要稍高点，工资稍高点，但也仅此而已。能源与工程的前途如何？先说现在吧，华北电力大学的电厂方向能够让你去几乎所有电厂不成任何问题，当然你自己本身不能差的太离谱，工资不上不下4000左右（近一两年的本科生待遇），比普通机械（注意只是普通机械，例如跟去上汽，一汽的机械类还是不能比的）高点，在搞金融的，IT人的面前就是蚂蚁与大象了，至于说到前途，我可以弱弱的说没有啥前途吗？（掩面流泪），搞了十多年汽车发动机方向的总工程师（待遇三四十万，也就是人家北清金融开始找工作的中下价），制冷方向在英格兰索当个技术总监什么（待遇也就二三十万），在此我想说一下，我说的这些待遇具体到个人呢并不一定都正确，但是确实是大概率事件，待遇为什么不高呢？一是行业发展的相对成熟，很难有重大技术革新，以汽车发动机为例近几年也就弄了个涡轮增压，缸内直喷什么的，都不是什么重大技术革新（远没有汽车发动机由机械控制喷油到电喷，ECU这样重大的技术革新）。但，你会问奔驰宝马依旧很赚钱啊？是啊，这就是第二点，我们做不了行业真正核心的东西（老话了），多点全局观吧。所以我的建议，考研转向控制工程与科学，这是与我们专业跨度不算大的为数不多的专业了，当然了如果你本科四年早有准备，那么金融、IT随便跨，这都不是问题。没有别的意思，觉得楼上的答案有点鸡汤了，鸡汤只是我们生活中成长需要的一种食物，我们都或多或少喝过，但生活中谁会觉得鸡汤是重要的、珍贵的、难得的？因为只需买包炖鸡料，砂锅，鲜鸡，盐，谁都能炖出美味的鸡汤，记得一定要冷水开始炖的时候就放入盐，鸡肉才会很烂，鸡汤才会更有味~~~~一不小心就把炖鸡汤的祖传绝密秘方告诉你了。。。。。。。。。。。。。。。。。
本科华北电力大学自动化专业的烦恼，该怎样呢？,趁着没毕业赶紧找个电厂吧！在这里遇到校友了哈哈！电厂待遇也不错的，长期来看，比在北京好吧！你是北京还是保定校区？我是你学长，在保定哈哈
华北电力大学电气考上海国网好不好啊？,上海电网都没人去
华北电力大学科技学院怎么样？,  优点    电气工程、热动、自动化这几个专业的师资比普通二本强，是学校的特色专业！毕竟学校是由华北电力大学与河北省电力公司按新机制、新模式合作举办的全日制本科层次的独立学院，和本部可以共用一些资源（图书馆、设备）。  在保定市区，周围配套完善，吃喝玩乐很方便  离帝都近    缺点    硬件设施太差了，以前是保定学院的老校区，校区超级小，建筑很旧！  另外学费1万比公办一二本的贵！   总结：分数不高，但想学电气热动，来这里还是很不错的。但还是希望学校能尽早翻新一下设施、环境、生活条件！ 
求问华北电力大学北京校区的住宿和教学条件？,谢邀。这种不用问，好也好不到哪，差也不会太差，有这么多人陪着，好坏又能咋。
中国华北电力大学、美国伊利诺理工电气工程双学历本科学生在读，希望去日本读修士请问该如何抉择与准备？,  1、如上所述，比起回国更希望在日就职，那么的确是现在的专业最适合吗？若否，修士转专业时的阻力大吗？比如要重新接触本科完全没接触过的东西之类的。  修士转专业的话 基本只可以转纯文科 可以考虑相关的专业进行申请 2、以我现在的情况、什么时候开始进行准备最好？  大三下学期开始准备就可以 3、进行准备要包括哪些部分，诸如联系教授、复习应考科目之类。曾经听说过“比起考试，如果能被教授接受就很简单能考进”的这种说法真的可靠吗？   可以准备的东西就托福成绩呀 日语等级成绩 GPA 研究计划书之类  以下是补充   1 日本认可度高的成绩是英语托福 但是部分学校有效期是两年 现在考了 成绩也未必可以申请的时候使用   2 题主的英语成绩较好的话 其实可以考虑一下G30（日本大学英文授课）项目的 G30不需要日语成绩  日语授课基本都是需要先申请一下研究生（旁听生）作为过渡 时间的成本更大一些  3 但是题主是考虑在日就职的 日语就一定要好 即使申请G30 日语学习也不可以丢掉 
华北电力大学体育素质班是什么意思？,新生入学后第一次体育课会先进行体能测试，主要是男子1000米，女子800米。然后学校会根据测试成绩进行分班，成绩不合格便会被分到素质班。  成绩合格的同学可以任意选择一个自己感兴趣的体育项目进行学习，诸如各种球类、健美、国标舞、啦啦操、散打、跆拳道等，学习项目每学年选一次(每个项目人数有限，选的人较多的项目抽签决定)。而素质班的同学不需要选择学习项目，平时主要以加强体能训练为主，学习内容由素质班老师安排，一开始以跑步、跳绳之类的为主，后面会有篮球、足球之类的内容。  最后是考试。每学期期末体育课的考试会分成好多项，其中有三项是全校统一的，所有人的测试内容都一样，主要是1000米/800米(这个分最多，占30分，其他的每项10分)、引体向上/仰卧起坐、坐位体前屈、立定跳、50米。剩下的考试项目数量不等，考试内容和你本学期所学项目有关。而素质班不需要参加1000米/800米测试，考试标准相对松一点，最后考试都可以及格，但满分只有80分。  素质班的学生可以随时申请转出素质班，加入其他班级学习，只要1000米/800米测试达标便可转出。
北京女生，华北电力大学电气工程本科毕业，直接去国企就业更好，还是选择考研更好？,外企也没你想的那么朝气蓬勃，活得怎么样，主要看自己
华北电力大学应用化学专业与高中的知识衔接的紧密吗？ 谢谢回答,华电应化在读，联系还是比较紧密的，至少无机和分析都可以吃老本。
吉林大学和华北电力大学选哪个啊？,去吉林大学吧，选个好专业
华北电力大学学风怎样？看了一些关于它的负面评论，官僚主义严重，是真的吗？,真的，自习率比其他211低一些，可是它喜欢和二本比所以有的学生说学风好
华北电力大学转电气专业需要到前多少？,不知道
华北电力大学保定研究生怎么样？,当然电力动力好啊，，其他的系一般
询问一下华北电力大学（保定）硬件设施条件及学校氛围如何？,感觉不是填了就能进啊
华北电力大学“电气工程及自动化专业”“2+2”联合办学怎么样？,我是保定华电电力英的学生（2+2），即将大二。楼上回答的很好，我再补充一下。  1.前两年部分师资跟电力系不同。  2.高数、计算机基础、复变函数、大物、c++等是双语授课，有些老师会纯英文讲，大部分老师不会纯英文讲。这些课程单独出英文试题，一般要比其他系简单，但有时候老师一抽风也会出挺难。   其他专业基础课跟其他系一样。例如我们工图老师也教动力、电子、机械，电路课跟电气一起上，像这样。   英语要求比其他系高（除实验班、英语系），多了雅思听说、雅思英语、外教口语等必修，一入学上大英四，下学期大学6级。大一上12月考4级，大一下6月考6级（跟实验班一样）。   思修、近代史、马原、毛概，会在大一学完，开卷考试。  3.根据合同上写：不出国的均分70以上转电气专业，以下回原专业。  4.能否出国时要看个人的意愿和学习情况：可选择的国外大学档次不同，所以要看个人的学习情况按排名录取，学习情况指大一大二特定的基础课专业课成绩和英语成绩（即雅思或托福，主要看雅思）。所以选择出国必须考雅思，大部分国外大学要求雅思成绩是总分6.5左右。  5.2+2对应的学校一部分是双学位制，一部分是转学分制。国内企业，特别是电网，对于国外大学的认可程度怎样我不清楚。按道理来说华电电气就是响当当的招牌，不过其它的就不得而知。但是其实，选择2+2很大程度上是选择出国深造，很多学长学姐会继续在英、美、澳、加（还有香港= =）读master，phd。有些会自己申请其他学校，也有过去了转专业的。据说国网不认英国一年硕士学历，因此后来有些选择不出国。  6.转入电气和电力系相同。分专业方向应该还是按成绩排吧。证书什么的应该如楼上所言。  PS:我本来是录到了自动化，但是经过考虑还是选择2+2，选择要出国，因为我认为，把目光放长远，个人的能力应该才是最重要的，学历证书是重要的敲门砖，但也不应仅局限于此。纵观电磁科技发展史，很大一部分是欧美的科技人才做出了卓越的成就，并且当今电气行业的新能源、智能电网等西方也比中国发展得更快，所以我觉得值得出国好好学习，不仅是知识的学习也是思维方式的学习。同时，出国留学也意味着体验生活，学会用更开阔的眼光看待问题，这也是对今后的人生有益处的。  PS：从2013届以后保定的电力英不出国也不能转到电气了，只能回原专业，合同都改了。 PPS:或者像其他系一样年级前3%才可以转，就是年级前三名吧。要求很严的，如果前三名中有一个要出国不转系，名额也不会给第四名，据导员说是这样。
华北电力大学到底怎么样？在人文和学术方面？,被坑的学长：如果有其他选择，不要来
华北电力大学的实力？,垃圾
华北电力大学电气工程本科毕业生就真的是金饭碗吗？,主要还是看去哪一个城市吧。目前来讲二线城市的市局还是能进的，但是在职业发展上面比不上研究生
华北电力大学的电自考清华研究生的可能性？,泻药。我同学就有华电考上清华的硕士，在于自己的努力和坚定吧，毕竟大家都在玩就自己学习也不是谁都能做到的
华北电力大学的信息与计算科学专业怎么样？, 不是太好 尽量转到电气（电气工程及其自动化）吧 大一好好学习 转专业还是比较难的..  需要哪方面的建议呢？ 
华北电力大学会计专硕？,不请自来，已被录取为华电北京校部17级全日制会计专硕研究生。从17年的情况来看，这次是第一年全日制和非全日制统一划线，所以进入复试的分数线被划得很低【195】。其实过线的全日制人数也就五十来个的样子，与此同时非全日制提供了两次调剂名额，也复试了两次，其中第一次是跟我们全日制考生一起复试的，但具体情况不算很了解，只是记得人特别多。总体来说确实是扩招了不少，不过绝大多数还是非全日制的。没记错的话，全日制录取了大约三十多人，剩下好几百个非全...其实华电的初试成绩占比还是很多的了，复试的竞争也不算很激烈【17年确实是这样，不知道下一年有没有什么变化】。总之如果题主想考华电的话，初试的分越高越好，况且初试也不涉及专业课。当时我复试考得不好，完全在吃初试的老本。不过既然题主不是会计专业的，初试结束后也一定要在专业课上多下功夫，毕竟硕士生导师们还是更偏向于本专业的，况且复试的笔试题对非会计专业的人来说还是挺有难度的...
我是华北电力大学能源与动力工程学的学生，想问毕业之后去电厂的待遇如何？,谢邀。 我在03到09年间从事的业务客户群就是大型火电厂单位，那时候真是火电行业的黄金期:300MW，600MW，1000MW，超临界，超超临界机组，上大压小，热电联产，脱硫，脱硝……几乎国内，国外各种各样的火电前沿科技都在中华大地上遍地开花。伴随着GDP的一路飚升，电力一直有缺口，尤其是经济发达地区。火电厂员工的待遇，福利也都特别好，感觉火电厂几乎都是当地待遇最好的单位。现在远离这个行业了，近况不了解，但有一点可以肯定的是，中国将长期处于以火力发的为主的电力能源结构，至少我们这一代人都会以用火电为主。因此，只要干好本职工作，事业上还是有很大提升空间的。至于待遇，每个人的追求和期望值都不一样，因此，很难讲是不是合你意。个人认为，普通家庭出身，无背景，能进入国网，五大公司或国华、京能旗下的主力火电厂（年发电小时在半数以上的），就非常不错了。"巧克力的味道尝过了才知道！"
华北电力大学预科，快分专业了，现在就是不是很清楚选什么专业。想知道华北电力的农业电气化怎么样?,其实华电的通信工程也不错的，也挺适合女生的
砖头考研里的华北电力大学的专业课？, 学弟你好，很负责任的来讲，砖头考研的辅导很靠谱，很贴心，我和他们团队的人成为了好朋友，有什么问题都会回复我的 
华北电力大学的水利水电专业怎么样？,本人是华北水利水电大学水工专业的学生，对于你这个问题，我可以自豪的告诉你，水工是华水的王牌专业，在国内也有很大的知名度，欢迎报考。
看到华北电力大学在2016-2017电气类大学排名第一你有多震惊？,作为上班族，华电电气学子，我觉得：  1. 别人怎么说无所谓，我们坚决不去看，不去传这些东西，努力提升自我bigger，华电就是华电，仅此而已，不是什么龙什么虎，前面更不要加什么电力黄埔，太幼稚，太愚蠢，太虚荣。  你用黄埔当形容词，那黄埔只好说自己是中国西点，西点只能说自己是地球复联。  所以谁在耍猴呢？  2.排名是供高三学生参考的，仅此而已，只有这一点用途。当你不再是高三学生的时候，排名对你也就失去了全部意义，注意，是全部意义，全部，意义。在读学生，上班族，不要拿来用作精神飞机杯。别人问的时候，就像十年前学长跟我们说的一样：  a.我在华北电力大学读书。  b.是一本。  c.在北京／保定。  d.个人觉得挺好，就业中上水平。（这句自由发挥，不强求，其他请问题按照以上abc三个模板作答）  以上四句简单明了，回答任何问题都够了。不需要任何修饰，不需要作图分析，不需要数据，没必要强答。不需要撕逼。  3. 排名不但仅供高三学生参考，参考意义也只是娱乐，只是，娱乐。  为什么，因为该排名的导向是对于学校学科建设的嘉奖和认可，与学生没有半毛钱关系。因为我毕业工作多年，始终没法抬着这排名去笑话中科大、清华、浙大等电气院的学生择校时候脑子有坑。  或者说现在可以了？这我就不知道了。  4. 一旦你在同行面前说这样的话：“我华电毕业的，现在电气排全国第一”。无异于变相示弱。  其描述作用等同于：“想骗我？我可是上过小学的人”  5. 是骡子是马，拉出来溜溜。别光动嘴。  6. 珍爱生命，珍爱事业，远离排名。
华北电力大学的研究生电子与通信工程怎么样?,学长请问你现在在华电电子通信读研么  我是16级本科的电子信息工程  想跟你了解下华电的这个专业怎么样呀 
华北电力大学奖学金是前百分之多少？,学校官网
如何评价华北电力大学［健康华电-全员锻炼］的倡议书？,我刚得知这个消息，连夜写的回答，有的情况可能不是那么了解，比如收手机即使不是全校的规定，但是也确实反映了华电的官僚作风。  在六一这个节点得知华电出台了广播操和收手机新规，没想到母校会以这种姿态出现在知乎上，有老师说一家人吐吐槽不好吗，为什么要告诉别人，要爆出来，说出影响华电招生的话。作为一个华电毕业的学长，我支持学弟学妹们，必须要爆出来，因为就算是一家人，在封建家长制之下，作为被管教的一方，是没有任何反抗的权利的，如果一家人吐吐槽有用，那这种明显不会得到学生支持的政策根本不会出台，正是因为学校领导根本从来没有站在学生的角度考虑问题，才会出台这种简单粗暴的规定，那么如果同学们只是在学校吐吐槽，去校长信箱写封信，有极大可能是没有任何效果的，如果有用，那为什么在新规出台之前不征询一下学生的意见？不在同学们之间做一下问卷调查？因此我认为大家要说出来，要借助社会舆论来维护自己的权利，华电是全体华电人的华电，不是少数领导的华电，同学们有权利以各种形式表达自己的不满，只有真正伤及了在位者的利益，比如招生工作不好做了，声誉下降了，才会在以后的奇葩规定制定过程中充分考虑同学们的心声。  我相信我们在华电读书的同学都是热爱这个学校的，也真心盼望华电越来越好，但是有问题不说就好了吗？靠政策制定者自查自纠就能改正吗？靠一级一级的管理员身份的执行者谏言，他们敢谏言吗？前一段时间刚看完阿米尔汗的摔跤吧，爸爸，我当时就感叹在中国为什么拍不出这么优秀的电影，但是我转过来又想，在中国这么讽刺体育总局这样的影片能过审吗？这么讽刺社会痼疾爱国小粉红们能不口诛笔伐吗？阿米尔汗被称为印度的良心，他即使被人袭击依然要把问题曝光给人们看，因为他才是真的对他的国家爱的深沉，因为他敢于直面这些问题。我们华电这次规定的强制广播体操和上课收手机这两项奇葩规定，也同样是华电多年来官僚体制下的一次表现，大学本来是同学们发展自己、深造自己的重要场所，运动会开幕式强制同学们用休息时间参加彩排表演，就为了领导在台上看的几分钟，无数同学就要迟到早退甚至翘课排练。我在读本科的时候还有强制跑早操，同学们有做社团工作加班到深夜的，有通宵自习挑灯夜战的，每个人的作息都不一样，统一把同学们拉起来跑两圈，严重影响了这部分同学的休息。而且由于解散时间是统一的，同学们吃早饭时一拥而入严重超出了食堂的负载上限，让本来就不大的食堂座位资源变得更加拥堵不堪。还有从16届研究生开始华电的研究生男生宿舍变成了奇葩的五人间，三个上床下着一个上下铺，这不是给宿舍制造矛盾吗，研究生扩招后却不建新宿舍楼，在现在各大高校都给研究生涨待遇的时候却给华电研究生从开学就添堵，这样真的能吸引人来报考我们学校吗。这些，让我们在学校内部吐吐槽，学校领导真的就会听吗？他们能听到吗？  说完了我对大家评论这件事的看法，我再说说未来我们的奋斗方向，华电有很多学霸，有很多关心同学们的老师，但是华电的整体水平仍然是有限的，希望大家努力学习，争取多出来看看，可以考虑考研考出来嘛，我考研考到一所综合水平略高的大学之后才发现，原来大学有游泳馆是这么方便，终于可以几块钱游一次泳；不用去北农游泳馆被双重价格标准歧视了，原来自习室数量多，自习室有空调这么爽，不用再去北农蹭自习室被北农保安赶了；原来宿舍里有淋浴这么方便，终于不用去浴室排队忍受据说连续炸裂十多年的华电澡堂水管了；原来学校后勤可以这么方便，宿舍公共物品坏了去后勤app上一反映一个小时内就来人给修好了；原来我们学生是学校的主人，学校公共部门是服务部门，去后勤app上反映问题真的会有回应，而且很快就会解决（我提的食堂早餐油条数量少的问题都给解决了）；原来。。。不说了，再说变成考研招生宣传了，但是我希望同学们要努力提升自己，走向更好的平台和岗，同时也要敢于发声，善于发声，这样才能切实维护自己的权益。希望在知乎上碰上更多的校友。  我希望学校领导不要总考虑自己的权威，新官上任一定要搞个大新闻，为了凸显不同就劳民伤财，而要多换位思考，站在学生的角度考虑。为了同学们的身体素质是不是多建一些乒乓球场地，官方给运动类社团拨点款，别让羽毛球社办个比赛自己出去苦哈哈的拉赞助，拉赞助最后羊毛出在羊身上，出让的还是同学们的利益。提升华电的学习水平是不是可以先把自习室多开放一些，改善一下自习环境，我从刚进华电就开始反映华电自习室没有热水问题，直到我快毕业了才装了热水器（不过毕竟是改善了，逃）。整顿考风考纪是不是可以把校规改的人性化一点，考试一旦作弊就开除学籍，其实这项规定是将把学生“毁了”的风险转嫁给监考老师，如此那任何一个老师都不敢抓作弊，因为这么大的风险任何一个个人都不敢单独承担，如果这项规定改的切实一点，比如作弊的同学这门课必须重修，而重修需要缴纳巨额罚金，罚金将用于改善考场环境和作为给正义的老师的奖励是不是会更好些？我听过不止一个老师吐槽华电作弊严重，我们很多同学对此也深恶痛绝，但老师们包括我都认为作弊成风的原因其实是有的老师抓了作弊的同学后提交上去后，负责学生管理的辅导员、副书记（华电什么都管什么都说的不算的管家婆式职务），为了不让自己的学生在自己工作的范围内被退学，影响他的工作考核，也确实为了学生本人着想，往往会保下这个学生，这样监考老师发现这事这么麻烦后就不愿意再去纠缠这种事，而学生发现作弊后完全没有任何处罚，而我没学就过不了，作弊了就能过，那为什么不作弊，因此作弊的同学越来越多。因此我认为，这件事的主要原因还是学校的规章制度太务虚，标榜自己的学校多么道德，作弊就开除，完全没有作弊者，那这样下去劣币驱逐良币，结果就是大家都作弊，所有人都是作弊者。我希望学校能够更加务实一些，对考试制度作出改良。如果想从源头杜绝考试作弊，那就需要同学们认真复习，学会了自然不屑于作弊，这我就不细谈了，每个人的情况都不一样，大家自己努力就好。  最后说一下华电在我本科读书期间其实是有很大进步的，基础设施也有很多改善，从操场到自习室到宿舍，虽然空调是教育部拨款大部分学校都统一建的，但毕竟还是有了，希望华电越来越好，作为校友出去后也更有面子。   发布于 昨天 01:54 著作权归作者所有
上海电力局好近吗？我是华北电力大学的学生，以后准备去美国读研究生，回来以后还有优势吗？,想回国网，有必要去美国镀金么？ 上海局不难进的，性价比不高  
华北电力大学工商管理想转专业，怎么转?,你好，我正在报考 ，想问一下华北理工大学的工商管理怎么样？在网上没查到，想问问学长。
华北电力大学保定的公共管理类专业怎么样？,一般。不是说学校一般。是这个专业太一般了。
华北电力大学保定一校区宿舍功率多少？,100w
本人就读华北电力大学非电气专业，父母都希望我能转到电气，请问我该怎么抉择？,你这个外院，转系概率很低吧，既然进了华电还是尽力去电气好，因为其他专业外界根本没听过
华北电力大学光伏发电专业排名以及前景怎么样？,装光伏发电一户要多少钱才能建好
在北京的华北电力大学就读是一种什么体验？, 不是有这个回答，感觉够用了，我也不是在北京校区~~~   在华北电力大学就读是怎样一番体验？  
华北电力大学电气本科就业一般去县局吗？待遇如何？需要考研吗？,电气高校毕业生比如华电 三大一般是去市局 待遇每个市局都不一样 想要进来并且升的快还是考研吧
华北电力大学的大神级老师有哪些?,就写几个吧，我是混过来的研究生。（可随意鄙视）  刘吉臻，校长是一个有魄力的人，能动专业，传说级。 崔翔，又一个传说；一直以来我都认为崔老师对麦克斯韦是真爱~。 毕天姝，保护专业，全能女强人。 李成榕，高压专业强者。 肖湘宁，电力系统、电力电子、柔性技术达人。 马进，在学生中人气很高；他会让大家爱上电力系统的，来，手推一下五阶模型。  杨以涵，老先生年纪太大了，走路感觉都不稳。一般，上班时他会坐在办公室里，思考一些问题，下班再缓缓走出校园，坐公交车回家。 谁会想到这个看起来什么也办不了的老者，是最初一批将计算机引入到电力系统的人呢（那时的计算机还不是现在这样纸的）？ 之所以提这位老者，是因为他来学校，已经成为一种习惯，一种思想里的东西，这样值得尊敬的那个时代过来的人已经越来越少了。  PS：据说崔老师始终不会开车，然而没有任何人嘲笑他。
在华北电力大学当学霸/学渣是一种怎样的体验？,为毛邀请我！我不是学渣我擦！  好吧，我还是不要狡辩了，期末考试最后20%的同学每年要交8000块钱的学费，因为我跟着老板项目做太多了，都没时间复习，所以光荣中枪。体验就是8000块钱很难跟父母启齿，其他没了。华电作为一所很水的学校(研究生)，考进去很容易，发论文很容易，毕业也很容易，只要你智商正常。以至于我西交的同学说，一看论文是华电出品都不稀得看，不会有任何收获的。
江西财经大学和华北电力大学会计比较？,华电的会计专业还是比较好就业的，就业以后再怎么深造就看自己的了
华北电力大学本科毕业电气读研去哪?,上海交大啊！
就读于华北电力大学的学长学姐，请问保定校区偏远吗？,谢邀 我是北京校区的，保定校区去过一次，保定这个城市本来就不大，所以对于市区来说算不上偏远，离火车站还是很近的，买个东西什么的也挺方便，不过看你生源地在哪个省吧，我同学在保定读书每次都要从北京转车，因为没有直达的火车，这一点不太方便。 虽然你只问了是否偏远，但填志愿的话还是想多说几句，如果北京校区上不了电气专业，建议报保定的电气，分数相对低，就业上也没什么差别，单纯为了大城市选择北京校区的冷门专业其实也没什么用，毕竟5.5环也很偏远，除了电气其他专业就业也不咋地。而且，本科阶段保定的学风更淳朴一些，工科基本功会学的比较扎实，很多老师两边授课，本科生的师资差别不大，研究生导师北京的会好一些。所以，选择保定的电气，北京的研究生，会是不错的选择。当然，如果你的分数连保定的电气都上不了，还是考虑别的学校吧，任何学校都是最好的专业最受重视，就业等各方面条件资源最好。 希望能帮到你。
华北电力大学(北京)保研对绩点的要求是多少，3.5+可以吗？,按照今年电气普通班推免的情况，共497人，有121人有资格申请学术保研，最后一个有资格的人的成绩是85.22，除非竞赛50分加满，保研基本无望。建议至少把成绩提到88分以上，加分35分以上，才有保研的可能性
华北电力大学保定校区附近驾校学车？,你好，我也是华电的学生。 本地和外地户口的区别是价格，外地户口要贵6.700这样。 学校周围有很多驾校，比如荣泰，和正，恒通，华西，安泰等等。 我这个暑假报了荣泰驾校，因为户口转过来了，只要2200，学了半个月把。 我有2个同学报的华西驾校，外地是3600，本地2900吧好像，他们过几天就考科目二了。 我建议你可以去详细问一下除了第一笔费用以外还要交什么，以及补考费用是多少，像荣泰这样的，科目二科目三补考要交400/次，华西我同学说是200。 下面是荣泰驾校的宣传单：   还有，保定市区里面只有2个科目一科目二考场（科目三要到县里面考），一个是江城，一个是五尧。考科目二当时我在江城考的，考试之前去模拟，50元一次（挺贵的是吧！），据说恒通驾校有一个全真模拟考场，你可以去咨询一下。 PS：考驾照的练车场所需要注意一下，保定这边我不了解，像我家乡那边据说是有的可以在考场里面练车（不考试的时候），还有的考试前一天专门在考场练车练一天。为什么要着重说这个呢？毕竟考试的车和场地和你平时练车不一样，如果考试前多熟悉的话，通过率肯定会高一点吧(*^__^*) ，如果还有什么需要详细了解的再问吧。
华北电力大学英语系就业方向是怎样的？,没有机会，除非你爸是局长
有人知道华北电力大学推荐优秀生赴国外读研究生的项目怎么样？靠谱吗？,非2加2的项目的话，会在大四下学期，发布推海外的信息，多针对保研党，海外学校都不错，有公费的，看自己有不有资格拿名额了
考研，计算机，华北电力大学北京与北京工业大学的比较？, 作为学生，推荐母校北工大咯 
华北电力大学会入选双一流吗？,泻药 虽然我觉得我电就业还不错，但是说实话，够呛。华电人都知道，我电的科研一直不强，就业的优势是靠着强大的校友团和电网亲儿子的身份撑起来的
华北电力大学工程管理专业硕士培养模式？,蟹妖 我不是经管的，所以我也不知道工程管理硕士怎么授课，反正我们院的统招硕士，无论专硕学硕，都是全日制授课，经管应该也一样吧，
华北电力大学怎么样？, 哈哈哈，深夜无聊就来一发吧，作为华电经管院不肖子弟一枚，谈谈我对华电的感受。 2010年高考结束进入华北电力大学经管学院经济1001，当时感觉坑啊(由于我是南方人啊)，什么宿舍环境啊，无空调无风扇十一点断电，上下床六人间，十一点断电，时常停水停电，公共厕所总有人不爱冲 来的第一年没去过澡堂，一整年都在厕所尿池旁边的水管接了个花洒洗冷水澡。(有个广东同学大一去了澡堂回来义愤填膺“这特么是人肉屠宰场吗！一群一群的大老爷们儿露着小鸡鸡到处跑！成何体统！”) 大二等我去了澡堂之后，突然有个哥们跟我说“兄弟来帮我搓个背呗”，我擦啊！我当时心灵震撼啊！从小到大我一直以为卖身不卖艺的文艺女青年才帮人搓背的啊，我义正言辞的拒绝了他:“不好意思，我不干那种事。”(不过几个星期后看他们搓澡搓出好多黑泥觉得好好玩我还是欣欣然的加入了互相搓背的大家庭) 然后吧说说男女交往，确实是僧多肉少，狼多妹少啊，最气人的是，男女之间还有一股你瞧不上我，我瞧不上你的歪风(但是我不是这样的人，我向来都是瞧得上每一个漂亮的少女却被她们义无反顾瞧不上)，一方面可能是我自己确实跟异性的接触机会不多，另一方面我觉得华电还是缺少那种让男女同学一起交流认识的平台(要是有个华电专用相亲网站什么的你说多好) 第三说说体育吧，我喜欢打篮球，华电居然把学校最好的篮球场拆了建宿舍，简直丧心病狂啊，于是乎每天下午篮球场都挤得要死，场场都会遇到“我们都不会打”的王八蛋加进来虐菜。但是我校的体育气氛还是很好的，尤其是每年一度的和谐杯啊，经管自从有了体特成绩扶摇直上啊，再加上今年电气被禁赛，我们一路打到了决赛，可惜最后输给了国教。(我是首发控卫噢(^_^))PS:为什么国教那个外援可以上四姐，黑又硬我们根本拿他没办法啊！ 第四说说学校旁边的饮食吧，一个字！凑合凑合了事，不贵不难吃，出来吃基本就是喝酒的，可惜原来四元一瓶的青岛不卖了，大家都开始喝六元一瓶的勇闯天涯，这尼玛生活一下子就奢侈起来了，当然酒还是得喝，在此吐槽一下北方爷们的喝酒方式，那特么叫一个釜底抽薪啊！我结拜的二哥山东长脸怪，三哥内蒙古酒水公关，七弟东北尿性饮水怪，回回喝三瓶就出去扣喉咙，吐空了又回来跟我接着干，这尼玛不是作弊吗！这尼玛不是欺负南方人吗！这尼玛不是玩我吗！说到喝酒啊就不能不提这个如厕问题，你知道的嘛，甭管啥酒，喝多了都要撒尿尿，但是呢，并不是每一个饭店都有厕所，有厕所的饭店不是打挤得要死就是已经有人吐的坑里坑外满目疮痍了，所以你要做好随地大小便的准备，当然小便占绝大多数，一个字！胆大心细脸皮厚！马路右边是大排档，左边就是广阔天地大有作为的围墙！让世俗的眼光见鬼去吧，解开裤裆掏出丁丁，面对这苦大仇深的水泥墙，尿他！身后路过女同学你就假装看不到，实在是认识没有法你就象征性的跟人问个好:“从这个角度看你真是漂亮极了”，如果你喜欢那女生，第二天再给人写封情书，落款就用李白的秋风词-“相亲相见知何日，此时此夜难为情。” 最后说说华电的教学水平，电气能动自动化三个王牌专业就不说了，应届毕业生最次不是电网就是电厂，还有什么可挑剔。至于其他院包括人文经管可再生什么的，说实话，每一个任课老师都是绝对有资格有本事把该教给你的内容教给你的，学不学是你的事，但是四年下来认认真真上课的同学确实都学到了东西，同我们的距离一下就拉开了(我没怎么学(^V^))，行行出状元，老师绝对是好老师，只要你肯学，出来肯定不比其他学校同专业的同学差，如果同学不幸没有分到跟电有关的那三个专业，着实建议干一行爱一行，认认真真学你的专业，人生的阴差阳错是为了给你谱写更有趣的明天！(我们专业第一名大一就明白了这个道理，所以他大四完了就保研去了上财。我大三明白这个道理，最后考研考到了重大技术经济，结果后来研究方向是微电网交易平台开发，说不定就是跟原来电气的同学抢饭碗，好像自从进了华北电力就跟电拉上了关系，真是很有趣) 总结一下，华北电力大学真的是个好学校，这里有许多的好老师，好同学，好女生，好gay，如果学弟学妹们碰巧来到我们的母校，请大家一起好好学习，珍惜时光，乘风破浪万里长，求实创新铸辉煌！  ----------------------------------------------------------------------------------------------------------------------------  有学弟说我催牛逼，说我不是院篮球队的    图中52号就是我，原来在学校的时候我是32号。周末回学校切磋一下     有学弟评论说我像蒋劲夫。感谢你，你是全华电最诚实的人，在华电加油哦⊙∀⊙！ 
你为什么选择华北电力大学？,西安人。电气专业，考清华考不上。  我自己对专业没什么偏好，觉得在北京以后出国方便些，就来了。  学校很给力的满足了我从小学到中学没有一次拿过三好学生的遗憾，本科四年拿了好多奖。  不管当初进校时候心里是不是真的情愿不太记得，离校那天哭成傻B是真的。 母校，我最好的青春年华，一生爱！
华北电力大学 MBA主要就读人员？,请问，您考了么？我也和你情况差不多，想咨询下
在华北电力大学如何实现电气保研？,疯狂刷题，参加各种省，国等比赛，多发表论文。妥了
求华北电力大学电气工程及其自动化大一大二专业课课本书名及作者？, 凭记忆写一些，  电路，  梁贵书老师编写  电机    华电自己复印的错误百出版  发电厂电气部分   电力出版社出版  信号处理  忘了。。。。  电力系统分析，稳态、暂态， 电力出版社出版  数电、模电  华中科技的两本书  微机原理    朱有产？  电力电子  石新春、王毅  电磁场  崔翔？  电力系统远动  忘了。。。     
有一个华北电力大学的女票是一种怎样的体验?,谁送我个女票我来回答下这个问题......
华北电力大学【北京】的工商管理类和西南政法大学的法学谁的含金量高？,当然西南政法大学
华北电力大学电力系统及其自动化硕士，进进市电业局，都长时间能月薪过万？,升了小官级别高了有可能，但部分省实习期有两年，也就是变成正式工需要两年，实习期工资很低的；升至中层领导就看个人造化和背景有多硬了
想考华北电力大学的研究生 计算机方向的 前辈们有什么建议？,华电计算机就是每年都招不满的专业
河北工业大学与华北电力大学（保定）哪一个更好考？, 当然前者好考了，但是保定华电性价比很高——在电力系统内有一席之地，并且比电气四虎好考。每年二本考进去的多了，所以还是建议考华电（河北工业大学的电气压根没听过啊，研究生读电气想不通为啥要考虑那个） 
西南交大 华北电力 湖南大学的电气工程考研难度排名？,17华电电力系统及其自动化考生。谈谈我自己对华电电气的看法。 以前有很多人都说华电性价比高，招的人多，容易考。当初的确是这样的，15年及其以前，专硕或者电力系统学硕每个都招100人左右，专业课有原题或者类似题。那时候专业课也不怎么压分。 而16年就开始保研比例上升了，记得16年好像专硕加电力系统学硕一共120左右，减少了将近一半，16年专业课难度也很大，一道20分的超纲题，一道20分的带潮流计算的无功补偿题。16年120分就算高分了。17年计划招电力系统57，专硕64。最后专硕没保满，多了25个名额。从人数也可以看出，招生在减小。17年又拼命压专业课分数，116-120就算高分了，比16平均分还要低。而且保定去年很低导致今年爆炸式增长。 说这么多也不是为了劝大家不要考华电。而是向对大家说，华电的高性价比的时代已经过去了，大家选学校的时候一定要慎重。不要听网上说华电简单最后被坑，时效性很重要，一定要看清最近几年的录取情况选学校。 以下图片来自华电考研网的统计（PS华电考研网的电气资料也很差）    
有在华北电力大学（北京）校区 读 成教 的吗？,觉得读 业余 好还是读 函授 好呢？
普通211大三电气狗想定一下学校，选择范围华北电力北京，北京交通大学和中科院，请大家给点建设性意见？,华北电力电力系统很好，导师很nice，我曾经考过（没考上），给了三个导师发邮件，两个很快就回了，不会因为是外校的就不理你，而且给了很真诚的建议。
华北电力大学经管学院硕士“管理科学与工程”和“技术经济及管理”哪个比较好呢？,技术经济及管理，毫无疑问！你看国网要什么专业的就知道了
电气专业的学生需要那些重要的证书？我是一名大二的女生，在华北电力大学就读电气工程及其自动化专业。?,那请问题主现在大几？
本人广东考生 分数572 一本分数线485 省内排名11300能否进华北电力大学（北京）的电气工程？,能
选择调剂去华北电力大学（北京）读金融学研究生还是三战考中国人民大学（今年超经院十分复试被刷）如何选择?,放心，考人大基本进不了投行工作。或者说，考哪都进不了。
华北电力大学本科生进市局是什么样的体验？,不知道电了行业，感觉不错，有机会做到局长
中央民族大学比华北电力、华中科大、华中师大、西南财经等院校差吗？ ?,今年湖北考生，高一本线89分，妈妈让我考虑能不能冲中央民大，心里那个苦啊 
华北电力大学通信专业研究生毕业生就业怎么样？好找工作么？女生 可以进国家省级电网么？,信通招人比较少。你成绩很好，各方面都比较突出的话，可以。
读华北电力大学（保定）的产品设计专业（艺术生），能学到真才实学吗？,那如果实实在在地告诉你学不到，你能考上清美吗？  心里有答案，就不要再问了。
华北电力大学(北京) 有哪些老师的课有自己独特的见解值得去蹭课或者报选修的？ 表达有点儿问题。。多多谅解?,德语，公务员制度（现在好像没了，我没逃过的选修啊！），中国茶文化，人文院好多老师讲的都很好，特别值得听，长见识。
华北电力大学的北京本科热动学生进入京能集团稳不稳？进去后，大概做什么工作？希望有经验的前辈指导一下?,请问你最后去京能了没，待遇啥咋样呀
华北电力大学(211)电气工程及其自动化(专业排名第6)，想去日本读修士。绩点2.5，能选择什么学校？, 首先你的理解是不是有偏差，获得硕士资格？修士是考入的不是申请的，ZJ是帮你申请拿到内诺去当旁听生而已，也就是说挂的是本科的签证，不是修士的课程，还是需要自己准备，目前你的情况完全可以选择在国内准备校内考笔试面试和计划书，而且你现在有日语和英语基础，也在准备成绩，而且修士校内考和你的出身校，绩点没有关系，申请旁听生是要看的，校内考不看的，主要是看现场考试能力，这就是直考和自考的区别。 
华北电力大学（北京）的男生宿舍怎么样？,我是女的，不是这学校学生，我只知道我们学校宿舍没独卫，没空调每晚11点断电，上铺下桌，漏天阳台，宿舍潮，公共卫生间洗衣服不要水钱。
欲进国家电网，求对比华北电力、中科院、天津大学读研如何？,华电电气排名在清华，西交，华科，浙大之后，与重大差不多，华电的一个优势是与国网有着不清不楚的关系，华北电力大学有个理事会，如下图   图中人员: 第一届理事会成员单位领导，国家电网公司董事长、党组书记刘振亚，国家电网公司副总经理、党组成员王敏，中国南方电网公司副总工程师么虹，中国华能集团公司总经理、党组副书记曹培玺，中国大唐集团公司董事长、党组书记陈进行，中国华电集团公司董事长、党组书记李庆奎，中国国电集团公司董事长、党组书记乔保平，中国电力投资集团公司党组书记、总经理陆启洲，中国电力企业联合会党组书记、常务副理事长孙玉才，华北电力大学校长刘吉臻，中国电力企业联合会党组成员、秘书长王志轩，国家电网公司人力资源部主任杜宝增，中国南方电网公司人力资源部主任罗体承，中国华能集团公司人力资源部主任高树林，中国大唐集团公司总经理助理兼人力资源部主任武洪举，中国华电集团公司人力资源部主任徐刚，中国国电集团公司人力资源部主任许兴洲，中国电力投资集团公司人力资源部主任李树雷  国网应该有很大一部分是华电出来的，有大老板也有基层的普通员工，目前国网大boss刘振亚是山大毕业，二boss舒印彪是华电毕业。  华电毕业生每年基本都进国网了，这么多年了，据工作了的学长学姐说在各个单位都经常遇到华电前辈。
华北电力大学测控专业毕业干什么？,本科：电厂检修（火电、水电，核电...） 少部分电网（计量） 硕士：电厂（极少） 电科院、电力设计院、电力研究院、电网。 完毕。
华北电力大学热动专业出来后真的就只能去烧锅炉吗？,题主你好，本人也是华电（保定）热动专业本硕毕业，现在在上海交通大学读博，仍在相关专业。  很少在知乎回答专业问题，因为知乎上不管是校友，还是前辈都特别多，特别怕被打脸。但今天恰好回母校看看，感慨颇多。我觉得在华电动力求学七年，有必要把我了解的，看到的拿出来说一说。一方面抛砖引玉，另一方面希望学弟学妹能少走弯路，多些选择。      首先回答你的问题：华电热动专业毕业后，不只是烧锅炉，也不只是搞汽轮机，还有不少不错的方向可以考虑，不要被自己的思路和身边环境所局限。   华北电力大学，最早是几大电力集团为职工子女建立的一所学校，因此就业面向电力行业是有历史原因的，也是理所当然的。电力系也一直是无争议的第一专业，原因之一就是可以进入国家电网。而动力系，作为一个很传统的专业方向，办学思路（我揣测的）长久以来是面向火电，核电厂的运行，检修等岗位的。尤其是2000年后国家火电，核电大发展，热动专业毕业生，尤其是男生，只要能顺利毕业，几大发电集团遍布全国的电厂都有机会去，收入水平在当地也普遍是中等偏上，日子过得还是挺顺遂的。  上面说的是好日子的时候，当然是你好我好大家好，其乐融融。但近几年大家也看到了，火电厂上大压小，而且没几个满发。环保要求越来越高，产能反而过剩。现在效益好的电厂，不仅本科生不好进，硕士也不好进。所以上文说的面向电力行业就业的传统就会束缚住毕业生的思路。以我本科毕业时同学们的就业情况为例，除去一半人数保研或考研外，绝大部分都是去了电厂。我对电厂没有偏见，也觉得是个很好的归宿，就是觉得，从大一一入学就知道的宿命，过了四年还是没有摆脱，在认同大家的选择的同时，又有些觉得遗憾，这种感觉就像还没有去见识这个世界的广阔，就早早选好了自己终老的地方。没有见过繁华和坎坷，就告诉自己平平淡淡才是真。  所以，不想进普通电厂怎么办？我相信有不少华电的热动人都为这个问题，问过苍天问过大地。我个人（仅仅是个人想法）觉得有这么两条路：   出路之一 ，属于比较被动的，治标不治本的，就比如我，读个硕士甚至博士，当然这是另外一个坑了。如果还是本专业，硕士可以选择电科院，设计院，供热供暖公司，当然还有电厂等。博士呢，去高校当个清贫老师，去研究所为国接盘，去工业界贡献青春，都是极好的… 如果趁机换个专业，就是另外一个问题了。 当然考公务员什么的，就不用我多废话了。   出路之二 ，就是像《绣春刀2》里陆文昭说的，"要想不这么死，就得换个活法儿"。也就是说，不局限于电力行业。 不管怎么说，华电就算再名气小，再专业性过强，也是个211院校。学生本就不应该还抱着上个世纪包分配的思路，去面对决定自己的后半辈子命运的抉择。我的硕士导师也一直在鼓励学生们敢于走出舒适区，做什么行业都可以。 当我初次来了交大时，才发现，原来咱们专业选择电厂真的只是诸多选择之一。以交大毕业生为例，有不少去汽车行业，航空航天，手机制造（换热相关），空调制冷行业，甚至有银行，投资行业。不是只有电厂才能过好日子，而且电厂往往地处较为偏远，不是所有人都爱待在村儿里的。  在保定生活了七年，对这片土地有着深深的眷恋，但视野和见识也被它所束缚。所以，希望学弟学妹们找工作时能站的高点，眼界广一点，去别的高校的招聘会也看看，搜集尽可能多的信息，在选择时也多份信心和决绝。我写这些，也顶多是个纸上谈兵，仅供参考，不给大家带来误导集好，但愿大家选了热动的都不后悔（后悔也别说出来）   
华北电力大学信息安全怎么样（男~保定校区）？？？？ ?_?,我也是保定计算机。。。感觉。。诶
在华北电力大学读太阳能专业是一种怎样的体验？,是种不怎么好的体验，纯纯的个人感觉，尤其是大四的时候。
华北电力大学的能源化学专业怎么样？听说华电坑？是不是啊？,谢邀 能源化学这个专业，我作为一个老华电竟然没听过。给我第一感觉应该是老专业换了新名字。 之前热能与动力工程换了一个新名字：能源与动力工程；哇，一听好TM高大上，其实还不是去火力发电厂负责锅炉和汽轮机。 能源化学，我十分怀疑是“电厂化学”的新名字。 说到这里，应该给你讲讲火力发电厂是怎么运行的。简单的说一下，就是把高纯度的水送到燃煤锅炉里加热成蒸汽，蒸汽送入汽轮机后推动叶片做工，使得汽轮机旋转，汽轮机带动发电机，然后就有电了。蒸汽做工后变成水和蒸汽混合物，这部分混合物通过凝汽器释放废热后，全部凝结成水，继续送回锅炉加热成蒸汽，如此循环。 电厂化学是干什么的？就是在电厂里负责检测煤的质量好不好（灰分、挥发分都占多少，热值是多少），这个关系到锅炉怎么给煤才能烧出足够的热量，保证锅炉不灭火。或者是检测蒸汽循环的水质，也就是水的含盐量，含盐量高容易腐蚀锅炉和汽轮机的金属。 所以从就业角度来说，就是去电厂。而且从华电的门面来说，去电厂一点问题也没有（就业率丝毫不担心）。  但是华电这个坑，你确定要入坑嘛？ 华电的坑，不是说电力相关专业的专业性和学科建设上在全国排不上号，相反华电这些专业的确是全国前十。但是一个问题就是窄，在电力行业外，没有用武之地。 并且在行业内，华电绝对是一个李宗伟似的存在（在哪都老二）。全国上看，第一名肯定是是清华西交这种顶尖高校；从各地区看，第一名是地方的地头蛇（华中有武大，华南有华工，华东还有上交浙大），在北京老巢正好还遇上清华中科院。 别的坑还有就是本科生培养方式的坑，华电其实在办学宗旨上就说了：“办一个负责任的大学”和“工程师的摇篮”。就是要把学生培养成“工程师”、“技术人员”，并不是让你去成为CEO，赢取白富美。所以过几年你跟你那些综合大学的同学一比，你浓浓的屌丝味。 浓浓的屌丝味还源于另外一个大坑，生活环境的坑，以下内容仅针对北京校区。 华电前几年的雅号还是“不给水不给电没网还不给力大学”。不给水，华电每年的水管泄露爆裂事故数不清，一种是不明原因的，莫名其妙就在地面下爆裂了；一种是因为挖坑挖爆的。华电校园内一年不知道要挖多少次坑，其中一种是每年要把暖气管挖出来检修一下保温层，另一种就是建设施工。 不给电，本科生宿舍晚11点断电，节假日供电到凌晨2点或通宵供电。这规定很合理，本来没什么好吐槽的。不过华电经常管理混乱，经常发生节假日给你11点就断了。作为一个电力大学，电力基础设施竟然容量不足，夏季用电高峰期，白天能给你跳闸3-4次。 不给网，本科生宿舍这个跟电的供应时间是一样的。不过早年间，这个网络出口带宽特别低，所有视频网站都看不了，不过现在好了。早年间，特别几个教学区手机信号奇差，现在用移动或联通都没有问题了，就是电信差。 不给力，早年宿舍没空调没洗衣机，全校洗澡只有一个澡堂。部分宿舍暖气冰凉，或者忽冷忽热。对面北京农学院暖气开了4-5天，华电暖气还没有动静。现在全部宿舍有空调，大部分宿舍楼有洗衣机，部分研究生博士宿舍还有洗澡的地方了。暖气这个还是看运气吧。 校园周边环境（500m范围）脏乱，南边大市场拆了要建校区，未来几年也避免不了建筑工地的脏乱了吧。3km范围内有居民区和附带商圈，买、吃、玩还是有地方去的。 这种生活环境的琐碎小事在你读书这几年，可以把你磨成要求极低的性格，容易满足的性格。对生活没有精致要求，自然就屌丝了。
华北电力大学专业问题？,如果你没有特别喜欢的或者想去的专业，单纯从就业来考虑，电气绝对是最好的专业，能进电气就进电气。
在华北电力大学就读是怎样一番体验？,我就说一件事情吧。 某日无课，想来旁听一节高数补一补多重积分学的知识。早早去了教室坐在坐在最后一排（毕竟是旁听的免得占了学弟学妹的位置） 上课的时候老师看了我一眼（坐在最后一排异常显眼），问道:"你是哪个班的？" 我答：“老师我是旁听的。” 老师义正言辞：“那你请出去。” WTF ？？？！！！ 大学不让旁听？我当时觉得很好笑 我说：“大学哪个规定不让旁听了？” 老师也是不耐烦：“你走不走？不走我叫保安了。”    也许唤起我骨子里对于这种行为的鄙夷，静静坐在最后一排岿然不动。倒是这老师很无奈，打了多通电话，想来找遍了关节，未果，最后丢下一句狠话“没人处理我就不上课！”      最后三个保安在我边上做思想工作，说什么别影响同学上课，要尊重老师，要及时沟通，体谅保安工作繁忙诸如此类 我也据理力争，但是心里确实是凉了一片。 这究竟是什么大学？ 最后一个自称是教务处的女子让我去教务处办公室反应，单纯的我也就去了…       结果却是跟我聊了会天，就叫我走？？？？ 刚刚说好的如果老师有问题一定要处理呢？ 学校一定会维护学生的权益呢？ 你们教务处也是这么办事的？      不多说了，从此以后坚定考外校研。
华北电力大学2+2选拔考试难度？,华电国教2017届新生群qq号码: 373721757 里面有北京校区的学长学姐们为大家回答问题。  ——————————我是分割线—————————————  大二结束，现在我来回答这个两年前自己的提问。  2+2选拔考试难度: 个人认为北方考生更具有优势，毕竟华电提档线在北方较高。对于教育落后省份的学生，需要加强一下复习，最晚大概开学前两周就要好好准备这个考试。(我是广西考生，属于教育相对落后的地区，当年国教考试录取90人，没咋复习的我进来时的排名靠后，惊险)。其实吧，考上了的人都会觉得难度不大，因为你找不到没考上国教的学长学姐的联系方式哇。  2+2选拔考试科目: 2015年我们考的是笔试数学和英语，然后还有面试。面试会有英文自我介绍，还有一些中文的关于电学方面的简答题。但今年2017年国教考试官方说法是还要考物理的，可以去官网看看。每年考试可能都不太一样。  淘汰率: 当年我们是名单上一共有200人左右，最终录取90人，三个班。  歪个楼，说一些别的碎碎念。 两年前高考成绩不理想，在复读与国教(当时已录到华电北京校区)之间摇摆不定。最终选择是不复读，向前看。进入国教大二结束后，并不后悔当年的选择。因为个人认为，除了清北复交一类的，别的211、末流985其实在将来HR等等眼里都差不多，关键是在于个人在大学里做了什么，主要取决于自己。大二刚结束几天，就有了些许毕业的伤感，因为有的人选择出国，而还有一部分人比如我 就选择继续留在国际教育学院。注意！从我们2015级开始不出国的不会转去电院了。  但我坚信，即便如此，报考国教的人并不会逐年减少。进入华电你就要有“专业&gt;学校”的意识，没有也得刻意培养。大三准备留下来的人并不是说成绩不好出不去，期中不乏有学霸选择在国内考研或者保研。  两年前在知乎上得到了学长学姐的帮助，所以我也想在此写下自己的感想，算是不辜负吧。  最后，欢迎学弟学妹们加入国教！
华北电力大学（北京）男生宿舍条件如何？,3号楼不解释=_=  学校在宿舍楼里安装淋浴，没有3号楼 学校在宿舍楼里安装直饮水设备，没有3号楼  (╯°□°）╯︵ ┻━┻     正常男生床都是2乘1.2的，可以申请加长的  当然，这也得看你怎么装饰咯        (´･Д･)」毕竟宿舍文化节二等奖
华北电力大学北京校区和保定校区哪一个比较牛?,2005年，华电校部由保定改为北京，2009年华电主楼建成并投入使用。号称是亚洲第二大的连体教学楼。   主楼礼堂  从学校的举动，可以看出学校有意把资源往北京迁移，无论是硬件教学设施，还是各种软实力，许多优秀的教授也迁到北京校部任职，但有很多年龄较大的教授家已落户保定，不愿来北京；在北京华电，新应聘的年轻教师或科研人员的条件有很高的要求，单分析电院现在的情况，只要三清学历，或至少有出国留学的经历，至于华电人能留在本校的机会就更小了（当然北京华电的各种福利是非常丰厚的，而落户北京的难度又越来越高，选拔人才的门槛之高也就不足为奇）。  事实上，主校区定在北京也有利于华电未来的发展，毕竟北京的各种资源还是令无数外地高校羡慕。学校信息获取、科研交流等需求也因北京带来很多便利之处，学生在各种创业、创新、电子、减排比赛中也享有多种福利。当然，现在互联网如此发达，保定华电的同仁们也非常厉害，这里必须大大赞扬保定华电。  其他的竞赛比赛不太了解，但仅论数学建模比赛，保定华电每年都能拿到很多一等奖。据说，华电是获得国赛一等奖最多的高校，其中大部分贡献都是由保定华电做出的，美赛的难度稍低一点，北京华电每年获美赛一等奖的名额差不多有七八个（数量记得不清了），不至于那么难堪。也许是北京赛区的竞争比河北赛区更激烈一点，但事实上，保定华电的优良传统一直传承下来，这确实值得北京华电好好借鉴和学习。  北京和保定这两个城市原本就是挨着的，所以两个校区之间也离得并不远（西直门北京北站到保定站之间仅需一个小时），校区之间的人员互动和教学资源流通还是比较方便的。私以为和不同校区分散在两个城市的其他大学有很大差别，和中国地质大学，石油大学、矿业大学的的校情也不太相同（希望没得罪他人）。北京华电和保定华电的资源共享的努力还是值得肯定的，不能断言说是1+1&gt;2的效果，但至少1+1&gt;1.5吧。  （下面的话可能有些老套，但都是出自真心），希望大家不要过分强调保定华电和北京华电的区别，虽然是处在两个不同的城市，但我们仍然的同一个学校，同属华电人。暑假参加了一个夏令营，遇到三位保定华电的小伙伴，顿时觉得很亲切，同在华电，彼此间也有许多说不完的话题，（校草臻也是大家的，哈哈），并没有什么隔阂，因为我们都是华电人！  谢谢大家！
