南京农业大学和南昌大学哪个学校更好些？, 谢邀。  由于对南京农业大学不甚了解，且两者名号上都是211，不敢妄议。  只能从城市和大学侧重点两方面说说自己相对有把握的观点。  曾在2014年暑假到过南京，那时正值青奥会，城市整体感觉不错。参观了南京大学，南京师范大学和东南大学，对这三所学校是力荐的（虽然它们不在此题考虑范围内）。另外南京总统府等历史性景点的确会让你感觉南京是座有历史重量的城市。所以，如果题主对此城心向往之且意愿强烈，可以优先考虑南农。  南农是农林类专业性高校，如果心仪专业属于其专业领域，则南农更佳。（和心仪外语则外国语大学更佳，心仪金融则财经大学更佳，心仪法律则政法大学更佳是一个道理，不赘述）  若对专业没有明确想法爱好，推荐南昌大学这类综合性高校。（因为有机会听各领域的课程认识各专业的人，利于认识自己把握未来）毕竟南昌大学理工医文史哲也算独步省内，同时不乏国内顶尖学科。  另外南昌大学由于在南昌红谷滩新区，和南昌老城区不可同日而语。自知很多人对南昌老城持偏激态度，在此不做评价。客观对待这座城市即可。  对于南昌景点，比起秋水广场音乐喷泉，南昌之星摩天轮等，本人最爱是八大山人纪念馆，滕王阁次之。  本人南昌大学毕业生。对母校有太多感怀。若题主选择后者，愿你能在她的怀抱里度过快乐且无悔的四年。  祝好。 
在南昌读大学是怎么样的体验?,作为一个北方人， 我只想说太热了，我大一那年经历了许多的第一次，第一次起痱子，第一次快十一月不定时穿半袖，第一次见蟑螂，第一次在宿舍看见老鼠（后来每年冬天都有它的身影）种种。。。。       还有就是很潮，老是下雨，伞都成出门必备的了，不是该挡雨了就是该挡太阳了。        治安不好，部分本地人比较横，我手机电脑都被偷过，不止一次，我身边的基本都有被偷的经历，有一次，我上公交的时候手机被摸走了，因为半年前手机刚被偷，就比较警觉，一把就抓住身后那个中年男的袖子，当时胆子比较肥，看见他裤兜有手机就要拿出来 ，结果不是，那男的就特哼的说是你的嘛？然后高潮来了，手机其实还在他手里（当时是晚上，看不见）他不小心把我屏幕摁开了，然后男友就一把夺过来了，这还不是高潮，他竟然推了我男友一把，我正准备理论的时候，男友把我拉开了，因为那男的身后有三个男的，对，她们是一伙的，然后司机就把车开走了，（他的同伙还没有上车，我们堵在了投币那），然后就没有然后了。但是不是所有的本地人都不好，只是个例，我原来打工的那家老板和老板娘就非常好。         公交好难挤，太多小黑的，打的不打表。从来去市里的时候都是站着。一站一小时。 还有就是听不懂南昌话，刚去总以为在吵架。 第一次知道鸡蛋原来是论个卖的。 水果永远很便宜，但也永远都不够秤。 无论卖什么水果，大喇叭里喊的都是很甜很甜的西瓜（菠萝，柚子，香蕉，橘子.........）八毛钱一斤，好甜好甜，
南昌大学的优势专业是什么？,临床医学，食品类
南昌大学法语系如何？,看样子是学弟学妹，我就是楼上说的，非洲党。在非洲一两年了，准备去法留学，无意间看到这条，就恬不知耻的来答了。 当初来南昌大学完全机缘巧合，骂了四年，最后一刻才发现，大学不管在哪里，都会是一生的留恋。 入学一直标榜自己不喜欢法语，但最后还是败在了现实手里，成了班里为数不多的，在非洲的，从事法语相关工作，而且还要继续和法语为伴的人。 关于法语专业，最大的忠告就是，一定要好好学，不管是喜不喜欢。不学习的后果是，语法靠字典，单词靠字典，出门带谷歌。如果家里有钱势，或者准备卖保险，信用卡，房地产，将来不用从事法语工作，也就不多说了，但是既然来了还是学点什么带走吧，多条路多个机会。 学校资源是固定的，全靠主观能动性。学好了，外交官，同传，也很厉害。 就业，基本方向有，非洲，考研，出国，公务员，银行，其他。前3个大头。人在非洲就谈非洲的情况。决定来非洲就要豁出去些，非洲没那么好，也没那么差，反正比国内差，但是也没想的那么差。疟疾基本不会死人，衣食住行基本有保障，有车有房，有佣人。国家之间有差异，内陆国家没有沿海好，没有港口的略差于有港口，首都等大城市比野外好。反正过的也挺滋润。 薪资，北非马布里国家，8000到15000不等，应届生。黑非洲，视国家艰苦程度，公司性质，15000到20000之间，当然有些不良企业企图用年薪12万来糊弄你们，千万不要去。去黑非洲至少15000。 所以，还算是薪资比较高的了吧，就是远离亲人朋友，偶尔略有孤独。还有就是我称为非洲陷阱的东西，待得久了，习惯了之后就扎根非洲了。当初抱着挣两年就走，后来发现怎么挣也挣不够，国内又不好挣。对恋爱也是个大问题。 法语，其实挺简单的，如果你好好学的话。 南昌大学，不怎么好，相比武大，上北广外，但是也不怎么差，好歹是个211。既来之则安之。芳芳老师，陈经老师，叶妈，老皮，Chris ，他们都很好，基本不会挂科，但是，也不要抱着吊车尾的心态，会害人一生的。 不知道再该说啥了，好想再念一遍啊，，祝你们都好。
南昌大学建筑系考研可以去像清华，天津，东南，哈工大这类学校吗？,谢邀，保研的时候认识了一个妹子就是南昌大学的，很美很学霸，也是保研东南建筑，所以没有什么不可能的，努力就好
我就想问 单就法学实力和在法学界的地位而言 南昌大学和西北政法大学哪个更好？, 谢邀。  西北政法大学 (Northwest University of Politics and Law) 位于西安，是一所 法学   特色鲜明，多学科相互支撑、协调发展的多科性大学。曾为 最高人民法院   、司法部直属的中国大陆地区重点法律院校。   南昌大学（Nanchang University）是 江西省人民政府   和教育部共建的国家“ 211工程   ”重点建设大学、教育部普通高等学校本科教学工作水平评估优秀高校、首批 国家大学生创新性实验计划项目   学校，是江西省综合实力最强的高等学府。  1、根据题主设定的“法学实力和在法学界的地位”的条件，我理解是法学专业的排名。  艾瑞深中国校友会网《2015中国大学本科专业评价报告》的法学专业排行榜中，未见南昌大学法学院的身影，西北政法大学则排名第36位，为2星级区域高水平大学。  来源： 2015中国大学法学专业排行榜揭晓   ；  2、根据艾瑞深中国校友会网《2016中国大学教学质量评价报告》：   西北政法大学 在“中国大学教师水平排行榜”则排名第259，综合排名283。  来源： 2016中国大学教师水平排行榜 国科大荣登榜首   ；   南昌大学 综合排名80，“2016中国大学教师水平排行榜100强”（2016年06月27日 ） 排名第82，比排第84的中国政法大学还高2名。  来源： 2016中国大学教师水平排行榜 国科大荣登榜首   ；  其他参照搜狗百科 综合排名 ：2012年武书连主持的《2012中国大学评价》，南昌大学排名第61位；2010年中国大学排行榜百强榜，南昌大学排名96位；2016年6月14日，艾瑞深中国校友会网《2016中国大学评价研究报告》公布2016中国大学最佳专业排行榜800强，南昌大学排名第114。2016年6月21日，武书连2016中国大学工学100强排名公布，南昌大学排名第64。   结论 ：西北政法大学 法学专业 好于南昌大学；而南昌大学 综合实力 强于西北政法大学。 
杭州电子科技大学和南昌大学的电子信息类和计算机类，报考选哪个比较好？,分数差不多你就报南昌大学，其实在外面待过很多年的就知道，城市并不重要，如果以后你想往更上发展，除了机遇+努力+选择，就剩下学历了~也别不服气，211其实往上了就是个坎~  答楼上某位同学： 第一，知乎不是天涯，没有象牙就不要乱吐； 第二，你考上述哪所学校？有资格，有权利说？ 第三，笔者学的就是计算机，我的同学们不说多牛，BAT也是一大把； 第四，南昌大学虽然一般，但是一本，是211，计算机系率属于信息工程学院，是全校最大的学院；传统意义的CS是二本专业，不在校本部； 第五，除非你是顶尖名校，在社会上程序员靠的是实力去竞争，专科生压死名校生的例子比比皆是，不要耍嘴炮；  ps：视野放宽点，考大学跟以后去哪个城市工作真心不是很大关联，看的是个人。  ------分割线----- 我tm也是醉了会跟一没毕业的小毛孩争这个~ 先说下题主的问题，如果单从专业上来讲，杭州电子科技大学的计算机类专业确实比南昌大学好，专业类院校和综合类院校的差异性很明显，再说杭电本来也不弱，南昌大学也不是特别强到大家都认可。  我最开始的回答也是按照我这几年的经历，从未来发展去回答的  ，人生际遇几何并不是那么简单，另外从题主的角度来分析，还要看生源地和分数来做选择。    但是有些小毛孩回答的时候扯到母校，诋毁我母校就得好好说道说道了，别悔了一锅粥；   年轻气盛也罢，狂妄也好，我跟他说了做人最好水涨船高（大家好一起好），不要做些水落石出（贬低别人抬高自己认知）的事，他回复看不懂，然后还给删了我的回复，接着修改了谩骂的内容，然后把自己名字都改了，退路都留好了； 也别以为修改了内容就能做圣母，删掉回复也显示不了那位的素质，  想想那位之前的留言多么的粗俗，我也是一时大意忘了截图，但是他还是忘了删另一个回复，就看出他的品行，  这个话题总共就5个回答，他就用2个回答极尽鄙视南昌大学（或者针对某系）的回复来显示他的态度，说实话他又不是2所当事学校的学生，就算是，又怎么会有这么大的怨气？若有看官，自分高低。   对于我认为错的事物，我最开始一般是文骂，差不多得了，别太纠结，上杆子了就别怪我，我从来就没有否认杭电更好，是那位从始至终貌似都没能理解我跟他争辩的到底是什么。。
南昌大学国防生名声很差吗？,为什么会问出名声很差这样的问题呢？  我男朋友就是南昌大学的国防生，他自律上进，身材超棒，脾气超好，生活技能满点，爱干净又孝顺又会做饭ㄟ(￣▽￣ㄟ)。但是这不是因为他是国防生，而是他自己本身就是这样一个人。          我跟他在一起两年多，觉得国防生跟普通生并没有什么区别。他们虽然毕业分配去部队，但是除了一周至少两次的五公里训练，晚上必点到，头发三毫米，周末开队会班会，寝室集体管理，需要上军政课，体能必须合格之外，与普通生没什么区别。  他们也有自己的专业需要学习，只要没有训练没有军政课没有其他命令的时候也可以跟普通生一样随便出去嗨。           我认识的国防生里面有积极向上的人，有计算机大神，有钢琴十级大神，也有疯狂健身参加全国大学生举重比赛的，有极热爱运动热爱踢足球打篮球的，当然也有去网吧打游戏的，这就是团体，有优秀的人，也有糟糕的人不是吗？           不要因为一个团体否认一个人，也不要因为一个团体认定一个人。这个人好或者差，不要跟团体挂钩，否则跟地域黑有什么区别呢？
南昌大学生家教网，交了中介费120，打电话过去，家长说不需要家教，家教网不肯退钱，怎么办？,举报
南昌大学，作为一个学生遇到这种情况该怎么做？,从贴吧微博一直追到知乎来我也是醉了。。
大二上建筑女生，不喜欢建筑，喜欢逻辑思维，在南昌大学，想退学复读？,完全可以转专业降一级，我有室友就是这么干的。
南昌大学编导专业艺考中的影视创作考什么？,谢邀，首先，昌大似乎并无编导专业，有的话也是挂靠在戏剧影视文学底下的。 依我从前艺考经历猜想，影视创作应当是考命题的分镜头编写，考察故事编写和视听语言的基础能力。
内蒙古大学与南昌大学的对比？,那还是内蒙古吧 虽然对俩学校都不了解 但是离家近一点总是好的 生病啊 有事啊 回家方便  真的远离了家门才知道辛苦 近一点吧 不会后悔
2017高考比一本线高35分，可以去南昌大学不【江西人】?,泻药~ 本人河北考生，很奇怪为何会邀请我，如果你的分数大概能上211，你可以根据一分一档【不清楚你们省有木有】查找自己的位次和往年南昌大学各专业录取的位次相比较，总结出大概得趋势和规律，这样你就可以确定自己有多大几率了，如果没太大把握，就选择调剂吧，毕竟211在就业和考研的时候还是会有一点优势，当然调剂也会往相近学科调
南昌大学可以专升本吗？,不可以，因为它是一本院校，但是专升本只能升二本院校
南昌大学中外合作需要口试吗？,对不起我有罪才看到邀请TAT… 现在答应该太晚了，不过还是说一下… 目前为止我们专业对英语成绩没有任何硬性要求，也不需要英语口试成绩
南昌大学中法预科商经硕士留学项目如何?,这是工商管理类，说白了就是工商管理。四年本科，一年本校硕士，一年法国。如果自己绩点成绩不高的话，这还是个可以的出国路。完全不需要法语基础，据我所知，学生大一学通识课以及一些经管类普修课，在大二开始学法语。但是…研究生读这个我就不太清楚了。假如你跟着别人一起读研究生，那时候南昌大学本科这个班的学生已经有了法语基础了啊。还有…这个专业的研究生可以报吗？你确定？
本科专业自动化，都是调剂南京农业大学农业工程和南昌大学的控制工程怎么选择？,这个≡￣﹏￣≡ 邀的我都碎了。 南昌大学倒是知道点。不过具体到这个专业就不知道了。  唔。。。南昌那个地方好热的。如果单纯说体验，比武汉还热。不仅仅是温度，关键是四面环山，中间是水。 这是什么造型？说好听了，聚宝盆。说难听了，高压锅。 当初在南昌待的几年，除了学会吃辣，就学会了各种除湿，降温的方法。 住宿舍的话，有多高住多高，千万别以为越低越方便。回南天能活活把人卤了。 还有江西的妹子。。。呃。 算了，说点别的吧。
为什么南昌大学信息安全专业在老校区青山湖而不是前湖？,很多学校都有几个校区哟，比如江西理工大学还分为赣州和南昌两边呢。江西师范大学除了瑶湖校区也有青山校区。 btw，南昌大学食品学院不也来了青山湖么
长相较老且在南昌上大学的新生应怎样搭配服饰？,为什么你这么搞笑！！穿个貂皮带条金链。没人敢惹你了
考研，江西师范大学中国史与南昌大学中国史哪个值得考？,如果楼主这样说的话，那得看你是关注专业，还是学校的牌子了
江西大学和江西工学院的成立和被拆解的原南昌大学有没有关系？,我南昌大学毕业的我都不如你清楚啊，只是感觉还不如叫原来的江西大学呢
如何看待南昌大学2016年秋季运动会，建工负责的开幕式的女生的衣服？,我就建工的女生。。。。
南昌大学简称“南大”和泸州医学院更名后简称“川医大”有什么异同之处？,李明和王明是同一个班的孩子，在学校李明永远学习人缘都比王明好，班主任也更宠爱李明，经常说，小明，好东西你先挑，王明从来只会默默努力，做自己的中等生。有一天，王明在向大家自我介绍时说：“大家好，我叫王明，大家可以叫我小明。”这时李明不乐意了，我才是小明，你学习都不如我凭什么也敢叫自己“小明”？！！！
南昌大学有没有独立卫生间？,本部没有，医学部有
南昌大学医学院怎么样？,嘻嘻嘻先放张我们医学院雨后的景，烟雨朦胧    在全国医学院校排名30-40，坐落于南昌大学前湖校区的最南边，自成一院，高贵冷艳。学习气氛，环境很好，宿舍是四人间，独卫，很舒服。   娱乐吃方面只有一条小小的商业街(都不算商业。。。)。去本部要走两三百米到天健园去做电瓶游览车(好吃的都在本部商业街。。。泪奔~)   其他的也没啥说的，在这里可以安安静静的学习，毕竟学医就是要好好学习嘛O(∩_∩)O。  看到知乎有人这样说:是人才学校不会埋没你，但要是不好好学习出来混想靠学校的名声。。。就呵呵了，学医就更不用说了
怎么看"南昌大学学生自主保洁"？,这是广西民族大学的旧梗了，去年他们 就这么做过。 详情见： 广西民大改革学生劳动制度引争议 宿舍楼卫生脏乱     让学生负责校园清洁，这无论如何都是不合理的推卸责任的行为，无论校方给出的理由多么光鲜。 到最后，不出两个月，这种政策一定会被取消的。
南昌航空大学 招空乘专业女生身高要求？,我记得是162下限，172上限
请问江西省南昌大学会计专硕学费多少？,12000
在武汉理工和南昌大学之间怎么选？,如果你是抱着度假的心态上大学建议武汉，毕竟吃得多玩的也多，南昌是个无聊的城市。但是话又说回来，如果你真真正正的想读大学，就把你现在脑海里那些地理位置、大学名气都放下，认真读书的你可能一个学期也出不了几次校门，至于实力，南昌大学不论文理方面还是综合实力方面都远超武汉理工，这是事实。更何况就地理上来看一个中国大学最集中的城市里的中游大学（武汉是全国高校最多的地区之一）和一个地方上重点扶持的大学哪个更有前途你也心里明白吧。而且就算毕业你也照样可以选择工作地点 ，那时候再做决定也不迟啊
南昌航空大学的焊接专业如何？,毕竟开设此本课程的高校甚少，焊接在昌航怎么说也是名列前茅啊，学校王牌
刚考上南昌大学的研究生，想问问从山西运城到南昌有什么经济实惠的路线吗？,同山西运城，同南昌大学
南昌航空大学文科专业较农大怎样哪些文科专业强些?,南昌航空大学文科性专业较好的是英语，德语，法语专业，其他文科性专业优势不明显，毕竟该校还是以工科为主。农大显然以农学园林为主，所以一般性文科专业两所学校都不是特别突出。
江西农业大学南昌商学院怎么样？, 江西农业大学、南昌商学院，听着有点怪，商学院这名字是谁都能叫的？不太妥吧！  从今年开始，新生是在共青城郊区上学额。开荒、暖地皮！科科 
我是2019考研，报考南昌大学中国古代文学，怎样复习专业课和公共课？参考书应该是那些？, 南昌大学中国古代文学考试科目有政治、英一、626中国古代文学、875评论写作。  公共课复习，英语的可以在大三开始背单词 积累词汇量，政治建议当年八九月再看也来得及。专业课大三下开始准备应该也是来得及的，先过书，要复习全面，最好是理解记忆。  参考书目：国文学史(4卷本)，袁行霈主编，高等教育出版社2003年版；中国历代文学作品选（6卷本），朱东润主编，上海古籍出版社2002年版 
南昌大学食品学院宿舍地址？,嗯，我是南昌大学机电学院的。 我们学校挺大的，有两个校区，食品学院和我们学院一样都在前湖校区，宿舍具体地址我没注意过，但是两个宿舍区一个休闲广场，一个天健园，都隔的不远，如果是找人的话你可以在食品科学学院教学楼找，就在图书馆旁边，很好找。
南昌大学错过空调宿舍预定怎么办？,后面可以补吧，好像开学后会组织一次，不过这种问题直接问辅导员了
如何评价南昌大学信工学院足球队张钱峰的四年足球生涯？,不邀自来 没想到首评给了钱峰    ———————————————————————        以上是客套。我是前新传队长，跟钱峰一届。先说说信工学院足球队：一支球风硬朗，纪律严明的球队，有人认为是脏，我觉得信工不脏，脏的是钱峰。          信工足球队第一次跟我有交集是13年下半年，也是我大二上学期。学校学生会组织了一次5人制足球比赛，那时候新传学院还没有成立，我作为队长代表人文学院参赛。人文学院是文科小院，我们一路颠颠簸簸走到了4强，真的很不容易。半决赛之战，在南昌11月份的凄风冷雨中，我们1:4输给了机电学院，那一场，我被球打到了鼻梁，血流不止。下午是决赛和3，4名之战，我们与信工争夺第三。上午信工在与建工鏖战中元气大伤，我们则是溃不成军。中午回到寝室，衣服鞋子都湿透了，加之大比分失利，我身体不太舒服，甚至有点发烧，中午草草吃了点饭闷头就睡。下午球队在环游车上一言不发地到了天健园足球场，经历了上午的惨败，我无法动员起队员们，我心里已经做好了再次失利的准备，因为上午信工踢得真的很好。比赛时间到了，信工足球队没有来，他们弃权了，就这样，我跟钱峰的初次见面就被推迟到了下个学期。         大二下学期，学校11人制足球杯赛在5月份就要拉开战幕，各个球队积极备战，信工把我们作为热身赛的对手。那一战，我是边前卫，钱峰应该是中后卫，我不用直接面对他，跟他对位的是我们的前锋，一名速度型球员。我的责任是从边路撕开信工的防守，把球喂到我方前锋的嘴边。我在边路并没有受到很大的考验，突破和组织都游刃有余，但是我方很难攻破信工的防守。但是老天还是把我和钱峰的相遇安排的很俗套——不打不相识。那是一次进攻，我突破后塞给了学弟，学弟速度很快，甩开了身边防守的球员，门将身前只剩下了个板寸墩子（当时我不知道这个武僧是钱峰），这个墩子很笨重，不过动作相当狠，一个剪刀脚将学弟斩落在地，我是第一次在现实足球比赛中见到剪刀脚这么凶狠的防守动作，作为球队一霸，冲上去出头是理所应当。钱峰没有还手，我和学弟不依不饶，跟钱峰对骂了几句后被拉开了，钱峰被他的学长安排下场，钱峰一走三回头，惺惺地离开了。我当时觉得，这个墩子如果踢下去，不是毒瘤就是队长。         上面提到的那场比赛是我最后一次代表人文学院上场，不久之后，我在人文学院组织的篮球赛中摔断了手腕，错过了那一年的足球比赛。13年对于新传学院来说是重要的一年。在省里的扶持之下，新传学院重新成立，球队也从人文时代迈入了新传时代。         流水他带走了光阴的故事改变了我们。骨折后我静养了2个多月，对一切体育运动心生厌恶，身材已经严重发福，但是新的学院已经成立，我临危受命成为了新传第一届足球队长。我大三，曾经跟我并肩作战的战友几乎都在人文学院。由于13级新传只出产了一名球员，大部分的队员只能在大一招募，从大三上学期开始，我就带14级的学弟们训练，好苗子确实是有几个。上学期就在一场一场的训练中过去了，转眼又到了5月份，杯赛抽签结果揭晓，我们跟信工在同一小组。在比赛之前，钱峰主动加我，喊我宋球王，求我们轻虐。对于这种假示弱我也只能客套回去，问他们学院里是不是有名黑人留学生。他不否认这个事实，不过他说这名留学生是关系户，踢得很差，因为特别喜欢足球，在领导的授意之下才被钱峰收入队中，要不然饮水机都不给他看。他把这个故事讲得有鼻子有眼，我信了。在赛前安排战术的会议上，我没有把这个黑人留学生作为重点盯防的对象。大概上半场前20分钟的比赛里，我们顶住了对手水银泻地般的攻势，正是这名留学生在禁区弧顶位置打进了一粒刁钻的进球，为信工首开纪录，这粒进球让我们在南昌5月底的骄阳里彻底迷失了方向。我们下半场有机会扳平，我在禁区中圈附近拿球，给出了一脚过顶长传，我方前锋跑位合理，跑出了一个单刀的机会，可是斜刺里有一个狂奔的墩子杀了回来，把我方前锋铲飞，我印象很深，真的是飞了，在空中划翔然后落的那种。解围的那个墩子就是张钱峰，寸板还是一年前的寸板，不过钱峰又让我重新认识了一次。          那一年杯赛还有个插曲，就是信工学院举报建工学院和国际交流学院共用一个球员。因为信工出线后铁定会在之后的比赛中碰到国际交流学院，而国际交流学院是不可战胜的一支球队，信工学院是想把国际交流学院做掉，但是这又牵扯到建工学院，因此在队长群里引发了几场骂战，学校处理结果是丢车保帅，取消一个球员的比赛资格，保留了建工和国际交流两个学院的比赛资格。在群里兴风作浪的那个人就是信工学院的张钱峰，他对这次举报做了很多功课，甚至扒出了2013年5人制足球比赛时建工学院的问题。         大四那年杯赛，新传学院抽到了好签，我也终于在大学四年中体会到了首次出线的喜悦，不过我们在接下来的淘汰赛中折戟沉沙。犹记小组赛第一场我们面对实力强大的研究生院，钱峰在场边观战。虽然那场我们失利，但是后面在工作室中碰到他，他还夸我们学院的造越位战术十分高明，这次我还是选择相信他，因为这次我们场上不是对手。         我不讨厌钱峰，不过在南昌大学前湖校区这个球场江湖里，的确有很多人不喜欢他。钱峰应该说是一个特点很鲜明的球员，在对手看来，他狡猾，凶狠，脸皮厚，但在队友看来他应该是一个合格的领袖，愿意为球队担负一切的球员。能够做到在场上像魔鬼撒旦一样存在，这对于一个肩负着防守重任的后卫来说，确实是一个不可多得的品质。   附上一张16年5月新传足球队的合照，我是第一排右数第三个，被铲飞的是第一排左数第二个。（图侵删）  
南昌大学在河北招生吗？,当然，我就是河北的。
高考学美术的女生报考南昌航空大学和淮南师范大学哪个好？,安徽人告诉你～虽然我不喜欢南航，但相比较还是推荐南航
如何看待南昌大学团学时空各种各样的活动？,        与其呆在寝室打游戏，还不如跟着团几去 做游戏 。        上大学本来就很累，原因在于你没有找到方向，好多人大一大二过得很迷茫，到了大三才发现自己前两年没有好好学习而不能保研而且基础差考研又考不上，只能自己去找工作了。        南昌大学里最出名名的社团或者组织也就校青志协校学生会和团学时空了，团子发说说的频率很高，质量也不错，而且和大家也有很好的互动，卖萌装高冷样样行，在我眼里团几是一位 好同志 ，至于说搞活动还要拍照这很正常，我下午刚抢了一张周日晚上前湖之风论坛的门片，南昌大学电视台的还胖我拍照发说说呢，目的是提高他们在学校在同学眼中的 知名度 嘛
山东考生，西北农林科技大学华中农业大学湘潭大学西北大学南昌安徽辽宁大学选哪个比较好？,学金融财经去西北大学和辽宁大学
南昌大学校长周文斌是个怎样的人？,本人2014级，收到录取通知书时发现校长签名是周创兵。咦，觉得这个名字略微眼熟但又陌生（之前查过校长是周文斌），去查了相关资料，原来这是新校长的签名，不由得觉得这两校长名字真像，然后便知周文斌落马了！！！ ，刚录取的学校就换校长，不由的让我对周文斌充满了好奇，也带着这份好奇走进了NCU            ======================================================  1.最年轻最帅校长  2002年12月17日42岁的他担任南昌大学校长，成为江西历史上最年轻的大学校长。加上他外貌英俊，有图  难怪有这么多情妇  2.周大胆  在华东地质学院时，在江西南昌省会拿下一块地匹，迅速建造了一个校区，这种建校速度让他成为高校改革明星。最著名的是BOT模式（建设、经营、移交），在华东建设资金紧缺的情况下，他通过置换老食堂经营权引入社会资本，投入五千多万对老食堂进行改造。院里的老领导批判他这种模式太过大胆，他这样解释，“一个没有胆量的人是做不成事的。怎样才能有胆量呢？首先胆量是随着才气走的，其次无私才能无畏。”由此得到此绰号。  在南昌大学建校初期，由于资金不足，他直接提出撤掉老干部退休办，认为退休干部的很多费用不应该由学校承担，这个举措让他得罪了一大批老干部。身边的人劝周文斌尽量安抚好老干部，周文斌说，不怕，他来就是干事的，干事就要得罪人。  与此同时，他也提出了让一部分优秀的老师先富起来。他打破了此前南昌大学奖金大锅饭的传统，采取保低拉高的方式，调动了老师参与科研的积极性。（在校的时候耳闻几位老师对他的评价，褒贬不一，其中某近代史老师直接骂了半节课，某毛概课老师也暗讽多次）  3.有野心  2014年12月17日，公诉人宣读了一份周文斌于2014年1月28日写下的悔过书。书中称自己与南昌大学有一种特别的感情，自己甚至把它当做自己的‘私有领域、私家花园、独立王国’，自己本人就是这里的君主。称，“总觉得自己功劳大，待遇低，心里很不平衡，所以当别人给自己进贡时，感觉是对自己低收入的一种补偿，觉得心安理得，没有愧疚感和犯罪感。”  他的野心不仅仅是建成全国一流的环境高校，他渴望的还有自由的学术氛围。“我们从不缺乏对高等教育神圣的信仰，我们坚信大学应该成为一座精神的岛屿，我们恋恋不舍地回望蔡元培的北大时代和梅贻琦的清华时代，我们忧心忡忡于中国最好的高等教育时光已经过去。”努力让南昌大学的学术氛围回到蔡元培时代的北大，正是周文斌办学的野心之一。他甚至劝慰教师，“状态回不到蔡元培时代的北大，但我们的心态要回到那个时候的北大。”  =====================================================================  先写到这，六食堂吃饭去  =====================================================================  4.有亲和力  听学长、学姐说得最多的就是前校长特别平易近人。为了更多聆听学生建议，设置了一名学生校长助理，并开通了新浪微博时常与学生在网上交流，据说贴吧也有许多小马甲。  5.注重学术  “他从来不打官腔，只要是学术上的事，他从来都不干扰。在他的学校里做学术，会特别安心。”这位不愿具名的老教授说，一开始他对周文斌的印象并不好，直到多次接触后，才抛开成见。“他从这里省一点，从那里也省一点，但在引进人才、科研经费这里从来都是不惜血本。”  数学建模一直是昌大强项，周文斌在任时，曾自多次接见获奖的同学并自己掏钱鼓励获奖同学。  6.学识渊博  1988年获核工业北京地质研究院硕士学位，1996年获南京大学在职工学博士学位。  有趣的是，在1月20日的庭审上，周文斌说行贿人和受贿人都曾供述，行贿发生在5月，后来发现5月没有行贿款来源，双方笔录同时改为10月10号左右。根据误差理论，5月错到10月绝对误差为5个月，相对误差为50%;第二次1号错到10号，绝对误差10天，相对误差为2.8%。两个人分开审讯，误差率同时发生同样的巨大变化，周文斌称，“只能说办案人员串供”。  他在庭上进一步计算，行贿人和受贿人都交代说发生在5月份，后来发现都错了，这概率为1/140;发现5月没有取款记录后，双方同时又同时改为为10月，概率为1/20700。结论：如没非法取证，两次同时一致出错需做两万多份笔录才可能出现。  周文斌还引用马克思的观点发表质证意见：“任何一门科学，只有在成功地运用了数学之后，才算达到完善的地步”。他的辩护律师朱明勇称，周运用了概率论与数理统计、排列组合、误差理论，缜密地论证了指控证据的“荒诞无稽”。 看看这自信的微笑  ======================================================================  先写到这，话还很多，以后慢慢说~ 
2016南昌大学投档分数线555，为什么这么高？,2015年也这样……我2016理科一本线540，我570+进的。 是江西本地人的歧视，昌大对本省学生的招收已经放水很大了，作为一个211这分不高，而且以后在本省还有上升趋势，再加上这两年科研成果比较大（自行百度），所以这个分数线很合理。
南京大学「偷」了东南大学的石碑，干过这种不道德的事情，南京大学现在是否还能指责南昌大学简称南大？,相隔好久远的两件事情。当时搬走石碑是不道德，当时东南校区还不是国家文物保护单位，城管大队来了也可以，中国自古无道德，谁能搬走是谁的。站在东大角度上，文理学院1952年在金陵大学筹办南京大学，事后强拿些东西，算是一种比较野蛮的对母校的纪念吧。  关于南大简称，这事儿的确过敏了，南昌大学简称南大怎么不可以了，东大可以指好几所大学，不过北大的确只有一个，其他大学是不会去简称北大的，因为实力声望太悬殊了，会被人笑。  在简称上这仍然体现了占山为王的思想，只是南昌南开不在江苏省，想强压靠江苏教育厅是不成的，这点比较难办。  表面上看学校简称好像是不起眼，但就南大的反应看里面还有个名讳的思想在，因为我叫南大，其他学校都不可以简称南大，都要避名讳。原因嘛，说的是章程批准的早，其实是觉得南开南昌没有南京大学实力强，所以要避讳显示尊重。其实大学章程是用来定义大学职能和发展等方面的，纠结在前几行简称里，这个怎么说呢？  东南大学的章程被批准在南京大学之前，是不是南京大学章程中校史描述不能和东南大学章程相异？东南大学行政级别不低于南京大学，而且批准的早。章程是法律么？东南大学的前身自然排他，南京大学按道理只能去金陵大学找前身。  “东南大学是我国最早建立的高等学府之一。前身是创建于1902年的三江师范学堂，后历经南京高等师范学校、国立东南大学、国立中央大学、南京工学院等办学时期。1988年5月，学校复更名为东南大学。2000年4月，原南京铁道医学院、南京交通高等专科学校与东南大学合并组建新的东南大学，南京地质学校并入东南大学。2001年，被确定为国家“985工程”重点建设的高水平研究型大学。”  但是东南大学体谅金陵大学并入的文理学院，没有去借着章程说事。  如果拿学校级别压对方，批准机构级别压对方，这就太无聊了。大学章程的本意就是减少行政化，让大学自主。结果反而强化行政存在。这不是南辕北辙么？这可能连民国的大学都不好意思做。  说到注册，那是商标，规范的商业行为，针对的是商业机构侵权行为。请体会差异。  南京大学最希望的是人大常委会制定一部南京大学特别法，规定南京大学所用的一切在汉语中都不能被其他机构使用。说白了就是这个意思。教育部的人估计看了也无奈。  我们国家文化传统就这个调调，虽然可笑，但依然顽强存在。  鲁迅先生就借孔某的口回答过这类问题:读书人能说是偷么?  其实这句话信息量很大很大，有很多层意思，要好好体会。偷偷抢抢，抢到了就好，抢不到就不开心，这也太搞了。当年被赶出校本部的那颗心或许从来都没有平复过，希望若干年后会好些。  写这个帖子并不是针对南京大学或是金陵大学，只是对这两件事谈一下看法。  石碑的事情，现在东南大学四牌楼校区是国家文物保护单位，依据相关法律，是可以启动索要程序的。国与国之间尚且经常这么做，按照文物原地保护原则，是一点问题没有的。不过东大领导向来没有魄力，得过且过。  不过那石碑出现在金陵大学，这事本身就是此地无银三百两，隔壁王二不曾偷的即视感。  以上
南昌大学信息管理与信息系统考研方向?,去南昌大学官网查吧。
南昌大学医学部的宿舍，院校如何？,四人一间，听说有独卫
南昌大学药学考研好考么。。。。历年真题都找不到。。。绝望中。。。？,我们医学院自己保送的比较多，外校的考应该不难吧，找找师兄师姐
上海海洋大学好还是南昌大学好？,海大作为上海的大学，有一个机会，就是考其他名牌大学的插班生。科目是外语和高数。如果高考结果不理想，还可以通过插班生考试再去拼搏一次，考进复旦就是复旦的学生。南昌大学是211，但没有上海的这个机会。
南昌大学跟同类211比差在哪里？,嗯什么排名排到88？最新59去年77前年72。 昌大很差，过了一本线就能上，比江财差得远了呢，开心不？就算如此，既然是都知道的事，何必拎出来一再问呢？ 这两天看到首页上好几个问题，是咋的了，我昌大惹谁了么？ 分数够上哪就上哪 喜欢江财你去啊，谁拦着了咋的 对别人学校指手划脚的有意思吗 不要说我玻璃心 学校哪里不好我们自己心里有数 你在知乎上搜索“南昌大学”，有几条不是负面？南昌大学比同类211差，南昌大学比江财差，南昌大学为什么名声这么差，南昌大学为什么不受本省待见等等等等 一句话，招谁惹谁了？！ 我昌就是在知乎一瑟瑟发抖的小一本，谢谢。   
南昌大学是一个怎样的学校？,主校区面积很大，环境很好，食堂很多，就是在江西不怎么受重视。其实除了财经类专业，其他专业都比江财好
为什么南昌大学车祸造成这么严重的后果却一直不见媒体深入报道？,作为南昌大学的一个学生，学校里的交通情况看在眼里，确实堪忧。虽然现在有了防护栏还有限时段通行，但是单单校内的环游车就没有很好的受到管理，学校在安全管理制度上还是有很多问题的，只是不知道受哪些因素影响了
南昌大学一附院耳鼻喉科“咽鼓管球囊扩张术”是否是国外淘汰的技术，有无危险性，第一次发问，求真知？,首先说说我的情况，多年的内分泌型中耳炎，多次穿刺后仍然积水。医生让我鼓气吹发现咽鼓管完全不通，所以穿刺后不久又积水。  后来做了这个手术，由于还有鼻中隔偏曲，所以在手术过程中先做了鼻子隔偏曲，然后再继续做咽鼓管球囊扩张。整个手术过程还能接受，局部麻醉，虽然感觉瘆人但是不痛，术后一个礼拜出院。其实球囊扩张第二天就能出院的，不过因为还开了刀所以住院挂水。 术后效果，现在已经六个月了，医生建议我天天弄吹气，没有了积水的情况，听力也恢复正常了。但是咽鼓管的功能我自己感觉还是没有正常的好，有时候感冒还是感觉鼓气不通。 这就是我做这个手术的经历，希望对你有帮助。有啥问题可以私信我。
南昌航空大学代号8227是几本？, 谢邀，现在大学最差二本。 
南昌航空大学软件工程系好不好？,不好，别来，谢谢
南昌大学211 会计专业 gpa3.7 有去美国加州大学暑假交流经历 能申请什么英国香港院校？,香港的话，可以把香港中文大学作为target school. 然后城大和理工作为下一个层次的学校申请
浙江师范大学和南昌大学哪个好？谢谢 今天报名就截止了。？,浙师大
2017江西理科考生514能上南昌大学软件工程系吗？,可以 
2011年毕业南昌大学环保专业，毕业时未签三方协议，将档案、户口放在南昌人才市场，毕业后深圳从事一年环保工作。现在还能将档案、户口转到深圳人才市场么，能不能进行初级职称评定？,如果报到证没有报道，6月30号之前可以按照应届生，不然就是积分入户。
南昌有多少大学和多少大学生？,80w············
南昌大学管理科学与工程研究生培养哪一个方向好些？,看自己兴趣在哪里了，然后…剩下的看运气，是否能遇到好老师
南昌航空大学飞行技术专业靠谱吗？,谢邀 南昌航空大学飞行技术专业是2013年正式开始招生的，13-15是和上海吉祥航空合作，现在应该是和青岛九天合作，我是13级的现在刚刚毕业，说实话因为这个飞行技术刚刚成立，专业知识上确实不如飞院，南航的好，但是学校对这个专业确实是非常重视的，举个 ，我去年11月份回国，因为公司入职需要大学毕业证，学校老师为了我们尽早进公司接受培训，直接申请提前毕业，我们在1月份就拿到了大学毕业证，真的是为你的利益着想，我其他学校的同学却被自己学校各种刁难，什么毕业论文，答辩，转档案乱七八糟的，完全都是形式主义，纯粹是为了恶心而恶心，从这一点我就觉得我们学校不知道比别的学校高到哪里去了，在学校里学习的时候我们也没事总是吐槽学校这不好那不好，但关键时刻学校绝不给你掉链子，导员，班主任也非常好（ps：毕业论文神马的根本不用写）现在想想如果不是学校开绿灯估计现在还在家里呆着呢。  希望这些会对你有所帮助！
我刚刚被南昌大学应用化学专业录取，该怎么办？,有点不明白题主的意思。 既然录取了，那就去上呗，莫非不想去？
在南昌读大学周末可以去哪些临近的城市玩？,①九江 火车也不贵，二十出头，两个小时。周末的话去庐山玩，两天还是够的。庐山的门票和山上的住宿伙食贵一点，但是景色和氛围都很好。 ②武汉 火车票五十软妹币，五个小时。武汉也算是国内一个比较有名的城市了，很多小吃街，市区也有很多景点。  推荐城市是从火车票角度考虑的，时间充足的话，还是建议最好多玩几天。这里主要是给你一个方向，具体细节（比如说具体哪里好玩，路线怎么走）可以去查查相关的旅游攻略。 如果不限于城市的话，南昌周边还是有个梅岭可以走走的，除此之外我也不知道南昌有什么地方可以玩的了。
南昌大学科学技术学院旁边哪家花店比较好？,上海北路那里呀
南昌大学硅衬底蓝光LED在产业方面究竟能有多大的影响力？,百分之一都不到。
南昌大学医学院女生多吗？,简直不要太多，我是本部的，去一次医学院那叫一个美滋滋，从寺庙里到女儿国的感觉，到处都是大长腿
哈尔滨医科大学的医学与南昌大学的医学院哪个更强？,如果非要比较的话肯定是哈医大。 其实如果题主是江西人的话，以后就业也是在江西，那没必要跑得离家太远，选南昌大学就行。
如何看待江西“夺刀少年”放弃清华大学、澳门大学最终选择南昌大学？,反对前面的答案，有清华大学澳门大学可选的情况下却选择了南昌大学，非常非常不明智，他们 觉得自己的成绩只够南昌大学不够清华澳大，这种想法实在太天真了。  1.  高考说白了，只是进入一个更大的平台的一种方法而已。 事实上，进入这个平台有很多很多方法，就我现在能想到的： 1. 奥运冠军等运动员，难道他们能考进去清华北大吗？为什么人家就去的心安理得？国家对人家的肯定，人家当然有资格去。 2. 关系户，就我所了解的，奥赛国一不知多少弄虚作假，或者根本不走奥赛，高考300-400分进985的，或者家里有钱直接给大学大笔赞助而进的，太多太多了，人家这些差生进去，也没听说谁跟不上就退学了。 3.  破格录取的，比如以前某些数学考0分的，他们能考的上吗？这些人难道进入大学就跟不上退学了？进去选个合适的专业不就完事了？  4.  某特定时期的推荐，大多是什么英雄之类，这些工人农民莫非就跟得上了？ 对于夺刀少年这种生死关头，毅然向前的，我觉得这种勇气，绝对是个人能力的一种，莫非只有学习好才算个人能力？那种初中退学去创下一片基业的莫非就没有个人能力了？ 清华大学本身愿意录取，这就代表了这个平台对你能力的肯定，而高中学习好坏，仅仅是个人能力的一方面而已，人家清华澳大都肯定你了，你却自我否定。这真是悲哀。    2. 人往高处走，连尝试的信心都没有，怎么发展。我觉得一个高中生，不可能想的这么多，他的父母可能碍于见识也就算了，他的校长也劝其放弃清华，晕了，这是误人子弟啊。 年轻人，就当锐意进取。 难道太祖当农民的时候能想到自己君临天下吗？朱元璋当乞丐的时候知道自己有多大能力吗？朱元璋当乞丐的年龄应该跟现在的高中生差不多吧？你不去试试，你怎么就知道自己不行？  3. “去清华北大的都是尖子生，怕到那被人嘲笑，学习跟不上。”这种说法就更搞笑了，你到了大学自己学自己的，别人干什么管他们了，尖子生怎么的了，他们爱学习多NB就去学多NB去呗。这个社会的天才多得是，也没见谁因为有这么多天才就活不下去了。自己学自己的就完事了，只要努力了，倒数第一又如何？我听说黄冈中学的实验班全班都能上985，莫非人家的倒数第一就失去自信了？全国的教材都那么回事，在南昌能学习在清华就一样能，只要考及格了谁能挡着你毕业？  4 清华澳大的平台，绝对不是南昌大学之类可比的，这真不是看不起南昌大学。在我看来， 顶级城市的顶级高校，在资源方面实在是强太多太多了。这些东西，完全不是狗屁大学排名能反映的。 我个人本身也是一所地方985学校毕业的，而且在一个国家重点实验室读完博士。但是在来某个大城市的研究所后，仅仅才一个月，就已经深刻感受到了不同。同样是国家重点实验室，不论是眼界见识，还是交流机会，都差的太多太多了，这边一年N多出国开会的机会，原来那个实验室，开个国内的会议都觉得难得了。 一个NB学校，毕业的时候有大批的企业来招人，只要你能毕业，就有人要你。 比如我原来所在学校，汽车专业十分之发达，该专业学生只要毕业，甚至连四级都不用考，就可以进南车北车大众等。一个NB城市对于某些专业的重要性就更不用说了。   5. 一个学校的氛围对于该学生的影响之重要，我觉得很多人都清楚吧。就像刚看到的一个哥们回答去google工作的体验，“ 在谷歌 (Google) 工作是怎样一番体验？ ” 。你周围优秀的人会影响你，让你也不断进步成长。而在一所平庸的地方，周围都在DOTA，玩，这肯定会影响到你。最后，有很多高中的天之骄子在大学都陨落了，肄业的，延期的，退学的多得是，那当年高考都一个比一个辉煌。高考成绩，最多只反映了智商而已，在很多情况下，智商的差距并不那么重要。 看到这则新闻是比较气愤的， 看到上面的回答也比较气愤，一口气写了好多。。。怎么就学习不好还没资格去一个更好的平台了？？？ 汉朝的开国功臣貌似有不少都是一个县的老乡吧，一个县城能出这么多人才，平台是极为重要的一个原因 。  最后的最后，还得再吐槽下无关的话，智商在大多数行业都不重要，但是在科研界，真的是非常非常重要。。。
武汉大学预防专业毕业和南昌大学临床专业毕业，哪个比较好一点儿？,临床
考研，新闻与传播，陕西师范大学与南昌大学选哪个更好?,个人觉得，两个学校都差不多吧，报考志愿时也考虑过南昌大学新闻学，在网上了解，南昌大学的新闻学也挺好的，好像还是品牌学科。  我来说说陕西师范大学吧。陕西师范大学新闻与传播学院建院于2000年，是西北地区首家以学院建制的传媒教育机构，也是首家招收博士的新闻学院。学院现在是中共陕西省委宣传部和学校共建。学院有2个自主设置的博士点：文艺与文化传播，媒介与社会变迁；硕士学位点8个：新闻学、传播学、文艺与文化传播学、广播电视艺术学、新媒体艺术学、电影学、戏剧戏曲学、影视批评学；本科专业5个：新闻学（省部重点）、编辑出版学（冷门但实力较强），网络与新媒体（去年的评估居然进了全国前十，我都觉得诧异）广播电视编导、播音与主持艺术（个人觉得学院播音老师还是蛮有实力的）  学院在2012年教育部学科评估中，新闻传播学位列全国19，西部第2（西部第一川大，膜），西北第一。  个人觉得学院给提供的机会都比较多，校媒比如陕西师大校报，陕师大电视台，这些都是可以锻炼能力的地方。 因为陕西师范大学正在改革，朝综合性大学发展，所以，新传院这边还是得到点重视的。学生的培养方案也越来越合理科学，实践课也比往届多。学院的师资力量方面，在全国范围虽然算不上很好，但是最起码在西北地区可以排在前列。  整个西安的媒介环境氛围可能比不上沿海城市，因为经济发展决定着传媒业的发展水平，西安的经济目前还是比不上东部发达省份，离成渝也有一定差距。西安也在发展，新的市委书记王永康到任后，一些重大的工业项目先后落地西安，城市管理方面也有进步，未来赶超成渝还是有希望的。  欢迎报考陕西师范大学  以上。
南京大学和南昌大学简称之争大家怎么看?,这段时间沸沸扬扬，我就想说大学简称重要吗？该是哪个学校还是哪个学校
如何看待南昌大学被湾里区坑之后无能为力？,作为以后可能会在湾里生活的小百姓，只能说区政府只为自己圈钱，不为以后打算，
南昌户籍，在广州读大学，可以考南昌的公务员吗？,江苏、山东、北京、上海或许限制户籍，一般的公务员考试不限制户籍，放心考吧。
我是今年的高三艺考生 走空乘 想问一下是选郑州航空工业管理学院还是南昌航空大学？,这两个比的话，真心郑州，原因不方便说。 
南昌大学物理学值得念吗？,说实话，除了最顶尖的那几个学校之外，其他的985 211在我看来都没有多大的区别，老师的水平也都差不多，可能唯一的区别就在于学校是不是有足够的资金提供支持实验设备来做一些课题。我建议还是去读吧，如果真的是有物理梦想的话，不需要在乎本科是哪的，在物理方面会发光的人迟早会发光。 另外，我个人是不建议复读一年的，大学中的一年受到的锻炼是远远胜过高中三年的，何必去浪费这一年来重复一项没有太大意义而且可能有风险的事情呢？当然，如果你是有自己特别想追求的某学校情怀，那另当别论了。
在南昌大学护理系读本科是一种怎样的体验？,大家都来说一说
刚毕业的高三学生填志愿的纠结，云南大学和南昌大学级别和录取概率差不多该选哪个？,泻药，匿了，南昌大学毕业的云南妹子一枚，高考报志愿的确很伤脑筋，这个嘛，也没什么好纠结的，不过的确用5到6天的时间报个学校，报自己18年以前从未接触或者说接触不深的专业来说的确挺伤脑筋的，更重要的是这个决定很大程度的影响了之后四年的大学生活，人生观，甚至事业，所以，非慎重不可。 以下观点很主观，因为是我从赤裸裸的血泪史中总结出的 1.反正都是省部共建的211院校（除去985的211院校也是有差别的，省属和完全部属），至于差别吧，慢慢发现。 2.上大学是为了就业，以后自己想在哪工作，最好就近选择，这个嘛，不多说了，说多了都是泪，南昌大学在云南不像南京大学这样名校这样普及，很多家乡人对南昌的映像还在于南昌起义，但是要说云大，云南人都认识，哈哈。如果以后想在江浙，江西，广东一带工作的话，去南昌大学可能会有地域优势吧，同理，不解释了。 3.简单的介绍一下南昌和昆明，南昌周边的交通还行，去哪动车高铁挺方便，昆明周边的交通，快只能飞机，其次开车，在其次火车，这个不解释，不过沪昆高铁马上就开通了，不过那票价嘛，此处省略一千字。气候，昆明完爆南昌，不解释，南昌已经入选不适合人居住的城市之一。昆明的夏天不开空调是可以过的，在南昌没有空调电扇连睡眠都是个问题。还有个我得吐槽一下昌大的食堂，只能说在云大食堂很好吃关键很便宜，这是真的。 4.以上几点都不重要，专业，专业，专业，重要的说3遍，不是985都别选择学校而不挑专业，对于选择211来说专业才是王道，昌大和云大的侧重点不一样。昌大最好的专业是食品和材料，尤其是食品，排前3？还是已被赶超，不得不说江南大学的食品才是老大哥啊。 好好思考，别学我读到现在，已经换了3专业了。 以上
本人艺术生 今年高考 我想问一下 南昌航空大学和郑州航空工业管理学院 选哪个好？, 你是哪里人如果是江西人  想出省就郑州咯  不想就南昌咯   南昌航空大学个人觉得还是不错的  我也是南昌航空大学毕业的   我虽然不怎么喜欢南昌这个城市  但是南昌航空大学 我还是比较喜欢的  南昌航空大学是本科   南昌航空大学有两个校区的   如果是老校区  你就考虑郑州吧  哈哈 
南昌大学共青学院怎么样啊？环境还行吗？, 能不去就别去吧 
南昌航空大学的飞动 飞制就业怎样 机场会直接进去招人吗？,见过深航、海航、洪都航空、厦航来学校招聘，其他的不清楚。
南昌大学将“南大”写入章程，属于侵权行为吗？,李明和王明是同一个班的孩子，在学校李明永远学习人缘都比王明好，班主任也更宠爱李明，经常说，小明，好东西你先挑，王明从来只会默默努力，做自己的中等生。有一天，王明在向大家自我介绍时说：“大家好，我叫王明，大家可以叫我小明。”这时李明不乐意了，我才是小明，你学习都不如我凭什么也敢叫自己“小明”？！！！ 
你对“南昌大学发封口令：讨论周文斌者记过处分”怎么看？,没怎么看。研院生食这边没收到通知。很多学院都没有收到通知。我觉得这事挺蠢的，既然被曝光了更没必要继续下去。
在南昌大学（NCU）读书是怎样一番体验？,好吧，作为已经毕业的学生我来讲讲昌大(最近是不是又开始叫南大了?)的故事。南昌大学出生于1993年，记住校徽上的1921跟昌大整体没有半毛钱的关系。那是医学院的校庆。所以就发生过校本部05年刚过65大庆，结果11年直接奔到90，且医学院校区基本上师生漠不关心，校本部张灯结彩，这种人间诡异的景象。另外所谓中正大学这个名分我昌跟师大一直争执不下，笔墨官司，甚为无聊。历史的真相是江西地区解放前却有一所国立中正大学，共军进城次日，学校在你懂的因素下改名国立南昌大学，后来院系调整，这种血统不纯的反骨仔当然要被肢解，学科分给武大，华工，厦大，当然留了一部分就是今天的师大。好了无聊的事情到此讲完，个人认为当初有胆量改名字，今天就不要再为这个喋喋不休了，更不要较劲脑汁，攀龙附凤。纠正校庆纪录片一个明显的错误，中正医学院在南昌呆过，后来一路西搬，接着迁台，与我江医没有历史渊源。如果学校在校史方面都不能公正客观，那么，学术。。。说歪了，收回。我昌的前湖校区建的是不错的，设计布局合理，景色优美，适合人约黄昏后，相约前湖畔。代价是几十年繁重的贷款压力。这直接影响到教师待遇，科研经费，还有教学资源的维护更新。比如伟大的校门，已经闻名海内外，图书馆的楼外面也是气宇轩昂，但这个馆藏内容。。。说多都是泪。至于电子数据库，本人学渣，不了解，欢迎补充说明。笔者刚来现在就读的学校，初到新校区，觉得你们都是战五渣，我前湖完爆尔等，直到看见了图书馆，进去一圈，不再说话，反思良久。我昌学生基本分3播人，高分外地党(如山东，河南)基本上刚来很兴奋，见识过我昌民风后便不断开始吐槽，一般学霸多出于此，我昌"政界"也是此类人的天下。本土高分调剂党，满是委屈，无处诉说，入学后便励志考研，以报高考折戟之恨，入学后对各类加分政策烂熟于心，大一就开始打探考研信息一般对公共活动兴趣不大。第三波本土低分飘过，进来已属万幸，按部就班自由选择是当学霸还是同笔者一块做学渣。至于每个学院，欢迎补充。经管很活跃，信工略屌丝，医学院自命清高，长期呼唤公平，艺设多美女，生食貌似高大上 。。。至于未来的道路，要看你四年选择了什么样的生活，每年申请上全美TOP50的大有人在，国企央企民企甚至自主创业从军都是不错的选择。当然后街网吧小宾馆也是一种生活方式，个人自由吧。离开学校有几年了，怀前湖一块逃课DOTA的日子，铭记前湖之风的人文情怀，前湖之韵也去冒充过高雅人士，为挑战杯拉起草台班子，还有校辩赛激情与理性。母校我有太多的嘈点希望它能走在一条正的轨道上，不要再纠结简称，校史这些浮云，你今天的奋斗，就是明天可以大书特书的历史。我硬件已经无敌，希望大楼盖好10年后的今天，新的思维，新的作风，培养自己的大师。当然不是王林那种的。我期待着。        &#13; 谢绝转载，尤其是人人和豆瓣。
南昌大学管理科学人多吗？,不多，六七十个人
南昌大学 会计专业均分87 能申请到香港或者英国什么大学？,如果还申请会计，金融类的话 英国：你的均分不错，少部分院校要GMAT比如LSE这种，爱丁堡，巴斯，曼大，杜伦你可以申请。 香港：除去均分外，香港的学校也有部分要求GMAT，看重工作or实习，这块好好弄下。
在南昌大学就读就读是怎样一番体验？,还好。 我在北区。软件学院。环境不是很好。 前湖环境不错。很大，青山绿水。 美女也多。 北区实验室很多，材料和食品都在那里。
南昌大学 会计专业均分90 能申请到香港和英国什么层次的学校 尚未考雅思和gmat,英国院校来讲，GPA挺不错的，基本上除了G5都可以试试，G5里面的UCL也可以试一下，建议申请Bath（有工作签证） 剩下的重点推荐Warwick和Edinburgh【前提是你有雅思成绩后】 香港部分，都可以试试，但是前提是GMAT ······················································································· 能不能申请上主要看经历，以上推荐建立在你的在校经历不弱的基础上
如何看待南昌大学硅衬底Led项目获得2015国家科学技术发明奖一等奖？,一个挺低调的211大学能干掉清华北大得到这个奖，一个大写的牛逼！！
天津考生，大学想学金融或是计算机科学与技术，云南大学、南昌大学、安徽大学应当如何选择？,占坑，下午填完志愿再答
我是江西文科生，我是去浙江工业大学还是南昌大学？,文科生去工科学校干啥
你在南昌大学度过最好的一天是怎样的？,谢邀~ 本人大一，经济学。上学期课特别少，算是经管学院课最少的专业了。 周一到周五 6:30起床     6:50-7:10操场晨读 吃早餐-上课，没课就待宿舍，思考中午吃什么~  玩玩儿手机看看书（很少），写作业喽，大英高数还是有作业的…… 中午已经很少按时午睡了，因为有时下午有课 13:50就开始下午第一堂课，12:10下课，吃完饭，午睡时间不太够（挤一挤其实是够的~(&gt;_&lt;)~） 晚上23:00熄灯，尽量早点睡 其他大概一周去游一到两次泳，学校游泳馆很不错~其实主要是觉得那里洗澡舒服又可以用大功率吹风机~！！ 暂时写这么多啦~  想到再更~  附一张南大的天空 现在才看清问题，还以为问的是在南大是怎么度过每一天的╮(‵▽′)╭ 基于以上，课满然后又游了泳的一天，总之充实的一天就是我觉得最好的一天(*˘︶˘*). 
2017高考江西考生考了523分能不能上江西财经大学或者南昌大学？,它们还是有二本的，放心吧
有没有人知道南昌哪里有学catia的培训班啊~有没有离南昌大学近一点的?,网上教程一大把，自学即可。 机械原理，工程制图，材料力学，汽车构造，汽车理论等等这些课程比3D软件更重要。
南昌大学和上海海洋大学的食品专业哪个好，考研的话去哪里。？,食品专业显然是南昌大学好。
南昌大学的法学专业怎样哦？,首先，请称呼昌大。  其次，如果不是刑法专业，可能还不如本省某财经院校。
南昌航空大学如何？,还不错
本人高二狗一枚想要报考南昌大学江西医学院？,现在这情况，建议不要学医
南昌大学（211），上海非211一本，计算机类，怎么选？, 1、南昌大学本身的计算机类相关专业并不是其优势专业，这意味着学校并不会在其中侧重投入优势资源。虽然南昌大学作为211，在就业上会有一定优势，但是并不见得会有太多IT行业会在南昌大学办专场招聘会之类。所以在面试的时候虽然有一定有优势，但是在毕业季的时候面试的机会会少很多，效率也相对低。  2、计算机类注重实习经验，在这点上来说北上广深的学校更容易获得实习机会，在之后的择业就业上有更多选择。所以如果有机会的话请选择北上广深的高校。而且个人感觉上 北京&gt;深圳&gt;上海&gt;杭州&gt;广州（可能这个排名后三位不太准，毕竟是个人感觉）。但是在你要选上海的一本的话，也要看是什么高校，要是那种刚升上一本的不知名高校，或者本身计算机类也很贫弱的学校，个人也是很不建议去的。毕竟要考虑性价比的嘛！  3、有其他问题请发到评论区，描述问题务必清晰、完整、明确，否则拒予回复。 
西北农林科技大学，安徽大学，东北大学秦皇岛分校，辽宁大学，华东政法大学，南昌大学比较一下？,华政比那几个高很多吧。。
南昌大学通信工程的一名大三的学生，不想考研，不知道现在想要学什么，能够最后好就业?,转码农
如何看待南昌大学简称定为“南大”？,13/07无奈的更新: 竟然有自称是“我昌学子”组队来怒斥我数典忘祖。@%&amp;$＃好了，我不说脏话。如果你们真是校友，我再语重心长的说几句。衡量这个决策是否正确，就看我昌能否因“南大”这个简称而获取显而易见的无形资产。能吗？如果你说历来民间如此称呼、“蓝鲸”太霸道、娼实在说不出口、还有小明这个让我无奈的梗，我原文写到，你民间怎么称呼，开心就好，口顺就好，如果你出省也自称“南大”毕业，没事，碰几次壁，被白几次眼，估计你们也就老实了。文最后写了我曾经的一个尴尬，你们自己设身处地的想一想，如果是你，你当时是什么感觉。我们的焦点始终是学校官方搞出这个没头脑的决定，母校继“自主保洁、校园车祸、食堂天花板坠落、前校长受审”后又一次以负面形象出现在世人面前。因为这个决定改善了高考招生？壮大了学校声誉？还是提升了全国排名？最掏心窝子一句话是:这场闹剧对在读我昌学生在将来职场上、在研究生录取上的形象损害是无可估量的啊！有些世俗对我昌的偏见，你们从前湖的象牙塔里走出来后才能体会到，只有毕业后，才会发现，自己从未像现在这样爱自己的母校。我们在其他学校的言行举止，无时不刻的代表了我昌。那些说我嫌弃母校的同学，如果你仔细看完我的全部文字，还是这个看法的话，我觉得我们没有什么交流的必要了。 07/07看到撕逼越来越厉害，尤其是微信，我实在忍不了了，再次更新: 这个问题南大的学生大多想法是“实验室很忙，文章被拒了，没空搭理你，你开心就好”。我昌的学子是“哇塞，什么时候搞得校内民意调查啊，我们又被代表了，简称这个事校长脸皮这么厚啊。”对部分义愤填膺的南大人士说:文章发了吗?能顺利毕业吗?要延期?那还不赶快干活去！对觉得委屈的昌大人士说:学校犯二不是我们的责任，要想别人尊重，就先必须拿出让人尊重的成绩。觉得校领导傻逼是吧，多少年前我早发现了，好好看书复习，外面的广阔世界欢迎你们，包括南京大学。 07/05更新: 这件事最生气的地方在于学校声称是走访了校友师生后综合得出的意见。尼玛，在校学生没几个同意这么折腾的，有哪个机构在学校里抽样调查了？校友会里面开会通过了？特别是像我们这批这种双重身份的，哪怕发个邮件来沟通下，没有，全部都没有。一拍脑袋，高潮迭起，我们高大上了，我们“南大”哟。莫名其妙，又被带了个表，实话实说，我们在南大读研的这群人，自觉出来就代表母校，代表昌大的本科教育水平在南京大学继续学习。这狗血的事情弄得我们在学校里非常尴尬，有种后背中枪，后院失火的感觉。我昌改名能得到哪怕一丁点好处吗？对不起，没有。 我仍以母校为荣，但是是“昌大”，谢谢。  原文: 这件让人尴尬的事情说来话长，我先讲个故事吧，都给我搬凳子坐好。1993年我昌在某江西籍前任常委的关怀下，用当年省委装空调的钱力促复校，校史攀附“国立中正大学”(然而这又是一件跟江西师大撕逼的事，暂且不表)。老爷子三顾茅庐，请来清华某院士就任校长回乡支援老区教育，并拿下211，好吧，真相是每个省都有一个。当时我昌是个三无院校“无博士点，无国家重点学科，无国家重点实验室”，好惨呐。。。院士老人家总得来说呢是个做学问的，不大擅长行政管理，耄耋之年不敢跨越发展，时不时还要回清华的实验室盯着，所以前十年，我昌发展缓慢。好了本文第一个周校长出现了，老周是玩核物理的，博士毕业于“南京大学”，没错，是南大。02年继任，风云际会，狠狠的利用的当时南昌市要建新区的政策，以白菜价拿下3600亩地，贷款30亿，花8个月建成基础设施冠绝国内的新校区，05年吞下江西医学院，成功把校史向前推到了1921年。老周看来硬件已经无敌，校史修改完毕，下一步轮到立学校的“精气神”了，作为南京大学的学子，称南昌大学为南大，老周是拒绝的，于是改成了“昌大”。固校歌唱到“巍巍昌大”。从2003年到2014年，这11届学生已经潜移默化，出去都会自信的说我是昌大的，我以昌大为荣，昌大日后也会以我为荣(提前剧透下，后面有神转折)。老周是当之无愧的昌大创立者，学校在他治下成绩突飞猛进，“坑”来的外省高分考生日益增多。第一个转折，你知道我们建新校区花了30个亿是吧，要还的是吧，有利息的是吧。极端的情况时，我昌的学费收入每年还完贷款的利息(注意是利息)就不剩多少了。教学资源维护怎么办，人才引进怎么办，教工集资建房怎么办，多少人要养啊，我昌暂时还没有杜厦，郑刚这种土豪校友。只有卖老校区、利用校办企业赚钱、办独立学院等方法了。在天朝官吏分两种，不干事混日子，但不犯错误的庸人。还有真干事的能吏，可悲的是如此大环境下，要干实事就必须跟流氓、黑老大打交道，慢慢的自己就下水就成了流氓。老周就是这个悲剧。昌大学生怀念他最重要的事情就是他在关键时刻维护学校利益，不怕死的怒拒了时任省委领导的要求，接盘一家巨亏的港资医院。悲剧来了，在黑老大即将高升国副级时下令以贪污罪抓捕。可笑的是，现在黑老大已经是家喻户晓的死老虎了。。。老周是从校长办公室直接带走的，不知道当时在离开的车上，看着自己花十年在赣水之滨建起来的巍巍昌大，眼泪是否含着泪水。多年以后，当人们回顾南昌大学发展史的时候，想必会想起老周含泪被带走的那个下午。老周走后，学校网站上立即消失了他的名字和照片，我指的是校史和以前的新闻报道。辛苦了，新闻中心的苦逼同学们。一年后，当老周出庭的时候，法庭下昌大法学院的学生在旁听，公诉人团队大多毕业于我昌，他们毕业证上，全都写着这个人的名字。一位公诉员苦笑:“果然，今日昌大以我为荣”。不胜唏嘘。 第二个周校长出现了，姑且也叫老周吧。老周是河海毕业的，学术上973首席，行政上武大副校长，踌躇满志上任，力图一切向先进代表武大看齐，所以前湖有人自嘲自己为武汉大学南昌分校。比如医学院太小了，叫医学部吧。学分制，自主保洁，前湖学院(类似匡亚明学院)，教学改革风声水起。这个老周不是南大的，这个老周有一颗刘道玉的雄心，怎么能叫昌大这么low的名字呢，我们要自信一点，我们也是南大，我也是南大校长嘛。学校里原来的牌子全给我换了。小生斗胆批评一下，这完全是好大喜功，不自量力，让前人的辛苦白费，损坏学校的形象。江西人民称呼南昌大学为南大，口语习惯，无所谓，开心就好。我昌毕业生去外地找工作不会脑残到说我是南大的。公司HR看简历也不会混淆彼此。但是！学校的章程官方认定是不妥的，这下引起的争议对学校声誉的伤害是巨大的，完全是一个头脑发热，不经思考的错误决定。当然，我昌这种行为并不是要占南大的便宜，只是没经过大脑，新任领导好大喜功而已，跟“川医大”有本质区别。 最后再讲一个我的故事，09年我和同学来南京玩，途经鼓楼校区，欲在食堂就餐，当然没有饭卡，阿姨说有南大学生证就行，我二逼的条件反射拿出了我昌的学生证，那阿姨的眼神，自行想象吧。被鄙视后，俺恨恨的在汉口路22号门口指着老毛龙飞凤舞的“团结紧张，严肃活泼”道“小弟我还会回来的”。如今我在郑钢楼某个厕所里蹲着码完这么多字，表示脚酸到起不来好不好。 利益相关本科:南昌大学，研究生:南京大学。这件事整得我们这批人很是尴尬，千万不要撕逼成又一个“川医”之争。跪求。。。 目前来看，一切都还好，暂时没有这个动向，泸医的小孩能被校领导忽悠去示威游行，反对川大霸权，今夜我们都是川医大人。。。如果我昌领导这么干，放心，前湖四万学子，没人会去的。
18年考研，南昌大学的现当代文学和江西师范的哪个更好？,这还用比较？肯定南大啊，211不考？作为师大学生，劝你不要考师大，不然你百分百后悔
南昌大学读研是一种什么感受？,南昌大学特别漂亮，我想考还考不上呢。 
南昌大学控制科学有哪些好的研究生导师或者老师？,干嘛邀我。俺不是南昌大学滴烟酒僧呀。不过可以通过本校学生打听一下嘛。好好选，选对实验室和导师对于三年真的影响很大。
2016届江西文科考生过一本线20分，录到南昌大学人力资源管理，但不想去，想复读，家人大多阻止？,表示我超一本83分录了南昌大学。。。
南昌大学的临床医学好吗？,刚刚毕业找到工作。7-15号就要去报到的影像科毕业生来回答。 学校12月份有零零散散的招聘。就是单独几个医院来学校，申请某间教室进行医院基本情况讲解。毕业生如果感兴趣可以咨询问题，投简历。我们班有一个男生，参加了这次招聘。通过了医院的笔试，面试。笔试是三基试题，面试是通过询问了解你能否长久留在他们医院。笔试内容不拘泥于此，面试则基本相同。 3月份有一个大型招聘会。在省体育馆。凭票入内。大概有100家医院。有的医院直接签约。有的医院留下简历，经过筛选，电话通知笔试面试时间。我有同学直接签约了。我参加了一个医院的笔试面试。笔试内容是医院自己出试卷，同去的同学都做的很糟糕，但是都通过了笔试。面试是科室主任询问专业问题，自我感觉回答很好，同去的有一个被刷掉了。 这些医院，以县医院，江西省内市医院，浙江省内市医院，湖北省内市医院为主。有的医院明确规定要研究生。大部分对于本科生很欢迎。我周围的同学，有就业意向的，基本都就业成功。当然，他们对于工作的满意程度就没有那么好。
江西理工大学是不是要比南昌大学好一些？,这个玩笑开的太大了
南昌大学（中外合作）与南昌大学有什么区别？,请先回答我，题主询问的是临床那个中外合作么？？我只了解这个。
为什么江西本地人都比较看重江财和江西师范等大学，而对南昌大学感觉没那么重视?,作为江西本地人回答一发，就以2012我高考那年文科分数线为例，昌大刚过一本线就可以进，可以选专业;而江财要高一本线15分才能进，没得专业选，我一同学被调剂到广告学=_=，20分以上才能在你填报的五个专业中调剂，好专业至少高35分以上，我们那年高35分意味着文科605分！
今年去南昌大学就读，当地环境如何？,在昌大两年了印象只是越来越差
江西2016理科462分可以报南昌的什么大学？,题主 大学加油呀 
除了南昌航空大学的首任校长设计出过飞机，还有其他大学的首任校长设计出飞机吗？,谢邀。  据我所知，除了昌航的陆老外，各大航校的【首任校长】似乎是真没有担任过型号总师的……   不过现任的倒是有一位——沈航现任校长杨凤田，歼-8D/F型号总师。
南昌航空大学的妹子怎么样?,9月初送儿子去昌航报到上学，校园里的漂亮妹子确实有，皮肤确实还都是白净的，心里担心儿子会被江西妹子迷住，不能好好读书！军训集合第一天看见儿子班上的5个女孩子我就放心了，儿子肯定不会分心的！
怎么看待南昌大学自称为南大一事？,南开依偎在天大的怀里，对他说：“你看，他们又为南大这个名字争起来了。。”  天大拍了拍南开，说：“小傻瓜，我的心里只有你一个南大啊～～”
在南昌大学就读是怎样一番体验？,2017.7.15凌晨更新 首先谢谢看过我答案的各位，也谢谢评论区的朋友们，我不擅长在网络中交朋友，心里有感谢和触动，但是不善于向陌生人开口。但是看到我的观点能得到支持，或者引起你们的共鸣，我很开心。谢谢。  写下这个答案的时候我还在读大二还是大三，中间由于我自己的原因我隐藏了这个答案，现在我已经毕业，并且顺利地考上了研，这个答案也重新开放。我对南昌大学的感情仍然不变，甚至可以说更加深厚。我眼看着南昌一步步在发展，也看着我的母校逐渐获得一些荣誉和关注，我很高兴。而且我一直很信一句话，叫风水轮流转。也许此刻南昌大学依然是所知名度一般的大学，但是未来的某一天，它会扬名，它会迎来很多为它带来荣誉的人。如若没有，那么时间也许还没有到，也许每个在这里度过大学时光的人还需努力。但是努力的形式又是多种多样的，我去深造也许是努力，其他人选择工作也好，大家都是在努力的活着，尽力把自己的人生过好。等什么时候，我们发现自己的人生有了对得起付出的时候，我们其实已经成为这所学校在世间的一种映像，在我们身上反映出的是这所学校的气质和风采。同样的道理其实不限于大学，我认为应当适用于任何地域性话题。正如我在毕业旅行时游览江西省时所感悟到的一样，大自然的山水一直默不作声，但是它们永远掌握主动，如果它们想要雨，它们就有雨，如果它们想长成另一种姿态，那么即使历尽数千年数万年，它们也能长成自己希望的样子。我愿以此与各位共勉。  以下为原答案：  南昌大学在读。 高考完可以选别的普通一本，但是水平问题，211里有喜欢的专业的只有这儿了。 大一有点不适应，但是几个月就好了。感慨过赶紧毕业离开这个烂地方，但是不知道什么时候起觉得来这里太好了。  回北京的时候同学聚会，感觉他们的生活都很精彩，精彩的很亮眼。年轻男生女生聚在一起各种high什么的，活动很丰富，觉得这才是大学啊。可是想到自己，还是觉得我继续这样生活就好了。每天上课，下课，和朋友们聊天、畅想，下雨了一起撑起雨伞，夏天到了和室友穿一样的衣服，有开心的事情一起去吃火锅庆祝，有点不知所措了就在马路上漫无目的地散步。没有过多喧哗，内心平静、自由。  我在学校里可以选择张扬也可以选择静默。  南昌大学校园很大。每次不太高兴，听歌从教学楼走回宿舍或者顺道去商业街逛一下，感觉就又舒心了。这里的商贩很淳朴，多是本地人，貌似东北那边的人也不少，和他们攀谈的时候很自然。这里的街道总有些石砖翘起来，下雨天需要小心避开，而且下雨总是一直不停，又阴又冷。这里的教学楼普普通通，教室也说不上设备先进但也不至于影响教学。 这儿没有我听到的那么差。  如果你说师资力量，我想说你先问问自己有没有那个实力要求顶尖的师资。 如果你说硬件设备，我也经历了对不够整洁的教学楼的厌恶，但是我终于觉得这一切都很好，起码说明这里有太多的人来和走，去和留。 如果你说宿舍不够干净整洁，我看得到的却是每天两次认真打扫的保洁阿姨，和每次遇到他们时都会微微弯腰的同学。  我觉得不断的有人诋毁这所学校真的是不能忍受的。 这是我在读的学校，我只使用了这所学校的资源的小小一部分，但是我感谢它。 如果没来南昌大学，我一定不知道原来大学里不装逼不摆阔自然而然是受人尊重的，我可以以此为荣，不必虚伪只求真实。 如果没来南昌大学，我一定不会变的勇敢，可以大方的、不卑不亢地回答别人：我户口在江西，但是我也在北京生活，这两个地方都给我很大的影响。我不以自己呆过帝都为谈资，也不为我来自一个贫穷的省份而感觉羞耻。 如果没来南昌大学，如果没有坐上飞机看到北方大地冬季一片枯黄萧瑟而江西广袤的春田，我想我当时一定不会感慨：江西真好。 如果没有来南昌大学，我一定不会有想改变这里的愿望。  批评南昌大学的人可能有这么几种：嫌弃江西穷因此看不上这里的任何学校的，江西财大等狂热粉丝的。不论是哪一种，我谢谢来自他们的同情或鄙夷。  我在这里过得很好。我也会努力让更多的人感受到这是一所不应该被谩骂的学校。  个人感受。
校外人员在学校内部酒驾撞死学生学校应负什么责任？（如南昌大学近期交通事故）,一般，学校对学校内部侵权承担过错责任，如《侵权责任法》第三十八、三十九条所述，如学校能证明尽到教育管理职责，不承担责任。校外人员在学校内的侵权行为，学校在未尽到管理责任的情形下，承担补充责任。 具体到题主所述情形，肇事者涉嫌酒驾负刑事责任；学校未见其过错，不承担责任。 相关法条如下：  如有疏漏 ，谢批正。
2014年南昌大学运动医学专业研究生招录情况?,菜鸡
掌上昌航是南昌航空大学科技学院的校园微信公众号吗？,算是吧 但是用的多的还是下面这个吧  
南昌大学保研率？,班级人数的10%
如何看待教育部为见义勇为少年提供单独高考，以及南昌大学、北京理工大学、清华大学等意欲“按规定”招录？,有为招生宣传的成分，但是我觉得功利之外也有公共社会认知，说成双赢更好吧！
南昌大学口腔研究生考试已选择题还是大题为主？,没有选择题啊
南昌大学硅衬底Led项目为什么会获得2015国家科学技术发明一等奖？它应用在哪些领域？,弥天大谎。
本人是江西生今年高考515能上南昌大学的软件工程？,你好，515分的话请考虑别的学校吧
如何在南昌大学优雅蹭课？,搞到课表，直接去……没啥优雅不优雅的，学习本来就是一件很优雅的事情啊。况且一般老师都不会发现，就算发现了，大多老师也都很欢迎……
南昌大学临床转信工，好迷茫。能给我一点建议吗？,和室友没多大关系吧，自己的前途肯定是得靠自己，人际关系处理是个好的磨砺，出了学校什么人都得好好相处。 不是说想去那个专业就觉得很适合，说不定比现在你的专业，体验起来，你更不喜欢了。 主要靠自己，选择定了就不要轻易改变。 
江西南昌中医药大学阳明路校区！15年的毕业生，几月离校实习？,实习地点可以自己联系，大概是3月开始实习
南昌航空的表演空乘专业好还是中国民航大学的空乘好？,南昌那个专业不清楚   但就空乘这个职业来说  中航大算是国内最好之一了   因为还有个中飞院
怎样看待南昌航空大学的没落？和校址从武汉迁到南昌有关吗？,    南昌航空大学的没落我觉得应该有几个方面，从汉口迁址南昌，相对武汉南昌工业基础薄弱，而南昌航空大学主工科。江西飞机制造行业的没落，洪都飞机制造厂，昌河直升机制造厂现在都发展不好，包括这几年提的大飞机建设，是民航运输。江西省的教育投资对南昌航空的不够重视。从1999年昌航下放江西省，学校资金就一直存在很大问题。
浙江高考生比一批线高三十几分，志愿填了南昌大学的专科，要不要复读？,做为曾经的复读生，很想建议你复读，毕竟做为普通人的情况下，本科和专科可以说是天壤之别，复读一年想要有很大的提高并不容易，看你的韧性，决心和执行力
南昌大学的学生以后要想报考南京大学是不是会很难了2333333333333?,南京大学冷门专业太多了，你想读什么啊？没弄清楚的话，很容易后悔
南昌航空大学和中国民航大学航空工程研究生，哪一个更好？望前辈或有经验大神给个详细的分析，谢谢！？,中国民航大学更好一点，学术方面是民航领域的带头人，南昌航空大学名气小一些，在业内知名度类似于沈阳航空大学，跟中航大比低一个档次吧
已保上哈工大软院的研究生，本科是211南昌大学，自认为自己动手能力不是那么强，在犹豫还要不要继续保研？,你哪一届的啊
如何看待南昌大学国家自然基金2017年立项数排名跃至全国22？,南昌大学以前的校长浮夸风啊，大兴土木啊，建造“亚洲第二大校门”还有双龙戏珠啊.......钱全去大搞排场了。 科研经费却没什么很大的增长。学校排名还跌落了一波。 后来.....进号子里去了。结果昌大因为他被关注了一波。 现在南昌大学大力去科研也算是可喜可贺啦！起码证明了现在南昌大学的校风开始偏向学术派了。排名有可能会增长一波～ 江风益教授获得国家级别的奖项好像对普通学生没什么影响。 但是会大大提高学校的知名度与经费，吸引更多的人才加入，未来学生的水平素质也会提升很多。不过这个变化不是一蹴而就的吧，可能很多年后才感觉的到.....  那些嘲讽NCU211之位有名无实的人也会闭嘴吧hhh   最后说一句：革命尚未成功，同志仍须努力！ 加油吧！
和南昌人做大学室友四年是怎样一种体验？,泻药。我的感受就是 我擦 居然比我们重庆人能吃辣！ 传说中的肉饼汤和米粉是不是那么好吃！ 南昌人都那么逗比吗！ 生在英雄城，是不是都有英雄主义！ 我去，为什么粉蒸肉和三杯鸡也是江西菜！ 离蒿炒腊肉，辣椒炒柚子皮，油炒茉莉花是黑暗料理还是暗黑料理！ 南昌一共有多少吞天！  晚上再更！
南昌大学在江西本省内名声怎么样？,作为南大13级学生，看了此回答，眼泪都掉了下来。 首先第一点，我校系教育部和江西省人民政府共同领导院校。是江西省唯一的211工程建设院校！是国家卓越计划试点院校！且均为首批，非政策照顾院校！ 第二点，我是外省人，我高一本65来的。因为我们没有江西这么好的福利，211可以收一半的本省生源。甚至98年之前还收第二批次的学生。………我们真的是本一院校，求不黑。 第三点，南昌大学这个牌匾在江西 一般打车，司机听到我是南大的，都是佩服的神情。也确实存在某些信息比较闭塞地区的群众对我校存在误解，但是我们在消除这个影响，每年都有许多小伙伴牺牲自己暑假，进行社会帮助，走访江西百余个地区，进行力所能及的调研，以及社会援助。比如医学院今年有10个组去义诊，生命学院去帮助农田进行营养评估，那一刻，第一次觉得自己可以做一点事，力所能及的让身边人的生活过得更好，当地的阿姨还给我们塞鸡蛋，虽然那可能是他们过节才会吃的。我们承认，由于历史以及社会因素，某些地区对我们存在顾虑，存在不满，但是，作为学生，我们真的在努力的消除～ 第四点 对于某校长凤姐式博出位 造成的影响，我只想说呵呵～ 第五，对于老校长事件 只是个例，现在也有人说是诬陷，不予评价。  最后，虽然我们存在不足，但我们还年轻，05年合并之后到现在，十年，我们从百名赶超到今天的60多名，在食品，化学，工程三个学科取得世界领先，从30几个专业到现在112个本科专业，我真的觉得我们很拼了！  用江西本地的化学实验老师的话说，实事求是，追求卓越！ 用江西本省学生的话说，南大，发展会更好 用我自己作为一个南大人，半个南昌鬼子，半个江西老表的话说，我们在努力
就读于南昌大学共青学院感觉如何学风师资如何？,谢邀 。。。。 但是 我 不 是 在 南 昌 大 学 共 青 学 院 。。。 所以我无法回答你。。。。
南昌大学经管学院怎么样？,就江西而言，南昌大学经管学院比不上江西财大的
南昌航空大学或南昌有谁学跑酷，我也想学?,到南昌零距离论坛发帖把，哪里有个校园版块很热门，都是些在线大学生
南昌大学的历史学如何？,文科学习，关键在于阅读和自己下功夫
为什么华为的校招不来南昌大学？,学弟或者学妹好，据了解我菊厂在江西只去酱菜，想要应聘，可以去蹭酱菜场。
南昌航空大学怎么样，江西真的那么不好吗，为什么网上全身对这所学校的坏印象和对这个城市的厌恶呢？,好好学这学校不错，有名校保研名额，争取。
考研江西财经大学和南昌大学金融硕士该选哪个？,现在没211了，教育部改推“双一流”，一流专业可以出现在非一流学校。
关于南昌大学科学技术学院新校区？,呜～我跟你一样的情况，不过现在还是决定去读，毕竟再来一年风险太大
南昌航空大学专业今年有极差吗？,谢邀。你说的极差是各个专业的最高分减最低分吧，几乎没有哪所学校会把自己的最低分放上网的。像昌航这样的中等水平学校，不会出现什么大冷门或大热门。想读一本专业就得考到一本线左右的分数，想读二本专业就得考到超二本线三十分左右的分数。除非你家里有过人的本事。
南昌大学和江西财经大学在本省及外省就业情况如何？,从来不和江财抢江西top1学校，自认为江财秒天秒地秒空气，我们南昌破三本所谓王牌专业食品，材料找不到工作抱头哭。
在南昌大学做义工或志愿者是什么样的一种体验？,虽然没有义工志愿者经验，但是有很熟悉的人有相关经历，说一些我所了解的吧，仅作参考。   校内：   据我所知的志愿者活动基本上就是图书馆摆书+寝室收瓶子or给门上油  室友曾经在图书馆里面做义工摆书，这个基本上都是领助学金的同学去做，学校对领助学金的同学有相应的义工工时要求（依稀记得是16hrs或者32hrs），体验嘛，冬暖夏凉。。。似乎也没有别的了。 给寝室门上油似乎一般都是校青志协来做，四年下来每年都会有同学刷一次，真真切切地感觉是在服务大家，大家被刷的基本上都很感动，也都会给来帮忙的同学说谢谢，这个虽然没有亲身经历但是想必是一件会很有成就感的事情。  来寝室收瓶子的基本上很多校级院级社团都会来收，这个没有熟识的人所以并不了解相关体验，只是作为被志愿服务者希望能够得到改进的问题就是几乎所有的社团都是在周末的早上九点左右来敲门收瓶子（周末的九点呐！！！！）。。。如果题主有机会参与到其中希望能够跟相关负责的同学提提意见～    校外：    校外的话主要就是暑假期间的支教，大都是去贵州或者甘肃的山区学校待一个月，校内的支教团也比较多，有一些学院官方支持的支教团，比如会宁支教团，另外也有一些民间自发组织的支教团，比如西部民情之窗支教团等，支教团主要活动就是三四月份组织义卖，然后四五月份左右招新志愿者，招完再学习锻炼一个月，放暑假了就出发，然后支教一个月，支教的形式就是自办补习班，然后免费招收山区的小孩子来学习，一般都是住当地学校的校舍或者教室，自己买菜自己弄饭，山区的条件比较艰苦，大概就是支教的时候每个人算上来回路费一个月花费都只有五百块钱的样子，去一次可以认识很多同校的朋友，会是一次难忘的经历，回到学校还可以帮身边的同学认识几个朋友，比如吾等天健高僧就是通过去支教过的室友认识了几个外院的妹子，咳咳。。。扯远了。。。  之所以知道这么多是因为和西部民情之窗的前任会长比较熟，经常有聊到，本来是应该邀请他来回答的，然而我并不知道他知乎ID，只知道他微博  俗称巢江南的微博   ，题主有兴趣可以去找他深入解一下。
湘潭大学和南昌航空大学该如何选择？,你确定你上这个什么航空学校的分能上湘大？
本人河南人，有个弟弟今年超一本线60分。 想学医，河北医科大学跟南昌医科大学哪个临床医学好？,为啥不报郑大医学院
西南交通大学和南昌大学谁更适合文科生？,作为来自江西的西南交大文科生 强烈建议你 千万不要来江西 江西的学生都在拼了命逃出去 虽然西南交大对于文科生来说也不是什么好的选择 但是比南昌大学好
南昌航空大学文法学院宿舍情况？,之前回复过你具体宿舍情况了，就不多说了，用电量没有限制 电费自己交然后就是不能用大功率电器了。
加入南昌航空大学CM-Robot Club是一种什么感受？,众所周知南昌航空大学在全国高等院校排名中算不得一流，但是正如那句老话说的，再好的草场也有瘦马，贫瘠的大漠也能出千里良驹。所以说后天人才的培养和名校名师固然有关，但绝不起决定性的关系，关键还是在于学生本身思维观念，努力程度，学习氛围，实践平台等等。 CM-Robot Club在南昌航空大学众多举足轻重的科技社团组织里算是后起之秀，相较于科创基地，航模队，综合楼504飞思卡尔实验室等老牌实验室组织团队而言起步算是晚的，但是短短三两年已经有超越这些老牌组织的苗头，这和CM的创建之初创新，创造，兼容，活学，改变世界的理念是分不开的。 大学一年级入学当很多人还在抱怨自己调剂了专业学了自己不喜欢的狗屎专业的时候，很多人还在为被这么个破二流大学录取而愤愤不平时候，很多人还在开始规划怎么享受这四年大学青春的时候。已经有人被CM的科技产品所吸引被CM的氛围所吸引（南昌航空大学是以理工科为主流的大学不论学到了几分本事，狗肚子里有几两香油，毕业也都能吹嘘自己是相应行业的工程师当然这都是虚的），那些选择加入CM组织，决定不负大学好时光学点不一样的东西的人，跟着CM的节奏走，每年CM组织的校塞，省赛，国赛若干，至少毕业前你拿到几十张证书几张专利还是比较正常轻松的，找工作什么的这些也都是亮点，当然以过来人的身份来说，这些都是次要的不是什么重点，读到这可能有些人会说我这个逼装的一点也不清新脱俗，几十张证书专利还不是重点？老学长这里很负责的说这确实不太重要，其实重要的是你在组织中的那些经历，这四年过的很快，组织的老人们基本都是自己专业的奖学金，国家励志奖学金获得者，大小奖项多不胜数，申专利，发论文，打比赛，搞制作熬夜通宵写代码都是家常便饭，无论你四年CM生涯是钻研哪个方向，软件开发也好，机械设计也好，电子技术也好，工业技术也好，网络安全也罢四年没日夜的研究从不成熟的小项目做到大课题，在这个过程中获得的金钱，证书，荣耀，头衔，名气都会过去，唯独不会过去的就是你这几年在CM团队里潜心修炼到的本事。到了大四找工作，看着普通大学生的简历写的乏善可陈毫无亮点可寻，而CM出来的老油条，他们都喜欢在这个时候对慕名而来招安他们的各企业HR说“我不急着签，我还想再等等”本事就是底气。 当然CM在学习氛围上，人才培养上，老师指导方面基本做到了无可挑剔，谁还没有个想用技术改变世界的野心？但是你又扪心自问你为这野心你能放弃多少，你能坚持到什么地步。很多起初加入CM的新人一腔热血意气风发，然而却也是三分钟热度之后多不了了事，CM几乎现在可以说是南航大学生科研竞技对外的一个前线平台，每个加入的新人不得不说起初都是很有想法，可大学毕竟是大学，诱惑太多，难免让组织偌大几间实验室多出了一种铁打战线流水的兵，这种悲怆，每学年都是有来的都有去的。 在CM，历届大佬，大神，老鬼，老鸟都有留下自己的一番传奇，即使离开也多会留下自己的设计作品，想我当初走留下了自己整理的几十个G的资料也不知后来者看了多少继承了多少，那年留下这些资料的初衷也是希望后来的人能在我的小肩膀上更省力的向上爬，成就更高些，希望一代更比一代强是每个大四离开组织的老人的心愿。这也是学校那么多实验室工作室为什么唯独CM能独树一帜，一枝独秀的根本原因，CM的传承性这点做的非常好，加上CM现有的以及在设计开发的机械设备，CM的加工能力强当然也是没得说的。说到这里不得不提的是CM从来不购置成品加工器械，CM实验室加工器械，机械电子设备百分百自主研发制造。一想起前两天徐老师说哪个大学老师仿制我三年前设计的三轴联动就来气，赤裸裸的剽窃我们CM的智慧成果，在此我建议啊，实验室要组织招几个法学专业的新人，组个维权小组这种事以后一定要追究。 干巴巴的写到这里，确实也不知道再说点啥好了，在这里还是希望南航那些不知道CM的人能多了解一下这个组织，已经加入的人能把握这个机会，CM的包容性可以确保各个学院各个专业的学生都能有自己的一席之地，无论文理。只要你有自己的想法，就按照你的想法来改变世界，来CM这个平台拉帮结伙，磨炼奋斗，创造改变。正所谓“儒以文乱法，侠以武违禁”但凡知识无所不神圣，我虽做了几年设计，也有几样拿得出手的作品，可我一直没有放弃对中国五大银行网站的攻击为实现财富梦。只要你把自己所学活用，就是好的，没有那么多穷讲究当然你要做的漂亮，这也是CM不拘一格的特色。 就先说这么多得了，去吃饭了，最后愿组织万古长青，愿新加入组织的雏鸟终修成老鸟，在各自领域成就泰山北斗。
安徽医科大学与南昌大学医学院如何选择？,我同学最终选择了南昌大学建筑学 
要去南昌读大学了，想知道大家对南昌的印象如何?,既然要来，顶上全是骂的，我在这里给大家道歉！南昌婊贱厚颜无耻脏乱差，那请你们别来，南昌不差你们几个 说说我吧，我出生于江西省贵溪市，籍贯江西省上饶市余干县，我在这些地方都有生活过，很长时间，也精通这里的方言，对这些地方的了解不亚于我从六岁开始如今生活了快十二年的南昌，但是这些地方我也见过脏乱差，比南昌更差，我也见过各种不文明，哪里都有不文明 只是，我曾经深夜没钱，一个出租车司机开着的士车送我回家没收我一分钱，他是一个纯正的操着南昌的话南昌老表 我在初中学校后门的南昌老夫妻开的粉店可以赊账很久有钱还，零头就算了 在公交车上见过60岁的大爷呵斥小偷 等等 不是南昌不好，是你们不够尊重，如果从一开始不戴着有色眼镜去看待这座城市，你也会和我一样获得它所还给你的尊重！
南昌大学艺术类考研初试是考什么？,我也是17考研，视觉传达的。也是要考这两门啊？视觉媒体与表现研究是什么←_←难道不是视觉传达？ 
在南昌大学读书四年有什么值得可以分享的经验?,寝室要有空调，这里夏天很热的，网上选课时一定要眼疾手快，一定要认真学习，不管是保研还是拿奖学金，图书馆一定要去，资源一定要利用。每周礼拜六晚上主教135都有电影看，还不错。多听讲座，前湖之风挺好的。
会计专硕是选江西财经好还是南昌大学好？,关键是分数 
你怎么看南昌大学校长周文斌贪污挪用公款一审案?,早就看麻木了。 当你看到「云南少女坐13年冤狱后获释」这类新闻后，有何感想？ - 李建秋的回答  还有这个律师在作死啊，很多律师都进去了，他怎么还不畏惧？看来抓的律师还不够多。不过小民嘛，没人在乎，这个周文斌原是赵家人门下走卒，这下也进去了，终于有机会体验一下皇恩浩荡，与民同乐了。
西北农林科技大学和南昌大学哪个更好？,果断西农啊 性价比高 2014年浙江高考报遍全国的211 第一志愿是南昌大学（差几分没录上 第二志愿是西农 虽然离我家远了点 现在想想蛮开心的
南昌大学行政管理考研用书？,首先欢迎报考南昌大学行政管理专业，它属于公共管理学院品牌专业，分数线每年都会有所提高，每年接受大概30个名额，其中有将近10个是推免生保研的。有一定竞争力。院校的教授老师也是很具有学术水平的。 其次，想要知道有关行管考研的参考书目，可以随时关注南昌大学研究生官网或者南昌大学公共管理学院官网，上面都有发布。这是2017年的参考书目   补充一点，公共管理导论，欧文休斯的这本书很重要，今年新增的书目。推荐我院的教授韩艺老师，北大博士，学术渊博，好像今年的初试的专业课题目就是他出的。 好好准备，还是比较容易考上的，真题每年都很相似，只要准备足够充分，一定可以考上。 最后祝你圆满昌大！
郑州大学，安徽大学，南昌大学，湖南师范大学的中文系？, 安徽大学的情况吧......  注重大学环境，所处城市的人文，文化氛围。  校园环境。本科生住的磬苑校区是新校区，环境很好，要教室有教室、要花园有花园、要图书馆得抢。寝室都比较新。就是校区比较大，平时上课基本在中心区域，倒还好。就是有事去各类办公室也许会麻烦些。  学习气氛。图书馆要抢位置，考研复习激烈时教室也会坐满。但日常的学习氛围并没有考研那么炽烈，班级节奏还是靠一两个大神来带。但是你可以期待这一两位大神的表现。  城市氛围。新区处在经济开发区，原属肥西县境内，入合肥城需要半小时以上。城市氛围怕是关系不大。  利益相关 安徽大学 文院楼下（其实也不是）   额感觉还是说点关于安大文学院优势的东西比较好。  相信题主应该在这四个学校的中文系（文学系）官网上查询过自己感兴趣的信息了。我不知道别的学校如何，但安徽大学近几年来在人文学科提升上的着力点毫无疑问是她的文学院。本身就有着文字学的极大优势来吸引人才，把学生带出去采风说是啥大自然文学，再加上现在设立卓越班以集中培养并加强对外交流（学期初拉到人大玩一圈什么的），都还是能看出文学院至少是个不拒折腾的部门。邀请校外学者前来讲座的情况也比它楼下几个系要多得多，只是很多时候会在老校区（一小时车程，直达）进行。而且据题主说希望大学生活充实，那么文院人多的优势就体现出来了。可以比较一下别的学校的招生总数，人少毕竟啥都搞不起来（比如本辣鸡在的地方）。  嘛，也算是吹了一波。然而我又不是文学院的我吹这些干啥......倒是可以去贴吧看看迎新群听他们本系的怎么吹。 
南昌航空大学转专业好转吗？,对飞行器学院不是特别了解，不过转专业需要你的分数专业排名前几，条件就是成绩啊，硬性条件，学院内转专业没那么难，跨学院的话，方向不同阿。
南昌大学前湖校宿舍16栋在哪，离几号门近？,找高德
南昌大学科学技术学院如何？, 一个正常的三本院校应该有的水平 
南昌大学食品学硕专硕差别大吗？,分几个纬度说，其他专硕 学硕都一样。 学制:专硕是两年，学硕是三年。 直博和点博:专硕不能被直博，可以被点博。 公务员系统:专硕可报岗位少于学硕。  其他诸如 就业，考博，奖学金，学费，资源统统是一样的。 在中国，硕士博士都是公费，邓泽元的学术造诣和对学生的管控是很不错的能学到东西，我个人觉得专硕对于我这种没时间读博士的人来说性价比不能再高了。
南昌大学会计和财务管理怎么样，就业方向，师资力量，硬件设施，考研保研率和质量？,今年刚从母校毕业。
为什么南昌大学食品学院有早点到?,生命学院也有。。
口腔专业想考日本的研，现是南昌大学大一生，日语方面正在学习，想知道申请日本研究生的流程和应该准备什么？,第一步，学习好自己本专业知识的同时，开始学习日语、托福 第二步，了解一下赴日读研的途径 1、申请语言学校后考修士：针对于无日语成绩的学生，在语言学校期间好好学习日语，提高自己的日语能力，考出日语等级证书 2、申请研究生后考修士：针对于已经在国内做好准备的学生，日语有等级，可以直接从国内开始申请 3、申请G30项目：针对于日语不好，英语托福非常好的学生，以G30项目申请，全英语授课，有利有弊，毕竟在日本生活 4、自己坐飞机去日本参加修士考试：针对于想要挑战自己的学生，能够安排好自己的衣食住行，可以尝试 第三步，了解清楚赴日的途径，选择好自己想要走的途径，以途经的具体要求来准备自己的相关成绩  题主现在就开始考虑的话，可以考虑日后走申请研究生的途径，大三下学期末大四上学期初左右开始着手申请即可，在此之前日语、英语具有相关的等级。 PS：医科类，申请起来非常难，建议题主N1 150分以上，托福90以上
毕业后打算在江西当老师，本科物理学师范类，考研应该考南昌大学还是江西师大？,南昌大学。 第一，如果都是按国家线的话，南昌大学会好考一些。 第二，虽然师范类专业在师范类学校会更受重视些。但是，找工作的时候，用人单位根本不看专业排名，能去211和985就去吧！ 第三，如果以后想进大专院校，是211或者985.学校出来的会好些，因为有些单位会要求211或985或者教育部直属院校之类的。 加油！
在南昌航空大学（NCHU）是一种怎样的体验？,先占坑，慢慢答。 2015 06 22第二次更新。        说说我度过的昌航。        学校非985、211，教研情况不是很好，没有博士点。        我大一的时候早上要点到跑操，晚上要自习，现在好像没有这项规定了。        本科生晚上11点断网断电，夏天不断电。研究生不断电。        80%的同学要参加为期半个月的金工实习，车铣刨磨钳之类的，每个人都可以把自己做的锤子带回去。我自己的那把在家里已经用了四年了，好用又好看。        教学楼二十来栋，以大写英文字母编号，ABCD。晚上差不多十点之后楼管就会挨个教室叫人离开了。        寝室共28栋，以数字编号，1234，但是每栋楼都有自己的名字叫天×苑，本科时住天清苑，现在住天仁苑。寝室只有电视机、电风扇、电灯这几样电器。1000块住一年，包水不包电。我遇到过的楼管大叔大妈人都蛮好的，有小便宜占那就更高兴了。        食堂三栋，大超市两个，银行网点快递网点数个生活比较方便。        奖学金很少，一年评一次，比例是每班的18%。        每年的11月份都有运动会。        有一百个左右的社团，每年都会在九月底十月初招新，我当时加了两个社团，有照片为证。         大一大二有体育课，每年选一门，我选的是乒乓球和羽毛球。现在又开了游泳课了，当年都没有。课后可以去游泳，八块钱一次。        学校里还有一个驾校，但是非常慢，我拿驾照用了八个月，这还是每个科目都是一次性通过的结果。        前段时间环化学院罗胜联教授获得工程院院士提名，不管能不能成功当选，都是我校的一大进步。虽然不是和他一个学院，但是还是很高兴，比只有挂名的院士要强许多。        今年研究生毕业有个刻着自己名字、学号、校徽和歼8的水晶纪念品，好羡慕。        图书馆纸质书比较多，学校资料库也买了不少。大学一定要多看看书，好好学习。只要上课认真听讲和独立完成作业，得四年的奖学金不是梦。        春夏秋三季风景美如画，可能是江西环境最好的大学，旁边的昌大和科大根本比不了。     以下是图片，没流量就不要看了     晚上下完雨   春天的花   夏天的白帆  不过现在没有了，换成下面的的三钱雕像了，唉    教室    景德镇来的直升机   晚上   外语楼   海军楼   实验楼左和逸夫楼右   寝室楼 湖里有锦鲤   图书馆  机库  
