东北大学新能源专业怎么样，毕业出来能做什么？,东北大学新能源专业是东北大学的国家重点战略专业及担任的“卓越计划”的重要专业之一。 该专业学生在大一大二时大多数课程和资源循环专业、环境科学专业同学一起上课（本人今年大二）。作为典型的工科院校的特色专业，其涉及的课程主要有高等数学、流体力学、工业生态学、工程热力学、CAD制图、传热学、电工学、材料力学等等（大一、大二），所以每次到期末我都能听到隔壁寝室的他们对知识热切渴望的哀嚎。 关于就业，今年是第一届新能源毕业生刚刚毕业，就业形势良好，基本都可以找到工作，工作单位大多是核电站，研究所，风能、太阳能、生物质能的能源公司等等，当然也有约一半的同学选择为自己继续镀金，考研学习。 希望大家多多补充咯~
东北大学计算机在本校除计算机学院和外校同学眼中怎么样？,谢邀，首先我不是东大学生，而且我读的是文科专业。
东北大学的外院怎么样？,我的妈呀 我和你竟然情况一模一样 哭泣 你如何选择啦？我现在还在纠结中 明天就要填报...
如果让爸妈接受我在大学谈的东北男友～?,我哥给我找了个广东的嫂子...现在乖乖住在广东...这东西就是两口子商量嘛，哪里合适去哪生活，这都啥时代了，又不一定非要“嫁”过去就一定得住在男方的家里...不过前提是得有一方适应力要强。最明显的是饮食上的差异，我嫂子怀孕时在我哥家住，结果一闻到牛羊肉的味道就恶心想吐，而我哥那种没心没肺的吃啥都没问题，这样他们才能生活在一起...所以你不妨先试想一下，你或者他能不能适应彼此的生活习惯再做决定...
在东北上大学，冬季男生该怎样穿衣打扮？,在东北生活30年的汉子告诉你，别想了，一条棉裤可以毁了所有穿搭，作为学生基本无解，很多年奔波于各个论坛学习穿搭，最后发现解决的办法就是买个车，否则东北你摆脱不了棉裤的支配。 当然也有为了臭美不服温度，不穿棉裤，这几年还有露脚踝的，快的当年就会关节疼，及个别顽强的一个冬天可能没事，再来一年妥妥留下病根，而且没治。
东北财经大学数量经济学在大连就业一般薪酬多少啊？好久也不？,这个专业要去大城市
在东北财经大学萨里学院读书是怎样的一番体验？, 毕业5年，研究生在国内知名财经大学就读，金融专业，工作在世界500强集团总部，负责任的说找工作的时候很多单位把萨里学院直接从东财分出来，单列一行，四大银行之中总部就有，当然如果只是去下面分行应该不受影响，导员竟然不要脸的说这不是说明萨里学院更厉害吗，这种脑回路的无法理解。真心希望不要来该学院，什么所谓的人脉啊，念研究生的时候依然会有啊。。。。 
客观评价吉林大学和东北大学？,你这个分数分地域，想报吉林大学的优势学科在北方有难度，南方这分数够了。     至于东北大学，不太建议，没有黑东大的意思，但是我在吉林大学毕业，沈阳工作5年。从就业来看，吉大就业远胜东北大学，客观的例子就是我现在的公司我是学渣进去的。。。  而和我一起进入同部门的3个东大的全是学霸，  这就是差距了。   当然这个分专业，我是工科领域。  这个当然也跟现在工科领域不同行业收入差别有关系。       为何东大现在落寞如此，根本原因是在东北师资力量是有限的，而辽宁省的另一所高校，大连理工对东大成碾压之势，就算在辽宁本地，相同的专业绝对选择大连理工，分不够才东大。       而就业上也是，大连理工的就业档次比东大要好一些，这个是平均，特殊专业不算。     还有一些情况是某些企业的招聘会一个省只在一个大学。。在辽宁经常会选择大连理工。   然后北上广的211和东三省的985，相对来说必然是985认可度更高，就像我高中同学在北理工，他的说法是在北京有三座大山压着，他们很惨，理工科清华北大北航，文科清华北大人大。    一个985都惨你觉得211够看嘛？   你是企业的你放着985不要，招211？     当然这个有专业，高校和企业合作，自身发展，人脉等诸多因素的关系，不能一概而论。   你在北上广读书，也许有一样的机会，接触的面广，四年时间可能有更多选择。        但是一般情况下，多数人不会放过985的机会。
东北大学自动化专业怎么样？,在读生来补一刀。。。如果你没有极强的自制力，考试还不会作弊，家里在学校还没有关系，没有视学习如生命的信念，那你就会发现这学校这专业就TM坑爹，四年完了啥都不会，分数还低，四年青春就这样被荒废了。。。说正经的，这专业前两年闲得要死，大三恨不得来个分身，有点疲于奔命的感觉，学校排名虽好，但是感觉本科教学质量（换句话就是老师比较看重科研）。。。。
如何在吉大 兰大 东北大学之间选择？,不吹不黑，不想来太北就最好不要来，以上三个都北…不过从城市来说，西北确实比较“惨淡”，个人建议放后面考虑，毕竟环境不是很好…我之前填志愿的时候非常犹豫要不要考虑山大和吉大，后来发现他们的强势专业（好像有车辆？我忘了…）不太适合我，我是女生，然后就很犹豫很犹豫…说实话，南方孩纸待南方还是适合点，真的，这边干燥啊，没有独卫啊，没有空调啊…时常后悔没选择去中南重庆等大学…   对目前填志愿这件事，这两年过去，我觉得我有些想法变了，985学校确实有优势，但是也不得不说在某些专业领域不如一些非985高校，比如财经类…跑题了，题主想考虑cs的话，以上三个学校东北大学的应该有点优势（你可以查查东软），计算机的分在东大跟自动化应该是差不多的（自动化就是我报的专业，所以比较了解，自动化清华第一东大跟浙大差不多）       不过其实你可以考虑其他学校…城市很重要啊，像北交北理啥的就挺不错的～（来自某大二狗的胡言乱语，不足之处还望海涵） 
在美国东北大学读研究生好转专业吗？,谢邀。东北的研究生除了本院内转专业之外，其他学院基本不让转
本校大多考东北师范大学，如果想往南方考的话，有哪些难度相似的高校？华中和南京师范怎么样？,华中师范大学欢迎你
东北大学和哈工大威海分校哪个好一点？计算机专业。非常感谢！,哈工大威海分校的计算机跟本校的师资和教学资源没法比，东北大学的计算机肯定是要更好的
在东北大学秦皇岛分校读书是怎样的体验？, 1220补充回答   回头看这个答案，自己忍不住尴尬。真的是戾气太重，但是可能我的戾气正是这个问题最好的回答。   不否认这个学校确实是越来越好，但是也不能否认这个学校少了一点点许多人想象中的大学的样子。   我一直在想要是高中我再努力一点，会不会结果更好一点，因为自己这个草率的选择，我已经纠结在学校这种问题上一年多了。不甘心，说白了就是不甘心。   因为我在报学校的时候目的很明确，我要上985，但是自己又没有真正在报志愿的时候用心去选去算，所以到了这个学校，学了一个就业机会非常多，学习气氛非常浓郁，但是自己非常不喜欢的专业。有些东西只有学过之后才明白它没有想象中那么有趣。   但是我又能怎么办？还是得通过考研等等方式来弥补自己不用心造成的后果。   这就是冲着985名头来上学结果比在太理哈工程等等211过得还难受的人，有时候也只有你自己亲身经历过之后你才更明白，实际上你介意的根本就不是什么211985，可能是一种氛围，一种环境。   所以，各位自己衡量。   下面是原来的答案。  我是高考略失手到的这里，之前心水的是仙交大，第一志愿是东师的英语，第三志愿是这里，录取专业是会计，算是这里最好的文科类专业了。 感觉像一个大了点的高中，大一管理也挺严的，早上跑操晚上晚自习，而且竞争激烈，优秀的人不在少数。 学校不太大……但是现在有了南校区，再也不能说学校小了。 有很优秀的老师，教学很负责。 今年开始大类招生，竞争会更激烈。 总之如果不在意分校的名头，又想挂个985，这里是个不错的选择。 但是在意的话，还是去选个好一点的211吧。 比如我，我不后悔来了这，但是如果再让我报一次志愿的话我肯定不会写这个学校。 -------------------------------------- 补充回答 现在对于学校已经好感降低了。最近的鹏远公寓涨价的事情让很多人都对本来就坑的住宿条件表示出了更多的不满。学校师资力量再强大，学习气氛再浓厚，也还是建议想报考东北大学秦皇岛分校的学弟学妹们提前了解住宿环境有没有改观，姑且把环境好坏放到一边，天天不仅要学习还要绞尽脑汁想着和社会人士py公寓作斗争，我们也很累。哈尔滨工程大学住宿条件也没有很好，但是好歹不坑人。毕竟每个人应该都希望自己的大学都是美好的回忆，不会掺杂着什么和无良商家作斗争的事情。一个好的，能让你心安定的住宿环境也应该成为学校选择的一个因素。之前认识的想报考东北大学秦皇岛分校的学妹去了大工，不会被这些涨价和未经允许随便给学生搬宿舍的事情烦心，真为她高兴。 学校以py公寓不属于学校管辖为理由任由py宰学生，有钱给留学生装修宿舍没钱给贫困生多盖栋楼，有贫困证明的学弟只能去鹏远被坑被狠宰，也让我大大失望。其中的利益关系我懒得去理清楚，不干不净。如果宿舍的事情没有改观的话，以后凡是问我要不要报考东北大学秦皇岛分校的学妹学弟们，我的回答就一句话，千万别报。 说我黑学校的，太偏激的，眼光短浅的，随你便。连住都保障不好还学什么学。连学生权益都保障不了的211 985也不过如此。
在东北大学怎么刷绩点？,不知道题主现在绩点怎么样了呢？ 看时间我们应该是东北大学同一届的，我情况跟你差不多，大一期末结束绩点3.0，现在3.55，希望这次期末考试结束后可以到3.65，不过应该不太可能    分享一下我的心路历程，大一上学期的状态完全是脱缰的野狗，别人学习我看剧，别人学习我聚餐，别人学习我睡觉   最后期末假装努力了几天还好没挂科，大一下学期状态稍微好了点，绩点终于到了3，也是不容易，然额，大二初开始评优的时候，我惊讶的发现自己周围竟然全！是！学！霸！还在南湖的时候寝室6个人有三个人专业前十（能保研的那种），后来搬来浑南寝室四个人有两个大学霸，当时感觉上帝终于记得把蒙了我一年的帘掀开了……  然后就是学渣开始漫漫逆袭之路的故事，过程很苦，大二上学期的课多到令人发指，不过也是因为课多才给了我提高绩点的机会。   额，就我个人而言，提高绩点关键是要有一个坚定的信念，当时我的想法就是“我厉害起来自己都害怕”   ，实际上也并没有很厉害……   对我来说，大学里  没学到什么知识＋绩点低  和  没学到什么知识＋绩点还行  ，我更想要后者  
想知道东北财经大学研究生风气怎么样?,东财研究生学风很好，来这里不会让你失望
东北那些大学重点比较好？,不要来
如何评价美国东北大学桥梁课程？ 值得一读么？,不值
电子科技大学信软学院与东北大学相比哪个更好？, 论规模，电子科大信软学院全国第一 论区域优势，电子科大所在地成都是国家4大软件产业基地之一 对了，如果硬要比电子科大信软学院东北大学，我觉得东北大学更强，因为一个大学的其中一个学院没法更另一个大学比……逃…… 
在东北农业大学 (NEAU) 就读是怎样一番体验？,1.内部安全有保障，严抓外来人员，杜绝外卖送餐，实行保护型饲养。  2.近来来部分学院扩招，实行高密度养殖，导致学生过饱和，个体间优劣参差不齐，明显拉低学习风气，不过未来有望改善。  3.除却部分不良品种，其他个体精神饱满，三观正常，有学习欲望，爱抢图书馆，不随地大小便。  4.南邻城乡结合部，北近会展繁华区。南北区栏舍新旧程度也有较大差异，强迫症，减分，反差萌，加分。  5.栏舍冬热夏凉，夏凉不多做评价，地热配置的栏舍请不要在地上打滚，否则会使皮表体毛焦黑卷曲，望注意。  6.南北拦门距离较远，为了不影响个体肥膘厚度，校内配置有运输车。  7. 喂养方面堪称哈市第一，食堂众多，饲料种类随季节变化，营养均衡，可任意选择搭配。致力增重也可选择南拦门外的各种私人饲料，味道有保证。  8.哈尔滨本地人，没出栏的学渣，很爱东北农业养猪场，今天的饲料已吃，请同胞们放心。  胡言乱语，匿了。
在东北大学秦皇岛分校就读是一种什么样的体验?,—————2016.11.30更新分割线————— 没错又是我，我又来更新了，如果你在学校非常的浪，毕业之后，还可以这样    这样(毕业后依然回乐团蹭演出)  ——————————————— 第一个10赞 希望不是唯一的10赞，更新图片如下 专场时的观众   去伴奏的朋友的专场    来自摄影师周子健的一张   ====================== 第一次在知乎被邀请，好好说一下我的感受吧。 12届工商管理，还有几天就要毕业了，我最大的感受是在这里你想做什么都有足够的舞台和空间，比如这样  再比如这样  再比如这样  还有很多的摄影爱好者以及专家，各种爱好者自己各路专家，都把自己的专业搞得有声有色。 这是其一。  第二，学生整体素质高。 我大二大三时期乐队排练去过其他几个学校，不点名，也不是黑，只是主观感觉，我们学校的学生整体看起来最没有“匪气”，还有妹子们的穿着打扮，东秦学生感觉水平较高。  第三，学校大小很合适。 有不少同学抱怨学校太小，可能是因为我来自小镇子，没见过世面，我觉得我们学校的大小是最舒服的，不会大到校园里的人只认识一丢丢，不会因为太大上个课还要早起一小时。  先说这么多，最后发广告，18号，体育馆门口，毕业专场，欢迎围观。
为什么说东北大学是垫底985？,因为差呀。
中国大陆的东北大学名份 实力都有，为什么在学生和国人眼中地位这么低？,首先我想说，东大是个好学校，有不少好老师，也有很多好的资源。  但是，当一个学校的行政能够限制甚至主导学术研究，制约甚至阻碍老师、学生成长发展的时候，当一个大学变得保守、教条的时候，再好的底子也很难再有什么很好的发展了。这不只是东大一个学校的的状态，而是很多学校所共有的问题，只是东大相对严重一些而已。  象牙塔内的生活本不应如此小心翼翼吧。  其实有很多老师都在竭尽全力在有限的空间内努力为学生创造价值，但是奈何天花板压的太低，就算孙悟空有百般造化，在五指山下也不过一只顽猴。  而在挤压下真正受到冲击的，又恰恰是处在行政最底层的老师和学生。  近两年东大的宣传材料，又在拿着曾经的伟绩和编织出的优秀包装自己了，新的东西越来越少。我们真的已经驻足不前了吗？  liker 说的对，不要自己骗自己。曾经的辉煌给我们没什么关系，当我们再难借助学校的招牌发力的时候，剩下的就只有自己一步一个脚印从零慢慢走了。虽然这也无可厚非，但是我们总是希望自己的母校是让自己骄傲的。相信这也是许多东大学子的期望吧。  我不懂行政。但是我知道，这个学校现在的成绩，对不起它这么多年的积淀，对不起那么多老师的坚守与奉献，对不起那么多学生的努力与回馈。  我们愿意代表东大，东大愿意代表我们吗？  真的期望有一天，东大可以挣脱枷锁，快步踏上自己的美好征途。
东北财经大学金融学专硕证券与期货研究方向怎么样？,挺好的。但是你其实没必要在意这个具体的方向细分。就当是金融专硕看吧。
东北大学能进双一流么？,会是肯定会的
看了这么多的贴，对东北大学秦皇岛分校已经绝望了。？,比一本线高了70多分，报学校并没有太过犹豫。以为这种层次的大学不会存在硬件设施不合格，师资条件差等现象。先不提师资，没想到在这里还存在着侵害学生权益，社会势力与学校合谋压榨学生的行为。呵呵。看了众多学长学姐对此学校的评价内心已经没有了对新学校的憧憬与向往。在这个高考季，看到其他同学们对未来大学生活的期许时，我都已经千回百转的想要复读了。若是在此大学中，我们遭到了上述不公平待遇，我期望大家不要因为自己是弱势群体被随意欺压而放弃抵抗，而是行动起来，联合抵抗。在这个大学读一次怎么也要改变点什么，为接下来实现大学梦的学弟学妹们，争取我们的权益！
如何看待东北大学2017届辅导员查寝过于严厉?, 相比于这样的辅导员不配在东北大学，发这样说说的学生更不配待东北大学。  对学弟很失望。  ——————————————————————  很欣慰，看到其他的回答，感觉大多数的东大学子都是很棒的～ 
如何评价东北大学计算机科学与工程学院的成立?,你添加错学校了…
东北大学的过程装备与控制工程怎样？这个专业就业前景和待遇怎样？, 谢邀，本人是专业学渣，不过东大的这个专业其实应该叫真空工程。真空是小专业，如果答主喜欢机械，想有广阔的发展空间和跳槽空间，建议不要选择。不过，真空专业是小而美的，在国内有地位，师兄师姐遍布中国所有真空相关的单位。出国基本上是表面物理的方向，个人跑到了真空计量方向，这俩都是偏理科一点。如果觉得机械不是特别喜欢，可以以真空为跳板去偏理的专业。 
北师大珠海分校升级为校区之后对哈工大（威海）、山东大学（威海）、东北大学秦皇岛分校的影响？,被举报了，发出来吧。可能戳g点了？     笑死 明年高考走985名额招一开始肯定会收到以前认知的影响，所以先操心怎样不影响北师大985的档次吧。  还影响哈威山威东秦？蜜汁自信了吧。
东北石油大学怎么样？,作为一名大三学长，这个学校极差，不建议看到这来
东北师范大学是个怎样的大学?,作为东师大二女生，我想从以下几个方面来回来 1.地理位置——东师在长春市所有大学而言是地理位置最好的，附近有吃货一条街桂林路，离商业区红旗街和重庆路都比较近，离火车站也不远，总之生活相比其他学校是很方便的。 2.校园建设——学校虽小但设计精致，可以说东师的宿舍是全长春条件最好的，有电梯，供暖好，干净安全。综合教学楼和逸夫教学楼虽然很破旧了，不过厕所都有装修，上课还是可以的。学校的唯一缺陷就是宿舍和图书馆离很远，如果你是学霸的话就要辛苦一下了。饭堂很少，两个，吃货们可以出去吃。 3.学校教学——学校还是有很棒的老师的，不过也难免个别比较水，大学嘛，多看书比较重要，学校一向支持学生好好学习。不过相对应的是学校不管干什么都要看成绩，包括一些社团学生会在内。 4.社团活动——可以说这是东师的败笔，比我高中社团水太多太多，不要抱有太多的期待，社团活动不进无聊而且黑幕重重，我就是被【东师青年】黑掉的一个例子。 5.学生面貌——总体来讲学生还是很朴素的，浓妆艳抹的比较少，大家都很清新靓丽，学长学姐们人很好，大家都乐于帮助其他人，同学之间相处都比较融洽。 总体来说，东师是一个还不错的学校，至少找工作时还算很抢手的哦~
求问东北大学秦皇岛校区怎么样？,东大的计算机专业在全国应该是比较靠前的，秦皇岛分校也不错，我认识那边计算机系的几个老师，都是比较牛的
东北大学专业比较好？,东北大学的自动化顶尖，计算机也很强势。考虑到目前的就业情况: 计算机类1＞计算机类2＞自动化类＞电子信息类＞理科实验班＞经管类
东南大学和东北大学哪一个更好？谁叫东大？,  这世界上只有一个东大。
文科生去电子科技大学还是东北大学？,奇怪为啥邀请我……俩学校差不多吧，个人感觉在人文社科领域东北大学稍微强一点，哲学管理学都还不错，不考虑其他因素可能更适合一点。 可是为啥要死磕这俩学校呢？要去成都考得好可以去川大呀，差一点可以去西南财经呀，在东北的话文科可以去吉大呀，吉大不行来东师也是极好的～沈阳长春我个人觉得差不太多。
日本东北大学会同时招好几个中国研究生么？, 当然会的 放心吧    东北大学在帝国大里面是比较好申请的 
如何客观评价东北财经大学国际商学院的赵烁菲导员？,呵呵了
考研北京科技大学和东北大学的马克思主义理论选哪个？,  马克思主义理论专业相对强的会参与到全国重点马克思主义学院的评选中，这是17年3月刚出的名单，可以作为一个参考。马克思主义理论作为文科，总体上来说东北大学作为老牌985大学比起北京科技大学在马克思主义理论方面更强。 
东北大学中荷生物医学与信息工程学院怎么样?, What！Gao Han离开了学院？ 
东北大学的工科能否碾压西安交大？,不能 你说东南大学也就认了，东北大学``````原谅我没听说过
2016年在东北大学软件学院做毕设是怎样的体验?,论文demo给的是5年前不及格的，排版样例和排版说明里面的规则不同，外文翻译排版说明和样例又是两个标准。别的学院早早答辩完，各种毕业照拍完了收拾行李，我们这不仅学士服到现在没发（据说还没缝好呢），毕业文化衫也没影了，大家都写完论文了说demo是错的，都装订好了说封面是错的，这样的学院我除了MDZZ还能说什么呢？  走过最长的路，是软院的套路   --------------------------------------------------------------------------------------------------------------------------------------------  插一句，听说毕业照要自己拿钱才有照片？一万六的学费，大四一年没有一节课，是交给学院装正版系统了吗。 高标准严要求我们没意见。可是如果能先把这个所谓的“高标准”统一了，我们是不会说什么的。
在取消211985的形式下怎样在东北农业大学和哈尔滨商业大学中选择？,显然东北农大，211取消？？？？教育部回应很多次了，那叫统一纳入双一流， 教育部回应：不存在废除211 985工程的情况   ，此外，你可以问问保研的同学或者进国有优质企事业单位或者银行的同学或者申请出国的同学，问问过来人，211到底值不值钱。 一、如果你未来打算留学深造：211当然优势明显，，参看  知乎专栏 ，， 2015年英国高校录取有变化：211、985学校优势明显-   ，， 出国留学读研：211、985院校与普通高校的优势-百利天下留学   ，， 211大学三大优势，别的学校可没有！-搜狐教育   ，， “985”、“211”毕业生申请海外名校几率更大_服务_南方网     二、如果你想直接就业：随便搜了一下，非常多招聘都仅限985、211或211优先，如 ： 2016年中国民生银行招聘启事   、、 中信银行招聘2016-中信银行招聘公告    、、 2016年招商银行厦门分行校园招聘公告   、、 2017齐鲁银行校园招聘公告   、、 2017厦门银行校园招聘公告    、、 “985”、“211”工程高校毕业生引进计划政策 - 太仓人才网   、 2016年河南平顶山汝州市引进985|211工程大学及河南大学毕业生公告 - 国家公务员考试网   、、 2016贵州都匀市引进高层次人才和急需紧缺专业人才公告【33人】   、、大庆市 2016年综合类人才引进公告   、、 深大校长被称最牛校长 抗议银行只招211大学学生   、、 银行普遍只招“211”大学生 被指变相学历歧视    、等等，类似这些仅限于985、211的招聘都非常多，有兴趣你可以参加一些招聘会看看。211是一个平台，就业时在许多单位招聘你首先得有资格报名，不输在起跑线上，当然有些只要985，甚至清北，明显就业歧视，但这确实是事实，无法回避。 三、说到保研，你可以看看商大一年有几个保研名额： 云南大学教务处   （ 这是教育部下发各高等院校的推免名额分配文件，云大教务处的文件） ，而且每年推免名额都比较稳定（且农大一年比一年多，具体你可以到各高校、包括农大和商大研究生院保研名单公示去查），商大招生总人数不比农大少，可保研名额都不足农大四分之一，有人说农大经管保研少，我告诉你，农大保研除了拔尖班（经管有农经拔尖班）其他所有专业保研名额都是按专业人数依比例分配， 经管是农大第一大院，一个学院算上支教团名额每年保研人数八十人左右（今年经管学院一个学院保研总名单82人，商大一个学校仅100人左右），都快赶上商大一个学校保研的名额。而且农大经管院80%都能保研到985，你可以在论坛或者贴吧查查双非在保研中面临的歧视（尤其是经管专业更加明显） ，对于想进入大多数名校，非211根本没有机会入围，下面是一些名校保研要求，随便找的，你有兴趣可以再找找详细查查，还有一些是农大经济管理学院同学被录取名单（许多学校录取名单没写本科学校就没贴，不完全统计仅仅我知道的今年农大经管院保去清华一个、人大两 个、中国科学院大学一个、南开三个、中科大四个、西交大两个、哈工大五个，吉大四个，东南两个，同济一个，央财1个，上财2个，对外经贸2个，西财4个，还有华科、大工、兰大、天大、湖大、电科等等）你可以看看参考参考，也可以去两个学校招生就业指导处查数据或找研究生办老师打听打听： 2016年第一届管理科学与统计金融夏令营报名通知 - 中国科学技术大学-暑期夏令营   、中科大2016年推免生工作 中国科学技术大学-研究生招生在线   、、 关于举办哈工大管理学院2016年优秀硕士生源暑期夏令营的通知   、南开大学 金融学院2017年接收硕士推免生结果公示 （10月9日） 南开大学金融学院   、西安交大 经金学院2017年接收推免生细则   、西安交大 2016年管理学院学术夏令营营员名单   、 上海财经大学国际工商管理学院2016年夏令营选拔外校推荐免试硕士研究生候选人名单   、、、西安交大 管理学院2016年（第六届）全国优秀大学生学术夏令营通知    、 上海财经大学国际工商管理学院关于举办2016年“上财国际工商管理学院跨学科、跨专业硕博连读选拔夏令营”的通知   、 华中科技大学经济学院   夏令营学员名单通知、、 吉林大学经济学院--关于经济学院接收2017届本科毕业生免试攻读硕士学位研究生复试的工作办法   、 吉林大学管理学院-   2016优秀大学生夏令营入营名单、 大连理工大学管理与经济学部接收2017年外校推荐免试硕士研究生办法-大连理工大学管理与经济学部   、 2016年全国优秀大学生夏令营入营名单 - 中国人民大学   、中央财经大学 2017年接收硕士推免生实施办法   、中央财经大学 2017年推免生拟录取名单公示   、 重庆大学经济与工商管理学院研究生招生信息网|硕士招生|   、、 同济研究生招生网|同济研究生招生网   、、、、西南财经大学2017级推免生接收条件：西南财经大学研招信息网 首页      你只要优秀，肯努力，农大的平台很好，机会蛮多，是一个不错的跳板，相比于你的高考分数，性价比是超高的！！！加油吧~
北京工业大学和东北大学哪个更好？,谢邀。这两所高校，北工大是省属211，东北大学是部属985，计算机和电子信息类专业东大更胜一筹。东北大学劣势是地处沈阳，经济处于衰退期，就业机会偏少。北工大地处北京，就业机会多，但竞争也大，清华北大、北航等众多高校压着。无论是考虑继续深造，还是选择工作，均建议选择东北大学。
在东北财经大学（DUFE）就读是怎样一种体验？,东财在读大二学生不请自来  可能我说的没有那么代表性，因为我在一个与英国大学合作的学院，所以有片面性，还请谅解。  以前我听说过东财的外号是东北青年疗养院以及富二代聚集地，但实际上有富二代但也不是很多，学校的风气也算不错，好歹也是财经类重点院校啊，学霸还是很多的，学习氛围也不错。  说的太散了一点，分几个部分吧。   学习  我所在的学院较其他学院高考录取分数相对较低，学霸没有那么多，而且课程安排较松，大多数人毕业方向还是已出国为主，再加上我们的课本大多数是英文的还有一些外教授课，所以有好多英语大牛。 其他学院的话，课程安排很紧凑，我认识的一部分同学平时就泡图书馆，我这种上课从来不听课只在期末临时抱佛脚的人简直自惭形秽。。。他们大部分会有考证，考研，找工作的压力，这个一般大学生都有啦，毕业去向还是从事金融相关工作和考研较多。 没有晨读没有早晚自习，早上8点第一节课，下午5点半结束最后一节课，选修课在8点半结束，很少有每周每一天都是满课的情况。 关于教学质量的话，别的学院我不知道，我们学院的老师还算比较认真负责，很少有无故缺课上课扯皮或者教学方式比较单一无聊的情况，目前做的最多的就是小组作业，presentation，还有写各种essay，report。（我们专业被称为IELTS院presentation专业。。。）不过其他学院应该不是这样，不太了解就不多说了。 我是学渣。。。对于学习就不赘述了。。。   生活  大连物价还是有点贵，一个月1500是basic差不多。。。当然土豪一个月就不知道花多少了，也有很节省的孩子一个月也就1000左右。   住         有单独的住宿区，一部分在学校里面，挨着煤堆。。。一部分跟学校有个天桥相连，是独立的小区，4人间居多，有也6人间和2人间，浴池在宿舍区里，有两个独立的浴池，都算干净，整体来说住宿条件还算好的。   吃        食堂有三个，其中一个是清真食堂，宿舍区有一个美食城，基本可以满足所有需求。学校周围也有许多大大小小的餐馆，总体来说还算很方便。   交通        还算靠市区，打车起步价就能到万达广场，相当方便，周围还有两家稍微小一点的影院，步行10分钟有家沃尔玛，到其他购物地段最多也只需要40分钟，离海边坐公交的话也就20分钟不到，宿舍区门口就有3路公交的站点，或者走10分钟可到达有轨电车车站。到达火车站最多40分钟，高铁站最多1个小时，机场的话40分钟也能到了，交通算是相当便利了。   学校环境        东财很小，20分钟足以从宿舍走到最远的教学楼，转一圈也就不到半个小时，但是绿化特别好，感觉满眼都是树，我第一次来东财的时候就是这个感觉。春天有一片樱花林会开花，相当漂亮；秋天的树上的叶子变黄，在路的两旁也很美；冬天雪铺满整条路的时候也是最美之一。   学校活动  由于我的学院的特殊性导致活动相对于其他学院来说比较多，什么国际文化节，女生节，各种比赛各种晚会之类的。。。学校的活动也很多，大型活动有运动会，迎新，毕业晚会，也有各种社团组织的活动还有比赛。总而言之就是丰富多彩，如果参加了很多比较忙的社团，那基本上平常就不用学习了，光社团就有的忙了。  就差不多这些吧。。。 大学的时光肯定是最好的时候，也是最后一段学生时光，无论是学习社团实习兼职还是只是玩着过了四年大学，都会是一段美好的经历。我还有两年，我会珍惜。  欢迎来DUFE就读~  附一张雪景图。。貌似我只拍过雪景。  
东北大学秦皇岛分校考研？,谢邀。 本科考国内研究生目前最常见的方法有两个：保研和考研。 教育部有规定，有独立研究生院的学校，保研率不得低于百分之十五。 遗憾的是，东秦并没有独立研究生院，它是与东北大学总校共享的保研名额，只有可怜的百分之五。 （这里有传言称最近分校研究生院要独立，如果题主能赶上的话，最好） 换言之，一个三个班的专业，（如市场营销），大概只有五个人左右能保研。 再换言之，如果你大一有一门考试低于85分，能够保研的几率就大大下降了。 残酷吧？ 所以我这种学渣从进校就没有抱着保研的希望，但名校情节是个很奇妙的东西，无论大学生活再怎么堕落再怎么无所事事，一到大三，你就会有种莫名的坚持，你打心里告诉自己：这是你本科时代最后一次能证明你很牛逼的机会。 讲点干货。 学校总体考研率不低，工科（特别是控制和计算机类）偏高，经管偏低。我是机械专业，我的12级学长学姐们，大三下学期统计考研人数不到总人数的一半，其中最后考上总校的占三分之一，其他学校的三分之一，没考上的三分之一。数据局限性很大，谨慎参考。本专业的考研数据可以直接向导员询问，导员会很喜欢题主这样懂得为将来做打算的孩子的。 考研的经验嘛，我现在也仅仅在备考阶段，掌握的经验也都是前人总结的，等待亲自去验证。我现在大概只有很少几条能够想到的适合你的经验 1.建议以985学校为底线，成绩在前百分之二十可以考虑C9院校。 2.贴吧有前辈的经验帖，无论是学校贴吧还是考研吧。但受众大多是已经开始准备的准考研生，写给大一大二的扫盲贴确实不多，题主可以挑一些看，看不懂的不要急，这种碎片化的信息看多了自然就会有自己的见解。 3.不要急着决定学校和城市，先把要考的科目着重学习，经管类专业一般是考数三（高数，线代，概率论），英语（不管英一英二都先按部就班的学），专业课和政治（思修马原毛概近代史当代经济） 4.多参加活动和项目，有些是考研复试的加分项，具体有哪些，需要你自己去打听，导员和大三学长学姐都可以。  最后啊，一个很私人的建议。 才大一，想这么早干嘛啊，考研本身就是一场寂寞如雪的战役，不必要从大一就开始承担无穷尽的担忧。在保证自己人生不入歧途的情况下，大学前两年，当然是怎么嗨怎么过。  有什么问题可以评论区回复我，乐意效劳。
东北大学面临的困境与出路？,我这个答案是没有营养的感叹。东北大学的问题还是老生常谈的那几个，和如今的沈阳一样，那些问题被无数遍提起，却也只是提起，似乎没什么改变。尤其是今年上半年，沈阳经济断崖式下跌，东北大学发文数量质量也持续走低，这是坏消息，但也是好消息。我相信机遇总是与挑战并存的，可以说这两者如今都到了最危险的时候，如果再不起来，大概可预见的未来，就没什么机会了吧。不过我还是愿意相信他们的，因为我能看到他们的努力，沈阳的新兴产业高速发展，我能看到一个努力进行产业升级的城市，东北大学的改革也处处可见，我似乎也能看到他重新站起来的欲望，但相比较之下，我愿意相信并陪伴他们的最重要的原因还是，这是我的母校，这是我的家乡。
论工科，云南大学与东北大学秦皇岛分校相比 如何？,谢邀 我作为一名云南大学的学生，对东北大学秦皇岛分校并不太了解，我就简单谈一谈我所了解到的云南大学工科的情况吧（我在云大也是一名文科生，所以只能谈谈表面上的了~抱歉）。云南大学作为一个地方211大学，获得的资源是比较少的，但是理工科发展花费都比较大，所以实际上云南大学的发展是偏文科方向的。云南大学有四个国家级重点学科，分别是民族学、生态学、专门史、微生物学，都主要是比较有地方特色与地方优势的。理工类的重点实验室也比较少，省级与省部共建的实验室大概只有4、5个，工科的院士也只有一个陈景。不过软件与计算机方面的专业应该还是不错的，也是学校里面的重点学科了，投入也是不少的。我了解到的也就是这么多了~
东北地区，最烂的985是不是东北大学？,谢邀，我就是来问问到底是谁把“大连理工大学”这个标签又加上了？删完了还往上加，这是非得挑事么这是？ 这问题和我工没关系，爱找谁撕找谁撕去。 再说了，全东北就这么四所985了，难兄难弟咱好好发展自己不好么？都兄弟院校咱还有那闲心评个最烂好互相撕呐？ 一边去
东北大学ACM强吗？, 强不强是相对而言的。东大与辽宁省内的学校相比并不算是弱校，但要是与东北乃至全国的高校相比的话肯定是弱校无疑了。(东大近两年在区域赛上的最好成绩都是铜牌，在东北四省赛也没有获得过一等奖，顺便ym ls的四省赛冠军)    对于第二个问题，我觉得ACM竞赛毕竟是个竞赛，可能并不是所有的学生都适合去花很大的精力来做，早些退出也是明智之举。再来嘛，大学里可以做的事情太多了，但人的精力是有限的，可能有人做acm做了一年，突然发现自己更喜欢做项目，那不继续做acm也是可以理解的。   最后，其实不是很理解为什么提问者会觉得迷茫，如果喜欢acm竞赛就坚持做下去，要是感觉做acm是一种负担，但又不是很想放弃，那么我建议你可以先去做些别的东西，一段时间之后再决定是不是要继续做acm。
美国东北大学真的很水吗？, 这么说吧，没有数据的胡说八道，都是耍流氓。反对高票答案近乎戾气的发言。说实话我只在里面看到戾气和带有诽谤性质的猜测论断，发泄是发泄了，但是能给答主带来客观的判断吗？话不多说上图。下图是NEU在ARWU（世界大学学术排名）里的各项排名：    可以看出来的是2016年NEU全球各项学术排名都基本和高票答案一个说法，那就是在101到200之间。  有一点很有意思的细节从上图可以看出来，NEU的学术水平是在逐年提升的。而neu有一项大家喜欢诟病的是这个学校最近几年的排名都是上升趋势，最近的全美排名是39名。很多人把这一点作为攻击的地方，我认为恰恰相反。说实话，美国的排名是很科学的，那是有一套很严谨的论断标准，指标也都是硬指标。说实话是没办法和国内一样搞小动作的，行就是行，不行就是不行。nue的学术水平逐年提升，那么全美排名提升难道不是很正常的事吗？而且相比于很多走下坡路的学校，向上趋势的学校难道不更加是潜力股吗？有向上的趋势和动力怎么在知乎反而成了一件坏事呢？   下图是几个学术指标里大家比较熟悉的SCI全球大学的排名，2016年美国东北大学的排名是101-150.大家可以对比一下他的周围学校，这个排名也是要比国内的前十大学上海交大要高的。   好，说完了学术水平，咱们来说说录取的条件。说实话，在我之前我也看了楼上不少NUE正规学院学生的现身说法。配合我自己在波士顿的了解，基本上你能被NEU的正规学院录取，你的硬件去BU是没问题的。从硬件看这两个学校的录取硬件同等专业基本要求托福和GRE差不多，这一点之前那位CS专业的  @ZhongdaoChen  同学可以侧面证明。   然后就是大家广为诟病的CPS学院了，但是说实话，基本上国内的很多985都有自己附属的三本或者成人学院。BU也有大都会学院，是一个性质，但是没有见过国内有人因为交大或者复旦的三本学院就黑交大或者复旦水吧？那不是睁眼昧着良心说瞎话呢么？对比的话，答主在波士顿认识不少CPS不够资格退学然后转学去大都会的，录取要求没经历我不敢和正规学院一样说的那么肯定，但想来两者的要求也差不多吧。但是BU的学费更贵。至于说名声，那得美国人说了算吧？起码我在波士顿几年，基本上打车遇到的uber当地司机一听NEU的学生还是印象很好的，都认为是好学生。而NEU 还有一个优势项目就是COOP这个在整个美东甚至美国都相当有名气，不少老美去NEU就是为了这个项目，本科期间的尤其厉害。想了解的同学可以去自己了解下。   抛开整体排名，下面做个部分neu专业排名小参考附录，顺便解答一下答主关于专业的问题。个人认为neu的商科，医学，工程在美国还是不错的，用事实说话。希望能帮助到一些需要帮助的人：  2016年 美国大学   国际商务专业本科排名(International Business) 第15位  2016年美国大学临床培训专业研究生排名(Clinical Training) 第17位  2016年美国大学医疗法专业研究生排名(Health Care Law) 第17位  2016年美国大学工业/制造/系统工程专业研究生排名(Industrial / Manufacturing / Systems) 第30位  2016年美国大学土木工程专业研究生排名(Civil) 第31位  2016年美国大学计算机工程专业研究生排名(Computer) 第38位  2016年美国大学电子/电器/通讯工程专业研究生排名(Electrical / Electronic / Communications) 第41位  2016年美国大学最佳工程学院排名 第43位  2016年美国大学机械工程专业研究生排名(Mechanical) 第43位  2016年美国大学本科工程类排名 第51位  2016年美国大学环境/环境卫生工程专业研究生排名(Environmental / Environmental Health) 第54位  2016年美国大学化学工程专业研究生排名(Chemical) 第54位   2016年美国大学最佳商学院排名 第57位    基本情况就是这样，不吹不黑。作为一个美国前50的大学，neu还是有这个资格的。 如果答主是想要去neu的正规学院，那自然回答是不水的，这就和问去交大正规学院水不水一个道理，而如果答主的硬件不达标，想要去CPS这类学院，那就不要问水不水这种问题了，相信你自己心里有答案：）   最后希望知乎的大家能够在答题的时候少一些戾气，多一些数据和客观。    reference： Academic Ranking of World Universities  Shanghai Ranking - 2016    
半年内考上清华，哈工大，东北大学等国内著名学校机械研究生的难度有多大。？,哈哈，看到我大东大与清华、哈工大列在一起，莫名欣慰啊。＿我们学校机械学院的过程装备与控制工程专业的研究生是相对好考的，因为它的知名度不高，报考的人很少【但实力很强，机械真空，国内这个领域很多都是东大的在做奥】。如有问题，可以私信   http://  faculty.neu.edu.cn/jcli  /index.html         http://  faculty.neu.edu.cn/kliu  /       这是两位专业老师的主页，涵盖了一些研究方向和学生去向的信息。
东北大学美女多吗？,题主可以放心，东大不会有美女看你
工科考研东北大学或者矿大徐州？,你要回山东，你三年之后就毕业走人了，你还管沈阳是不是大城市，是不是关注点偏了
东北大学为什么是正厅级985，而不是副部级985？, 传闻是因为当年和大连理工争副部级没争赢，话说当年赫冀成当校长的时候唯一的两项功绩---成为985、坚持没有学吉大搞大规模兼并。。。但是也没有争取为副部级高校。 
教育部正式废除985和211工程，开展双一流建设，东北大学未来如何？,个人认为，国家要振兴东北，不可能故意让学校黄，会适当照顾。
我要在沈阳东北大学周围开一家很有特色的咖啡馆，有什么建议和加盟合伙人吗？,谢邀 大学附近开咖啡馆基本上是不可行的。开一个死一个。 咖啡本身不是人的刚性需求，很多客人可能一周或者一个月才来一次。基本没有人会天天泡在咖啡馆。 而且大学附近，消费不可能定的太高，也就20-30吧？甚至更低。 但题主首先你要想到，隔壁的黄焖鸡米饭天天爆满，他们的人均是15-20，。 黄焖鸡米饭不用装修也不用玩情怀，不用考虑生意好不好 而你的咖啡馆要么装修好，要么逼格高，要么东西好喝才能赚钱。 像  @多木先生  说的，六个人一下午一壶茶，你要怎么去解决？
东北师范大学还是外交学院？,我来回答题主您。  作为答主的我对外交系统还是有了解的。  题主想去搞外交，需要回答我几个问题  1题主愿意忍受常年不能回国，也许整个工作生涯都在国外的使领馆度过？ 很难和爱人以及子女相聚，子女的成长教育都很难照顾，子女长大以后也许会怨恨你。爱人如果也是外交部的更是如此。  而且即使最后题主干到外交部的副部长等职务，退休后也就是2套北京贫民窟中的房子，老了以后像老僵尸一样终日行走在院子中。子女也对你不闻不问。  2 题主愿意忍受被派到亚非拉等国，特别是战乱地区，这些地区疾病肆虐，而且人身安全也往往没有保障。  3题主情商和为人处事如何。  外交部的唯一好处就是账面工资在外派后很高。每个月两千美元还是有的。
在东北大学冶金学院读书是一种什么体验？,总结的不错
东北大学被9816益考网列为4挡985的依据是什么？,欧洲杯预选赛中，经常有强队在抽签分组时被列为第三档第四档。 当然，我大南湖职业技术学院并非强队。 列为四档，无可厚非。 请继续在南湖畔，做一个安静的技术学院吧。 很好。
如何评价东北财经大学的一二九中文演讲比赛？,半夜无聊就翻到了这个问题，鄙人才疏学浅，站在一个旁观者而非参与者的角度谈谈个人看法。        首先，从细节着装和风格开始说起，我不知道为什么我们学校129的演讲的着装都是正装，正装看起来的确适合普遍的演讲风格，但这样是不是选手们就失去了一个能够展现自我特色，能让大众记住自我特色的机会了呢？比如就从去年的浮与沉主题演讲来说吧，影响深刻一个很帅的女孩子张口来了段马三立老先生版的满汉全席，那时我就在想穿个讲相声的长马褂会不会更有意思些？对，注意我说的“有意思”三个字，看过长时间沉闷的演讲，来点眼前一亮的很有必要，当然，如果我东财真有人的功底能够像Obama先生一样，演讲时严肃的风格时不时来上两句别人能get到的“幽默”（此处强调是幽默！不是搞笑诙谐！）就极其出彩了。总之，我觉得只要能体现自我风格和主体的统一，牛仔裤也未尝不可！         其次，演讲内容很多都讲的。。。太假大空了！有些人讲的那些内容，我保证比我看到司马迁写的报任安书在高中生作文本上“出勤率”还要高，演讲主题太高会很难引起共鸣，你以为你感动了很多人，其实只感动了自己，大主题永远比不上讲一个细微生活中的故事，还有就是起码在浮与沉这个主题演讲中感觉没有听到很有新意的演讲，有点小失望，其实比起高超的演讲技巧，有些新的思想新的观点，同一个时事新的解读我更想看到这样的交锋。         再说，演讲的评判标准我不太懂啊。。。又拿这一次浮与沉的演讲来说，有人还记得那个硬生生把主题扯到了女权身上的那篇演讲么！？当时在场我觉得自己的尴尬癌已经晚期了阿门！那篇最后竟然还拿了一个貌似不错的名次我就。。。excuse me！？我只知道从很久很久以前不才鄙人学啥都没学会但是学会了“立意比审题重要，但审题是立意的前提”这句话啊！这就像是我喜欢胡歌，你给我陈道明也没用啊喂！还有就是评分的话，评委是否可以“多元”一些，因为今年评委我发现暴露出了一个弊端，很多分数偏高甚至分数拉开差距过大和评委个人偏好说没有一点关系你信么！？每个人的评价不可能绝对客观，一定带有个人的主观色彩，所以为什么不尝试邀请不同学院的老师，性格，性别，个人际遇不同都可以！         最后，演讲比赛的心态吧，我以为这只是一次活动，但我分明看到了霍格沃兹争夺学院杯的魄力啊！话说还有什么这个那个输了怎样怎样，why so serious！？值得的人会赢得荣光，不值得的人，荣光对他们来说就是羞耻。         不要问我为什么只有最近一次演讲的事来佐证，因为。。。我是大一小学妹啊哈哈哈哈哈哈哈哈哈，吐槽归吐槽，比心:-)   回归知乎发现这个问题又有了新的回答，但是好像对女权的那个演讲看法不一样啊，这么说吧，女权意识貌似在社会上已经成为了一种判断别人政治正确的标准了，很多人都想要谈一谈，对，这个问题这么重要当然要谈啦，但是啊，这是个比赛啊，是个有主题的比赛啊，这不是一个人的个人秀，如果这是一个演讲者自己定主题很OK啊，但在大主题下谈别的对别的同学真是太不公平了，这并不酷
华中师范大学和东北师范大学考研哪个更难？,看专业，有些专业华中容易，招的很多！
在中国东北大学的软件学院就读是怎样一种体验？,2016/08/07更新： “你一个学软件的不是学数媒的，去游戏公司干什么，还是去做策划，不行，我不给你批”  2016/06/17更新： 我说软件学院教学办操蛋，软件学院不好，你们还好意思来逼逼我，骂我，你们还是图样啊 论文卡住了吧，怂了吧。以后出去别总说软件学院好，一碗水要端平，要平心而论，不过也没啥，反正你开心就好。 我已经告诉我身边所有人，以后千万别来东北大学读书，后悔。   最新更新：教学办某老师不干了，回家不知道干啥去了。   评论里有人说我抹黑，请问我说的哪件事情你觉得不是事实呢？抹黑在哪里抹黑了？  怎么说呢，东北大学是个内部极度腐烂的大学，跟大部分的东北那边的大学、事业单位什么的一样。领导严重不作为，很糟糕。 大学四年能换三个校长，hejicheng校长大家都知道的，第二个后来去了华科，现在又来一个新校长，应该有所起色？ 建新校区花了多少钱？当初我上学时候还说学校存款10几亿，后来呢，呵呵。（后来欠款xxxx万吧） 软件学院也那样，先说说教学，教学方面，鼓吹自己是全国第一，第二，第三，其实水平咋样，自己心里清楚。嗯，计算机网络开卷考试，嗯，因为院长搞通信的，所以开一门通信原理，美其名说大部分毕业生去了华为这样的公司，不懂通信原理给人笑话，实际你开这门课，到底学生学到了多少？（你现在问问大四毕业生，几个知道小波变换，会算卷积的？）呵呵。 软件学院大部分的学生连根网线坏了都不知道咋办，电脑坏了都不知道该怎么修。当然，你可以说软件学院是学编程的，不是修电脑的，但是我觉得，作为一个大学生，掌握这些基本技能不过分吧。呵呵。 软件学院被人戏称为东北大学第二外国语学院，给学生开设日语或者韩语课，然后日语课老师比较严格一些，学生就在数据结构这样的课上学日语，被数据结构老师大骂（哪位老师？就那么几个，你去打听一下就可以知道真假了）。你说是学生不行还是老师不行，还是学院不行呢？呵呵。 嗯，软件学院建院xx周年，弄一帮学生，课也不上了，去北京参加表演，嗯，第二任校长上任，弄一帮女学生去跳啦啦操在运动会上给校长们看。嗯，类似的事情多了去了，挂科率遥遥领先，嗯，学费高，学生也没得到 什么实在的东西，教学办那个张xx老师（你自己想想有没有什么事情栽在他手上），哪个学生去找他办事没被他难为过？为何这么屌呢？学院教学办这些老师真觉得自己高高在上么？非得让学生求你，给你说一大堆理由才给办？难道这都不是你的职责？呵呵。诸如此类事情太多，呵呵。 再说说学生宿舍，交1.6w学费，你知道你住的那个学生宿舍啥情况么，外面下大雨，屋里漏水能从门口溢出去。呵呵。嗯，找人来修，拿了个东西放上面连墙面都没碰到就说修好了，哪间寝室用我说么，三楼哦。 别的没啥好说的了，总而言之一句话，你问我姿词不姿词，我说姿词。
东北电力大学与北京邮电大学选哪个好？,如果你在考虑东电…那就选择东电吧孩子 …… 因为你肯定上不了北邮
吉林大学和东北大学对比？,对比来对比去没意思好么，这段时间怎么都是问我这个的。去百度百科查一下两个学校，看两个学校的重点学科有那么难吗？假设想读的都是重点专业，看一看哪个城市更发达有那么难吗？ 假设想读的都不是重点专业，看一看哪个城市更好
如何评价东北大学软件学院的刘欣同学？,刘欣同学刻苦上进，勤奋好学，是2012级软件学院难得的人才
我想考东北大学机械制造的研究生，考试考的是数一还是数二？英语系一还是英语二？,谢谢你的邀请。 我刚刚查了一下，并截图如下。                 我查到的信息是机械学院研究生部共设7个专业，其中“机械制造及其自动化”~“化工过程机械”考的是英语一和数学一，“机械工程”考的是英语二和数学二，更具体的信息可以参考学校的研究生网站，这是该页面网址   http://www.  graduatequery.neu.edu.cn  /zyml/studentAction_indexStudent.do      
天津外国语大学和东北大学外院如何抉择？,        不知你要报什么专业，英语？还是其他？你可以上网查一下你要选的专业中天外和东北大学的专业排名。 这时候就算天外不是985.211，如果它的专业排名比东北大学靠前的话，你可以果断选择天外。。因为你是因为专业好才选择这个学校，而不是只为了一个头衔去选择专业并不具优势的学校。        首先，就地理位置来说，天外的语言类专业位于天津市中心老校区，占地面积小，但由于地处五大道风景区和民园，所以景色还是不错的。除了夏天有时会达到40℃的高温或是讨厌的雾霾之外，其他的的都挺满意。。         其次，理工类大学里男生应该蛮多的，但是天外的妹子数量庞大，男孩纸屈指可数哇，所以将来想要碰到心仪男神的概率会大大降低……天外实行的是20人左右的小班制教学，一般情况下班里只有1～3个男生，有时1个也没有。         总体而言，天外的语言学习氛围还是比较浓厚的，英语专业人数最多，日语专业比较有口碑，可能和校长是日语专业出身有关，比较重视日语专业。小语种没怎么了解过。。
在东北大学（Northeastern University）就读是怎样的体验？,  应评论要求加了两张新的哈士奇（自动获得不给哈士奇拍照会死的病      当你发现学校遍地都是蠢萌的哈士奇的时候，你就会觉得这个学校的校训应该是“卖自己的萌，让别人黑去吧”。 
如何看待东北农业大学让学生义务劳动？,  看到某非本校的人嫌弃我们不爱母校，还说不就是几块石头吗？   不就是几块石头？你一定不是我们学校的吧，看看图片就知道了。      我们不愿意捡石头是因为学校用德育分威胁我们当免费劳动力。 我们花钱上学，为啥要在周末去捡石头？似乎学生手册里没有免费劳动的义务吧？学校雇人的钱都懒得出了？   而且现在考试周，明天我们就有考试，不管平时学不学，考试前让去当免费劳动力怎么也说不过去吧？    但是如果捡石头就能让我期末不挂科，那我收回上面所有的抱怨。(●°u°●) 」    
如何在东北大学转专业？,就我学院情况，480人就只有20多到三十多的人可以成功转走。而且而且被调剂的专业的学生转专业欲望可不低，怎么说呢，就是不建议调剂来这。
如何评价东北大学(沈阳)？,东北大学六年，不匿！觉得学校不好的学生，我只想问一句，你们认真学习，努力生活了吗？  我经历了南湖和浑南两个校区，本科和研究生跨越了两个学科，我试着从自己的角度评价下。  1.教师水平和教学质量  我的研究生导师是位专于学术，处处为学生着想的好老师，研一带我做国家社科基金项目的研究，带我发CSSCI论文，指导我做挑战杯比赛（最后获得省特等奖），研二鼓励要就业的去实习，支持要就业的同学提前毕业。  我的本科毕业论文导师，在我大四的时候对我反复指导，亲自帮我改论文框架，多次教我修改论文和写作的方法。  也有部分老师上课很潦草，给分很马虎，但是我经历过的大部分科研和教学的老师都是很认真且负责。  如果你上课不听，下课不学，我觉得是没有资格抱怨老师教的不好的。晒一波成绩，虽然不是第一，但是我觉得老师教的很好，我基本没用听不懂的课。很多考的不好的科目，比如C语言，的确是自己没用认真学。     2.校园生活和学生活动  校园生活丰富多彩，学生活动色彩缤纷。  大一开始参加志愿者协会，一直做到大三退休。大三开始在团委做学生助理，一直做到大四毕业。期间参与了各类大大小小的活动无数，虽然也有一部分坑队友的小伙伴，但是大部分还是很顺利的。也增添了大学生活的乐趣。  假期的学生活动更加丰富多彩了，大一的时候跟着学姐学长去辽西北的蒙古族农村支教。大二的时候报名参加龙愿两岸四地青年交流活动，去了香港和北京，最后还和四地青年一起来了东大，因为东大是行程最后一站。大二暑期还组织了一个队伍去上海做社会实践，主题是重走共青团足迹。大三暑假参加了暨南大学保研夏令营，看似没啥关系，但是当时入选的优势就是我是985大学学生（没有论文，我们专业很弱业内没有名气，人家录取我应该是看上了我985大学学生的身份）  校团委老师都是很不错的。在校团委做助理的时候真的学到了很多东西，文书写作，活动策划，领导和组织能力，表达技巧，还有一点就是学会了如何认真如何去努力。大一的我其实是学渣，团委史老师一直催促我好好学习，每次期末问我各科成绩，如果我说我要学习要上课，老师就不会给我安排工作。前两个月在小西门遇到一个团委女老师，大老远的还和我打招呼，还加了我微信，人走了茶也没有凉，何况我都走了两年了。  3.南湖校区和浑南校区  南湖校区特别好，交通方便景色优美，我的一般购物需求太原街万达中兴，茂业以及万象城就可以解决。西门和南门和东门都有很多吃饭的点，要吃的好点么，万象城也不远。除了洗澡不方便以外，南湖校区没有大毛病。  浑南校区我住了一阵子就搬出去住了，第一，交通太不方便。第二，环境太差，尘土飞扬，到处都是施工现场。但是可圈可点的是教室内部很好，教学楼一走进去特别洋气！还有食堂的饭菜很好吃。  4.男女比例  其实我在文科学院并没有感受到太大的不协调。走在校园里，美女也挺多，帅哥就不多了。还有软件学院的男生比较帅。  找到对象真的不是件难事，但是前提是对自己有正确的认识，性取向是什么，自己好不好，能找什么样的，想找什么样的。   整个大学我也会吐槽老师，但是被我吐槽的老师人数很少，大部分是奇葩中的精华。吐槽过冬天扫雪。吐槽过财务处工作效率。吐槽过桃源亭饭菜难吃。吐槽过五五跳广场舞的大妈。吐槽过东大医院医生的医术。吐槽过被观众，被迫参加各种学院的文艺活动（这一点也是我觉得是我整个大学最不快乐的地方）。  但是我觉得东北大学还是一个好学校，一个好的摇篮，但是到底最后摇出什么样的孩子，还取决于大家自己！
有没有人 能告知我美国东北大学研究生学费情况？, 　如果说Curry学生中心是校园生活的中心，那么Snell图书馆就是东北大学学习生活的核心地带图书馆拥有藏书985，000册，每年的访客达到一百万人次。Snell图书馆同时还是东北大学文化生活的一个重要部分，这里有“同辈学习辅导”项目“与作者见面”座谈会、以及创新性研究工具。除了Snell图书馆以外，东北大学还有一个美非学院图书馆，专门提供非洲文化的研究资料；法学院图书馆以及海洋科学图书馆学生可以免费使用这些图书馆。  　　东北大学提供非常多的选择让您在图书馆和教室以外的生活充满乐趣，您甚至都不用走出校园！我们有众多的体育设施、学生组织及活动，您可以参加活动或免费观看。我们还有很多宗教团体和活动、业余及职业的艺术活动，包括舞蹈、戏剧及音乐。在校园里还有一个夜总会，学生在那里进行表演。  　　如果您是一名运动员，您有很多运动选择，有的甚至有着非常激烈的校际比赛，有的是校内的友谊比赛，有的你可以自己练习或是和朋友一起练习。运动项目包括棒球、篮球、团队项目、田径项目、曲棍球、橄榄球、冰球、足球、壁球、游泳、网球以及排球。如果您只是想在我们众多的健身房中选一个进行一点健身锻炼的话，也完全没有问题！作为一名Pathway课程的学生，您可以使用东北大学提供的大部分设施及项目。这些设施位于Cabot中心、Marino娱乐中心、Badger&amp;Roe 壁球馆以及Mathew体育场。  　　大学健康及咨询服务（UHCS）的目标是让您保持健康状态，或是让您在生病后早日恢复健康HCS关注的身体和心理的健康。UHCS提供现场服务的人员包括护士、护理诊断师、内科医师医师助理、心理咨询师以及心理健康顾问。如果您万一需要更深入的诊断和医疗，在大波士顿地区有着非常多的专业人士可以为您提供更深层次的护理。请参阅东北大学的健康及咨询服务。  　　马萨诸塞州的法律要求所有全日制学生及国际学生必须参加健康保险计划，以便应对无法预期的医疗费用。东北大学的学生健康保险计划（NUSHIP）不仅达到，还超过了州政府的要求，凡是没有参加类似的健康保险计划的学生均要求参加此计划。如果您已经参加了类似的健康保险计划，您可以在指定的截止日期前申请豁免NUSHIP。     东北大学研究生学费具体多少及专业介绍    艺术、媒体与设计学院    新闻学  托福100分或雅思7分，GPA3.0以上，GRE，学费$30，240/年，申请截止日期2月1日   东北大学新闻学研究生学费具体多少      建筑学  托福100分或雅思7分，GPA3.0以上，学费$30，240/年，申请截止日期2月1日   东北大学建筑学研究生学费具体多少      可持续城市环境设计  托福100分或雅思7分，GPA3.0以上，学费$30，240/年，申请截止日期2月1日   东北大学可持续城市环境设计研究生学费具体多少      可持续建筑系  托福100分或雅思7分，GPA3.0以上，GRE，学费$30，240/年，申请截止日期2月1日   东北大学可持续建筑系研究生学费具体多少      信息设计与可视化  托福100分或雅思7分，GPA3.0以上，学费$30，240/年，申请截止日期2月1日   东北大学信息设计与可视化研究生学费具体多少      计算机与信息科学学院    计算机科学  托福或雅思，GRE，学费$32，520/年，申请截止日期5月1日   东北大学计算机科学研究生学费具体多少      信息安全  托福或雅思，GRE，学费$32，520/年，申请截止日期5月1日   东北大学信息安全研究生学费具体多少      健康信息  托福或雅思，GRE，学费$32，520/年，申请截止日期8月1日   东北大学健康信息研究生学费具体多少      工程学院    化学工程  托福79分或雅思6.5分，GRE（数学157分以上），学费$32，496/年，申请截止日期1月15日   东北大学化学工程研究生学费具体多少      土木工程  托福79分或雅思6.5分，GRE（数学157分以上），学费$32，496/年，申请截止日期1月15日   东北大学土木工程研究生学费具体多少      电气和计算机工程  托福79分或雅思6.5分，GRE（数学157分以上），学费$32，496/年，申请截止日期1月15日   东北大学电气和计算机工程研究生学费具体多少      电气和计算机工程领导学  托福79分或雅思6.5分，GRE（数学157分以上），学费$32，496/年，申请截止日期1月15日   东北大学电气和计算机工程领导学研究生学费具体多少      运筹学  托福79分或雅思6.5分，GRE（数学157分以上），学费$32，496/年，申请截止日期1月15日   东北大学运筹学研究生学费具体多少      工业工程  托福79分或雅思6.5分，GRE（数学157分以上），学费$32，496/年，申请截止日期1月15日   东北大学工业工程研究生学费具体多少      信息安全  托福79分或雅思6.5分，GRE（数学157分以上），学费$32，496/年，申请截止日期1月15日   东北大学信息安全研究生学费具体多少      机械工程  托福79分或雅思6.5分，GRE（数学157分以上），学费$32，496/年，申请截止日期1月15日   东北大学机械工程研究生学费具体多少      理学院    生物学  托福100分或雅思7分，GRE，学费$30，480/年，申请截止日期3月15日   东北大学生物学研究生学费具体多少      生物信息学  托福100分或雅思7分，GRE，学费$30，480/年，申请截止日期4月15日   东北大学生物信息学研究生学费具体多少      生物技术  托福100分或雅思7分，GRE，学费$30，480/年，申请截止日期8月1日   东北大学生物技术研究生学费具体多少      海洋生物学  托福100分或雅思7分，GRE，学费$30，480/年，申请截止日期2月1日   东北大学海洋生物学研究生学费具体多少      数学  托福100分或雅思7分，GRE，GRE Sub（MS需要），学费$30，480/年，申请截止日期5月1日   东北大学数学研究生学费具体多少      应用数学  托福100分或雅思7分，GRE，学费$30，480/年，申请截止日期5月1日   东北大学应用数学研究生学费具体多少      运筹研究  托福100分或雅思7分，GRE，学费$30，480/年，申请截止日期5月1日   东北大学运筹研究研究生学费具体多少      物理  托福100分或雅思7分，GRE，GRE Sub（recommended）学费$30，480/年，申请截止日期1月1日   东北大学物理研究生学费具体多少      社会与人文科学学院    犯罪学与刑事司法学  托福或雅思，GRE，学费$29，400/年，申请截止日期1月10日   东北大学犯罪学与刑事司法学研究生学费具体多少      经济学  托福或雅思，GRE，学费$29，400/年，申请截止日期1月10日   东北大学经济学研究生学费具体多少      英语  托福或雅思，GRE，学费$29，400/年，申请截止日期1月10日   东北大学英语研究生学费具体多少      法律与公共政策  托福或雅思，GRE，学费$29，400/年，申请截止日期1月10日   东北大学法律与公共政策研究生学费具体多少      政治学  托福或雅思，GRE，学费$29，400/年，申请截止日期1月10日   东北大学政治学研究生学费具体多少      公共管理  托福或雅思，学费$29，400/年，申请截止日期1月10日   东北大学公共管理研究生学费具体多少      社会安全与抗逆力研究  托福或雅思，学费$29，400/年，申请截止日期1月10日   东北大学社会安全与抗逆力研究研究生学费具体多少      社会学  托福或雅思，GRE，学费$29，400/年，申请截止日期1月10日   东北大学社会学研究生学费具体多少      城市与区域政策  托福或雅思，学费$29，400/年，申请截止日期1月10日   东北大学城市与区域政策研究生学费具体多少      商学院    工商管理硕士  托福或雅思，GPA均分3.3分，GMAT均分652分，可以GRE，学费$34，392/年，申请截止日期4月15日   东北大学工商管理硕士研究生学费具体多少      会计  托福或雅思，GPA均分3.25分，GMAT均分550分，学费$34，392/年，申请截止日期11月15日   东北大学会计研究生学费具体多少      金融  托福或雅思，GPA均分3.27分，GMAT均分662分，学费$34，392/年，申请截止日期4月15日   东北大学金融研究生学费具体多少      国际贸易  托福或雅思，GMAT均分613分，学费$34，392/年，申请截止日期4月15日   东北大学国际贸易研究生学费具体多少      技术产业化  托福或雅思，GPA均分3.09分，GMAT均分633分，学费$34，392/年，申请截止日期4月15日   东北大学技术产业化研究生学费具体多少      法学院    法律硕士  托福100分或雅思7.5分，学费$45，000/年，申请截止日期5月1日   东北大学法律硕士研究生学费具体多少    
东北师范大学和东北大学文科哪个比较好？,我是理科老师。
我是内蒙古大学金融学的学生，考研考东北财经大学金融学学硕可以么？求有经验的人给点儿建议～？,不知道是学长还是学姐，我想问问内财大有独立卫生间吗
东北大学赵继校长掌管东北大学的这一年半有哪些举措和改革？如何评价其贡献和能力？,补充一件我室友  @橘浅  跟我说的，所以是五件事了 我想说四件切实的小事，不过我不知道是不是他的功劳  一，学校蹩脚的石子路多铺了一层水泥，  原来因为石子路咯脚而被踩坏的草坪直接被改成了路  那些一步小，两步大的方砖也被改成了正好的距离 二，大成装了校园网，主要教学楼的校园网都覆盖了，现在食堂也装校园网啦( •̀∀•́ ) 三，校园网改成了国际网，一些iOS上的游戏终于可以玩了 四，食堂的水被换成了可直接引用的水 五，学校门口有一段掺着大理石砖的路，一下雪就巨滑无比，今年被我们的校长磨成粗糙的了   浑南的建设我就不说了，建设的很好，我超级喜欢，觉得超级人性化，只可惜我不在浑南   附上一段赵继校长的话  赵继表示：“懂教学谈不上，但作为学校领导，应当不断以政治家、教育家的标准来要求自己。我还在路上，还有很长路要走，要继续努力。作为一个好的校长或者有作为的管理者，除了政治标准、管理能力、组织能力之外，还有一个很重要的方面就是一定要有教育思想。教育思想不是天上掉下来的，也不是头脑当中固有的，而是‘格物致知’的过程，需要在实践、理论学习、再实践的过程中不断借鉴、消化、思考、感悟、不断凝练和提升的。一个大学管理者的教育思想，对一所大学的前进方向是至关重要的。”  补充一张我们慈祥的校长    图片源自东北大学微信公众号
北京科技大学 和 东北大学，哪一所更好？,显然是东北大学，一是在东北，二是名气大。  北京科技大学听都没听过。
湘潭大学和东北大学哪个学校更好？,肯定是东北大学啊，还用想？
有关东北大学中荷学院的问题？,1只有东北大学的学位证和毕业证，我们这一届新开了国际班但是现在还没有分班具体不清楚。 2.18000 3.不是全英文，但是对英文确实很重视，我们部分课必入c语言大物高数是双语的，但是讲课主要用的还是中文
江苏考生去读东北大学好还是留在本省211？,在江苏安家，最好读江苏的，实习也好在本地找啊，说不定表现好就直接留下了
文科选西北大学东北师范还是宁波诺丁汉好？,东北师范
甘肃人在东北上大学是怎样的体验？,哈哈哈哈哈哈哈哈哈
在东北师范大学读书是一种什么体验？,头一个过十赞的回答，居然还是我们学校话题下的精华，我受宠若惊啊，所以决定回来更一更。  先贴上几张学校的照骗  本部                 净月                        要是论风景的话，本部净月各有千秋吧！本部的觉得净月的好，净月的觉得本部的好，具体哪个好……可能环境学院的同学们知道，因为他们大一在本部，后面的几年都在净月，我猜测是因为大一的课程和地理学院一样的缘故。   关于我们学校的各个专业的排名和好坏情况，我还是原来的观点，毕竟我说的是整体情况，确实是那样。评论区也有补充的，可以参考一下。 ----------------------------------------------------- 以下是原回答。  谢邀！这他妈的是我头一次被邀，还是我舍友邀的。  我是净月校区的，对本部不了解，所以就只说一说在净月校区念书的感受。 一来的时候是夏末秋初，感觉学校环境挺美的，花草树木都有，而且还有极其大量的漂亮妹子，看得人心旷神怡，宠辱偕忘…… 马路上迎面走来的女生里面有一大半颜值较高。大家公认的，我们校区妹子的质量和数量都要优于本部，因为艺术类专业都在我们校区。但是汉子就不如本部，因为本部有体育学院。 说来我们学院的汉子在别的学院妹子看来还算是数量多质量高的呢！  后来到了冬天，就感觉不对劲了。倒不是冷，我是内蒙古人，没那么怕冷。是因为霾，没错，就是霾。我以为名字叫长春应该是四季如春的，事实证明我想多了。到了长春市开始供暖的时候，要命的话一般人都不敢出去，在楼道里都觉得辣眼睛。我一个鄂尔多斯人啥时候受过这罪，我鄂尔多斯全年空气污染指数没破过百。来了长春直奔985！  还有就是这里的饭菜真他妈的咸，我刚来的时候根本受不了，感觉自己渗透压都升高了。  学习方面，如果是师范类专业的话东师是不错的选择，很多师范类专业都是全国排名很靠前的。非师范专业我不推荐东师，大多比较一般。有不错的也是少数。
在东北农业大学读书是一种什么样的体验？,2014年9月，第一次离开家，来到哈尔滨。我坐了27个小时的硬座，从郑州到哈尔滨，没有一点儿点儿疲惫，因为心里满是期待，这个我幻想中可以下雪的❄️浪漫到骨子里城市。         学姐带我从南门走到北十，真心觉得农大真大！北十的宿舍条件真的很好，被称为公主楼。而我，却住在北四（女仆楼），我最喜欢的学姐也住在这个楼，我最喜欢的学长住在北四的旁边，被称为北五。 一、吃。          吃在农大绝不是说说而已。   这是北三食堂的包子和小米粥。 还有不得不提的刷酱饼，我感觉百分之七十的童鞋们的早餐都是它，一直都想知道这个酱的名字，现在也没弄明白。   北四的煮方便面   北四早上的鸡肉卷 我最喜欢的玉米粒饼，超级好吃。 这是我最喜欢的咸菜，卖咸菜的阿姨每天都对我笑，可是今天却不是她。☹️  北三食堂一楼的刀削面，有时候早餐也会吃。最喜欢干拌和油泼。 北四的蛋包饭，我一直觉得这是北四的颜值担当，会有像我一样的小姑娘为它买单吧。    农大饺子园的饺子和凉菜，真的是便宜又实惠，特别是玉米猪肉的，这个黑色的是黑米面的，没出多久就没有了哈。我就吃过一次黑饺子，还是和我大学里一个超级重要的人。 毕业的时候，还有免费的饺子吃，每个人三两吧。因为东北人说，上车饺子下车面。某一天下课早了，会有三五个好友，相约饺子园，吃个饺子，吃了凉菜，生活就是这么美好。 这个是煮方便面和北四大盘鸡的鸡丝拌面，没啥吃的时候就吃方便面，之前还有一段时间方便面里有青菜，后来就没有了。   北四二楼的无名缘米粉， 盖饭，可能以后都吃不到这么便宜的了吧，之前一楼干锅煎肉饭的位置有家的菠萝古老肉特别好吃，可是黄了。 北四二楼的自选，好像是14块钱一斤，什么都有，特别实惠。  北四一楼中午的时候会有好多好多好看的饼，这个是韭菜盒子，还有油盐饼，就是很香，很软，特别好吃。7毛钱一个吧。   提到北四，不能忘却小动物馒头，每天限量供应，然后就没有了。里头有蜜豆，虽然有点儿贵，可是这可是纯手工限量发布的。 在南一买的奶黄包，特别可爱，白色的是豆沙馅儿的，另外两个是布朗熊和可达鸭的形状。看着就是很有食欲。 北四五谷粥屋的粥给了我一个不愿意吃面条和米饭的人希望。配这个凉拌苦苣，好吃到爆。卖粥的那个圆脸阿姨好温柔。   中秋节时候，学校还给我们每个人免费发月饼，真的很暖。    这是学校组织我们自己去包月饼，原来月饼是这样做的，热呼呼的，超级好吃。 还有这个，食品学院的面包，大一的时候，还有小推车，一些勤工助学的孩子买面包，他们都很辛苦，有时候上课，就把车子放外头，吃啥自己拿，钱放那儿就行。可是后来就没有了☹️现在面包也涨价了。小推车真的是养活了一群不吃早饭的baby们啊。  这么好吃的食堂，可是依旧满足不了吃货的心。我们还有好多好吃的在食堂以外的地方。 不得不说，我真的是个吃货，学校有好多咖啡店，每个我都去过，不过是和女孩子。 这是享咖啡家的慕斯，  16号咖啡， 16号咖啡家的姐姐养了一条泰迪，特别可爱，呆萌。 这个是青尘咖啡，     南门一家麦伦咖啡家的披萨和甜品还有饮品。他家的面包超好吃。 之前南门流行了一段的沙茶鱿鱼，风靡整个农大呀， 南门一家我总去的烤肉店，便宜坊。其实也很好吃，哥哥姐姐都很好，感情也很好。 南门的1981烧烤店，这是我生日的时候，我的小情人带我去的， 当时刚开业。  还有我们总去的阿里巴巴和迎宾，（阿里巴巴又涨价了）组织吃饭必去的川香阁和7080，便宜实惠的烤盘，老的烤盘对面的鸡公煲，还有好几家小火锅。还有那个淮南牛肉汤和牛丸店，还有那家新开的谭公公炸串，还有小吃街的四季炒饭和煎饼果子，还有好多好多。 我会记得锅包肉的味道，可能以后都吃不到。所以我有一个伟大的愿望，我要学会做锅包肉，就算毕业了，我也可以给你们吃，然后你讲故事给我听就好。 二、还有面朝大海的房子   下雪的图书馆，夜晚的图书馆，下雨天的图书馆，春花烂漫的图书馆，…还有拍毕业照的图书馆…  夜晚的主楼，秋天的主楼。主楼很安静很安静，伫立在农大，就像一位智慧的老者。我会记得主楼的310，那是我们迸发灵感的，擦出火花的地方。怕再也没有机会讲出，大家好，我们是资源与环境代表队！春天的实验楼，据说实验楼很少人去自习，特别空旷，有机会我想去看看。  夜晚的农大，很美很美，一个人走着，就很舒服。    主楼和图书馆旁边的白桦林，秋天树叶黄了的时候，美得就像一幅画，凄凉的美。 驾校旁边的路，取快递必经之地。特别幽静，很舒服，阳光会透过树叶洒落下来，在柏油路上投下斑驳的影子，漂亮死了。 下过雪的农大，就像千山鸟飞绝 万径人踪灭的感觉，很冷清，也很干净。最喜欢这个时候，穿的厚厚的，踩着白皑皑的雪，听雪咔吃咔吃的声音，美妙极了。 三、那些可爱的人儿啊    从图书馆去南区吃饭的时候，总能看到一位大爷，我猜他也是有梦想的吧，就像现在的我们，阳光很好，我会久久驻足，听他弹一曲，可能不好听，却藏着故事。
东北大学秦皇岛分校985会被承认吗，学校会独立出去吗？,以下是从别的地方转来的图片    以下是东秦正大门照片，学校都直接标明东北大学，那么学生是不是可以有底气的认为自己是东大的学生，而非战战兢兢？东秦是东大的有机统一体，分部和总部都属于东北大学。     另外，东秦的学生证封皮也是直接写着东北大学。因此私认为分离的可能性不大，往分部发展的可能性更大些。分校是东北大学的有机统一体。  学信网查询学籍时，学校是东北大学，院系写的是分校，侧面也证明了东秦的地位。这个没有图，但是都是可以在网上查的东西，已毕业的可以自行查看。  不可否认的是，有些单位不认东秦，很多人下意识以为分校就是三本或者什么山寨学校。但是这个现象随着东秦学子工作和优良表现在减弱。  不管是总部还是分部，学子们都要努力，为母校挣脸面！用自己的实力为学校争光。
在东北大学毕业是一种怎样的体验？,东大毕业的学生有一些共性，大部分人比较踏实、内敛，少有个性张扬之辈，也因此大部分人会成为团队骨干，但罕见于领导和决策层。东大毕业生对母校一般比较有感情，各地东大校友相互也较为认同，同时普遍觉得东大是比其名声更好的大学，对社会对东大的认可程度略有不服，并相信东大终会成为名牌一流大学。
东北财经大学在全国排名如何？,说会计前5前3的不怕闪了舌头，四财一贸能比得上哪个，东财会计就业能有首经贸上海外贸好吗，加上浙大厦大这种综合性院校，东财会计就业排进全国前20真的烧高香了。omg居然有东财学生觉得东财全国财经类大学前6，财经类不看就业就是耍流氓好吗，东财就业请看全国薪水排名，东财在财经类排10名左右差不多，东财还千万别说上海外贸浙财南审等学校水不配和它比，位置就是比你好薪水就是比你高哈哈哈，学科实力有个屁用又不能保证就业。可怜一群东财学生不知实际情况。
保研选东北大学还是北交大？,对于选哪个学校这种个人色彩的结论性东西还是你决定比较好！我只把我知道的以及目前我所认识的一些看法写出了仅供参考！ 1、本人就是北交大交控专业研二的学生！该专业在北交电信学院，拥有两个国家级平台，一个是国家重点实验室，一个是国家工程中心，有6个组。1、2组是国重老师带，有的侧重于国铁，有的侧重于城轨，基本都会接触许多铁路项目，个别因导师而异。3组主要是一些搞行政的老师带，4组是侧重于理论，5组有几个搞硬件的大牛。6组比较分散，所以很多学生就业都是八仙过海。因为专业上的排名基本全国前列了，就业的时候各大信号商或一些研究设计院都还比较认可！每年就业分布大概30%会去铁路相关的行业，路局（研究生基本不去路局），设计院等。主要包括交控科技（TCT）、通号、卡斯柯、和利时、泰雷兹、四大设计院（铁一院（总部在陕西）、铁二院（总部在成都）、铁三院（总部在天津）、铁四院（总部在武汉））、全国各地的18大路局、互联网相关类行业(大唐电信、华为、京东等不过需要自学一些编程基础)。这就是北交的一些情况。专业排名不错，地理位置好，铁路行业很好的基础。 2、东北大学控制方面很不错，交大我们专业好些老师都是东北大学、哈工大博士毕业，他们说东北大学的控制很牛！（我也只是听老师说），不过毕竟人家是985
重庆大学CS和东北大学CS如何选择？,东北大学的计算机学院搬到浑南新校区了，设施都是新的，但地方较偏远。不过四川学生去东北不远么。
在美国东北大学(Northeastern University)读书是怎样一番体验？, 因为是neu的学生然后现在转学了 建议学弟学妹们如果有申请到别的学校就不要来neu了 但是如果你不在意学校很小（因为在波士顿市中心附近）还有学校很多亚洲人（中国 印度）的话 这个学校还是很好的 e.g coop program（好像是带薪实习 美国大学很少有的项目）  然后就这么多了   以上是带有我个人偏见的回答 
日本G30项目到底咋样 东北大学咋样呢？东北大学太偏 会不会影响就业呢？,关于G30 1.G30实际是英语项目，直接过去读修士的，  2.虽然G30是纯英语授课，建议您日语最好也是要学的，G30项目的招生人数很少而且学校也有限，所以其实申请的难度很大  3.目前G30的热度已经没之前那么火了，政府也不投入资金了，原因：          ①日本大学国际教师比例偏低，大部分英文专业课程仍由日本教授担任。以国立大学为例，根据日本国立大学协会公布的数据，截至2014年，国立大学英文授课总计达到16871门，远未达到政府的预计目标（日本政府预计2020年东京奥运会时，国立大学英语授课达23700门）。  ②选择国际课程的留学生如果无日语基础，毕业后即使凭借英语顺利毕业获取学位，但在就职过程中会遭到日本企业的拒绝。显然，日本高校招生国际化政策还需要日本企业的国际化水平来予以“对接”，要知道，大部分国际学生留学同时也希望获得当地就业经历。因而，就业环境、就业政策也成为国际学生选择留学目的地的重要参考。  关于东北大学:  东北大的材料方面是数一数二的，鲁迅之前也在那边读过，相对东京圈的学校东北大相对来说偏点，但是有利于你专心学习，也有部分学生担心那边地震和辐射的影响，其实都是不必要的担心。 
在东北大学冶金学院就读是怎样的体验？,据我观察冶金学院是转专业（转出）最多的一个学院
我是否要复读？被东北大学秦皇岛分校材料类录取？,同东秦大一新生，已退
为什么日本的东北大学不是那么出名呢？,感觉东北大学不出名，还是因为其为地方大学，不在关东和关西圈子里。 至于排名之类，看到清华的排名就知道，没有什么实际意义。虽然东北大学在七所旧帝国大学中排名第三（现在把东京工业大学加进去称为八大学），也就是比较年长的人才知道，日本的年轻人也都不清楚。 但是，东北大学真的是一所好学校，除了东京大学外，东北大学的研究所最多，而且不像东京大学那样很多都是拿文部省经费建立的。特别是金属研究所、非水研究所、通信研究所等等，在其专业上是日本最强的。 加之，仙台是一个非常好的城市，风景好，海鲜好，东北地区的人也较厚道，去吧。
如何看待天涯论坛东北大学总校学生关于分校看法的帖子？,做为一个东北大学秦皇岛分校的学生，我也想回答一下这个问题   1.我真是没认为分校就一定比总校差。高考填志愿的时候我只想找个靠海的大学，无奈感觉上不了期待已久的大连理工，估摸了一下能上东北大学，果断填了东北大学秦皇岛分校，后来录取分数线出来跟总校差了一分。  2.你无法否认分校学生的素质。近来分校拿的小挑大挑三创啥的各种奖很多，有保送到各种牛逼学校的，出国的同学也很多，我们大一英语A班老坐在前面那一排的学生都出国了。  3.学校很思进取。去年开始，南校区的新楼就可以用了，学生团队可以申请自己的地盘（是很大的空间）用来研发比赛创业等各种活动。今年学校的3D打印实验室还会来一批设备，真正的提升学校学生的竞争实力。东秦的一些地方比如创客空间，一些设备比如打印机是真的没有其他一些学校好，但这里的每一块地方都是可以给学生使用的，这里的每一台机器都是可以让所有学生受益的。到时候会开的一些创客课程，也会由一些造诣可以的同学自己上。在大学，一个自由合作的氛围，一个所需即所有的场所，不是比摆设很多更能提升学生自己的实力吗？  4.我一点儿都不认同分校学生隐瞒自己是分校学生的事情，但老是拿学校说事儿是没有意义的。一个看重人才的企业，如果你真的达到了他们的能力要求，能带来很多附加值，他们会因为你是分校的就要把你扫地出门吗？是市场竞争机制下，价值才是衡量一个人的标准。  5.分校确实与总校有很多合作的，可能是有些合作参与的人少而已。比如three d lab的合作就十分频繁，上次总校的机器人实验室还打算在分校弄个培训基地，最近也不知道怎样了。总之，不了解就不要妄加揣测。总校和分校的情谊很好，别因为一些事情想把关系闹僵。  6.下个星期我就要去总校拜访，那边的学长该请我吃饭了 
东北师范大学本部住宿条件？,不要赞了，我暂时还不想更新！ 多图预警，流量党慎重！（盗图可耻！盗图可耻！盗图可耻！(｡•ˇ‸ˇ•｡)Ծ‸ Ծ ）     我是本部，三舍女寝，（走的时候学校又修了个新三舍）     寝室六个人，有的寝室有阳台，上床下桌，每个桌子配有插座，附上局部图！每个人都有衣柜，凳子会定期维修     寝室就是睡觉的地方，寝室的隔音效果超级好，双成玻璃，中间隔缝隙（才去的时候我觉得很神奇，晚上外面在下暴雨，里面一点都不知道）（突然想到如果有火灾不用担心，从最高层跑下来，就3分钟，我们消防火灾演习的时候测的，哈哈，好认真呀！）     有洗漱间，热水需要刷卡，每天有规定的热水量，我觉得够，还每天用来洗衣服，不过有时间限制，具体忘了，也有洗衣机，我的寝室没有阳台，衣服必须挂在中间的晾衣杆上，为了不滴水，最好是脱水，冬天的时候洗衣服很方便，寝室隔音，也不用担心吵到他人     再来说开水，有专门的开水房，每天有规定的量，超出后按多少算，我忘了，重来没超过，够用，我特别喜欢这一点，东师到那里都可以接开水，学院，图书馆，食堂，宿舍都可以。     到学校最重要的是学习，宿舍有自习室，好像是单层数的有自习室，每天都有勤工俭学的同学打扫，很干净，其实也可以在开水房学习，里面有阳台       东西都是越来越多，不是刚需，就不要买了，﹋o﹋，后悔……       自习室阳台一角       装修前的北苑食堂一楼，这些人没有在吃饭，要么在做家教，要么在学习，靠窗的位置全是书，太过分了，不让人好好吃饭！！其他楼层好点，不过也有人在那里学习，学校的伙食可以，我不挑食^_^，我哥哥都说好吃，不过我不喜欢吃又咸又甜的，表示现在都不理解东北人，长春的杂酱面，不是重庆的杂酱面，慎点   张亮麻辣烫，想吃！           还是不要在寝室学习，去图书馆吧！      长春有多冷，看我的羽绒服！我怕滑，被雪支配的恐惧！也不喜欢暖气，感觉室内没有空气，闷得要死，上公开课后，每个人的脸都是红通通的（要么是缺氧，要么是二氧化碳吸收过多）！  又来更新了，突然想起东师也有露天晒被和晾衣服的地方，不过，我要提醒的是，千万不要在外面晒军训服，其他宿舍我不知道，但是六七舍，有人在外面晒被偷了！军训服除了训练，上理论课还要用！  有人私信我关于澡堂的问题，刚开始，我不喜欢，东师的澡堂是没有隔墙的，超级不喜欢，不过经过熏陶，变好了很多，在重庆的时候从来没有用过搓澡巾，哈哈，挺好用的！冬天的时候，不用带外套，只需要带里面换洗衣服即可  冬天我有三件羽绒服，一年洗一次，在室外的时候穿上，在室内的时候脱掉！大一的时候国庆节去重庆路买的，打折货，根据我的经验，一定要买好看合身的，建议长款，男女都是！    图书馆前面不知道在做什么！    传说中的暖气片，这是开水间一角，挺干净的     雪被踩了之后，又硬又滑，还脏！    图书馆防止占桌的通知，没位置不要紧，找一个有书没人的地，把老师叫过来，计时，规定时间内没回来，老师会把书收走，位置就是你的了！    作为资助对象，学校中秋发的五仁月饼，有清真的哦，超级好吃！  翻了一下照片，翻到哪，说到哪，没有什么逻辑！请见谅！  第一次去长春，如果提前报到，学校校车没有在火车站，就去坐公交，千万不要在火车站前面坐出租车，好坑，公交车到东北师范大学的站台有自由大路，文昌路，东北师范大学。东北师范大学这个站台有两个，本部和净月，一定要看清方向，离净月潭近的就是净月。文昌路要走得远一点，不过可以问路，有很多饭店，可以先吃个饭再去，吃饭有点贵，我只在清真的店吃过。文昌路左边是吉林大学，右边是东师！  报到的时候，有绿色通道，可以特供免费的洗漱用具，但是你不说，没有人会跟你说，说了也不一定给你，名额有限，得给导员说明情况，导员会看情况，像我，贷款上学，又是坐了两天两夜的火车，家里有三个人上学，导员把该给我的都给了，还包括被子，被褥。走不了绿色通道，也可以自己买，在学校买被子被褥，我不建议，学校有免费师范生读研，他们回来就是用的那些被子被褥（有同学亲眼所见）！  再来说一个，才开学，学姐学长们会把书卖新生，虽然大部分都是好的，但也有坑人的，不要盲目买书，先了解要上什么课，需要什么资料，去超级大课程上面看看，学姐学长们的课程，建议加新生群，多了解，我们去的时候被坑了，卖得贵，就算了，都没有用！  第三次来更新，看到有人说东师本部保守，里面的美女，都是走古典保守路线！哈哈，东师艺术类的大部分专业在净月呀，比较洋气，而本部学习氛围超级好！东师985没申上，据说就是社团活动不行，只要你想参加，还是有很多有意思的，我没有参加什么社团，在就业中心带了两年，当过记者，采访校长，和校友（毕业10几年了，学姐学长们好优秀），最后成为就业形象大使（就是服务招聘方和毕业生的，超喜欢），各种支教团，没参加过其他的，比赛的话，辩论赛，摄影大赛，教师技能大赛，翻译大赛，粉笔字比赛，没了！每个学院都有自己的活动，外院就有很多！我在校平时喜欢看人民网新华网，参加了一些活动，我以为是假的，就玩玩，想不到，真的有奖品！其他的话，玩过轮滑，失败了，学吉他，刚入门，笛子，还可以吹简单的！（我适合看书背书吧）！对了，有段时间，超级喜欢打乒乓球和羽毛球，还认识了好多朋友，有一个外国人也跟我们一起玩，乒乓球好菜，我也菜，哈哈，说一下北苑的乒乓室和体育馆，乒乓室星期六星期天有固定开放时间，不要问我，忘了，体育馆，需要刷卡进去，要带双鞋子换，不然不让进，特别是冬天的时候！  长春农博会和伪满皇宫，一定要去看！  有人说社团，或学生会勾心斗角，看不惯，看不惯可以退出呀，其实，没有必要去在意，做好自己就好，群众的眼睛都是雪亮的，你自己没有能力就不要找借口了，这就是社会，这就是竞争，你适应不了，out吧！  学校社团确实没有隔壁兄弟学校吉大（吉林大学）多，可以去参加他们的社团呀，哈哈，脸皮厚点，没事！有一个玩魔方的社团，还有象棋，超级喜欢！吉林大学的帅哥挺多，环境又好，图书馆和伙食也可以，他们学校的活动中心周天会有电影放，很便宜，还有其他的活动，我去看过相声老师们的表演，超级好，图找不到了！﹋o﹋！（对，我脸皮厚！）  最精彩的是什么，东北虎呀，超级厉害！没有图，下面是在微博上下的      看的最后一场比赛好精彩，双方好强，你追我赶，双方每进一个球，我都好激动，有一次，我都跳起来了，想哭，据说有一个东北虎进CBA了！对方圈粉呀，才打完，就有妹子表白，公开要微信，佩服哈（哪里保守呀，哈哈）！  不要说本部保守，自己宅，就不要找借口说东师保守！你到大学就是学习。学习氛围浓厚，却被你说成保守，我也是第一次见！  多图预警   荷花                                     雪景  图书馆小白，每天心情都超好  图书馆前面人工喷泉，有坚持一个月吗？  美美的！  本部有好小，从一端到一端，六舍到外院，女生，跑步，10分钟上课要迟到了，刚好赶上！真的小！  多图预警，盗图可耻！               必须上一张图    为什么留这张照片，劳动人民最光荣！辛苦啦！  有人私信我，关于农博会，看图说话！（部分图）        超大的瓜   全是各种豆子做的！   我说这是姜，你信吗？   各种水果，真的哦！          各种球   豆子和玉米做的牛                        水稻长的好！     玉米，杠杠的    学神镇楼！    为什么我会回答这个问题！呀，我明明是要查中国共产党的资料，居然推荐的话题里有东北师范大学，这不科学呀！！ 跟着党走，有肉吃！     看到这儿了，留个赞呗！   你们再不赞我，光赞光评论，我可生气了啊……（知乎首答就出现 评论的赞 比 回答的赞 还要多的尴尬局面，我不开心了。）   
听说一流大学名单的内部文件已经下发，就等公布，原985中36所进入A类，除了湖南大学西北农林东北大学？,可能假的。  一流大学的话，985内可能都要淘汰一些。一流大学需要一流学科，并且形成学科体系，985外补进的可能性很小；就算真的拉进来新学校，基本轮不到“一省一校”的211。  中国一本高校细分的话大概分5级: 1.top2； 2.副部级985（华科）； 3.地级985（湖大）； 4.教育部重点+211+985优势学科创新平台（肥工）； 5.省重点+211（安大）  一流学校主要是1和2，变数在3； 一流学科肯定包含4，变数在5；  5那种“一省一校”的211，都不是教育部重点，985优势学科都没资格申报；而且教育部各种人才引进计划、教育部重点实验室建设和评选（干得好可以升级国家重点实验室）…都落后于4教育部重点高校。  985优势学科创新平台，基本就是一流学科。这个优势学科（北交大的地铁、肥工的车辆）资助力度按985高校相同专业算，也是动态评选。5连优势学科都不多，部重点实验室都没几个，怎么可能是一流大学～  就算挤进去也是动态，不过那就相当于给名头分钱了。部长在新闻里说了嘛，这是动态的。实力不行，过几年再掉下来，因为很多4都在盯着。
如何看待盲人考生考上东北师范大学，校方要求其在外住宿，家长陪读?,  这件事目前来看是双输。   1、东北师大想要解决问题，但不得要领，骑虎难下，花钱不少却仍被冠以冷漠之名。  2、王同学及其家人主张权利，被视为贪婪。未来几年，王同学在学校里处境会非常尴尬。  3、现在唯一的获利者是媒体，他们又一次成功的挑动了对立，塑造完冷漠的学校又塑造了贪婪的众生相，双杀，高潮停不下来，这简直是媒体的狂欢，是咪蒙般的经典案例！  我就想问问，这件事里，最应该发言的， 中国残疾人联合会 ，去哪儿了？（不用@了，残联没来知乎。）  《残疾人教育条例》  第六条   中国残疾人联合会及其地方组织 应当积极促进和开展残疾人教育工作， 协助相关部门实施残疾人教育 ， 为残疾人接受教育提供支持和帮助。   东师不知道怎么做，王同学要维受教育权，都可以找残联。这是法定的残联的责任。但他们都没去找。因为残联存在感太低了。  我们先不说残联，先说说事情本身。     这件事情里，王同学的要求有合理之处，首先他的受教育权利是受《中华人民共和国残疾人保障法》、《中华人民共和国残疾人教育条例》所保护的，法规和条例都规定了，高等教育部门需要为他受教育提供便利。  教育部、中国残联关于印发《残疾人参加普通高等学校招生全国统一考试管理规定》的通知也明确了，他参加各类考试有权利获取盲文考卷，安排盲文考场。  至于居住， 《 无障碍环境建设条例 》 也规定：   第十一条 　对城镇已建成的不符合无障碍设施工程建设标准的道路、公共建筑、公共交通设施、居住建筑、居住区，县级以上人民政府应当制定无障碍设施改造计划并组织实施。 　　无障碍设施改造由所有权人或者管理人负责。  第十二条 　县级以上人民政府应当优先推进下列机构、场所的无障碍设施改造： 　　（一）特殊教育、康复、社会福利等机构； 　　（二）国家机关的公共服务场所； 　　（三） 文化 、体育、医疗卫生等单位的公共服务场所； 　　（四）交通运输、金融、邮政、商业、旅游等公共服务场所。  作为高校，东师有义务改造自己的校舍，使之符合包括盲人在内的残疾人使用。这是法律规定的，并不是王同学自己要求的。  目前网上流传的王同学的要求里，缺乏法律支持的地方有：  1、提供导盲犬。我的理解，导盲犬属于工作犬，应归于助残类，助残设施的捐赠属于康复环节，而负责康复工作的是当地卫计委、残联和红十字会，高校并没有义务提供助残工具。  2、为父母解决工作问题以便于照顾王同学。我并不清楚这一点是不是王同学及家人提出来的。残疾人相关法律里只说了要为残疾人受教育“提供便利”，这个便利到什么程度没有明确描述。但是在《残疾人教育条例》总则里面有这样的描述：   第八条 　残疾人家庭应当帮助残疾人接受教育。 残疾儿童、少年的父母或者其他监护人应当尊重和保障残疾儿童、少年接受教育的权利，积极开展家庭教育，使残疾儿童、少年及时接受康复训练和教育，并协助、参与有关教育机构的教育教学活动，为残疾儿童、少年接受教育提供支持。  同时，在《残疾人保障法》总则第九条也说了  残疾人的亲属、监护人应当鼓励和帮助残疾人增强自立能力  这两条我的理解是，即便法规要求了高校提供便利，家庭也不能完全把照顾残疾人的职责抛给学校。     总之，在残疾人维权这件事上，王同学有提出要求的权利，至于这个要求能不能满足，是双方协商决定的。所以王同学哪怕是要金山银山也不违法。（他可以要，你可以不给，两边协商，协商不成找残联调解，调解不成诉诸法律。）  而东师作为国家公立高校，并没有按照《残疾人保障法》《残疾人教育条例》和《无障碍环境建设条例》的要求改造设施，错误明确。      但是，因此我们就可以吊打东师吗？   东师无障碍做的不好，西师呢？清北呢？交大呢？这次是东师撞到枪口上了，其他的学校肯定惊出一身冷汗，因为就我多年观察所见，中国基本没有符合上述三个残疾人保障法规的高校。  这是学校的责任吗？是，也不是。  因为不只是学校，就连很多医院的无障碍设施做的也不合格。整个中国社会，残疾人被禁锢在一个又一个圈子里，四处碰壁。  我们有八千万残疾人啊，党员人数也就八千万。如此庞大的群体，街上20个人里最少一个残疾人，可站在大街上你们能看到多少？  东北师范大学的简介上写了，目前在校学生两万五千人。按20比1的比例算，应该有一千多残疾学生，考虑到残疾群体受教育困境，残疾学生入取率是健康学生十分之一的话，也应该有一百多名残疾学生。可看楼上几位东师的同志发言，都只提到2011级一位残疾同学。我可不可以认为，东师过去几年只有这一位残疾同学？那么残疾人入学的难度是健全人的多少倍？两万五千分之一的学生，是两万五千倍吗？  那么清北呢？复交呢？别说211985了，连大专高职算上，残疾学生的比例有多少？与健全学生相比，非智力类残疾学生考取普通大学的难度不是十倍二十倍，而是一百倍一千倍。  所以这才有了东师的手忙脚乱，他们想做好这件事，但真的缺乏经验。因为太意外了，一个盲人学生竟然考进来了？！      残疾人需要维权，最该帮他们维权的残联，一直缺席。   这几天全国环保闹得沸沸扬扬。环保法规早已健全，只是没人认真执行。现在环保部硬起来了，比二十年前抓计划生育还狠。  残疾人权益保障也一样。各种法规都有，可是残联一直缺席。  《残疾人保障法》里明确规定：   中国残疾人联合会 及其地方组织，代表残疾人的共同利益， 维护残疾人的合法权益 ，团结教育残疾人，为残疾人服务。  去年有视障人士因为无法使用12306验证码而起诉国家铁路总局。后来被驳回了。事件中残联缺席。  今年有个考生申请盲文英语四六级试卷未果，起诉教育部。后教育部加急准备了四六级盲文考卷。事件中残联缺席。  今年还有个福建的残疾小伙子，有教师证，有多年从教经验，参加县里公办教师考试，得了第一名，但被县教育局拒录。这次福建省残联发了封公函，希望能本着人道主义精神接纳这位老师，但县教育局并未回应。最后还是福建省教育厅直接干预，责成县教育局改正，才让这位小伙子被录用。  我见到的残疾人维权事件很多。但大都是残疾人自己去战斗，裹挟着民意，期待对方良心发现。  而残联，几乎总是缺席。  但这些维权事件，不是什么“人道主义”，都是违法违规的，劳动法，残疾人保障法，残疾人教育条例，无障碍建筑条例，这些都被违法了，这些法规条例制定的时候都是各个部门会同残联一起制定，国家主席签字颁布的，现在自己定的法规条例都不敢拿出来去告，只能哀求别人“发扬人道主义精神”，那还要法律干嘛？？？  任何一个人，去挑战一个行业，一项社会规则，都无异于挑战一头巨龙，更何况一个残疾人。而残联的缺席，更让这些残疾挑战者形单影只，可悲可怜。     东师缺乏残疾学生接纳预案，缺少残疾学生宿舍，这是东师的错，也是当地残联的错。东师肯定有几条无障碍坡道，而且还有最低比例的残疾职工，而残联也肯定考察过东师的残疾人工作，残联认为这足够了。所以，东师的助残工作就止步于那几条坡道了。  东师缺乏相关预案的原因是残疾学生稀少，这反映了全国范围残疾人教育资源匮乏，受教育权利被侵害。这是教育部的锅吗，也是残联的锅。  所以，这件事里，最应该出面却缺席的，是残联。  我知道这事跟  @共青团中央  关系不大，但王同学没入党的话，应该是个团员，所以也不算外人。你们能不能帮忙叫一下中国残疾人联合总会，让他们也来知乎开个账户？你也知道，知乎上就你官最大，我们实在是找不到别人了。帮个忙。残疾人维权，得有个主心骨。不能总让我们自己推着轮椅拎着导盲杖去战斗，那不成了相声了？ 
如何维权“东北大学生西安坐车被“黑” 运管和警方互相推皮球”？,你是故意黑西安吗 我不是西安人 我去过西安 人还是很热情的 包括报的旅游团的导游 十分敬业 西安的回族人确实有点凶 宰客现象存在 但是不能一棒子打死西安人吧 这座城市还是不错的 那我在黑龙江被骗了钱 报警警察都不来 消协 公安踢皮球 但是我也有很好的东北哥们儿 这事能一棒子打死一群人吗
东北大学新成立的机器人科学与工程学院发展前景如何?,东大是准备搞个大新闻。  同时根据香港文汇报的报道， 这个机器人学院会与麻省理工、斯坦福合作，国际化教学，产学研结合。【东大也有今天，然并卵，我们都沾不上光】 至少合作单位很不错， 中科院自动化研究所，自动化研究所所属的机器人公司。 同时终极目标放得很高，为国家战略服务。 嗯， 毕竟共和国长子还是操心工业。  对学校来说： 花大力气投资， 又把控制学科、计算机、材料、机械、数学结合起来，蓝图是会规划的很好，并且这种从大学层面进行突破，应该是为了给民用自主“机器人”种下种子。 虽然还在985金字塔底端，但是校领导也希望慢慢一步一步往上走，“突出优势学科，辅助发展理科文科.  未来又是大数据、物联网的时代，概念空不空先不说，但是这个布局很好...正好东大现在也是处于上升期，” 【物理僧被痛击1W点伤害】  【更新】： 看见有童鞋对东大机器人不屑一顾。。的确现在的机器人，学生永远收益是最少的。 不过这个学院的定位应当是为国家服务，制作工业机器人。 利用现有基础发展。 东大虽然菜，但是在工科底子上的确算是比较优秀。 拭目以待。  对个人：  这个学院一定是以后重力投资的学院，应该会成为信息学院（待分家）、软件学院、材料学院、冶金学院之后，工程类又一大强势学院....以后报考这个学院的学生享受的学术资源肯定会很好很强大，优秀外籍教授一定很多。 （参见15年暑假国际课程，请的教授都是各个大学系主任有木有！！！BYU的MIKE大叔是我目前遇到的最好的三位教授之一，楠神永远排第一。。）  【此处挖坑：什么时候物理系也被重视啊！摔！80年代4个北大1个留日博士的开局被打成逆风惨剧...此处挖坑，此处挖坑： 功成名就之时，如果不能靠一己之力，众筹也要把物理系砸成广州恒大，毕竟效法张大校长...嗯，捐个3、5亿物理系应该就能复兴了】
在辽宁工程技术大学学广播电视新闻专业，想考东北师范大学现当代文学专业，胜算有多大？,矿业还是不错的，其他专业不清楚。
不考虑专业了，都是压线进，苏州大学 兰州大学 东北大学 西北农林去哪个？,西北农林是一本24档中的第三档 兰州大学一直都是非常非常厉害的存在 以后工作着想可以苏州
四川农业大学和东北农业大学哪个更好？,楼上说的对，先看你想读什么专业，我是川农的，首先川农是211，今年又是建校110周年，周年庆也在筹备中，非常隆重，报考的话可以感受下，当然这些都是次要，川农的动物营养国内数一数二，遗传所方面也仅次中农和华农，风景园林专业也比较强，三个校区分别位于雅安，都江堰，成都，学校与美国、加拿大、德国、荷兰、法国、俄罗斯、澳大利亚、英国、日本、韩国等20多个国家和地区的30余所高校或研究机构建立了交流与合作关系，是全国首批有条件接受留学生的200所高校之一，也是国家建设高水平大学公派研究生项目签约高校。 而且四川这个地方天府之国，不用多说，前两天动物营养所所庆暨动物营养健康与畜产品安全技术创新学术研讨会近日在四川农业大学举行。两天的会议中，来自中国、美国、英国、法国、加拿大、荷兰等国家的30多所高等院校专家共同探讨国内外最前沿的科技与创新方案，就如何有效降低抗生素在动物养殖中的运用、优化养殖环境、保障畜产品食品安全等问题进行了交流。 美国伊利诺伊大学、法国PEGASE联合研究中心、曼尼托巴大学、比利时根特大学、荷兰泰高集团、帝斯曼(中国)有限公司、英国农业食品和生物科学研究所等中外专家分享了各自在饲料及原料霉菌毒素污染研究、养殖环境改善等所做的探索。你可以去我们学校官网查看招生简章。总之我认为川农是很好的选择，当然东北农业大学也非常不错
东北财经大学校内有什么值得推荐的美食？,美食城有很多好吃的店，麻辣香锅、疙瘩汤…天桥下面也有肯多啊
在东北大学（沈阳）就读有着怎样的体验？,东北大学位于辽宁沈阳，曾经与北大齐头并进，最后逐渐衰落到985的末尾，我怀着对东大满满的热爱来回答这个问题，却不知从何说起。在一个学校在一个地方呆了四年，然而直到离开才发现自己早已沉浸于这个地方，直到来到另一个城市，面对这里的人浓重的地方口音，突然好怀念在沈阳酷似普通话的沈阳话。很多时候我都好想回去看一看我的大学，东北大学。  今天沈阳下了大雪，朋友圈被刷屏，想象着那里漫天的白色，刺得人睁不开眼，只觉得整个世界都是自己的，壮阔又寂静。一抬头，却是阴沉沉的雨，是远方山上的雾，是视野里灰暗的色调。  在东北大学，也许学校并不大，师资力量并不雄厚，也许没有豪华的体育场，可是就在这一片小小的土地上，总是能让你感受到一种认真与一种朴实。学校主要分为两个南湖校区和浑南校区，我在南湖校区生活了三年，第一年在基础学院生活，现在已改为继续教育学院。 和北方所有的大学一样，方方正正的大门里，是方方正正的道路和建筑。平直宽阔，没有那么多弯弯绕绕的小道，四个体育场大致分布于学校的四个角，游泳馆整体是蓝色的外形，不知道是不是模仿水立方和鸟巢，看起来非常很漂亮。 学校基本每个宿舍都有食堂，一舍食堂的皮蛋粥，4毛钱的鸡蛋，风味食堂的免费汤和锅包肉，如果你去了，一定要尝一尝。 学校的老师教课都很认真，如果真的对某门课程做到了上课认真听课，作业及时完成，就算考试之前一眼不看，考80分以上完全没有问题。 科研方面，我所在的专业的投入是有欠缺的，实验室比较破。。。=.=其他专业不太知道 其实我想说的都不是这些，如果你真的在东大读书，我想告诉你， 晚上9点之后坐电梯去综合楼最高层，从那里的玻璃墙可以看到整个沈阳的夜景，处处都是灯火通明，非常的漂亮。 大成教学馆512几乎没什么课，可以常驻那里自习，在靠近窗户的那边，冬天可以靠着暖气片，夏天把门打开会很凉快。另外大成的厕所和其他地方是反过来的，我曾经在女厕所看见我们班两个男同学结伴而行，快乐地聊天。o(╯□╰)o 机电馆的三楼，从楼梯口的那个窗户翻上去，是一个很大的天台，一个人的时候可以去那里转圈，跳绳，大声背英语，眺望四周的景色，看来来去去的人。那里还有我的一盆向日葵，不知道有没有死掉。等到下雪的时候，如果没来得及堆雪人打雪仗，可以去那里，那片天台的雪一定是最干净的。 机电馆门前的小花园，早上5-6点钟经常会有小松鼠，如果去玩，可以带一些瓜子，它们也许会一脸好奇地凑过来吃(￣y▽￣)~* 九舍的阿姨，那个烫着一头方便面卷卷的阿姨，看上去很凶，其实心很软，去借钥匙的时候，卖个萌就会忍不住借给你。还有九舍二楼卖炸串的姐姐，很爱说话，跟她聊两句天的话，她会给你挑一块最大最大的鸡排。 (๑`^´๑)    (இωஇ )说的我更想要回去了。 我总是想找到一个冠冕堂皇的理由去沈阳去学校，那里有我曾经喜欢了很久的人，可是我又不敢，怕想起过去，怕以后会忘不掉。在东大的回忆，连同那份苦涩的青春，一起被我封印起来。 但我知道，我永远不会忘记。
如何看待聚美陈欧发博指责“黑客”，网友将矛头直至东北大学?, 哈~   我东大的机械男生真是越来越注重保养和护肤了~   ……  ……抖机灵……别当真#-#…… 其实，客观来说，这一次确实把东大拉出来了曝光一次，至于是正面还是负面，没有人能给出一个准确的答案。只是有一点是确定的， 东北大学近年来确实比以前做了更多的宣传，不过，我们不需要靠黑一个电商公司来提高知名度，东北大学还有很多低调而辛勤耕耘的教学名师和科研工作者。 有实力的底子在，其实被不被大家所知晓都不是最重要的事。  我们相信，只有一如既往地踏实做好手头上国家、企业交给的科研任务，然后利用这个良好的平台为国家培养出更多的有用的人，才是大局之需、宣传之本、我们的目标  ，  我们认为，现在怎么做事比外界的评价重要得多。。    另外补充一点：那几个抖机灵的黑客仅仅只是借用了东北大学机械学院的名，但其  操作的IP地址并不是东大的  ，所以，请各位理智看待。
黑龙江文科女生 高考高重本线30分 报志愿的话是选黑龙江大学的经济学还是东北石油大学的会计学？,也就一句话 千万别来东北石油  会坑死你
如何看待今天上午东北大学实验室发生爆炸？,求个具体。
在东北石油大学读书怎么样？, 作为山东的学长，想告诉你，去这学校是一个错误，但是人生的路还长，一个学校，一段岁月不会成为决定因素。记住，靠自己！ 
马上去东北的大学，要准备些什么神器呢？,题主是南方人的话，我觉得应该做好去澡堂洗澡的准备。 ————— 特意淘宝搜索了这款神器  复制这条信息，打开 手机淘宝 即可看到【大学生寝室宿舍租房自吸便携式简易温热水淋浴器洗澡神器套装包邮】￥AAHoDlQC￥  http://  e22a.com/h.ZqgiG4?  cv=AAHoDlQC&amp;sm=96baca      
东北大学读材料类，材料成型，材料学，功能材料，保研名额多少，?,名额不分专业
考东北大学？,谢邀， 2017.01.20更新（自己挖的坑还是要自己来填） ~~~~~~~~~~~~~~~~~~~~~~~~~~~~~~~~~~~~~~~~~~ 首先说结论，高考就是需要自己最努力的时候         我的看法是努力把一切做到最好，高考结束不至于后悔，再选择自己能去的最好的选择。  至于说需要付出多大的努力这一说很难定义，虽然一直提倡教育公平，但是教育资源的优势还是存在，我只能说需要付出你最大的努力。 高考算是人生第一次重大的转折，虽然很高兴有学弟愿意以东北大学为目标，但是鉴于你才高二，时间还很充足，所以我很郑重的建议，多加油，把一切做到能做到的最好，看看是不是能冲击更好的学校，这样也不会让自己在未来后悔。  下面我再说说如果目标一定是东北大学该怎么准备  东北大学，原名东北工学院，从名字上来说就能看到我们的强项是工学，工商学和理学并不太清楚，不过肯定没有强校有竞争实力。学校最好的专业是自动化。信息学院（现拆分为信息和计算机两个学院），冶金学院，材料学院，机械学院这些传统工科的专业里恐怕我们机械是最没有竞争力的了吧，学校原来是冶金部下属，冶金专业很厉害只是招生上比较吃亏，毕竟选择冶金的女生貌似比选我们机械的女生还少。。 学校从16届开始扩大了大类招生的范畴，增设了很多大类招生的项目，算是学弟们的一大优势。 往年的招录情况可以在东北大学招生网找到，（东北大学主页有链接），主要需要关注一下录取的排名，分数线的浮动貌似比较大。   题主现在才高二，还有一年半的时间，在我看来努力一把说不定能选择更好的学校。    大概就是这么多了，路过的知友如有不对的地方请轻拍。。     ~~~~~~~~~~~~~~~~~原答案分割线~~~~~~~~~~~~~~~~~~~~~~~~~~~~~~ 先简单说说，这两天在考试，考完再修改答案。。 ～～～～～～～～～～～～～～～～～～～～～～ 首先需要看具体省份，不同的省录取情况不同。我是陕西的，高中在铁一中，也能算是名校吧（给母校丢脸了），高考成绩全省9000多，基本上以陕西倒数第一进了东北大学机械学院，记得只比东大提档线高了2分（2014年数据），现在的情况不是很清楚，毕竟我目前有考研压力。。 题主还只是高二，时间上完全足够，只要下功夫就一定能考上， 建议题主拼一把，发挥超常能选择更好的学校当然是更好的选择。 ～～～～～～～～～～～～～～～ 考试中的机械狗，考完再来认真答题
本地大学（东北地区）还是去南方？,       如果你想学更多人文思维和世面，那选择你不熟悉的环境肯定是首选，可以近距离感受南北差异。文化差异的比对和分析能够让你收获很多。         因差异而收获 其次通过你的提问方式，对自身定位还是有所欠缺的，专业填报尽可能根据自身和未来发展来填写。
青岛理工好还是东北农业大学好？,   两个学校分数和层级差不多的话，内在肯定也是差不多的。青岛是一个美丽的城市，山东学习氛围也好，但长远看，211大学能带给你的就业平台、见识长进是非211大学难以给你的。何况，大学能学到的东西还是靠自己，知识是一方面，见识修养和阅历同样重要。真奔着学习，说山东学习氛围超过外地学校，那前20年多努力今天就去985了，何必混这个圈子。     说到圈子，大学也是讲究圈子的。211院校奖学金名额多、数额高，保送研究生名额翻倍，能参与全国同类院校的校际交流、国内各类比赛及文艺活动，论坛演讲嘉宾级别更高，而且211名号本身就是就业台阶。多逛逛就业市场，就知道仅限985、211院校毕业生这个条件多么普遍。    缺点是两者都不是纯综合性大学，综合性大学的校园氛围是最好的。但分数一定的话，个人觉得东北农业大学性价比更高。
江西财大，上海对外经贸大学，首都经贸大学天津财经大学，东北财经大学哪个更适合读会计？,上海对外经贸＞首都经贸＞东北财经＞江西财经 都是地区性的学校当然要选经济发达的地区，上海对外经贸在上海的地位高于首都经贸在北京的地位，辽宁经济不发达，东财毕业去山东半岛发展比不上本地海洋大学和山威，去北京发展比不上首都经贸，去天津发展和天津财经半斤八两，但没有天津财经的人脉优势。江西财经同理，去湖南可以但是湖南经济不发达，去浙江比不上浙江财经浙江工商，去广东还可以。 看学科排名一点用都没有，各大排行把上海对外经贸排到多少位，毕业生薪酬排名前15难道是说着玩的吗
去香港科技大学，东北大学秦皇岛校区211985 gpa多少有戏？,东北大学秦皇岛分校是985吗？
跨专业考取东北师范大学历史研究生的可行性？,首先肯定 可行！ 我是跨专业考取东师思政专业研究生的，所以一切皆有可能！ 因为跨专业，更得把书多看几遍。另外，每年十一前后，自由大路校本部档案馆都会出售历年真题，一定买上！ 还要经常联系在读的师兄师姐。 因为跨专业，复试时候会有加试，就是额外再考一本书。  最后祝你成功。如果有需要可以联系我，我也算是东师的师姐了。
如何评价东北财经大学？,首先，作为一名2017届东财毕业生，强烈反对 @TSANG CHOI 的答案    关于母校，是生活学习了四年的地方。也是身边绝大部份同学们热爱的地方。    我们不愿意，不允许，一些人，因为某些自己的原因，从这里离开后，在知乎这个大平台上诋毁母校，甚至夸大其词。       1. 关于学风  很多人都用这个点来黑东财。说实话，我在东财四年，我不是学霸，但我知道有很多令人钦佩的学霸。 同班同学，努力四年，GPA4.0，申请到了全美综排12的学校。 社团好友，考研分数超复旦录取线6分。 认识的DUFEr中，考上外经贸、央财、上财、厦大的人都有。    不是东财学风差，是你自己或者是你接触的圈子学风差。       2.东财没有好老师    这点现在看来，的确东财的师资力量比不上很多南方的学校。的确很多老师都被南方的好学校以更好的待遇挖走了。尽管东财的好老师不算太多了，但如果你有心想要学习，东财的一些科研水平较高的老师都是很愿意帮助你的。  这里 @我有屠龙之术 。东财萨里学院工商管理专业的。大一大二自学经济学相关课程期间得到了很多经济学院老师甚至院长的帮助。目前经济学达到高宏高微水平。   所以，不是东财老师满足不了你，是你的努力程度还不至于没有老师教的了你。       3. 东财学生ZS事件    这个不幸的学姐，我认识，见过面，说过话，至今走到之远门前的时候，都深深为她惋惜。  她选择离开的真实原因，学校并没有对外公布。然而，有些人，夸大其词的说“擦干血迹就能铺上红地毯开毕晚”是不是太夸张了点？  清楚记得，事件发生是在端午节放假前，也就是五月二十几号。而毕晚是在六月末。一个月的时间，学校妥善处理了此事，学生家长没有人站出来闹事。难道给2016届毕业生一个毕晚，也是官僚主义作祟？如果你是2016届毕业生，因为一件甚至与自己毫不相干的事情而被取消了毕晚，你们都不会遗憾对么？  学校不让消息外传，大家就默契的闭嘴。当时正值五六月份，各院通知的时候，应该都有说，不要说出去影响招生。于是大家都悄悄的删掉了票圈。微博上也几乎没有人传播消息。 我不太懂，难道一定要这件事闹的沸沸扬扬，像很多学校一样， 上热搜被骂，学生站出来撕逼，才是很多人想要看到的结果么？     4.东财硬件设施   2013年上大学前，在网上问我财宿舍等生活环境如何。清楚的记得，有人回复我说，东财宿舍算是目前国内的大学中条件比较好的了。  说宿舍条件不好的，你们拍拍良心。四人寝，上床下桌，是不是国内学生宿舍顶配。小黄楼条件差一点，并不至于像有些答案写的那么夸张吧？  其他硬件。图书馆、一食堂、博学楼、之远楼。除了之远电梯不让坐，大爷态度蛮横了点。东财到底哪里对不起你们了？（sorry了……学姐想着有些人的答案，有点愤怒）    没有强制早自习和晚跑操，几乎没有寝室纪律要求。东财给了你作为一名成年人充分的自由和尊严，你在东财享受夜不归宿通宵达旦，享受社团活动觥筹交错，享受天天翘课也没请家长的时候……你怎么不说，东财学风差，都TM有我贡献了一分力量？     最后说几句：   我是东财2017届毕业生（学院不说了，小院容易暴露……）  我男票是东财2016届萨里国际学院毕业生。  东财四年，我们不否认它有不足，有缺憾甚至有些缺点。我们也日常吐槽电梯大妈，之远大爷，无聊的社团，自嗨的比赛……  但，某些答案，是不是黑我财黑的也太夸张了点。看了心里很不舒服。四年东财，难道我上的是假东财？  下学期来东财的学弟学妹们真的不用太害怕，东财是个小温暖的地方，这里有你努力的机会和环境，也有你想要的自由和独立。   真的很希望，Dufer走出校园，永远都是一家人。     前路，祝好！ 
《少帅》中，多次提到东北大学，谁能说清楚张学良和东北大学到底什么关系？,1928年8月16日，震惊中外的皇姑屯事件刚刚过去两个多月，身负国仇家恨的东北保安委员会委员长张学良，在戎马倥偬之际兼任了东北大学的校长。十年校长，张学良与东北大学写下了一生情缘！
请问有人了解日本东北大学igsap项目（会计大学院）吗？,Sooooooo wonderful program. 必须要英语， 没有考试。   http://www.  econ.tohoku.ac.jp/econ/  IGSAP/english        东北大学在乡下仙台， 所以我不想去。 但是IGSAP在东京. 城市， 有国际的印象。  据我所知， IGSAP是很小，但是有高质量教育。
美国留学硕士，直录TOP60后大学商学院好，还是TOP20-40大学CPS（如纽约，东北大学）好？？,谢邀！    已举报“代为完成的个人任务”式提问；  这种偷懒的求助方式或者是极差的人际沟通能力，建议还是不要去读什么硕士之类的，先到社会上学好生活自理技能再说吧。  
本人现在大三下学期，一般二本的电子信息工程专业，想去北海道大学，大阪大学或者东北大学请问该如何选择？,这三个学校来说。大阪大学的实力最强。但差距并没有那么大，与其说挑学校，不如选择一个更适合自己的研究室。
想申请日本东北大学的研究生，但是很担心核辐射和地震的问题，因为东北大学离福岛比较近，我的担心多余吗？,1.辐射肯定有 但是目前来看是安全的。对身体健康不会由什么影响 比起中国也高不到哪儿去 2.地震的话就不好说了 仙台311震过 3.就学校的地方来说 总体是安全的
如何看待东北大学秦皇岛分校尴尬的地位及未来发展方向？,就我知道的，就业时候对方态度有三种:  1、滚滚滚，带括弧的就算签完三方了我企业也得毁约不要。  2、“这位同学你的优秀超乎了我们的想象，我们公司很需要你这样的人才，来签一下三方吧。” “哦？贵公司不是只要哈工大的不要威海的吗？我也不是谦虚，让贵公司失望了所以我不符合贵公司的条件，还是另请高明吧！”然后扬长而去。  3、“什么，括弧校区的？我们单位有个你校的前辈在做不知道你认不认识。。。”  相信大家是能看出三者的关系的。  找工作的时候，是优秀的学长学姐披荆斩棘为我们用能力开路在前，跟得上形势的老师为我们用知识铺路在后。如果觉得路面不好走，你完全可以选择不依靠老师把自己变成最优秀的人才，成为开路的那一部分人。开路的人越来越多，3的单位就越来越多，就算原来是1的，也会经过2变成3。  而不是一上大一就知道关注毕业证一样不一样却不关注专业里那么多方向那么多路哪一条更适合自己。然后不管成绩好坏，在学校狗熊掰玉米，学完一科扔一科，再好的教学计划也没有用，到了大三大四发现找不到工作，只能去考研。成绩好一点的换个地方重复以上过程，成绩不好的只能当炮灰。从而最终成为了一个随波逐流的庸才。专业里这种庸才越多，1也就越多。  大家想做1还是想做3呢?  有一位老教授教育我们说，不要因为哈工大而自负，也不要因为括号威海而自卑。 相信这句话对山威和东秦的同学们也适用。
东北大学自动化专业怎么样，还是其他强项专业么？, 不邀自来.  本人东大大四在读。  简单说一下:   （1）东大自动化全国前二有目共睹，Tsinghua的有几个搞自动化的老师是东大博士过去的。东大自动化属于信息学院，是很出名的学院，自动化有个实验班好像，大二开始跟项目，保研去清浙交的多。这么说吧，自动化的好多是学霸，大多是想学自动化但是够不到Tsinghua的。教学质量：985之间差别不大，普通985和清北交差别还是有的，毕竟科研经费的问题。教学质量不仅是教学的问题，很多的差距在于实验，不过这个在自动化不用担心。  （2）计算机也是不错的，动手能力很强，保研的时候竞争力很强，和其他985没有任何差距。软件的话就业相当好，看一下这个吧， 东北大学软件学院2016年就业与保研去向详细数据。     （3）自主招生一般都有吧，这个不清楚，没参加过自招。  （4）如果你晚上不出门，就不会冷。每年的供暖时间还是比较长的。 
大连理工大学和东北大学现在哪个好？个人认为大工的实力强，高考分数线也比东大高，但为什么东大有些排名高?,1. 政治级别：理工大学高于东北大学 理工大学属于副部级高校，校长书记都是由中央任命，东北大学校长书记属于厅级，由教育部任命。 2. 大学排名：理工大学高于东北大学 近10年来各种大学排名一般10个排名里有8个理工大学是高于东北大学的，理工大学一般排名20位左右，东北大学30位左右 3. 分数线：理工大学高于东北大学 4. 科研力量：理工大学高于东北大学 院士数量、长江学者、“973计划”项目首席科学、国家重点学科、国家重点实验室、博导数量、博士点、硕士点等等均大幅领先东北大学 5. 校办产业：东北大学高于理工大学 东北大学有东软集团等有名的校办企业，理工大学也有很多校办企业，但没有很大规模的。 6. 历史沿革：东北大学高于理工大学 东北大学创建于民国时期，理工大学创建于49年。 7. 优势学科对比： 理工大学：大部分理工科学科都在75分左右，个别像化工、机械、土木、船舶、力学、管理科学等几个优势学科可以达到85、90分。相对来说平均一些。 东北大学：大部分学科很一般在60分左右，个别两三个学科比如自动化可以达到95分、计算机90分、冶金95分等。除了这三个学科外其他学科跟普通高校基本差不多。 10、发展前景：理工大学高于东北大学 本身理工大学基本专注于理工科，又有大连城市发展作为基础，目前很多哈工大、吉林大学、东北大学及海外优秀师资量跳槽到理工大学
在東北大学 (とうほくだいがく) 就读是怎样一番体验？,更新来啦。多图杀猫，请配合wifi食用 ------------------------------------------------------------------------------------------------------------------------------ 平成27年10月入学，工学研究科materials processing修士一年。今年四月录取了学校leading graduate School的MD项目，课程真的非常多…加上在申请提前毕业（因为导师即将退休），所以目前的体验就是。。。忙碌。。。  已经连续两月的时间，每周实验+课程时间超过50h。这其实比较平常…几乎晚上十一二点，材料系的大楼里面能看到日本或者中国的小伙伴，穿着实验服提着样品和笔记，大家一般相视一笑就接着干活去了。周日的凌晨一点，有些研究室仍然开着灯，有人在干活。材料系本身中国人就不太多，所以不会有许多人有时间来知乎答题（今天校庆～两节课停上～）。  唔…请给我一些时间整理素材～周末填完这个坑～ --------------------------------------------------------------------------------------------------------------------------------- 2016/6/27第一次更新   Tohoku University    这是学校的网址，欢迎感兴趣的同学报考：D 首先是学校的自然环境~很抱歉，因为研究室在青叶山校区，所以我几乎没有别的校区的照片。。。除了赏花时在片平信手拍的几张。  片平校区的春天，很多人过来赏花。 片平校区是东北大学历史最久的校区，东北大学金属研究所坐落于此。金属研究所的第一任所长是本多光太郎先生，被称为日本钢铁之父。现在的金研，也常常会组织各类学术讨论会，据说经常可以遇到诺奖获得者。   片平校区的校史馆陈列着大量有关鲁迅先生的资料，甚至还有东北大学最早的赛艇......     青叶山校区的夏天。 如果说哪个季节最能体现仙台的特点，我觉得这个季节会是夏天。过了春天，青叶山上整片整片都是郁郁葱葱的。想到现在的仙台源自战国时期伊达政宗公所筑青叶城，仙台市的中心区名叫青叶区，此时的东北大学工学研究科随处可见茂盛有致的树林，教人心情愉悦。仙台的雨季很长，从六月中旬开始，几乎有一个月的时间很少能看见太阳。上周日难得碰上晴天，所以赶紧对着食堂（工学部中央大厅）拍了一张。仙台几乎没有酷暑，即使是现在（6月27号），气温在数值上依旧靡靡不振。等到七月中旬雨季结束后，便是和煦怡人的夏日了。通常学校会强制放假两周，毕竟八月仙台，众人都在期待七夕庆典~    青叶山校区的秋天。 大片的枫叶，请原谅我的照相水平。这里是工学研究科后山，大片的无人区，据说居住着许多熊。俳句比赛的时候，甚至有日本学生写道（大意）：青叶山的女生/真的非常的少/比山上的熊还少。 这一片也住了不少野良猫，有好心人给他们放置了餐盘，经常有师生过来投食。下午第一节没课的时候，可以带着猫粮过来，和他们一起悠闲的看会儿云。只是日本的乌鸦真的很多，许多猫粮实际上是乌鸦吃了的~     工学研究科的冬天，大雪纷飞。 银装素裹？不不，应该说暴雪爸爸模糊了我的视线。每年会有两个月以上的时间，你的眼前只有白色。此时恰逢期末考试，每次上山还得面对考试，就真的是举步维艰了。若是不小心，要么滑倒，要么一个大大的C，换谁都承受不来。可是讲道理，如果不谈考试，大学纷飞的校园，一定让不少南方的同学惊喜到震撼吧。    其实我到东北大学读书，还不足一年的时间。各种机缘巧合，我不得不把我的整个修士生涯压缩进一年半的时间内，期间得完成普通学生的两倍以上的课程以及两个月的实习。直到最近，才算是刚刚适应了这里的生活，写这篇稿子也是为了纪念在这里算是刚刚进入正轨的生活。最近的实验压力稍稍有些大，工作结束离开研究室的时候，大多都是凌晨了。最后贴上白天和凌晨的工学研究科材料系的照片~我还会在这里忙碌三年有余。到了人生的下一个阶段，相信我会无比怀念这段时间的。这次更新就到这里了。谢谢各位。   
为什么东北大学的宁恩承楼和宁恩承像使用不同的宁字呢？有什么传说之类的吗？,我是成都人，在四川上的大学。 不过鉴于这个照片，我估计是修建年代不同，主持修建的人不同。造成了使用的字不同。
河北工业大学和东北大学秦皇岛分校哪个更好？,个人认为河北工业更好   首先  河工大在天津   各种资源都不是秦皇岛能够相提并论的   其次  东秦在外看来也就是挂了个985牌子  招聘什么的人根本不认同你的985资格  尤其在南方  知名度低  不知道的人可能认为是个三本院校 再看学校规模和校园环境   东秦现在正值三十年校庆  才开始改修下水管道系统   检修食堂  拆除违章建筑  每天学校搞得跟工地一样   之前都干嘛去了  之前学生就没有安全隐患吗  为什么就不管   现在要校庆了 为了面儿才肯花这个钱来修一下   有把学生安全放在心上吗   河工大人好歹是独立的211院校  而且专业性明显  学校设施方面也比东秦要好很多
凯斯西储，BU， 东北，杜兰，里海大学 本科哪个好？,case western应该不错，学校规模小，乡村，有一定的兄弟会/姐妹会风俗，不严重，应该是不影响正常学习生活的。了解不多不好做评论。  BU擅长社交的话比较推荐，学校规模大，市中心，物价问题不大，学费比较贵。交通方便，有T穿行。购物也有车去往缅因州（这个是听说，未考证）  东北我个人感觉不如BU，有个缺点是如果你今后回国发展，找工作的时候会被人以为是中国野鸡学校。但进年排名上涨快，值得考虑。  杜兰不在我的考虑范围内，没有了解。  里海。是个很有意思的学校。可以说是在山上的学校，听说宿舍到教学楼都得爬山。我觉得应该是会有车的，应该。安保措施堪称一流，对妹子来说是加分项。然而里海有很强的饮酒风俗，学生中很多饮酒者，也有很强的兄弟会/姐妹会风俗。  我是今年本科申请者，这些信息除了我标注的个人猜测部分，多数由美国学生/老师/亲戚提供，仅供参考。
如何看待东北财经大学2016年录取分数线大幅下跌？,大规模下跌?你tm在逗我，我是16年考进的东北财经，602，东北财经一本a投档分618，金融，会计都得630多，这份在黑龙江都能去工大了，我才去了国商，然后我才知道国商在有些省是二本！
想考研物理化学专业，但是相比下哈尔滨工业大学，和东北大学哪个性价比更好，因为众所周知哈工大要难考…?,论考研，哈工大肯定不属于难考的
华为在东北大学招聘状况如何？,我也是东北大学的，当时宣讲会，他们的原话是，做销售也要研究生学历。
本人安徽省理科考生，名次大约7800，考虑武汉理工大学、西安电子科技大学和东北大学，各位有什么建议？,这个问题必须回答下。东大，没得说啊。本人安徽人今年9月前往东大读研。我寝室的好朋友去武汉理工，我姐夫曾在西安电子科技大学读书。（你说的要素我全部具备）先说说我的理由。 1.东大985，985在一定的程度上代表了很多事情，很多用人单位对学科不是太了解，而苛求985平台。 2.东大人文给我感觉印象深刻，去复试时候很多不认识同学很友善很乐于帮助人。 3.东北最近被黑我不否认，但沈阳最为东北最大的城市，物价不高，生活方便，而且妹子也很漂亮哦。 4.东大的工科非常好，自动化、机械、计算机等等。 5.可以感受北国的人文，可能我向往远方，想感受不同的人文，接触不同的生活。 6.沈阳交通方便啊，内入东北，外接北京都很近。 7.你如果以后保研还是出国，985对你很重要的。 8.本人没有地域黑，感觉祖国哪里都好。只不过有些地方经济这几年发展的好一点，有些迟一点。难道单单评这个有些人就有优越感，那也太让人无语了。 最后祝东大越来越好。
东北哪个大学对待LGBT的态度最友善？,居然在工大话题下看到这个问题，就来做个回答。  利益相关：哈工大LGBT小组知彩社创始人  首先，必须得说题主你的问题有些宽泛，缺乏问题描述很难清楚对“友善”的定义。 再者，东北的大学非常多，很难就东北的每一所大学的情况进行了解分析，并得出对LGBT“最友善”的大学。同时，由于缺乏各个高校对LGBT友善度的数据，所以无法得出每所高校的“友善度”。 在此，我只能从哈工大出发，分析学校对LGBT群体的“友善度”，作为对东北的大学对LGBT群体友善度问题的参考。  参考问题  你对（曾）就读高校的LGBTQ友好情况有何看法？ - 大学  中对友好及不友好的评价标准  友好： 1. 学校是否有包括性取向、性别认同/表达在内的禁止歧视声明？ 2. 学生能够通过简单的流程在学校档案上更改自己的性别认同？ 3. 学校是否有对LGBTQ人群负责的资源中心或办公室？ 4. 学校是否有LGBTQ研究项目或者相关课程？ 5. 学校是否有公开支持LGBTQ群体权益的教师？ 6. 学校是否有支持LGBTQ群体权益的官方学生社团？ 7. 学校是否允许举行与LGBTQ群体相关的讲座？ 8. 学校是否有支持LGBTQ群体权益的非官方学生社团？ 9. 学校公开出柜的LGBTQ群体多吗？ 10. 就你个人经历而言，学校师生对LGBTQ群体的态度是友好的吗？  不友好： 1. 学校是否有针对LGBTQ群体的歧视性政策？ 2. 学校是否有针对LGBTQ群体的歧视性行为？ 3. 校方是否会发表过LGBTQ群体歧视性的言论？ 4. 学校是否有发表对LGBTQ群体歧视性言论的老师？ 5. 校方是否会举办含有对LGBTQ群体歧视性言论的讲座？ 6. 学校是否会打压公开支持LGBTQ群体权益的教师？ 7. 学校是否会打压支持LGBTQ群体权益的学生社团？ 8. 就你个人经历而言，学校师生对LGBTQ群体的态度是不友好的吗？  对这个标准，工大除了12567没有，其他都有（过），下面我将分友善及不友善两面对哈工大对LGBT群体友善度进行分析。  正面： 1.工大是有对LGBT群体负责的办公室的，是一个LGBTQ-friendly的办公室。只是这个办公室在留学生公寓里，大概也是只对留学生中的LGBTQ群体负责吧？这也是工大（我发现的）唯一一个有帖彩虹旗的办公室。 2.工大有做LGBTQ相关研究的老师，唐魁玉老师，他做了一个关于同妻的研究，在全国都有较大的影响力，并且他个人对同志群体的态度也是非常友善的。只是仍然认为同志群体的性取向应该被改变，同时受限于工大的环境影响，他不愿意站出来为同志群体发声。 3.工大有非官方同志小组，哈工大知彩社。知彩社会定期在校园内开展分享交流会、同志反歧视、等一系列的活动。并且据little bird说，校方已经知晓知彩社的存在，但并未作出过干涉。 4.学生对同志群体较为友善。学校没有发生（或者是没听说）过因为性取向或性别认同不同而施加的暴力行为。在计算机学院曾有一个喜欢穿女装的学长，同学们对他的态度都非常友善（但不清楚这友善度是否与能力有关，这个学长是一个计算机大神，经常给学弟学妹们讲课） 去年11月知彩社在工大展开过一个关于性与性别的问卷调查，从结果中也可以看出工大的学生对LGBTQ群体较为友善   调查结果全文链接： 【统计结果】关于HITers眼中的性及性行为     反面： 1.学校出现过辅导员老师对同志群体性取向表达诉求的反对。   （据该导员管理学院的同学说，该导员曾提出，若有学生公开表明自己性取向，将通报家长） 2.受限于校园环境没有老师愿意为同志群体发声。 3.学生对LGBTQ的了解较少，大部分学生对LGBTQ的了解仅停留在“搞基”“百合”的层面。多数女生也仅仅是停留在对BL漫画及小说的了解，认为男同性恋很帅，对女同性恋持不理解态度。有些学生，就算了解并支持同性恋群体，但也处于认为同性恋恶心，反社会的曾经面。多数学生对双性恋、跨性别、酷儿、无性恋等同志群体的分支缺乏了解。包括LGBTQ群体中也有大部分不了解同志群体，甚至有许多不知道LGBTQ是什么意思，不明白彩虹旗代表的含义。 4.没有官方媒体愿意对LGBTQ群体进行报道。曾经在联小络出现过一篇关于同志群体报道的文章，但却在发出十分钟后“被删除”，事件详情可见问题  如何评价哈工大联小络「植物人｜那个在工大扛彩虹旗的学生 」一文？ - 男同性恋  5.据little bird说，校行政管理曾要求过学校的官方社团/媒体不允许对LGBTQ相关问题有所发声。   可以看出，工大现在对LGBTQ群体处于“不支持不反对别张扬”的态度，这也是目前大部分学校对待LGBTQ群体的态度。不过比起某些学校对非官方LGBTQ小组的打压，工大的态度相对来说还算友善。但若要与哈医大这些在校园中开设性与性别相关课程，并有老师公开站出来为同志群体发生的学校比起来，还是差上一节。
和东北财经大学的女生接吻是怎样的一种体验？,东北财经大学的女的长了两张嘴吗？
如何评价东北财经大学国际商学院2＋2免高考留学学分项目？,关于中外合作办学项目，比如某个2+2项目，这种项目是必须要在国家教育部备案，毕业之后才可以承认学历，这样的学校认可项目有个特点，就是计划内招生的，就是跟普通学生一样，都是过了分数线被录取了，才可以入学，如果是你说的那种“只打着学校的名声的”居多，而且都是不看高考成绩入学的，直接计划外招生，他们的招生简章中都写着计划外或者扩招招生的，国家不但不承认国内的这个学历，而且等你在国外的那两年毕业之后，回国也不会给你做学历认证，因为那种项目没有备案，没备案就是学校自己开的合作项目，不予以承认学历。 北京地区的大学曾备案过中外合作办学的项目，在这里可以查询的到： 中华人民共和国教育部 中外合作办学监管工作信息平台    记住一定要谨慎，这种招生还有个特点，就是正规的项目，学校老师不会主动给你打电话然后催你报名、入学的，如果是那种不被承认的项目，那所谓的老师肯定是经常会打电话催你赶快报名，名额有限等等。
想学计算机，北邮、成电可能进但专业保不了，纠结去西电还是东北大学？,泻药。  今年我的外甥女也刚高考，成绩二本，与楼主相差甚远，她这两天也在问我学校怎么选。。。顺手建议一下，结合楼主的描述，毕业应该是从事计算机相关工作，那么我的建议有：   建议1：考虑毕业后的就业成本，就近原则。   要为4年后的就业选择学校，比如你期望以后在北京工作，那么建议选择北京的学校，或者北京附近的。  这点对于家庭困难的意义更大一些。因为一个学生从学校出来后面临的第1个困难是如何在社会上找到一个安身之所，在哪个城市读书就选择在哪个城市就业，其实是成本最低的就业方式之一。  另外，如果你已经考虑以后要回老家就业的，其实这一条反而没有什么参考价值，选择在哪个城市读书都可以，因为回老家就业也是成本较低的就业方式之一。同时，很多人出于家庭因素，不希望远离父母或父母不期望子女远离自己的，那么建议选择离家近的学校。   建议2：好学校烂专业 &gt; 烂学校好专业。（这建议是针对计算机相关专业的）   绝大多数人出来社会就业所需的知识，往往是高中阶段就完成了。大学其实是学生进入社会一个过渡期，在大学更多是强化个人的自学能力，工作和专业完美匹配的毕业生是极少极少数的，更多的毕业生在抱怨所学专业和工作没有关系。当然，我不是说专业不重要，而是你现在很难确定所选专业就一定是你喜欢的，而喜欢的专业可能未必就是和以后工作相匹配的。  从用人单位层面上考虑也是如此，企业大HR也很明白找一个专业与岗位匹配的应届毕业生其实很难，即便有，学校所教的东西往往是远落后于企业真实需求的。因此，企业在招聘时往往是从学校的知名度上去圈定校招范围，而专业的匹配程度其实并不是第一考量因素。  而且，当你工作几年之后，很少有企业还会在意你当初学什么专业的，最多会看看你是不是211/985的。这一点在IT行业表现得尤为明显，而互联网更是如此。如果楼主要往编程方向发展，那么能力高于学历 ——「Talk is cheap. Show me the code」，而且应用于编程实战的知识，基本上得靠自学，而一个人的自学能力和专业没有半毛钱关系。  这一点就以答主自己为例吧。目前在BAT某家，进来之前就和HR以及用人单位申明，从电子科大肄业，学历是没有的，非要提供的话就是一张本科肄业证明和高中毕业证，但似乎并没有影响offer。  因此，就计算机及相关专业而言，我建议选一个好学校，专业烂一点也可以接受。其他专业，就不乱建议了。
东北财经大学财务管理硕士就业怎么样？,看了其他人的观点，只说三点 1、东财毕业生就业率（和就业质量），财管硕士男第一、会计本科男第二。个人记忆，base on 2009年前后东财官方就业数据。简言之就是非常好。 2、东财的财管专业排名属于全国前列，参考 2015考研：财务管理专业考研院校排名_考研_新东方在线    3、个人东财财管本科毕业，同学就业都算是目标城市中比较好的。
东北财经大学萨里国际学院实力如何？毕业后就业方向？,2012级校友  国内不上清北交复其他谈论学校实力没什么用  找工作一看关系二看个人实力 我接触到的应届不同校技术牛拿的offer都很6 当然都是互联网公司  就业方向看个人意愿 总体来说bm tm并没什么用 看你工作经历和人脉了 五百强实习有用 屌丝企业没用
东北大学辅导员待遇和晋升空间怎样？,问问题也要符合基本法啊，你说我一个陕师大的辅导员，怎么能来回答东北大学的问题呢？
日本东北大学協力講座是什么？, 感谢邀请  你这个问题其实就是对于“協力講座"一词不明白   下面是一段解释，就不中文复述了。。。我中文不好。。。。哈哈  協力講座とは、大学と協定を締結した企業等の第一線で活躍する人たちが、 講師として大学が開講する正規の授業科目を担当する授業です。各授業のテーマについて学ぶだけでなく、社会で求められている知識や技能とは何か、また、大学で学ぶ理論、知識が実際の社会の中でどのように役立てられるかなどキャリアデザイン教育にも視点を置いて、企業の持つ実践的知識をもとに＜理論＞と＜実績＞を学びます。   
北京科技大学，吉林大学，上海大学，苏州大学，东北大学，哈工大威海选哪个？,可以考虑东北大学目前刚刚开始招生的机器人学院，在自动化大类里招生，大二分流，这个学院非常适合出国，东大自动化和清华换着当第一第二，而且机器人行业符合发展趋势，东北大学在这个专业处于全国领先，而且招收人数少，导师制本科时期可以参加很多项目，有很多机会，可以为以后出国打下很好基础。
废除985工程对东北大学有何影响？,      会把唯一的遮羞布给扯下来，大家在填报志愿的时候会更加理智的看待这个学校，我属于那种因爱生恨的，因为学校确实太不争气了       现在辽宁和沈阳的形势是经济下滑过于猛烈政府早已经自顾不暇，更不要说和浙江广东一样投钱扶持本地大学了，所以在教育部有限的支持下，我校排名下滑的趋势会越来越严重，而且实力会越来越弱       对比我校已经有的优势学科不难发现除了自动化保持其余的机械材料计算机等都在下滑，甚至传统优势学科冶金采矿竞争力也不如以前，旧的优势没保持，又没有新的增长点，迟早药丸
在东北大学读书是一种怎样的体验？,作为从东大刚毕业的人，我只想说，别对东大抱太大希望，这样才不会太过失望。当然也许你能有一份很好很值得怀念的经历，只不过一般是因为那里的同学，那里的人，而与这个学校是没多大关系的。  不知道你是哪个学院的，开学是去新校区还是老校区。老校区东西都比较旧了，能利用到的地方都开发完了，而新校区才建两年，还是大片的荒地。老校区男女比例差距巨大，新校区比例比较正常而且貌似平均颜值比老校区高一点什么的(/ω＼)。  说道新校区，忍不住吐槽一下，建筑设计的是真丑，即丑又不实用，第一次看到食堂我还以为是盖新校区时的工厂厂房没拆，教学楼建的跟迷宫一样，尤其是建筑学院的楼，巨丑无比，门就一点点大，这种画风反正我是接受不能。新校区所有建筑都丑，除了风雨操场据说是请外国的设计师设计的无论里外看着用着都很不错，和其它建筑简直是两个世界。风雨操场是整个东大唯一符合我对大学的期望的建筑。  对了，老校区的食堂菜价一直在涨，还总是把比较受欢迎的菜换掉，不知道怎么想的。最近一年多好像每个学期价格都会涨，不知道等开学了还会不会继续涨。反正今年上半年每个月吃饭的钱比刚进大学那会要多百分之五十左右吧，就是五百变八百，一千变一千四五这样子。不过总的来说还是比外面便宜些。  还有东北似乎轻工业不发达所以像塑料制品什么的都死贵，一个稍大点的塑料盒子就要卖几十什么的。  在学校如果要办点东西，像手续，证明什么的，你得跑死。经常是老师不在办不了，说好某天在结果放鸽子，老师在但是只有周几周几才能办之类的事情真的太多了。。。  至于教学质量，反正我头两年使劲玩的时候看那些听课的觉得很厉害，等后来觉醒了开始学习了才意识到“大学里最耽误学习的事情就是上课”这句话是多么的正确了。  东大总的来说风气还可以，学生也都比较有素质，丢东西之类的事一般只有从校外进来小偷了才会发生。另外常常会有整个寝室都是学霸和整个寝室都降级挂科邋遢到死的情况。大学里舍友是很重要的，基本能决定你一生的走向。  对了，临毕业了才知道东大有很多和国外学校交换或者合作几+几这样的资源，很惋惜当年没有早点知道准备一下说不定还能体验一下不一样的人生。  嗯。。。今年东大算是出了次教学事故，具体可以看这篇   2016年在东北大学软件学院做毕设是怎样的体验? - 211 工程大学   毕业晚会的时候还有学生演小品讽刺这件事，台下老师们脸都是黑的23333。  总的来说，东大算不上多好也算不上多差，没好到值得夸耀也没差到要喷的一无是处，乏善可陈。不过也许你们的体验会比我们好。  最后，祝贺你考上东北大学，祝你能拥有一份能令自己满意的经历。
东北师范大学金融系怎样?,金融系的，明年毕业，看到没人好好回答，就简单说说，，欢迎补充，，， 东北师大经济学院和商学院总体规模不是特别大（相对数理化生这些学校强势学院来说），经院4个系，经济，金融，国贸，财政。商院不太了解，但可以肯定比屌丝经院有钱多，各种校友捐钱，学生很aggressive，经院孩子都太naive了。前两年经济学大类类授课，不细分专业，大三根据志愿和专业排名分系，经院学霸基本都在金融系，你懂的，本人学渣一枚，运气好挤了进来。金融系课程不会太松，主要集中在大三上，7到8门专业课（考试周要死人），下半年课程不会那么紧，总得来说课程中规中矩，看你怎么学，学得好的论文都能发，地域问题东北几所主流高校金融都差不多，吉林大学会突出些。院里和系里老师都很nice，学院规模不大，所以师生交流很方便，不用担心教授不理本科生，学院老师都是一对四引导本科生，很多导师真的超负责，周六周日都会带学生学东西，提前接触研究生学的内容，而且不求回报，因为很多院里教授都从日本一桥回来或是老吉大毕业，科研教学都很严谨负责，做事很一套章法，本身周围诱惑少，很少会浮躁，让本人感触最深的也是老师那种安之若素，踏踏实实的态度，不扯那些经世济民高端洋气那些的东西（东北师大校风说难听点就是太老实本分）。因为地域问题，院系就业这块是个硬伤，长春毕竟早不是伪满新京，能提供机会实在不多，如果是想定下心学东西做科研的话还是不错的选择，去年学院一个教授就被华东师大挖过去做了经济系主任，其实这个平台绝对能带你走得很远。但如果是考虑就业的话，说实话如果有更好选择，最好还是别来，净月真的很村，金融就业的话北上广机会更多也更方便。还有就是金融系包括整个学校漂亮妹子真的多，你懂的。
如何看待东北大学学生科学技术协会在你的名字档期播放该电影？,没错我是广告=w= 欢迎小伙伴们使用  先锋硬件维修报名平台进行爱机维修哦~~~    猛戳这里:    http://www.  neupioneer.com:8123       或者   http://www.  neupioneer.com/repair         利益相关: 原先锋网络中心成员 作为先锋的成员，题主已经把我对这个事件的态度以及回应截图发在问题中了，所以这里不再赘余回答，这里只给  @高梓烔  解释一下他的回答中的不合理之处  其实是处处都不合理啦，不过呢，这里给你解释两个点吧  &gt; 原本呢，东北大学有一个学生科学技术协会，提供免费修电脑。技术比较一般，只能解决一些小问题，但是完全免费，属于为学生服务。  哦？ 请问这位答主，先不论你这里面有多少弄虚作假的给先锋抹黑的成分在里面，据我所知科协从2014之后才开始进行所谓的硬件维修服务吧？ 请你去看看先锋是从什么时候开始的， 至少从2006年起，我们组织已经开始进行维修了  [讨论]先锋网电脑维修组管理规定（征求意见稿） - 东大生活 - 先锋论坛 - Powered by Discuz!    另外，请你用脑子看一下，这个是收费的还是免费的。   不愧是你们科协， 不仅干活能力差，颠倒是非能力让我瞠目结舌啊  请这位答主好好研究一下，想要抓我们先锋的把柄的话，你也得有的抓，而不是空口无凭的在这扯淡哦，我们先锋可不像你们组织，自己内部都有矛盾，估计你也代表不了你们组织吧23333，所以我就当做是给无知的你解释一下你对先锋的误会吧  &gt; 不过，我奉劝先锋网诸位，就屏你们那一点点资本，在浑南这破地方别想和科协争了，没用。  果然小人只能以小人的思想考虑问题啊，事实上先锋并没有和贵组织争，我们在校内的技术能力保证了我们不需要和任何人争，你应该清楚吧，今年很多去科协的都是来先锋不过没有录上的么 资本嘛， 对于技术性组织来说，技术就是资本，那么请你们举出几个在ACM中亚洲区拿银奖 or 以上的贵组织的成员，或者在国内知名IT企业工作的贵组织的成员？或者学校的某一个开发项目是由贵组织的人亲自完成的也可以 这些人在我们组织都能找到的说，如果贵组织技术上有什么问题需要指导的话，我们也可以提供给你们一定的指导的，毕竟我们组织对Linux服务器的运维经验，Web开发经验，以及硬件维修经验，都要比你们多一些，欢迎交流，不过前提是，请你收回你对先锋的恶意攻击，不然你个人，我指的是个人名义，就是我们的敌人   修改答案的那一位，  @高梓烔  这么草率的修改了你那言辞，对我们先锋造成的名誉上的侮辱就这么不了了之了么？ 请你给我们道歉  _P.S._ 另外，之前在百度（鄙视百度）贴吧有和此次事件相关问题要私聊我的，至少有两位，以及在QQ上找到我的，如果有什么关于此问题要交流的，请在公众平台交流，光明正大的做人，不要私下诋毁，或者说什么能不能看在人情的份上就不要再追究了，我没有追究什么，只是你们（指代那些相关人员，不指代组织）满口胡言，颠倒是非，并且侮辱了先锋以及我个人，对此作出的回击罢了，如果你们在公开场合道歉，并表示以后不会再进行对我组织抹黑，以及带有个人主关色彩的发言，那么此次事件我也不会再进行回击。可是你们目前的态度却是，不但不认识到自己的错误，反而更加变本加厉的对我组织进行诋毁，这样的话作为我热爱的先锋网络中心的一员，我的回击也不会停止  --窝是萌萌哒分割线--   目前看来，对我的回答持反对态度的没有一人在就事论事讲道理，皆为无理取闹哗众取宠之徒，因而如果再有类似的，人身攻击，或者恶意诋毁，而不针对问题谈论的回复，本人一律无视  )--窝是第二条分割线--(  对于回答中的群众的不要互相诋毁，互相对立这个问题，我回应一下 我的回答的创建时是  2016-12-11 19:39  至于我为什么会以如此强硬的态度回应此问题，是因为之前的一个由  @高梓烔 做出的回答 他的回答时间是   2016-12-11 01:04  他之前的回答中各种言辞处处不是对我们先锋的侮辱以及对事实的颠倒  之后又遇到其他利益相关的人员的诋毁，在此不一一举例，因而我做出这种态度强势的回应，他们需要为自己的诋毁行为负责，而不是说，直接一走了之，就像  @高梓烔 目前的回答一样   说错了话，做错了事，就要负责，包括其他诋毁我们的人在内，是你们诋毁我们在先，我们没有想要主动攻击你们，最初仅仅是如各位答友（估计也是校友）所说的，对版权问题一事的争论，是你们把话题发酵到了这个地步
在一所农林类大学学习机械自动化好么？东北农业大学？,挺好的，以后收割机奔跑速度比高铁还快，五个小时，从珠海一直割到北京，沿途碰上任何东西都劈成两半
东北大学好还是哈工大好？,每个学校都有她的幸运也有她的不幸，比综合实力东大确实不如哈工大，但两个还不错的学校比较，一个学校居然用高傲的姿态说这种比较是“黑自己”，这种姿态注定你成不了顶级名校，至少有一些专业你也不如人家，我是东大的，我不为自己学校辩护，理性讲，东大和工大综合实力差一档，但工大学子却用鄙夷和蔑视的态度对待其他高校真是失了气度，对985都这个态度，可想其学子是多有优越感，说一句，你纺织比得上东华吗？医学比得上大连医科吗？ —————分割线———————— 说个真的小笑话，我同学保研的时候给东南投简历，东南说你不是211，不可能收，但最后东南老师比较其他的学生后给我同学打电话说你还是来吧，我们考虑一下，我同学说不了，我去浙大了。 看了最近一期一年级大学季，我感觉陈道明有句话特别好，山上的人不要笑山下的人，因为他们也会上来，要做好自己，爬山的人不要笑话下山的人，因为他们曾经风光过。 两个学校都爬过山也都风光过，我不黑你的冶金，你不黑我的航天，我在半山腰你为什么不拉我一把，却要让别人看着我们撕逼？包容点，低调点，什么样时间会告诉你的！深夜打字，望采纳，只恳请那些站在制高点黑我东大的人闭嘴！最后一句，出这个问题的亲，你是高中生的话，选学校更要选专业，你要是能上哈工大，努努力，上清华吧！我也不匿名！
如何看待东北大学食堂多次中毒事件？,没死在东大我很庆幸。  学校中毒后回了家，因为浑南校区就一个食堂，旁边都是大荒地，根本没有就餐的地方，并且我也不希望拿自己生命当玩笑。  刚刚导员打电话来通知，今晚如果不回学校给校级处分。【手动再见】  ————————以上更新—————— 上次食物中毒后，学校对发表言论的学生给予学校处分，各种威胁学生不给毕业证不给学位证给学校警告给学校处分等等，不允许学生接受任何采访，不允许学生发布个人朋友圈、微博、空间说说，不允许讨论这件事情。  在群里说一句关于这件事情的话，就要被导员单独谈话。  导员也很煞笔，只会压迫和欺负学生去完成上面给自己的指标业绩。  伪造就业率伪造假数据，称只有三十多人中毒并无大碍只是输了个液。  看了东大，差不多你就知道为什么“共和国的长子”现在如此落魄。  因为教育往往能体现那地方的社会环境，试问学校都如此官僚如此欺软怕硬如此去压制学生自由客观的舆论，还有什么比这个更可怕？  宿舍火灾、宿舍爆炸、食堂2次中毒、实验室爆炸、学生集体斗殴约架（社体和国防生！你没看错，国防生！最后的结果是社体的一个带头人背锅被学校开除，国防生连个处分都没有）、浑南校区未完工即启用，学生多数甲醛过敏严重、浑南校区民工自由出入女生宿舍连厕所都没有门和遮挡、各种压制学生舆论，请假开除回家开除发言开除  以上。
分数足够的情况下学软件工程选择东北大学还是北邮？,说说我知道的情况，北邮有几个高中同学，几个本科同学，经常聚餐就各种瞎扯闲谈，也会谈到学校。  北邮: 一个自认为自己是通信行业985学校的211高校; 一个基本上全民互联网的“通信”类院校。  貌似，4G，5G和东南某个大学的关系更大。  引用时下比较火的一句话:本科看学校，硕士看专业，博士看导师。 学校不是985就不是985，不是211就不是211，这是改变不了的事实，以后找工作的时候就明白了。  假如题主贴了心搞软件及互联网行业，北邮也是个不错的选择。 话说为何没有第三个选择，其他非北京的985高校啊
日本东北大学怎么样？,学校还不错，仙台城市规模适中，比较适合学习和生活。生活成本比东京等大城市要低一些。
东北大学冶金工程分流钢铁和有色怎么选择？,转专业到计算机或者软件学院
四川农业大学和东北师范大学的法学 应该选择谁?,四川农业大学法学在雅安校区，东北师范大学在长春地理位置都不太好。但是都同属于211。东北可以体验一下不一样的地域风光。法学这两学校都不太好吧。建议不如报双非的西南政法大学。法学传统名校。西南地区还是可以。
就读东北财经大学财会专业是一种怎样的体验？, 谢邀。本人系东北财经大学财政税务学院财政学专业2015级本科生，就题主问题谈谈我入学两年来的几点感受。  先上个摘要  东财不大，但环境算得上优美 实力强是真的，但没有名头的痛也是十分现实的 这里能给你巨大的自由，但同时也需要你具备强大的自制力 这里算不上欲望充盈，但真的很功利  以下是正文  妄加猜测，题主应该是刚刚高考结束准备填报志愿的学弟／学妹，我就以一个“过来人”的身份跟你这两年在东财读「财会专业」的感受。  东财不大，但环境算得上优美  稍微有点儿跑题，但校园环境我觉得有必要简单谈一谈。如果你期待的，是那种大而平坦，建筑错落，到哪儿都能骑个自行车去的校园，那么东财要让你失望了。这学校真的不大，腿脚麻利，对道路略有了解，不出一个小时，你就能把校区逛上一圈儿。校园本身又完美体现了大连这个滨海丘陵城市坡路多，平路少的特点，优哉游哉汽车到处逛这回事不存在的，何况“知书园学生公寓”和校区之间又隔了一条需要过天桥的马路，对自行车爱好者而言，宛若天堑。  但是，注意，我说但是了！但是东财不失一种小家碧玉的美。  作为一个文商科院校，东财到处洋溢着人文气息。春夏的校园堪称大连一景，树木森森，绿草茵茵，各色花朵随处可见。四五月份，校园里和着春风扑面的，净是花香。楼宇虽不多，也不算雄奇，但每栋楼都有自己的名字。之远、播慧、劝学、砺金、书音……无不寄托着对东财人的期冀与祝愿。  上几张东财樱花盛开的图，取自公众号“东北财经大学”        实力强是真的，但没有名头的痛也是十分现实的  实力强怎么讲？百度百科写的很详细 东北财经大学_百度百科   ，不再赘述。  没有名头怎么讲？非211、985院校，让东财人无法释怀。虽说现在211、985已经取消，但在社会评价体系中，在人们的心目中，211、985仍然是一个标杆儿，冰冷的把各类院校分了三六九等。  但在东财读一门「财会专业」，尤其是读会计学、金融学、财税学类等强势专业，你至少在整个东北地区，在财经领域可以享受等同211、985院校的待遇。  个中冷暖，也只能等到你真来了东财再做体会。  这里能给你巨大的自由，但同时也需要你具备强大的自制力  何谓自由？自由就是你有选择的权利。  你可以选择做个学霸、做个考证狂魔、做个商赛大腿、做个运动健将、做个文艺青年、做个表演艺术者、做个社团领袖或者社交达人、做个考研党或者出国狗，甚至，你可以在学校的大力支持下，野蛮生长做个创业者。这里没有人强制你做或不做任何事，除了必须遵纪守法，热爱国家。  但是，注意，我又说但是了！但是自由往往要求人更加自律。  这里不再像高中一样有各种老师，有家长每天敦促你努力学习，也没有人非得带着你在变的更优秀的道路上一路狂奔。可是这里有的是自由带来的诱惑，有的是懒惰的理由。也没有所谓正确的道路让你去复制，每个人在这里都是一个独立个体，需要自行摸索出一条适合自己的路途。考上东财或许对你很简单，毕业或许也不是什么难事儿。但怎么利用好这四年做好对自己的投资，也只能靠你自己把握。  这里算不上欲望充盈，但真的很功利  东财的校训是“博学济世”，学贯中西以为博，才高德厚以济世。东财致力于培养具有商之才华，仕之精神的财经人才。  但是，我再一次说但是了！但是财经人才永远脱不开钱、权二字，功利是必然的。  你进入东财的第一年，就会从各种渠道听说你需要考的各种证书。学校里的各种评价体系也大都是以结果论英雄（可是哪里不是呢？），你听说或者即将听说的各种大牛，大多是学霸、创业家、运动健将等有各种有客观成果的人。你绝少听说，东财的诗人、文人，即使有，其实你大概也不会关心。  在这样的功利环境中很容易迷失自我，机械的做很多事情。我觉得题主懂得先在知乎上问一问在各种学校就读是一种怎样的体验，一定是一个比较有想法的人。希望你能真的想清楚自己究竟想从一次大学经历中获得什么，做好选择，不枉四年，共勉。  暂时就能想到这么多，希望能帮到你。  2017年6月12日 
在东北上大学是种怎样的体验？,     邂逅锅包肉和烤串的那座冰城， 我想念你。                                         方言篇    作为一个地道的北方妹子，虽说老家皖北距东北的那个北也就差半个中国那么远，可从我出发的角度来看秦岭淮河以北在地理位置上确属北方无疑。但是在第一天报到的时候还是被贴了一个南方人的标签......(算了我吵吵不过你们我认了...)  每天下晚自习穿过操场(就我来讲是丛林)回寝室的时候都会听着纯正的东北口音偶尔夹杂着一些叽里咕噜我不知道是啥玩意的方言，比如日常对话说“老三哪，干噶啊”“你瞅瞅那你那出，别跟我整事”又或者亲近一些“老妹儿哎，这事小哥我给你整得妥妥地...”   直到完全与他们打成一片的时候我才知道说我“得儿~”的兄弟是在骂我，讲我“滚刀肉”的那个姐妹是膈应我， 当然夸我长得带劲的不论男女那 绝壁是好人 !!!    美食风景杂烩篇      下面主要讨论美食， 景色略带 而过，所以不是吃货可以闪远点了。咳咳...另外我在东北呆了4年胖了10斤，长了2指，全部由以下食品行业贡献而出。第一， 烧烤 。  不知道谁说过，在中国没有一顿烧烤解决不了的问题，如果一顿不行就两顿。  让我看啊，给我一串就中。    听说下雪天和烤串更配哦~        第二， 锅包肉 。 这真的是一个神奇的物件，我觉得只有东北人才能做出来，其他人做出来的味道百分比的都得去个零除以二。       第三， 朝鲜特色菜 。    蛋包饭 多图预警!韩式啤酒 走流量的同学注意，土豪您随意。辣炒年糕 还有韩式炸鸡啦， 蟹钳啦， 鱿鱼啦~    米肠啦~   都是朝鲜族的同胞们的手艺~在我看这个长得像辣条的东东也是很八错的，   而且比辣条便宜~       第四，  小吃  。在我看是麻辣一条龙，先来个鸡爪 锡纸金针菇 爱情麻辣烫   熊猫麻辣烫 黄土泥烧鸽子 老昌春饼...        压轴菜: 东北乱炖 。特点 量大 !优点 量大 !还有 量大 !由于图片本身的局限性，还需身临其境。请看大屏幕         这个不是乱炖是我乱吃的~         东北三省就举代表性景色吧~ 大连：  去过的所有人都想勒紧裤腰带把吃饭的钱省下来在老虎滩买个地皮。   （注：这里的所有人永远不包括 思聪 ，以后的文章里出现类似字眼也是， 谢谢合作 ）  长白山 天池， 当时我拍这张照片的时候差点一头栽天池里喂水怪！你们看到这里的都给我把图截下来贡上。 哈尔滨 ： 哪哪都 好 ，哪哪都 贵 (单指景点 门票 )    记得拍照的时候手机当场就冻没电了，一回头看看我同学的大华为拍的真带劲，哼！以后还是 支持国货，耀我中华！   索菲亚教堂 ，   馨爷的家门口，你们瞅瞅   好啦~这么多年形容美景的华丽词藻都用烂套了，我跟着多写几句也一定会有人吐槽我抄袭，所以你们看着好看就自个脑补吧，我是看饿了…… 
在东北大学浑南校区读书是怎样的体验？,习惯的力量有时候真是大得让我吃惊。 大一的时候在基础学院，很多人不敢想象那是985的学校。高中比基础学院还差，所以没有太多计较。不过相较而言，还是更加喜欢本部。成熟，整齐，还有松树和松鼠，可爱极了。 那个时候的基础很小却很有感觉，沈阳人叫它黄金学院。 两座教学楼，主楼和Y楼(我忘了它为什么被叫Y楼了，或许从来都不知道)  楼里没空调，却有一种天然的凉爽。在走廊的这一头看窗户，总感觉这是一条通往光明的时空隧道。沿窗户下看，是一个不大不小的篮球场，外校人和本校人同打。 篮球场的东侧就是图书馆了。桌椅沉重，总以为是承载了太多历史的厚重感。依然记得的是，从篮球场旁边树荫下走过的，开学初的，高高的学霸，后来转专业走了。大二期末的莫子山烧烤忘记叫上他，他退了群，仿佛与我们班再无瓜葛。 篮球场不止一处。一个被称为“六舍”的女生宿舍，它的前面，一块草坪，一片树荫，连接着男生的篮球梦和女孩们的甜觉梦。当然，篮球梦总是会将女孩们吵醒，或许他们原本就这样计划的。在那片草坪旁，树荫下，还上演过无数次的团体梦和表白梦，有的实现了，有的熄灭了。 食堂有两个，大众食堂和回民食堂。两年了，三个校区的回民食堂都没有进去过，可能自己都介意自己不是回民吧。大众食堂的菜很久才会变更一次，之后就不变了，大家都习惯了，不知道厨师们腻没腻，很多人都选择了在外面吃。 宿舍的环境对于许多南方来的，大城市来的，甚至是中等城市来的都会觉得憋屈不已。男生六人寝，女生六人寝或七人寝。现在想想都觉得好笑，挺有意思的。我们限电，十点半就熄灯了。我们没网，熄灯用不了多久就睡了，床的吱扭声也不允许我们过多的动作和熬夜。那一年的生活像高三，但是活得特别健康。 离开了基础，那里几近弃用。太多的人开始怀念，怀念那标志性的泉眼，怀念那乳白色的墙漆，光滑发亮的瓷砖，甚至还会偶尔想起图书馆二楼动辄高声叫喊的老爷子，我们似乎谁都受过他的骂…… 大二的第一个月是在本部度过的。终于到了本部，一切欣喜，一切眼中美。但我们终究是过客。 九月底搬来了浑南。 小雨泥泞，苞米地成熟的季节，家里的这个时候也快掰玉米了吧。 下了车，满目的荒凉。雨水和着稀泥，脚踩过后是一个个深浅不一的小池塘，边岸凸起。深红色的建筑风格，砖块层层叠叠的表露在表面。不是未曾刷漆，这就是楼的漆，独特且深沉，在现代化的建筑群中找寻复古的痕迹。然而当时并没有这种好感，不理解学校的急迫，不想懂学校的苦衷。 楼下面的大块板砖铺就了一条条的小路，却是不成章序，高低不平，还有人因此崴了脚。进了楼，要送行李上去，所有的门都一样，因为所有的楼都是一个模板嵌套而成。我们终于是找清了自己的楼区和单元门，楼梯道窄，没有基础的和本部的宽，好感又一次下降了不少。楼里的寝室和本部的一样，没有太多感觉。四人一寝，上床下桌，不过是新的，空气中还弥漫着甲醛的气息，后来我们和绿萝一同生存。 提供的活动室和健身区域并没有为我们消除太多的不满，因为哪里都是灰尘，连心也蒙了一层灰。 宿舍外面就是随处可见的建筑工地。来之前院里还特意强调要注意安全的事情。同位于五五体育场的风雨操场上近十台挖掘机在一同赶工，似乎也在热烈预迎着即将到来的大一新生。 大一新生来了，大二的去接的。孩子们不高兴，我们也不高兴。孩子们问这问那，我们不过比你们早来了十天。 既来之，则安之。 开始的时候老师们也总迟到，有的没记住路的会迟到半节课，真是有趣。也不全怪老师，楼内设计本身就让人有些摸不着头脑。 好感的爆棚大致起于第二学期。 期待已久的图书馆就像是半年都在沉睡，唯有的绿色是文科楼与生科楼长道旁的大草坪，我们一直期待着嫩芽破土。最终，是看到了，挺舒服的，高低不平，柔和有致。 迎来了沈阳的夏天。今年的夏天远没有去年热了。 春天的风带走了些许夏天的味道。 除了宿舍，哪里都可以享受到空调带来的快感。吹的时间长了，都有了冷的感触。外面走走既享受了夏风的轻拂，也是让自己在午后的阳光下快速恢复体感知觉，不能让空调夺走太多放纵。 以前不觉得条件好会为学习带来多少优势。直到我们有了充足的冷气，便利的电梯，优质的餐饮，舒适的住宿。我们不再为这些无谓的困扰所惑，更多的精力可以投入到学习之中。 浑南还在建设，浑南还在完善。不少同学会说，等浑南美好了，我都毕业了。其实，你在，浑南就挺美好的。 开头说习惯的力量有时候大得让我惊讶。因为我习惯了基础，又一次地，习惯了浑南。    还是缺少了点图哦…… 那我再厚着脸皮po一点图O(∩_∩)O  这些就是浑南  （临走之前对宿舍又一次动工）  （怎么样，野草长的很茂盛吧  哈哈哈）  （喏  这就是那个大草坪）  （哈哈  一年了   他还是老样子   明年回来如果你还是这样！！那就算了吧，我放弃，也快毕业了）   While，这些也是浑南……  （生科楼的二楼平台   据说在这里玩过真人CS） （自己攒图实在不多( ⊙ o ⊙ )，以下全靠百度啦）   （我们的寝室  还是挺满足的）  （宿舍楼的会客区域）  （同学的图  我们自己都会觉得高大上的餐厅，有扶梯哦~~）  （我实在忍不住再po一张我们本部的图，用她作结吧   没有别的意思，就是因为美    基座上已经有了火箭~~咻） 就这些吧  不全面，不过神秘才好玩。我才有些地方浑南的小伙伴都未必清楚。 建筑馆B座的演播大厅（上演《离离原上草》的地方）观众席顶层有两扇假门； 生科楼二层的平台另一端是中荷的一个实验室，有一扇窗户有秘密； 三舍A区一楼有扇窗户也有一个特点哦； 中荷的楼本身就是一个很好玩的地方，像迷宫一样； …… 浑南的建筑都是新的，新的事物本身就存在着许多的未知，未知总是带有神秘的色彩。 我们平时走不远，其实白塔公园就挺好的。在上亿广场的的三楼有一些馆子，味道还不错。其中一家是老鸭粉，价格实惠，味道绝了，至少比食堂的好吃哦。他还有个特点，拥有露天阳台。夏日的傍晚坐在阳台上品尝着老鸭汤，看着落日的余晖洒在公园河水的面上，听着妈妈们与孩子们的戏语，真的蛮惬意的。 莫子山不光有烧烤，还有山，从山上流下来的“小瀑布”。算不上壮观，不过蛮好看的。 在浑南走过的地方不多。南站将通，建成后的浑南或许要和南站一起走向繁华。她从一点点开始，火石桥村也从一点点转型。 愿天佑东大，愿东大更在乎她的孩子们，既然我们都这么听话呢。    ┗( T﹏T )┛(⊙o⊙)…┗( T﹏T )┛(⊙o⊙)…┗( T﹏T )┛ 来来来，更更更~~手机排版，见谅 目前就加几幅图吧，小南湖的景，随手拍的，以后技术提高了，拍更好的景再来分享(我不会处理，所以上原图吧)         好嘞，接下来我们再来几朵桃花吧~宿舍门前的      (拍照技术，咳咳，仅供大家了解情况哈哈哈)
在东北林业大学读电气类专业是怎样一番体验？,谢邀… 不过不是这个学校的啊 强答一下学电气什么感觉的吧。 基础学科：高数 工图 大物 现代 复变 信号 c语言（不完全） 专业基础课和专业课电路 电机与电力拖动 模电 数电  微机原理 微机控制 电力系统分析（稳态 暂态） 工程电磁场 MATLAB 传感器 计算机网络 plc 自动控制理论 现代控制理论  （不完全）   因为我也没有毕业不过学长们的经验我自身教训： 【如果答主是新生，考虑就业研究生甚至出国。 以上科目从大一开始就好好学习！】 看各学长的出路 1、考电网  基础课，专业课不过关还想考电网？没什么内幕毕竟都要考试，考进去之后什么样不太晓得。不过室友是电网关系大户，据说管太严没啥用，所以她在苦逼地刷gre 托福 gpa…… 2、各公司（专业相关） 还是成绩说话，面试真的会问学科问题答不上来真的不要你！不要被鸡汤骗了以为捡个垃圾就录用人家不是月薪8k+找保洁。 3、各公司（专业无关） 这个不看成绩！但是，有背景靠背景，有钱的自己创业。三无的，销售…（别看不起销售哈哈哈一个卖房的朋友，卖一套提X万不等） 4、考研深造 一般自己学校的研究生会好过，不过看你想考哪里了像我们这种破学校就要分数高并且面试时手底有活，据上届学长说天大复试就是一人一台电脑编个程出来。 5、出国 这个更要看成绩了，我的中介老师（对！能力差没时间只能中介人家拿了钱还是爷爷）帮我做选校时讲过211 985均分75以上，双非但是学校专业排名可以均分80以上，都不行那就越高越好。 并且最好有各种科技奖，论文buff。 还要求语言。美加托福 gre 欧洲澳洲雅思（有的要gre）  所以学校不是最重要的，关键是成绩啊。 一定要好好学习！一定要好好学习！一定要要好好学习！ 重要的事情说三遍。   不要像我一样大一大二浪里个浪，喝最烈的酒，日最野的狗，去最远的城市，作最大的死。 结果大三为了出国刷gpa刷语言折腾奖项像死狗一样。 不过很开心，旅行读书电影等等全是个人爱好收益就是上到99下到刚会走，古今中外全算上跟谁都能唠几块钱的～
美国东北大学的pathway和cps靠谱吗？, 我是15年九月秋季pathway入学，现在即将从东北研究生毕业的学姐。  春去秋来，迎来一批又一批学生。作为老学姐，常年接受各种咨询，我发现新生们问来问去其实差不多都是一些固定的问题。这次我就直接把所有遇到过的问题搞个大汇总，一次性全回答完。不用东一个西一个去找了。以下所有信息都是我个人经验测评，难免也会夹杂着我个人的感情，但都是真实可靠的。欢迎小萌新们各种咨询，前提是建立在你信任我的基础上，我会给你尽量详尽的答复。  1.  我该不该选择东北大学？   美国东北大学官方介绍（维基百科）：东北大学 （英语： Northeastern University ，缩写： NU  or  NEU ），是一所座落于  美国    东北部  马萨诸塞州    的  波士顿市    中心地区的私立研究型大学，近年来在  北卡罗来纳州    夏洛特    和  华盛顿州    的  西雅图市    建造了新校区。东北大学成立于1898年，由八个学院组成，有65个系具备本科学历授予资质、125个专业提供了研究生教育，可以授予硕士、博士和职业教育学位。 东北大学的教学具有鲜明的学术与实务结合的特色，合作专业(co-op)课程使东北大学的授课具有实践性的突破意义，在2010、2011、2013、2015年的《普林斯顿评论》评选出的“最佳实习/职业服务”大学中名列第一位。  US News and World Report    中东北大学2017年本科综合排名全美第39名。  本人非官方测评：东北大学从2012年的62名跃升到2017年的39名。这个飞越的进度是相当快的。 东北近年来大幅度扩招，学费也逐年递增，Pathway项目又吸引了大批学生申请。东北当然不是那种只进不出的学校，他把收来的钱都拿去完善学校的设备，建筑，教职员工。有兴趣的同学可以去查一下这个全美排名是基于什么而来的。所以说你要是问东北的学术研究地位，专业水准等等能不能配得上这个排名，这个本人还是得保留个问号在这的。但是东北的各项设施完善最终受益的是谁？当然还是学生们。在这里上学，所能享受的资源只会越来越多越来越好。最不济，你不还有个TOP40大学毕业的名头吗？对于不是在学术和专业上特别有要求的学生来说，东北绝对是个合适的选择！  2.我该不该选择Pathway项目？  在确定了来东北以后，第二个问题来了。有很大一部分的孩子，成绩达不到托福要求，需要读1-3个学期的Pathway.这个时候就开始纠结，读这个语言班的性价比。很多人对东北pathway的项目有兴趣，但是因为一些风言风语，总会有这样或那样的顾虑。关于这些问题我有一些自己的想法想和大家分享一下。我在准备出国的时候，所有你们经历过的，正在经历的挣扎都有过。当时全靠我一个非常好的朋友，每天和我通几个小时电话给我梳理逻辑，分析利弊。我最后才会做出自己想要的选择。（我会说这位大神自己申去了卡内基梅隆！现在已经在硅谷工作的风生水起了吗？一把辛酸泪~）所以在这里也是希望给一些和我当初一样迷茫的学弟学妹们当盏指明灯。  以下是我在豆瓣看到的一个关于PW项目，另一个学姐的看法。我觉得和我想的差不多，给大家参考以下。     我本人是读过研究生的Pathway，着重说说研究生的。  要进入CPS以及工程学院，人文社科学院的毕业要求是GPA 3.O. 托福79分，或者NEU TOFEL550 （老托）。商科是100+。两期Pathway有三次免费考NEU TOEFL的机会（开学一次，第一期结束一次，第二期快结束一次），一期的学生只有两次。相比较而言，推荐大家把精力花在NEU TOFEL上，绝对比自己去报考托福简单，没有口语部分啊！关键还是免费啊！老托怎么准备？简单，有题库。使劲刷就是了，基本都是原题。再不济，你背ABCD答案总行吧？（不推荐这种投机取巧的办法，但是总比卷铺盖回家好。）但是为了保险起见，最好一开学麻溜的去报一次托福考试。第一是怕没考位，第二是督促你学习啊！不然一进入美国这片新天地就撒丫子玩疯了。总觉着时间还长，一眨眼就是最后期限了。  波士顿托福考点还是比较多的，Malden那个交通比较方便。有的同学学的是雅思，这边也有不少考点。虽然有些人觉得托福79简单，怎么会有人考不过，真还别不相信，就这么简单的毕业要求，我们当初每个班都有几个同学到PW毕业都没考到79。但是东北还是很人性化的，你就算没达到要求，还可以回国慢慢考，考到了继续来申请，还可以顺利回来读。  求求那些说PW是骗钱的项目就为了把学费赚走然后赶走学生的人反思下自己。如果这么简单的要求你都达不到，让你进入研究生课程，你也毕不了业。我保证只要你乖乖上课，写作业，好好准备托福考试。学校绝对不会有刻意卡你，不让你过这种情况。  至于本科的要求，好像根据专业还不一样（具体咨询你们留学中介或者专业ADVISOR）。我有认识几个小学弟学妹，来读商科的，托福分都要求挺高。如果最终你发现你考不到这个分，你可以去和ADVISOR商量下转专业，服从调剂。之前认识一个因为托福考不了那么高，被advisor从商科转到CS的学弟，感觉还因祸得福了呢。关于教材问题，美国买书巨贵啊！这一点大家都有共识吧。好在基本上PW的课教材都一样，几年都不会变。不要去买新的啦~在群里问问学长学姐有没有卖。我搬家的时候还丢了几套书没人要呢。  3.CPS好不好？会不会就业被歧视? 有没有CO-OP？我该选择哪个专业？  CPS 全称是College of professional Studies，官网是   http://www.  cps.neu.edu/       .  CPS的学费很便宜，六百多美金一学分，一共修45学分就可以毕业。修的进度快慢就看自己了，每学期最少修两门课，最多修四门。  CPS整体的总结：CPS对接着很多Pathway的学生，所以经常被区别于其他学院对待。CPS有自己的Schedule是美西的Quarter制，修课时间比其他学院要紧张一些。春假也不是同一个时间。CPS里确实有一部分学生是已经有好几年工作经验然后回头来读一个学位，所以学校把课都安排在晚上，已方便他们白天上班。课程都是5：50-8：00，不会太晚，所以也能保证安全。和国内的那些继教学院不同的是，你有可能在这边遇到一些大牛。像是本身工作经验充足甚至自己创业的老板。如果你身边的同学有工作经验，你可以得到一些有效求职的信息甚至得到一份OFFER。（记住打工一定要和学校报备，否则有可能会触犯法律。）除了以上区别，你拿到的毕业证和其他学院毕业证没有区别，是正规Master的毕业证。我觉得大多数学生都可以摆平自己心态，在这里好好学习。而且CPS的毕业要求同样严格，不要妄想随便混混找个代写，吃吃喝喝就能毕业。  有很多小孩上来就问我CPS是不是夜大？听说都是晚上开始上课？  我作为即将从CPS毕业的学姐，很负责的在这里说，CPS很正规，就是在东北校园里上课，属于东北大学的一个正规学院，不是什么成人大学。很多选择CPS的外国人（除中国人外），基本都有很久的工作经验。甚至在这里你可以结交人脉，增加工作网脉。你可以学习的东西也有很多，老师都是很专业的professor啊doctor的. 可以说，东北大学这几年随着排名的上市，请了都是牛逼的师资。大家又会问，学姐，我该选择什么专业呢？我是从一入学就选择了Project Management. 单对于这个专业而言，我觉得我选择的没错，也学到了不少知识。但是由于我是本科毕业，没有工作经验的情况下就来读，我现在觉得有些后悔 为什么当初没有工作一下，哪怕一年也好再过来。 很多知识没有经验的确更难理解。比如我们每节课都有project要做，一些理论的东西根本很难用进去，有时候还要找组员和老师来解释不懂的，都是因为缺少工作经验。这就解释了为什么CPS专业课一般都在5点50之后，因为很多有工作的在白天都要工作。  划个重灾区：Leadership，感觉所有华人学生都扎堆在了这专业。一个班可能碰不到几个外国人。对英语长进其实很没有益处。虽然其他专业中国人不少，但这个专业特别多。说实话，leadership，换言之，领导力学习。我想问有多少人没有工作经验一入职场就能当领导和顶层的？除非你回去就要接家族遗产，或者已经是比较高的职位了，否则我觉得这个专业的学习内容有点空，不利于没有工作经验的人找工作。但我也知道有些小朋友原本就是打算来体验美国生活（镀金）的，不希望课程太难。那你就选leadership吧。但是，对于那些已经选择了leadership专业的同学，也不用担心。如果上了课之后，觉得自己不是很喜欢，想转专业，也是可以跟advisor申请转其他专业的。但是需要达到相关专业的入学要求。  另外据了解，这四个专业比较抢手：Analytics， Project Management， Communication 和Digital media. 当初从PW出来的同班同学有在这四个专业的反应都很好。我虽然是PJM专业的，但是我的concentration选了很多Communication的课。这个专业特别重视“说和写”的能力。Presentation和Paper比较多。但是能接触到很多native speaker， 虽然作为中国人，这些东西对我们来说相对较难，但是的确很锻炼人。可以说我上完两门Communication的课，觉得自己的口语和paper的逻辑性，还有思维，思考方式大大提升。当然，也有不少同学因为读不下去找代写的，对于这样的，就不要读完之后来质问学姐：学姐，我读完了，也没什么进步啊。。。（黑人问号？？？）  学校有免费的Tutoring center，可以一周约个一次，让老师帮你改一下文章和语法，也挺管用的。  Analytics我认识两个男生在这个专业，都是喜欢金融，以后决心往这方面发展的。课程会涉及到Finance，要求有这方面的知识。  Digital media 是个挑专业背景的专业。推荐本科做设计这一行的同学去选。还是能深造一下的，学的都是软件应用之类的。我室友是这个专业的，她从零开始学的digital。很多课都是要学习应用软件，制作网页，短片，视频，等等。这个专业的专业性很强，找工作比较有针对性。说实话，我觉得比其他很多商科专业好找。我有个朋友学Economic的，从NEU商学院研究生毕业，现在opt都快到期了，还没找到工作。悲惨ing  上述专业里，我所知道的能办extension的就只有PM和Digital，因为都属于STEM。也就是说PM和digital专业的毕业后可以合法留3年（没有H1B的情况下），其他专业只有一年时间去抽H1B。这个很重要，选专业的时候应该参考下你想留下来的时间是多长。   关于CO-OP： 很多人对这个有误解，以为是学校给你找实习。首先你要明确一点，它不等于分配工作（实习），你还是需要自己去找实习单位。只是说学校给你提供一个流程，你是可以暂停4，6，8个月（自选）不上课去工作，学校给你保留学籍。你实习完以后回来继续上课。别小看这个，很多学校是没有这个机制的，你只能毕业后再去工作。这个机制的作用很大，最起码，你无形中就多了半年左右呆在美国的合法身份啊！！ 本科生是强制CO-OP，也就是东北的本科生需要5年时间毕业，其中一年就是工作。研究生是志愿去找。学校有提供CO-OP课程，教你修改简历和找工作之类的。对于想留美工作的学生是很好的机会。  最后说一句，因为我总会遇到那种来咨询的人：我说CPS还不错，他就偏要来争说谁谁谁跟我说过CPS不行！没人读书，GPA低的毕不了业直接被退回的，就是坑钱的项目。 我说Roxbury 那一块不是很安全，他就偏要说他学长就住在那，很安全很好啊！ 我说Fenway环境很好，离学校也近，是块好区。他就偏要说那不是还发生过枪击案什么的。 一千个人心中有一千个哈姆雷特。 你如果一定要用你那道听途说的偏见来和我争，我求你出门左转，麻溜的走。 以上这些都是我亲身经验，信则信，不信我也没有办法。 就这样收尾，有问题留言~ 
东北大学到底有多烂？和大连理工比呢？,孩子，人可以无知，但请不要无礼。
如何看待东北大学软件工程专业同清华北大并列七星级专业？, 2017.06.26更新:  咬住校名和简称不放，在这个问题下面酸的人未免关注点太low？   以下是原文：  说实话本是软院毕业的人，对软院一直是一个宽容的态度。 但看到这个排名之后真的难掩自己对软院堕落的惋惜。  实力弱可以默默加强，但到处做手脚搞不切实际的夸大宣传只会为自己招黑。  这个榜单可以看出 软院高层乃至东大高层对于提高宣传力度的迫切需求 ，也可以看出 东大宣传团队的能力不足和浮躁 。   东大在宣传方面做的一直很差劲，在新媒体方面体现很明显。官方微博和公众号每天推送的都是标题党的宣传广告，内容充斥着自吹自擂，夸大其词，毫无关联的强行蹭热度。  例子不胜枚举，浮夸程度不输大跃进，贴多了辣眼睛，大家想看可以自己去翻一下      http://  mp.weixin.qq.com/s/oM-s  k-QXp2N06YEohNe5Dg         这样的文章不仅是本校人看了尴尬，东大以外的人看了也会觉得浮夸。不难看出这其中 宣传工作执行人员严重的应付痕迹。   而被这样浮夸的宣传文案吸引的会是什么样的人？ 会是优质的生源吗？会是冷静客观的人吗？ 想必并不是东大需要的人吧。  同理， 能被这个榜单排名吸引来软院的人，也只会是判断能力和思考能力不足的人。  宣传团队的能力如此不专业， 只会让东大的人才吸引方面恶性循环，让平台优势继续被削弱。     宣传问题一直以来都是东大乃至整个东北的劣势，是东大成长过程中必经的阵痛 ，要挺过去需要时间和努力，就目前情况来看，虽然得到了高层的重视，但在执行手段上可能还是有很长的路要走。 
东北大学秦皇岛分校分的AB班区别很大吗？A班只是比B班英语好吗？,并没有什么本质区别。 上过伟大的林阳的课后本喜欢英语的我就不喜欢英语了。 点赞的人应该都认为林阳是傻逼吧。
要不要去东北大学读自动化？,本人东大自动化大一，既然是关于志愿的问题，我觉得我可是以回答一下的。 首先根据题主的表述，题主应该是对自动化这一专业有一定的兴趣的，如果是这样的话，来东北大学是绝对没有问题的。不过要注意的一点是，东北大学的自动化目前整体还是工业自动化，以及测控方面比较强，而现在流行的智能科学，图像处理之类的方向在东北大学并不多见，相关方向的老师很少。 题主一定知道了，自动化是多学科的综合，也就是说，将来就业面虽然很大但是很少有真正的对口专业，需要在工作中不断学习。读研是一个不错的出路，而且本专业在保研考研方面前途还是挺不错的，每年考研保研成功的在百分之四十左右，不乏国内名校。读完研，工作会更好找一些，待遇也会更好。 另外对于城市的问题，我十分认同，沈阳相对于南方城市还是落后一些，这主要体现在文化艺术活动较少，以及学校内出国党较少上，所以，如果题主如果只是看到了自动化的排名而不是对本专业的兴趣才对东北大学产生兴趣的话，建议选择其他城市的学校，毕竟同分段优秀的学校还是不少的么？ 比如说，对电科感兴趣，就去西电;对化学感兴趣，就去吉大，大连理工或者华东理工;对学校硬件和环境感兴趣，就去川大;对基础学科感兴趣，就去兰州大学，山东大学;对冶金感兴趣，试试中南大学;对电气感兴趣，看看重庆大学，等等，就不一一列举了。 此外，东北大学的软件很不错虽然排名不高但是每年的就业出路差不多是最好的(不读研为前提)，另外计算机也很好。 最后，自动化专业是狭小的六人间，做好心理准备。 (ps上上段的两个专业都是狭小的四人间，好很多，其他的专业一般是宽大的六人间，也好一些)
在东北大学秦皇岛分校考研考到名校的机会怎样？,据说所知，东北大学秦皇岛分校的学位证里面会标明分校，但是封皮是跟本部一样。考研和找工作学校和企业普遍都会认可。 我有认识的东秦的同学有一个考上了北航，一个考清华面试被刷，最后调剂到北京一所211的。可以看出东秦不至于被歧视，还是认可的。 我觉得最重要的还是自己的初试的分数和面试的表现，这两者发挥好了，去名校的机会概率很大，不知道你说的名校是清北嘛。
东北大学为什么要在秦皇岛建立分校呢？,东北大学的真实主体前身是日伪时期的沈阳冶金学校，抚顺冶金等等，建国后复校为东北工学院，隶属冶金部，后因在沈阳，随着部委附属大学的分离该为东北大学，隶属教育部。这也是东北师范大学，哈尔滨工业大学复校前也申请为东北大学的缘由。 东北大学秦皇岛分校原为冶金部的职工进修学校，同属于冶金部的关系，在部委脱离中变成了东北大学秦皇岛分校，又通过几年于东北大学合作变成了一本。  另，燕山大学的前身为齐齐哈尔的东北重型机械学院，之前是哈工大的重工业系。
湖北人去东北读大学容易适应吗?,反正东北人觉得湖北冬天实在太太太太冷了。。
太原理工大学和东北林业大学哪个更好些？？？, 官方账号不请自来  就用一张图介绍一下东北林业大学的实力吧   东北林业大学是 国家教育部直属 全国重点高校（教育部直属划重点），题主可自行百度中央部属的优势是什么。  祝你报考成功，9月在哈尔滨等你。 
在东北上大学，准备寒假到海南岛环岛骑自行车，目前只计划一周左右完成，前一个月入手了辆公爵600，其它的什么经验就都没了，求高人指点？,公6是辆好车。  转个帖子给题主吧，关于长途的，来源：  http://www.  nbbike.net/forum.php?  mod=viewthread&amp;tid=12134       下面还有几个专门环海南岛的攻略贴。  　 　一. 关于装备   　　（一）自行车（南方人叫单车）  　　选择2000元左右的品牌自行车，如捷安特的ATX770和美利达的公爵650等，品质可靠，性价比较高，骑的人多，沿途维修点多，配件容易找到。  　　我的是ATX690，1725元，无前叉锁死功能，上长距离大坡时会卸力，浪费些体力，（不过觉得无所谓，就是为了锻炼身体才骑行的么。另外，我爬大坡的时候大多数也是第一第二滴）  　　滇藏路上碰到一位骑380元普通自行车进藏的温州年轻人，所以说单车的贵贱性能不是主要的，骑友之中说：“骑得快慢主要靠发动机”意思就是说主要靠人的体力和意志。  　　总之：“没有去不了的车，只有去不了的人”  　　如果路上准备经常搭车的骑友，可以选择折叠车，但是骑折叠上大坡很费力，下大坡时危险，平路速度也太慢。  　　（二）必须的装备  　　 骑行头盔，骑行手套，电筒和尾灯 是必须的，只要上车， 必须戴好头盔和手套 ，绝对不能侥幸。  　　（三）其他装备  　　货架选择 钢货架 ，铝合金货架长途颠簸很容易折断；（目前碟刹单车没有钢货架，所以综合比较的话，最好选择V刹车）  　　 驼包选择质量好，结实防水，最好没有拉链的 ，一个好驼包可以减轻很多烦恼，尤其是雨天，不要选择太宽大的，风阻大，很痛苦（路上选择DW包骑行或摩旅进藏的人很多，我也是，淘宝搜：进藏驮包）。下次走我选择摩托车的油箱包，轻装简行，风阻最小。  　　 骑行眼镜 最好有；大风沙，刺眼阳光和傍晚飞虫多的时候最有用，其他时候不戴也行。  　　 魔术头巾 可以买两个，天冷风大的时候套膝盖上还可以保暖防风。  　　相机带卡片机就行了，单反取放麻烦，卡片机还可以在保证安全的前提下边骑边拍，迅速捕捉转瞬即逝的沿途风情，还不耽误时间。  　　修车工具的话就带 打气筒，链条油，补胎工具 ，外加一个小的 扳手组合工具 就行；  　　备件就带 一个备用内胎 和 一对刹车皮 就够了，截链器，刹车变速线等不用带，坏的几率很小，我骑了6600公里，从来没坏过。  　　露营装备建议不用带，使用频率很低，风阻还大，露营的话充电，洗浴，安全等都不好解决，最主要是休息不好。  　　沿途旅店大多数都是20-30元价位，综合比较还是住店较好。  　　不用带专门的GPS，使用频率很低，国道沿途都有路桩，很难走错，在城市里找路就多问问好了。  　　另外，现在绝大多数手机都有GPS功能了，不过即使有GPS指示，也还是再问问当地人好，走错了很打击旅行的情绪的。  　　如果想保存下自己的GPS路径留念，网上有卖专门的GPS路径记录仪，体积很小。  　　如果要充电的东西比较多，就带个插线板，因为大多数旅店房间只有一个插座。  　　轻便的电吹风很有用，尤其是进藏，西藏雨多，天气转瞬即变，难免鞋袜手套和衣服被浇湿，  　　晚上住店后可以用来迅速吹干衣物，这样也可以减少带过多的备用衣服。  　　 水杯架选择金属的 ，塑料的张紧力不够，下坡颠簸时水杯容易掉。  　　水杯建议选择太空杯，可以在沿途的旅店饭店直接装开水，节约买水钱，  　　选择开口是小口推按式的，这样骑行时不用下车也能单手喝水。  　　可以带两个太空杯，小的插在车上，大的放驮包里。  　　建议装副把，减少手部疲劳，我一路上就是手受不了  　　码表我就网上买个17元的，用着也不错，但是大雨天要套个方便袋挡雨。  　　MP3小音箱网上有，好点的150元左右  　　（骑友说雨天用避孕套上，我只能说，骑友太有才了）  　　车铃有没有都行，我的是在woerma超市买的，带个小指南针，还是比较实用，但是音箱放在旁边的话，指南针就不准了。  　　总之，行李尽最大可能要少，轻装简行才能更轻松，享受旅途快乐！    二. 关于出行准备   　　一般来说，常见的线路都有 路书 ，可以在网上搜索，但是路况每年变化很大，具体还要路上多问。  　　 地图 要买注明道路各段公里数的，尽量买单张的，减少重量。  　　如果路上准备去很多地方，自己事先分清主次，想好顺序，万一因为各种原因中途必须结束，也不会留下遗憾。  　　在家办张邮政储蓄卡，路上很多地方根本没有银行，只有邮局。随身不要携带大量现金，卡里的钱也最好让家里人分批往卡里存。  　　花费的话，如果一路吃住选择最节省的方式的话，大约平均每天80元。  　　综合计算的话，长途骑行可以按照每公里一元来预算。  　　 各种证件 带好，最好带上护照，即使你事先没打算出国，但是有可能中间碰到计划外的机会。  　　我这次就是事先没想出国，到拉萨后受到骑友启发，临时改变的路线，感觉收获不小，很庆幸。注意，护照等证件用塑料袋或者防水袋子装好，避免浇湿。  　　 寻找同行骑友 的话，网上结伴的成功率不高，很多人事到临头走不了，要有心理准备，如果是进藏，海南环岛等热门线路的话，直接出发路上被捡也不错，  　　或者到当地的车店或者驴友旅店，都有可能遇到同行骑友。  　　如果不是很熟的骑友，事先约定好线路，日程，吃住标准等，以免路上分歧，影响情绪。  　　 最好和骑友签订一份协议 ，应该包含有：自愿出发，风险自付，同伴发生意外时尽到力所能及的救助责任等必要内容，约定大家的义务和责任。  　　 保险 网上有，最好买可靠的，BIKETO自行车网就有专门的骑行保险，也有人说是最好亲自到保险公司去买；我是网上买的，很幸运，钱打水漂了，没有派上用场，所以不清楚究竟那种好，呵呵。  　　骑行一般应该穿 分体式雨衣 ，风阻小，防雨效果好，但是穿脱麻烦；另外因为不透气，里面的衣服实际上也会被汗水浸湿。  　　雨披的话防雨效果虽然不好，但是方便，也是一种选择。另外，如果很大的雨的话，一般都选择避雨了。  　　我这次是带的分体雨衣，下次我会选择雨披。  　　进藏的话，建议用两个抓绒衣代替冲锋衣，冲锋衣体积大，重量沉，使用频率低，普通的效果也不好。下大坡风大天冷时可以在抓绒衣外面再套上雨衣，足够了。  　　鞋子的话轻便的旅游鞋球鞋就可以，不必穿防水的登山鞋，费那劲还不如带个电吹风呢，一路上还看见过只穿沙滩拖鞋和凉鞋的人，也都是资深长途骑友呢。  　　 药品 结合个人健康情况，如果平时很少吃药的人，带点感冒拉肚止痛过敏药物就行，因为路上哪里都会有药物卖。   　三. 路上注意事项和个人小经验   　　旅途中 一定要遵纪守法 ，尊重当地的风俗习惯。  　　 尽量避免谈论政治宗教民族地域歧视和个人贫富实力之类的话题。   　　 路上绝对不要喝酒 ，晚上喝酒也要控制好，即使自己酒量好不醉，骑友醉了也很麻烦，因为你必须照顾他，不像在家里，酒局散了各走各的。  　　路上和同伴搭伴吃住会节省，花费最好是AA制，各付各的，当场结清，这样效率最高，麻烦最少，也是最好的方式。  　　骑行搓板路等路况很差时，车子也容易坏，注意检查货架等各处螺丝是否松动。  　　可以在超市买些细长的塑料袋，雨天时套在袜子外面，就是说鞋湿袜子脚不湿，综合各种防雨方法的话，这种我认为是最好的。  　　 晚上住店尽量把单车抬到屋里 ，因此也要选择低楼层的房间，放在大堂里要锁好，虽然丢不了，但是店里的人会骑着出去玩，或者丢失尾灯码表之类的小配件。  　　 尽量不要让好奇的人骑自己的单车 ，因为这些人不懂单车的操作，对车子不好，陌生人骑走自己还不放心，万一对方摔坏了车子或者人摔坏了，相当麻烦。  　　另外，尽量不要选择靠近大路一侧的房间，晚上很吵。  　　厅里摆着麻将机的旅店也尽量不要住，晚上有人打麻将。  　　单车独行的话，路上休息吃饭或者修车补胎的话尽量选择人少的地方，避免好奇的人群打扰。  　　路上吃饭住店等都能讲价，就当练练砍价水平吧  　　南方很多小饭店和大排档没有菜单，所以讲价很重要，  　　一般骑友和我都是不管店家怎么说，就说我想十元吃饱，还要有肉和青菜，你们看着办，根据当地物价水平，或者15元。  　　（我们有次在广西，吃完饭结账，老板和老板娘差点都哭了，因为亏大了）  　　一般饭店都有开水，吃完再把水杯加满，省下买水钱。出发前在旅店把水加满。  　　长途骑行很耗费体力，主食尽量选择大米饭，必须吃足。        a、 关于托运自行车  　　路上坐火车选择过中铁快运和快递，都不贵，  　　中铁快运唐山到广州140元，车子无任何损坏  　　（把前后变速用破布包好，车子不要锁，这样工作人员可以推车，避免野蛮装卸）  　　快递拉萨到大连150元，后变速变形，部分变速失效。  　　（在拉萨找车店打包，全国范围内要价100-150元，但是后变速压迫变形）  　　当然也可以自己打包带上火车，省下运费，但是有两个缺点：  　　一是有的列车发现后会让你办理托运，称重后也要一百多元，还得自己拿着。  　　二是携带不方便，影响旅途心情。  　　坐长途汽车时带自行车目前没有标准，有的免费，最贵的是和票价相同，要诚恳砍价，我最贵花30. 砍价技巧在于要博得司机同情，都是司机说了算。  　　有的长途车有两个司机，找面善者先谈，另一个会给面子，但是也要讲究低调和技巧。   　　四. 关于骑行安全   　　 头盔手套必须戴好 ，骑行时注意力要集中。  　　下大坡是注意控制车速，尤其是入弯前减速，弯路刹车容易摔车。骑友之间不要跟车太近。  　　进入隧道前把车灯打开。  　　尽量避免骑夜路，危险还容易迷路，问路找不到人。如果必须骑夜路的话，手电筒要准备好，和同伴保持安全距离，不要距离过大；尽量沿着骑友走过的路线走。过桥的时候不要太靠边并且减速，避免栽到河里。  　　碰到不愉快的事情， 第一原则是脱身， 不要和别人争执，更不要动手。万一碰到抢劫的舍财保命。（基本不会有抢劫骑单车的，大家尽可放心）。当地人朝你喊话你听不懂方言的话，笑笑继续赶路。  　　还有三条就无所谓了，我一般不用，但是也写上吧：  　　有人问你车子多少钱，你就说朋友玩旧了送的（暗示对方自己买不起是穷人）；  　　有人问你从哪里来，你说你的上一站，尽量离这里近的地方（暗示对方自己住在附近）；  　　有人问你是不是一个人骑，你说后面还有几个骑友待会能过来。（暗示对方自己还有同伴马上过来）；  　　防狗  　　我带了防暴喷雾，一次也没用过。碰到过狗突然追车的情况，下车和狗对峙，它就退了，人有三分怕狗，狗有七分怕人。基本不会碰到传说中的藏獒，纯种藏獒身价百万，狗主人看得比老婆还严，你想碰也碰不到。狗追你你猛跑，只会让狗更兴奋。  　　 五. 关于问路   　　问路效果次序是：  　　1.骑友（当然不能经常遇到，或者说经常遇不到）  　　2.摩的司机  　　3.穿着干净整齐的老年人（老年人一般都是当地人，穿的干净整齐的人一般原来是公职人员，见多识广，思路清晰，能迅速明白你的问题，同时也能讲的清楚明白）  　　4.货车司机或者旅店饭店老板  　　5.交警（很多交警都是外地人，或者很少走远道，但是基本也错不了）  　　注意：  　　1.尽量不要向女人问路，现在媒体宣传的骗子太多，大多数人都装听不着不理你，另外指的路经常是错的。（国道边摆摊的除外，但是也明显不如问男的）  　　2.不要拿着地图问路，那样别人就会对着地图给你指路，没用。地图和GPS指示的路，如果感觉怀疑，最好问问再走。  　　 六. 其他心得   　　路上多拍照片吧，我一天最多拍了300多张，回家还是觉得少了，拍照要减速停车，还要把相机拿出来放回去，很浪费时间和精力，还有耐心；可以把握这个拍照原则：如果觉得哪个场面或者景色很“特别”，那就把它拍下来。这个“特别”是指壮观，美丽，搞怪，感动，吓人等等，相反，真到了景点，网上或者别的骑友会有很多照片，反而不用照那么多。  　　路上最好穿着朴素一点，低调一点，这样在吃住行用等各个方面，一般店家都会给你个最低价，会把你和出门消费的旅游者区分对待。  　　路上骑友和经历是财富，要珍惜。  　　最后，  　　骑行长途一点也不神秘，骑车上路就是了，就这么简单，什么路都有终点，漫长路途也只是不间断地重复第一天而已，只要上路。  环海南岛攻略：   http://www.  mafengwo.cn/i/764889.ht  ml#top          http://www.  mafengwo.cn/gonglve/zt-  359.html          http://www.  17u.com/blog/article/78  7051.html         贴完帖子，说点自己的经验吧，一开始骑公3，后来打工加攒钱换了辆挑3，经常骑一些石家庄到北京、西安到宝鸡这样二三百公里的短途，对我而言最重要的就是 头盔 ，经验教训太多了，一定要戴头盔。 补胎工具 最好也带上，上次自己一个人骑了个二百公里结果在路上扎带了，周围几乎都看不到人烟，更要命的是我没带修车工具，于是顺着路推车推了五个小时，最后才找到一个镇子然后把车胎补了。。。   加油吧，一路平安~！
东北大学中荷学院有分班考试吗？,2013和2014级是有卓越班分班考试（笔试300分x0.7+面试100分x0.3）的，从2015级开始改为大一结束后和尖子班一起选拔。  至于卓越班有多坑，那就是另一个话题了
为什么东北大学的高考分数线不如大连理工？,地域差10分，学校综合实力差5分，知名度再差几分，分数线总共差不到20分。 当然了，受制于整个东北地区经济的疲软，两校的分数线都不太乐观。
有人通过中介申请东北大学吗，没有语言成绩，和GRE也可？, 首先没有内测决定是不是桥梁项目这回事。如果你的托福成绩不达标的话学校会安排你去读桥梁项目，然后必须要达标才可以通过。如果托福成绩差很多很多甚至没有成绩的话，你需要先去读kaplan的语言学校，然后通过后才能去读桥梁项目。CPS学院的话是不要求gre的，其他还是有需要的 
南方人跑到东北去上大学感觉怎样？,南北差异大，南方来北方读书肯定有很多不会习惯的地方。不过待久了也就淡定了。讲讲我的一些感受： 1.了解了零下二十几度是一种怎样的体验，大一的冬天碰到几年一遇的暴雪，感觉全程在扫雪中度过。 但是东北的冬天比南方要好过很多，毕竟有暖气，在老家只能硬抗魔法攻击。同时个人感觉东北人其实没有南方人耐寒。（不要提大烟炮之类的，这个谁也抗不了 2.开始会说一口流利的东北话。东北方言真的很好学，而且只要愿意大家都会带着你去学，了解“东北仁”和“东北银”的区别之类的。然后就没有然后了，本人曾在飞机上和邻座的东北大叔唠嗑，他一直以为我是去南方旅游或出差的北方人。 3.邂逅锅包肉和炸鲜奶等美食。本人的最爱，但是不想多说这个了，饿。 4.才知道东北人的打雪仗和南方的打雪仗不是一个级别的。 5.会被安利各种相声、小品以及了解各种梗。同寝室的人带着我看起了德云社，身边同学也都是段子手和相声表演爱好者，上课就好像是在学相声……还会知道春晚上的本山大叔不是他最好的表演，地方台的才是，接着就会被安利宋小宝：海燕呐~ 放一张我们上英语课前的课前娱乐视频（是的 你没看错是英语课 这是来自老师的安利  6.享受过暖气的好处后，寒假在家总会莫名的忧伤。 7.其他：并不是你看谁都会被问你瞅啥的问题，不要闹；没有什么事是撸串解决不了的；不要问为什么东北人要这样，他们就是酱婶的。
东北电力大学有哪些老师的课值得听？,这个问题太可爱了，勾起了我的回忆，引起了我的好感，我努力的回忆着一个个老师名字，可是我真的想不起来啊（衰），只能求救我的学霸室友，我擦，我真想知道它是怎么记住的，他，基本上都是秒答我，我为能培养出这样的室友深感欣慰，哈哈！  正式答题  我反复读问题，有哪些老师的课值得听？问者关注的重点是老师，课，还得值得听，不同专业需求不一样，我回答不好，我只能说说大学时那些给我留下了深刻印象的老师吧！以下排名不分先后，是时间顺序，不够成听课建议！  1.高等数学，曲如老师 这是东电第一位给我留下极深映象的好老师，人长的好漂亮（原谅我带有主观色彩），我总感觉曲老师像机器人，说话，表情特别认真，永远带着标准的微笑，讲课时感觉每一个字都是有用的，没有一句废话，每一道题都是用心选过的。上课保持着工工整整的板书，下课亲自批阅学生作业，真的很难得。唯一缺憾就是上课占座太费劲，多亏学霸室友，有空传个偷拍老师的照片，你就知道我多喜欢她了！ 2.马克思主义基本哲理概论，邹嘉老师 其实就是马哲了，这是一个大家有些不重视的课，但邹嘉老师讲的真是超级棒，以自身经历或者身边小事出发，以极其幽默的语言班讲授道理，听的我时而狂笑不止，时而陷入沉思，时而放声高歌，时而掩面长叹，以至于我一直对她的课难以忘怀，大三时还跑过去听两节，你真的不能错过她！下面剧透一下她讲过的课！   one 世界上有鬼么？好，是物质决定意识还是意识决定物质？既然先有物质再有意识，那没有鬼的物质，哪来的鬼的概念？so...  two 老师说有一次他们一家到日本旅游，虽然不会日文，老师的老公还是自己出去逛，突然给她打电话，说老婆老婆你快来，我看到一家衣服店，卖的衣服特别特别便宜，同样的衣服这里便宜好多倍，老师说那你赶紧买啊，你再问问为啥那么便宜，老师都跟纳闷，最后找到导游才知道那是家洗衣店！ 还有很多好玩的，但是老师都是语气加动作表现出来的，我打不出来了，3年多过去了，我还印象很深，你知道这个老师多优秀了吧！ 3.概率论，张杰老师 名字应该没打错吧，张杰老师的概率论应该算是比较不错的了，她讲课好像把学生当天才一样来对待，我们都猜测她私底下把题解了好多遍，然后上课时说显然能得到这结果，哈哈，相比而言，海兰姐把学生当傻瓜一样，一个问题重复好多遍，还有张杰老师的老公是曲洪刚，啥，不认识，教篮球的那个体育老师，好玩吧。  接下来都是专业课的啦，首先再来一个夫妻的。 4.5.电路，杨东锋老师，继电保护，刘晓军老师 两位老师很有夫妻相啊，但第一次得知他们是两口子我还是很震惊的。 杨老师呢胖胖的，总是一副很开心的样子，脾气很好，讲课很认真，每个题型的解法讲的都很清楚，我当时弄的听清楚，考完试就都忘了，哈哈，电路两学期还行，知足啦。 刘老师的继电保护讲的也很清楚，板书写的很认真，对每个类型题的解法也很有心得，个人感觉他两口子都是应对考试的好手，虽不像有的老师博古通今的，但大部分学生就为了高点分，所以这两位都十分受欢迎，我只能以继电保护多考几分来证明对她们的尊敬了。 接下来的老师争议就比较大了，很多学生认为这老师什么玩应，完全听不懂讲啥，有的学生听的风生水起，我是属于完全听不懂，但感觉老师不明觉厉的样子。 6.电力系统分析，李秀清老师 估计我说这老师好，我班的一群傻逼要骂我傻逼，这老师真的很牛，上课不用书，讲课板书公式 啥的都是凭记忆，大家也不复习也不预习的能跟上就怪了，但大家不爱去听课，去了的不听课，完全改变不了老师的牛逼，大家的共识就是这老头把书都背下来了，真的，如果你努力学习电力系统分析，跟上老师节奏，绝对发现老师的水平相当之高，不过本身这课太慢，大家听不懂也莫有办法，特别是下册第二章，只能说太难了！老师博士生导师，水平绝对一流，只怪一般人享受不了啊！ 7，发电厂电气部分，李娟老师 李老师也是早就名声在外，发电厂讲的很随意，丝毫不影响各种来蹭课的学生，厉害的老师就是这样，总能抓住关键问题，让你时不时来个醍醐灌顶，不过有时候用开水就是他们的不对了。这些老师的专业课，本身都有些难度，她们讲的好，但我分析不出来更多了，她们的共性肯定就是用最简单的表达阐释最复杂的东西。还有李书权老师的发电机课，也同样，本身课程太晦涩，你们就别抱怨老师了，多在自己身上找原因吧！  大学有两个课我是因为自己和老师的双重原因真没学好，一个是黄大为老师的高电压，一个是周军老师的单片机，这两个老师也给我留下了深刻印象，不吐槽了，现在我特么在高压所学习单片机，我真醉了！出来混迟早是要还的！  以上
东北大学建筑系究竟如何？,。
东北大学为什么后来跟早期的那些同一档次的名校（如哈工大，武大，中山）拉开差距了呢？,被耽误了  当时是想让钱伟长先生来做校长的 后来又没成 并且前几年在李kQ任辽宁省一把手的时候打算合并的 后来不了了之 耽误了好几年
东北大学生到南方工作的优点与弊端？,机会多！比东北更容易出头！！！想家，想家想家！重要的事情说三遍！
东北大学秦皇岛分校30周年校庆，你怎么看待这个学校30年的发展？, 很尴尬的存在，至少从外界来看东北大学秦皇岛分校自身定位存在极大的问题，他至始至终没搞明白，自己是想成为一所怎么样的大学还有应该和东北大学是一种什么样的关系，东北大学秦皇岛分校的专业和学院设置与东北大学高度重合，甚至校内相对突出的优势学科也紧跟着东北大学走，可以说自身特点很少，而看一下同为分校的山大威海与哈工大威海，在不少学科上已经和母体学校区分开并且形成了错位发展，在这一点上，做的很不够很不够。  师资力量也是极大极大的问题，整个学校研究生导师只有93位，这个数据，即使放在河北省，也是排名不那么靠前的吧  学校所在的河北省政府与秦皇岛市政府支持力度严重不足，众所周知部属高校在招生上对所在地有倾斜，有时候甚至为了换取地方政府更大的支持，会想尽各种办法尽可能提高所在地的录取比例，但东秦每年本科招生约为2500人，在河北省投放指标不足250人，甚至在母体学校的辽宁投放指标也仅有100人左右，对比之下哈工大威海每年招生越2500人但在山东投放招生名额则近700，山大威海也与之类似，所以，是应该拿招生指标换取地方支持了，如果没记错的话河北省政府领导还没有官员视察过这所学校吧，足见这所学校在河北地位之低，提一句，哈工大威海早已经实现工信部，威海市和山东省三方共建，而山大威海也实现了威海市与山大共建，而山大本身就是教育部与山东省共建高校，秦皇岛政府在哪里呢，河北省政府在哪里呢。 
东北财经大学的英文翻译该是Dongbei Unixxx好 还是Northeastern UniXXX好？,东财在校生怒答。Dongbei University of  Finance &amp; Economics.英文简称DUFE。
东北大学浑南校区的学哥学姐可以介绍一下目前的生活（生存）的现状。？,更新一下，新学期有了新的教学楼，据说大家都去那个教学楼上课啦，在食堂东侧 ~~~~~~~~~~~~~~~~~~~~~~~~~~~~哎，作为一个14届开拓的大三老学姐听到你用"生存"这个词是着实不爽啊，我们是第一届搬到浑南的大一新生，我们那时候才叫生存。  新校区已经投入使用三年了，除了偏僻一点，各方面都还可以。 衣:浑南校区的快递特别齐全，且设置了快递自提柜。 食:让我感觉到不爽的是搬过来的学院越来越多，可是食堂还只有一个，三层楼，一楼二楼有打菜，有套餐，定时开放，三楼都是套餐，全天开放，饭菜我觉得挺好吃的(我是辽宁人)大一刚开学外地室友们觉得菜有点咸，但慢慢已经适应。食堂是不是会出些新菜色，给你点小惊喜。值得一提的是早餐有很精致的小糕点，比如黑森林蛋糕，抹茶蛋糕等2元一小块，味道还不错，就是比我们刚来的时候贵了点。外卖用饿了么，美团什么的点也都有，没有南湖那边多，但是也有汉堡，米线，盒饭等等等。校门外没有饭店，只有一些推着小车来卖烤肉饭，炒焖子之类的商家。 住:目前五个宿舍楼，六层，都是四人寝，举架大概3米5左右。 行:小西门出去有335(坐到终点站21世纪广场有地铁，通向太原街中街等地不是问题)139(一小时一趟，专为东大设计 连通南湖和浑南，中间路过沈阳新南站，高铁站)394(趟数很少)学校每天固定时间会有连通两校区通勤车划学生证2元，不允许有站着的，有空调，很舒适。   学习，这个很重要啦，目前是四个教学楼，新建成的图书馆也投入使用啦，这些场馆都有电梯和中央空调！！！划重点！！辽宁的夏天温度还是很高的，所以，空调很重要！！！一到夏天，你在139的站点就会看到早上一堆人就过来了，是的就是南湖的童鞋们来蹭空调！！！   这边也有体育馆，目前是在免费使用，带着学生证，去里面跑步，骑车，玩器材练肌肉减肥随你，还有羽毛球，乒乓球，之前还有台球的不过不知道现在搬去哪了。  嗯，不知道还有什么要写，肯定还是不全的，有疑问可以继续提问✌
