西北农林科技大学，西北大学和西电的教育学研究生哪个更好考？, 西北农林科技大学，虽然不是师范类的，好歹是985，211呀，能有多好考，  西北大学的话招生简章已经出来，你可以先到官网上去看看吧，  西电的话不是很了解，仅仅是为了不想在师范类院校上的话，也不要只是为了考哪个好考而去考，你考研是为了什么，为了更好地就业，所以选一个不错的学校吧。 
名校上海大学能碾压末流985西北农林科技大学吗？,谢邀！ 我觉得应该是不能的。  因为上海大学这种层次的大学，说句实话，他要是不是在上海的话比我们山西大学也强不到哪里去。  如果一定要讲上海大学碾压西农的这种人，我认为这种他的脑子里都是功利主义和拜金思想的，这种人不会成为国家的栋梁，不适合做研究。
如何评价西北农林科技大学2016宣传片？,我天…居然真的有这个问题… 作为一个即将下架的大四学姐，和一个九月份又要重新在西农上架的研究生学妹，我想我还是要说点什么的… 其实一开始我对西农并没有什么好感，校园是美的，但如果你们从小生活在四季如春的地方，真心就觉得一般了。但是！这里是西北地区啊！西农这样的环境真的分分钟完爆好多学校，可是宣传片里面拍出来的效果，和上世纪的mv有什么区别？？？谁能告诉我这个获国际大奖的导演是来搞笑的吗！！！ 还有…虽然西农的孩子们都挺诚朴勇毅的，主要是朴（biè说话），但学校里还是有很多可爱帅气的男孩子啊，也有很多充满灵气美丽的女孩子，你告诉我男主是谁挑的，我们出来谈谈！     还有，谁告诉你奖学金是那么大的一个红包，上面写着“奖学金”三个字？？？拿就拿了，你还非要带到教室里面，把胳膊伸那么长，送到每个同学脸上，告诉他们你有钱了？？？     还有，这是什么画风？瞬间感觉自己活着80年代…     西农在一座小城里面，与世无争的搞着自己的科研，在这里生活的时间越长，就会越爱这所学校。科研成果走进校园，给学生免费发苹果馒头甜瓜什么的         校长孙大大给学生谋福利，安空调，学生活动也是越来越丰富，校篮球队、足球队、排球队什么的都是省内数一数二的，当然还有我大辩论队，也是拥有可以和西交抗衡的实力（捂脸），四五年前辩论圈根本不知道西农，可现在省级比赛提起西农，大家也是竖起大拇指的。  这样一所高速发展的高校，这样一所科研成绩硕果累累的学校，这样一所低调内敛的大学，你就用这样的宣传片敷衍我？请问斥巨资就是就是这样的效果？学生自己拍的微电影，都比这个充满尴尬的宣传片好。我对母校爱得深沉，可是这个宣传片，我实力拒绝。  好了，放一组学校照片给大家欣赏一波，都是手机随手拍。    南校正门    我们学院老师设计的雕塑     蝴蝶荚蒾     大一时候照的北校    博览园门口     宿舍楼旁边的紫叶李    樱花路（照片来自学校公众号）         以上 胡言乱语
你怎样评价西北农林科技大学？,10000000000000000000本
西北农林科技大学有城乡规划专业么？,地理科学类里包括城乡规划
西北农林科技大学是一所怎样的大学？,西农一到店，所有985大学便都看着他笑，有的叫道，“西农，你这回又是分数线最低！”他不回答，对教育部说，“添青千两个，要一点经费。”便排出几篇SCI。他们又故意的高声嚷道，“你今年又没有nature 期刊！”西农睁大眼睛说，“你怎么这样凭空污人清白……”“什么清白？我前天亲眼见你的实验室被摘牌。”西农便涨红了脸，额上的青筋条条绽出，争辩道，“期刊论文不能代表科研实力……摘牌！……读书人的事，能算丢人么？”接连便是难懂的话，什么“农业政策倾斜”，什么“开发西北情怀”之类，引得众人都哄笑起来：店内外充满了快活的空气。
西北农林科技大学校园网怎么样？,曾经被施工队铲断过光缆 WiFi不定期间断 
西北农林科技大学住宿饮食生活条件怎么样啊？,挺好的，夏天有空调冬天有暖气，不会热着也不会冻着。有阳台，晾衣服很方便。没独立卫浴我其实觉得挺好，如果有独立卫浴，打扫起来是很麻烦的。 食堂的饭也不错，北校6个食堂（东区三食四食，西区两个两层食堂的楼，其实就等于四个食堂，其中一个是少数民族食堂，手抓羊肉饭啊，拉条子都挺好），南校4个食堂（南苑食堂两层，少数民族食堂一个，少数民族食堂旁边还有一个食堂），分量挺足，价格也不贵。 北校东西区各一个澡堂，下午两点到晚上九点半左右关门，高峰期洗澡的人比较多，需要等。南校只有一个澡堂，但空间要大一些，高峰期人不会像北校那么多。水量水温都还可以，洗一次1.5元，要刷学生卡，也不贵，你天天洗也就一个月40多块钱。 校园环境也挺好。操场大，植物多，溜达溜达心情不错。周末的时候有的社团在南校空地放电影，随意看。对了，南北校都有露天游泳池，夏天开放，大一大二有游泳课，大家可以凭卡免费去游。大三大四可以办张卡游，很便宜也很划算。北校泳池人比较多，南校人少。 想去西安做高铁半个小时就到，而且班次很多，跟西安大学城的同学们去西安城中央其实区别不大。周末去钟鼓楼，回民街，东大街逛吃逛吃蛮棒。 有的学院会在假期实习的时候带学生去西安一些有名的景点或秦岭，学生不用交太多钱，回忆起来会是很好的经历。 总得来说，在西农只要自己把自己安排好，开开心心认认真真地生活，会过得很舒服的。
西北农林科技大学食堂或者校园附近有哪些你认为很好吃的东西？,并没有！一泡污！
是什么导致西北农林科技大学如此差劲？,5月8日补充：题主的知乎提问只有三条，全是黑西农的，他的回答也多是如此。是什么样的事才会让题主如此执着于黑西农呢？题主你把事摆出来，大家都明白地看看，也省得和你无理由撕逼了。这种戾气十足的问题知乎上太多了，都在败坏知乎社群的交流气氛。        原文：1.这种强烈主观恶意的问题在贵乎不多见，我想题主必有备而来。然而展开问题，发现说明寥寥数语，从第一句开始就是百度之流可以推翻的。  2.一所学校烂不烂是有标准的，标准自在题主心中。自己想一想你对好学校的标准是什么？是人才队伍还是排名、知名度？你这样简单地说某学校烂吗？和地域歧视、性别歧视有什么区别？  3.我上学一年来，发现限制学生的最大因素并不是学校的实力（C9及以上当我没说），而是学生本来的性格、态度和知识技能储备。你觉得某校烂，可能是你自己的问题。  4.西农是很有争议的学校，然而观看网上的讨伐吐槽文帖，无非是地域、历史、定位等等（武断的说，一个能打的都没有），我想你也在此列。
西北农林科技大学食品科学与工程专业与园林专业的比较？,食品专业毕业的学姐。恩，食品全校地位高，待遇好，女生多。园林不了解，但是画图挺累的。
文科生读西北农林科技大学怎么样？,文科生读这个大学怎么样我没法回答因为这是个人问题但是客观的分析这个学校我可以做到，首先来讲这对于有名校情结但是分数稍有羞涩的人来说这个大学是一个最！！！！！（注意⚠️是“最”哦）具性价比的985了没有比它在性价比了，你如果迷恋985这个头衔但是分数又不是很高，那么兰州大学，西北农林科技等是非常不错的选择其中西北农林科技又是最好的选择可以以一个不太好的分数上一所985，很多我认识的人都有名校情结而且很严重，不过毕业后企业真的还是很在意985的，尽管我认为这种头衔玩意对我没什么用处，但是有利就有弊，这个大学地处小城市在西北经济交通气候消息闭塞都不是很好，但是小城市也有好啊生活便利宁静消费低节奏慢，优势么就不用说了看名字就知道以农学为强势，至于专业问题不用担心如果你上了大学不喜欢自己的专业大一千万别放松好好学一年成绩达标大一结束转专业就没问题了，但是事实上大一绝大多数人都是半瘫的上完的（我也是大一疯狂挂科千万别学我挂科就没办法保研了）尽管地处偏远但是在农业行业西北农林科技的强势地位不可撼动，至于那些虚名荣誉什么的我就不说了自行百度吧
西北农林科技大学有中外合资专业吗？可能被调剂到这些专业吗？,食品国际，应该是不可以转，但直接报考分数也不是很高
在西北农林科技大学当老师是怎样一番体验？,等我发了PNAS，拿了优青就跳槽中国农大/华中农大/中国农科院
西北农林科技大学和陕西师范大学哪个学校比较好？多方面比较,西农在杨凌，师大在西安。  师大完胜
16考研调剂 西北农林科技大学 华中农业大学校外调剂？,我是南农的你考了多少分感觉可以专硕的
请问西北农林科技大学的农学专业如何？有没有前途？就业前景如何？不日即将报考，希望大神解释…,没前途，还是不要来了
西北农林科技大学的图书馆管理员有前途吗？,西农不是985了 双一流也不可能 等你农拖欠图书管理员工资的时候就是题主你自由发挥的时候了  
各方面分析报考风景园林专业南京林业大学（非985/211）好还是西北农林科技大学（985/211）好？,谢谢邀请。  看来是一位高考在即的同学。首先要说的是，中国的大学那么多，风景园林那么多，不必纠结于这两个大学。  如果说从两个学校的风景园林专业对比来看的话，南林是完爆西北农林科技大学。南林虽然不是211，但是风景园林专业排在全国前5，这是南林最热门的专业没有之一。有国家级风景园林设计大师王浩老师。而西北农林的该专业只是凑专业，并不是优势学科。客观上师资力量和教学条件与南林都有很大差距。  抛开专业看学校，西北农林是985垫底没有争议，在林业院校中，因为地处陕西，各方面教学、生活条件都不如北林南林。我有很多同学去了西北农林都是奔985，去了之后后悔了。南林在南京，有很多优秀资源。比如说就业，如果是南林风景园林，有很多师兄师姐，基本上就录取了。西北农林还得考虑。  不过，从分数上来说，在全国大部分地区，南林和西北农林分数不相上下。风景园林又是南林录取分较高的专业，所以考分必须要保证。  希望能对高考填报志愿有帮助。
西北农林科技大学食品学院专硕两年生活是什么样的？,专硕不是问题，西农专硕是问题
在西北农林科技大学没有985，211建设经费后，该如何养这一大群学生啊？,感激涕零，居然有外校学子为我农担心，真爱党啊，么么啾  都是双一流搞得？取消985.211并没有在我们学校出现人心惶惶的现象，学校该育种育种该开发开发该给我们发科研成果的福利就发，学生该学习的学习，当然，学弟学妹们该报考报考。在名誉方面，可能我农虽然遑居985虚名多年，但也算是占过茅坑，况且985.211只是在形式上取消，用人单位该怎么筛选还是怎么筛选。   除此之外，据我所知，我们学校各个科研项目和经费并没有有多大的削减，毕竟有很多农业以及环境保护的重点科研项目都真正需要西农的支持和推进，与其你在这咸吃萝卜淡操心不如给你们学校多争取点经费谢谢。   高考之前我的档位是中山，北外一类学校（辽宁地区分数线可能与外地不同），确实发挥失常来到这所我没怎么听说过的学校，答主现在大二，这一年半的时间我没少参与全国类的科技创新比赛，创新创业比赛，如果你走出去你可以发现西农在这类比赛中可以说是在项目质量和数量两方面来说都是前几名的大学，我真的为我的大学骄傲。除此之外，我之前也好奇，其实我农有特别多的好的课题，投入工厂化生产之后带来的效益是不可想象的，但是很多教授因为一些可能不稳定的因素而拒绝这样的诱惑，而是潜心调试和学术研究，这和很多发现发明点什么就急于投产的很多大学是很不一样的，我很敬佩他们。   总体来说，西农是一个低调，务实，真正想要为国家和人民创造价值的大学，正如我们的校训，诚，朴，勇，毅，这才是一个想要长足发展长远立足的大学的应有的品质，而不是像现在越来越多的大学搞一些让人心浮气躁的东西。除此之外，我农在环境治理和水土保持土壤改良方面也做出了特别多的贡献，没错我们就是跟在很多为谋发展而破坏环境的大学和企业后面善后的人，却要遭到那么多人的排挤和贬低，我暂且把这个认为是朝菌不知晦朔，不与其论短长，我们来日方长，实力说话。
西北农林科技大学经济学，金融学咋样？,农经可以考虑来  别的，请不要来，你会后悔的
西北农林科技大学如果可以改名的话，改成什么好呢？,西北科技大学
如何评价知乎上纷纷对西北农林科技大学这个伪985展开无情嘲讽的现象？,越是嘲讽 西农就越有存在感  现在西农学生太膨胀了 以为自己很成功 不存在的 是假的 是特技 宇宙top1也是特技 根本没有经过几百个教授一致通过 不可能的
2018年考研在西安的西北农林科技大学 上海对外经贸大学 东北财经大学的金融研究生纠结？,实话实说，不如本校。
考上西北农林科技大学的博士和家乡市里的初中老师该怎么选择？,省重点高中有编制的教师岗位倒是不错，省重点初中的也还行，如果想从事科研，读博不失为一个好选择，否则大可先工作磨炼
西北农林科技大学的王牌专业有哪些？,复读学 劝退学 自杀学 失败学 不行退学
西北农林科技大学金融学怎么样 会计学是只收文科生吗？, 作为非金融领域专业的学生，我只能说，西农的金融真的很一般，在校内都没什么存在感，在陕西影响力更是有限。作为一所侧重点在生物科学、农学专业的985高校来说，如果你认为专业比学校更重要，选西农真的不是一个明智的选择 
山东考生，西北农林科技大学华中农业大学湘潭大学西北大学南昌安徽辽宁大学选哪个比较好？,学金融财经去西北大学和辽宁大学
去西北农林科技大学学计算机专业好不好？, 可以考虑啊。西农985 211院校的名分对于找工作还是有帮助的。近几年学院也在努力建设，提高师资水平，所以研究能力上应该也有所提高。  话说邀请我回答的人更有资格啊，毕竟在西农拿了学士和硕士学位呢。 
西北农林科技大学，415动物生理学参考书有哪些！希望学长学姐指点，跪谢！？,第一次有人邀请我，我就答不上来 尴尬。
我是高三毕业生，想报西北农林科技大学，但是对于西农的评价很极端，有说超好的，有说超烂的，，，，，，？,一切都靠自己。 如果你愿意付出自身的努力，愿意获得成长发展的四年，那你放心的来，西农的各种资源不会亏待你，从师资力量，科研经费到出国保研的名额，各种奖助学金真的没有一个同分数段学校可以与之匹敌。 但是一句，天上没有掉馅饼的事情，你要是想舒舒服服的度过大学生活，千万别来，谢谢你！
西北农林科技大学葡萄与葡萄酒工程专业，本科就业情况如何？,据说今年进口商去校招的还蛮多的，大部分还是去了酒商，也有小部分去了教育机构。总体来讲西农仰仗国内最强的校友网络，出路还是不难的。就怕不找...
西北农林科技大学有什么"黑历史"?,赶走两个到手的院士
西北农林科技大学现在怎么样了？,快散伙了吧
为什么西北农林科技大学先是 985 然后才是 211？有什么隐情？,首先，明确一下：   1995才有“211工程”大学的概念。   1998年北京大学百年校庆时提出来的“985工程”大学。   而  真正意义上  的“西北农林科技大学”在1999年才合并起来的（由一些西北地区农林类院校、研究所合并而来）。 因此，不可能在“211”、“985”这些概念出来的时候就能够入围的哈！所以，只能在二期的时候入围。而二期的“211”、“985”时间又错开来了，先是二期“985”（2005年），而后是二期“211”（2006年）。 故，才会出现这种有趣的现象。  不管这所学校究竟是否“牛鼻”、“一流”，确定的一点就是，国家很重视这所学校！入围“211”、“985”正是“重视”的表现。并没有什么“隐情”。在全国各地区大学的布局中，西北地区确实需要这样一所农林类院校。
西北农林科技大学有单人寝室吗？,听说西农的博士公寓有一部分是单间。  很疑惑为什么会有个野鸡大学的标签…
我今年高考，去了西北农林科技大学，专业是电子商务，理科生，想复读该不该复读？,西农本科生，准大三   谈谈我对西农的感受吧。套用某学长一句话，来到西农的，没几个是心甘情愿的。我同意这种说法。当年高考前夕出了点意外，比预期低了30分左右，不是没有考虑过复读，但最后依旧选择了西农。目前看来，我不后悔自己的选择。   首先，西农不是一所空有985光环的学校（在此我不想再列举出优势学科国家重点实验室世界前1%云云的数据），单是每年公派出国人数就高居全国第四（一说第二）；并且即使985的名号渐渐褪去，在未来相当长的一段时间内，在就业，考研，出国等方面，西农人仍然具有优势。   生活方面，西农硬件真的很好。所有宿舍标配空调的待遇，不见得是每个学校都有的。学校主要建筑内都有Wi-Fi，速度足够快。校园内一共九个食堂，饭菜质优价廉。环境也很好，树木郁郁葱葱，三号楼前的大花园会让你有来到植物园的错觉。   至于西农地理位置偏僻的问题，好吧，当时我真是勇敢，报考时居然没关注位置的问题...西农离西安还是比较近的，普通火车1小时，高铁半小时。机场巴士每天好几班，一个半小时到西安咸阳机场。如果不方便购物，不是还有网购嘛。你能想象得到的快递在西农都有站点。经常是下午跑去西安试好了衣服晚上可耻的网购回来...小镇也有好处，能够安心的学习研究，不被外界打扰。   客观的说来，西农学生的素质是参差不齐的。网上吐槽多次的上厕所不冲的问题的确是存在的，自习室里旁若无人的说话，不懂得礼让等现象偶尔也遇到。不过，大部分西农人还是有教养有素质的，正如校训“诚朴勇毅”那般。我也完全有理由相信，随着西农的实力不断增强，她的学生一定会愈加文明有礼。   就说这些吧，希望对你有帮助
对于西北农林科技大学的学风优良你怎么看？,还在吹学风，怪不得工作不好找。清北人复交财都是以实习牛逼为荣的。
西北农林科技大学有哪些好老师？,我在西农遇到的每一位老师，人都特别好。 大一的时候，遇到了   郑立飞，讲课超级认真，而且还给好多Mathmatica的代码；   帅琪，美女老师，现在应该已经在裴老师实验室啦。   陶虎老师，讲有机化学，人特别nice，我一辈子的恩人。   陈勇，当然你也可以叫他cheng勇（懂的自然懂。），我编程的入门老师，教了我很多东西，还给我项目做。后来走上生信的路，他的影响很大。    大二的时候。   生化老师潘君风，是我碰到的第一个，讲两个小时中间不休息的牛人，激情满满，不过原谅我真的听不懂。   微生物老师，卫亚红。经常把微生物课上成英语课。也是在她的课上，我开始背生物的专业词。   分子老师，许晓东。满嘴东北音，特别亲切。一讲课就塔塔box（TATA Box）。来北大的推荐信就是他写的。   遗传老师，马翎建老师，真的带着我们下地去了，好爽的有木有！贼好玩。人超级nice，我们上课之前看NBA从来不拦着，还跟我们讨论球赛。当时季后赛正好是快船打灰熊，老师神预测。  植物生理，胡景江，年年都去出高考题，我在他们实验室还蹭了一篇文章。。。哈哈哈，对学生特别认真。印象特别深的就是“束缚水，自由水~~”  毛概老师，李晓娥。在她的课上，我们真的很自由，老师允许我们有争议，允许我们愤青。她不是打压，而是带着我们回顾从十三大以来的文件，决议。经过这个课，我才知道，我是多么的图样，我才知道长者是多么厉害。  细胞老师，潘传英。真的特别有激情的一个女老师，讲她的科研经历，带着我们走访实验室，算是对科研的一个直接接触。而且，她讲课，l和n的音不分。所以每次说No都是low~~   大三必须要提的老师   廖明帜 数学大牛，后来转做生信。学术绝对过硬，而且人特别好，对学生特别好。经常一起打篮球。后来做生信的时候，耳濡目染，学了很多东西。  王保莉，讲基因工程。虽然我现在忘得都差不多了吧。但是老师课上，课下，从讲课水平到科研水平，真的是大牛。非常喜欢。   毕业了， 远走北京，继续学习。 但， 有的时候真的很想念母校。  想念北校6号食堂的咸豆腐脑， 想念楼上的金马刀削面， 想念五台山， 想念红楼， 想念我的兄弟们。  四月了， 北校食堂旁的石楠花， 该开了吧？
为什么西北农林科技大学明明是985，分那么低？,地理位置差 专业较冷门 综合实力弱 知名度不高
颜值高在西北农林科技大学是怎样一种体验？,会不会被折叠？
西北农林科技大学的分数线近几年是变高了还是变低了？,先说结论，大幅下降  总有人喜欢说超本一线五六十分，提高不少  搞笑！ 那是因为今年来相当多的省份把本省二本强行虚构成一本，致使一本线水水水  省内位次大幅下降，这才是实打实的数据  可以说，呜呼西农，气数已尽
为什么西北农林科技大学这么厉害？,傻孩子，因为他是最牛逼的985大学啊
西南大学和西北农林科技大学哪个更好？,来西农呆两年你就有了一种天然的怨妇气质   心里素质不行的 得抑郁症也有可能  知道一流学科这个政策吗  去西南大学念一个好的学科比在末流985念一个非一流学科好多了           ps  其实这两个大学都挺渣  想凭这点学历逆袭的话 远远不够
中国农业大学和西北农林科技大学的葡萄与葡萄酒工程专业哪个好一点?, 这问题可真是挑事  来看一眼这两个学校该专业2016年 北京 高考分数录取线  中国农大：     西北农林：     这分数就完全不是给同样水平的学生选的。人的发展是多维度的，哪所学校能给一个青年更好的成长环境，还用问么？ 
西北农林科技大学里出国情况是什么样的？,西农和康奈尔有2+2项目 可以拿到两个学校的学位。目前我知道的和康奈尔有2+2项目的中国高校只有上交 浙大 中农 西农。应该是创新学院最高
是什么导致西北农林科技大学杰青 万人 长江年年光头？,第一：学校的管理体制有很大问题！不敢管！导致大家把西农当做养老院，都在混日子！上到特聘教授，下到师资博后。13年引进的特聘教授李竞，陈少林来了三年花了学校几百万，一篇文章都没发！！这样的特聘教授简直是西农的耻辱，放在别的学校早都清理出去了，学校还当宝贝供着，呵呵！更别说普通教师了，有一半教师一年发不了一篇文章，师资博后更是侥幸心理，都在说学校不敢把他们咋样！第二，学校不会跟踪发掘人才，15，16年有个叫任刚的学生在国外挂西农单位连续发了cell，nature，学校一点都不知道，也不主动联系他，让他毕业来西农工作！说白了官僚作风太严重了！第三，对硕博士毕业要求太低，好多学校博士毕业最少三篇sci，而咱们只有一篇的要求！第四，学校英文名称好多人都不知道，导致各种翻译都有，文章奖励照拿，但esi数据库中不算，给学校带来很大损失！总之，官僚作风很严重，问题大家都看得到，可从来不管不问，都是上班混日子，管你学校发展啥样子，一分钱也少不了他们的。
双证mpa，东北师范大学和西北农林科技大学怎么选？,最后更新  不和你搞笑了，认真回答一次， 双证mpa，东北师范大学和西北农林科技大学怎么选？  纯粹只比较两校及其MPA，哪一个更好。 一、校名比较，世俗的观点，科技&gt;师范&gt;农林，综合来看还是师范比农林科技好些，东北师范胜出。  二、学校层次比较，东北师大211，西北农林985，但西北农林属于政策照顾性985，东北师大排名要高一些，姑且算平手。  三、学费，东北师大3万分三次  http://  yzb.nenu.edu.cn/tmp/201  6ssxfxz.htm      ，西北农林5万一次缴清 西北农林科技大学2016年MPA（双证）调剂信息   ，东北师大胜出。  四、学制，东北师大3年  http://  yzb.nenu.edu.cn/tmp/201  6ssxfxz.htm      ，西北农林未查到，参考 西北农林科技大学2016年MPA（双证）调剂信息   估计是两年，西北农林胜出。  五、录取难度，东北师大，政法学院50+经济学院37=87， 东北师范大学2016年硕士研究生招生专业目录   ，西北农林，人文社会发展学院122-36=86，除以3个专业，平均MPA招生名额27，东北师大招生人数是西北农林3倍更容易录取，东北师大胜出。  六、MPA比较，东北师大MPA是在政法学院和经济学院 东北师范大学2016年硕士研究生招生专业目录   ，西北农林MPA是在人文社会发展学院 西北农林科技大学 研究生招生信息网   ，显然从背景专长来说，政法经济比人文更实用，东北师大胜出。  七、毕业难度，东北师大 东北师范大学MPA教育中心   ，西北农林 公共管理硕士（MPA）培养方案   ，通过培养方案来看，东北师大更容易毕业一些，相对时间长要求低。  综合来看，西北农林只在985和学制上占优势，其他方面还是东北师大占优，学费更低，录取概率高，学科背景更实用，更容易毕业。  最后，我只想知道，题主毕业以后，因为取得研究生学历（唯一因素）涨了多少工资，希望到时候告知。  此后不在回复。  ~~~~~~~~~~~~~~~~~~~~~~~~~~~~~~~~~~~~~~~~~~~~~~~~~~~~~~~~~~~~~~~~~~~~~ 此时选什么985211，对混文凭来说毫无意义，不如选一个离上班地方近最便宜的，二本也行。
西北农林科技大学的实习社会认可吗？,不认可 老师水平极差极低 问个问题就会给你打哈哈，说啥你要自己多研究研究 其实啥都不会
西北农林科技大学的学生是不是普遍比较乐观？,谢邀  先说结论，是的 除了像我这种失败人士在做无谓的垂死挣扎外，有志气的人都已退学复读，走向北上广，走向人生巅峰  今天的你我，怎样重复昨天的故事？    这一张旧船票，能否登上你的客船？   
如何进入西北农林科技大学兽医系？,利益相关，当然来浙大兽医系啊！答主可以直接给你传授经验，不用肤白貌美大长腿的学姐了 
如何评价西北农林科技大学「学霸狗」被保安打死事件？善良和制度该怎样选择？,关于西农的学霸狗，我不是西农的学生，可是我想说，就算你想去抨击什么，先了解全部的事实吧。   下面这个是我一个朋友发在朋友圈的。   看了腾讯新闻的看看这个 关于西农流浪狗的全部事实 西农流浪狗很多，大部分是学生弃养的也有周围村子跑过来的。它们成群结队的在学校跑来跑去，餐厅，宿舍，教室，哪里都有它们的身影。 你们没有见过，好多女生害怕狗而停滞不前。你们没见过有人骑车经过被流浪狗疯一样的追了半个校园。你们没见过流浪狗挠女生宿舍门。你们更没见过流浪狗跳到学生床上。你们不知道西农老师辛辛苦苦培育的品种被流浪狗糟蹋。你们不知道93岁的老教授被差点被狗咬死。你们不知道所谓的“学霸狗”出现在教室实际上却影响到正常上课秩序……你们没有看到学校在很努力的联系西安流浪狗收容机构，积极处理这些问题。 你们看到的只是流浪狗被披上“学霸”的外衣，上课，跑步。你们看到的只是保安打死了它，把它扔在垃圾桶。 然后，网络的“爱心人士”便开始抨击保安，批评校长，抨击学校，甚至上升到师生素质以及中国教育问题。可悲的是好多人都在跟风转发评论，人云亦云。事实的全部真相你们看到了吗？ 的确，保安的做法缺乏人性，需要批评，但是他也是为了师生的安全着想。都是为人父母，谁的孩子被狗咬伤都是他们不愿意看到的，所有他们用了简单粗暴的方式。 网友说：不能驱逐吗？ 事实是，驱逐到哪里？流浪狗不会自己跑回来吗？驱逐到别的地方不是会给别人带来困扰？ 网友说：学校漠视生命… 人不是生命吗？狂犬病是必死的。如果我们被疯狗咬伤了，还有心情同情狗？媒体那时候又开始疯狂追责任，不管怎样保安都要背黑锅吧。 网友又会说：为什么不给流浪狗注射疫苗？学校这么缺钱？ 学校有那么多流浪狗，去哪里找到所有角落的狗？怎么确保全部流浪狗都集中注射疫苗？这么说是不是还要把所有流浪狗结扎？建议是好，可行性不高。 网友说：这样的学校不陪教书育人。 但是没人在意西农的碧蚂1号曾救活了大半个中国，没有人在意西农为中国粮食事业做出多少贡献。学校每天三令五申不允许学生养宠物，就是害怕这种不负责任的现象。但是个别学生不听话，背负骂名的却是学校。 各位网友朋友， 你们转发消息的时候有确定真实性吗？ 圣人一般义愤填膺的骂保安骂学校就是所谓的道德？ 如果你在路上看到流浪狗，你愿意把他带回家清洗干净收养它？ 如果有只流浪狗在你身边蹭来蹭去你是不是也是远远走开？ 如果保安是你的父亲，因此失去了工作，为生计发愁，你心不痛吗？ 狗是人类的朋友，大多数人也都是善良的。但是网友应该理性看待问题，不是吗？ 对于这个问题，媒体以及名人大V应该宣传的应该是教育人们不要轻易抛弃自己的宠物，而不是带头指责保安，抨击学校，何况那不是全部事实。 什么是正义？什么是邪恶 问遍这个世界也不会有答案 不要总是用圣母心看待这个世界 转发传递正能量。   来补充一点   还是很欣慰理性的人占大多数，刚想到一个问题，流浪狗都是从哪儿来的呢？我们这些对狗没什么感觉的人应该不会养，害怕狗的人更加不会养，会去养后来又始乱终弃将狗扔掉的多半是那些在微博上大声嚷嚷爱狗的人吧？自己应该承担的善后没做好，导致流浪狗问题还挺严重，别人承担了你没有承担的责任，又被指责手段粗野。不匿咯
长安大学和西北农林哪个好？,西农计算机系大二(马上大三◑▂◑）知乎处女答。  从保研角度来看，西农985优势更大(前提是学分成绩80分以上，过了四六级)，保研什么的，机会还是挺多的；  从奖学金角度来看，每年都有各种奖学金，当然大一时候每个学期都有专业奖学金，一般成绩在班级前三分之一就有(一等2000，二等1500，三等1000)，还有国家奖学金8000，励志奖学金5000(离我好远的样子，学渣不解释)；  从社团活动角度来看，学院每个学期都会举行一些全校性的活动，比如动漫设计大赛和网页设计大赛之类的，当然也有像计算机义务服务队等等；  从实习机会角度来看，学院对于课程的实习还是挺多的，像数据结构、数据库、C+＋、计算机组成原理等等，学院也在努力争取更多的企业(大多数都是西安市里的)的实习机会，大三也会有一些培训，像j2ee、安卓之类的； 从计算机系实力角度来看，老师多是非常好滴，有问题会给予及时的处理，这点还是值得点赞滴，经常会有很多学长跟着老师们做项目，学习专业知识，很多可是课堂上学不到的哦！老师实力虽然可能没有西电那么强，但也是杠杠的！  以上属于个人拙见，希望能对提问者有一定的帮助，学长在西农信工等候学弟学妹的到来！哈哈！
如何看待西北农林科技大学跳楼事件？是学生心理太脆弱还是学校教育问题？,谢邀。  我看到一个问题，她家人为了发声而用的微博，上面称她是大二  可大家都知道，南校区是不会有大二学生的，实际情况是本应大四结果留级到大三  说明什么呢？她家人都不知道她读大几  一个人能最后走上自杀之路，除了她自己的问题，我认为父母才是最需要反思的
西北农林科技大学有犬类控制专业嘛？,楼主来知乎问这种问题就是作死。
江苏考生，理科，357分，物化双A+，化学江苏省一等奖，去西北农林科技大学合适吗？,无所谓合不合适，这个就要看你是否要继续深造，也就是你求学的目的。 1.如果毕业后要直接就业的话，农校类是比较弱势的，当然这是整体上的。比如你很牛逼（看楼主这水平应该问题不大），像每年拿国奖什么的，那找份好工作还是so easy的。 2.如果毕业后继续深造（读研、出国等），西农是很有优势的。因为她有许多加分项，如985，保研名额，交换生名额等。毕竟985院校的资源还是不错的，如师资，实验室（设备）。不得不说，此时的西农就是一个很好的跳板。 3.题外话，西农的特殊福利。研发成果进校园，让你可以尝到许多美味，瓜果蔬菜，牛肉土豆等。 1.  http://www.  nwsuaf.edu.cn/xstd/7155  2.htm       2.  http://www.  nwsuaf.edu.cn/xstd/5933  8.htm       2.  http://www.  nwsuaf.edu.cn/xstd/5275  9.htm       4.除此之外就是好好学习，天天向上了！
西北农林科技大学为什么这么垃圾？,第一次回答知乎话题，一直潜水，这次看见这个话题实在忍不了了。 请题主好好了解西农的各方面情况再来问这个问题，我呆在西农一年了，并没有感觉这里很垃圾。相反，我很庆幸自己是西农的一员。 西农在研究小麦这方面的科研在全国都很出名，难道题主没有听说过？西农在植物保护专业也是在全国甚至在国际上都很出名，题主没有查过？植物保护学院的院长刘同先教授，题主没事可以去百度一下，他在国际上都是占有很多地位。还有很多西农其他老师都是很有名的，所以题主请好好了解西农，在评价吧！！  题主说西农垃圾，我想问就凭国家重点研发计划这一点就可以评价一个学校的好坏吗？那我不得不为你的想法感到悲哀了，看题主应该也是一个高等院校的人，想问问你在哪个大学的，我要对这个大学的教育产生怀疑了，一个没有了解某个大学随意说垃圾的人是否和他所呆的环境有关？ 友情提示，请题主再问这种问题之前，一定要好好查资料，不要被别人笑话了。。
西北农林科技大学的H。S是什么组织？,哇，又爱又恨，因为我们没有什么复习题，但是hs又是弄一个大杂烩，很多专业学一门科目但是侧重点不同，所有题弄一起出，这就很坑了。。而且好多没答案还有错 
西北农林科技大学这么偏远MBA为什么还这么贵？,3000？打错了还是在开玩笑？30000一年也不贵吧，好歹985，还好考。
如何在西北大学和西北农林科技大学做选择。？, 考虑到10几年前我在选择大学时犯下的错误，我想给你几个私人的忠告，不希望你多大程度上赞同我的意见，但希望你能有所思考，选择大学终归是一个对你人生有蛮大影响的选择，决定需要你自己做，记得把你的想法和父母长辈交流一下。  1、优先选学校，次之挑专业，但如果你对人生有明确的规划，或是有明确爱好的专业方向，反过来；  2、只要不是顶级（TOP5）或是一流大学（TOP20左右），考虑学校之前，先考虑自己本科毕业之后是否希望继续读书，如果是，那么你的选择压力会变小，因为你把一部分压力放到了考研选择上，如果不能肯定，或是希望能够开始工作，那么先考虑你希望发展的城市，至少是区域，如果没概念，你至少要考虑是不是在家乡或是周边省份发展，选择的大学尽量接近你未来希望发展的区域，能给你不少助力；  3、你作为中部地区的孩子，如果不是为了以后在西部发展，或是专门想学哪个特定专业，我建议优先选择经济发达地区的学校  4、高一本线54分，我觉得除了西农、西北一本里还是有不少学校可选（原回答说西北和西农在一本中有些边缘，嗯，我承认我的信息更新有些问题，所以收回该评论）。我是西农毕业，西农对于你最大的吸引应该是他的985名号吧，说实话，不出国、不从事农业有关，不值，西农文科也非常非常一般；西北文科不错，在陕西省很有名气，但是名气也仅限于陕西省和部分省份，如果你认准他的某个好专业我觉得可以作为一个选择；  5、大学时除了学历、知识、还有一个要考虑的是同学，他们的水平决定了你在社会上的人脉起点，这也是希望你在希望发展的区域附近选学校的原因，离着远了，再好的同学想帮你也很难；  6、选择大学时很多人都是懵懵懂懂，我能理解，因为看起来是在选择大学，实际上是在考量你对自己的了解，对未来的规划，还有你们家族在教育层面的见识，社会竞争在这一刻就已经开始了。  我是非常意外看见你这个问题，想起了我当年一些不愉快的经历，所以我把我想到的告诉你，我还是要说，不要盲从，不管是我还是任何人，是你自己要承担所有选择的结果，所以希望你能认真思考，做出合理选择，即使未来这个选择可能并不理想，起码他在当时是一个认真和理性的产物，也算不负青春。  祝好 
西北农林科技大学的生物科技专业怎么样？,不好就业 
西北农林科技大学生毕业后工资待遇怎样？,你的薪资和你从哪毕业的有多少关系呢？找准重点。
在西北农林科技大学学林学怎么才能有个好的出路？,复读，然后不来西农
西北农林科技大学究竟有多优秀？,他们只需倒戈卸甲以礼来降 仍不失985之位 ，国安民乐，岂不美哉！
西北农林科技大学，安徽大学，东北大学秦皇岛分校，辽宁大学，华东政法大学，南昌大学比较一下？,华政明显高出一个层次吧。
去西北农林科技大学学葡萄酒读研怎么样？,建议如果是2015年以后的可以考虑来西农，本人西农毕业，说一下自己看法，从14年以后新的葡萄酒大楼已经建成，腐朽的第一代院级领导就要进行更替，所以我个人推断会是一个脱胎换骨的好时机，并且国家保研政策的改变让许多有资格保研的学生流失走了，加上出国机会西农巨多，所以我认为现在的西农葡萄酒研究生是到了黄金小高潮了，但是就业面可能会相对局限在葡萄和葡萄酒领域，自己热不热爱一定要考虑好，顺带回答一下西农和中农的比较，许多保研到中农的同学和我反映，还是西农好，环境，同学的感情，老师，学校的硬件，出国政策等等.所以就我的角度而言，我很赞同你考研，ps：导师好好选哦，最后的忠告了，嘿嘿嘿
在西北农林科技大学软件工程是一种怎样的体验?,先说我，14级西农信息工程学院计算机科学与技术专业，在信息学院，各专业之间差别不太大（计算机，软工，信管，电商）。      首先确定你真的想考研吗，信息学院考研率很低，因为科目很难，很多人选择刷学分保研，不过名额有限，所以看你努不努力学。       其次，让我评价信息学院的水平，我只能说，烂。尤其培养计划很烂，目前分了三个方向，c++、嵌入式、J2EE。选择面很少，而且以想就业的学生来说，学院的教学科目设置是不合理的，学了太多没有用的课。        其次学的知识滞后，不是我想黑老师，确实上那些老师的课不如在网上刷imooc的课，而且学院科创方向大都面向农业，同时高水平的教师基本都是学图像学的，都是一直读研型，我作为想就业的学生，基本找不到有IT公司就业经验的老师，所以也很尴尬。        再来说西农，我当时也是抱着上985的心态报的，这学校一般。优点就是有空调，环境漂亮，校长不错，南校区很美，学风不错，偶尔发福利（西瓜，苹果，馒头之类的），农业教学水平高。 缺点就是地处偏僻，名字low，附近部分村民素质不高，北校区很挤，信息学院比较差（别的学院不清楚教学，不评价）。       总之，如果你想学软件工程，别来西农。如果你想保研，可以考虑来，因为985保研有优势。如果你想考研，如果来西农可以考虑一下别的专业，科研方向的。
我是今年高中毕业生，正在纠结要不要报西北农林科技大学？,西农跟那些排名比较靠后的985还有排名比较靠前的211实力的差别都不太大，但是985是你本科期间一个很重要的平台，既然你能来这个985，我觉得它是值得你来的。你如果想了解一下这个学校，我可以给你我另外的两个回答：  为什么大家觉得西农很烂？ - 王伟的回答   是选择东北大学秦皇岛分校还是选择西北农林科技大学？ - 王伟的回答 
志愿是选择东北大学秦皇岛分校还是选择西北农林科技大学？,你不用问他们了。告诉你，你选了哪所学校，就一生都是它的追随者。我毕业于东秦，别说和西北农林比，就是和清华比，我都敢厚着脸皮说东秦好，因为那里有我的青春，清华没有。可是我觉得好有什么用呢，学校的地位不能用毕业生的感情评判。题主你这问的问题，明显问到毕业生的感情评判上了。问不出什么真实情况，反而引来两个学校扯皮。建议你两个学校都去看看，感受一下，就知道哪里是能替你保留青春的地方。求校友不骂，也求农林校友不骂。知乎最近风气不好，没勇气承受辱骂，匿了。
西北农林科技大学农药系一名大二女生。不知道本科毕业与本专业研究生相比有没有足够能力知识做农资，销售等？,植保这个领域，本科和研究生出来是差不多的！ 搞科研要博士，真正的科学家哦！ 如果是去卖农资那么没必要读这个方向的研！如果以后想进机关事业单位，还是有用处的，相对来说，农业类专业机关事业单位好考一些！
刚高考完想报西北农林科技大学的葡萄与葡萄酒工程专业 专业就业前景如何？,17级的招新群刚刚建好~我就在群里哦~我是学习部的，欢迎萌新来我们部门~    ――――――――――葡酒近几年确实是西农录取分数最高的专业，答主是西农葡酒大一学生，马上就大二了。 之前回答过一个西农有关的问题，看到有学弟学妹问这个，想回答一下。 首先交代一下答主是想读研的，保研也好，读研也罢，总之想要去更高的平台。我希望题主能想清楚自己究竟想要怎样的生活，其实题主刚刚从高中走出来，我能理解你的想法，当时我高考毕业也是急于找到一条最好的路，想知道怎样才是最好的，怎样的选择是标准答案。其实大学一年之后，我觉得其实人生中的选择非常非常多，每一种选择都有存在的意义，不同的选择可能导向不同的结局，有时候即使你做出了一种选择，变数也非常多。好像说多了...有点跑... 在这个专业呆了一年，确实这个专业号称西农王牌专业，学校也给予了足够的重视和投入，我们整个葡萄酒学院只有我们一个专业，葡萄与葡萄酒工程，目前每一届4个班，一共招120个人，如果想来西农，有对化学（特别是有机）方面有兴趣，可以选择葡萄酒专业，其实葡酒专业和食品工程专业是比较接近的，好多学长学姐读研选择了食品工程（特别是浙大）。相对来说，葡萄与葡萄酒专业这个面比较窄，以后如果题主不那么浪漫主义了（学姐我当时就是带着美好和向往来到这里的），对这个专业热情减退了，有可能会觉得是负担。所以请你，一定一定要想好。 如果只是想借助西农985 211的平台，我更建议你在提前批报西农的创新学院（不过提前批题主也可以冲一冲更好的学校，像我就浪费了提前批的机会，挺后悔的~），创新学院我也没有了解的特别清楚，大概是上两年的公共基础课，然后大三可以选专业了，基本上是大部分的专业方向都随便挑，其中就包括葡酒，教学模式好像挺有创新的，而且创院学风很好，有的课程是全英文教学，相信对于优秀的同学来说，可以很好地提升自己的能力，在自己思维最活跃，头脑最清晰的时候，不至于浪费自己最好的的时光。 下面我介绍一下我们毕业生的情况吧。（可能不是非常准确，我是在就业信息里看到的，有的毕业生可能有变数，也有的毕业生就业意向没有确定）  今年整个院2017届的大概127名本科毕业里，保研21人，考研15人，出国31人（今年出国人数非常之多，好像破记录了），也就是说，有一半的毕业生选择了继续深造，有54人选择工作，还有一些选择考公务员或者其它。 这个专业大三会分方向，市场方向和工艺方向。 ―――― 要上晚自习啦，有时间再更~  学姐要考试了 学姐还想保研，萌新们可以等等学姐么，我也很想回答，7月5号下午我考完，到时候再回答你们来得及么.... 大家可以骚扰15级的学长学姐，他们考完试了已经~ ―――――――――――――― 评论有人说让贴课表的...我们现在上的都是工科基础课，大二下学期才涉及专业课的，所以大一下课表是酱紫的。（排的很满orz ...大一是课最多的时候了，下学期大二会好点，自己支配的时间会多点， 我表示非常期待我的大二~）  
请问西北农林科技大学的生态环境史怎么样？如果考研考这个学校这个专业如何？,没听说过。应该很不好。
是什么导致西北农林科技大学如此的差劲？,4月30日更新 目前勃同学已经从专业黑西农转到专业黑我了  各种自问自答指桑骂槐。不过以他的智商，连动物医学和动物科学的区别都分不清，国际马联和国际田联都能弄错，跟他也就没什么可生气的了。我为母校挡了枪我自豪，黑我也要讲究基本法啊同学！ 4月24日凌晨更新 半夜被我家猫吵醒了睡不着，翻开手机补充点有意思的事吧，也给不明真相的人科普一下。  第一，这个问题是以 @勃回国 为主的“西农黑三人组”搞的一系列问题中的一个。至于为什么叫一系列和三人组，你点开看他的提问和回答列表就明白了。 他的提问列表    大部分都是几个人自问自答再互相捧一捧，也没什么人有兴趣看，老实说我真不明白这么做的意义在哪里。 部分他的回答列表         怎么说呢，反正我是当相声看的。  当然这篇回答下本尊也在，为避免他也删了评论我也截了图        （我才不会告诉你是我好久没这么痛快怼人了所以截图留念哼） 第二，关于我的评论区。三人组里比较平和的一位下午出现了 @成功蛙士 。总的来说我觉得他还算是一个比较理智的人，所以聊了很多。包括 @勃回国 为什么不遗余力长期不懈地黑西农的故事也说了。但是估计也就是那位嫌他说的太多揭了老底，所以我晚上再看时评论已经全删了。所以估计很多人看了评论区我大段的话会很糊涂，在此解释下。 “蛙士”同学告诉我他的这位朋友 @勃回国 的故事大致是这样的 “高考失利，报志愿时由于家庭阻力和自身原因来了西农，之后发现和自己心里落差太大。” 是的，完了。就是这个你在西农随机抽10个学生估计5个都是这个版本的故事。我本以为应该是更加心酸、更加曲折、更加XX的故事，才能让勃同学对西农恨得如此彻底和持久，结果就给我看了个这个。当然以上故事蛙同学是分开几条说的，从我的评论应该能看出来对应的。我得承认我很失望，这就好比那些整整100分钟各种悬疑酷炫鬼怪duangduang特效一起上的国产鬼片，你为他设想了很多劲爆的谜底，结果最后一分钟告诉你都是一个精神病人的幻觉而已。  总之对于这个人和这件事，我的观点都在评论里了，仅供大家参考。 PS：我觉得他应该去看心理医生    原文如下： 利益相关：西农2011届毕业生。  西农的确没什么名气，这是事实。地方偏远是一个方面，农业在中国本身就被大众认为不高大上是另一方面。 你说的几个问题我上学5年都没遇到过。宿舍的东西都是坏了叫修下午就到，师傅一边修一遍侃大山好的很。动医学院一年比一年好，就没走过下坡路，你说的摘牌情况是什么专业的我就不知道了。老师勾心斗角倒是有，有人的地方就有江湖嘛，可是学校那几年来的几个高级的老师我看现在别人过的很滋润啊。话又说回来你倒是给我找个人又多又没勾心斗角的地方？估计只有等共产主义了吧。 倒不想说题主几个什么，不过看了你们的一系列自问自答满篇谩骂找认同这种行为，终归不像是知乎作风。从这一点来说，说你们是loser应该不为过。心智成熟的人不会干这种low的事。 最后给学弟学妹们一个忠告，学校有好有坏，来了就好好呆着好好学习。自己的路是自己走出来的，像题主这样的，搁斯坦福去他也过不好，引以为戒吧。
西北农林科技大学的文科专业怎么样啊？, 说实话，文科非常一般，如果你是觉得西农985高校的名头还不错，推测文科专业还凑活的话，我劝你慎重一些。西农不是一所综合类大学，虽然在全国高校普遍向大、空、泛方向发展的背景下，各个学科、专业相对齐全，但其龙头专业一直是生物科学、农学类，正是因为这些专业的强势才使得西农有资格入选985，所谓社会科学类的文科一直很马虎，再加上地理位置远离西安和咸阳城区，教学经费向农学、理学倾斜，文科一直不温不火。文科在全国内也没有什么影响力，估计和一般的211学校相当，一般人听名字也能知道这所学校的偏重点了。建议你仔细考量，不确定时甚至实地走访下再确定 
在西北农林科技大学读文科的出路是什么?,题主，学校只是个平台，所以出路到底是什么还要看个人努力和志向。其次，西农作为985大学，只要你用心努力，学校是能够给你平台发展自己的，毕竟985的资源和条件摆在那儿。         我是西农毕业的，去年顺利保研到C9某高校，所以我就讲讲保研这一出路。保研时候西农的政策还是很开放的，不存在强制留人等暗箱操作，而且我们班和我一样保研的很多，学校都非常棒，西农的985头衔给了我们很大的自信和更大的平台。        其他考研或是工作的我了解不多，不过还是那句话，西农的平台还是挺好的，剩下的就靠自己  最后一句，出路看自己四年的收获能力，反正这个学校不会给你拖后腿，985的优势在找工作中还是有的。至于什么样的工作，要看题主你具体什么专业，想去什么地方工作，想做什么了。 题主你问题问的太大了，你这个问题放在哪个学校问文科的出路是什么都一样的，西农不是特例！
北京电子科技学院与西北农林科技大学我应该选哪个？？,想从政，去北京。想学术，去西北
如何评价西北农林科技大学2017年校运会？,大专院校的顶级盛会！
选西北农林科技大还是西北大学？,然而你去了重庆
在西北农林科技大学就读是怎样一番体验？,在西农待了5年~~~~我大动医的娃伤不起啊~~~不说废话，上图~~ ----------------------------------------------------------------------------------------------------------------------------------------  1 空气好，树木多。 大都很高的，草坪绿油油的，法国梧桐也很有情调。当年大学开学的时候，一进门，哇，整一森林啊。    2 北校8号楼  动医5年都是在北校上的，南校很少去。偌大的北校区里，更常去的是自习氛围很好的8号楼，印象深刻的是大一新生时候，自习是要考勤滴~~于是常常跟导员说感冒啦，躲着躲着不去上自习~~~然后一转眼到了大五考研的时候，天天整8号楼找座自习，最喜欢11点熄灯时的8号楼，从9层高的地方俯视整个西农，满满的满足感。    3 食堂里的小麻雀    无论是西区食堂还是东区食堂，都有我大西农小麻雀的飒爽英姿啊，它们一次次滴提醒我们，珍 惜粮食，从我西农学子做起~~~（虽然曾经无数次地想把它们烤来吃吃看来着…………^ ^）     4 旧旧的3号楼    最好最好的建筑啊，对我来说，最爱3号楼~~那个黄黄的“国立西北农林专科学校”简直酷呆了！！（就是要告诉大家，偶们就是农林啦）开学时候，曾经有学长说，3号楼墙上有抗战时候，国军与日军在墙体上留下的弹孔啊！！我找了半天，貌似只看到些坑坑洼洼的地方（近视眼%&gt;_&lt;%）。 记得08年来的时候，大学英语是在3号楼上的，老师很认真，学生很瞌睡~~~线性代数也是那儿上的，记得当时逃了不少课~~依稀昨日。给我上过课的老师都感觉很敬业，或幽默风趣，或面无表情，或大师风采，或长者风范。（依稀记得给我们上兽医拉丁语的李老师，简直是个老顽童~~）        5 田径场边的麦田  ~~毕业时，还专门狠狠滴在那逛了几圈！！（这片应该是试验田，我还生吃过夏天的小麦粒，很香~~）    6 喷泉广场边的椅子~~    这里经常有早读的学生，每次经过这里，去动医学院上实验课的时候，总是悄悄地，惭愧地走快点啊啊啊啊，在这待了5年，仅有两次来这早读（考试啦，背那该死的政治~~~）。喷泉广场经常举办各种活动啦，什么英语角啦，联谊啦之类的，也有赵洪章院士的雕像，花前月下，情侣们常常坐在赵院士前的石椅上感悟科学魅力，体会人生奥义！！     7 夜幕下的图书馆（背面）  西农的图书馆挺大的，每次一到图书馆，总能收拾自己贪玩的心，因为感觉图书馆是神圣的地方，在那儿也不能丢了我动医人的面儿，于是即使去玩玩，也能安安静静的拿些书来瞧瞧，然后，一下午就过去了（哈欠~~~图书馆的空调真爽啊~~~安静又凉爽，最适合来这里补眠啦~~~）     8 大田径场  大一时，我一直搞不懂，为嘛搞个大运动会，连观众也要考勤！！！下雨也不放过！！！！不到还要通报批评！！！这尼玛！！！（不过夜晚的田径场可以看看星空，可以陪陪妹纸散散心，谈谈人生~~~）     9 三号楼前的松树林  这儿简直是人间天堂，在这里背过政治，背过单词，被好多蚊子叮过！！不过秋天的时候真爽啊，一本杂志，一张石椅子，还有翩翩而过的妹纸，这才是人生啊！       毕业一年了，我还是超爱西农~~~~~~       PS:照片来自《西农视线》，侵删 ，感谢~~。 
有哪位西北农林科技大学的师兄师姐可以来指点我一下西北农大本科毕业生就业待遇及前景怎样？？谢了。？,不怎么样！基本没人要，去找工作都不好意思提自己说985
考研党，想考西北农林科技大学经管类的？,看来是我多虑了 天真的以为这学校会招不到人了就地解散 无论西农多水 都有学生报考 理解不能
西北农林科技大学的葡萄酒学院怎么样？,还可以吧。
去西北农林科技大学读经济学院怎么样？,谢邀。虽然作为西农学生应该说自己母校的无限好话，但是，客观来讲，在西农读经济就好比是在养猪场里面种花，非强势科目，容易被踩死。  非要学经济，建议还是去财经类学校。西农的经济也主要是农业经济，不是你想的高大上的那种。  如果想学养猪，另论。  
西北农林科技大学草业科学专业怎么样？,西北农林科技大学的葡萄与葡萄酒工程专业不但是国内第一而且亚洲第一，难道你不知道吗小编？
请问为什么在知乎上西北农林科技大学恶评如潮？,这大学除了曾经是985以外 一无是处 是野鸡大学  所以恶评如潮
本科是制药，想跨专业考研考风景园林，请问考西安建筑科技大学更有把握还是西北农林科技大学更有把握？, 先抛开你的自身条件不谈，西北农林科技大学（招生人数太少，学硕5人，专硕10+）比西安建筑科技大学（学硕13，专硕20+）把握要小一点，但是西安建科大作为老八校之一，这个考试难度也是毋庸置疑的。在结合你的自身情况，二本出身排除掉歧视这个因素，一年的时间让你从不相关的制药跨专业到风景园林，而且绘图功力还是停留在兴趣层面的，那么这两个985的院校基本上不可能的。所以只能给你推荐一个好一点的能够得上的学校，比如陕西的长安大学（211）这个学校招收7个1个推免，分数大概在255。还有山西太原理工大学（211），然后是贵州大学（211）学硕分数在310招5人，专硕在280.15人。相比较而言贵州大学是你最好的选择了。   
女生西北农林科技大学学什么专业好（除葡萄酒）？,勃学 自杀学 投胎学 形而上学   不行退学
西北农林科技大学什么专业好就业？,没有，赶快考出来。我们学院教授自己都说西农不好找工作，没有出路。
请综合分析一下，西北农林科技大学、兰州大学、东北大学、西南大学哪个更好？,首推东北大学，其次兰州大学。剩下两个，文科去西南，理工农去西北农林科技。 我本科就在西南读的免费师范，这个学校中规中矩，个人认为不是非常适合安静学习，热闹多了一点，而且西南地区的地方文化过于强势了些。
西北农林科技大学有哪些传说？灵异故事？,  难道没有人说这个  北校三号楼每天晚上十二点钟声一响，就会有一个白胡子老爷爷   出现在某个教室讲高数，据说当天晚上带着高数书去睡一觉   第二天就能保过的可怕传说
西北农林科技大学什么专业发展前景好，望详细回答！？,可以啊，好多人进来之前是没有兴趣的，兴趣是要培养的吗。 当然，我校水建好找工作，动医出科研成果，生命培养路线成熟，葡酒名声在外，食品就业很好，这些都是很好的选择。当然，你要是希望自己能吃得苦中苦欢迎来创新，哈哈。 我校的农业、林业都是老牌专业，非常有名气的。 当然，要知道在知乎这样一个吹捧天文贬低生物的地方，得出自己的判断是一个相对较难的事情。 前景？ 生物很有前景。 那么你去生命、动医、动科、创新、食品、葡酒都比较好。  我校本科毕业直接找工作感觉就业质量普遍不会很高，考虑深造的话，西农是优秀的桥梁。   毕竟是985，排名再低，劳资也是985。
西北农林科技大学葡萄酒学院想出国，但是大一上学期成绩不好是不是危险?,那你可以在后边几年努力把评论成绩提上来，国外对中国985高校要求的分数会低些，最好保持在80以上，你雅思成绩再高些也会增大你的录取率。
西北农林科技大和华中农业大学哪个学校的实力更强？,211华中农业实力远远高于985西北农林，你看看2012年教育部的学科排名和院士、千人、长江的数量就明白了
西北农林科技大学能不能进入双一流？,不會，  被放到b類   
为什么西北农林科技大学录取分这么低？, 因为西北农林科技大学是个老百姓放心的学校。 
西北农林科技大学都有哪些杰出校友？,劝退党 哪里惹到你啦 ？ 你知道我们有多努力吗？ 每天连续劝退25小时，没有节假日 都要把我气哭惹 
西北农林科技大学的宿舍、图书馆、操场、学风怎样呢？♬︎*(๑ºั╰︎╯︎ºั๑)♡︎？,  http://  mp.weixin.qq.com/s/RJD-  8zoSHs9MELAuf_YHiw        校官微发布了大西农的皂片哈哈哈哈  推荐大家看看 谢邀  -----------  作为呆了六年的小老西农，作为一个正宗的南方人（广西），刚上大一第一个月是不敢去澡堂的。后来被舍友拉去，慢慢习惯了。 我以前在东区住，东区宿舍没有单独卫生间，每层两个水房和卫生间，洗澡只能去澡堂。澡堂单独隔板。 南校澡堂也一样。            有单独卫浴的，前提是部分学院的女博士和男博士，也就是南校区21和22号楼。22号楼的男博士和留学生一栋楼，十几层高，中国学生在上面，留学生集中在1，2，3楼。    放心好了，澡堂还算可以。冬天晚上9:30不让进，夏天10点不让进。   宿舍问题。基本上所有的本科生都是六人间（有个别楼是四人间的，比如理学院男生？农学院大三大四女生？），硕士四人间，博士两人间。东区六人间以前是上床下床一个大桌子，有衣柜，空间挺大，现在不懂是不是了。西区和南校六人间是两个下铺四个上铺和六张书桌，外加六个衣柜，还有鞋架。但是南校的柜子好像比北校的小。本科生有的楼一楼是没有阳台的，研究生有的楼压根就没有阳台啊啊啊。 研究生宿舍就是上床下桌的类型了，衣柜一般大，桌子比本科的好多了。博士看情况，不同楼不一样。 尽管没有单独卫浴，但是冬天有暖气夏天有空调。这点在夏天还是可以满足的。   另外一点，Wi-Fi全校全覆盖。  说说图书馆。南北校各一个，南校更大点。设施很不错，也安静。学校有计划在北秀对面新建一个多功能图书馆，估计北校图书馆以后要留作藏书用了。   说说食堂。说实在的，我一向认为学校食堂口味偏重油水大，估计跟炒菜师傅的习惯有关。南校学生食堂（不包括一些小食堂，比如培训餐厅）有四个，南苑、苑中苑、调剂和清真餐厅。北校东区三号四号两个。西区有四个，就在西区超市上面。  说说操场。北校因为本科生较多很集中，所以操场也多。有小球馆，可以打羽毛球、网球、乒乓球、健美、器械等等，平常有的时候上课在里面，不上课的时候要收费。还有篮球馆排球馆。室外篮球场若干，网球场若干，小足球场若干，游泳池一个等等…… 南校就没有北校设施好，因为学生没有体育课了，但是也有操场、篮球场、网球场、乒乓球、羽毛球、排球等等。  本科生大一大二集中在北校上课，个别学院大三大四搬南校住。 学校的规划是，北校集中工科和理科？南校是农科和文科？（好像是，南校大门写的）所以学院的设置基本就是按照这个布局的。  至于学风，主要还是看人了。大学关键靠的是自觉。总体来看，西农的学风还是可以的，虽然没有大早上起床去图书馆排队（因为座位多哈哈哈哈），但是我感觉大家目的方向还是明确的。保研机会多、公派留学机会也多，就看你怎么争取了。  最后欢迎大家加入西农这个西北农林吃饭大学哈哈哈哈哈哈哈  加油哦！
中国矿业大学和西北农林科技大学比那个更好？,选西农吧
想考西北农林科技大学的研究生?,谢邀， 写在前面：本人西农在读大四狗一枚，因为保送外校，对保内，也就是保送到西农回答的不一定特别准确，还好我闺蜜是保内的，不足之处可以请  @gy兔子  来补充。 作为985211学校之列，乍听起来，西农保研似乎是一件很不容易的事，但多方考察后你就会了解，其实并没有很难。 下面来具体说说： 1.最基本的，你要符合保研资格吧，一般985211都要求， 1.1 你能拿到本校保外名额（意味着你在你们学校是比较优秀的第一梯队喽。） 1.2 四级通过或者六级通过 （很有意思的是，西农本校学生的保研资格里必须六级通过，但去年所招收的外校保研学生四级通过就可以了。）  1.3 有一定科研经历（对于某些院校，这是硬件，那意味着你必须做出过一定科研成果才可以，但大多数是软件，意味着你只要对科研感兴趣就好了，西农便是其中之一。） 1.4 985211学校学生优先考虑  （以上参考了我保送到中山医的经验）   保研过程：（以2014年动物科技学院保研过程为例） 1.9月份的笔试（专业课+英语） 2.9月底-10月初的面试 为了外地学生方便，这两项事放在一天进行的。  当然不同专业之间还有差异，总体来讲，西农保研考研都比较容易，这个原因就很多了，具体可以参考我的另一个答案 在西北农林科技大学就读是怎样一番体验？ - 孙佳慧的回答   现在保研政策的改变，意味着几乎每所高校都无法留下本校最优秀的生源，相对而言，外校学生想进来就会比过去更容易。  先写到这里，准备起床。。。 加油！ --------------------------------------------分割线--------------------------------------------------------------------------  @讽刺与悲哀  应提问者要求，下面重点说一下考研到西农：  首先申明，因为本人没有参加过研究生考试，所以可能某些地方说的不到位，见谅！  我的舍友中有3位保研（包括本人在内），两人考研并考上，一人因休学一年现在大三。五个大四狗中，考研的两位都考的本校。 在我周围这些考研到本校的同学中，层次不一，专业也不相同。 所谓层次，就是本科学习表现和侧重不同。像我舍友这种就属于安心学习，没挂科，无不良表现，成绩一般，但考研时比较下工夫，所以笔试成绩都不错，面试也很顺利，当然这和本校学生有关吧。还有的就是热衷于学院工作，虽然学习差点，本科绩点低，但能力比较强，考研也比较努力，笔试成绩不错，考的是专硕，面试也顺利通过。 针对外校学生，听说今年复试刷下来的很少，而且是因为复试中有卷面考试环节不合格造成的。 所以，你就安啦， 只要你的笔试成绩没问题，本科期间的绩点不是问题 ，我们学院还有老师都招不到学生的说，不要过于担心了。 不过还得补充一点就是， 那些大牛的老师还是不好考 ，这得靠自己努力了。
西北农林科技大学的计算机或者软件工程保研百分比多少？,建议复读 末流985不建议去  末流211。。。。 更不建议
西北农林科技大学大一新生住宿条件如何？,烂，没洗澡的地方，住宿的屋子里面蟑螂老鼠居多！跟动物世界一样！
西北农林科技大学机械类新生，由于考差了，想回去复读，该不该回去复读？,强烈建议复读！相信你来年一定能上一个好学校！
西安交通大学、西北工业大学@_MARK_BY_ZHSEARCH_@西北大学、西北农林科技大学、西安电子科技大学、 陕西师范大学、 长安大学、西安理工大学 、西安建筑科技大学、西安科技大学这些大学那些专业毕业后好找工作？,我是西电的，首先说一下西电。  西电的就业率比较不错，一直以来都居于西北地区的就业率的前列。不过我想大家关注的可能不是学校的就业率，应该更关注毕业后能不能找到一份比较好的工作。  通信类硬件类：西电的通信工程居于全国第二， 嫦娥计划五个总工程师三个是西电的；  中国移动总工程师西电毕业的 。例子太多了，就不说了。 作为西电的王牌专业，很  多人将西电的通信工程作为首选。 那么西电的通信工程毕业之后可以去哪呢？华为中兴是比较不错的选择吧。华为最低工资月薪九千，中兴八千。而且最近物联网以及智能设备非常的火热，将来这方面专业的就业比较看好。  计算机类软件类：程序员在这个行业内是非常受欢迎的，很多大牛到BAT，360，金山，58同城，赶集网，年薪20W+以上的不在少数。因此， 西电的计算机科学  与技术，软件工  程，都是非常不错的选择 。程序员并不屌丝，只是将屌丝作为了一种生活方式。  再来说说软环境。个人觉得交大的软实力还是非常不错的，培养了周鸿祎这样的牛人，我去过交大，感觉确实是西北所有的大学的标杆，自由宽松的、重视实践的氛围，是值得每一个学校去学习的，交大大部分专业都是非常棒的，关键是一个好的氛围，因此， 报考交大的各种理工科专业都比较好找工作。 再者，很多公司来西北地区招聘，往往只招交大、西电、以及西工大的学生，招聘会直接在交大或者是西电举办。  当然啦，西电也在努力中。比如 腾讯联合创始人曾李青，西电毕业的，文件大师、  每日瑜伽多个移动互联网产品的创始人或者是联合创始人，西电的 。当然了，现在在西电正在创业的慕声耳机团队以及多个互联网团队，都是非常不错的，我们看到了西电在这方面的努力，我们也看到了西电学生的努力。  清华的学生从一开始就自认为是社会精英，可以做大的事情，而我们西北地区学校的学生，大部分都在想着以后要考研，要做技术。 希望之后的我们，九零后的我们，能够展示我们的青春活力，有自己的想法，有自己喜欢的事情。 然后在校期间能够做点事情出来，让自己真正牛逼起来。
西北农林科技大学中拖学校后腿的一大部分老教师为什么不退休呢？,推荐引入一个淘汰机制，年经费少于20万的博导，降级为硕导，少于10万，取消招生资格，转教学岗，教学岗评估五年内没有取得优秀，转本科实验岗，再不行去当门卫
西北农林科技大学的生命科学学院怎么样？在校内的地位如何？,很尴尬。其他大院(农林植保动)都有自己一套生科体系。
招聘公司如何看待西北农林科技大学的毕业生？,只要之前有校友去过，基本上就能得到认可。一个广西的妹子，当年去了一个国企，今年他们单位招聘在西北地区只去了一所学校，西农……
西北农林科技大学的水利水电怎么样，好就业吗？,10级水利水电工程专业本科毕业生。 男生本科毕业后可以去施工单位，前3-5年在工地好好呆着，慢慢做经理，继续后续发展，经验值暴涨；女生少有去施工单位的。 本科毕业后去设计院，一般都不太好的设计院，好的没有关系进不去，肯定进不去，跳槽的略多，看看能不能接受加班、短时间的很忙状态。 公务员，水利专业的少。 事业单位，没有具体的事情可干。 他们上了研究生的还没有毕业，不太知道。 欢迎大家补充指正。我要长见识！
考研党求问：西北农林科技大学和河海大学的水工专业哪个好一点？,肯定是河海 没得比
西北农林科技大学和浙江大学该怎么选择？,专科现在就业也是很不错的，而且西农是专科传统强校，学习插秧技术 收割研究 农药喷洒。相比浙大这种普通三本，优势明显。 不过还是建议题主，复读一年，努力考蓝翔吧，重本才是王道啊。
西北农林科技大学和南昌大学哪个更好？,果断西农啊 性价比高 2014年浙江高考报遍全国的211 第一志愿是南昌大学（差几分没录上 第二志愿是西农 虽然离我家远了点 现在想想蛮开心的
报考西北农林科技大学还是北京中国矿业大学？,云南大学  苏州大学  上海大学  北邮宏福 兰州大学 东北大学 郑州大学  吉林大学  以上排名不分先后  你这个分数有点低 自己看一下这几所学校在你所在省份的分数 如果能上比你说的那两所要好
西北农林科技大学每年有多少学生意外死亡？,1.刘强东出身农村，能考上人大这层次的学校，势必非常努力爱学习，农村娃要学习刘强东的好学精神，努力考上名校 2.刘强东到人大后发现自己的专业社会学没前途(准确的说毕业后不赚钱)，就自学宇宙机并且在本科就卖了软件赚了钱，农村娃要学习刘强东的这种能识别社会大势的能力。要明白，自己上学就是为了能有个好出路，能赚钱养家。 3.刘强东大学自学宇宙机的同时还能找了个女朋友，可见他的口才很不错，农村娃要学习学习 4.刘强东大四的时候把自己大学期间赚的将近20万开饭馆，最后赔了，但可以看出刘强东的商业意识，农村娃要学习学习 5.大学毕业后刘强东回家了一阵，最后又重返中关村，不顾家人反对摆摊卖光盘，可见刘强东很有主见，农村娃要学习学习 6.刘强东25岁时已经有几百万的收入，放在现在也是牛逼的存在，能不学习刘强东？ 7.刘强东能把公司做这么大，在商战中一步步崭露头角，也需要学习 8.刘强东有钱了娶了奶茶妹，深刻地告诉农村娃，要努力赚钱，走上社会上层，有能力的男人是不缺女人的 男儿当学刘强东，抱得奶茶入怀中          主要原因还是他没学伪生化
考研调剂到西北农林科技大学计算机…？,西农985超级好 就业比北邮这种211不知道高到哪里去了 快来啊
西北农林科技大学17年是否还值得报考？,别小看西农好嘛。？你要是分数高，你会考虑西农？你要分数低，上不了其它985，那你西农也别来了。因为你也上不了!!! 西农作为西部高校中的农业类重本。双一流？你猜西农会不会在双一流范围内？
浙江工业大学和西北农林科技大学怎么选？,确实你选择西北农林科技大学的话对你以后深造有好处。学校再不济也是985，保研名额也是多的。这是双非学校没法比的，讲真，要自己考研真的真的很累。。。经历过一次真的不想经历第二次。哎。不过浙工大在杭州，地方真的不错，而且学校实力也不会比西北农林差到哪里去。关键是西北农林的专业……感觉有点那啥……
2016河北618分可以选西北农林科技大学吗？,是理科
如何评价西北农林科技大学?,校友。学校本科教育不强，氛围不错，但是素质一直上不去，教师队伍大多爱钻牛角尖，比较平庸，当然，大咖也不少，总体来说老师脾气都比较温顺，教授都比较牛。研究生，博士素质在全国专业领域能够排得上名。素质相当不错。行政化严重，学校管的比较紧。与世隔绝，但又比较浮躁。
想考研到西北农林科技大学，不知道该选哪个专业？,西农最好的专业是植物保护，而且这个专业的分数不是特别高，每年好多园艺和林学的会考这个专业
