家庭变故，父亲赌博跑路…留下债务…债务人打电话给远在西北上大学的我…现在父母都联系不上怎么办？,真的我现在很不知所措…感觉下一年的学费都没办法付了…父母丢下我…我自力更生能力不足怎么办…但是还是在宿舍忍住不能哭…
西北大学历史基地班都学些什么？,16级新生来说说吧  高数只在大一第一学期学  其他的就是中国史 世界史  拿中国史举例 最开始一从周到清串一遍 随后会在高年级时 进行专题学习 如隋唐史专题之类的  其余的 基地班就是啥都学 中国思想史  宗教史什么的 都有  我也才上大一啦 只能给你这么一点讯息  具体的还有什么想了解的嘞
西北大学重建医学院之路还有多远？, 这件事，我觉得是省政府脑子不清。  直接把西安医学院给西大，省人民医院直接给西大当附属医院。  弄什么西北医科大学，听着都土土的， 
西北工业大学有哪些好老师？,马静老师，教英语的老师 我本科期间遇到的最好的老师，没有之一 虽然她年纪并不大，可是同学们还是亲切地叫她马奶奶 真的是真心实意的为学生着想，给学生提供各种各样的机会，让同学们的英语水平得到了极大的提高。 而且，为人非常和蔼可亲。总之我从来没听人说过马老师有哪点不好，从来没有。 感觉最好，最感激的，就是她啦。 谢谢您，马奶奶~
如何评价西北工业大学张炜书记？,也许装空调 ---------------------------------------- 已经发现其形式主义和官僚主义 悲哀啊~
西北大学读研是怎样的体验？,之前忘了说专业是信科院的计算机  今年8.29来学校报到，9.5上课，之间开了大概三次会，都是那些入学教育什么的…  不知道其他学校研究生上课发书不…反正西大不发   ——————1.25———————— 一学期过去了，更新一下！ 研究生上课就那样吧，捡自己喜欢的上就行，但是要保证不要挂科！西大有免费的托福，雅思培训班，雅思过6.5，托福过95报名费全部报销…  之前听学长说的选错导师毁一生虽说有些夸张，但是有些实验室干过是不会给你辛苦费的，有些实验室要求打卡考核，有些是按劳分配…总之，选导师前多打听打听，选择自己感兴趣的就好！
关于王宝强发文妻子马蓉出轨一事，作为母校的西北大学你怎么看？？？,正宗西大校花 正宗西大校草  校花？马蓉也配？
如何看待西北工业大学6月10日晚一博士生坠楼身亡？,庸夫之怒，免冠徒跣，以头抢地；士之怒，伏尸二人，流血五步。
怎样评价西北工业大学，工业设计专业？, 任何一个有判断力的人都能分辨出喷子、黑子和正常人。本人西工大本科，一同学就是工业设计专业的，交流发现工业设计优秀的人很多，同学都个性十足，老师专业水平也不错。说实话作为西工大本科，从来没有哪个课程专门来学习使用软件的，这些应用型的东西完全就需要自己学习，图书馆那么多资源为何不去利用？学校提供了很多平台，如果你充分利用了这些平台，站在这些平台上说不好，我无话可说。如果你连平台都不知道是什么而单纯的怪学校，那只能说你这个同学自身存在问题。 
西北政法大学可以换宿舍吗？,现在回答是不是有些晚了...我看不到你什么时候发的... 可以换。我大二就换了。找导员院长签字。再送去宿管科改一下电脑里的名字。宿管主任会给楼管打招呼的。其实不麻烦。我一天下午就办好了。前提是院长导员都在的情况下....院长也是看见就签字了...
是什么导致西北农林科技大学如此差劲？,5月8日补充：题主的知乎提问只有三条，全是黑西农的，他的回答也多是如此。是什么样的事才会让题主如此执着于黑西农呢？题主你把事摆出来，大家都明白地看看，也省得和你无理由撕逼了。这种戾气十足的问题知乎上太多了，都在败坏知乎社群的交流气氛。        原文：1.这种强烈主观恶意的问题在贵乎不多见，我想题主必有备而来。然而展开问题，发现说明寥寥数语，从第一句开始就是百度之流可以推翻的。  2.一所学校烂不烂是有标准的，标准自在题主心中。自己想一想你对好学校的标准是什么？是人才队伍还是排名、知名度？你这样简单地说某学校烂吗？和地域歧视、性别歧视有什么区别？  3.我上学一年来，发现限制学生的最大因素并不是学校的实力（C9及以上当我没说），而是学生本来的性格、态度和知识技能储备。你觉得某校烂，可能是你自己的问题。  4.西农是很有争议的学校，然而观看网上的讨伐吐槽文帖，无非是地域、历史、定位等等（武断的说，一个能打的都没有），我想你也在此列。
西北大学是名校吗？,补充： 装空调了，学校一切都在变好。这一年遇到了自己最喜欢的老师。西大的优势在于其教师资源和学术能力。希望越来越好  一所各方面衰退，渐渐烂到骨子里的大学  ●校史  西大在宣传时。总爱拿自己悠久的历史来作为宣传手段。诚然，作为陕西高校之祖，西大曾有辉煌的过去。但历史终究是历史，如今的西大，无论在哪一个高校排行榜上都在大踏步地走下坡路。西大总爱拿王岐山，张维迎，贾平凹等几个优秀校友出来宣传，然而缺没有一个年轻人。既可悲，又可笑。  ●学术风气 西大总爱标榜自己与世无争，专心学术。然而，西大本科就读的看到的却是，一个班里真正潜下心来学习的寥寥数人。逃课是常态，考试作弊比比皆是监考也视而不见，一个班三分之一的人都挂科。各专业学术排名基本都在下降。   ●校风 以“公诚勤朴”为校训的西大。总爱标榜自己校园风气正。然而在我看来此校实是官僚主义渗透到骨子里的一所学校。 比如西大人都知道的训操，其实质上是广播操比赛，然而有的院系竟将其视为“头等大事”。在比赛前一个月就开始选人，威逼利诱学生来参加。本是以“锻炼身体”为目的的广播操也变了味，训练时讲每个动作分解开来，侧平举每天至少40分钟。赛前几周，参赛队员禁止洗澡，原因竟是为了保持肌肉的紧绷？！赛前2周有的院系的参赛队员也被强制要求停课训练，那2周所有队员们每天的生活只有广播操训练。诚然，他们讲广播操做到了极致，然而也只是为了吃苦而吃苦，为了学校的行政要求而训练？最终还会被赋予一番本不存在的意义，来自我感动。 训操只是西大官僚风气的冰山一角。强制勒令参加各种活动（包括给赞助商拉人数的活动），导员堵在活动现场门口叫人签到。这几年也没少见。此处不具体谈。  ●物质条件 再谈谈西大的物质条件。由于是省属大学，西大的经费一直捉襟见肘。宿舍教学楼皆无空调，一到夏天，教室像蒸笼一样。由于教室闷热不堪，往往夏季的课都提前下课，对教学质量影响甚大。 每到考验学校基础设施建设的时候，西大都会暴露其不足。无论是选课，还是到15级开始的选宿舍，西大的网络总会瘫痪。每年到了5月份，由于用电负荷，学校总会面临一次大规模的停电。缺乏经费，基础设施的落后，对学校的学术研究也有着极大的限制。   ●综合看法 客观的讲，西大有着一批优秀负责的教师，和一批上进的学生。然而力量弱小，无法挽就西大的颓势。更多的是安于现状，沉浸于光辉历史而缺乏反思的人。长此以往，西大终将衰落不止。
有人在西北大学读MPM吗？能说说感受吗？, 第一次写知乎，人生地不熟，求不喷。  ---------------------------------------------------------------------  1.地理位置：  Evanston，芝加哥卫星城， 楼主心很大，申请的时候并没有好好看地图，导致后来得到offer的学校不是party嗨翻天的佛罗里达，就是被玉米地围绕的普渡，或者传说有生命危险的佐治亚，和南加州（不过都是传说，并没有真正去感受过）。总的来说我感觉西北的地理位置算相对较好的，校园临近密歇根湖，湖岸是西北旅游圣地“石头一条街”，远远能看到阳光下闪着神圣金光的Chicago， 风景绝对美美哒，反正我德州，纽约的同学来看我都表示很喜欢西北。—。— 去芝加哥downtown比较方便的，即可以选择Evanston 和Chicago校区的intercampus校车（学生卡免费坐），也可以坐地铁和火车～，～，有车的土豪同学们当然更方便啦，分分钟当个城里人，坐地铁45分钟左右吧，开车30分钟左右。我觉得Evanston像Chicago富裕的后花园，可能你经常听到芝加哥又牺牲了多少兄弟，不过基本和Evanston无关。  先po几张湖边美图，iphone拍的，不要嫌弃              2.天气  芝加哥大家知道的，wind city，在这里你的确不用考虑发型这个问题，一出门就瞬间美美哒-，-，下雨的时候北风那个吹呀，我从国内带的小洋伞直接被吹弯，幸好这儿不常下雨，要不然只能穿雨衣了。  芝加哥大家也知道，是出了名的冷，据说零下20度也是常有的事。不过说实话，据我去年体验，真的可以说还好，感觉比我家（南方）暖和？？因为可以出门套上羽绒服，进屋就是暖气，又可以美美哒啦，所以我可以说非常适应，而且原来几乎没怎么看过❄，所以没见过市面的我一看到下❄就要出去溜几圈，哈哈哈。夏天的芝加哥简直是天堂，6月到9月，刚好是放假的时候，20多度，风景迷人。  再po一张去年雪很大的一天。      3.课程  我相信如果你打算报考这个专业，或者已经录取这个专业，已经在网上看到了很多关于这个专业的帖子的，传说中的名校水专业，我现在来说说我读了一年的真切感受。  首先，如果你选了mpm，你必须认识这两个人， Ray Krizek，Ahmad Hadavi           而且你的录取结果就基本上掌握在了上图两位大佬 手上了。其实长期接触会发现他们真的非常和蔼可亲，对国际学生也很有耐心，如果真的对自己的成绩没有信心，又非常想来，我觉得可以采取直接去他们办公室，或者发邮件骚扰他们，据说这种方法对国外老师都很有效   专业一共有五个方向，(2) A/E/C Business Management  (2) Construction Management (3) Real Estate Development (4) Sustainability (5) Transportation Management. 可根据你本科的专业来选择方向，录取之后还可以改方向，每个方向会有不同的必修课，总的来说选择CM和A/E/C的同学最多，CM必修课最多，课程强度最大， A/E/C必修课较少，选课余地多，Sustainability 和transportation我们这届分别只有2和3人，我认为在课堂上表达和讨论机会最多，可以得到很多小班制教学的机会，所以怎么选择可以自己衡量。  来一个cm课表      我来之前也查了很多关于mpm的说法，最多的就是说水，也没有人给我说怎么水，当时在知乎，一亩三分地都问了很多人的意见，最后还是放弃了佐治亚的土木，来了mpm。首先现在我们同学中很多是工作了才来读书的，也有很多是part-time，边上课边工作的，所以你要说学业压力很重，每天让人熬夜写作业是不可能的，因为很多人有家庭有孩子，这个学习对于他们来说是继续教育，所以我觉得整个课程设置偏实践为主，我的方向是cm，课程主要就是围绕未来怎么解决各种工作问题展开，我觉得对于没有工作经验的学生的确非常吃亏，感觉工作过的同学对付这些问题信手拈来，所以整个课程设置更加偏向有工作经验，甚至有10年以上工作经验的人。在录取要求里也说明工作经验很重要，但你们知道中国这个情况，大家都愿意先读书后就业，美国学校的确也有圈钱嫌疑，所以大量招收了中国的没有工作经验的同学，所以就导致了很多人对这种实践型教育的不适应。而且我发现大部分课程要求大量阅读，很多同学并不会真正去读，导致上课跟不上，然后就疑惑老师到底讲的什么。。。再加上考试真的不难，相对于在国内需要大量记忆来说，我来美国就再也没有背过书，所以大部分都是理解记忆，想要得一个看得过去的成绩的确可以临时抱佛脚。但是没有阅读，没有听课，缺失的部分也可想而知了，然后弱弱地抛下一句：真。的。很。水。是不是对自己和他人都有点不负责任呢？  这里着重讲一下 交叉选课 ，我们专业是可以选择其他专业的课的，包括其他学院的课，比如西北最牛的kelloge商学院，和medill传媒学院。 KELLOGE 的课是会每学期提前放出，放出的课是面对全校师生的，选课是发给我门系的主管老师，他们代选，关于课的质量，我没有上过，不太清楚，但是听其他同学说主要还是听个兴趣，很难真正入门，毕竟kelloge大牛太多，商学的课专业词汇也不少，要选的话，介意可以提前联系老师找找相关书籍来看。其次说我选过的 MEDILL （imc）的课，我唯一选的两门外院的课都是imc的，一门content marketing and communication， 一门integration mmanagement，感受怎么样？我觉得非常值呀，他们要求的阅读量会比较大，大概是3周一本，并且上课要和老师讨论，下课要写文章这种，和工科的学习方法完全不同，竟然让我觉得非常有意思，有兴趣的同学也可以多了解，选medill的课需要自己去找相关课程和老师，问老师是否同意你进入他的课程，然后对方学院帮你选课。当然你对cs，ce，或者对其他课程感兴趣都可以去联系对方学院老师，MPM选课真的放得非常开，因为我知道有其他专业的同学只能选一门非本院的课程。然后是大家关心的怎么教学费，选外院课不会增加学费（我选medill的课比他们学生便宜，以为我是按照我们专业一学分来交钱的），required credit是12分，必修课上完，凑满12学分即可。  4.同学  又一个都会问到的问题：中国人占多少？我真的给不了一个定数，每堂课流动性很大，但是本专业每堂课都在半数以上，非中国同学很多也是来自于中东，欧洲，和南美，相对来说美国本土同学比较少，而且大多数是part-time。其实这个现象不仅在西北mpm，在其他和建筑土木有关的专业也会比较常见，毕竟美国建筑行业现在属于一个十分平稳的时期了，需求不算大，所以学这个专业的人也比较少。同学中有工作经验的可以占到40%左右吧，有十年以上工作经验的也不少，有家里面就是开建筑公司的本地人，也有我们非常优秀已经参与过上海迪士尼项目的中国小哥哥，所以如果有机会多和身边的大神学习，还是很有作用的。  男女比例：我感觉差不多是1:1，单身的小朋友来了想找对象的话会发现哈哈。。。好多都有对象，而且还有好多同学已经拖家带口，不过我们mpm还是成了好几对，要有信心啦～  4.业余活动  西北靠湖，所以有非常多的水上运动，爱水的同学是有福气了，夏天可以学帆船，帆板，冲浪，还可以在湖滩游泳，看看夕阳，非常美丽（帆船课程西北学生价300刀）。秋天，北上北密看枫叶呀。冬天在norris center 和芝加哥城中心“大豆子”下面可以滑真冰，可以去附近滑雪场滑雪。西北剧院不定期会有表演，学生票8刀非常便宜，还有足球，棒球比赛，多关注学校发的邮件，里面会有很多有趣的活动，不要错过啦～  西北的健身房游泳池非常棒，对于我这种喜欢游泳的人来说简直是福音，一周去两次妥妥的，游泳池是恒温的，一年四季不间断开  5.花费  我们2016级学校给出的参考花费是tuition $50568 ($4214*12) + living expenses $ 17393  实际状况是，花费真的因人而异，$50568学费和$3900/year保险费是固定之外，平时花费就是灵活的，我现在房租是$700／m，属于中间水平，同学住e2，park evanson，evanston place等高档公寓有达到每月人均$1500-$2000的，也有住其他的house和apartment $500左右的，每月生活费，没有车的情况下我平均每个月$900左右，当然到了女生要买包，买衣服的时候就会多一些。  6.公派／其他奖学金  我发这个帖子的时候，还在纠结选校，结果2016年5月的时候非常意外的被国家公派砸中了，国家资助20万人民币左右，我申请的时候是最后一天申请的，是一位佐治亚理工土木的同学告诉我的，虽然最后没能去，我还是非常感谢git能看得起我给我offer， 并且还让我遇到这么好的一位同学，愿意共享信息。按照我的成绩条件应该是可以申请全免的，但是申请的时候的确啥都不懂，临时提交表格资料，所以就只填了生活费，所以有同学之后想申请公派的话可以多关注csc，也可以留言问我，但是公派也有很多限制条件，最好先行了解清楚，不要像我稀里糊涂就申请了。  其他奖学金：在西北的时候申请了一个cmma的奖学金，是一个芝加哥当地组织提供的，也是我们这一年专业推的唯一一个奖学金，我和另一位同学都拿了，钱很少，主要为了荣誉。  不知道你们现在对西北mpm是不是更了解了，想到那儿写到那儿，都是干货，没有文笔，请见谅。 
西北大学的2017年中外合作（电子信息工程）怎么样？,  山东省实验中学的可以加一下啦
你在西北政法大学体会到了哪些感动之处？,贾大大也要走了，舍不得呀     ～～～～～～～～～～～～～～～～～～～～   贾大大给我们前天上课，这样说的: 你看看人家西交 一年十多个亿啊！ 你看看咱们 盘子里才四个亿！ 四个亿就不错了！ 然后手一展 两个亿已经没了，装空调了，我在去年毕业典礼上给他们说现在学校还有许多不足的地方，但是你们会看到的，我会一点一点的改进，这不今年就开始装空调了吗 然后对我们说，你们也会看到学校一点一点的改进的 最后在下课的时候说了一句，我们已经老了，你们还年轻，未来是你们的！     虽然我才大一，但是我喜欢这样的校长，也会喜欢这学校的！  
西北大学的妹子是不是比西安外国语的妹子好看呢？,没有，夏天到了
美国西北大学和 BIC@CMU 硕士项目那个更值得去？,西北不了解，只知道牌子在国内还不错。客观说下BIC的优劣：  Pros： 1. 靠着CMU的牌子，面试刷刷拿。有些编程一般的同学也能拿到FLAG的面试。但是学校牌子只能帮你拿到面试，之后过不过就完全看个人了。 2.  浓厚的找工作氛围，在系主任的push下周围同学都在拼命刷题投简历。 3. 不想做纯码农，想转data science的同学值得考虑。但我感觉想找个好点的data science工作还是得phd才行。  Cons 1. 坑爹课是挺多，而且以后貌似不能自己随意选本科课了。不过我表示可以接受。想想自己的本科课程，除了算法操作系统等几门，剩下的也基本啥都没学到。BIC基本能保证每学期一到两门不错的课，我觉得足够了，剩下的课当成刷GPA的就行，不用认真。 2. 中国人太多。。。练口语很成问题。 3. 学费太TM贵了！只能心中默念找到好工作就能挣回来  先写这么多，想到再补充
西北有哪些大学分数比较低？,哪个学校分数低我不清楚，我们专业（生物科学）往那边考的大多是西北农林科技大学
两个问题：1、普渡大学西拉法叶校区和普渡大学西北校区有什么区别？2、下图海报所示靠谱不？,你好，普渡大学的话前100名的只有西拉法叶校区，别的校区虽然也叫做普渡大学，但是不一样的。就如同密歇根大学只有安娜堡校区是名校，北克罗来纳大学只有教堂山校区是名校，而威斯康星大学最好的是麦迪逊。
如何评价知乎上纷纷对西北农林科技大学这个伪985展开无情嘲讽的现象？,越是嘲讽 西农就越有存在感  现在西农学生太膨胀了 以为自己很成功 不存在的 是假的 是特技 宇宙top1也是特技 根本没有经过几百个教授一致通过 不可能的
中国西北大学有希望进入双一流高校建设名单吗？,只有一流的学科，一流高校还是个奋斗的目标。 回归部属简直看不到希望，毕竟全国那么多省还没有一所部属高校呢。 生源质量还有待提高，学习氛围略差，西大女生普遍优秀于男生。 老师很优秀，学生不给力，老师只能在学校搞科研，学生出去就是学校的招牌，招牌不给力，就业不给力，生源不给力，各种疲软。 要成为一流高校，重视本科教学事另一条腿，不能瘸。
不考虑专业了，都是压线进，苏州大学 兰州大学 东北大学 西北农林去哪个？,选择苏州大学，不考虑专业的情况下，高校所在地成为了重要因素，高校所在地城市的经济发展水平，可获得资源（如实习就业机会）等，这些是经济发展水平差的城市所不能提供的。另外，比较这四所高校，提档线差不多，论学科实力，东北大学的工科和兰州大学文理学科不错，东北大学在沈阳，现在东北经济正处于衰退期，兰州大学地处西北，各方面环境差些，西北农林科技大学地处陕西杨凌，属于县级市，农学大类专业就业比较差，该校属于照顾性985高校。苏州大学地处苏州，经济发达，实习和就业机会多，可获得资源多，这些都是另外三所985高校没有的。
在西北民族大学就读是怎样一种体验？,补充一下  第一点 有人觉得我小题大做 有人觉得我五十步笑一百步 不管你们怎样说我也都只是表达我的看法 当然每个人都有评论的权利 不要再问我什么什么 为什么什么的 关你屁事啊 不爱看就不看 你考的高你牛逼你还来这个学校  下面的回答没有带什么个人情绪 这些感受是我这几年慢慢体会出来的 第二点 我一句都没有讲过少数民族同学的不好 确实很多热心肠的好同学 不论民族的 再说了就算有我根本不敢讲好吗！活着不好吗！ （这也是匿名原因）   很多高三党来问要不要来这个学校之类的 趁你们都还没有填志愿想告诉你萌 能不来就不来吧求你们了 现在想想哪怕家门口读个本三过的也比现在色意 不是建议大家把地域作为填报志愿的标准 而是 地域能很大程度的影响你 久而久之 你竟然会产生自己就属于这里的那种错觉 自以为大学里最可怕的莫过于这种温水煮青蛙的舒适感了  答主有同学在魔都很好的学校  她说她最大的感受就是  看见那些生活的很好的人 自己也真的很想成为那种人 要努力成为那种人  民大榆中偏僻又闭塞 很大程度上就限制了你的眼界  像我们文科专业的 榆中这个破地方根本找不到兼职 门口七块钱一小时的蜜雪冰城你愿意去吗 别的专业我不知道 在我们院 学校的讲座全强制参加的就算了还没有一点营养 好在下学期大四狗根本不在意这些也就不去任何没意思的讲座了 学校好处也不是没有 硬件是还可以不过就是分分钟停水停电 浴室开门时间看心情 去门口洗澡远的一逼还有人偷拍（我感觉浴室这个南方旁友都有同感吧） 汉族来这不成穆斯林黑的概率还是蛮小的 其他的说多了也怕被喷 毕竟好多人蜜汁优越感 实在要来了就努力做到比别人更不怕一个人独处 实在要来了大一转专业还很容易 实在要来了多去参加活动 多去参加比赛 你的世界很大千千万万不要被眼前的圈子圈死 别像我这样下学期大四了悔的一逼 为什么有人说我在黑我们学校啊 简直（lai）一（dou）派（lai）胡（le）言（you）啊（bu）我（neng）很（zou）爱我们学校的！  /  以下原答案（不定期上图） 门口占国牛肉面好好吃 一碗六块钱  后门鸡公煲好吃  江浙沪来的 榆中地区偏远进城要过山洞    小黄车也还是有的就是损耗率高   女生宿舍后面还有一个小操场 可以夜跑什么的      学校很多可爱的狗狗       以上三图为学校周边哈哈哈哈哈 本部虽离市区近但是条件差 今年大二 仍然不能习惯北方气候 干燥 ＃ 资金充足为事实 为民委直属  花枯了树萎了砖掉了立马翻新重建  图书馆土豪气息十足  大一人人有奖学金  我们班是每人至少一千（这个也老有人问 我们班一共20个人 不信拉倒） 别的班不知道   榆中的云很好看的ᙏ̤̫      ↑上图女生宿舍 有电梯↓ 女生除了一号楼是四人间 其余都是六人间 男生好像都是四人间 男女宿舍都是上下铺 （预科布吉岛）    男生宿舍楼下这花每年开的时候好瘆人 每个食堂都还是有好吃的东西的  大众三的早饭（这个食堂的豆浆是全校最好喝的！）  之前食堂吃的竹筒饭↑   南方人表白暖气片(•ૢ⚈͒⌄⚈͒•ૢ) 但是 因为是民族类学校的原因  学术气氛十分淡薄 每天晚上确实灯火通明  但全是民族特色活动 唱歌跳舞之类 没有黑的意思单纯描述事实：） ＃ 牛肉面只要两块五一碗  便宜也是因为补贴多 ＃ 隔壁是兰大去过好几次 每次去路上都没什么人 尤其夜晚更加安静 因为学霸们都在图书馆或者宿舍学习 都不出来玩的呦 路边上的贴满了各种讲座各种论坛资料 专业老师告诉我们民大的老师每年没有科研指标 不像隔壁兰大学术气氛特别浓（毕竟985这不是放屁吗。。。）还说我们学校晚上就像马戏团 2333333333  这也是民大只能就这样的原因之一 而且还是民族类的大学 但是这两所大学地方都不好 在榆中县 整个县都是靠这两所大学在养 没记错兰州安宁区有高校区 那里条件比较好 ＃ 社团很low 足球队很厉害  毕竟少数民族同学体育很棒呦 ＃ 学的外语专业 对这里的教学十分失望 别的专业不知道 阿语比较好 但是英语甚至没有我初高中老师教的好 来了这里才发现教育资源居然在我国分布的乳齿不平衡(ಥ_ಥ) （老有人评论我说我要是这么厉害还来这个学校之类的 就回复一句 关你屁事？这根本不是贬低全院老师的意思 我也有很喜欢的老师 不过好老师真心不多） 但是！大学还是自学为主靠自己对吧！ ＃ 另外！江浙沪来的表示没有老乡！ 很孤单！！(ಥ_ಥ) ＃ 此刻我坐在四院部的教室里做dictation 可是四院部后面的下沉广场音响里的我从草原来已经响彻了半个校园：） ＃ 就酱 欢迎提问
如何评价2016年西北工业大学录取通知书的设计？,刚好看到自己感兴趣的问题，认真答一下吧。 －－－－－－－－－－－－－－－－－－－－ 讲道理，设计中庸，没有出彩或者吸引我的地方。 作为一个设计爱好者，简单讲讲自己的理解吧。 题主在招办公众号上找的图不够清晰，我找学弟拍了两张稍清楚一点的图，预处理做了白平衡（正面为了看清底纹白平衡没取到纯白）和马赛克。     一、总体来看  这份设计属于那种一看就知道是录取通知书的样子。这正是我说中庸的原因，大众脸，扔进一打各校录取通知书里就傻傻分不清了。正面和背面的设计缺乏呼应，即找不到相同的设计元素，这完全可以是两张没有关系的纸。  二、配色  正面：边框红紫蓝渐变色，正下方校徽加了同样渐变色的描边，标题深蓝色，正文金色，深灰背景浅灰底纹。 背面：金色的边框、背景和学校英文名，浅蓝色四字校训和校风，正上方一个浅蓝色的装饰花纹。 即使是对于这样一张中规中矩的通知书、这样一所校园内鲜有人文气息的学校而言，正面的配色也过于压抑了，色彩饱和度偏高，同时与背面缺乏色彩上的呼应，即使是同为标题的文字也采用了两种不同颜色的，边框颜色反差也比较大。 对于颜色，这所工科学校是有明确的形象识别系统的：  我觉得可以把正面的录取通知书五个字做烫金处理，将西北工业大学中英文校标用背面浅蓝色代替。周围边框改为低饱和度的纯色或者换为由蓝色到浅绿的渐变。扔掉校徽的描边。  三、边框  首先正面和背面的边框不是一样的，我觉得这个是可以有的。正面边框是欧式的风格，背面是水波纹加金色框，正上方有一个莫名其妙的花纹和欧风分割。前后缺乏元素上的呼应，以致于二者有点牛头不对马嘴。 这是我之前给学校做毕业证书设计时候找的中国风的素材。当然，这些素材仅限于需要做边框和装饰的时候使用，而我们可以发现很多优秀的录取通知书设计已经跳出了边框的圈。这里展示这些素材也仅仅是为了说明风格要统一而已。    四、背景  正面背景选取的是西工大东大门，背面背景选取的是西工大图书馆。很多学校都会使用学校里的标志性景点或者建筑来作为通知书里背景元素，我觉得这是很经典不会过时的做法。但是，通过 什么样的处理 将这些标志性景点或者建筑融入到通知书里是个值得考究的问题，有把电子照片直接放上去的，有素描手绘的，有做成剪影的等等各种形式，西工大采用的却是电子照片＋PS处理成素描效果。我真是醉了，这样的处理手法，线条不清晰不说，画面也不够干净。 这是我在百度里搜“西北工业大学”找到的图片，类似于正面背景里的角度（但不完全是同一个角度），只有17KB大小：  先去色或者用灰度模式，复制一层添加“滤镜－其他－最小值”，更改混合模式为“颜色减淡”，再在上面加一个全黑的图层，改混合模式为“叠加”来加深线条，用橡皮在黑色这一层擦去过深或者不想要的线条。虽然对于画面不够干净还可以用高反差保留来处理，但是似乎做这个背景的人没有这样做，那我也还是做一下吧哈哈，就可以很容易得到下面两张图了：   用了高反差保留处理：   设计者用的图肯定比我在百度上找的要清楚，敬业的话应该是实地去构图拍的。 但是这样的处理我是不能接受的，该留的不见了，不该留的还在上面。有线条缺失，有各种杂质。给个局部图看看：  要我说的话，将东大门放在正面背景里绝对是可以的，但是请严肃地找个工设或者土建的绘图老师手绘一副好不好… 背面画面更加脏乱差，同样是这种粗糙的处理手法的恶果。  五、底纹  我就上传一个我自己用ai做的矢量底纹吧  细节：     然后！挺心疼那几个回答说还挺好看的同学的。我们来看看别人学校的录取通知书吧。  武汉大学  中国传媒大学    中国人民大学  陕西师范大学   天津大学    江南大学   －－－－－－－－－－－－－－－－－－－－ 反正录取通知书好不好看是一回事，但是对我们每个人的意义又是另一回事。 这张不大不小的纸会一定程度上决定一个人的一生。  另外，感谢陈豪博同学帮我拍的2016录取通知书。 －－－－－－－－－－－－－－－－－－－－ 先写到这里吧 想到了再补充。
为什么西北大学不是985？,校史辉煌能当饭吃？这几年发展不行不是事实？说白了一代一代没落，工科不行咱不说，经费都被同级别学校甩几条街，没钱没发展，分个锤子
本人坐标西安考生 请问报考法律硕士（非法学）西安交通大学 西北政法大学 西北大学三所学校哪个更好？,西安交通大学＞西北大学＞西北政法大学。 原因：法学实力其实都不差，但是院校实力差很多。 ↓具体↓ 就法学来说各有千秋，西安交大偏知产国经，西北大偏知产商经，西法大则大而全，以刑法见长并且还有反恐法特色。这个看你个人想学什么，在强势科目上西交西大并不输法大。况且，法硕也没那么学术，谁比谁好不是很重要。 关键是，总体来说西法大的机会要低于其余两所学校，你学习期间的交流比较少，毕业时候的选择面和起点高度也会差很多很多，所以不推荐西法大。至于西大跟西交，正常情况都是西交吧？
如何看待西北大学现代学院抵制圣诞节，把学生关起来看爱国教育片的行为？,首先西北大学和西北大学现代学院压根就不是一个╮（╯＿╰）╭
如何评价西北工业大学2016年的发展？,唯一的一个回答说的真好！我想补充一句，尽管16年发生了一些丢人的事儿，但是历史从来都不会界限分明，16年那么多新气象。西工大还需要时间，我们学生该抱以希望。
西南大学和西北大学哪个好 全方面的 包括校园 地理位置 排名……？, 校园环境，西南完爆西北，毫无疑问。  硬件设施，西南完爆西北，毫无疑问。  位置，大环境上重庆比西安好一些，小环境上北碚比城墙根远一点，不过西北新校区也够远，这一局西南微微占优。  专业上，不好说，西北考古，地质，历史等是强项，西南心理，教育，农学，蚕学等是强项，这一局半斤八两。反正都不是什么热门专业。  就业上，都不是热门专业院校，这一局也半斤八两。  社会认可度，西南在西南地区，西北在西北地区，都算上地头蛇，打平。  地位上，西南是直辖市唯二的211，教育部直属，西北是陕西省的亲儿子。不过显然国家队比省队占优。  财政上，根据陕西省教育厅和教育部公开的2016年的年度预算情况，西南大学32.39亿，西北大学6.78亿。在财政上碾压式的存在。  由上对比的结果，西南要比西北好一点。 
一个文科女生想考西北工业大学怎么样？,本人大三航空狗，不过对本校文科专业学生略有交流，浅谈一二： 作为一个以工科见长并且偏科严重的工科大学，本校的文科专业自然没有理工科专业那么受重视，听学姐说西工大的文科专业排名全国五十开外是绝对的（据说排不到前一百？） 但不可否认的是，作为985高校的专业还是有较高的保研率，全校的专业保研率基本在15%左右，所以要继续读研的话，选择985高校还是比较明智的。 本校的文科专业共有5个，国际经济贸易，市场营销，法学，英语，德语。 就法学而言本人与法学专业的学生一起上过一门专业核心课，课上的老师还是比较nice的，考试时基本也都在ppt上，期末考了83，只要好好复习，法学专业一般不挂科（工科狗的剧痛 ） 英语专业是本人认为学校含金量比较高的文科专业，历年的专业四级通过率基本在98%，几乎是全部通过，这个在很多综合性院校也是不敢保证的。英语专业课不多，然而我认识的一般小姐姐们的学习生活也不轻松，因为paper，presentation，oral report基本是每门课的作业形式（一门文学课一学期写十几篇500字的paper，祝你好运 ）然后本校的英专学生有很多人都会选择加入西工大模拟联合国创新基地（基地是教务处管理的竞赛团体，相较于一般社团有规范的培训和竞赛任务），该基地的指导老师就是教英专专业课的老师，经过基地的培训每个成员英语的听说读写的能力都会有很大的提高，这对于英专学生是很好的锻炼机会。然后学霸特别特别的多（别问我怎么知道的，心疼 ），模联也被称作出国党预科班。我就是在这个团体中认识了很多英专的同学，她们对学术和专业的热情让我心生敬佩，尽管熬夜是家常便饭，但依然乐在其中。因此我们也成为磨练意志的英专。在高压力下锻炼出的小姐姐都能独当一面，大多数浑身都散发着自信，我知道的就有12级被保研到北外的学姐，还有考研考上南大的学姐，总之英专是一个压力越大，收获越大的地方。 对于德语专业，我的感觉是之后的出路不太好，13级保研的两个学姐只保研到本校的语用学，然后考研的情况也不太好，我认识的一个学姐出国脱坑去澳洲学了文化管理。还有德专的悲剧在于和英专同在外国语学院。而每年学院只有一个国奖名额，而英专两个班，德专一个班，一般国奖的名额会给英专第一，德专第一只能拿专项。 还有对于出国交流多的这个情况，英专本科阶段的交流好像只有瑞典的项目比较好，美国的项目有一个美国排名150名开外的学校，看你愿不愿意去咯（如果你想去韩国体验生活啥的当我没说） 总而言之，西工大的文科专业就是师傅领进门，修行靠个人，我的学姐也有去北外，宾大，马里兰的，愿不愿意努力全在你。 高考加油，还是不建议文科生来，能去综合性大学就尽量去吧，毕竟大学里不可能只学专业。
如何看待西北大学在人人网上发布招生广告的做法？,酒香也怕巷子深  要是以前这行为肯定影响学校名声，不过现在大家都看得开了
想要在西北工业大学航天学院制导专业读研究生需要多少分？, 更新一下，和名单里探测制导的同学交流了，初试分数360，祝好运  谢邀，每年的招生都有很大变化，今年就是个高分年  以下是进入复试的名单，他们应该更有资格回答   2017年航天学院硕士研究生招生复试通知-航天学院      更多详细请关注航天学院官网通知  通知公告-航天学院    
在西北小镇，大学生除了考公务员还能做什么？,静下心来，用心阅读，用心观察和体会大自然的美！然后用你的笔，用你的相机，把这些美，带给我们这些在城市里的人。 相信你的知识，你的思考会慢慢给你带来机会，以及财富！
如何评价西北工业大学的计算机（学院）专业？,11年计算机毕业的飘过，其实学校只是个平台，真正达到什么程度全看自己。   想向高级做，ACM、足球机器人、数模、导师项目等等各种机会在等着你，你做了多少？想学最新的技术，互联网上都是公开的，你的业余时间用了多少？  曾经在工大新校区求学，几年后回忆起来，依绵延的秦岭而建，常年大风而宁静，愈加适合做学问。现在还很是怀念学习起来感受不到时间流逝的美好时光。  很多工大计算机毕业了去了北上广深，这里更是技术和机遇、金钱交换的地方，工大扎实专一的做事态度会让你受益终身。
西北大学日语系是哪个宿舍？,长安校区 宿舍六人间 上床下桌 公共卫生间 没有空调
西北农林科技大学有哪些好老师？,我在西农遇到的每一位老师，人都特别好。 大一的时候，遇到了   郑立飞，讲课超级认真，而且还给好多Mathmatica的代码；   帅琪，美女老师，现在应该已经在裴老师实验室啦。   陶虎老师，讲有机化学，人特别nice，我一辈子的恩人。   陈勇，当然你也可以叫他cheng勇（懂的自然懂。），我编程的入门老师，教了我很多东西，还给我项目做。后来走上生信的路，他的影响很大。    大二的时候。   生化老师潘君风，是我碰到的第一个，讲两个小时中间不休息的牛人，激情满满，不过原谅我真的听不懂。   微生物老师，卫亚红。经常把微生物课上成英语课。也是在她的课上，我开始背生物的专业词。   分子老师，许晓东。满嘴东北音，特别亲切。一讲课就塔塔box（TATA Box）。来北大的推荐信就是他写的。   遗传老师，马翎建老师，真的带着我们下地去了，好爽的有木有！贼好玩。人超级nice，我们上课之前看NBA从来不拦着，还跟我们讨论球赛。当时季后赛正好是快船打灰熊，老师神预测。  植物生理，胡景江，年年都去出高考题，我在他们实验室还蹭了一篇文章。。。哈哈哈，对学生特别认真。印象特别深的就是“束缚水，自由水~~”  毛概老师，李晓娥。在她的课上，我们真的很自由，老师允许我们有争议，允许我们愤青。她不是打压，而是带着我们回顾从十三大以来的文件，决议。经过这个课，我才知道，我是多么的图样，我才知道长者是多么厉害。  细胞老师，潘传英。真的特别有激情的一个女老师，讲她的科研经历，带着我们走访实验室，算是对科研的一个直接接触。而且，她讲课，l和n的音不分。所以每次说No都是low~~   大三必须要提的老师   廖明帜 数学大牛，后来转做生信。学术绝对过硬，而且人特别好，对学生特别好。经常一起打篮球。后来做生信的时候，耳濡目染，学了很多东西。  王保莉，讲基因工程。虽然我现在忘得都差不多了吧。但是老师课上，课下，从讲课水平到科研水平，真的是大牛。非常喜欢。   毕业了， 远走北京，继续学习。 但， 有的时候真的很想念母校。  想念北校6号食堂的咸豆腐脑， 想念楼上的金马刀削面， 想念五台山， 想念红楼， 想念我的兄弟们。  四月了， 北校食堂旁的石楠花， 该开了吧？
在西北大学和历史院的学霸基然一个宿舍是怎样的体验？,初高中亲友团来围观！
西北民族大学临床医学专业怎么样？,本人西北民族大学临床医学专业就读～只能说这专业你值得拥有
南京航空航天大学，北京交通大学，西北工业大学，读软件工程哪个好？,这有什么犹豫的？学软件，北京的环境是其他城市没法比的，这点加分太多，学校本身实力倒没什么重要的了。
西北民族大学英语专业怎么样?,从学风，教育资源，教师，和教学质量上来看，不怎么样。 尤其是学风，既然你是预科，相比对学校也了解了。。。 外院挺黑的，还不如新传院，但是新传院教学实在是。。。你不拼命自己学就啥也不会 一拼命学就能超过多数老师。。。 不过，我女朋友是外院的，她比较厉害一些，毕业后有很多月薪8000的工作找她，被她辞了～ 你要是在学英语专业，提高自己的水平，至少要过专八，学的足够硬的话，还是可以的。
哥伦比亚大学、南加大和西北大学该选哪个？, 这么和你说吧，工作学术圈子里没见过一个哥大的EE的。USC的EE还是很强的。你要是为了找工作，那就USC，地理优势太明显。西北的CE不太了解，不过肯定比哥大厉害。周围西北的人没有USC的人多，可能和地理位置有关系吧。 
如何评价西北工业大学教务处？,教务处简直就是脑残，开学之后只让退课不让选课，真的是脑残！！！！
长安大学和西北大学哪个好？,西北大学百年老校，长大一个民办三本，所以选择长大肯定错不了 ( ˘•ω•˘ )
兰州西北民族大学周围有什么好吃的？,西门往下走，正宁路附近有很多，推荐正宁路里面的嘉峪关烤肉，曹师炒面，以及正宁路正对面的羊肉面片，放下咖啡。
如何看待西北工业大学在陕西分数比川大湖大重大高，却排名低的事实？,问题已举报，这个问题绝对是某校的学生来搞我瓜的，原因有二： （1）窝瓜的学生素来不主动招惹别的学校，且对自身学校的抱怨不少。 （2）这个问题挖了个大坑，什么“在陕西xxx”，明摆着让别人喷。
陕西某一普通二本院校会计学专业 想跨考西北大学金融专硕 有没有什么好的建议或经验。感谢？,不知你是问备考经验，还是关于西北金融专硕的其他问题
中国地质大学、北京大学、南京大学、吉林大学、西北大学的地质学专业在行业内评价如何？,泛泛说我的感觉不客观，我列几个对比吧。 教育部学位与研究生教育发展中心对具有研究生培养和学位授予资格的一级学科进行的整体水平评估。 2012学科排名 （前5名，含并列，感兴趣可以自己去查全部的）：    从上表不难看出，地大的地质学的理科和工科都是排名第一。  另外我又查了一下 各学校的地学两院士 （含双聘）： 中国地质大学 21 北京大学        11  中南大学        10+   中国石油大学 8  南京大学        7  中国矿业大学 7  西北大学        6  武汉大学        5  中国科技大学 4 吉林大学        4  不完整统计，有错误的地方请指出。加黑体的学校院士有点特殊情况，石油大学的院士名单不清楚，所以不知道里面院士有几个和地质相关。中南和矿业大学的院士多是矿业加工技术类的院士，其实和地质没有直接关系，武汉大学的院士是测绘技术方面的，也不是直接相关。 如果只算专职，地大有9个，北大有7个，南京有6个，别的学校在1~4之间。  我们再看一下2014年面上国家自然科学基金给出的前100名学校里地学部的项目情况：    ——前论—— 地大的地质的实力应该在国内高校内数一数二，地质类的院士也是最多，今年北地（北京地大）又有教授评上院士了，祝贺下。而且地质相关专业是最全的。 北大的地质也很好，偏重理论和研究，以理科类为主。南大的地质和北大有点像。 中国石油大学和中国矿业大学的地质也不错，不过它们一个主要搞油气，一个主要搞煤和金属矿。 另外还有有色系统，冶金、矿加之类的方向数北京科技、中南大学、昆明理工等。 以及核系统的东华理工。 东北那边吉林大学的地质也很强，以前的长春地院。还有东北石油大学（原大庆石油学院），油气地质类的学院，也还行。 西边长安大学和成都理工大学这两所的地质也不错，也是之前的老牌地质院校。西北大学的地质学在学科排名中也是名列前茅，构造古生物是其强项。 说起老牌子院校，就提一下地质五大院校，北京地质学院（今地大）、长春地院（今吉林大学）、成都地院（今成都理工大学）、西安地院（今长安大学）、河北地院（今石家庄经济学院.....这个太悲催了）。 中科大有地质相关的，地球物理学很厉害（这北大也有，记得朴树的父亲就是这个领域的大牛）。 同济大学有海洋与地质交叉的学科，在海洋地震勘探不错。 提到海洋，还要提中国海洋大学，也有地质学的。 总的来讲，别的学校研究的领域和开的专业是突出一枝独秀，地大等一些老牌地质院校是遍地开花。  补充下： 另外浙江大学、合肥工业大学也有地质专业，虽然专业不多，但也一定影响力。 还有长江大学，油气为主，原江汉石油学院。
如何评价2011年西北工业大学杨涓团队进行无工质微波推进试验？,请看杨娟团队的后续论文，已经把2011年结果归为了系统误差，在新的更高精度的实验中未能测得确定的推力。
刚看到新闻，说西北大学现代学院封校只为不让同学们过圣诞节，你怎么看？,这是所好学校啊，不能黑的。 至从上月曝光桶装水有水质问题后，学校关心大家饮水健康问题，第一时间封杀了桶装水进校园，当然上半年就给每个宿舍楼购置的几台纯水机纯属巧合，绝不是蓄意封杀桶装水的，至于收费……呵呵！ 还有坚持一百年传统文化不动摇我会乱说？尽管学校主体建筑是欧式，尽管雅典娜头像不小心和女董事撞脸（ 校园雕塑随女董事“换脸”甚为不妥--中国共产党新闻   ），可是把孔子诞辰日设为尊师节据说是走在中国高校前列（ 西北大学现代学院设尊师节纪念孔子诞辰 --教育   ）至于学校伙食也算是周边院校之最了——即最贵最难吃。 总之欢迎同学们来校体验朝鲜4年游。
在西北大学读历史专业（比如考古学）是怎样的体验？,作为一名西北大学历史学院的老师和西北大学校辩论队的教练，很高兴能够回答您的问题。 首先，西北大学历史专业的招生属于历史学基地班，在招生中是文科的提前批次，按照过去五年的经验，省内考生一般需要高出一本线50～60左右，省外考生高出至少30分以上报考历史学专业比较有把握……如果分数比一本线高出的不多，建议报考历史学院的国学专业和今年新增的世界历史专业。 其次，历史学专业学费相较西大其他专业是最低的，但是各位所受到的教育是西大数一数二的，西大历史学专业在全国大学历史学专业竞争力排行榜上为五星专业，排位第九。西大历史学专业拥有一级学科博士学位授予权，历史学硕博士专业齐全，是以后继续深造的好选择。 再次，历史学专业学生的课程全面，基地班每年会保送15位同学读研，大致会有5～8同学会被保送到北上广的高校继续读研，本专业学生考本专业研的成功率很高。历史学院在西北大学北校区，虽然住宿条件一般，但交通便利，出行购物很方便，距离钟楼和小寨商业区都很近。 最后，历史学作为基础学科，所修习的课程会比应用性专业略多，但是学院老师都来自于全国历史学专业名校，风格各不相同，认真修习想必会有很多收获。如果积极参与老师所主持的研究项目，会有很多红利！尤其是对申请国外学校…… 暂时想到这些，思绪凌乱，唯恐贻笑大方。 如有其他方面需要了解，可以加我qq38112768了解……
陕西师范大学和西北大学那个研究生好考（社会工作专业）？,谢邀 要看什么专业
西北工业大学有哪些不为人知的有趣的地方？, 百赞更新~噗  长安校区云B楼下活动室有一间——属于我们西北工业大学学生天文协会的活动室，看到有了两间一间活动室一间储物室我这个天协老腊肉也是深感欣慰了  2017年上半年申请，由天协人自己布置的活动室           有兴趣了解的可以关注南山星语的微信公众号:Starsgazing   上一篇有自己写的留言的帖子  当谈论天协的时候，我们到底在谈论些什么     ——————————————————分割线——————————————————  更新一条  长安校区2020规划介绍  终极解密长安校区海天苑，学长看了沉默，学姐看了流泪     西工大长安校区南区雏形初现 最美小楼将这样使用 更有地铁衔接    详细的规划文件与PDF高清大图   西北工业大学长安校区规划总平面图（2011-2020年）-发展规划处     友谊校区规划-发展规划处    毕业狗只能再约啦 学校以后一定会有越来越多美丽而有趣的地方，然后由后来的同学们书写下自己的故事。  ——————————————————分割线——————————————————  更新了一些自己用60D套头拍的照片。  其实提这个问题有一方面原因在于知乎上对于关于学校的一些问题也好，回答也好都显得戾气太重，其实从这个问题的回答里也可以看的出来真正用心答题的人并不多，更多的还是调侃。希望能把学校好的一面展现出来，学校留给我印象最深的就是那些简单而又震撼人心的美景。把它们分享出来，让更多人看到不一样的一面。  还有几个月毕业离开学校了，还是想留下点东西吧。感谢天文协会那些和我一起帮助我拍摄的朋友们。  ——————————————————分割线——————————————————  先自问自答一发 慢慢更   图片为平时自己的一加OnePlusA001手机拍摄 Snapseed和INTERPHOTO后期   25.南门口的东方红一号浮雕       24.启翔湖和综合楼        23.启真湖上的图书馆   每次路过图书馆的时候都会想，要是它的墙面的施工质量能和它建筑设计的水平相匹配就好了，不过离开了接触了典藏馆这种坑爹设定之后才想起了它的好。     图书馆边上的流水小桥。  再看时候忽然发现当初大二随手拍的照片里的人在之后竟然大四又有缘和自己有了一段共同的难忘回忆，愿他在帝都过的一切安好。     22.云天苑宿舍的楼顶   还在新校区的时候住在云D，平时最喜欢的娱乐方式就是爬到楼顶，看云，看星星，看远方的山，看飞翔的鸟。       云D楼顶上有不少坑，有些就是被我和一起观测的小伙伴们踩出来的，有一次我们还特地留影。       身在宿舍阳台  对女生宿舍曝出了夏季银河   时光流转匆匆忙忙    月出于东山之上      21.教研室的窗台   坐毕设的教研室在航空楼五楼A座，正对着连接东门西门的求实路   春雨惊春清谷天    窗台口前辈们留下的绿植，和朋友讨论形状像天蝎座的样子    20.角楼   角楼正对的有一个回收旧衣物的绿衣箱  路过时正好有人去捐自己的旧衣服     19.启真湖的鹅   启真湖边最多的还是戴胜和红尾蓝鹊  不过春天时候湖里面不光有水鸟，还会有胖胖的大白鹅   背景是斯贝克锚和外国语学院      18.航空楼五楼过道的某个窗户   三月十日傍晚七点十分   朝向西方  华灯初上   夜 未央     17.航空楼二楼大厅    两弹一星精神    16.雨后足球场         15.图书馆五楼空调自修室    考试周最后时刻 男女比感人0.0    14.旺园最靠西门小卖部      老板娘新进的一只喵   13.新校区的室外游泳馆   这个知道的人不少但体验过得估计就不多了         12.橙子楼二楼的阳台        11.春天的云操篮球场           紫叶李开的时候特别漂亮  有幸拍这些紫叶李的照片让我在学校里一个摄影比赛里获得了个金色小飞机。   10.东门口的水果摊    夏天的晚上充满了浓浓的生活气息    9.工程实践中心楼顶   看落日，观测星空的好地方      观测水星凌日   最终成功观测到了哥白尼一生没见过的水星   左上角小黑点！           8.航空馆隔壁       7.娟娟烟酒店家的猫    估计每个在老校区待过的都对娟娟烟酒店不陌生 慈祥的叔叔腿脚不便的阿姨和他们家漂亮的猫   歪个楼，幸福小厨边上的小卖部了潮潮的大哥也养了只猫毛色特别好！   6.公字楼三楼     得天独厚的位置建了个咖啡馆  南北方向贯通连接了学校公字楼门口的喷泉和学校外的转盘   从西馆看过去   5.西馆四楼的平台       有段时间西馆七楼是没锁可以上去 朝着高新区方向 拍了照夕阳   后期处理稍微暴力了一点…   3.未来飞行器协同创新中心   平时要刷指纹才能进出，虽然谈不上什么有趣突然好像比比看，材料大楼 公字楼 还有几个楼哪个门口的牌子多的冲动…   2.勇字楼顶楼窗口     顶楼是学校电视台，再网上就是大天线（射电？）据说是监测卫星用的。 从窗口处可以看到新落成的球顶天文台和微小卫星检测站   1.航空楼边运10客舱静力实验段     平时一直锁着，从开的小口往里面拍可以看到里面还有座位 
西北民族大学专业？,如果你是今年的高考生我劝你别来换个平行学校好了，这学校欺负人的白帽子多，动不动就说我有信仰要做礼拜，欺负人的很。不过你要来小心些也可以，看你运气怎么样了。历史学听说是师资最好的，文学院老师大部分还行，你最好还是考虑一下你以后要干什么再选专业
有个西北工业大学的对象是什么样的体验？,谢妖。万万没想到，我在知乎匿了这么多年，这竟然是我回答的第一个问题。 有一个瓜大的男票是一种什么样的体验，一句话总结就是要和男人抢男人。  在我男票刚刚踏进山脚下的瓜大时，他是一个认为山好水好飞机好的小青年，怀揣着老纸就是奔放不羁爱自由的心，一进去就三个月没出来见我。。。 三个月后他来我们女子修道院看我，碰巧赶上早课结束，姑娘们正一波一波的奔赴食堂，他站在我们学校的学子长廊上足足走神了三分钟，被过往的姑娘们注视的感觉，那是真叫一个好( ˊଳˋ) 当我有次中午在瓜大教D门口的空地上等他下课时，看到瓜大汉子以平铺状出现时，我明白了当时他的心情。  大二时，男票开始和他瓜大的男朋友们一起泡自习室，刷图书馆，忙社团。每天二十四小时和汉子在一起，十分令人放心。并且，他会带着你一起…上自习！别人约会看电影，我们上自习。别人约会送玫瑰，我们上自习。别人放假去旅游，我们上自习。但至少我在上自习的时间里考过了雅思搞定了专四并和男票分别拿到了奖学金。  大三时，我和男票开始相隔一个大洋，男票也在我的怂恿下成为了某社团主席。我才慢慢发现，瓜大带给他的成长不仅仅在于学术上的提高和个人成就的发展，更多的在于情感上的独立。汉子多的学校汉子们的质量或许起初并没有很高，但随着时间的推移，这是一个相辅相成的过程，在情感方面，会更加冷静更加珍惜更加懂得付出和理解。  快要毕业了，男票依旧是学术狗，但他在瓜大的那些个男朋友们很多已经工作，无论在什么地方，瓜大汉子总是很讲义气。需要的时候，可以无条件付出自己的时间精力去帮对方。（这或许和大学四年没有女票只有惺惺相惜的男票有关(✘﹏✘ა)）  总而言之，我就是个托儿…为众瓜大汉子谋福利…请不要说我跑题…谢谢
关于土木研究生选学校的问题？帝国理工，UCL建筑or西北大学？,参考我之前对英国读博士的答案，里面有关于奖学金和读博体验的描述。  在英国读工科博士是一种怎样的体验？ - 知乎用户的回答   一直读书读到博士会不会觉得少了很多人生经历呢？ - 知乎用户的回答  关于英国就业方面的信息，参考我的回答：  strathclyde的marketing硕士在英就业怎么样？ - 知乎用户的回答   以上是英国情况，美国如何我就不知道了。
在西北师范大学读书是怎样一种体验？,西北师范大学在本省一本招生，有些外省二本招生。甘肃境内在全国排名第二的学校。说实话，在外省几乎没有什么名气，不过，在本省口碑还不错。 ”西北师范大学”，我们常戏称为”西施”。 知乎上第一答，感觉挺激动，说的有点乱了，莫见怪。 本人刚毕业，文科，女。 在我看来，学校和公寓之间的金牛商业街真真秒杀兰州任何一条街。美食，数码，服饰，娱乐设施真心一应俱全。晚上的喷泉旋转木马加璀璨夜景也杠杠的。虽然现在还在进一步修葺改善，但依旧能嗅到它现代前沿的气息哈。 偶尔没事，学生也会去黄河边风光带走走，也还能散散心。 校区在市内，不像兰州有些学校在郊区县城，交通比较便利，出了公寓们就可以拦的士或坐公交，brt快速公交离公寓也很近，交通整体还行。 ”西施”的本科生公寓实在不敢恭维。大多是六人间，宿舍环境较差，地面不是瓷砖，六人间不是上床下桌，格局比较混乱，地方小，女生东西一多几乎没地方放。二楼暖气冬天效果较差，八楼水压经常小的可怜。每间宿舍有独立卫生间，虽然很low，但觉着总比公共卫生间好，知足了。楼妈人还不错，能偶然聊两句。反正在宿舍主要是睡觉，也不奢求啥了。 ”西施”建校已有110多年，是老校园了。本校区不算大，但环境还不错，校园内绿树环绕，鸟鸣花艳，尤其”敦艺”那边环境真心美美的，拍个艺术照神马都是不错的。感觉在兰州来说，校园绿化环境已是出乎意料的好。 ”西施”与”兰交大”因男女比例互补的情况，偶尔能看到联谊活动。”西施”有空乘专业，经常能看到预备空少空姐在校园里穿制服穿梭，风景还是不错，不过看多了就没意思了。个人还是认为”西施”美女最多在舞蹈学院，当然也有说外院，文院美女也不少的，这就不多解释了。 说到历史，”西施”每次办活动或介绍学校时，都会把自己和北师大同根同源的历史搬出来，听多了，作为”西施”人我每次都汗颜了……详情关系怎样有兴趣的自行百度。 ”西施”学生大多是甘肃本地人，在甘肃境内游玩，经常能碰到很多校友~”西施”周末很忙，各种雅思高考阅卷艺术高考成人自考还有各种从业资格考试都有~可能另一方面也说明了”西施”很穷~~ 不过，在奖助学金方面，”西施”还是非常大方的，积极参加从师从业活动什么都能换来几百到上千的奖学金。学校奖项名额少可奖金多，学院奖金一项虽然只有几百可名额多，无论怎样，每一年你只要努力了，多多少少有奖金拿。  兰州这座城市，估计会让很多人失望。 但西施本身的人文氛围及周边的设施，还是值得期待的。 校园里，公益风盛行，也为这个浮躁的社会多添了一份人情。 先写到这，以后想到啥，再补充。  （图片来源于网络，侵删~）  这是西施的正门，不过我们一般都走西门   体育馆旁边~   常去的教学楼10A   老图书馆 西操场    10b楼旁  教一后面  10e边上  
上西北农林大学兽医希系在西安需要具备什么样的成绩？,看看往届的高考各分数段都是什么大学  看上述分数都对应省排名多少  然后看自己模考的省排名 光看分数没用 每年的题不一样 行情也不一样 但是省排名不会说谎 ps 不建议你来西农念书
作为一个身处祖国西北的大学生，学校没有AIESEC分会的情况下，怎么报名参加国际实习？,AIESECer比较权威地回答下哈~  先明确下题主说的国际实习。AIESEC做的关于出国的事情有两件，一件是实习，一件是做志愿者。两者的区别如下： 1.面试标准与形式不同。志愿者的面试由对方分会的项目筹办委员会负责，对方分会成员拥有最终的决定权。考察方向偏向交流、沟通与问题处理能力等。实习生面试在通过对方筹办委员会面试后，通常还要接受公司企业对你的面试，最终决定权在企业手中。企业会根据JD要求，除了在能力方面进行考察外，还可能对技能、技术水平进行考察。 2.性质不同。志愿者做的项目是以文化交流、公益与提升自身领导力为目的。志愿者、对方筹备委员会成员与对方的合作机构不允许通过项目盈利。而实习生工作性质就是实习，工作地点通常为以营利为目的企业。 3.福利不同。志愿者项目会根据对方分会的能力、水平等因素，使志愿者花费最少的成本在当地生活。例如为志愿者找寄宿家庭、为志愿者提供集体合租的公寓等。少数情况，对方可能会提供餐饮补贴或者提供餐食。但志愿者不能获取报酬。实习生通常申请工作签证，在对方企业实习，领取和对方企业约定的报酬。  所以题主先想好到底是想做实习 还是志愿者。  然后，反对楼上说的直接在网上报名。网上的报名通道的信息，由于权限的原因，并不会优先被地方分会获取。通常报名的流程是地方分会先获取你的意愿或信息，然后再指导你通过网上的报名通道报名。信息优先被获取就意味着优先的面试机会等。（这个是和企业面试一个道理） 所以题主一定要找到离你最近的AIESEC分会报名！！！    根据AIESEC的发展规划，目前很难接受非分会学校的同学报名。原因是无法为这些同学提供优质的保障，而这些同学参加活动也会花费较大成本。所以优先发展本校市场。一般情况下不会招幕非分会学校的学生。但这件事情的决定权很大程度也掌握在分会手中。所以建议题主，如果特别想去的话，首先找到他们的人，表达出强烈的想去的意愿；然后多去参加他们的活动，尤其是本地志愿者活动，了解下这个组织，和你想象的有没有差别；同时如果你在活动中表现优异也可能破格接受你~  还有什么问题的话 欢迎来私信咯~
请问有西北大学化工学院的童鞋吗？,有
西北大学经济学基地班怎么样？,如果你是经济学基地班的学生 可以进一步交流 如果是围观的  我可以告诉你 比上不足比下有余
西北大学的考古学怎么样？, 1.起步早，排名靠前继1952年北京大学创办考古专业之后，1956年西北大学创办了全国第二个考古专业，为中国考古界培养了大批人才，早期有马长寿、武伯轮、刘士莪等先生任教，其源头可以追溯到1938年国立西北联合大学对张骞墓的部分发掘。排名一度仅次于北京大学，而今吉大第二，西大与山大并列第三。  2.主战场在西北，触角伸向全国各地。目前的形式，处于第一梯队的社科院和北大在全国遍地开花，第二梯队的则多为片区类型，吉林大学在东北，西北大学在西北，山东大学在华北华东，四川大学在西南，在东南则有南京大学中山大学等。在全国很多省份都有西大考古的身影，就业率还是比较好的，只要不嫌弃。  3.师资力量较强，老师专业素质过硬，而且善于和学生交流，随和。  4.理念先进，力图构建考古文保展示三位一体的体系。  5.硬件力量较好，有教育部重点实验室文化遗产研究与保护重点实验室，有人骨实验室，植物考古，陶瓷实验室，数字化考古实验室，藏有2万余件各个时期的文物和教学标本，专业图书资料室藏书丰富，并与陕西多所博物馆建立长期合作关系作为教学实习基地，可满足教学科研的需要。  6.教学成果：文化遗产学院现有国家级实验教学示范中心1个（文化遗产保护技术实验教学中心），国家级特色专业1个（考古学），省级人才培养模式创新区1个（考古学），陕西省名牌专业2个（考古学、文物保护学），陕西省特色专业2个（考古学、文物保护学），省级教学团队1个（考古学），2门国家级精品课程，3门陕西省精品课程，4门西北大学精品课程，有省级教学名师1人，先后有多项成果获国家级、省级优秀教学成果奖。   7.开拓进取，走出国门，王建新教授等在中亚进行了十年的考古工作，是中国考古界走出国门的一大步，去年在乌兹别克斯坦考古，受到习近平总书记接见。   总之，不敢说最强，加个之一用还是有底气的。 
陕西西北大学到底算不算“名校“？,西大人，破乎首答。。。 首先承认，西大顶多在陕西地区算是小有名气，放到外省的确没有多少人听说过，甚至我也是知道当年报志愿的时候才知道的这样一所学校。 但是，请问诸位，有几个真正的西大人自称过西大为“名校”？西大几斤几两，我想没有人比我们本校自己人更清楚，所以我们从来不以名校标榜自己，也确实没有什么可以炫耀的。 所谓名校，所谓校花，无非是那些媒体用以哗众取宠，夺人目光的小伎俩罢了，这种伎俩国内媒体耍的还少么？ 知乎一直以来都定位为一个高质量的网络社区，但近几年内容真的质量下滑太多，用户素质也下降太多，大V不知走了多少，真的不忍直视，一群连基本的辨析力都没有的人，每天大放厥词，真的好伤人心。。。 通信狗语文不好，大家见谅。引用  @吴小雨 评论中的两段话  陕西的西北大学，成立于1902年，陕西第一个高校，民国的时候是国立大学，1952年院校拆分，现在的陕师大，政法，外院，兰州的西北民大，交大的医学院和财经类都是从西北大学分出去的，最强的是地质，有一级国重，然后是考古跟理论经济学，院士出了一些，本校就职的也有几个。知名校友王岐山贾平凹迟子建张维迎，属于文理类的学校。 西大在陕西一直的代名词是穷，省属经费少，专业不热门，据西大朋友说他们学校投入产出比很高，基本上默默无闻的学校，不过在陕西省政府心中地位挺高 穷且益坚，西大人从来都是默默无闻的贡献者，一直在社会各界付出自己定努力，无名小卒自然是不会知道的。 西大纵使现在没落了，依然不是谁都能来踩一脚的。
为什么西北大学不在福建招收考古专业的学生?, 招生计划如此。  如果是明年的学生，可以看看有没有夏令营之类的，那是算额外名额的。  或者本科毕业了考去，或者联系老师看有无可能进去了再转专业。  一般来说北方学校在南方某些省份的个别专业不招生太正常了，南方学校亦然。 
西北大学有哪些优势专业？,本科毕业狗一只。  西大的优势专业都是偏冷门的。。  文化遗产学院的考古，俗称挖坟系。  地质系，号称全国第二，各大油田的总工程师什么的都是西大地质出来的，圈内很有名。  生科院，因为有个牛逼的老师叫舒德干，两院院士，一个人发了几篇N＆S.  可惜这几个专业实在是冷门啊。  现在比较热门的专业。  经管院，因为有出过张维迎，何炼成，魏杰等，号称经济学家的摇篮，但其优势学科是政治经济学→_→。。在全国也就二流水平上，但陕西这个地方经济学除了交大就是他了，因此每年经管都是全校录取分数最高的。  文学院，知名校友贾平凹。文科是西大的特色，但这两年有被师大赶超的趋势。  数学，校友辛周平，徐宗本，曲安京，这两年办了个金融数学专业，坑了不少想学金融的学生。其实基础学科还是不错的，可是为了招生和就业，唉惜。  新闻与传播学院。新兴专业，没有什么历史积淀，但也就没有什么抱负，各种活动办的都有声有色，学生很有活力，院里领导也没别的院那么死板。  大概就是这么多了。
西北大学宿舍条件怎么样？女生，17届的。拜托了！？,空调？阳台？上床下桌？我们都有！！！！ 每栋楼都配有一个通宵自习室！！复习可以不用去图书馆那么远～～
如何在西北大学和西北农林科技大学做选择。？, 考虑到10几年前我在选择大学时犯下的错误，我想给你几个私人的忠告，不希望你多大程度上赞同我的意见，但希望你能有所思考，选择大学终归是一个对你人生有蛮大影响的选择，决定需要你自己做，记得把你的想法和父母长辈交流一下。  1、优先选学校，次之挑专业，但如果你对人生有明确的规划，或是有明确爱好的专业方向，反过来；  2、只要不是顶级（TOP5）或是一流大学（TOP20左右），考虑学校之前，先考虑自己本科毕业之后是否希望继续读书，如果是，那么你的选择压力会变小，因为你把一部分压力放到了考研选择上，如果不能肯定，或是希望能够开始工作，那么先考虑你希望发展的城市，至少是区域，如果没概念，你至少要考虑是不是在家乡或是周边省份发展，选择的大学尽量接近你未来希望发展的区域，能给你不少助力；  3、你作为中部地区的孩子，如果不是为了以后在西部发展，或是专门想学哪个特定专业，我建议优先选择经济发达地区的学校  4、高一本线54分，我觉得除了西农、西北一本里还是有不少学校可选（原回答说西北和西农在一本中有些边缘，嗯，我承认我的信息更新有些问题，所以收回该评论）。我是西农毕业，西农对于你最大的吸引应该是他的985名号吧，说实话，不出国、不从事农业有关，不值，西农文科也非常非常一般；西北文科不错，在陕西省很有名气，但是名气也仅限于陕西省和部分省份，如果你认准他的某个好专业我觉得可以作为一个选择；  5、大学时除了学历、知识、还有一个要考虑的是同学，他们的水平决定了你在社会上的人脉起点，这也是希望你在希望发展的区域附近选学校的原因，离着远了，再好的同学想帮你也很难；  6、选择大学时很多人都是懵懵懂懂，我能理解，因为看起来是在选择大学，实际上是在考量你对自己的了解，对未来的规划，还有你们家族在教育层面的见识，社会竞争在这一刻就已经开始了。  我是非常意外看见你这个问题，想起了我当年一些不愉快的经历，所以我把我想到的告诉你，我还是要说，不要盲从，不管是我还是任何人，是你自己要承担所有选择的结果，所以希望你能认真思考，做出合理选择，即使未来这个选择可能并不理想，起码他在当时是一个认真和理性的产物，也算不负青春。  祝好 
如何评价西北大学曹建军老师让学生上课，给其他同学评分，而自己不教书的行为？,自己搞科研不收集资料 用学分逼迫学生给他收集 说好听点老师引导 实际上可以说是学术剽窃 还有脸说了 最近无脑舔wqs 我也是醉了 都是败在这些人手里呀 
请问 南京航空航天大学 比 西北大学 好在哪里？,我为我们学校出现这样的人道歉…其实无关乎学校，有优越感的人，哪个学校都有，题主别太在意。
西北工业大学，华中科技大学，哈尔滨工业大学三个学校最应选哪一个？谢谢,我是哈工大学生 我之前追过的女生的闺蜜是华中科技的 她期末考高数用手机拍下来照片问我之前追的女生 然后让我帮着解题 然而在哈工大 作弊被发现基本上就是被开除 这是个真实的故事
为什么西北大学顶着211的名号却达不到211的水平？,第一：西北大学肯定是达到211的水平了的，先不说其他的各类资源，他有院士有重点实验室 这是其他大部分211大学所没有的  第二：西北大学是整个西北历史最悠久的大学，无论从底蕴还是其他各方面他成为211都是合理的。敢问还有几所211有这种历史？  所以说西北大学成为211完全不是因为政策照顾 譬如西藏大学  青海大学   海南大学  而是确是实至名归。   不知道题主是因为什么判断西北大学的实力？  以上。
兰州大学与西北大学考古？, 可以去查一下，西大的考古系确实很牛，北方各省的考古所基本上很大一部分是西大出来的。  至于你说兰大，我只能说兰大历史系还行，但是考古就没听过兰大。     大概查了一下，好像兰大是没有考古专业的。  兰大历史学比较牛的敦煌学，文献学，西北民族史方向 
我是陕西理科考生，今年549能进西北大学的经济学吗？或者西北农林科技大学的经济学怎么样！？,你没来西农吧…？ 经管不要来这里
我是高三毕业生，想报西北农林科技大学，但是对于西农的评价很极端，有说超好的，有说超烂的，，，，，，？, 西农严格来说是一所 农林类院校 ，不是一所综合类大学，它的优势学科一直是生物科学、农学，在全国高校属于一流，其他文科类学院和专业虽然也较齐全，但专业排名很一般，甚至不如一些211高校，这也是其他高校学生对西农985名头存在争议的地方，看开点就好了。如果你对专业服从调剂，对生物、农学感兴趣，分数有希望报考西农的话，不要犹豫，肯定不会让你失望的；至于其他的一些鸡肋专业，建议你通盘考虑，谨慎选择 
报考西北大学历史系？, 题主你想多了，想报考就好好复习。没有你说的这种奇葩的教授 
西北农林大学提前批报着合适吗？,不知道自己学啥专业的话，其他的211也选不到好学校的话这个还可以，不过一定得转专业
山东大学，华南理工大学，中国海洋大学，西北工业大学都有啥优势？理工类选哪个，经济类的呢？（比如会计）,我是山大的。本人北方中部某省，首先要看分数线，一般排名：西工大~华南理工&gt;山大&gt;中海洋。 山大工科除了电气就业还行，主要是进电局（山东，江苏），要进好的单位一般是要读研的过得比较稳妥滋润。其他工科，不是太好，比如计算机专业，一是老师水平，二是济南这地方。  上面有回答说山大理工科不行是有偏差的，山大理科还不是不错的，比如数理化生还是不错的，生化大坑就不说了，这个分数段想学数学物理，山大是比较不错的平台，出国和读研是不会拖你后腿的，至于就业，基础学科加上济南这个地方，比较呵呵，而且继续深造的占得比例不是太高，要注意你的家庭条件。顺便一提山大泰山学堂，培养山大精英的地方，资源丰富。  山大经济学院也不错，一般好的学生是保研和出国，清北复交人上财，出国成绩不是太差就看你的家庭条件了，深造去向应该是比西工大华南理工强...顺便说一句，比较高端商科的职位，比如总行啥的，一般要求名校硕士学历的。  然后是山大的医学院，也是很厉害的，但是这个年头学医...还在山大..还是算了...  文史哲，想说两点...济南，就业。  另外，山大转专业的话除了电气医学经济数学不好转，其他几乎随便转。  以上是山大比较好的地方，然后说山大的不好。  济南这个大县城，坑爹的校区，交通不便，毫无综合性大学的样子，官僚，教学差，硬件差。相比华南理工在广州，工科还可以，硬件也还好，南方比较自由。  如果你是北方人特别是山东人，推荐山大，南方的，浙江及以南的省份，不推荐。  对于大部分想找个好工作的普通人....华南理工...数学物理医学真爱什么的..山大  如果我再选一次，我选华南理工。
西安高中狗想到西北大学考古，不知道分是不是很高，还有现在可以看些什么书做做铺垫？,我是来泼冷水的。本科录取分多少不知道，不过本科考古大多是被调剂来了。此外，考古本科出来的还从事这一行的不多，市所省院本科生不好进，省博这几年不招人，其他博物馆事业单位招考也要硕士。如果不想进研究院博物馆，硕士还能考各院校的辅导员，博士还能考教师岗位。  ............................ 当我还是个懵懂的历史专业大一新生的时候，我们老师就说过想干这一行（指历史），35岁以前别想着赚钱，专心搞你的研究就行了。现在看来考古也是一样。陕西这地大致是本科2000，硕士2500（我大概估的，各单位有区别）。去沿海地区还好点。另外勘探公司之类的私企也要，工资能高点。  .......................... 如果为了情怀，那你就一抹黑上到博士吧（至少也硕士吧），如果侧重就业，出门左转，那么多康庄大道不走，非要往灰坑里跳。  ....................... 你要问书的话，冉老师的《汉唐考古学讲稿》，张老师的《考古学十八讲》，钱老师的《史前考古学讲稿》，另外一个张老师的《考古学专题六讲》。我最喜欢的是特里格的《考古学思想史》，因为历史科班出身的缘故。
xian西北大学 待遇？,基本上还可以   不要期望过高
西北政法大学和西北大学法学院哪个更好呀？,本科阶段：学术上北大、人大、中国政法、吉大、五大是老牌法学院，肯定没问题；除此之外的西政、西北政法、华东政法、中南财经政法都是有名的法学院，实力杠杠滴。你说的西北大学是原来我国主要的大学教师基地，很多出名的教授都来自于哪里，但是法学类并不是。我们主要出身以上五院四系。法学界内，认可西北政法更多一些。 研究生阶段，还要加上中国社科院、上海社科院两所。在党内和学术界，社科院的地位要高于其他院校。
西北大学转专业怎么转 我想从软工转成金融可以吗?,怎么说呢。转专业超级难。如果想单靠自己成绩，转专业考试绝对要前三。后面面试要过关。我身边一个转专业成功的，本来连参加考试资格都没有，硬生生花钱转了。那位同学说到面试环节几乎都是学校领导教授教师子女了。。。尤其是金融，经管院的竞争向来激烈。
为什么西北工业大学知名度不高？,因为你们是东部人，因为你们是南方人。 不信你问问那边的人考上西北工业大学是一种怎样的体验  其实我觉得大概有这样几个因素吧。  1. 地理区位因素不好，而且尤其江苏这边的人，对大学的认知偏向于北京、上海、南京。  2.在自己的地区没有排到最好，提到广东人们知道的是中山大学，提到东北人们知道的是哈工大，对于江苏之外的人，提到江苏（南京）人们知道的是南京大学。 华南理工大学，大连理工大学，东南大学不幸躺枪。  3.专业不够广泛，人们更容易知道综合性大学。 （我觉得这点和上一点有点接近，也正是因为不是综合性大学，只研究某一大类学科而导致的排名屈居地区）   •＿＿＿＿＿＿＿＿＿• 答完题看了题主提供的问题描述 我觉得还应该说一些更重要的东西。  坦白讲我觉得这个问题实在不能怪【知名度】  因为我们现在津津乐道的知名度没什么意义。   很简单，不要试图和【蓝翔】比知名度 你可能可以说蓝翔那是恶名，正确价值观里的知名度他还是不够高。 那拿一所英国前20的大学，美国前50的大学来聊聊知名度。  大概你的亲戚这时候又会说「爸妈出钱让你出了个国啊，你要好好珍惜啊。海龟现在都是败家子啊。」  因为这个层面上的知名度说明不了什么问题。  完全由于受众的认知水平不够造成的。  和学生，和教授讨论知名度，这个受众的数据信息才是有意义的。  那些亲戚朋友家长长辈的 又不是自己亲身经历过考了个重本分数然后每天钻研填志愿的  又不是武书连上海交大那帮子人天天研究大学排名的  没听说过西北工业大学的人，大概也以为东南大学是福建某三本，大概也以为上海交大的毕业出来当交警。  当学生的你，只要明白自己的学校是全中国理工科一流的学校，只要明白自己读的专业在学界认可度很高就够了。  我们上大学从来不是为了回答亲戚问“高考考的怎么样啊”的。
怎么看待西北大学现代学院禁止学生平安夜出校门？,如果同时禁止古尔邦节，我就认为没啥。      到底古尔邦节是民族节日还是宗教节日， 我不是很懂。 评论区有人说古尔邦节和圣诞节差不多， 都是非主体民族的节日…… 中国什么时候出来一个基督族了？
西北大学怎么突然有钱搞一些设施建设了？,校长 郭，来自经管院，在高层有很大的人脉，就能申请到海量经费，这是一个好事情！
女生学西北工业大学的飞行器环境与生命保障工程，好吗？,西工大不是一对情侣三对基么。。女生一直是稀有动物。不过放心吧，男生们会好好照顾你哒 
志愿是选择东北大学秦皇岛分校还是选择西北农林科技大学？,你不用问他们了。告诉你，你选了哪所学校，就一生都是它的追随者。我毕业于东秦，别说和西北农林比，就是和清华比，我都敢厚着脸皮说东秦好，因为那里有我的青春，清华没有。可是我觉得好有什么用呢，学校的地位不能用毕业生的感情评判。题主你这问的问题，明显问到毕业生的感情评判上了。问不出什么真实情况，反而引来两个学校扯皮。建议你两个学校都去看看，感受一下，就知道哪里是能替你保留青春的地方。求校友不骂，也求农林校友不骂。知乎最近风气不好，没勇气承受辱骂，匿了。
如何看待因为王宝强马蓉离婚而黑西北大学的行为？,        距离宝强离婚也有几天了，我校也被跟着黑了有几天了，微博上也跟着撕了好几天了，有人要说你们作为一个高等学府，一点气度都没有之类的。但是，学生们的脾气还没有好到让人蹬鼻子上脸的骂到不还口，身为这个学校的一名学生，学生们深深的为此而感到骄傲和自豪，自然见不得有人侮辱他们深爱的这所学校。         至于如何看待他们黑学校的行为？你从他们评论中就能看出一个人的素质和受教育水平的高低，你跟他们讲道理摆事实你觉得他们会听会看嘛？你越是搭理他们越是来劲儿，他们要的不是结果，他们要的是这个撕的过程，这一刻他们的存在感无限强烈，这一刻他们化身成为维护正义的斗士，痛斥无良学校教育出无良学生危害社会，岂不快哉?然后热度一过，该干嘛干嘛，十天半个月以后你看还会有多少人记得这事。         让学校为此负责任的，有个问题想问问，复旦投毒学校要不要负责任?北大杀母学校要不要负责任？马加爵残杀室友学校要不要负责任？药家鑫手染鲜血学校要不要负责任？学校需要负什么责?马蓉出轨是学校教的？学校培养她走出社会去搞婚外情？学校不可能看着一个人一辈子，路都是自己走的，选择都是自己做的，自己犯的错就应该自己去承担，难道走出社会自己犯得错还要学校来背锅？        至于这事会不会影响学校招生？我只想说，皇上在的时候学校就在了，这一百多年什么大风大浪没见过，当年枪口对着西大都没有低过头，如今一方宵小就想凭这风言风语动摇西大百年根基，怕是想太多。就像校歌里唱的那样：汉唐胜地，西北上庠。风雨设帐历沧桑。与终南巍巍，共河汉泱泱。春秋代序，懿德远扬。蜚英腾茂，山高水长！         以上就是我对这次事件的看法，第一次写这么长的回答，或许观点过于激进，或许观点有些幼稚，也希望各位能够指出 以上
是什么导致西北农林科技大学如此的差劲？,4月30日更新 目前勃同学已经从专业黑西农转到专业黑我了  各种自问自答指桑骂槐。不过以他的智商，连动物医学和动物科学的区别都分不清，国际马联和国际田联都能弄错，跟他也就没什么可生气的了。我为母校挡了枪我自豪，黑我也要讲究基本法啊同学！ 4月24日凌晨更新 半夜被我家猫吵醒了睡不着，翻开手机补充点有意思的事吧，也给不明真相的人科普一下。  第一，这个问题是以 @勃回国 为主的“西农黑三人组”搞的一系列问题中的一个。至于为什么叫一系列和三人组，你点开看他的提问和回答列表就明白了。 他的提问列表    大部分都是几个人自问自答再互相捧一捧，也没什么人有兴趣看，老实说我真不明白这么做的意义在哪里。 部分他的回答列表         怎么说呢，反正我是当相声看的。  当然这篇回答下本尊也在，为避免他也删了评论我也截了图        （我才不会告诉你是我好久没这么痛快怼人了所以截图留念哼） 第二，关于我的评论区。三人组里比较平和的一位下午出现了 @成功蛙士 。总的来说我觉得他还算是一个比较理智的人，所以聊了很多。包括 @勃回国 为什么不遗余力长期不懈地黑西农的故事也说了。但是估计也就是那位嫌他说的太多揭了老底，所以我晚上再看时评论已经全删了。所以估计很多人看了评论区我大段的话会很糊涂，在此解释下。 “蛙士”同学告诉我他的这位朋友 @勃回国 的故事大致是这样的 “高考失利，报志愿时由于家庭阻力和自身原因来了西农，之后发现和自己心里落差太大。” 是的，完了。就是这个你在西农随机抽10个学生估计5个都是这个版本的故事。我本以为应该是更加心酸、更加曲折、更加XX的故事，才能让勃同学对西农恨得如此彻底和持久，结果就给我看了个这个。当然以上故事蛙同学是分开几条说的，从我的评论应该能看出来对应的。我得承认我很失望，这就好比那些整整100分钟各种悬疑酷炫鬼怪duangduang特效一起上的国产鬼片，你为他设想了很多劲爆的谜底，结果最后一分钟告诉你都是一个精神病人的幻觉而已。  总之对于这个人和这件事，我的观点都在评论里了，仅供大家参考。 PS：我觉得他应该去看心理医生    原文如下： 利益相关：西农2011届毕业生。  西农的确没什么名气，这是事实。地方偏远是一个方面，农业在中国本身就被大众认为不高大上是另一方面。 你说的几个问题我上学5年都没遇到过。宿舍的东西都是坏了叫修下午就到，师傅一边修一遍侃大山好的很。动医学院一年比一年好，就没走过下坡路，你说的摘牌情况是什么专业的我就不知道了。老师勾心斗角倒是有，有人的地方就有江湖嘛，可是学校那几年来的几个高级的老师我看现在别人过的很滋润啊。话又说回来你倒是给我找个人又多又没勾心斗角的地方？估计只有等共产主义了吧。 倒不想说题主几个什么，不过看了你们的一系列自问自答满篇谩骂找认同这种行为，终归不像是知乎作风。从这一点来说，说你们是loser应该不为过。心智成熟的人不会干这种low的事。 最后给学弟学妹们一个忠告，学校有好有坏，来了就好好呆着好好学习。自己的路是自己走出来的，像题主这样的，搁斯坦福去他也过不好，引以为戒吧。
西北大学（northwestern）和UCLA是一个tier的吗？, 衡量一个学校的参数实在太多了。综排有综排的直观性和局限性。  简单来说，如果题主更注重学术方面，可以根据本科感兴趣的专业来选择学校。例如，想读新闻的话去西北，想念数学、牙医等的可以来UCLA。  有人说公立学校给本科生人均资源少，我觉得这话应该换个角度来看。资源永远都是有限的，你需要去争取。公立学校人均资源也许不如私立，但在总量上，我不认为UCLA会比NWU低。对于有心的人来说，公立也许更合适。  论及生活方面，LA位置好华人多气候暖。我认识不少NWU的同学假期（甚至周末）会飞来南加州。NWU这两年中国人也慢慢多起来了，附近的中超中餐馆也新开了不少。但伊利诺伊嘛，怎么能和加州相提并论？  总体来说，如果两所学校都录了同一个人的话，这人多半会去西北吧，但UCLA的 大多数 人应该是不会考虑转去美国东北部的。 
本科工科，研究生西北大学会计学专业，应聘华为财务岗能成功吗？,楼主，你好，我2018年考研想考西北大学会计学硕，我想问下你西北大学会计学硕怎么样？好考吗？
希望从事证券行业，或者银行业，准备考取金融研究生，在四川大学和西北大学间纠结(本人成都人)，求指导?,果断是川大了，金融非常认985/211
我国的西北大学还行吗，和苏大相比?,两个都是全国不知名，区域内有名的三流大学……都是211，所以实力还是可以的。看你以后的发展地方咯，在西北或者内陆就去西北大，在江苏或者苏南就去苏大，但在江苏省内西北大学知名度很低，也许在陕西苏大也是野鸡学校吧。
如何看待《栀子花开》剧组以“综合考虑“而未选择网络票选第一的西北政法大学作为10所巡回宣传大学之一？,一次利用学生的成功的营销，一句“可能”给了剧组选择性忽视西北政法，树人大学的“正当理由”。 可惜他们忘了，西北政法作为老牌“五院四系”的政法院校，多的是为权利抗争的事情。作为专业性学校，本身就难以与综合院校抗衡，学生一票一票投出来的第一，很难得。一次小小的投票，看出了政法人的团结 这次打脸，政法人不会忘，知耻而后勇，方能彰显政法风范
西北大学有哪些好老师？,法学院的柯岚老师，傅强老师，田海老师！
西北民族大学的软件工程专业出来能找到工作吗？,这学校文凭南方认可度低，在北方西北地区倒是可以找个工作，好不好那就要看你的成绩了
普通一本数学与应用数学，成绩垫底，想考西北大学数学学科教学好虚怎么办？,手机看不到题主什么时候的提问。 只想说西大数学学科教学硕士学位已经被取消了。 以前应该不难考吧，虽是数学专业，然而考研不考数分高代考的高数。英语考英语二。
西北大学和西交大的经济学哪个更厉害？更容易考研？,  本人西北大学经管院在校生，从纸面上来说，西北大学的经济学出了一大批的人，在国内的经济学界还是有相当低位的。但是，与交大相比，西北大学的硬件差得太多，而且名声远没有交大来得响亮，只有在西北地区才有一定的知名度。近几年，西北大学经管院招来了一批有实力的年轻教师，但是期望他们马上发光发热是不现实的。综上，交大的实力更强。   关于考研的难度，因为实力有差距，明显交大的分数更高。但就我所知，每年西北大学的研究生里也有三百七、八的强人。所以，具体考研应该根据自己的实力来，或者是根据导师的研究方向和业内水平。
在西北读大学究竟是什么感觉?,南方人，西施狗。在兰州上大学其实跟其他地方也没有什么很大的差别。无非是从家到学校远了一些。但是这还是没有阻碍俺要飞出本省的心！谁说待在本省就很好么！啊呸 在兰州上大学的最大体验就是，这里气候比较干燥，当地人性格比较直。环境不如家那里那么好，城市规划的有点混乱，交通更是乱上加乱…… 但是感觉甘肃这边的孩子都比较有性格，很独立。学习风气也还可以。物价略高，有破落土楼也有繁华大厦。可以小资地坐在咖啡馆里抿一口卡布奇诺，也可以抱着几瓶黄河啤酒到黄河边撸川。主食品种繁多，尤其偏爱油炸……口味偏咸。分量吓人。 大城市该有的它都有，只愿你不要用地域歧视的眼神看待它，它还是一个蛮有情怀的城市。
求学长学姐回答。妹子考上例如西北工业大学计科专业未来就业前景如何？,我如果说前景很好，你能怎么样呢？你真的会没有任何顾虑地报考吗？过去十年里，大家都觉得金融财会前景光明，现在不都瞎了么？谁会想到银行业今年只发5块钱年终奖来赶人呢？  我如果说前景很悬，你又能怎么样呢？难不成会去读生物化学么？是不是到时候又会到知乎上问学生物化学如何转CS呢？
芝加哥大学和西北大学哪个更好？,美国许多学校会因其地理上或者性质上的相近而形成激烈竞争，使得其间相互怀有敌意，就像哈佛与耶鲁、麻省理工和加州理工、或者加州洛杉矶对南加州大学， 但是在坐落在芝加哥南北两端的芝加哥大学和西北大学并没有这种死对头（Rivalry）关系——UChicago和NU在 任何方面 而言都实在是太不同的两个学校了。    西北大学的韦伯拱（Weber Arch）    西北大学整体而言非常 Pre-Professional : “金融”、“投行”、“实习”是Evanston处在浪潮尖的字眼。该校最为人称道的学科是在新闻传媒类的专门化职业教育，一向以全美最顶尖示人；此外凯洛格管理学院（不提供本科专业）作为全美前十的商学院所开设的Certificate项目在本科生之中也是大受追捧；Bienen音乐学院和McCormick工学院也颇具人气。即使是面对基础学科的文理学院，仍然有学习Math/CS/Econ、在Kellogg修Certificate、最终跻身金融界也早已成为常年的风潮。学习以外，西北学生也普遍热衷于传统的美国大学式的娱乐（ Traditional Collegiate Fun ）:在全校倾倒于橄榄球校队的狂热之中获得共同认同感、以兄弟会获得最紧密的友谊、在大爬梯的欢恣中寻求放松。从这种意义上，西北大学的整体气质非常能代表标准的美国大U- 学生群体没有过强的特质感（Quirkiness）、而是充满多元性；全校弥漫着浓郁的实用主义气息，急迫于能把知识转化为实践；在派对与校队体育(Varsity Sports)之中获得紧密的学校精神(School Spirit).     西北大学向南望向芝加哥的湖景    相反，芝加哥大学是大名鼎鼎地“学术化”， 或者更恰当地说， “智性化” 。风城南端这一方见证了 91  位诺贝尔奖 得主的庭园在在美国这个整体讲究实用、甚至有点反智的社会中堪称独树一帜。有多少人会有这样的观点、何况是一整个学校呢：“能够顺利实践当然很好，但我们更热爱提出理论。”( “It may be good and sound in practice， but how's it like in theory?” )     芝大的立校精神讲求为了学习本身的乐趣而去严谨地探索最深奥的知识，正如其校训所讲：“扩充知识，以充实人生。” (Crescat Scientia; Vita Excolatur./ Let Knowledge grow from more to more， and thus human life enriched.) 在寻求真知之间，而不过分期待其带来功利上的好处，虽然芝大人一旦步入职场也常常有耀眼的表现；尤其在近年来随着芝大职业指导项目的快速提升，芝大本科生的就业与发展有着很不错的记录。     芝加哥大学庭园 (The Quad)的霍厄门 (Hull Gate)      芝大拥有的医学院、法学院、商学院不仅在水平上全球领先，（举例而言，今年USNews排名显示芝大商学院全美第二、法学院第四、医学院第十一）更是少有的极其重视研究的职业学院。芝大甚至没有严格意义上的工学院，而只有应用科学属性远远强过工程实践属性的“分子工程研究所”（Institute of Molecular Engineering）但是对本科生来说，这些职业学校始终是在主旋律之外的。芝大本科生全都属于同一个 “学院部”(The College)， 全部由基础学科组成。自老校长哈钦斯所传下来的芝大正统一向坚守着自由教育(Liberal Education)，坚信在本科阶段广泛学习各科的精髓、专精于基础而经典的学科不仅有利于每一位学生的未来发展（不管其踏入学术界、金融界、实业界还是公共服务行业），更对其了解自我、培养德性、塑造灵魂有着关键的意义。     芝加哥大学庭园鸟瞰图（自南向北）      在这种对跨学科性（Interdisciplinarism）和学识基础（不管是对科目性质、还是对学科内部的框架而言）的信仰之下，芝大的整个本科学术体验很大程度上基于其严格的 核心教育 （Core Curriculum）；与很多学校都要求学生在不同学科选修一些入门课程的通识教育不同，芝大的核心课程每门都是为此而特地设计的，其目的并不在于强迫学生学习一些既有的学科性知识，而在于鼓励他们去理解人类最伟大的思想者们的思维模式，从而指导其接下来四年的学习、乃至接下来四十年的工作。  在课堂之外，芝大经常被称作“玩乐匿迹之处”（ Where fun goes to die ）这句常作为自嘲的化虽然夸张，却不无准确地刻画出芝大学业之重。可是学习对芝大学生似乎完全不是一种痛苦，而更多是一种享受：即使闲暇时，他们也会一起讨论弗洛伊德或者柏拉图，或者用量子力学和新古典主义经济学理论来辩论三角面包与土豆饼哪方才是正统光明节食物（The Latke-Hamantash Debate"）     芝加哥大学未来主义的曼苏埃托图书馆 （Mansueto Library）    某种意义上，芝大并不是、也并没有想做一个适宜于所有人的学校，而只是想做一个“给一群有特殊性格、特殊兴趣和特殊才能的学者交流思想的园地”，就好似柏拉图的学园（ Ἀκαδημία， Platonic Academy）      目前校长Robert Zimmer推出了很多政策，来使得芝大这种气质不再那样“盛气凌人”，而更重视一个顶尖大学应有的“全面性”，譬如加强职业服务、增强艺术设施与社会参与项目、提升学校认同感以吸引校友捐款、修建现代化新建筑物等。其成果目前而言也非常显著——芝大的财务状况一片大好、排名一路高升、新设施新项目也层出不穷、多元化明显加强，虽然也不乏有对其削弱学校核心气质的抱怨。  总体来说，芝大和西北都堪称世界名校。虽然其距离比较相近，但是其风格完全不同：西北更像一个入世精业、能学会玩的 典型美式大学 ，而芝大远远更像不乏理想的学者所共享的 严谨学社 ——孰是孰非，完全看选择者的需求。以上所讨论的是本科生的境遇于体验，一方面是答主个人视角所限，另一方面是我认为只有本科生才是一个美国学校气质和特性的真正体验者，而读硕士、博士的经历更多来源于所在系的水平、特性，甚至是所跟导师的个人情况。    芝加哥大学知名的哈珀阅览室 (Reading Room， Harper Memorial Library)   一点私货：西北拥有令人观止的绝美湖景与Evanston迷人的富饶，而芝大所在Hyde Park长期以来不甚发达，如今也是方兴未艾。但是每当我走过芝大那一幢幢青砖高阁的哥特建筑、充满仪式感的哈珀阅览室、凝望那满墙生机的常青藤，我会更感到一种灵魂的升华感——这也许就是所谓归属吧。    （利益相关：UChicago 20'， 曾在NU参加夏校。）  （图自网络，侵删） 
如何评价西北大学模联秘书长赖积君未经选举担任秘书长的事件？,不匿，本人赖积君，西北大学国际关系协会现任秘书长，当事人。嗯，我想在模联圈和西北大学应该没有和我重名的人了。  一天忙着和小组成员讨论剧本开发进度，下午在QQ群被@告诉我在知乎被挂上墙了，想了想，打算回复一点，然后拖到现在。  首先，对于这个莫名的被上墙我是想问一句的，这个模圈有多少人认识我，以及有多少人还知道我是谁，我没有任何名气和存在感这个其实是很明显的。至于说，题主把我担任秘书长的问题撕到这里是想让更多人来喷我还是想让我担上罪名什么的我并不清楚，也不打算猜测更多，至少这个问题现在不会影响到我什么。  其次，西北大学国际关系协会本身不是个大协会，在学校和西北地区都属于微缩型社团，和其他学生社团一样，它的换届也只需要将结果在四至五月期间对西北大学社团管理中心和西北大学校团委进行报备，至于换届的具体事宜是协会自身的事务。好了，那么这样的话，题主能够把我上任的状况书写的这样清楚，我其实也是很想知道题主是怎么知道我是这样当上协会秘书长的，为什么要把我们协会内部的事情搬到知乎上来。  再次，题主有一点说的还是对的，没错，我这个秘书长的职务是上一届的协会秘书长钦定给我的结果，但是，so what？我需要说明的是，关于接任这个问题我也和上一任秘书长讨论过多次，在换届大会上，我征询过所有协会执团成员，也就是当时2014级中，除退出协会和明确不参与协会任何事务的全体协会成员的意见，所有协会的成员都是同意我接任秘书长的，这已经取得了一致性同意，而不是个黑箱。现在关于秘书长的问题，我唯一需要解释的对象是协会2014级和2015级的成员们，而不是题主您。  然后，对于我的人品和操守，以及我恋栈不想离开的贪权问题，我自己解是说的再多也是无力的，这需要来自模圈——虽然我认识的人不多，认识我的人更少——的评价，至少第三方的评价比主观陈述要客观、综合和可信度高些。  最后，题主为什么要把我弄上知乎，我并不太清楚。但是，请不要攻击我的前任秘书长，我和她同级，在协会日常和学术工作等等方面搭档日久，我对于她是尊重和无保留相信的，她处于这个圈子的边缘，并不了解那么多的事情，请不要因为我而把她拉入这种事非争论上，还有西北大学国际关系协会也是一样。如果说对我不满请直接对我来，污水的目标只有我一个，不要把其他的牵涉进来，我对此表示十分的感谢。  送题主一句话，模联会给带来我们什么？它会让我们感受到，世界的伟大，个人的渺小，还有友情的可贵。
为什么我打开findmima.com，跳转的却是西北大学的主页？,&lt;!--请看这里 临时关闭，详细请见：  推特：  https://  twitter.com/findmima          &lt;/html&gt; 
考西北大学和西安财经学院的专硕需不需要工作经验？, 谢邀。 如果你不是在话题里面加了个会计硕士， 都不知道你考会计。   专硕只有像MBA工商管理、 MPA公共管理、 工程管理、旅游管理硕士等是需要工作经验的，MPACC 应届生是可以报考的， 不需要工作经验！  mpacc考研初试是英语二和199管联考， 199管联考主要考初数、 逻辑、 写作， 教材你去搜索就知道用哪些了， 推荐机械出版社的     
在中国西北大学就读是怎样一番体验?,  多图预警。 1920*1080，1300w。       这几天看到学弟学妹们分享的关于朱坤显老师被教务处停课的事，不禁唏嘘。本来想贴事件的地址上来，发现被删了。每一年千军万马抢选修课的时候，朱老师的摄影课都是万众瞩目。朱老师是有情怀的人，豪放俊逸，《墨脱情》就是体现。他有很多故事，引人入胜，也包括政治论点。这样的缘故罢，颇受学生们的热爱。他站在三尺讲台上的时候，和底下的学生一样，都是热血年纪。  此事余波未消，引得我想答此题。          我是去年毕业，信科院。题楼里校友们吐槽怀念剖析说的都差不多了，我来说点别的。想到哪里写哪里，无逻辑，不全面，请多包涵。    1.关于校园生活。           10年入学的时候，我拉着行李箱，和爸妈一起，南校区东门进来，当时的场景依然历历在目。此后的四年光景，都在这1544亩土地上，闪闪发亮。         是不是每个上西大的人都会说，当时报志愿的时候根本没想着要来，没想到真的就来了。是的，我也是这样，报志愿前一天晚上才知道“西北大学”这四个字，草草填了，了事。我慌不择路地选了数理经济实验班，金融工程、城市规划等等掷地有声的专业。然后我进了信科院，老天爷就是这么喜欢开玩笑。大一下还试图转专业，未果。稀里糊涂学了四年工科。         这四年里，时间在我身上留下的痕迹是明显的。认识的人，走过的路，经历的事，一点一滴融汇成现在的我。  我从不后悔。          电脑里留了些图，都是以前照的。   这是坐落于西大最角落的信科城环院楼    这是去年毕业答辩那天我拍的，从我们院楼上瞭望整个校园。    最显眼的是图书馆，那是四年里，我最爱的地方。  10年刚来的时候，图书馆还没有完全竣工，我爬到楼顶俯瞰校园：    他白天温文尔雅，是这样的：   夕阳西下，彩霞齐飞的时候是这样的：   天色暗下来是这样的：（爱称：西北夜——总——会）    他的里面是这样的：          虽说西大是综合类院校，可她骨子里还是个娇滴滴的萌妹子。比如经常会发生的求爱事件：    接下来是教学楼：   夜晚的时候从五楼顶看风景：   发生过太多故事的北广场：    噢。我是工科女，你说我们学什么？这个：    （我是学渣  泪目…………）   宿舍（这张图是毕业临走的前一天晚上我拍的。心情和宿舍一样杂乱。在收拾行李，就此别过，很可能一辈子很少见到了。）   还有操场。这同样是去年毕业季我在操场上溜达的时候看到的，像被人掐了一下。    每个大学都会养活一个村，我们居住在居安国际。居安国际的天，是人民的天。    我们当年的饭卡和图书卡：    去年9月开学他们双卡合并换了新卡。哦，设计师以前在公交公司干过吧：    我们学校还有国防生。可惜12级是最后一届了，据说从此西大再也不招国防生。    2.12年校庆   有幸我参与了西北大学110周年校庆，在志愿者的队伍里东奔西走。我们有发过一个需要背诵的小册子，里面是校情校史校规。      还有给校友们的小礼物：     以及当时的热血沸腾：                                    许巍西北大学公益演出完整清晰版                        http://v.youku.com/v_show/id_XNDY5NzYxMDM2.html                                 和爱恋：                                      西北大学欢迎你                        http://v.youku.com/v_show/id_XNDYwMTc0MDQ0.html                              上大学前私心想着，我的大学一定是五光十色的，我要成为闪闪发光的人。我要成为学霸出任CEO走上人生巅峰，要看完图书馆的书，要减肥健身。我的真命天子会在一个万众瞩目的情况下出现，身披金甲圣衣，脚踏七色彩云来娶我。四年过去了，苦闹愁离，穿堂走巷。信誓旦旦大都随了风，以为的请教余生，成为了一面让你认清自己的镜子。人们倾向于认为过去的自己比现在简单幸福，忽略了随着时间消磨殆尽的并不是事件本身，而是你有选择的记忆。特别是大学的日子。   无论你在大学中成了学霸，混迹社团，还是做了情圣、创业起家，亦或是蛰伏宿舍、泡了图书馆。 在这个相对安全的缓冲带里，你以最小的代价，可以尽力去尝试未来的种种可能性，你有足够任性的时间精力去探索。在以后的日子里，你会明白，那就叫做自由。    当我回想起四年的种种，想到海子的诗句：  晨光中她突然发现我  她眺起眼睛  她看得我浑身美丽     我们怀念的都是自己。    22岁生日前，记。 
在美国西北大学 (Northwestern University) 就读是怎样一番体验？,谢谢好几个人邀我，作为在西北快呆满五年的PhD来答一下吧。 先丢些照片，学校美，这个没话说。  （这张是2月份冰雪某天出太阳冰雪融化我从实验室去食堂觅食途中用手机拍的，近处是和密歇根湖相连的一个学校里的小泻湖，远处湖堤外面就是大密歇根湖）  学校生态环境好，随处可见各种小动物    （上面两张里的幼崽应该是同一对，拍摄时间差了20天就长了这么大）  （筑巢的燕子）  （筑好的两居室）  （思考兔生的小兔子）  （每年春夏之交在泻湖入口都会聚集很多产仔的鲤鱼）  （一只鸭子着水）   （湖鸥特别多）  （一只特写）  （鸟巢随处可见，不光树上到处是，有些都直接建到草地里）  （松鼠什么的就更不用说了）  （以至于有时候路上难免发生这种悲剧）  （学校湖边的日出，用了暴力HDR处理）  除了冬天太长真没啥可抱怨的了。  学习和工作在西北真是舒服得很，尤其是作为研究生，西北的宽松合作氛围非常好，仪器设备培训了绝大多数都能自己上手操作，效率极高。  ====待补充====
大家怎么看待王宝强马蓉事件，对西北大学造成的影响。？,1.我就是西北大学的，我们学校简直躺着也中枪。首先，我们学校从来都没有举行过什么校花评选大赛，其次，作为一个偏文科的综合院校，美女一抓一大把，真心轮不上她。媒体当年为了炒作给她冠上这样的名头，现在又用这话来黑我们学校，简直无耻。我们学校真正的校花是白玉兰花好伐  2.叶良辰当初也只是我们学校南门外面酸菜鱼米线端盘子小哥，跟我们学校没半毛钱关系。 3.一个百年老校时常沦陷于娱乐八卦的漩涡里，作为本校学生真的很痛心。希望大家能理性看待事物。  最后，挂一下评论区那位自称南航毕业，到处说别人学校二流。因为三观极其不正，常被群起挂之，而不得不用小号上知乎的喷子↓（不是自称自己南航毕业吗，南工大又是什么鬼呢？）     两个大小号同时玩，还尽答些强奸无罪，重男轻女的回答，天天被举报也不改。嗯，人渣大约就是这样的。   
请问成都理工的经济学好还是西北大学的好？,这能比吗，西北大学的经济学比清北都好太多太多了。  
西北大学新生的被褥是学校发吗?,建议这种问题直接去百度贴吧问吧，知乎这么高雅的环境。 好吧，学校的要买，500块钱一套好像，不买也可以。 PS建议不买学校的质量很差。
如何评价西北工业大学计算机组成原理实验老师王毅航？,同被挂，想说， 首先，希望学生认真对待没错，那首先自己也要认真对待自己的教学。 其次，让学生补上没学明白的课的方法有很多，偏偏一定要挂科？在大多数老师都想着能多给学生机会就多给一次的时候，连多问一个问题的时间都舍不得，甚至学生多次找到老师希望重新操作一次遭到拒绝。 最后，作为"半门"实验课，两个问题就决定学生整门课挂科与否，我实在是想不通。毕竟是不能补考必须重修的实验课。
郭立宏校长来西北大学后，在西大就读是怎样的体验？, 毕业典礼的时候，校长大人承诺暑假装空调，激动的快哭了，虽然我们用不上了，但我可爱的学弟学妹以后可以住空调宿舍了 
如何评价西北大学的政治氛围？,我一直觉得没什么政治氛围，直到去南区开了一次会。。。北区还是相对宽松很多，但没有政治氛围的缺点就是什么事情都办得勉勉强强。。。
如何看待西北工业大学廉政文化知识竞赛？,没听过←_←
请问这是哪个大学，是西北大学吗？,这不是西北大学的建筑物。
在西北农林科技大学就读是怎样一番体验？,在西农待了5年~~~~我大动医的娃伤不起啊~~~不说废话，上图~~ ----------------------------------------------------------------------------------------------------------------------------------------  1 空气好，树木多。 大都很高的，草坪绿油油的，法国梧桐也很有情调。当年大学开学的时候，一进门，哇，整一森林啊。    2 北校8号楼  动医5年都是在北校上的，南校很少去。偌大的北校区里，更常去的是自习氛围很好的8号楼，印象深刻的是大一新生时候，自习是要考勤滴~~于是常常跟导员说感冒啦，躲着躲着不去上自习~~~然后一转眼到了大五考研的时候，天天整8号楼找座自习，最喜欢11点熄灯时的8号楼，从9层高的地方俯视整个西农，满满的满足感。    3 食堂里的小麻雀    无论是西区食堂还是东区食堂，都有我大西农小麻雀的飒爽英姿啊，它们一次次滴提醒我们，珍 惜粮食，从我西农学子做起~~~（虽然曾经无数次地想把它们烤来吃吃看来着…………^ ^）     4 旧旧的3号楼    最好最好的建筑啊，对我来说，最爱3号楼~~那个黄黄的“国立西北农林专科学校”简直酷呆了！！（就是要告诉大家，偶们就是农林啦）开学时候，曾经有学长说，3号楼墙上有抗战时候，国军与日军在墙体上留下的弹孔啊！！我找了半天，貌似只看到些坑坑洼洼的地方（近视眼%&gt;_&lt;%）。 记得08年来的时候，大学英语是在3号楼上的，老师很认真，学生很瞌睡~~~线性代数也是那儿上的，记得当时逃了不少课~~依稀昨日。给我上过课的老师都感觉很敬业，或幽默风趣，或面无表情，或大师风采，或长者风范。（依稀记得给我们上兽医拉丁语的李老师，简直是个老顽童~~）        5 田径场边的麦田  ~~毕业时，还专门狠狠滴在那逛了几圈！！（这片应该是试验田，我还生吃过夏天的小麦粒，很香~~）    6 喷泉广场边的椅子~~    这里经常有早读的学生，每次经过这里，去动医学院上实验课的时候，总是悄悄地，惭愧地走快点啊啊啊啊，在这待了5年，仅有两次来这早读（考试啦，背那该死的政治~~~）。喷泉广场经常举办各种活动啦，什么英语角啦，联谊啦之类的，也有赵洪章院士的雕像，花前月下，情侣们常常坐在赵院士前的石椅上感悟科学魅力，体会人生奥义！！     7 夜幕下的图书馆（背面）  西农的图书馆挺大的，每次一到图书馆，总能收拾自己贪玩的心，因为感觉图书馆是神圣的地方，在那儿也不能丢了我动医人的面儿，于是即使去玩玩，也能安安静静的拿些书来瞧瞧，然后，一下午就过去了（哈欠~~~图书馆的空调真爽啊~~~安静又凉爽，最适合来这里补眠啦~~~）     8 大田径场  大一时，我一直搞不懂，为嘛搞个大运动会，连观众也要考勤！！！下雨也不放过！！！！不到还要通报批评！！！这尼玛！！！（不过夜晚的田径场可以看看星空，可以陪陪妹纸散散心，谈谈人生~~~）     9 三号楼前的松树林  这儿简直是人间天堂，在这里背过政治，背过单词，被好多蚊子叮过！！不过秋天的时候真爽啊，一本杂志，一张石椅子，还有翩翩而过的妹纸，这才是人生啊！       毕业一年了，我还是超爱西农~~~~~~       PS:照片来自《西农视线》，侵删 ，感谢~~。 
考研党，想考西北农林科技大学经管类的？,看来是我多虑了 天真的以为这学校会招不到人了就地解散 无论西农多水 都有学生报考 理解不能
本科在西北某大学就读计算机专业，研究生想出国转读心理学，从现在起该做什么？,谢邀，过年好哈~ 大二开始做准备挺好的，首先考虑一下想学什么方向的吧，心理学分支很多的，看看你对哪方面感兴趣了。其实计算机和心理学应用的结合是个很好的趋势，现在的产品都越来越看重人机交互，里面心理学大展拳脚的空间很丰富，所以虽然现在你对所学的计算机不来电，也许将来会成为你的一个优势呢~这么想想是不是会好些呢~ 国家的选择，美帝和德国应该都不错（虽然我只是旅游短暂去过德国吧~囧）心理学的底蕴和现在教育的整体水平都在前列。 另外就是好好学语言什么的了。对了，如果要研究生出国的话，本科把成绩搞好点还是很有必要的，所以现在还是要努力学习啊~ 最后，翻回来说，我不了解你是怎么确定把心理学作为人生真正的方向和目标的，既然离出国至少还有2年时间，还可以利用一些业余时间先尽量多的接触一些心理学，比如看书、蹭课、参加一些活动等，可以多增加对这个领域的了解~
如何评价2016年在河南理工大学西北赛区的CUBA比赛？,裁判太黑
西北大学陕西师范大学哪个好？,1.师大和西大过去号称两大农民讲习所。 2.师大有钱西大没钱，但西大出官，过去开玩笑说省里开会，下面坐的一半儿都是西大毕业。 3.两所学校官本位思想都蛮严重，这是整个关中人民的通病。 下面只针对历史专业谈一下 西大的历史专业，在本世纪以前以秦汉史（陈直-周天游/林剑鸣/黄怀信/黄留珠）、思想史（侯外庐-张岂之-思想所）、西北民族史（马长寿-周伟洲）和中东史（彭树智-中东所）四大方向为代表，到上世纪八十年代盛极一时，加上当时属于历史系的考古专业配合，可以说西大史学真是在学界呼风唤雨。 而师大一直以来最引以为傲的则是历史地理、隋唐史和古籍整理。代表人物自然是我极为敬佩的史莜苏（念海）与黄永年两大学界bug级的老先生。可以说这二位为师大史学始终位居全国前列奠定了决定性的基础，二位桃李满天下更是佳话。 可以说截止本世纪初，两校在史学上还是势均力敌、甚至西大因为多点开花是稍占优势的。但是周伟洲先生从西大文博学院院长一职卸任后带领着西北所众多同事转向师大这一事件，不亚于五十年代史念海先生从西大历史系转调师大之影响深远，彻底终结了之前的西大史学格局。 这之后西大民族史几乎成空壳，而秦汉史也逐渐式微，取而代之的则是陈峰所领衔的宋史学科。老先生们先后退休调职甚至于离世，但后生们的输血却不是很充分。传统的考古优势在文博解体中也消失殆尽。 相对而言，师大的发展路子就一直很稳，其传统的三大支柱还是基本能够保持，因此单就这十年来说师大史学整体上是不错的。另外就我观察而言，同样是本科生，师大学生的基础似乎更扎实些。 但我们终究是自己要承认是，现在学界的趋势就是大家都往京沪穗宁津跑，再不济人们也更钟情成都武汉等地，西安整体的史学发展前景并不乐观，这点对两校都是适用的。吾辈当努力啊！
本人考研党，有考西北工业大学计算机类专业的意向。？,今天突然听说西北工业大学的计算机都是为他们三航服务的，可能以后的工作地点都会在偏远的地方，是这样的嘛？
如何看待西北工业大学食堂(质量，价格，用餐环境，食堂人员态度)？,泻药，高校食堂不符合大家定义的米其林三星标准的，估计不止西工大一家，我去过省内的二本三本，食堂真的小的可怜，相比之下我们还好。 比下虽然有余，但比起厦大之类的肯定还是差距蛮大的。总体来说，学校食堂价格新校区比较便宜，一般每餐8块左右就能吃的很饱，老校区成本高些，价格也稍微贵了点。质量的话天南地北的菜都有，整体口味偏辣，清淡的找广东窗口，其中有好吃的自然也有吃不习惯的，饭菜大概是11点左右就做好了，这时候到下课左右吃的饭比较热，过了饭点自然只能吃冷餐了。至于吃到钢丝，这个情况比较极端，同学可以去找大唐经理的，每个餐厅都有，剩饭中午的目测是会下午热一下接着卖的，但比较少，我有幸吃到过，晚上注意不要吃包子之类的就好了。用餐环境还是比较干净明亮的，而且有电视看个球什么的。和西交比一下其实各有千秋吧，绝对不是减分项就对了。大妈们现在想想除了饭点人比较多会催促大家快点打饭，其他真的挺好的，人少的时候我经常和她们聊天，然后就会给我多打一勺，嘿嘿嘿。还会告诉我们不要挑食，多吃蔬菜。 他们平常操作的时候都有口罩手套工作服，餐厅里还有紫外灯消毒柜等，吐槽不卫生的可以缓一缓。 也可能是我本身对食物不怎么挑剔吧，之前去南方旅游，团餐米饭里有鱼骨头鱼鳞头发蚂蚁，我基本上都是挑出去然后接着吃。多想想贝爷。。。。不过钢丝球这个真的恐怖，我可能以前吃了不少了QAQ，这个事情要找大唐经理的，或者去34上投诉，找大妈相当于要求沙皇自己革自己的命。。。。。不过就我自己和身边同学情况，异物还是比较少的，可能经常去的餐厅不一样吧。 ps 打死也不要去新校区大超旁边一楼的餐厅，那个是个人的，死贵还不好吃。。。 另外，空调已经开始装了，学长和学弟学姐们应该都能享受了，除了我们这种过去，现在，未来的旺园狗。。。。毕业证一天内发到学生手里，学校效率这次也很高。这两件事已经解决了就别拿出来继续说了吧。。。。 假期手机里也没有图片，就酱
华东师范大学软件工程还是西北工业大学的自动化？,1.位于北京/上海市区 2.985 3.全国前十的金融/IT专业 4.专业调剂无风险   满足以上四点的高校 不要需要省排前100！不需要省排前1000！也不需要省排前2000！   ECNU软件工程: 1.上海市普陀区中山北路，毗邻金沙江路地铁站。 2.985工程二期。 3.软件工程专业排名全国第六。 4.就算软件工程分数飚到天上还有计算机科学与技术(与软件工程同属计算机科学与软件工程学院，分数线常年作为投档线)保底。   只要河南理科省排前6000就有机会！ 报不了吃亏报不了上当！  性价比之王！
如何评价西北大学2016年毕业音乐会？,仅次于110校庆的规模！屌炸天。。。想想还有硕士三年在西大，是不是还可以看三届 
西北大学图书馆怎么样？,一般，很一般
想考西北大学石油地质方面相关的在职研究生，现在不知道这个专业现在还招在职不？请大神指导。？,在职研究生水的很，没啥意思。估计你也就是为了拿个文凭，你既然是长庆的，里面西大的人应该挺多的。直接去找导师吧，在职研究生不找导师的话，没人要你。 找找孙卫老师，他带了一堆学生，多一个不多。刘池阳估计不乐意带在职的，不过如果你有关系就另说了。学石油地质，朱玉双、王震亮应该会有点儿兴趣。如果你自己能准备好毕业论文什么的，找找李继红试试。在职研究生嘛，你就别要求什么了，有人要就行。
西北大学运动会怎样评价？,4/19/15:00 改为细密小雨，开幕式照常，心疼表演方阵，拉拉队俩小时   4/19/14点更新 中午学生会要求12:50集合，站在站台上的时候，风很大，冷不冷?很冷，更何况下雨。此时只有少数几个院系到场，但人数很多。 傻站半个多小时后，运来了雨衣，匆匆穿上，期待尽快开始，毕竟能早结束。 快两点时，广播通知暂时解散因为下雨，一个小时后继续。请问是凭借什么给出了这样的决定，全校的时间等待成本就这么廉价?还是说校方能保证一个小时后雨会停，或明显变小，我们一个小时后再见。 在此期间主席台未出现任何正式入座人员。  其他回答里说明学校以人为本的那些人，你们现在看看朋友圈里，是不是感觉到了学生对管理人员的真挚感谢。  另外，在微博上已见相关信息 在评论里ID为Fly-yuan的人，在部分评论中给出了不允许打伞的原因是容易出现事故。不作任何评论。      ————————————— 原答案如下 ——————————————  利益相关，西大某大院学生。 受到朋友圈吐槽感召而来 之前那位高票答案我赞同，且只赞同一半 我理解运动会是团体性运动，作为管理方要求学生到场方便管理，以免个人行为发生意外而严苛对待出勤。 至于对于缺勤的惩罚力度对象范围是不是太严苛太“朕即天下”。你们自己心里有杆秤，说多了不觉得自己脸红。 你西向来号称学风自由，民主开放，我看出来了。 经管院每年在两操运动会这方面名声狼藉也不是一天两天的事情了，以后做这种事请就不要打着团结凝聚力什么的了，我的确在朋友圈感受到了排山倒海式的感召和赞同。 某一小撮人，拿着手里那一点点管理权，腆着脸往上炫耀己方组织能力有多强，假模假式的团结精神有多厉害，而把更多的学生当枪使的行为，你自己羞不羞。 你问我为什么？你自己看一眼其他的几条规则。 穿着统一的衣服，甚至不允许打伞，还要没收，强制捐赠。有没有尊重我的行为自由，有没有尊重我个人所有物的处置自由，你要怎么告诉我打伞会影响团结，会影响你西北上庠热爱学习，开放自由。 为了做给领导而看，为了自己面子好看，请把学生当成仍在青春期末端的青年人看待。  上图是某院发在每个班里的来自学生会的通知，若阳光强烈，严禁打伞。如果有人紫外线易敏体质呢？如果有人因此晒伤呢？还是你们脸面最重要。  要真的想提高凝聚力，请你们继续大力支持运动员们的训练和奖励，赛场上优异且友善的表现，自然是最令人信服的凝聚力，请收起你们的那些把戏。  P.s 曾经看过相关推送，之前有个喜闻乐见很活泼的解说员调动了全场的气氛，那是我最期待也最愿意见到的运动会氛围，我记得那时全校起立加油竞走三兄弟，那才叫集体认同感。然而那位讲解因为不够严肃再也没有参与过解说。 自此西北大学的运动会和两操成为了我心里极其不屑的形式主义。
南京农业大学和西北农林大学的兽医学硕士该怎么选。?,图985牌子的话去西北农林科技大学，想更实惠学到更多东西的话去南京农业大学（211但非985）.考研难度的话，南农应该是略高于西北农林。
中南财经政法大学 暨南大学 对外经济贸易大学 西北大学经管基地班 还有西安交大应该如何选择？, 谢谢大家啦 现在我已经被湖南大学录取了 
在西北工业大学就读是怎样一番体验？, 2016年下半年工大大爆发，拿奖拿到手软，青千人数成倍增加，空调全部安装，势头很猛，不多说，导师催我去实验室搬砖了     2016.2.13update  还要在本校读三年研究生，当然无论贴吧还是论坛还是知乎，对西工大唱衰的言论依然是主流，不过大学三年半，觉得学校是走在一条越来越好的道路上，可能财力所限，速度有点儿慢。对于吐槽行政还是支持的，但是对于最大的问题——立身之本的学科建设上，希望每一个工大人能够更理性的对待。 -----------------------------------------分割线----------------------------------------- 12年到16年，4年时间工大改变了好多，当时对现状的描述和吐槽现在看起来像是在黑工大了，删去，只说以前好的一面。 以下内容写最早写自2014年 已经被同化为一个NPUer，站在一个西工大人的角度说一下西工大的良心之处   1，校园  借用一下 余光 学长的图 我们有温情妩媚的启真湖     手机拍摄于图书馆门口（15.04.21）    请注意后边的秦岭，相对高差近两千米，山的那边各种原始森林，松鼠，山鸡，蝮蛇，秦岭神树！ 图中最高的山峰是终南山紫阁峰，原名紫盖山，古时为 终南   名山之首，据说是埋藏玄奘遗骸的地方。  游泳人多不是没有原因的，室内温泉游泳池就不多说了，最吸引人的是室外游泳池。   还有烟雨秦岭 宿舍楼也就是这个样子了，更远处的山脚处是西安的土豪区，全是别墅。 还有这里的空气质量与西安市区绝对不是一回事儿。   大飞机其一    当然，梧桐大道还是有的，毕竟是当年从南京西迁来的学校。不过在老校区了。   一句话总结，校园还是可以让人眼前一亮的。   2.学习  学风真的很浓厚，好多人不是在上自习就是在上自习的路上。 老师也好多讲课特别棒的，很多课就是由教材主编来讲的，最喜欢这样的老师讲课，思路极为清晰，也省的我们课后再翻书了。犹记得大一时线代课上走神，回过神来听到线代老师说的第一句话是”刚才，我一口气讲了十个性质。“妈蛋，一个也没听到好不好，从此上课再也不敢轻易走神了。每年升学和工作的人大约对半。当然，课程设置死板，教材落后的问题确实存在，新校长到任后不断推进教学改革，希望能把这些弊病改掉不。楼上说出国氛围不好，不过现在学校也大力提倡国际化，应该会有改观吧。   3.生活  工科男的生活略单调，不多提。只说一点， 自行车， 要啥自行车啊？ 新校区校园不太大，尤其是教学区与生活区离得很近，自行车用处不大，但秦岭脚下，山地车怎能没有？（好吧，妹子可以跳过这一点了，但是可以去游泳啊，保持身材很有效） 出校门就能征服的道路（手机渣像素，见谅)   初夏         深秋      拔高1700米，穿越中国龙脉——秦岭，此等山路，怎能错过。什么，一年逛两次。只今年我就走过五次了好不好。除了秦岭，什么楼观台，草堂寺，青龙寺，杜陵，骊山兵马俑，华清池之类的，有了山地车都不是事儿。  5.就业  十大军工集团的招聘都都绕不过西工大，中航工业，航天科技，航天科工，各种研究所轮番上场。当然，华为，中兴之类的也一定回来宣讲，好多都是一年逛两次西工大，每次都有新发现。BAT也会来，但阿里的宣讲一般在西交大，虽然也能去，还是让人心生怨念啊。毕马威，普华永道之类也有见到，但规模比较小，可能与我工的文科经管规模较小有关系。一句话，就业机会相当多，也有一定层次。日后了解更多了再来修正更新。    上图好了（14 年部分数据）     最后，个人认为西北工业大学还是值得选择的，该有的都提供给你了，在科技界也有一定名声，重视数理基础课程，可以为你日后前行不断助力。   顺手打个广告，长安校区所在地被葡萄园环绕着，9月初葡萄大量成熟，欢迎各位知友前来品尝。  
在西北工业大学附属中学就读是一种怎样的体验？,一生中唯一能够炫耀的只有上过西工大附中才是最大的悲哀。
在西北大学就读新闻学是一种什么样的体验?,有趣的问题，不邀自来。   我是西北大学新闻学院16届的毕业生，本科专业是网络与新媒体，我选专业时这个专业还没有通过教育部的审核（记得到2014年时教育部才备案了这个专业），算新闻系的一个方向，所以毕业证和学位证上仍然算新闻学专业。新闻学院比较小，几个专业的学生和老师都比较熟悉，所以先抛砖引玉，期待新闻学院的同学们指正。  从我的本科专业设置这个小插曲能看出，西大新闻学院在专业设置上有一定的前瞻性，然而，新专业的设立带来的问题是没有足够的师资力量，专业的培养方案来保证人才质量，因此，我们也是这个方向摸着石头过河的前两届学生。  按照教育部学位中心2012年学科评估的结果，西大新闻传播学的水平与其所宣传的“西北地区新闻传播教育开拓者”差距不小，整体水平得分70分，和上海理工大学、郑州大学、西南政法大学处于同一档次，不敌同处一城的陕西师范大学（71分）。这次评估结果对学院的刺激蛮大，因此四年来在教师引进，专业设置，本科生教育，研究生培养方面做了许多努力，希望在今年的学科评估中能有所突破。  新闻系的师资力量是新闻学院四系中最强的，许多有名的教授都在这个系，学术水平不在话下，像王春泉教授和李晓洁教授这对学术伉俪被誉为西大的“钱钟书夫妇”，被媒体报道过，据说家里过道都堆满了书，有幸听过两位老师的课，王老师旁征博引高山仰止，李老师亲切和蔼。所以近几年报考西大新闻学院的研究生也很多。但是教新闻实务的高水平老师比较少，采写编评的能力还是需要到新闻一线去锻炼。  今年毕业时，恰逢新闻学院调整领导班子，希望发展会越来越好。
如何看待：《西北大学现代学院：上海踩踏证明我院管理正确》的文章？,学校首页，先是自吹自擂的大红色　 黑色的出现也无关哀悼   
我是山东刚高中毕业的一个学生，大学在西北师范和江西师范之间纠结，也不知道哪个城市更好一点。。?,江西虽然落后 但南昌比起兰州那是好的多了 江西师大毕业以后找工作会方便的多 
如何看待西北工业大学每年都欺骗学生装空调的现象？,本来说今年的文件都下来了，据说是在开学前装完，每个班级都发下来了申请表格，每个宿舍一台，自己选择功率（1匹，1.2匹，1.5匹可以选），似乎是选择1.5匹的不多，经济原因嘛，大多数学生都申请的前两种。结果前几天学校说只有1.5匹有货，前两种断货，只能等九月份了，一年一年的拖，全是套路啊。。。
为什么西北农林科技大学录取分这么低？, 因为西北农林科技大学是个老百姓放心的学校。 
Andrew Mason 是怎么从西北大学音乐专业学生变成 Groupon 创始人的？, From Wiki:  Andrew Mason      After graduating from Northwestern University in 2003 with a degree in music， he worked in web design for Chicago entrepreneur Eric Lefkofsky. Mason stopped working with Lefkofsky to attend the University of Chicago's Harris School of Public Policy on a scholarship. However， he dropped out of his master's degree program from University of Chicago only months after it started. Mason also interned and worked at prominent Chicago recording studio Electrical Audio under recording engineer Steve Albini， whom Mason cited as being an inspiration on his work ethic.  Mason was employed as a developer at InnerWorkings， a company founded by Lefkofsky， in 2006. Lefkofsky provided Mason with $1 million in "seed money" to bankroll The Point， a now largely inactive web platform， which was Mason's first entrepreneurial venture on the Internet.  It was found that The Point – a social initiatives platform whose name was inspired by Malcolm Gladwell's The Tipping Point – was too abstract to market， and it was stripped down to the Groupon concept.  ______________________________________________________________________    From LinkedIn:    http://www.  linkedin.com/in/andrewm  ason           Experience:     Founder/CEO Groupon October 2008 – February 2013 (4 years 5 months)  Founder The Point December 2006 – October 2008 (1 year 11 months)  Developer InnerWorkings January 2006 – October 2006 (10 months)  Server Chi Chi's November 1998 – June 1999 (8 months) _______________________________________________________________________  又搜到一篇中文报道：  Groupon CEO：理想主义与工作狂人 Point树立团概念     —————————————————————————————————————— 综上，  2003年毕业后在 InnerWorkings 给Eric Lefkofsky（Wik： Eric Lefkofsky   ）做web design/developer 2006年申请到了芝加哥大学的哈里斯公共政策学院的奖学金，辞职读研。 读研期间，创办了一个政治辩论网站，在网站上可以就伊拉克战争或社保改革等一系列问题展开辩论；同时，构思了一个全新的融资和社会行动网站——这个创意引起了前老板 Eric Lefkofsky 的注意，他给了梅森100万美元作为种子资金。 梅森收了钱，在读了几个月研究生后选择退学，按之前的构想创立了The Point（一个社会服务倡议平台，Groupon的前身）。该网站坚持了近两年，于2008年10月，转为 Groupon，团购鼻祖诞生。  P.S.:  存在疑问的地方： Mason的LinkedIn主页显示他在InnerWorkings作为developer只工作了10个月（2006.1-2006.10），但Wiki和上面的中文报道都指出他一毕业就到InnerWorkings工作（Wiki说是做web design，中文报道说是软件开发...）。 Mason 2003年从Northwestern University毕业，但其LinkedIn主页缺失了2003毕业后-2006.1这两三年时间的经历。
去成都西南石油大学工作，没有安家费，跟去西北师范大学选哪个呢？,我是西南石油毕业的，校园环境很好，小吃非常多，生活很惬意舒适。
西北大学条件怎么样？,为啥邀请我。。 表示没读过啊。。 不过我姐姐是西北大学政法系的，听她以前说，感觉还不错～ 建议题主谨慎选择专业和学校噢！ 包括能否适应这座城市。 但是西安真的是个好地方，自驾游刚回来，城市文明干净，东北人表示在看到车让行人之后非常震惊，原谅我木有见过世面哈哈哈。。。
在青岛上大学考研考中国海洋大学新闻传播专业还是西北大学新闻传播好？, 必然是西北大学的好啊， 
为什么王宝强离婚，一些网友却指责、讽刺西北大学？,        除了能说这样的网友双商欠费之外，不能说明任何。当然我不是打算手撕这些人的，毕竟这样的对手，容易拉低自己的档次。         不知道有没有看过大冰写的一篇文章，《听歌的人不许掉眼泪》，里面的女主人公兜兜，就是我们西北大学新传院毕业的学姐路琳婕，08年查出癌症，10年去世，是陕西自愿捐献遗体的第一人。她与先森严良树（文中大树）也是成熟时相爱，她不幸查出绝症后先生依旧不离不弃，恩爱如初。两人最后一次远行是丽江，去了大冰的小屋。生前学姐很喜欢这个地方，严良树先生就在西安复制了一个大冰的小屋，酒吧的名字叫那是丽江。门外是车水马龙的西安，门里是烛火摇曳的丽江。         没错这是个爱情故事，可是学姐应该也是个很好很温柔的人，就像书里的一句话“命运对她不公，但是她始终用她的方式善待着这个世界”。有这样的学姐，老实说我很骄傲。        任何地方都有好人有坏人，更何况，这个世界上哪里有绝对的善恶，有些事也许就是不足为外人道也呢？希望不要只看到不好的那一面，更不要因为无知的无聊的偏见去讽刺去否定什么。毕竟心胸狭隘，好像除了能证明无知，并不能证明其他。
陕西师范和西北大学的新闻与传播的专硕哪个更好一点？,你好，我是陕西师范大学的传播学研究生，我是学硕。我觉得两所学校都是211高校，整体来说应该差距并不大。之前听一个西北大学的本科生说，现在陕西师范的新闻传播大有超过西北大学之势，但我还不确定是不是这样。因为专硕全国都是新开的，所以两所学校的教学质量、就业状况等其实还没有办法进行一个较为全面的比较。陕西师范的专硕在第一年和学硕差不多，第二年可以直接申请离校实习，基本就不用回学校了，所以实践性还是很强的，如果你觉得这个适合你，不妨在多去了解下~
西北大学现代学院这个学校怎么样？,垃圾中的垃圾
西北大学装空调福利怎么就变得怨声载道?,来自某大三学姐。          学校的管理层怎么可以把这么赚钱的工程交给这样的垃圾公司！(很是怀疑是否有PY交易)   墙上打的孔都成鸟窝了，也不见空调来。良良建设工程公司，你有个鸟用。  天气很热，人心很燥，很想骂人。  不得不说现在的大学官气太重了，给诸君分享以前的中国大学之最。   http://  mp.weixin.qq.com/s/iVtN  EwTZzDNXbCuljJhTIA      
为什么西北大学在知乎的大众评价，总觉得负面？,因为它真实的情况就是这样的差
B A Grzybowski为什么不在美国西北大学呆下去，而是去了韩国一所不知名的学校？,BA Grzybowski走人的直接原因是sexual misconduct... ... 和钱无关... ...
如何看待西北工业大学对毕业证印错的处分？,        我总觉得吧，这种事已经出的够多了，学校教务的办事效率和态度每个人眼里清心里明，具体处理也只是扣津贴、写检查、调工作而已，而且处罚最严重的只是一个科员，上边的领导们只动了一下皮毛，这就有点杀鸡儆猴的意思了。按照知乎的规矩来说，先问是不是，再问为什么，处理决定上倒是涉及不少人，但是具体错在那个环节没说出来，是上交的编号错了，还是检查时候的马虎了，主要责任是领导层还是基层，是不是就没有检查这个步骤，事情的具体内幕我们这些当学生的还是不知道，这也可能是我们中国特色吧，领导永远是对的或者不知情的。         总之，我感觉处罚还是有些轻了，当时还以为起码得撤个领导什么的，没想到就罚了个科员。改革了那么多年，还是没改到点上。最后我想对学校说：     
如何评价西北工业大学丁晓庆老师的《数学分析》？,谢邀。  我只针对丁爷在教改班上的数学分析的内容进行评价。  先说一下结论，丁爷是个认真负责的好老师。虽然丁爷已经做到最好了，但鉴于西工大的数学系实力，所以结果也是不尽如人意。  丁爷是所有教改人共同的记忆，首先是他上课几句话不离毛选，其次就是听他上课说自己写书的过程。记得有一次他还把当年的毛泽东语录带到课堂上了→_→当然他也有时候兴致大发写几首诗。  丁爷应该是西工大为数不多的上课不用ppt，自己手写的老师，而且他大一上坚持每周五都来新校区答疑这也是很大老师做不到的。  不过很可惜，虽然他尽力了，但是受课时所限，我觉得他并没有把数分按照他的思路讲完。他自己在第一节课上就说过，一年学完数学分析简直就是不可思议。而且在第二学期，他的上课风格和第一学期有了明显的变化——不讲段子而开始赶课。 或许是由于丁爷当年学数分的影响，我觉得他讲的数分更加偏向于工数。不过丁爷上课也一直强调计算技巧要掌握，但是更要理解定理以及运用（类似这类的话）即使这样，估计教改对数分理解比较清楚的人似乎也不是很多，可能就@cotes可以说数分入门了。 在大一的寒假曾借来周明强的《数学分析习题演练》发现没几题会的，后又有国科大试卷传出，自己尝试一下果然也就50左右的样子。这说明西工大的数学分析课程的深度真的不够（也有可能是本人智商捉急）换句话说，数学训练太少了——个人以为这也是西工大这几年停滞不前的原因，不重视数理人才的培养。  对数学感兴趣的同学可以看看常庚哲的《数学分析教程》和裴礼文的习题集，如果还有时间可以尝试一下Rudin和Zorich的书，惊险又刺激。
请问谁有申请美国西北大学本科的经验？正在ED申请，请不吝赐教，先谢了！？, 现在才看到这个问题是不是太晚了...orz  2021er ED NU录取 不知道能不能来解答一下你的问题  更新：  大家想了解的情况可以参照以下回答：    https://www.  zhihu.com/question/5542  2631/answer/154924290     
关于 西北工业大学 转专业。难么？现在我该如何准备？,好像从2015年开始，西工大在大一的大二学期就可以申请转专业了，而且只看第一学期的学分绩。 我们这一届今年总共有200多人转专业，环境科学成功转专业的有8人。
2017新生西北农林科技大学宿舍环境怎样？,一般是四人或者六人间，看专业
不想在西北大学念了，忍了一年了，现在还是不喜欢，不想让我的青春这么不快乐，我该怎么办？,作为一个刚休学的人，发表一下自己的看法~       坐标广东，去了江苏，但是可能是因为选的专业真的不喜欢，一个文科生选了理科专业 虽然同学都很好相处，一起生活挺开心的:-)但是有些习惯是真的改不了，比如广东没有这么冷，吃的也不习惯。加上学习也不好，每次去学校要坐很久很久很久的火车，那种感觉真的很痛苦…       所以，本该上大二的我，休学了~不后悔。我觉得我不能把时间浪费在一个我不喜欢的专业上。与其在学校苟延残喘，不如回家做点喜欢的事…       而且我读的只是专科        我认为，不后悔的情况下，在这个年纪，还是要做点自己开心的事。想好以后，就放手去做吧。      -个人观点-
山东大学威海与西北大学相比哪个更有实力？,谢邀。西北大学不了解，山威的情况分列优缺点吧。  优点： 1、985（毕业证、学位证是和总校一样的，编号也一样。很多新生都会问这个，其实不用在意的，毕竟奖状啊经历啊多少都会带上“威海”字样的，用人单位肯定知道你不是总校的，找工作不止看毕业证哒;-）事实上来山威的很多人都是本身实力不错，结果高考没发挥好又不甘心上个211的，所以你的同学们都算得上优秀。  2、既然是985，那么所有适用于985的优势它都有，保研啊考事业编啊尤其是申请国外大学！但也不排除部分高校在保研时故意卡山威的学校评分和部分私企歧视山威非总校的情况存在（这一点后面会具体解释），毕竟填报志愿时两者的招生条件不一样，这也是没办法的。但申请国外大学时是一视同仁的。  3、学习氛围好。威海是个很适合养老的城市，坐落在这里的山威自然也自带安宁属性，12层的主楼图书馆是学校标志性建筑，学习氛围很不错。你要是不甘心止步于山威，那就好好学习天天向上，利用空余时间进行自我充实才能和别人拉大差距，不泯然于众人，每年保研到国内TOP5名校、申请到世界名校和拿到全球500强企业offer的学长学姐也不少。当然，你在哪个学校都可以好好充实自己，只是山威没有那么多纷扰诱惑，更能安下心。  4、看你选什么专业。山威的很多学院比如韩国学院、海洋学院、空间物理学院、艺术学院等都是特色专业，机电与信息工程学院每年也出很多大神，法学的师资力量也不比总校差。这个就看你自己了。  缺点： 1、最主要也是高考生们最关心的问题，上述第二点也提过，在这里可以明确告诉你：和总校比歧视肯定会有，但说白了还是看你能力。这里又分两种情况： （1）保研。保研分两种，第一种是大三暑期的夏令营，是你意向读研的学校自己办的，这里面有的高校会有一个本科学校评分，如果有人想挤掉你的名额，那么山威这种学校学生是最方便黑的，人家偏要说山威是民营三本，给分低点就可以把你挤下去了，今年武汉大学就是这样（当然这点上我一直觉得很打脸，真是民营三本夏令营都进不去好么）。第二种就比较靠谱，九月份开学后的正式保研，这个就没法黑幕了，山威就是985！武大暑期拒了我同学，九月份不还是录了吗！所以第一条路行不通还有第二条，而且山威保总校的较容易。 （2）找工作。讲真，如果说你简历已经过了，用人单位以你不是总校为借口拒绝了你，相信我，这一定不是真正的理由！学历只是敲门砖，用人单位更注重的是你的能力和工作态度，这种情况只能说明你没达到他们的要求，和学校一点关系也没有——你又不是拿了个二本学历去。单纯因为山威属性问题简历都不让过的情况较少，碰上也只能认了。  其实我一直认为，  学校只是一个平台，至于这个平台到底有多高，取决于你攀登的努力程度。  主观上说我并不认为这个最大的缺点是缺点，总校也有比不上其他名校的地方，道理到哪里都是一样的。  2、威海虽然是个地级市，但是以旅游业为主，经济发展和开放程度可能还不如长三角地区的一个县级市，这是优点也是缺点。优点就是可以安心学习，缺点就是你的大学经历相较于大城市的同学会有所匮乏，这里不会有名人演讲也不会有国际学术会议，信息资源不丰富。  3、人脉。这也不一定是缺点。题主是陕西人，如果你打算以后回家乡工作的话，你在大学里积累的人脉就没什么用了，大家都五湖四海的，可能一辈子都见不到了。不过这是所有在外地上大学都存在的问题。但你要是考虑留在山东那就算优点了。  总而言之，有好有坏吧，就看题主适用什么情况了。  最后放一波图！美美美的山威！（图片来源见水印）  红烧鸡翅膀和主楼图书馆    文心湖畔风光    学校好多蔷薇科的花       俯瞰图    我们是拥有世界上最长海岸线的大学！西门出去就是海滩，学校背靠玛珈山～山盟海誓快来这儿！       六月份就毕业了，虽然总是吐槽你，也留有很多遗憾，但一切不过是因为我不够好。对不起。谢谢你。我爱你。  ｛大半夜的忽然矫情地想哭嘤嘤嘤(T ^ T)毕业快乐:-)我还会回来哒！｝  ———————————————————— 祝题主高考取得好成绩！心想事成喽(◐‿◑)
西北农林科技大学的环境工程怎么样？想考西北农林科技大学的环境工程？,啊啊啊，本人就是西农环工的啦，其实西农环工本科现在只有两届，但是研究生还是很棒的啦，老师还是很棒的，主要方向是水和土壤，毕竟农林嘛！！！
西安交通大学、西北工业大学、西北大学、西北农林科技大学、西安电子科技大学、 陕西师范大学、 长安大学、西安理工大学 、西安建筑科技大学、西安科技大学这些大学那些专业毕业后好找工作？,我是西电的，首先说一下西电。  西电的就业率比较不错，一直以来都居于西北地区的就业率的前列。不过我想大家关注的可能不是学校的就业率，应该更关注毕业后能不能找到一份比较好的工作。  通信类硬件类：西电的通信工程居于全国第二， 嫦娥计划五个总工程师三个是西电的；  中国移动总工程师西电毕业的 。例子太多了，就不说了。 作为西电的王牌专业，很  多人将西电的通信工程作为首选。 那么西电的通信工程毕业之后可以去哪呢？华为中兴是比较不错的选择吧。华为最低工资月薪九千，中兴八千。而且最近物联网以及智能设备非常的火热，将来这方面专业的就业比较看好。  计算机类软件类：程序员在这个行业内是非常受欢迎的，很多大牛到BAT，360，金山，58同城，赶集网，年薪20W+以上的不在少数。因此， 西电的计算机科学  与技术，软件工  程，都是非常不错的选择 。程序员并不屌丝，只是将屌丝作为了一种生活方式。  再来说说软环境。个人觉得交大的软实力还是非常不错的，培养了周鸿祎这样的牛人，我去过交大，感觉确实是西北所有的大学的标杆，自由宽松的、重视实践的氛围，是值得每一个学校去学习的，交大大部分专业都是非常棒的，关键是一个好的氛围，因此， 报考交大的各种理工科专业都比较好找工作。 再者，很多公司来西北地区招聘，往往只招交大、西电、以及西工大的学生，招聘会直接在交大或者是西电举办。  当然啦，西电也在努力中。比如 腾讯联合创始人曾李青，西电毕业的，文件大师、  每日瑜伽多个移动互联网产品的创始人或者是联合创始人，西电的 。当然了，现在在西电正在创业的慕声耳机团队以及多个互联网团队，都是非常不错的，我们看到了西电在这方面的努力，我们也看到了西电学生的努力。  清华的学生从一开始就自认为是社会精英，可以做大的事情，而我们西北地区学校的学生，大部分都在想着以后要考研，要做技术。 希望之后的我们，九零后的我们，能够展示我们的青春活力，有自己的想法，有自己喜欢的事情。 然后在校期间能够做点事情出来，让自己真正牛逼起来。
如何看待西北工业大学只给留学生宿舍装空调？,其实很多学校都是这个样子的.... 包括我所在的211，是本省唯一一所211大学 作为本省唯一一所211，国家的资助，省里的资助，包括本地企业签的合同资助都致使它有足够的经费来改变学生的住宿条件，可是它没有，不是没有钱，也不是校领导想省钱，最应该的可能 是 学校觉得空调不是必需品，就算没有空调 大家也可以凑合凑合熬过一个夏天 对 说白了 就是三个字 没必要 可是为什么给留学生装空调呢 因为这代表了一个国家的脸面 我个人认为 这跟我们大天朝自己的人民还看不起病上不起学买不起房 却能转脸就免了那么多国家的外债 是一个道理。
怎么评价西北大学段清波院长？, 看到这个问题，我不得不放上当年同学写的文章了。  声明：第一，本文所有权利属于我的同学小范。  第二，本文写作于2013年考古发掘实习期间。  第三，不是黑。拒绝黑。    “老段”    “老段”是我们对段老师的称呼，叫起来简单亲切，但我们从不当面这么叫。  叫“老段”吧，其实也有那么几分道理，和队里其他老师比起来，当属他年纪最大，若比一比学识和发掘经验，恐怕他也是考古队的“一把老手”，再配上他已经有些花白的头发，“老段”，“老段”这么叫着，在我们看来还真比“段老师”听着贴切。  老段刚来工地的时候给自己定的第一个目标就是在两个礼拜内记住所有同学的名字。于是你可以看到上工的时候老段便总是提着个小马扎，这个探方瞅瞅，这么三五天下来，各个探方的同学便都记得差不多了。现在的老段，甚至可以在吃饭开讲座时随口喊着“佟队长”、“牛姐”、“Yoga”这种我们同学之间才互相叫的称呼。  我们和老段平时除了上工，接触时间最多便是在饭桌上。老段没什么架子，吃饭时常和我们同挤一桌说说笑笑。他非常珍惜粮食，几乎没见老段剩过饭。看到女同学盘子里有剩下的肥肉时老段便会疑惑地说：“肉这么好吃的东西你们怎么不吃呢？”然后便很顺手地将女同学盘子里的红烧肉一筷子夹到自己盘子里。有时他也会为饭桶里有人咬了一口便扔掉的馒头生气很久，因此和老段常坐一桌吃饭，我也变得不怎么挑食和浪费粮食了。  但老段吃饭也有一个懒惰的地方就是不爱洗碗。不过老段不会直白地喊学生帮他洗碗，每一次都有妙招，合起来大概可以出本《托人洗碗的一百种方式》。  第一式  我端碗走在路上，老段几步大步跟上来，然后像唠家常一样开口。  老段：“其实吧，这一个人洗碗跟两个洗碗其实是一回事。”  我：“……老师我帮您洗碗吧！”  老段：“哎我就是这个意思，谢谢你了。”  第二式  我在水池边洗碗，当然是两副碗盘，扎西看见了。  扎西：“你咋洗两个碗？”  我：“帮老段洗碗呢。”  扎西：“他咋那么懒呢！”  此时老段正站在扎西身后。  老段：“说我懒的人我以后看见你一次就得帮我洗次碗。”  扎西：“……”  当然，这一式对扎西有没有用就是后话了。  第三式  这一式就进化升级了，老段已经炉火纯青到不需要任何语言，只需要坐在你旁边吃完饭搁着空碗然后晃着腿一直看着你，看着你，看着你……  我：“段老师我吃完饭了顺便帮您把碗一洗吧！”  老段：“麻烦你了。”  ……  当然老段也不是天天都要我们帮他洗碗。有一次我身体不舒服吃饭的时候老段看出我脸色不好，洗碗时蹲在我旁边看似回礼般风趣但很真诚地跟我说，今天让我帮你洗次碗吧。这句关心确实让我感动很久。其实老段平日看起来不修边幅实际却是以很细心的人，会观察每一个同学，甚至记的某些同学的特长，某些同学的兴趣爱好，小到什么同学不爱吃什么菜，大到什么同学最近家里有什么事，都放在心里，是我们整个看古板的大家长。  老段和同学们真的是努力用心像朋友一样相处。他在生活中不会把学生只当作学生，更像一位年长的朋友。他会在饭后坐着看同学们打羽毛球，跟着李瑾学太极，将Yoga给他“练手”画的人像速写认真钉在自己桌前的墙壁上，在食堂耐心教赵双苑包饺子。他有时候也会拿我们开开玩笑，比如前一天中午吃饭他还一脸惊喜地看着我说：“哎呀你用什么化妆品感觉变白了！”结果隔上一天开大会又会说：“我觉得女生在工地晒黑也没什么，比如我们的范委员长，虽然不是特别黑但也挺黑，我看这也挺好，黑里俏嘛！”  老段也非常关心同学的感情生活，比如他会在人少的饭桌上悄声问我：“你们班的XX和XXX是不是也在谈对象？”在得到我否定的回复后，却看起来有些失望的追问一句：“真的没有？”  不过老段在工地上教会我最多的并非秦文化是什么，考古发掘怎么弄。而是考古对于我们来说意义是什么，我们待人接物该怎么做。他时常给我们讲一些他带学生的例子，告诉我们为人处事应当永远放低姿态。我们这一代独生子女确实有些过于自我，在考虑问题的时候常想到的是别人能为我做些什么，而不是我应为别人做些什么。去天水博物馆那天天降小雨，很多同学都没有打伞，而我的红伞却格外醒目。老段看见了把我叫到跟前对我说：“你把你的伞给讲解的老师也打上一点。”他这么一说我才意识到为我们讲解的讲解员其实一直站在雨里。试问有多少人在去博物馆参观时会注意到讲解员怎么怎么样呢？大多都当成一种理所当然的服务享受。然而段老师却一直教育我们，永远不应把别人为你做的事看做理所当然的事，在接受这些服务的时候想请自己什么资格让别人为自己做这么多，所以对他人应心存谦卑。  老段有一段对于考古的解读让我记忆犹新。他说：“如果你没有特别高的物质追求，那么考古完全可以满足你。你做别的事情到了四十岁，五十岁也许日子就没什么变化了，每天打打牌干个什么看着很开心，但日子其实过的很空虚。而做考古就完全不一样，考古最大的乐趣就是你永远都会有你自己不知道的事。你甚至研究某个文化研究了一辈子也不敢说就对这完全懂，考古就是染你永远在学习。”  所以让我们做一个永远在学习的考古人，谦逊，而又踏实。 
请问有在芝加哥西北大学读书或工作的吗？对于一个毕业生过去那边需要做什么准备？,咦，为什么没有人
马蓉在西北大学的评价如何？,  看清楚了，是第三排从右到左第三个！说实话，你们可以看看，这是马蓉高三毕业的照片，校花！我觉得是笑话！并没有多漂亮，你可以去西安大街转转，比她漂亮的用火车拉！不过是嫁给了王宝强，大家不愿意相信她只是个路人甲！恭维宝强罢了，还记得她刚结婚，认识她的人就说，这女孩没安好心，为了什么嫁的她自己很清楚！其实人嫁人不是为了人就是为了钱为了权，不管你为了什么，你既然选择了，那就是一堆 屎你也要吃完！王宝强挣那么多钱，其实他的父母兄弟没享受多少，马蓉你父母用了人家多少你自己清楚，对你爸妈真是没话说！说到最后说句难听的，你过什么贵妇生活，戴上粉钻，用什么奢侈品，在微博和明星们互动，不是王宝强你用个屁，不是宝强根本没人理你，不过是大学毕业飞上枝头就忘了自己之前是只鸡！王宝强带给她的不只是物质上的，更是一种眼界，出门万人捧，大家对你都和颜悦色，可你自己认不清自己，一切都让自己毁了！
2017考研 西北工业大学 计算机网络与信息安全专业 “计算机原理及网络”要怎样复习？,计算机组成原理  唐朔飞 课本与习题集 计算机组成原理考研指导  徐爱萍 网络看自顶向下那本大厚书  我有前两本电子版 可私聊提供
中国西北大学咋样？,绝对是一个内涵级别的学校，校史百年，只不过跟随着革命的步伐，哪里需要哪里搬。现在已经划归到省部共建了，虽然缺少了财政上的支持，但是西大还是源源不断的给国家输送人才啊。往近了说，比起周边的西安外国语大学，西北政法，陕西师范，西安邮电这些，自是遥遥领先的，因为什么，他们都是老西大独立出去的分支。而往远了说，西大在西北地区的名气也是极佳的。但是因为其默默无闻，低调古朴的操守，一直名气不大，而且西安高校众多，不属于那种三教九流等等都知道的。但是从官方等查资料，你就知道它还是比较牛叉的。学费便宜，住宿一般，老校区可能差一些，著名校友王岐山，这是知名度最高的，其他各个行业也有在业界非常出名的，只是一般人不知道而已。
大陆人眼里的西北大学是什么样的?,在历年全国高校排行里西大都属于区域研究型，因此在东南区域的影响力不强，而且陕西人在外地发展的不算多，没有广泛校友的力量进行宣传。西大是陕西高校之母，有一百多年的历史了，所以肯定不如新崛起的高校理念和制度新。但是西大的历史还是很光辉的，而且岐山大大就是西大的。
在美国西北大学(Northwestern University)的两个学院，school of communication和medill有什么区别？,NU本科有6个学院，Weinberg college of arts and sciences，McCormick school of engineering，Bienen school of music，Medill school of journalism，school of communication，还有school of education and social policy。学术上都很强，其中最难进的是Medill，一年大概5个中国人，sat阅读平均720+，之后在journalism和writing方面都很强。但是学习传媒不只有Medill，还有school of communication。这个是正经的传媒学院，学术也很强，只是名气上没有Medill叫得响，所以相对好申一点。 
平凡的世界中，兰香考上的北方工业大学的原型是不是西北工业大学？,西工大毕业的来解答...  是西工大，小说里的北方工业大学以航天航天闻名。书中描写到：“早晨六点半，校园响起广播声后，同宿舍上下架子床八个女生就都纷纷起来，大家也不洗脸，穿着运动衣裤到外面跑一圈......一层楼只有两个水房，人很拥挤.....她们挎上书包下楼，在食堂买一个油饼或馒头，一边啃着，一边穿过校园内的中央大道，进入西面有门卫的教学区。.....教室外面的广场其实是个小花园。周围有喷泉、假山和廊亭；花朵艳艳，绿树婆娑。”   西工大的布局就是这样的，校园里还有围墙，围墙内是教学区，墙外是学生和教工生活区。书的的教室可能说的是西工大的12号教学楼或者是已经拆掉的西平东平之类，外面是教学区的中心花园，有水池喷泉假山...在交大拍可能是因为交大的建筑看着更古旧一些吧，西工大前几年把旧楼外部装修过一次......而且老学生宿舍楼全拆了.....我看书的时候大概上初中，因为就是西安人，所以当时看到北方工大就猜肯定是西工大了，后来问父母，才知道路遥当年在学校体验了一个多月大学生生活...
西北大学为什么这么穷？,不管西大穷还是富，那又怎样？公诚勤朴的校训不是写着看的，塑造自己的人文精神和独立意识才是正道。
如何看待西北民族大学将不同院系学生重新混合分配住宿？,在贴吧看到的就转过来 1、学校打着为了民族团结的口号而将蒙、藏、维三个民族院系的学生在住宿上穿插到汉族学生中。这种没有头脑缺乏思考的决策对于民族团结能起到什么样的作用？不同民族住在一起就是团结？校领导们你媳妇和隔壁老王谁在一起他们是不是就成了两口子？ 2、语言、文化、宗教信仰的问题必然成为换宿舍后学生们宿舍生活中产生矛盾的重大根源。文化是需要交流，但不代表要如此“亲密”的接触。你让还在学习的学生们做维护民族团结与文化交流的事情，那请问你们这些搞民族团结的校领导是不是可以下岗了？ 3、藏族学生、维族学生和汉族学生，在长时间的宿舍生活中都在各自的宿舍建立起了深厚的友谊，可以说一个宿舍就是一个温暖的小家庭，学校这样随意换宿舍是否太过泯灭人性？让各个民族的学生都对学校产生怨恨情绪，校领导们你们觉得自己滥用权威就不会有任何副作用吗？ 4、换宿舍对于学生的校园生活的负面影响是十分大的。首先说不同院系的上课时间不同，对于学习生活的安排就不能同步，如此不仅使得学生们在宿舍发生诸多摩擦，也影响了学生们正常学习惯性。准备考研的同学不仅要劳累的学习，还要重新适应学校无脑的换宿舍安排，这就极大的破坏了学生的学习生活和学校正常教学秩序！ 5、换宿舍是否要汉族学生去习惯少数民族学生的日常生活，是否对非清真的学生太不公平？换宿舍后，每个宿舍都变成了清真宿舍，只能吃清真食品，是只要对莫种动物一个字不能提。西北民族大学是否要改成清真大学。如果要改成清真大学的话摆脱招生的时候说一声可以吗？大众食堂是否要改建成古兰经诵经场所？ 6、学校对于宿舍的调整政策，在决策前只字未向学生提起过，仅仅几天就颁布了决策。民大各个民族的学生在校领导的眼中是否毫无人权以及存在意义？宿舍是学生住，宿舍换不换也该问问学生们的意见吧。二十一世纪，出现了校领导在学校称皇称帝一意孤行的现象，实乃可悲可笑！ 7、贴吧各种反映学生意见的帖子被删除，群众的呼声被泯灭，自由民主是否已经死亡？带着共产党党籍的校领导们，你们在党校学的就是压迫学生？你们在党校适合个毕业的吗？多问一句，你们的文凭是真的吗？ 8、请校领导们冷静地思考一下自己的决策！请民大的各民族学生团结起来，不论是汉族、蒙古族还是维吾尔族的同学们，我们是都不希望换宿舍的！
