是报宁夏大学这个211呢还是普本大学呢？/cry,匿了 ... 普通的一本吧，宁夏大学的教育质量（硬件软件）都不算怎么样。宁夏比较穷，财政收入还不够修清真寺，需要国家补贴的。宁夏大学的学生比较彪悍，对吃猪肉的卡菲勒来说比较危险。 补充图片：  
211 985真的重要吗？像石河子大学，贵州大学，宁夏大学那种出去找工作和那些211待遇一样吗？,我们公司招人本科相对低点但大部分是211，硕士必须双211，博士必须三211，大公司也不愁招不到人。前面所提到那些大学，我在公司都有碰到过。你觉得211有没有用？
李绍先，殷罡的学术水平如何，要如何评价？李绍先为什么到宁夏大学去了？,宁夏是中国伊斯兰研究资源最丰富的地方，对李绍先教授的伊斯兰研究来说最适合不过。
石河子大学、青海大学、宁夏大学、新疆大学、内蒙古大学、兰州大学哪个好？,这是我看到的知乎上黑兰大最狠的问题
宁夏大学国防生怎么看？,那边绿化很好
宁夏大学和台湾东海大学哪个更好？,东海大学相当于二民院  利益相关 女朋友是台湾逢甲大学的肄业生
碰到一个宁夏来的超级不爱干净的室友你们会怎么办？,           题主题目应该改成宿舍有个女孩子不爱干净什么什么的吧？什么叫宁夏的女生不爱干净？说真的，看到这个题目有点气，哪个女孩子愿意被人说不爱干净？           我平常2天洗一次澡，天气热了天天冲都是有的，天天泡脚，卫生什么的都是很讲究的，洗衣服的一个盆，洗脸的一个盆，洗脚的一个盆，洗内裤的一个盆，想问问题主你有我讲究？而且这样的不是我一个人，女孩子的卫生习惯都是自小身边女性培养成的，我身边的女性不分年龄都是这样的，甚至有些比我还讲究。            我也是出门读大学住宿舍的人，周边女生五湖四海的哪都有，讲卫生的有，不讲卫生的也有，真不是我地域黑，第一次见到衣服、裤子、内衣、内裤、袜子一个盆了洗的情况，当时内心一万匹草泥马飞过，这种行为在我们那就是不讲卫生阿，可是在南方很常见吧？我还见过有些女生四五天不洗头，顶着一绺一绺的头发和满头的头皮屑来上课的（当然两个月不洗澡真的很过分了，随便用别人东西什么的，这种人那都有好嘛）      还请题主不要因为一个人恨一个省好嘛，毕竟成年人了，理智点。
宁夏大学阿拉伯学院所谓“2+1+1”模式怎么个情况？,是的吧，有朋友学的阿拉伯语，在本校学两年，然后留学去阿拉伯语的一些国家。然后大四回来实习。
为什么宁夏面积这么小？,不针对本提问回答，算是对 @庸侠草民 回答的进一步补充。 土生土长的宁夏汉族人（祖籍外省）表示，对于宁夏未来的颜色前景是有担忧的。 @庸侠草民 所言非虚，目前国家给予回族的优厚待遇实在是养虎为患的下下策。本来此教对思想的控制就极为厉害，现有政策对于民族融合起不到一点作用，反而由于不平等的待遇更会激化矛盾。小时候生长的地方远离聚居区，故对这个问题没有什么概念，直到上了大学（本地大学）才觉情况严重。举例说明，回族高考加20分，答主文中已经提到，然后没说的是，被划定为山区的所有考生不论民族好像都可以加10分，所以，山区的回族理论上是可以加30分的（此理解兴许有偏差，未经严格考证，但与周围很多人讨论时，并没有人提出过异议）。另外，大家应该还听说过预科这个东西，由于毕业很多年了，现在印象不深了，隐约记得是录取分数线下50分以内的考生可以报预科。也就是说，极限情况下，一个考生的高考分数在录取分数线下八十分都有可能上大学。宁夏的录取分数线一直是全国比较低的，理科二本常年在四百四五十上下，有些人考个三百五六就能上大学。再加上一些体育或者艺术类专业本身就偏低一些的分数线，想想办法三百分上大学也不是不可能。看到这里估计那些人口大省的考生都要mmp了吧23333。最后一件让我在大学被毁三观的事情是，亲眼目睹本校一名回族，山区生源地的学生在高考当日，高考考试时间内，通过电话帮电话另一头的人答题。虽然知道高考作弊年年有，可能省省有，被爆出来的并不多，但真当自己经历时才毁了三观。综上，作弊加持下，考个三百来分就能上大学，这到底是侮辱了谁？本人大学期间，母校大学，充斥着大量小流氓混混一样的人，虽然不能说这些人都是回族，但是多少都是沾了相关政策的光，钻了政策空子上来的人。所以这些民族优待政策才是造成当前社会对回族等少民怨恨的源头。也是这些民族优待政策，给了某些想搞事情的人去控制他人行了方便。 追加：目前来说，宁夏大部分地方的人还是淳朴的，也欢迎大家来宁夏游玩，走进来多了解。最后希望宁夏的未来还是越绿越好，当然，不是人绿。
如何看待宁夏明确痛经假？,大学上课，点到不在，不交作业，也是要扣平时分的！
东部沿海地区的高中毕业生在宁夏大学上大学是一种怎样的体验？,谢邀老实说啊，我是在深圳工作，然后调动到宁夏 类似于题主的情况吧 1、如果题主是济南的话，劝别来，落架的凤凰不如鸡，鲁西一些县市的可以考虑下 2、我从深圳到银川落差很大，环境和人文素质都是如此 3、宁夏的环境、教育水平、发展方向肯定和山东差得远 4、如要在宁夏读本，请考虑毕业后攻读更好的研究生专业 5、一定要考虑到外部环境对一个人的影响，当然自我改造能力强的除外 6、总而言之，劝别来，要来的话请做好规划  ps：啰嗦几句，个人觉得少数民族多的地方都不太好，索然曹县也是回回多，银川或者宁夏的氛围不是很好，由于工作原因我要处理很多难办的事和难缠的人，同时还负责招聘，在宁夏是我遇到最多蛮不讲理人的地方。
宁夏的存在感为什么这么弱？,1.面积实在太小。在地图上存在感最弱。当你看地图的时候除非特别去找它，都很容易无视掉。 2.人口少（630万还不及某些大城市）。所以你身边很少有宁夏的朋友同学，在名人中也很少听到宁夏的（最出名的应该就是张贤亮了），所以它被提及的次数太少。 3.没有名号特别响亮的旅游资源（像黄山、西湖、兵马俑、三亚这种知名度的）。所以很少听到有人说专门去宁夏旅游了。 4.没有知名的大学。大家高考的时候又忽略一次…… 5.没有特别出名的小吃。四川有火锅，陕西有凉皮，山东有煎饼，福建有沙县小吃……宁夏？ 6.没有具有代表性的社会特点或问题。在大众的刻板印象中，许多地方都有鲜明的地方标签，穷有贵州，富有上海，干有甘肃，红有重庆，毒枭有云南，民风有东北，挖煤有山西，民族问题有新疆，谈论信仰有西藏……宁夏？ 7.以上每条独立看待时都不能成为主要原因，但是加在一起就……
宁夏联考中比较好的大学有哪些？,不好意思，这个我真不太了解，但是还是谢谢邀请(^_^)
宁夏大学和河南大学 哪个更好一点呢？为什么？,你如果去宁夏大学的话，你就吃不到卤猪肉，干炒猪肉丝，猪肉炖粉条，宫保猪肉丁，麻辣猪肉，猪肉丸子，洋葱玉米猪肉水饺，萝卜烧猪肉，猪肉馅饼，黑胡椒蘑菇猪肉盖饭，姜烧猪肉炒菠菜，卤猪尾&amp;猪肉冻，咖哩猪扒，红烧肉，四川回锅肉，猪肉白菜炖粉条，汤氏猪肉大葱肉饼，猪肉韭菜饺子，菠萝咕噜肉，农家小炒肉，芹菜胡萝卜猪肉水饺，青椒肉丝，芹菜炒肉，辣椒炒肉。
她是宁夏大学才女，我是个专科生。值得去追她吗？,把值得改为配，
在宁夏育才中学就读是一种怎样的体验？,现在毕业半年了，想忘记，努力忘记
宁夏大米和东北大米哪个更好吃？,吉林油田的劳务输出人员出来银川人手一袋东北大米，吃了宁夏大米后第二次来就不带了。我上大学时在西安的超市买米，宁夏大米比东北大米单价贵4毛。宁夏大米蒸出来比东北大米甜一点，想吃颗粒分明的水放少点，想吃软粘的多放些水。
宁夏考生超过一本11分，518，想上西安工业大学，不知道把握大不大？,这分差不多可以。去年西安工大录取平均分超一本线10分。不是好专业没问题
我河北上大学，户籍地是宁夏的，之前在河北考了教师资格证，过了一门，剩下两门能不能回我的户籍地宁夏考？,应该是可以的，教师资格证考试全国统考，报名地点可以选择。
国网新源公司和宁夏电力设计院我该选哪个？,进了国网新源水电公司下边的一个常规电厂，进来半年就后悔了，但是没有想好后路先忍着干着，累，不仅活多身体累，心更累。各种复杂的人际关系，说实话如果没有关系进新源就是把你当驴用的，累死你也没人管你。抽蓄，不管是哪个抽蓄，进去都是累死，我同学有在桐柏的和宜兴的，基本上是早上八点干到晚上十一点，领导还不领情，他们只管照顾有关系的大学生。还有很多领导很好色的，女生进来就是送福利来了，进厂先拉你喝几次酒，试探下你的酒量，再带你唱几次歌，是不是摸摸碰碰你 看看你的肚量。水电厂，特别是抽蓄都建在偏远的山区，你的活动范围就是那个山沟沟里，人际交往也基本局限于厂里的人，所以男孩子进来很难找对象的。工资只够吃饭的，这边物价奇高，一个破县城，房价一万多，当然远高于你的收入，水果是吃不起的，苹果都十几块一斤。而且听人资的说这两年招不到人了快，招进来又有很多辞职的，所以现在找的人都是查过档案的，招偏远地区的，穷苦的，做好是农村的孩子。总之，谁进来谁后悔！！！
骑行新手，在校大学生，想在今年暑假从河北保定骑行回老家宁夏中卫，有没有大神帮助一下？, 保定我知道几所大学里面都有骑行组织，有暑假骑车回家想法的人肯定不止你一个。找到组织，然后找队友吧。一个人有点虐。 
宁夏大学每月大概需要花多少钱？,看你吃不吃猪肉，吃的话五位数走起来吧，毕竟医药费不便宜。
17年跨专业考学科教学物理研，被调剂到宁夏大学…？,不知道你所谓的“精神追求”指的是什么，是社会所描述的教书育人的奉献精神；是在教育研究的道路上向教研结合的迈进；还是走上教育行政岗位，从政策上影响一批人。  我本科纯物理，然后去读了211师范（物理课程论），现在就在HZ公立高中就职。 我说说入职的事情吧。  从现在的角度看，一个优秀的学科教学研究生去公里高中基本上是没有问题的。但是在入职的鉴定过程中仍需你具备三个方面的能力——交流、课堂、解题。  所以在研究生期间去教育机构针对你学科的高中生家教，我个人认为还是很有好处的，即挣钱又可以提升学科能力。另外多发几篇核心期刊的教育论文，优秀的高中看中这点。  但是你入职之后呢，可能你会和之前一样，热情熄灭，钱么估计也不会比你之前的工资多很多。
17考研收到宁夏大学的复试调剂通知，去宁大学科语文读研要不要去？宁大文学院如何？学科语文专业如何？,你的理想是什么？ 你为什么考研？ 你读研跟你将来又有什么联系？
国内教学质量最差的 211 大学是哪一所呢？, 回答被折叠了，那我就勉为其难地修改一下来切题。  很简单，末流照顾性质学校即为教学质量最差的学校。  这些211院校如下：  新疆大学，石河子大学，西藏大学，青海大学，宁夏大学，广西大学，海南大学、内蒙古大学、贵州大学、延边大学  恳请各位考试谨慎填报。 
宁夏大学和集美大学的体育专业哪个更好？,地理位置来说厦门完胜吧 楼上说的宁大的211也是地方照顾给的211吧....
上海外国语大学小语种类2015年在宁夏招理科生否?,这个可以看本省的招生指南 本人是上外在读 有宁夏2014级的同学 其实上外这两年招生招的理科生更多 所以我个人认为是会招的 名额多少而已 还是建议你去看本年的招生指南
汉族考生在宁夏参加高考是什么体验？,   非常不好的体验，比我分数低的回族同学都去了更好的学校，更不用说还有预科大学随便上。我坚决反对清真寺建设，宗教学校，考试加分，牛羊肉补贴和各种清真食品泛滥。(          相关敏感回答答主已删除 ) 很多穆斯林，伪装汉族的穆斯林，和一些长期沉浸在回汉一家乌托邦的汉族同志对我有意见，但加分这件事本身就是不公平的，的确在很大程度上影响了中高考，考研，公务员考试的公平性。另外，不要用民族融合作借口，回族是一个汉化较深的民族，没有适应问题，大部分人也不住在偏远山区，不用伪装弱势来博取同情换取利益。有人说我不了解，生长在宁夏会不了解？最后质疑我个人努力与否的那一群人，你们是在转移话题，我说的是制度对错不是个人努力的问题。                                                                                   底下居然有许多汉族为回族辩解，我很伤心，也不能理解，你们真的有斯德哥尔摩综合症吗，我是为自己人发声啊！我知道大部分汉族只是不想让自己的家乡宁夏变成xx的代名词，想要大声告诉大家宁夏很和谐，生活很美好。然而在xx猖獗的今天，解释和妥协是起不到任何效果，你以为喊几声回汉和谐，我们没有暴恐之类的大家就相信？不会的，就像极端xx和温和xx，怎么区分？谁又愿意去区分？外地人提到宁夏就会想起回族然后想到xx想到恐怖袭击，这是很自然的逻辑，这个帽子一旦扣上就摘不下来了，除非彻底把xx的不良影响从这片土地上清除出去，才能洗刷宁夏的形象。即使600多万宁夏人都认为我们没有问题，但十三亿人认为你有问题，so…没有问题也得有问题，这就是民意的力量，谁能阻止？我劝西北一些汉族好好想一想，你是愿意一直无力的辩解，出卖自己的利益去进行看不到尽头，令人存疑的民族融合还是应该顺应民意，一举解决xx问题，彻底扭转宁夏的形象，为后代子孙谋福利，答案不言而喻。不要再背叛同胞了，为了xx伤害自己人之间的感情，真的不值得。 
为什么宁夏大学作为一所211，排名不如很多二本？,因为每个省必须一个211，不然你觉得宁夏大学够一本资格么，就这个实力！
住在宁夏银川的外地人对银川的客观评价？,本人在银川度过人生最美好的四年，就是大学生活。  蓝天白云空气好，干燥，阳光爽亮刺眼。周边景物，以及整个城市都是西北大气苍茫，辽阔的风格。非常吸引我。  茫茫戈壁就在城市附近，巍巍贺兰山脉伫立在戈壁之上。城市无论哪里都非常开阔，马路上至少是八车道。很多十二车道。 高楼林立在大片大片的广袤的空地上。繁华终究盖不过苍茫。  秋冬是最美的季节，高天流云，光线明澈。风硬而冷，不含糊。晨光，晚霞变幻莫测。树叶落得干干净净，枝条映着蓝天，变成沉静的黑色剪影。 家家屋里暖气都烧得热腾腾的。  饮食也是我喜爱的浓油重辣口味，面食米饭都有，人们整体更喜欢面食。羊肉普遍，很好吃。不膻，松软可口，即便是汉民也很少吃猪肉。都以吃羊肉为乐。离开十年了，我还是觉得羊肉比任何肉都好吃。  因为有上个世纪六十年代支援边区的很多北京，上海，以及全国各地的人，基本算移民城市，城市风气非常自由开放宽容。不隔绝，不自闭，不土气。  要洋气的洋气死。但也有宁夏本地农民来到城市发展，带来比较土气质朴的风格。  整个城市很小资，很悠闲，也很质朴大气。很多酒吧，很多琴行，搞摇滚的氛围自从十几年前到现在一直都很浓厚。仅次于北京。全国没有并列第二，西安兰州都差远了。随便做啥的，都能聊几句摇滚，都能说出对音乐的见解。但因此也有些装逼。  女孩子很多豪爽和温柔并存于一人身上。很妩媚，很有风情。和南方姑娘的风情不是一个概念。又屌又温柔的感觉。  男孩超级汉子，因此很吸引人。但不粗糙，很多都有一颗文艺心。
宁夏大学的住宿条件怎么样？就业前景如何呀？周围环境怎么样？,住宿不知道，不过就这几天来看，貌似室友是有可能在你吃猪肉的时候捅你一刀！
在宁夏银川一中就读是一种怎样的体验？,上大学以后吊儿郎当的，GPA快跌爆了。学弟学妹别学我虚度光阴（捂脸）一定要好好学英语!高考完多背背单词，练练听写!听写!听写!下个yahoodigest(是这么拼的吧？)chinadaily经济学人app，没事看两页英文新闻。别嫌我啰嗦，真心为你们好。(再捂脸) ———————————————————————————————————————————————————————————— 就是那种觉得高中生活不(xiang)是(dang)很(bu)紧张居然还考上了自(pai)己(ming)满(bu)意(cha)的大学的感受
本科就读宁夏大学的生命科学学院生物科学专业，为了跳出生物大坑，应在大二转专业还是考研时转专业？,如果没兴趣 能早走就早走。大二转其他专业，还有机会在其他专业上打好基础，不管是对以后考研还是工作，都很有好处。如果转的迟，实际上会耽误新专业的学习的，考研成功率也低很多  以上  ＝＝＝＝＝＝＝＝＝＝＝＝＝＝＝＝＝＝＝＝＝  ps.然而生物也并不是那么不堪的，当然，这行学历和学校是很重要的
作为一所211，宁夏大学排名在很多二本学校之后，为什么呢？如果读研有必要去宁夏大学吗？,  题主现在知道了吧  ===========================================  2017-8-7又有劲爆材料              回族大学，下一步就是回族国了吧   直接改名宁夏伊斯兰经学院多好   
我是渭南人，马上就要去宁夏上大学了，不知道银川的物价和渭南相比怎么样？,西安呢么多高等院校你不上 你要来宗教大学体验？
我是宁夏的。现在在南京（中国药科大学）学药。以后很想回宁夏或者在西北一带。但是又怕不好发展怎么办哎,觉得宁夏大力发展旅游业和服务业，不应大搞重工业！
在宁夏银川市生活（学习，工作）是怎样一种体验？,本人在银川度过人生最美好的四年，就是大学生活。  蓝天白云空气好，干燥，阳光爽亮刺眼。周边景物，以及整个城市都是西北大气苍茫，辽阔的风格。非常吸引我。  茫茫戈壁就在城市附近，巍巍贺兰山脉伫立在戈壁之上。城市无论哪里都非常开阔，马路上至少是八车道。很多十二车道。 高楼林立在大片大片的广袤的空地上。  繁华终究盖不过苍茫。  秋冬是最美的季节，高天流云，光线明澈。风硬而冷，不含糊。晨光，晚霞变幻莫测。树叶落得干干净净，枝条映着蓝天，变成沉静的黑色剪影。  家家屋里暖气都烧得热腾腾的。  饮食也是我喜爱的浓油重辣口味，面食米饭都有，人们整体更喜欢面食。羊肉普遍，很好吃。不膻，松软可口，即便是汉民也很少吃猪肉。都以吃羊肉为乐。离开十年了，我还是觉得羊肉比任何肉都好吃。  因为有上个世纪六十年代支援边区的很多北京，上海，以及全国各地的人，基本算移民城市，城市风气非常自由开放宽容。不隔绝，不自闭，不土气。  要洋气的洋气死。但也有宁夏本地农民来到城市发展，带来比较土气质朴的风格。  整个城市很小资，很悠闲，也很质朴大气。很多酒吧，很多琴行，搞摇滚的氛围自从十几年前到现在一直都很浓厚。仅次于北京。全国没有并列第二，西安兰州都差远了。随便做啥的，都能聊几句摇滚，都能说出对音乐的见解。但因此也有些装逼。  女孩子很多豪爽和温柔并存于一人身上。很妩媚，很有风情。和南方姑娘的风情不是一个概念。又屌又温柔的感觉。  男孩超级汉子，因此很吸引人。但不粗糙，很多都有一颗文艺心。
2016宁夏高考理科女生分数527可能选择什么大学？个人很喜欢美术，对文化艺术写作感兴趣。,看到你对自己的认识这么清晰，真是替你高兴。当初我上大学时，选了一个和设计完全不想关的专业，现在却做着设计的工作。 当初我填志愿的最大败笔是：根据自己的分数去选择了一个名字听起来稍微舒服一点的学校，并而没有按照自己的兴趣爱好来挑选专业，并且当时对这些专业都是懵懵懂懂的，所以这个大学上得有些遗憾。  1.填志愿的指导思想  就填志愿来说，我能给到建议就是你一定得秉承着：以兴趣选专业，以分数选学校的思想。211和985学校数来数去也就那么些，所以专业才是最重要的。  2.学校和专业怎么选？  专业怎么选？首先推荐一个网站： 全国高校查询   ，在这里你可以查询学校、专业、和以往的分数线。全国正规的大学都汇集在这里，你可以按自身需求去筛选心仪的学校。  也可在搜索框直接输入大学名称，进行搜索。如“宁夏大学”。    接下来，你可以充分利用这个网站，帮你筛选出最佳专业和学校。你可靠着“设计、文化艺术”等关键字去浏览一下有没有与自己兴趣爱好相匹配的专业。如果有就点进去看一下专业的详细描述。这个过程很像是在网上购物的感觉，有木有？ 这里我们就随便点进了一个“广告学”专业，如图所示。看过专业信息的详细介绍后，如果有愿往这些方向发展，此时你请拿出本子做下记录。如“广告学——宁夏大学”  利用好这个工具，多花点时间去广泛地了解不同专业，浏览到有意向的就做好记录。    3.以分数——  确定专业和和学校  通过第二个步骤的初步筛选，你筛选出了如下信息： 专业1——学校A 专业1——学校B 专业2——学校A 专业2——学校C 专业3——学校A ...   然后再深入整理上述学校对应专业的往年录取分数线，并算出该分数线与当年对应批次的差值W。假如15年专业1——学校A的录取分数线是529，且为本科一批，查询到15年一批的分数线是445，则差值为：529-445=84，整理为：专业1——学校A——599（15年，+84）——587（14年，+76）。 最多深入整理两年就可以了。  最后再算算自己今年高考成绩与分数线的差值J，并与你上面所作的数据做对比，若J&gt;W，则报这个“专业——学校”能上的几率很大，若J&lt;W，但W-J&lt;10，基本上也有机会，如果差得太远，就换一个学校吧。   4.填志愿  经过上述理性分析后，最终留下来的也不多了，第一志愿，第二志愿自己看着填就对了。最后祝你成功，若有疑问欢迎留言。
如何评价宁夏大学模联协会的这张海报？,你好，我们是宁夏大学演辩社模拟联合国协会的。请看清楚，我们不是所谓的那个校会。首先我先说明这个校会根本就没打算做mun，他们的领导人只是想利用mun这个框架来做一个所为的学生会组织来跟学校对抗。原先我和几个朋友在高中三年一直参与MUN，原先有与那个校会的组建人交流过，可是发现他们的组建人只是一个没有mun经历，且只是妄想利用mun来让自己获得权力的人。于是我们一气之下，就跟几个朋友与政法学院的演辩社合作，来自己创立模联社，来教新人真正的东西，真正的mun
现在宁夏大学的学生食堂是个什么样子？,  问题描述不能超过三千字。    补充的信息放在这儿。             事件的缘起：                                          事件的发酵：                       【宁夏大学汉族学生希望在校园开设非清真大众餐厅的诉求：平等享受物美价廉的学生餐】                                                          这两天@宁夏大学 学生诉求公平就餐权利的事件，由于宁夏大学官方拒不回应                                                                   
如果读研在宁夏大学和普通一本或者二本里面选应该怎么选呢？, 毕竟211，普通一本和二本还是不建议去读研的 
兰州大学医学院和宁夏医科大考研哪个好？,问题是不是被改了？以前回答没记得是回答考研吧！ 如果是考研选学校，那和就业方向，专业方向，男女盆友等等因素啦！！   分割线。。。。   别光说医学，兰大和宁夏医科有的比？虽说或许医学好坏差不多，但你了解招聘单位的思维吗？那要看本科学校的哇，985.211.优先，兰大医学反正不咋好，但你能想象沾了985/211学校的光有多棒么？而且学校氛围那是学校决定的，兰大的学风也是蛮出名的，我作为大五的人是着实经历过了的，一个学校，带给你知识，也教你做人做事，还有思考问题，兰大坐落在这西北旮旯里，外人不会注意到她，但她确实有自己的闪光，不浮躁，安静的教一级一级的学生成长，我想这是有的学校带给不了你的！  不过兰大分挺高，考不上就不要冒险了！祝好运！
大学准备一场毕业旅行 爱吃不爱玩尤其喜欢吃羊肉 内蒙甘肃宁夏和新疆 那里的物价较低 旅程大约十天？,哇，推荐你来新疆，羊肉给你吃个够  还有……  抓饭烤肉拌面烤包子馕坑肉 烤腰子粉汤油塔子炒面大盘鸡 炒米粉馕包肉辣子鸡干煸炒面 拌米粉羊肉酸汤水饺扁豆面旗子 土火锅海陆空汤饭面肺子 铁锅芦花鸡马肠子  祝你一路吃的开心 
宁夏大学有哪些好的系，或者说在全国排名靠前的系？,砍宰系    
宁夏考生超二本线一分，请问怎么才能上大学?,我和你一样，江苏的文科考生，比二本线高了一分，正在想怎么填报志愿才能被录取。
宁夏大学的翻译硕士怎么样？,计算机辅助翻译是翻译行业未来的一个新趋势，对此感兴趣的话，可以了解一下北大的计算机辅助翻译硕士专业。
宁夏理科生省排名1210，551分，高出重本线106分，能上四川大学吗？,应该没问题，看下今年四川大学对宁夏录取吧。
在宁夏固原一中上学是怎样的一种体验？,再也没有比那个时候更欢乐的时光了  那是能好好看看素颜美女的地方 那是能好好看看留着板寸的帅哥的地方 那是跑操时能看到薛吉强的对勾头  那是跑操时能和高一娃娃擦肩而过能看到他们绊的土冒的高抬腿而笑的不能自已 尤其那个长腿欧巴的高抬腿小碎步 那是秋冬黑色春夏蓝色的海洋 我在大学里魂牵梦萦的地方 固原一中
要选择去宁夏大学还是广西大学，不知道宁夏和广西哪里好？哪里经济比较发达？,1.在广西你可以吃猪肉、羊肉、鸡肉、牛肉，鱼肉、狗肉、各种野味。 2.西大有独立卫生间，夏天很长，广西空气很潮湿，夏天会黏黏的，能天天洗澡是最好，你个人不愿意的话，只要不臭到熏死人，一切好说。 3.壮族汉族人很多，也有苗族、白族一些少数民族，南宁讲白话的比较多，也有讲壮话的，马山话和桂柳话我觉得调调差不多，都听得懂，当然到学校大家一般讲南普。 4.城市道路清洁干净，两旁绿树成荫，一般公交车、的士会让行人，公交车司机一人售票+开车。 5.地铁准备通第二条线，公交车遍地是，交通很方便，共享单车有好多种，摩拜和ofo见得比较多。 6.西瓜、芒果、火龙果等等水果在特定季节会很便宜，樱桃之类的会贵一点，榴莲、木菠萝也很常见。 7.娱乐场所多，ktv一个小时不到十块钱（小包厢），酒吧也有，公园很多，商场超市都还蛮不错的。 8.南宁物价有点高，不过你吃住都在学校了，如果嫌贵，沐浴露、洗衣液什么的网购也是可以的 9.南宁历史文化不够深远，但是旁边的桂林、百色、柳州、北海，再远一点的深圳、广州、云南，都是很棒的旅游胜地  我爱这个城市，我一定会回来的
我是宁夏的 今年要去武汉上大学 有什么要注意的吗？,回族的？
宁夏大学和宁波诺丁汉该选择哪个？,家境不够殷实的话，选择宁诺要谨慎，因为这不仅仅是学费，还有后期出国交流什么的一切花销，这个大学不是你省吃俭用可以读的，因为那样的话你的精神压力都会受不了的。（校内人，并非乱说）
宁夏考生 2017高考估分550左右 有什么推荐的专业和大学？,泻药 可以报好二本，专业选你喜欢的，如果你也拿不准注意就照着将来想做什么工作选专业
宁夏大学作为一所211为何排名靠后？, 因为吃猪肉能让人更聪明。 
宁夏大学水利工程专业考研求助～？,专业课是不会透题的 只会给参考书
在读宁夏大学SQA HND大二 读完大三出国 申请学校他主要看什么啊 在大学里的评优表现有影响吗？,我也在宁夏读这个 
你好、距离宁夏大学B校区近的宾馆有哪些？,哥们这是要干嘛？门口一堆呢
宁夏考生理科506分适合报哪些大学，求填报志愿指导？,谢谢您
新疆医科大学～贵州医科大学～北华大学～华北理工大学～宁夏医科大学～我应该去哪一个?,华北理工大学~
在宁夏吴忠市吴忠中学就读是一种怎样的体验?,宁夏这分数线，只要自己明白什么时候干什么，考个好点的大学一般都没问题的（如果不笨）顺便不用打我这句话，遇到很多天天学，考不过我一个天天逃课的
长安大学的地理信息系统专业和宁夏大学的地理信息系统专业那个比较好，那个相对来说容易考？, 谢邀回答  但是很抱歉的是我是负责教育学考研的，关于地理的专业和院校的排名还真的不是很清楚，可以和你分享下择校的时候除了要看院校的综合实力排名，以及这个专业在本校的受重视程度，还需要看的就是这个院校的地理位置，很多学生会在上学期间兼职创业，那地理位置就是尤其重要的一关了，谢谢 
在宁夏大学阿拉伯语专业毕业好还是去日本上语言学校再考日本大学好？,我曾经在宁大南校区读过半年 山东大学预科… 现在在东京大学读书 嗯 就是这样 感谢模联的学长给我提供的这个机会 
求助：宁夏大学电子工程学院考研咨询？,材料和电信跨度太大  可能不会接受吧
本人高三党，宁夏的一所比较普通的学校，现在模考成绩是462，想当历史老师，不知道以后去哪个大学合适。？,文科的话模考462稍微低了点，还需要再加把劲，以后想当老师的话可以考师范院校的历史专业，即使考不上一本也尽量二本，等上大学后自己多钻研历史和教育方面的书籍，高考加油喔，我也是宁夏的，当时情况和你差不多，有后续问题可以问我。
宁夏王东明事迹？,  人物简介：   王东明，男，1988年9月13日出生宁夏吴忠市同心县的小乡村，2014年7月份毕业于兰州工业学院机械工程系，现在自行创业。人生格言：人生为棋，我愿为卒，行动虽慢，可谁曾见我后退一步。  在大学期间，王东明就开始了创业历程，主要开展校园租车、旅游、品牌推广、兼职中介等业务。参加工作后，王东明积极向上，努力完成各项工作，而且友好帮助同事，并取得了一定的成绩，得到领导的重视。   创业事迹：   创业，是一个多么时髦的词语，却不知有多少人在这条路上苦苦的挣扎。王东明就是这样的一个人，正是他有着一颗充满激情的心，不甘平庸的心态激发着他走上自主创业之路。  2015年8月份，王东明和要好的朋友开走向了创业之路。  追索王东明的创业之路，还得从大学的时候说起。2013年，王东明开展了联系大学生兼职业务，和校外的培训机构合作，不仅介绍学生兼职工作，还宣传合作公司的校园文化活动，推动培训机构在校园内的发展。也可能是北方人那种精明，他能处处看到商机，每年毕业生离校的时候，他组织人低价收毕业生不要的书籍、文具用品等，并成立一家旧书店，方便同学们较低价购买到常用的辅导书籍。这些业务让他攫取了自己创业的第一小桶金，并且积累了丰富的经验。  在社会锻炼的同时，王东明也注意商业文化知识方面的培养，一有空，他就泡在图书馆里，提升自身素质和修养，让他对人生有了的理解，并对自己提出了更高的要求，而《杰克韦尔奇自传》、《创新与企业家精神》、《市场营销导论》、《彼得.德鲁克管理》、《有效沟通技巧》、《哈佛管理制度全集》等，使他对市场经营管理产生了浓厚的兴趣，人生有了新的起点。在学校内，他也是个活跃分子，参加了各种协会，组织各种活动。在组织活动的过程中，他深刻的体会到团队合作的重要性，沟通协调在处理突发事件中所起的积极作用，也正是大学这种轻松活泼的环境，培养了他的创业思维。  大学毕业后，文档进入了紫光化工工作，担任仪表技术工作，福利也很好。但王东明并不满足这样安逸的生活，他没有忘记自己的梦想，也放不下旅游。2015年8月份，他和几个志同道合的朋友成立了一家商贸公司，几个合伙人分别负责管理、科技及市场。各司其职，公司快步入了正常的运行。  遭遇挫折的时候，王东明有过迷茫，想过放弃，但他还是坚持下来了。开办公司这只是王东明创业起始的第一步，他知道前面的道路很曲折，但仍然会百折竿头更进一步。成功，就在明天。  
家在山东沿海地区，宁夏某大学毕业，单亲家庭，放不下妈妈，留在家找工作还是回银川考三支一扶，或者去深圳？,建议你回山东沿海。我在北京工作，但每年至少去宁夏一个月，宁夏还是比较落后，环境也不好，雾霾也不少，紫外线还强，人晒的都跟印度人似的。如果你是男生，可以去深圳闯荡几年；如果是女生，回山东更好。因为北京的环境越来越差，我也想离开了。考察过很多城市，我觉得烟台威海一带各方面还是很不错的。
宁夏大学物电学院的老师们怎么样？,我也想问这个问题
宁夏医科大学好不好？,看到有些人不懂历史，说宁夏医科大学底子薄，我不得不上来说两句：  上海铁道医学院， 整体搬迁到宁夏。  上海铁道医学院本生，就是苏联中国两国政府，军方，硬性划拨最好的人才建立的，按照苏联计划，上海铁道医学院援建目标就是效仿莫斯科谢东诺夫医学院。不明白的就没话说了。    现在同济大学医学院，根本不是上海铁道医学院的真正传人，宁夏医科大学才是。  但是无奈，地域限制呀，就如同现在谁知道山西大学，是全中国第三个国立大学？   不过时代不同了，作为一带一路的时代，作为中国中心的宁夏，无论宁夏大学还是宁夏医科大学，都会发展的非常好的。  是地域决定的。
2015届宁夏 理科 女 。 高考分保稳540+，想去南方。 求荐大学及专业！?,没有啥是保稳的事情，等自己分数和录取线出来再考虑吧！来得及
调剂到宁夏大学读研，不知道该不该去？,不要去，会没命
如何看待宁夏大学这些研究？,有什么问题吗？  法宗教学也是一种正经的学科，沙里亚法就研究都不能了？我怀疑某些人眼中的沙里亚法和极端人士眼中的猪一样，见也不能见，提也不能提。  另外两个更是可笑，和清真不搭边的大学研究它，会有人说什么？
