我是药学专业本科生，想考研考取药理学专业。最近在考虑中国海洋大学的药理学专业，大家帮忙给个意见。,如果不是非要考取省内的话，这两所大学真心都不推荐，综合其他方面来说可能还不错，但是单就药学来说，应该都不怎么样，既然是读研，何不考个更好的，有图为证 
中国海洋大学和山东大学之间的实力差距在哪里？, 既然题主默认了自己问题的荒谬，转而修改了问题，那么我觉得改天我可以认真回答了。 ————————————  山东大学进入ESI前1%的16个学科分别是：化学（CHEMISTRY）、物理（PHYSICS）、临床医学（CLINICAL MEDICINE）、材料科学（MATERIALS SCIENCE）、生物学与生物化学（BIOLOGY &amp; BIOCHEMISTRY）、工程学（ENGINEERING）、分子生物学与遗传学（MOLECULAR BIOLOGY &amp; GENETICS）、药理学与毒理学（PHARMACOLOGY &amp; TOXICOLOGY）、神经科学与行为学（NEUROSCIENCE &amp; BEHAVIOR）、数学（MATHEMATICS）、免疫学（IMMUNOLOGY）、环境与生态学（ENVIRONMENT/ECOLOGY）、动植物科学（PLANT &amp; ANIMAL SCIENCE）、计算机科学（COMPUTER SCIENCE）、农业科学（AGRICULTURAL SCIENCES）、社会科学综合（SOCIAL SCIENCES， GENERAL）。   就拿这些学科来对比吧，那些说山大是文科大学的，可以狗带了   山大和海大的差距？山大啥时候不如海大了？哈哈哈哈哈哈哈  
在中国海洋大学 (Ocean University of China) 就读是怎样一番体验？,————  流量杀，多图慎入           不撕逼，不接受观点改造。   首先，海大的确海洋和水产类专业很强，可是还有很多专业也很棒。比如会计、环科、食工，以及小语种的日韩德法等等。  个人觉得 上大学主要还是看自己，机会很多，要自己努力争取。   接下来，既然要说体验，那当然要上图了。  鱼山校区的正校门  我一直觉得鱼山校区是一个极其小资的地方，在这里上课实在是太过美好，不过宿舍有些破，毕竟年代久远。不过呢，这里地处市中心，交通便利，站在学校山上可以看见海[博士宿舍也可以哟]，每天小情侣就早上和傍晚去海边逛逛，中午附近咖啡馆数不胜数，找个地方悠闲的小憩。周六日附近景点也很多。  总之鱼山真的太棒了。    上面就是鱼山校区全景啦，红瓦绿树，碧海蓝天，想想就觉得美好。   鱼山的闻一多先生故居，现在是王蒙先生的文学研究所。 曾经有幸进去过一次，可惜后来就不让进了。不过不得不说，这栋老房子由内而外都很有味道。   忘了是哪栋楼，旁边是艺术系和操场。 傍晚呆在这里，可以听见艺术系传来的优美动听的音乐，也可以看运动健儿在操场挥洒汗水。 然后，天就渐渐沉下去了。  接下来讲讲崂山校区。 附图  崂山校区是新校区，06年建成。虽然在崂山比较偏远[私下我一直叫它郊区]，但是崂山校区同样美好的风景真的太治愈了。和鱼山一样的德式风格建筑，整个校区看起来就像欧式庄园。  以下是自己拍摄的照片，像素和技术都渣，见谅。   图书馆！ 这可是我的心头好，夏天坐在中外文工具室A311，看落地窗外的风景，外面就是一片湖，睡莲荷花开得正好，湖边亭子里一些学长学姐正在拍毕业照，离别不舍的情绪氤氲在夏天的空气里。 冬天呢，就在斯文堂，暖气太足，厚重的外壳一下就脱去，不能再舒服了。   南区的校门，海大校区的校门都是一模一样的，以前看不习惯，现在越看越喜欢。  接下来再说说海大的骄傲啦。   海大一共四艘船，东方红2、3，海大号和天使号。 海大人提起这些船总是挺起胸膛，不管是不是涉海专业，你都可以看见海大人眼睛泛着光。 是一种自豪而又热爱的感觉。   每次去教室上课总喜欢走这条学院路，宁静又美好。  不好意思哈，这张图片倒了，委屈大家歪脖子咯。 每一年的新年音乐会我都很期待啊，非常大型，也可以看出音乐会是很精心安排设计的。 这是我在海大最不想错过的一场演出。 超级赞。  小注：这张照片不是我拍的。 海大的夜。 很美，不是吗？   在我看来，作为一个海大人，真是一件很自豪很骄傲的事情。 是的，我爱海大。 生命中所有不安分的因子，在遇见海大后，爱上了她的宁静。  今后的今后，我会更爱她。
如何评价中国海洋大学法学（中外合作）？,男票就是这个专业的！都是土豪…
中国海洋大学法学（中外合作）怎么样…？,啊第一次被邀请有点小开心(・ω・) 中外法学和普通法学的师资基本上是一样的，都是法政学院的老师，不存在专门圈钱什么的。英语老师应该也是外国语学院的老师，大二开始还会有美国的外教，大体是这样的，不知道17级会不会变。如果实在是很介意的话，可以去蹭课啊，只要与已经安排好的课不冲突当然是想上就上。 而且这个专业比普通法学要求更多的自觉。我们学的东西多又很快，老师课上不可能把所有问题都讲得那么详细和明确，需要自己课下去思考钻研和记忆。法学又需要阅读大量的有关文献和书籍，所以要更加努力才能培养出法学的逻辑思维。再加上中外法学对英语的要求更高，如果不付出比普通法学更多的心血，恐怕对不起我们的学费啊。所以师资是相对次要的方面，师父领进门，修行在个人。 祝学业顺利啦♪(´ε｀ )
关于中国海洋大学的金融学硕？,你想考哪个学校就应该联系哪个学校的学长学姐获得第一手的资料
中国海洋大学里电子信息科学与技术？,不高
大气科学考研~中国海洋大学和成都信息工程大学哪个比较好~？,如果说气象考研还是南京大学最好，其次中山兰大南信成信。曾经南信成信属于国家气象局直属高校。毕业从事气象工作，在气象局还是有很多校友。
当初怎么没有把青岛大学医学院并到中国海洋大学？⊙ω⊙?,谢邀。 你这个问题本身有点毛病，你的意思我懂。你是想问“海大当初为什么没能与青岛医学院合并”。  首先反驳一下，有些答案说因为所属编制不同，海大教育部直属高校，青医是省属高校。这个观点，完全错误。乖乖，多少合并是这种模式的合并啊，其他不说，省内山大2000年三校合并的时候，山大教育部直属，山工山东省省属，山医科卫生部直属。同样是医学院，大形势下连卫生部都能被搞定，何况山东省乎。  回答这个问题，我觉得应该从三个方面来阐述。  1，海大的道路问题   2，“郎有情妾有意”远远不够   3，开一下“脑洞”    一，海大的道路问题  我先提一个问题：同样是特色性高校，地矿油海，为什么单单海大成了985？ 这是一个非常有意思的问题，也是地大、矿大、油大三家一直不服气的问题，真真是没天理啊。凭啥，为了个么啊！原因很简单，因为海大跟地矿油从来就不一样。怎么个不一样法？1958年山大迁济，海大从山大分离之后的1960年的首次全国重点高校评定，海大就入列其中。更关键的是，海大还不是被列在单科类大学里面，而是综合类。要知道，1960年评定的64所重点高校，综合类才仅有13所而已，这是与北大、山大平起平坐，连清华大学都是在工科类里面的。所以说，海大能成为985是有原由的，很早之前海大就比地矿油地位更高。 单从学科属性上来讲，海大也确实不能算单科类大学。山海分家时，海大保留有海洋、水产、地质三系，但也有部分生物、化学、物理系师资留青，例如童第周、束星北等人。以比例划分，海大保留有原山大1/3的师资规模。但是这个问题又很纠结，海大又确实不算严格意义上的综合型大学，即使以1960年的标准，综合型大学也是文理综合型的意思。海大的学科理科肯定是有，文科确实没有。 这种纠结，简直纠结到死。这也成了海大一直以来的一个纠结点，海大到底是什么性质的大学，单科性还是综合性？这不是简单的学校属性的问题，因为这牵扯到海大的一个发展道路的问题。要不要合并，要怎样发展，发展那些学科，新建那些学科，都要问这个问题。多少次合并的机会，全因这个问题耽搁。  时至今日，我们看海大自身的定位“有特色的综合型大学”，哎，愁死了，怎么才算有特色综合型大学。算一算海大现在的学科，文理工医农经管法全齐了。早知今日，何必当初。一直纠结于一个“特色性”，结果摊子越铺越大，发展路子反而越来越窄。即使以海大立校之本的海洋学与水产学二科而论，也不是全无挑战的绝对霸主地位了。现如今厦大、浙大等一批实力雄厚的高校在海洋学方面也是卓有建树，财大气粗的主们新建一个学科随便玩个四五年十几年玩死一票专业户的例子实在太多了，看看2012年的教育部学科评估，马太效应已经越来越明显，每个学科前二十已经越来越被985们包圈，连一些211都没有多少抵抗之力。前有强敌，后又有追兵，一些纯水产起家的所谓海洋大学们的穷追猛打，使得海大水产学方面也不是毫无后顾之忧。而海大其他学科又怎么样？海大除海洋学之外的其他理科，主流的物化生已经逐渐落队，工科也不足以支撑起大海洋的发展战略。要知道海洋战略可不是仅仅海洋学一家，工程类的分量在国家层面可能还要更重一些。这其中就包括船舶、航海、海事、海洋生物制药等诸多方面。海大没有这方面的传承，新建就要有相应的工科底子，但是海大在工科方面却尤其孱弱。山大新建青岛校区，明言与海大错位发展，信或不信放一边暂且不说，显然是看到了相应的空间是大有可为的。 海大的道路，其实从2002年更名为中国海洋大学起就已经注定。但是之前却不一定非得如此。这一方面要归咎于海大领导层的顽固与保守，缺少大刀阔斧的开拓精神，另一方面一部分锅要由海洋局和教育部来背，很大程度上，是他们想让海大如此，从未限制了当初的其他可能性。但是无论哪种道路，归根到底还是要归结到一个根本的问题上来，哪样对海大发展最有利？这真是一个难以回答的问题。但是对于合并而言，不论何种方案，不积极就是等于放弃。不论海大山大合并，还是以海大为主合并其他驻青高校，都是如此。    2，“郎有情妾有意”远远不够  还是回到本问题的相关部分，海大当年为什么没能合并青岛医学院？ 问这个问题，我们就要先问一句：海大为什么要合并青岛医学院？ 这就不得不提青岛医学院与海大的渊源，或者说青岛医学院与国立山大的渊源。1946年国立山大战后复校，收编日本人创办的东亚医科学院为基础创办医学院，至1956年院系调整中又分离，成立青岛医学院。所以，青岛医学院与海大一样，都是老山大在青岛的遗产，甚至可以说是同根同源的关系。至今青岛民间依然称青医附属医院为“山大医院”，可见情结之深。在山大回归青岛不可能的情况下，海大（当时名为青岛海洋学院）与青岛医学院合并组建“青岛大学”，很符合人们对国立青岛大学的所有美好幻想（国立青岛大学为国立山东大学1929-1932年用名）。 从学科发展角度上讲，海大合并青岛医学院也是有切入点的。80年代海大水产系就已经有海洋药物研究方向，现在已经独立建院为医药学院，是海大发展较好的学科之一，合并能更好的在药物研发和应用方面开展合作。退一步讲即使没有这个切入点，医学相关学科自有其经营能力，独力发展也并不会拖累海大其他学科发展步伐，反而有可能起到反哺作用。  那么，为什么没能合并呢？这其中最关键的一个因素还是海大自身的态度，以当时来讲，放眼岛内，能入海大法眼的院校确实不多。青医经过70年代的搬迁、回迁之后已经实力大损，早也没有了当年国立山大医学院的荣光。但是青医真就配不上海大吗？青医之于海大是有对比案例的，我们看看同济大学、东南大学当时合并了什么学校，一个上海铁道大学医学院，一个南京铁道医学院，这两个医学院无论如何都不能与曾经叱咤风云的同济医学院、国立中央大学医学院相提并论的，即使与当时的青医对比也不过伯仲之间。同济、东南尚且不嫌媳妇丑，海大又有什么底气看不上青医呢。说到底还是一个孤芳自赏的问题，海大还是纠结于自身的“保持海洋特色”中难以解脱罢了。  1985年青岛市在专科青岛职业大学基础上创建青岛大学，可谓是对海大的会心一击，几乎断送了海大恢复名为青岛大学从而走上综合型大学的可能。1993年眼看海大、青医只有眉来眼去，并无实质性结合，青岛市决定不再等了，将山东纺织工学院、青岛医学院、青岛大学、青岛师范学院四家合并为青岛大学。这彻底将海大的“郎情”打碎，要说谈恋爱还是女方更重情呢，合并之后的青岛大学几乎是纺院一家把持，青医对这一婚事真真是没有兴趣，一直僵持着没有实质性合并。一直等到1998年海大更名为青岛海洋大学，教育部和海洋局支持海大入列985，耳后2002年海大更名中国海洋大学，海大坚定了“海洋特色”之路后，青医也就彻底熄灭了并入海大的念想。日子总是要过的，青医开始与青岛大学实质性合并，2013年青岛大学医学院附属医院（简称还是青医附院，民间称山大医院）更名为青岛大学附属医院，青医并入青大的最后一步也已经走完。  回顾海大与青医的种种纠葛，海大的固执与保守自不待言，但另一个很重要的推手——青岛市，也显而易见。正是青岛市的两记神补刀，每每在关键时刻彻底敲出了现今的格局轮廓。这其中可以很明显的看出青岛市对海大的不待见。此种现象，可谓中国千百年来地方与中央对抗常态。海大1958年建立就隶属教育部直属，1965年又归海洋局，1979年重归教育部，对于海大事务青岛市能插手的地方有限，青岛市心心念念的要建自己的亲儿子，每每抛弃海大也就在所难免。    三，开一下“脑洞”  说起来海大还真是香饽饽，1998-2000年左右的这几年与海大传过绯闻的可不止青医一家。1998年部属高校下放，隶属于冶金部的青岛建筑工程学院（青岛理工大学前身）和隶属于化工部的青岛化工学院（青岛科技大学前身）均与海大有过合并的绯闻，青岛医学院在等的也是这个机会。但是一来，二校规模不比海大小，海大只想要他们的主干学科；二来主管教育工作的李岚清副总理批示海大“保持海洋特色”，，合并有来自上层的阻力。合并也同样没能实施。 现如今，放眼岛内大学，哪一个不是本科年招生8000+的超级巨无霸，海大这年招生3800完全不够看，再想合并也就如同简直天方夜谭了。但是这并不妨碍我们开一下脑洞，幻想一下假如当年的合并都成了，该是何等场景。 首先，海大要在1985年成功阻止青岛市自建青岛大学，为自己保留一个完美ID，耐心等待93-2000年大学合并潮的到来。 1993年海大摆平海洋局制约，争得教育部、山东省、青岛市支持，与青岛医学院合并，组建新青岛大学。 1998年，新青岛大学合并青岛建筑工程学院和青岛化工学院，慢慢精简人员设置，发展工科。 2000年，山东大学、山东工业大学、山东医科大学合并组建新山东大学。 2001年，新山东大学、新青岛大学双双列入985工程支持。新青岛大学成为以海洋为特色，文理工医全面发展的综合型大学。 哎哟，我去，“北青大南厦大”啊。窝山药丸。
中国海洋大学适合外省高考生选择吗？,我是从西安来的，其实没有那么差啦。 学校很漂亮，就是有点儿偏（崂山）。 之前去别的西安的学校逛，就那个大学城，我的妈，树都是秃的，还就那么几株。比起来海大真的已经挺棒了。 食堂还凑合，新开了二餐不错。 偶尔会停水，忍忍就过去了。 至于科研实力……也就是那个高考分数能选的学校了吧，没什么好喷的。 行政系统不行，但是做学生其实要打交道的地方也不多。至于团委……听说有好的，不过我们院挺烦的。 真的没那么差。
优秀的民营企业和中国海洋大学的保险专硕该怎么选？,刚好有朋友是海大保险硕士，今年毕业去了中行某市的分行。
北大的海洋科学相较于中国海洋大学的怎么样？,  北京大学海洋学科发展概览   1910-1920年代，李四光、葛利普（A. W. Grabau）等著名学者曾在北大任教，讲授地层古生物学（包含地层学及古海洋学等课程）。  1970年代，北京大学开设有海洋方面的课程。  1981年，北京大学批准建立古生物学与地层学硕士点、博士点。  1997年3月24日，北京大学海洋协会成立，是中国第一个高校海洋类学生社团。  2002年，北大史前生命与环境科学研究所组建。  2005年， 北京大学工学院   组建，设立能源与资源工程系，明确提出发展新兴能源，海洋潮汐能等新兴能源研究被重视。  2008年11月，北京大学提出建立海洋学科的构想。  2009年12月，北京大学8个院系22名教师提出申请设立海洋研究中心。  2010年，北京大学决定在大气科学系建立物理海洋专业，并将大气科学系更名为 大气与海洋科学系   。  2010年3月，北京大学海洋研究中心正式成立，中心的目标是根据国家海洋事业发展的需求，组织北京大学的相关研究力量，建立培养从事海洋事业人才的体系，构建国际一流水平的多学科海洋研究平台。  2010年，北京大学在多个院系招收和培养“物理海洋”、“海洋地球物理学”、“第四纪古海洋学”、“海洋药物化学”、“海洋法学”等研究方向博士生。   2010年9月16日上午，国家海洋局与教育部在北京大学举行签字仪式，合作共建北京大学、清华大学等17所高校。      2012年12月6日上午，北京大学海洋学科建设座谈会在办公楼103会议室举行。      2013年3月23日，北京大学前沿交叉学科研究院海洋研究中心在逸夫二楼3459教室举行了2013年学术年会。      2013年7月15日—19日， 北京大学与中国海洋大学学生互访交流。     2013年12月31日，在北京大学朱善璐书记和其他校领导的亲自关心下，北京大学正式成立“北京大学海洋研究院”。陈十一副校长任院长，张东晓任常务副院长，周力平、王磊任副院长。  2014年5月14日，海南省政府与北京大学在海口共同签署省校合作协议，建设北京大学海南海洋研究院（为北京大学海洋研究院海南分院）。   2014年6月4日，北京大学海洋研究院与三沙市人民政府签署合作协议，共建三沙研究中心，争取将三沙研究中心打造成南海发展战略和三沙发展策略的重要智库。这是北大与海南省校省合作协议签署后首个落实的具体合作协议。  2014年6月25日，北大海洋研究院“海洋战略研究中心”成立。  来自 北京大学海洋研究院      至于楼主想跨校考研，不知道以后你具体是什么方向？不过我知道你们学校好多学生保送到北大环境科学与工程学院（环境方向）和物理学院（物理海洋方向）。 
考研中国海洋大学外国语言学及应用语言学参考书及资料？,师妹，考研信息因院校不同专业不同而异. 你应该去找这个专业或者这个学院的考研群. 在中国海洋大学吧也能找到对你有用的信息.  链接引用自贴吧李刀爷所述的海大外国语言学及应用语言学考研经验.   https://  tieba.baidu.com/f?  kz=4543561190&amp;mo_device=1&amp;ssid=0&amp;from=844b&amp;uid=0&amp;pu=usm@0，sz@1320_2001，ta@iphone_1_10.2_3_602&amp;bd_page_type=1&amp;baiduid=8C3A71C422255A6FD0E01399914B7C64&amp;tj=www_normal_7_0_10_title?pn=0&amp;         希望对你有帮助. 考研加油.
在中国海洋大学鱼山校区就读是什么体验？,慢下来了，宅出新高度。老年公寓名不虚传，除了吃的和住的，就跟住在公园附近的小区一毛一样的感觉。
中国海洋大学的法学怎么样？,青岛本地人，到了冬天如果不刮风像南方，刮起风比东北还遭罪，风冷像小刀一样吹在脸上～本科法学，可以这么说～海大的优势是海洋生物，如果考这个的话简直是小母牛嫁大象牛逼大了，但是如果考法学什么的，还是慎重～因为认可度不高，像海洋学科他们是重点学科，工程啦机械啦主要是看你的专业度最好是什么理工工程大学之类的～至于这种文史型的没有什么科技含量，背法条啦、被历史啦、教育啦什么的专业技能不高的，还是找名校吧～说起法学首相想到的肯定是政法～海大的出来去律所…不是很认可
中国海洋大学物理专业的概况如何？,难道你不会去官网看么....
今年的山东考生，高考成绩425，二本线490，想去上中国海洋大学的HND，请问这条路能走的通吗？, 1，HND在我个人看来是极坑爹的项目。有这个钱，去别的地方更靠谱。因为环境，师资，目前我接触到的去上的学生，没多少对这个有好评的。我知道可能会得罪一些HND项目的人，但是客观说，从对孩子的帮助来说，去个美国社区大学，我都觉得可能比HND要好。（当然，你得找还比较靠谱的社区大学）  2，看你家里的经济条件到底是多少，如果没钱，找一些正规的，不贵的国外学校，我也觉的比这种学校好。再不行，就正常上个三本好大专，可能也是个选择。  其实，我认为对你这种情况，环境挺重要的，去一个比较积极上进的地方。如果国内比如北京这种地方，我觉得好点。 如果美国，就不好说，大地方贵，刺激大；如果你上进，那么以后可能会不错。如果踏实学点东西，那么安静的美国小城市可能会不错   高考不理想，要不要出国--水哥谈留学    这篇文章，我做了比较全面的介绍说明，有空可以看看  
请问吉林大学和中国海洋大学那个更好一些。哪个知名度或是考研更好？,吉大毫无悬念
我想考中国海洋大学 历史地理学研究生！ 有谁有了解的吗?,现在统一属于一级学科中国史下的二级学科。
2017年高考毕业生 被中国海洋大学录取 纠结于学德语还是法语？, 有几个问题需要想一想的。  1.本科毕业后假设留学想读什么，德法两国的留学政策有差异，你读完德语法语之后，想去目标国家转专业的难度可能不一样。  2.直接工作的话，想去非洲吗？如果不是，那么法语的排行榜高薪很可能是享受不到的。  3.你更喜欢哪国的文化？ 
中国海洋大学的经济类专业考研的话相较于其他985是不是很弱？没有恶意，想考来着？,拖了好久才更，把这个坑填上，讲真一个大一新生对学校的学科水平不敢妄加评价，但在学校待了也快一年了，也对经济学院有了一些自己的看法。 先从报考说起，当时报考中国海洋大学的非海洋特色专业，无非就是为了他是“国字号985高校”，位于宜居的青岛，数学英语成绩较好想学商科的我刚好可以报上的大学。 于是我抛弃了东财西财中南财的偏冷门专业，报考了中国海洋大学的金融学专业。然后就是2016年8月，我开开心心地踏上了征程，我以为我会激动，但我没有，因为我不知道来到海洋特色大学的非特色专业是否是一个正确的决定。 事实证明，如果给我的这个选择一个评分的话，我只是刚及格而已。 我才只是一个本科生而已，无法给经济学院的学科水平一个准确的定位和评价，也不能给诸位过多建议，我只是讲讲我自己所看到的经济学院一个缩影，有些以偏概全，仅供大家参考吧。 宏观经济学，某赵姓老师，选课的时候在教务系统里看到老师是教授，还挺高兴的，毕竟资历在那里，授课方式和年轻的老师应该会有所不同吧，会使我们的理解更深一些吧。然后这学期到目前为止已经上过四节宏经课了，我的内心全特么是mmp，我不质疑老师的科研水平，毕竟也和老师也没什么正面接触，但是，老师的本科授课过程中，根本不特么好好讲课，第一节课用二十分钟讲课程要求，十分钟为我们讲解目录，剩下的一个多小时都在瞎扯淡，讲她那一点都不搞笑的段子，讲她在澳洲怎么怎么地，第二三节课好一点，差不多都是三十分钟读PPT，七十分钟讲段子，老师用前三节课，读完了第一章国民收入核算，当时心里想的是：可能第一章比较简单老师没怎么好好讲吧。时间来到了第四节课，老师用一节课，读完了第二章国民收入决定理论的PPT，从凯恩斯消费理论读到乘数论，再读到二三四部门的收入决定，一点引入都没有，就只是读，只是读，读完就过，然后还好意思说她很注重让我们理解，这可能不是是水平问题，是态度问题，要是我能给她打分的话，我肯定会挂掉她。然后很遗憾，赵老师是教授，有资格带研究生，报考之前请多了解她的研究生教学方式，慎报。 (转自朋友空间，类似的说说很多，大家都想哭了)   我没有说海大经院因为有一位多么多么不好的老师就从而说他不好，可他的师资水平真的良莠不齐。 总而言之，中国海洋大学就正跟他的名字一样，水挺深的，尤其是经济学院，差不多是深海了，各位成绩够好的请选择更好的学校发展，如果你的成绩不够好，想上985，看中了中国海洋大学经济类专业的话，请在选择导师的时候慎重一点，尽量多方面了解。 我匿了，刚上完宏经课的我，已经在很努力地管住我的嘴了。
想考研学习海洋方面的，本科是地理科学，有两个目标学校，中国海洋大学和厦大，哪个更好一点呢？求助？,你应该去考研帮问
中国海洋大学金融硕士教育中心怎么样？, 中国海洋大学是一所以海洋和水产学科为特色，包括理学、工学、农学、医(药)学、经济学、管理学、文学、法学、教育学、历史学、艺术学等学科门类较为齐全的教育部直属重点综合性大学，是国家“985工程”和“211工程”重点建设高校之一，是国务院学位委员会首批批准的具有博士、硕士、学士学位授予权的单位。校训是“海纳百川，取则行远”。   经济学院金融学系成立于2001年，其前身为1993年设立的国际金融专业。自建系以来，金融学系一直秉承“厚基础、宽口径”的办学思想，致力于培养“有专长、基础宽、素质高”，能够胜任国内外金融理论与实务工作的复合型人才及教学科研工作的尖端学术人才。   专业介绍   金融学是研究经济活动各领域货币与资本流动、资源配置和宏观调控理论与方法的学科，是兼具理论性与实务性、微观与宏观、国别性与全球性特点的综合性学科。金融学(含保险学)专业，在借鉴国内外知名大学金融学专业及其相关学科教学经验的基础上，坚持遵循学科为本、优化结构、突出特色、提高质量等原则，对课程设置、教学内容和教学方法不断进行调整，其侧重点是提高数理金融课、金融前沿理论课的比重和授课质量。   课程设置   本专业共分为十个研究方向：国际金融、商业银行经营管理、金融理论与政策、投融资管理与资本市场、金融市场与金融工程、货币政策与金融市场、金融市场监管、 社会保障，保险市场与政策和保险精算。  学位课：自然辩证法，中国特色社会主义理论与实践研究，英语。  专业课：中级宏观经济学，当代金融理论，中级微观经济学、金融风险管理。  选修课：财政学、公司金融，国际金融理论 宏观经济分析 金融营销理论与实践、商业银行经营理论与实践、保险经济学、保险精算、社会保障学。   申硕条件   1、具有大学本科学历并获得学士学位满三年(以每年报考同等学力考试时间为准前推三年);  2、完成研究生课程班规定的课程学习，修满要求的学分，成绩合格。  3、在研究生课程班学习过程中，通过同等学力人员申请硕士学位外国语水平和经济学综合水平全国统一考试。  4、自向学校提交论文开题申请之日起，一年后在导师指导下完成硕士学位论文，并通过论文答辩。  摘自中国海洋大学在职研究生招生信息网  http://www.  duyan.com.cn/xuexiao-67  46-1.html       
中国海洋大学法律硕士（非法学）如何？,同老乡，同备考，您应该是我师哥，我说一下我选择海大的原因吧，不想离开青岛，所以本科也是选择了青岛的学校(人各有志夯)，对于海大，我了解到的是(我个人觉得我了解的还是挺多的)，专业性肯定不如你之前提问的山大强。当然，这两个学校在全国都算不上领先。海大往年都说国家线，具体了解的，复试也不怎么刷人。16考研323了，高了八分。报名280多个最后收了30。当然，毕竟是个985高校的牌子，加上非法本以后不能直接司考，相信还会逐渐竞争加剧吧，也祝愿学长今年马到成功。共勉吧  分割线 ———————————————————— 很多朋友都问我考上了没，本人有幸17年9月将成为海大新研一，今年的复试线是333，国家线310，最后复试录取最低分好像是334吧...具体也忘了 海大复试和初试比是5:5所以复试也很重要，初试成绩除以10带进复试，所以差距也就不是很大了 如果还有其他问题都可以私信我 分割线 ———————————————— 这几天好多朋友加我微信，问我备考的一些问题，有几个代表性的问题我整体回答一下 1 如何学？ 可以关注一下 法硕联盟 上面确实有些干货帖子还是很好的，至于其他的个人建议。我觉得在备考过程中一定要把握细节问题，法硕所有的考察内容就是分析上的内容，所以这些年命题趋势就是越来越细。 2 材料准备 除了官方指定唯一教材 考试分析 还可以准备一本考试指南，指南只需要看刑法分则部分，指南的其他部分我个人不建议看。因为比起分析，指南其余的内容太多，太杂，对于考研这种应试考试，短期性价比不高；在一轮或者二轮复习期间，可以买一本习题 我建议是人大版的配套练习或者标准版题库，这两本都可以，择一就好，不需要全买；还有很重要的就是真题 真题一定要反复做，多做， 我的建议就是做真题的时候，要找一个专门的本子，起到答题纸的作用，这样选择题写着本子上，而不是书上，防止你在做第二遍真题的时候，受到第一遍在真题书上涂写选项的影响，主观题一定要尝试在本子上写一下，而不是单纯的只在脑子里过一下，一开始确实有无从下笔的感觉，多写写就好了，而且一定要把自己写和标准答案比对一下，找出自己的不足之处。 可以保留最近三年真题不做，到备考初始最后冲刺时进行自我考前模拟使用。 如果还有其他有疑惑的地方，欢迎随时交流。 分割线 —————————————————— 很多知友这几天加了我微信，和我交流，也提出来一些问题，首先我对你们对我的信任表示感谢。 这些问题里面最代表的就是问到，18年海大法硕复试得多少分，我个人预测大约在340左右进复试才算比较稳妥，一方面山东学子恋家情节比较严重，很多人都想考回来；另外很关键的一点就是，由于17年末代司考的缘故，所以我相信今年参加完司法考试之后，还会有大波人涌入考研大军。因此18年海大复试线还会有一定的涨幅，这个希望各个研友要做好心理准备，科学的安排自己各科的复习，好好的准备初始才是目前这个阶段的唯一任务。
18考研党，想考中国海洋大学的药学院，药化，药理，制药工程（专硕）考哪个专业胜算大？,我觉得数学好的化肯定是制药工程了
考中国海洋大学船舶与海洋工程专业研究生怎么样？,真心建议别来 
中国海洋大学的中文系好吗？,题主你好，首先解释一下，前一阵海大在网上有一些风波，入选“最后悔的十所大学”，但我们都不这么觉得哈哈哈。 我是中文系大二学生，目前海大中文系的确存在一些不足，但也有不少好老师，另外图书馆资源丰富，学校离市区比较远，风景不错。   这是学校附近的沙子口～崂山校区没有海，但是有山哈哈哈哈   古代文学的老师们～   海大的蓝天～  我很喜欢青岛，虽然海大的中文系比起同样分数的华中师范，甚至分数更低的南师，陕师可能都优势不大，但我不觉得后悔。 题主加油～希望一年后的选择不会让你后悔
有没有考中国海洋大学化工类的研究生的？怎么样？接收外校的吗？,接收，我同学有考上的。。。
中国海洋大学的计科专业怎么样？,谢邀。 并不了解中国海洋大学。 邀请之前看一下简介嘛， 我是四川女子大学的！
在中国海洋大学学非海洋专业是什么体验？,哈哈哈哈哈哈哈哈哈 終於我也有機會說出這句話了:蟹妖！ 嗷，其實一時半會答这个问题倒是真的想不出多少不同來。把我能想到的說一說吧。 先說自己念的專業吧:朝鮮語。新聞傳播學。(朝鮮語念了兩年，現在在轉新聞傳播學，學籍仍在朝鮮語) 師資方面:有說海大文學院還不如青大的，不知道這個結論從哪裡來，不過我也沒去過青大，不瞭解那邊的情況。不過至少我接觸過的專業課的任課老師，常常會讓我覺得很崇拜。比如，之前上張偉老師的課，一學期下來已變成他的腦殘粉。上課會給同學很多啟發，下課去找他討論問題也超有耐心，人很好，很尊重学生。另外，有些老師可能頭銜只是講師，但教學上很有經驗，講課內容很有水平。總體來說，我很喜歡文新學院的老師，一般都拿學生當自己家小朋友看待。雖然是在海洋大學念非海洋專業，但因為是在念自己喜歡的專業，所以還挺開心的。 保研出國的機會:每個專業應該都有外推的名額吧。具體情況答主不太了解。然後出國交流的機會也會有，外國語學院一般是去學的語言對應的國家，比如我室友剛去完韓國世宗大學交流一年回來。文新學院有去台灣那邊交流的名額。不過好像有受最近政治局勢的影響…不確定近期會怎麼變化。 地理位置，硬件:嶗山校區這邊包含了大部分的專業，題主可以先確定自己報考的專業是在哪個校區。魚山校區在市中心，景色很美，海大是憑魚山校區上榜十大最美高校之一…另外出行便利，離火車站近。離海邊近，可以步行去海水浴場。嶗山校區很大，從宿捨走去教學區上課大概20分鐘(東區和南區是這樣，北區可能5-10分鐘)，校區地理位置偏僻，出行不太方便，到了大三之後出去玩都直接打的…硬件的話，我覺得還好吧。但是老停水是真…教學區和宿舍常常一片翔河…食堂有在變好的趨勢，包括菜品還有裝修。魚山那邊的硬件不太了解。宿舍嶗山這邊一般四人間，海洋科學專業的女生二人间，上床下桌。然後有些專業是上床下桌，有些專業上床下床(例如外國語学院。手動再見。) 以上。之後想到會補充。因為手機的语言設置是繁體字，希望不會影響閱讀:-)  希望題主自己權衡之後，能去到自己心儀的學校:-)  最後附一張某天拍的圖。無後期處理。  
作为中国海洋大学的在校生或毕业生，如何看待近期（2017/7）发生的一系列关于学校的事件？,从学校的角度，这些事儿客观上提高了我校知名度…… 
山东大学威海校区，中国海洋大学，南京师范大学，西南大学选哪个？,只说我了解的，西南大学在读. 先说学校，应该三个学校差距都不大，山大985，但是威海校区是个分校，具体毕业证是不是一样不知道，但是分校一定不如本部的有底蕴，认可度高，尤其对于校友而言，因为西南大学也有类似的西南大学荣昌校区。对于很多已毕业多年的校友，分校他们可能真的都没听说过。再说西南大学教育部直属211，985优势学科创新平台，但是强势专业在师范农林包括现在发展不错的化学生物外语，在重庆不在成都。南京师范大学，没记错应该江苏省属211，不过江苏也不缺钱，应该对于高教投入也很大，南京师范大学的文科在全国还是有口碑的。而且西南大学的主支之一是西南师范大学，所以西南大学其实和南京师范大学还是一直保持合作来往的。 再说专业，由于不了解另外两校，只说西南大学的汉语言文学，汉语言在西南大学是文学院的专业，分免费师范生和非免费师范生两类。由于吴宓先生在原西南师范大学任教28年，所以西南大学文学院认吴宓为宗师，学院也叫雨僧楼(吴宓号雨僧)，应该来说还是很有底蕴的。所以西南大学的汉语言文学不敢说在全国怎么样，至少在西南大区还是吃的开. 另，重庆还是很好玩的，虽然比不了南京的繁华(其实也不差了，只是坐落西南嘛)西南大学的校园也是在全国有名的，8000亩大校园，绿化40%，还是很漂亮的 找了很久，附两张西南大学文院的图吧！   
考南京大学的研没考上调剂到中国海洋大学，我是去呢还是再来一年？,算了吧 。再来一年吧
中国海洋大学会计和金融如何选择？求推荐?,会计比金融不知道好到哪里去了……
大三考研狗，想问下中国海洋大学水利专业怎么样？,相对来说不够强势，如果可以的话最好选水利有群体优势的学校，比如河海武大之类。 研究生学费，不论三年制还是两年制，都是总共两万四。三年制一年八千，两年制一年一万二。
中国海洋大学研究生宿舍什么样啊？学科教育英语专业在哪个校区？,您好，学科英语的话专科生可以考吗？有什么要求
我是2017年山东考生考11554名能报中国海洋大学么？,艾玛我11501    612分
中国海洋大学金融专硕有奖学金吗？金钱压力会不会很大？,只要你是全日制的考生就会有奖学金，学费不算高，应该是12000一年。
中国海洋大学 思想政治教育研究的研究生专业怎么样呀？,好惭愧啊，我在海大待了四年都不知道有这专业。 海大本科是没有这类专业的，所以研究生肯定也…你懂的
中国海洋大学和东北财经大学会计学研究生如何选择？,  我记得东财好像会计学全国前几，有的排行榜里是第一，屌爆了是肯定的。   中国海洋大学呢，会计学全国十几名，也不弱，毕竟每个学校都有这个专业是不是，排到这很不容易了。   海大吧，985 211，还不自主划线。
华为把中国海洋大学作为宣讲会的最后一站是因为什么？,11月17号收到通知江苏山东地区招聘结束，也就是给我们这些备胎的拒信，那华为今年在海大的招聘人数可能不到十个。另外，我的笔试成绩是满分，面试成绩是双a，得不到offer的原因不是成绩，据说是学校，专业，家庭因素等等。还有一件事，去年有一个拿到sp的师兄毁约了，对我们和之后的招聘造成了影响。 所以劝师弟师妹们，尤其是电子系的，不要对华为抱太大希望，不是招聘成绩好就一定能拿到offer，有其他的机会一定不要放弃，不要因为等华为、或者觉得华为offer诱人就放弃其他面试机会，血的教训    原答案：据我统计，加上实习生和提前批，华为只在海大招了8个人，通过面试的也只有不到20人，我们这些剩下的都是备胎，你说华为怎么想的
中国海洋大学黄岛校区能否助力提高该校在全国内的排名？,   不是所有的排行榜都十分考虑规模因素，所以最多是能提高一部分排行榜的排名。    像人大，它规模再小也是top8。而且其实不少大学都在建设新校区，你有发现学校排行榜有什么大的变动吗？
请问川外在读日语系马上大三，想考中国海洋大学日语文学方向研究生难吗？,为啥老有人邀请我回答这种问题。。。 说实话研友啥的并不重要，关键靠自觉，多找该院校的考研资料
中国海洋大学的 中国海洋发展研究中心怎么样？,  http://  m.baidu.com/from=101375  5s/bd_page_type=1/ssid=0/uid=0/pu=usm%401%2Csz%40320_1001%2Cta%40iphone_2_7.0_14_5.4/baiduid=AE2B6C9392E676C0661CF05D71013F20/w=0_10_/t=iphone/l=3/tc?ref=www_iphone&amp;lid=12902908502255059793&amp;order=2&amp;fm=alop&amp;tj=www_normal_2_0_10_title&amp;vit=osres&amp;m=8&amp;srd=1&amp;cltj=cloud_title&amp;asres=1&amp;title=%E4%B8%AD%E5%9B%BD%E6%B5%B7%E6%B4%8B%E5%8F%91%E5%B1%95%E7%A0%94%E7%A9%B6%E4%B8%AD%E5%BF%83%E5%B7%A5%E4%BD%9C%E4%BA%BA%E5%91%98%E6%8B%9B%E8%81%98%E5%90%AF%E4%BA%8B&amp;dict=32&amp;w_qd=IlPT2AEptyoA_yk66Ascs47u_lJVhocnuSQYhBjTsgstZBgzMz-az8K&amp;sec=23664&amp;di=1bab20c9e1e5e683&amp;bdenc=1&amp;tch=124.0.279.470.0.0&amp;nsrc=IlPT2AEptyoA_yixCFOxXnANedT62v3IEQGG_y2F1XSrmVjte4qaUbBsUTCqAp8GJ9Cb9jDNxBt8c87d0DUk9Rl0rbdmpSlujCj8v0ip&amp;eqid=b31056eb9647c0001000000259a9fa04&amp;wd=&amp;clk_info=%7B%22srcid%22%3A%221599%22%2C%22tplname%22%3A%22www_normal%22%2C%22t%22%3A1504311842416%2C%22sig%22%3A%222943%22%2C%22xpath%22%3A%22div-a-h3%22%7D&amp;sfO        招聘参考这个，能不能上，那就看你的背景了
中国海洋大学材料学院研究生就业情况怎么样?是否值得考，为什么既是985又是211研究生录取分数还那么低呢？,作为曾经的材料院的，诚实的说，不好。
18考研，中国海洋大学食品学院有没有食品加工与安全这个研究方向？,有。 在OUC研招官网可以查到：食品科学与工程学院，食品加工与安全专业（专业学位）
在中国海洋大学读双学位是怎样的一番体验？,可以告诉你跨校修双专业基本不可能，不说光学两个专业都要花费大量时间，坐校车来回加上等车走路一天下来至少需要浪费4个小时以上，再加上坐车完你还得休息一段时间才能缓过来，这样一折腾根本就没时间学习了。年轻人有理想有追求是好事，但有时还是要考虑一下现实的。如果非要修双专业，建议你把食品换成崂山的任何一门专业都行，就是不要跨校
中国海洋大学(青岛)研究生经济学专业在青岛的就业前景如何啊？,在青岛，第一是关系，第二是学历。
中国海洋大学会计专硕好考么？,分算高的了，我考的那一年海大219，山大220，我报的山大考了218……说多了都是泪
如何看待中国海洋大学一年四个学期的改革？,对于老师，可以优化教学进度，更好的投入科研；对于学生，可以相对增加学习的紧迫感，减少期末突击的弊端，更好的掌握基础知识，这样的出发点是好的。但四学期和每天的课表的时间安排则是有点过于紧凑，中午没有充足的休息时间很难保证下午以及晚上的学习效率。
中国海洋大学夏令营？,目测这个问题已经过时了。。。欢迎来到中国海洋大学
在中国海洋大学谈恋爱是一种怎样的体验？,首先，你得有一个男/女朋友。 南区文院宿舍，每天晚上楼下都是拥吻的……不忍直视。 严肃的说，还是不错的。风景好。而且地处偏僻，也没那么浮躁攀比。 就是觉得海大整体颜值有点低。 匿了。
在你印象中，中国海洋大学是一所怎样的学校？培养出来的学生怎么样？,毕业了几天后惊闻海大换校长和书记了，星哥卸任，于书记成了校长，来了个纯官员的新书记。不禁为海大的去行政化未来略感担忧。接下来是继续保守还是走改革之路，拭目以待。 毕业后，常常会去想海大的日子，正如我之前答的，所有的后勤、行政管理类的问题都淡去，留下的都是美好的回忆，只是希望海大能够发展得更好。 最近知乎很火，在某某大学念书时什么体验，在学习方面，在海大纯学习还是很不错的，学习氛围还算宽松，走走纯学术路线的环境还是很不错的，毕竟大学学习还是要靠自己。其他方面的体验，体验体验就好。。。。 以下是分割线，之前的回答。 ........................................................................................................... 怒答！ 貌似大家都跑题了，先答一句，海大是一所行业类211、985工程重点大学，除了海洋、水产之外在同级别大学并无优势，文科类尤其。培养的学生普遍有较好的学习能力和学习习惯，文化素养比较高未来从事科研、教育、机关单位、国企等工作非常不错。但是培养的大部分学生缺乏商业思维，缺乏创新力和竞争意识，实践和动手能力较差！回答完毕，在浏览这么多不是回答的回答，神似吐槽的回答后，我也叨叨两句~        断水、断电、洗澡、网费、选课、校车、占座、教务处、后勤、财务处这些问题对于普通学生来说也就是大学那几年难受一下，当时间过去都会成为同学聚会非常有趣的谈资和倚老卖老的资本，在我看来一点也不影响海大985的名号。可是我们顺着这些问题往上看，这些问题肯定不是偶尔，整个体系漏洞百出才会这样，我觉得海大官僚作风太盛行，海大管理者太封闭，没有一点现代商业思维，没有服务意识，没有沟通对话意识，离学生太远，老觉得自己是一个官是一个管理者，一点儿也不贴近群众，没有走群众路线和群众方针啊~按同学的话说，海大太没有人情味了！        更可怕的是海大的自以为是和固步自封，总拿国字号、211、985来说事儿，其实海大在2002年达到了他近几十年的高峰，之后就一直在吃老本，不断发展缓慢。02年之后的10多年，中国很多高校都在进行或大或小的改革，我们不求南方科技大学那样的破釜沉舟，渴望复旦、浙大这样的小修小补，可是海大没有吧，除了那套屡屡炫耀的选课制度。人文学科，除了管华诗时代聘请的王蒙，其他再没有动作了吧，整个人文学科，几乎都依靠王蒙这个快要90岁的老头的影响力，何其难啊~再说说海洋学科，近年来厦门大学的海洋科学在某些排名上已经超越海大了；水产学科，华中农业和上海海洋虎视眈眈啊。        海大太保守了，发展速度跟不上节奏啊，这个跟城市和省份有很大关系的。青岛城市规模才多大，世界五百强企业才有几家，能够提供实习机会的驻青世界五百强有几家？海大又有多少学生有意识去这些企业锻炼？青岛发展太慢了，以前跟大连齐名，现在恐怕赶不上了吧。青岛到济南，连一条像样的高铁专线都没有，出个青岛多难啊，出个山东多难啊。大企业不愿来青岛来海大招人太有道理了~        大家都知道海大要发展的好很难啊。欠债很多，沦落到卖地。中央领导指示，海大要走特色道路，除了优势学科，其他学科拿到的发展资源有限。地处青岛，发展空间有限。文化氛围本来就偏保守等等问题。可是走任何道路都很难，没有破釜沉舟的改革发展勇气，如何有资格继续顶着985和国字的名号呢？        作为大四狗，要毕业了，舍不得学校的老师和同学，也舍不得这段难忘的时光。对于学校的感情也不仅仅是吐槽、谩骂，反而更多的是担忧，希望海大变得更好更有名。        最后说，想不到知乎上有这么多海大人，知乎是一个交流的平台，请允许观点自由发表，不管是骂学校还是赞学校，请保持宽容的态度，中国太需要观点的对立碰撞了，在思辨中才能更好地理解事物。        第一次长篇答题，献给海大，愿他破釜沉舟，努力改革，更好发展！
对于一个山东文科生来说，全省位次2064，报考苏大，还是中国海洋大学？就教学条件里说，那个较好？,如题，在全省位次上，两者都可以，在两者的选择中纠结
澳门大学的土木工程和中国海洋大学新开的轮机工程读哪个就业好？,去看看今年国考 职位表，和去年省考职位表，看看海事局等单位 要的海洋相关专业哪些比较多，建议你报考这种专业，以后 去 公家单位 上班，做内勤职位，又符合自己的喜爱。不像男同事那样到处跑。
分析化学考研，从教学，发展，地理环境各方面来看，东北大学和中国海洋大学哪个更好呢？,同样在纠结这个问题，但是海大的分析报录比特别大，东北大学招生多一点相对，不过还是想回山东
为什么中国海洋大学这么容易招黑？,应该是计划性无脑黑吧。你听侯鹏说什么在胶州的青岛学院。他确定他说的不是那个珠山校区？作为土生土长的青岛人，以及海大学子还是挺自豪的。如果他真的最差的那青大石油大怎么办？如果他是最差的，刘延东总理会来视察么？
云南考生文科607，有20分边疆分想报考中国海洋大学或东北大学，不知哪所文科专业更好，求大神们指点。？,两所文科都烂
上海大学 南京理工 中国海洋大学哪个好？,个人觉得男生的话南京理工好一些。我弟弟说上海的大学对外省人有区别对待 我也不知道真假。海大很水，除了有关海洋的专业以外其他的专业都不是很强，竞争力没有同层次大学强。
四川大学、湖南大学、中国海洋大学的应用化学专业哪个更好？,天大和北化比较好
如何抉择？社科院研究生和中国海洋大学研究生?,个人感觉海洋大学不如社科院，毕竟金融行业，北京要遥遥领先于青岛，资源相差太多，而且，海洋大学的经济类专业应该一般吧
我是英语专业的大三学生想考外国语言学与应用语言学专业，北京语言大学 中国海洋大学 吉林大学好一点呢？, 当然是北京语言大学。专业不错，学校外语环境好，在北京你接触的东西也不一样。吉林大学在东北，海洋大学在山东，语言环境差远了。 
说起什么能想起中国海洋大学呢？要美好的东西。？,图书馆篇 图书馆前面有一野湖。 孔子像前摆供求不挂。 斯文堂怎么都没座了？ 网上预约后没座都难。  教学区篇 二区楼顶上看过夕阳。 五区露台上吹过晚风。 紫藤花开满九球广场。 四区对智商是种考验。  餐厅篇： 夜宵厅的炸串方便面。 清餐的妹纸你走慢点。 一二三四餐厅人爆满。 康惠达尚点和快洁园。   南区篇 丁字路口的美时美刻。 天丽雅麦克风惠馨特。 米宝贝油泼面麻辣拌。 水泥篮球场我也喜欢。  终篇 凯旋门、行远楼、樱花大道， 挑战杯、SRDP、三下乡， 迎新的大活， 毕业的体育馆。 最后我被自己戳了泪点， 想回学校看看， 有一起的吗？
2016中国海洋大学自主招生？,我觉得主要是自信吧。  当初我自己英语口语说的时候感觉还是不够流畅，但是只要问题回答到点子上，老师不会扣分的。 相反，只要你自信，老师还是会欣赏你的。  对海洋类专业一窍不通没关系，快去查资料看啊。看和你想报的专业相关的，还有基础的海洋知识。还有，海大的校史以及你为什么想考海大这类最基本的问题应该不用我说也要好好准备吧...  我是13年自招的，广州考点，四个省，排除小语种专业的（她们成绩构成不太一样），我是复试成绩第一。  祝你成功。
想要考取中国海洋大学物理海洋专业的研究生，应该怎样准备？,海大书店有卖专业课和数学的真题
我想问中国海洋大学保险专硕毕业证，学位证上授予什么学位，是经济学硕士吗？,当然 属于经济学
请问中国海洋大学考研难度大吗?本人外校普通一本？,本人现在海技大一，不知道师兄(师姐)想考哪个方向，难度既然是985肯定就不会小，但是比那些清北交要好得多，并且海技以后很有前途的哈哈 ，如果海大海技硕士毕业，工作是不用愁的
昨天查询高考录取情况，发现被中国海洋大学提前批退档了，我该怎么办？,我是一万多名都不敢报你觉得呐(ಥ_ಥ)    话说兄弟你怎么查的，为啥我查不了
如何看待中国海洋大学学生会微信公众号发文称女性乘坐公交车时应该遮住大部分身体？,一个女子 哪怕是裸露着全身站在你的眼前 如果她不同意 就不构成你能侵犯她的理由。  社会之所以越来越开放 是有原因的。 民国时期的男子 看见大腿愈隐愈现的女子都会春心萌动。可是随着时代的进步 网络的普及 很多很多人已经对于这些无动于衷。  所以说 是否性骚扰和穿着无关 是素质和人心问题。
今年高考621，省14641名，中国海洋大学录取位次大约一万名左右，我可以报中国海洋大学吗？,不可能的。一本扩招基本上都是原来的二本升到了一本录取，其录取分数顶多也就是在一本线附近，不会影响到重点大学的录取分数。除非出现断档，否则同学基本不大可能录取的。 另外，请说明你是哪个省，文科理科？这样对回答问题的人也是尊重，谢谢：）
中国地质大学(武汉)海洋科学专业面对广东招生吗？投档线是多少？,处于什么考虑，为什么这样问？我校面向全球招生。欢迎新学弟学妹！
本人山东财经大学财务管理专业，想考中国海洋大学的财务管理研究生，想跟学长学姐取取经！？,冷静啊，一年就招四个，你是确定干得过海大本校的？
中国海洋大学翻译硕士怎么样？难考吗？,1.专业前景/钱景不看好，毕竟科班出身也不一定就能比得过在外留学归来的海龟，而且国内无论口译或笔译市场均鱼龙混杂，极不规范。 2.难度不大，翻译硕士除开北上和对外经贸，都不难考。 3.请自行搜索考研论坛。  PS：题主若有兴趣换专业深造，个人认为是最好不过，尤以商科甚。
网上山东省的985、211重点大学，只有山东大学、中国海洋大学、中国石油大学。怎么没有哈工大威海校区？,哈工大威海校区，踏平坎坷成大道，必将威震四海！ 哈尔滨工业大学被评为中国最失落的十所高校第一名。哈工大解放后曾有过一段辉煌，不过已是昨日黄花，谁叫她在错误的时间（改革开放1980年代后），错误的地点（东北黑龙江，改革开放的春风未泽被的地方），选择了错误的专业方向（国防军工类）呢。现在被一些后生打压着，是有点“冯唐易老，李广难封”的味道。不过实力可以服众，新中国历次确定的各个时期的首批全国重点大学、首批211、首批985榜上都有名的大学只有三所，分别是清华、北大、哈工大。在世界工科院校排行榜中哈工大位列第七名，而世界著名大学斯坦福大学排名第八，由此可见哈工大实力之雄厚。如果校址往海边挪一挪效果更佳 。。。2002年哈工大（威海）校区正式建立，2016年哈工大（深圳）校区正式建立。有人说的最好的状态是，哈尔滨读一年，哈工大的根本在哈尔滨，威海读两年，威海是联合国人类宜居城市，适合单纯的学习科研，深圳读一年，深圳是国际大都市，将来也是著名大学云集之地，体验极北极南，大一哈尔滨，大二大三威海，大四深圳，实习找工作不方便问题也解决了，南北方也体验了，内地沿海也体验了……哈工大“一校三区”的发展战略，就是为了挽救东北哈尔滨工业大学持续衰落的趋势而实施的实现“伟大复兴”的重大战略。 一、第一个跨省异地办学的重点大学艰难起步，迈过第一个坎。 哈工大威海分校的建立，标志着改革开放新时期全国重点大学第一个跨省异地办学的开端，标志着威海校区历史新纪元的开始。 当时威海市还是一个只有15万人口的县级市，但是以李仕恩书记、李同轩市长和人大门兆英主任为首的市领导立志要在威海，利用其优越环境和条件，创办一所名牌大学来提高城市的品位，而且一开始就把协办单位瞄准哈工大。 1984年4月威海市派出了以威海市人大常委会门兆英主任和张树平副市长为首的代表团来到了哈工大，真诚邀请哈工大能去威海办学，提供的条件为环境最好的沿海土地2000亩，地势平坦，紧邻威海最好的海水浴场——威海国际海水浴场，政府负责征地和三通到校（路、水、电）。学校当时的校领导热情接待了他们，但考虑到当时哈工大本身建设正处在困难时期，无力再在外地办学，当时领导提出的两个尖锐问题是：“光有土地，建设的经费哪里来？”“在威海办学对哈工大本部发展有什么好处？”因此会谈未能得到共识，威海市政府代表团扫兴而归。接着他们去了山东大学，得到了山东大学的支持，并立即着手选址办学，原准备提供给哈工大的一片海滩和一座小山（麻子山）划归为山东大学威海分校所有。 1985年1月5日，在航天部张钧部长的促进下，威海市李同轩市长和哈工大杨士勤校长签署了市校合作办学的协议书，并上报航天部，由此奠定了哈工大在威海办学的基础。 航空航天部张钧部长是位很有威望的老革命，是山东寿光人。他对哈工大和山东省都怀有深厚的感情，当他了解到哈工大与威海市有意合作办学时，以极大热情于1985年1月5日促成了威海市与哈工大合作办学协议书的签订，并表示航天部在建设经费上将给予全力支持。遗憾的是，在他视察山东回京后不久，就因年龄关系于1985年4月离休，他的想法未能实现，哈工大威海分校亦失去了一次投资的机遇。。。 李绪锷部长于1985年4月接任航天部部长。他对哈工大在威海办学一上任就持不支持态度。一是反对异地办学，二是认为哈工大本身建设经费有很大问题。因此，对上报的市、校联合办学协议迟迟不予批复。他后来明确表态，建设规模不能太大，先从大专层次办起，部里只能提供部分经费，建设经费主要靠地方和自筹解决。 1987年9月17日航天部正式批复，同意校、市合作办学协议，并下拨建设款项120万元。1987年分校的建设经费遇到了极大的困难，工程已处于停滞状态。由于李文全市长和许敬三同志的共同努力，在最困难的时候这笔70万元贷款解决了燃眉之急。为了迎接第一期招生和开学，一期建筑面积包括教学楼、行政楼、食堂、宿舍等有5000多平米，按当时最低造价150元每平米，需要经费750万。然而当时筹集到的经费还不到500万，拖欠材料和工程款，已使工程无法进行。威海市建设银行丛玺滋行长说当时国家银行已三令五申不准往外贷款。但丛行长了解到分校建设工程已影响学校招生和开学，立即表示设法运作，市建设银行于1988年元旦给分校贷款了220万元，使一期工程得以建成，保证了分校如期招生和开学。而丛行长为此受到了上级的通报批评。我们要特别感谢丛行长，对他受到的批评感到内疚。好事多磨，一直到1988年9月，终于有了威海地区205名专科委培生入学开始在威海分校学习。 二、1992年哈工大威海分校被砸事件，走出困境，重获新生，迈过第二个坎。 威海分校度过了历史上最危险最困难的时候，标志着威海分校从此不可逆转地走向强盛的伟大的历史转折。 刘纪原部长对哈工大发展具有特殊的贡献。1992年分校被砸，威海分校办学处于十分困难时，航空航天部刘纪原部长即派工作组来威海妥善处理了和地方的关系和善后工作，拨出大量款项购置了规划用地，稳定了大局，在以后刘部长一直关心分校的建设，一有机会就来分校指导工作。 1992年9月哈工大威海分校遇到了建校以来最大的风波。起因是由于建设经费困难，建校速度缓慢，按协议划定给学校的土地面积为2000亩，而实际当时使用的土地近200亩。更主要的是按当时每亩2500元的划拨价共500万元的征地费用，村民亦还未得到。而此时分校所在地已划入高新技术开发区，地价已上涨至每亩20-30万元，因此村民从自身利益出发，企图要回已划拨给威海分校的土地，大学可再高价卖出。因此喊出“把哈工大撵回去”的口号。随之，村民和分校之间的矛盾连连爆发，学校的东西经常丢失，教职工、学生经常受到伤害。对此学校采取了加强保卫科和护卫队工作。在几次村民到学校操场挖沙子挑起事端被阻后，爆发了村民蓄谋已久的武斗事件。几十名村民手持铁锹、棍棒殴打学校护卫队和教职工，并在出现流血事件后，于一夜间把整个分校砸成废墟。事件发生后，威海市有关部门采取了严密封锁，调动了工人、农民和机关干部、层层包围学校，不准任何人出入，学生群情激昂，几次想冲上街游行受阻。幸好此时分校领导梁景凯同志及时将分校被砸的情况通过电话报告了总校。在这紧急的关头，我们找到了时任新华社驻黑龙江记者站的姬云程同志，向他讲述了突发事件的情况，他当即赶写了《哈工大威海分校与当地农民发生冲突，人员有伤亡，财物有损失，师生欲上街》的新华社“国内动态清样”，直送北京中央政治局，在中央领导看到《内参通讯》后立即派公安部、教育部负责人赶赴山东省委，而此时山东省委还未接到威海市任何情况上报。 中央的干预和航天部直接出面协调使事件得到妥善处理，分校才在极其困难的条件下又获得新生。我们特别感谢无私帮助我们的姬云程同志。哈工大威海分校从此度过了办学的最困难时期。1994年威海分校开始以本科教育为主，招收了第一批本科生。 三、1997级罢课事件影响深远，罢课事件及其善后处理，直接促成四年后威海校区正式成立，迈过第三个坎。 时 间： 1997/11//27 地 点： 山东威海 哈尔滨工业大学汽车工程学院 背 景： 1997年9月，汽车工程学院正式搬迁威海 导火索： 汽车系94级同学在找工作时，遇到工作单位不承认分校的事情 参与者： 整个97级本科新生以及汽车系96级同学 行 程： 共三批同学离开威海前往哈尔滨，97级汽车（102人）顺利到达。 反 响： 惊动了时任中共中央政治局常委、国务院常务副总理李岚清，急坏了总校、分校领导 结 果： 有了现在的威海校区 虽然有很多人至今仍不愿承认这次罢课的作用，但，事实如此。 其实说过来，当初97学潮还是有原因的，当时是第一批本科生从总校分配过来，考的分数和总校的一般家伙没什么区别，高考成绩非常优秀，当时威海分校仅有2所公寓，3个教学楼，其他的都是空空如也，97级的师兄们过来之后当然不干了（但是还有种说法威海市政府要把分校改称威海工业大学，毕业证上的掌印也变成威海工业大学的章），于是就闹起来了，罢课，上方，引起了很大的注意，闹到最后，总校调派新领导，然后支持与地方合作，加大学校基础建设，那几个闹事学生领袖调回总校上课了事。其后才有现在的公寓，主楼等等，2000年我刚来的时候，大学校门才刚建起来。 我们的罢课，也的确惊动了很多人。 但是：总校开始重视我们，无能的校长在98级的又一次风潮中被撤，换了我们敬仰的王校长。 他改变了整个学校，改善了和威海市政府的关系，开始与山东地方合作，也改变了我们97级的命运，大部分人考研、就业成功，也相继修建了校门、广场、五公寓、主楼、H 楼等，校园面貌焕然一新。 改变了那会儿提出的3+1，我们学校终归像个大学了。 毕业了，走南闯北了，长见识了。我知道了没有任何一所大学像1997年以前的哈工大威海 分校那样简陋。但是我爱那所大学和我在那里度过的大学时光，因为我在那里办了很多事 情。。。最重要的是：就算 我的这个母校曾经很破，但只有它才是属于我的。虽然2001年我们就和威海市政府达成了共建的协议，但是由于种种原因，说是共建，但是资金却很少。 四、2002年8月29日哈工大威海分校升格更名为哈工大（威海），哈工大威海校区正式成立。从此，哈工大威海校区进入稳定发展的轨道。迈过第四个坎。 哈工大威海分校升格为威海校区，是威海校区发展史上的重要里程碑，标志着威海校区的发展进入了历史新时期。 2002年我到学校的时候，主楼，G楼，主楼广场，5公寓均新建成。 2006年我离开学校的时候，体育场，M楼，N楼，6，7，8，9公寓等等已建成。 实际上，当年哈工大威海的建校主要是因为帮助威海升格变成地级市，分校升格改为校区主要是为了哈工大的发展，国务委员（副总理级）兼国家科委主任、全国政协副主席、中国工程院院长宋健院士是威海人，所以起到了很大作用。威海的起步是艰难的，发展是艰难的，但是它有着一个跨世纪的责任！东北哈尔滨这个地方，确实太偏了，冬季漫长而严寒，南方人不愿意来读书，导致生源质量降低，尽管国家重新振兴东北老工业基地，东北地区经济不景气，这也会一点一点消磨全国首批985名牌大学C9之一的哈工大的灵气，哈工大这所名校的光环也会一点一点暗淡，但是对于威海，南方人并不排斥，所以威海是哈工大一个具有战略意义的校区！威海校区对未来的规划是很好的，花园式校园，如果想建设的话，几年就可完工，但是呢，没钱。 学校征用的建设面积达到1860亩，规划面积达到2325亩。随着学校基础建设的快速发展，哈工大威海校区已经初步具备了重点大学的育人环境和条件。 五、2010年工信部、山东省、威海市三方共建哈工大威海校区。哈工大威海校区发展进入快车道。迈过第五个坎。 这是哈工大（威海）发展史上的又一个重要里程碑，意味着这个由全国重点大学跨省、市异地办学的大学校区从此将会得到更多的发展机遇，也必将承载更厚重的历史使命，迎接更大的挑战。 从2012年开始校区科研经费每年过亿元，突破的是一个亿的高度，实现的是哈工大（威海）全体科研工作者的强国之梦，兴校之梦。标志着威海校区的发展进入了快速发展的历史新阶段。 六、2014年国家海洋局、工信部、山东省、威海市四方共建哈工大威海校区船海学科。迈过第六个坎。 标志着我们学校才算是真正步入了高速发展的轨道。进一步加快建设以航海、船舶、海洋、车辆为特色的与世界一流大学相适应的高水平重点大学校区。 发展是需要资金来源的，伴随着共建的一步一步发展，我们的基础设施最近也逐步完善，大学生活动中心已经投入使用，新的图书馆、留学生公寓、12号学生公寓、创新创业园大楼、丁香园即将投入使用。我们完全相信随着工业和信息化部、国家海洋局、山东省、威海市四方共建的进一步深入，我们的学校会发展的更快更好。 2015年是哈工大威海校区建校30周年。2016年威海至青岛济南的高铁开通。现在威海校区每年都有新的建筑，每年都有新的气象，正在兴旺上升的快速发展时期。在当前国家推动高等教育世界“双一流”建设的重要时期和哈工大实现“迎百年、创一流”宏伟目标的这一关键时期，威海校区也站在了爬坡过坎、全力以赴建设与世界一流大学相适应的高水平特色校区和山东省最具影响力工科强校的新起点上。从发展趋势来看，全国首批211重点大学、全国首批985名牌大学，中国一流大学联盟C9之一的哈工大一定会建成世界一流大学，这是毫无疑问的。哈工大一校三区的发展战略，恰好符合毛主席诗词：“可上九天揽月，可下五洋捉鳖，谈笑凯歌还。”从发展趋势来看，现在的校本部哈尔滨校区将来是第三重要的校区，深空方向为主，“可上九天揽月”，以航空航天为特色，助力军民融合的富国强军战略，国防重器，永葆青春。从发展趋势来看，威海校区将来是第二重要的校区，深海方向为主，“可下五洋捉鳖”，以航海为特色，成为东方的“加州大学伯克利分校”，助力“一带一路”国家战略和海洋强国战略，众望所归，前程似锦。从发展趋势来看，哈工大深圳校区将来是最重要的主校区，信息通讯方向为主，“谈笑凯歌还”，以电子科技为特色，将来校总部搬迁到深圳校区，深圳校区的面积和规模还要扩大，助力中国科技创新中心深圳特区，这是大势所趋，前景辉煌。“世上无难事，只要肯登攀”，哈工大威海校区的明天一定会更加美好！
在中国海洋大学就读问题？,崂山校区教学楼宿舍全面覆盖wifi，信号还可以，网速一般，虽然号称10M，但是一般来说也就打游戏聊微信不卡，视频标清都卡成数字。 强烈推荐联通！你值得拥有！移动经常在教学区没有信号！学校发的手机卡是移动，建议自己办个联通号，包好流量！不要以为你能连上wifi！不要以为你连上了刷的动！ 可以自己装宽带，但是你肯定需要和室友协商，而且晚上断电之后你们就没的用了。
关于在中国海洋大学读日语还是法学的疑惑？, 利益相关：海大日语毕业，现某C9法硕在读，本科期间修过法政的课程。   排名：   海大日语专业的全国排名确实高于法学，但全国几乎每个高校都有法学院。虽然现在能开日语的高校也很多，但从业的教师、开设学校的数量都远小于法学。所以不能光看排名。   师资：   海大日语系的师资是非常强的，能保证你接受到最系统的日语科班教育。具体参见：   中国海洋大学文科专业如何？ - 知乎   海大法政学院的老师有很厉害的，也有比较平庸的。厉害的老师如徐祥明院长、刘惠荣院长、桑本谦院长。但有些课程确实比较水，就不吐槽了。这些师资也能保证你大致了解法学。但由于法学专业太过艰深，如果想深入学习还要求更多的个人努力。   发展：   就业的话，日语专业整体就业率高，但法学的未来发展可能更好。  法学方面，如果是青岛律所的话，海大毕业敲门砖是够了，能不能进还看个人能力了，北上的一线所可能比较困难。如果进了海大法学，并且想进一线城市的红圈所之类的，建议考清北人政贸、复旦、交大的研究生，或者去英美名校读LL.M。  日语方面，出国更容易，对口的工作多为翻译、外贸，转行做其他的也很多。但日语系考法硕的人每年都有，日语+法律的组合在北京、天津、青岛、上海、苏州等城市还是很受欢迎的，如果法硕学校好的话，进红圈所也是有希望的。以前也有日语系毕业直接参加司考的，但今后司考改革这么做就行不通了。  最后，很多人说语言就是个工具。我很赞同这种说法，但不要忘了，语言是个很重要的工具，运用的好能如虎添翼。如果坚持在日语系待下去建议只把法律当个辅助的科目，研究生再转也不迟。如果决心转法学的话，就要更多的把精力放在法理论、法条、案例的研究上。特别是以后想从事民商方向的话，切记要花大量时间学习民法教义学。除非能力超强，不建议两者兼顾。更重要的是：跟着自己的兴趣选，毕竟这可能决定你未来很长一段时间的方向。 
为什么浪潮眼里中国海洋大学只是211？,什么意思，我本科海大的，目前在浪潮
如何评价中国海洋大学刚刚举办的朗讯杯邀请赛?,没听说过
中国海洋大学的研究生和博士生宿舍楼怎么样？,硕士两人间，博士单人间，室内只有简单的桌子椅子凳子，其他的自己装备，有独卫，洗澡去公共浴池
郑愁予教授现在在中国海洋大学吗？, 不在呀。不过以前我经常路遇林少华教授，吴校长，还有我们徐院长，王蒙（很老了）年年来做客，有时候能看见不少学生家伙长的像大嘴宋祖德。当然，还有我印象最深的限选课老师文院的王书明教授，性格超牛比，超赞。。。有没有文院的赞一个 
湖南大学应用统计vs天津财经大学vs中国海洋大学?, 不同院校难度对比， 千万不要看分数， 也不要仅仅因为不考数学就觉得更容易。 难度是包括： 出题难度， 专业知识要求成都， 报考人数竞争等因素。   如果北方的话， 推荐你首选中国海洋， 其次考虑天财， 海洋属于985里面算好考的院校了， 性价比还不错， 天财的专业实力还不错， 但是因为不是985， 在知名度上还是比不上。 
如何看待中国海洋大学学生会微信平台的言论?,看个鬼，让它修改
中国海洋大学研究生?,去海大研究生网站找啊，来知乎能找着啥
17届浙江考生，考上中国海洋大学海洋技术，该不该复读？,中国海洋是985，只能帮你到这了。我现在还在思考如果我进了兰州大学要不要复读。  ---------------------------强行分割线---------------------------  嘛，前两天出了分数线，我就是在兰州大学。最开始的时候根本不能接受这件事，但是后来，我就渐渐接受这个事实了。 高考考砸并不能决定你一辈子的事情。 是金子总会发光的。 毕竟以后的人生是由你自己决定的而不是你所在的大学。 只要自己拼搏，没有什么是不可以的！ 加油啦！共勉。
海洋生物相关专业，中科院、中国海洋大学和上海交大哪一所学校读研前景更好？,要是说前景，必然名校的光环效应更加明显。 中科院是一个研究机构，偏于研究工作方向，如果对科研非常感兴趣可以选择，但是毕业的证书要有所了解，与高校毕业不同，中科院一般以保研进入的学生较多。 再说一下几个学校的横向难度对比，海大相对比较容易考，且海洋相关专业是优势学科，特色专业。而交大的初试门槛较高，资源和环境当然与初试难度成正比。另外再提示一点，交大的招生名额相对较少。
中国海洋大学怎么样？,谢邀，but我是湖南师范大学的…中国海洋大学只在很久以前报考的时候，听说，很好很不错，然后就没有然后了………
为什么网上的在山东省的985重点大学只有山东大学、中国海洋大学而没有哈尔滨工业大学（威海）？,哈工大威海校区，踏平坎坷成大道，必将威震四海！ 四、2002年8月29日哈工大威海分校升格并更名为哈工大（威海），哈工大威海校区正式成立。从此，哈工大威海校区进入稳定发展的轨道。迈过第四个坎。 哈工大威海分校升格为威海校区，是威海校区发展史上的一个重要里程碑，标志着威海校区的发展进入了历史新时期。 2002年我到学校的时候，主楼，G楼，主楼广场，5公寓均新建成。 2004年12月8日，经国家教育部批准，哈工大（威海）学生的学籍管理从黑龙江省教育厅转至山东省教育厅。至此，转变为国防科工委、哈工大、山东省教育厅共管的一所全国重点大学。 2006年我离开学校的时候，体育场，M楼，N楼，6，7，8，9公寓等等已建成。。。随着学校的快速发展，哈工大威海校区已经初步具备了重点大学的育人环境和条件。 五、2010年2月1日，工业和信息化部、山东省人民政府、威海市人民政府三方签署协议共建哈工大威海校区。哈工大威海校区发展进入快车道。迈过第五个坎。 这是哈工大（威海）发展史上的又一个重要里程碑，意味着这个由全国重点大学跨省、市异地办学的大学校区从此将会得到更多的发展机遇，也必将承载更厚重的历史使命，迎接更大的挑战。 从2012年开始校区科研经费每年过亿元，突破的是一个亿的高度，实现的是哈工大（威海）全体科研工作者的强国之梦，兴校之梦。标志着威海校区的发展进入了快速发展的历史新阶段。 六、2014年10月28日，工业和信息化部、国家海洋局、山东省人民政府、威海市人民政府四方签署协议共建哈工大威海校区。迈过第六个坎。 工业和信息化部与国家海洋局签署共建哈工大威海校区协议，以进一步支持哈工大威海校区在海洋科学和船舶工程学科领域的建设，更好地服务于国家海洋经济发展，为我国海洋强国战略做出更大贡献。标志着我们学校才算是真正步入了高速发展的轨道。进一步加快建设以船舶、海洋、车辆为特色的与世界一流大学相适应的高水平重点大学校区。 发展是需要资金来源的，伴随着共建的一步一步发展，我们的基础设施最近也逐步完善，大学生活动中心已经投入使用，新的图书馆、留学生公寓、12号学生公寓、创新创业园大楼、丁香园即将投入使用。校园无线网建设已基本完成，这些必将大大改善威海校区的办学条件。最近几年还要建成新的体育馆、教学实验大楼、船海大楼、工业技术研究院大楼等等。我们完全相信随着工业和信息化部、国家海洋局、山东省、威海市四方共建的进一步深入，我们的学校会发展的更快更好。 2015年是哈工大威海校区建校30周年。现在威海校区每年都有新的建筑，每年都有新的气象，正在兴旺上升的快速发展时期。在当前国家推动高等教育“双一流”建设的重要时期和哈工大实现“迎百年、创一流”宏伟目标这一爬坡过坎的关键时期，威海校区也站在了建设与世界一流大学相适应的高水平特色校区和山东省最具影响力工科强校的新起点上。从发展趋势来看，全国首批211重点大学、全国首批985名牌大学，中国一流大学联盟C9之一的哈工大一定会建成世界一流大学，从发展趋势来看，哈工大深圳校区将来是最重要的主校区，以电子科学技术为特色，将来校总部迁到深圳校区，深圳校区的面积和规模还要扩大，这是大势所趋。威海校区将来是第二重要的校区，以航海为特色，成为东方的“加州大学伯克利分校”，前程似锦。现在的校本部哈尔滨校区将来是第三重要的校区，以航空航天为特色。哈工大威海校区的明天一定会更加美好！
在中国海洋大学就读是怎样的体验？,其他没什么，就是校风挺大的。
中国海洋大学制药工程研究生都考什么?,你是今年考研吗
备选：兰州大学 ，北京林业大学 华中师范 中国海洋大学 成绩高出一本104 ，那么哪个大学更好一点呢？,兰州大学学术水平远高于后三者 但是如果是我我不是很想去，作为江南人不太想去兰州，毕竟大学不只有学术 北林再怎么说位置好啊，机会相对多 华师也还行，不过好像学校挺偏文的，毕竟老牌学校(所以非师范的文科啊理论啊都不错，理工科也在发展中) 海洋不了解不评论，听说青岛有海鲜？
中国海洋大学转专业要求是怎么样的。2016级新生。现在是大气科学专业，想听听前辈们的建议？,作为一名大学生家长我认为读什么专业并不重要重要的是孩子需要体验大学生活这些过程是人生中很重要的经历同意的点赞
请问下各位大神，2014年中国海洋大学MPACC招收全日制脱产研究生吗？,去贴吧问吧
华中师范大学VS中国海洋大学？,教育学，华师显然比较强
中国海洋大学那个校区好？,住在崂山的喜欢鱼山的海和交通，住在鱼山的喜欢崂山的宿舍
我是中国海洋大学土木工程的大一学生，很迷茫？,请问海洋大学土木工程毕业后就业如何？
中国海洋大学MBA学费3.3万变7.8万，录取以后才告知，考生如何维权？,不调整了么   这么贵以后谁还报啊
中国海洋大学学生发起起义的概率有多大?,不可能，记住，历史上的任何一次起义（或者叫革命）都有其自身的必备条件，  没有一次起义或者革命，是能在不具备条件，而仅仅靠发动（煽动）而能成功的。  你最好还是把精力放在通过商讨和妥协解决问题方面，否则，你会死得很难看，起码，你的起义同志，必然会在今后的某个时段抛弃你，并且，认为你是一个骗子和投机者。  你将背上你不能承受的很多黑锅。
中国地质大学（北京）海洋科学考研去中国海洋大学或者出国难度大么？,不，看自己学习
中国海洋大学or南京理工大学？,山东人，南理工本科毕业，理工科，个人建议报考南理工
中国海洋大学崂山校区有没有独卫和浴室？,去他娘的鸡巴，都是公共的。
中国海洋大学的会计学研究生值不值得考？你们为梦想坚持过吗？,中国海洋大学会计录取初试最低分是241，厦大是240 海大一点都没有厦大好考 山东高校的录取分都特么是超一档，质量还都不怎么样，谁报谁蠢 山东的考生还是别想着回家了
为什么中国海洋大学的选课系统会崩溃啊？,那你告诉我什么不会崩？ 知乎会不会崩？谷歌会不会崩？12306会不会崩？ 不同的服务器承载容量不同，难道知乎一开始服务器就是最合适的？ 作为一个外专业的人，难道你不应该先去调查一些关于计算机、网络、服务器的基本知识吗？  ps：说点不答题的，楼主问过的这些问题真的让我怀疑你真的是考上海大的？不是黑子？ “ 英国现在的实力很弱吗？  "   “  舍友都是逗比，影响了自己的智商，怎么办？  ”   “  4x³-15x²+7＝0求x? ” btw，感觉你舍友真的影响了你的智商。
如何看待中国海洋大学被新浪评定为“中国十大最让人后悔的高校之一”？,“做加法，我们比不过，做除法，他们比不过”——关于“总量排名”的弊端，ouc研究生院招生副主任如是回应。 …………………………………………………………………………… 在正式回答之前，首先我是痛心的，不是痛心别的，而是这样一个滑稽而又轻幽默的口水推文需要被发到知乎上来被我回答，真是痛心我的口水。  申明:本答案引述的商业性排名数据完全不代表本人观点，仅供戏谑   首先引述一下由@新浪教育，杜撰的一段据悉也是从某处互联网深处犄角旮旯照抄过来，今天在朋友圈被疯传的H5推送原文:“blahblah……中国海洋大学的就业水平在山东省内排14名，甚至远不如上一所好的非重点大学……blahblah专业相当一般，但是分数超高，被誉为中国性价比最低的大学。”  谢谢赏识!鄙校能上十大的机会不多，首先抱拳感谢！“分数超高”?真是太抬举，鄙校的全国生源素质极差的，一眼望不到头!  常言道“一流的学生，二流的师资，三流的毕业质量”，但是在这里完全不会看到，因为此处是“三流的学生，二流的师资和一流的毕业质量”，客观的说，在这里向上的惯性力较大，容易与全国同龄人群产生相对运动。部分同学对惯性力的生理反应过大，如同过山车极速俯冲上坡，容易呕吐并中途放弃，于是只有约九成的三流学生能在这所二流高校顺利毕业。   (与数据和学校官方有出入存在漏统计，1977年后应该大于9位，全部毕业生13位)  如果挑一个刁钻的角度，从一个侧面来看ouc，你们应该是会服气的   ------------------------------------------------------------------------   先简单评论，此杜撰浮夸体原文来自十余年前百度贴吧一处造谣贴，由于太过久远无法精确考证。网络言论抹黑的手段和原因太多，不信可以搜任何一所稍微知名的学校，搜索结果都能反馈出不下十几条被抹黑“历史”，举例搜索:复旦+野鸡。  已经至少都是年满十八周岁的成年人，即便未满，基本的逻辑思维水平应该还是要有的，凡事考虑“是不是?”然后再问“为什呢?”对于@新浪教育，这样一个一贯没有水平又欠缺公信力的的新媒体，其作妖的姿势水平，我们表示如下:    首先，关于就业的这个所谓数据，可以说编的相当离谱了，甚至都无需拿数据反驳。不过既然要看数据，2016毕业生就业质量报告传送  http://  career.ouc.edu.cn/html/  2016/ndbg_1230/64.html        再次，罗列几个统计样本存疑并无太大公信力的中国大学就业/就业竞争力排名，请自寻中国海洋大学，本人深深“不以为然”  各家积极圈钱圈粉的商业排名机构，每天变着法的来圈这群三流学生的粉，耿直的中国海洋大学学生从来都不会做这样的蠢萌的想法。因为，今天商业排名A告诉他们“你们就业竞争力全国50名”，明天商业排名B“你们真是重点高校中的败类，全国平均月入140名，啃老吧!”，后天商业排名C说“你们连山东省属三流都你比不上，垃圾中的战斗机”。  鄙校作为海洋科学这样一个“大冷门”理学优势起家←_←，数十年来承蒙“中央高层”厚爱←_←，一路被“照顾”的二流学校，能把烂泥“三流学生”敷上墙，已经是为社会主义建设“谱写一曲可歌可泣的动人篇章”←_←更何况，在中国海洋大学这样一所二流高校，她的心里只有其他的“准一流”“一流”“超一流”，所以，她后面的朋友，你们在哪里？  ------------------------------------------------------------------------最后总结:  《震惊!三流生源在这所学校竟然变成这样!》
为啥好多人都以为中国海洋大学是搞水产的？,因为他们没读过大学
中国海洋大学oucwifi登录窗口不自动弹出，输入网址也打不开怎么解决？,这种问题下，楼主发现了一个很奇葩的现象： 试过用笔记本连oucwif能连上，也能弹出登录框。然后在用笔记本建热点，用手机连笔记本，再在手机上输入10.100.29.2，就能弹出注销页面。 除此之外，电脑连接oucwifi以后，不登录，并用手机连接电脑的热点，然后用手机输入10.100.29.2，也能在手机上打开登录页面，并登录成功，电脑也跟着可以上网了。 但是，单独用手机连接oucwifi就无法打开登录页面！这只能说明，手机自动获取的IP网段连不上登录系统，也不知道是哪的服务器没开，还是崩了，无力吐槽海大这破网了！  具体方法如下，希望碰到了同样问题的朋友可以借鉴一下！ 主要问题在于：手机自动获取的IP所处的网段打不开10.100.29.2！我手机自动获取的IP地址为10.XXX.204.XX，有时候最后的XX可能会发生变化，但是还是上不去。 首先查找可用的网段和网关： 我用电脑连接oucwifi，登录之后，查看电脑获取的IP和网关是多少， 假设 这里我的ip是 10.110.110 . 200 ，网关是 10.110.120.254 ，这说明 10.110.110 这个网段和 10.110.120.254 这个网关可以用。当然，也可以用别的能连上oucwifi的设备（平板，或者别的同学的手机）来看哪个网段和网关好用。 接下来设置oucwifi的静态IP： 在手机上先忘记（iphone是忽略）oucwifi，之后设置ip地址为静态ip，ip只要前三部分为可用的网段就行，比如这里前三部分为 10.110.110 ，最后一位随便设置，比如 10.110.110 . 138 ，但是有可能会和他人的重复。建议自己用别的设备获取一个可用的IP，然后别的设备退出来，手机这里设置这个IP就行了。之后再设置网关，直接用可登陆oucwifi的网关就行，这里是 10.110.120.254 。 最后打开UC浏览器，输入10.100.29.2，就会弹出登陆页面了！ 当然，如果手机能连上oucwifi，电脑连不上，这种方法也是可以用的哦！
英语专业考研中国海洋大学怎么样？好考吗？,本人海大英语系本科毕业生，如上所说，英语系水平确实比不上本校理科专业（最强的海洋化学海洋生命排名全国乃至亚洲第一），但也绝非“非常一般”，在青岛算是最强的了，作为一所重理轻文的大学，英语系实力在山东省内应该比不上山大，英语系本科生录取分数省内也仅落后于山大排名第二，之前中国圈内最有名的英语功能语言学权威张德禄担任海大外院院长。近几年海大的文科业发展迅速，王蒙先生现在担任海大文学院院长。  
在中国海洋大学应该怎样度过毕业季？,青葱音乐节浪起～
为什么我在中国海洋大学校内连接OUC-wifi始终无法跳出认证界面？, 谢邀，  飞行模式一下，再切回来，重新连接尝试，  另外我觉得你获取到的ip和要打开的页面，很有趣  10.114.1.1和10.100.29.2   就是不知道 10.100 是多少掩码  可以看看其他人是否正常。然后可以问那边网络管理员了 
请问中国海洋大学研究生宿舍怎么样？,  http://  mp.weixin.qq.com/s/tUzr  fQXfPHDa0Ye74uxnOg       搬运自中国海洋大学后勤集团微信公众号
今年高考失利，家里人让去中国海洋大学3加1项目考ACCA证是出国的项目这种出路应该比上大专好的多吧？,往年3+1到最后都是可以转国内本科的。也就是花钱上本科
中国海洋大学中国现当代文学考研专业课辅导，可联系我，有偿辅导，可私信？,请问联系方式是？
中国海洋大学电子与通信工程就业前景怎么样？,谢邀。答主只是一个管理学院的学生，对信息学院的就业真不太清楚。不过应该还是不错的，理工科相对来说是比较好就业，尤其是男生。其实对于就业情况，这种问题真的不知道该怎么回答，而且我觉得也没有答案。就业不光看专业，更看重个人综合素质，有的单位的一些岗位，硬是有很多三本的学生把我们985的干掉(当然，其中有一些不能拿上台面的事就不多说了)。就我的理解和观察来看，只要大学期间不断自我提高，就业问题就不会是问题。选专业也不能只盯着就业情况来看，兴趣也是需要考虑的非常非常非常重要的因素。 最后，欢迎广大优秀考生报考我校！
放弃了中国海洋大学与中国农业大学，选择了北邮国际学院，这个选择对不对？,想出国自然可以的，跟随你的心就可以，当你放弃一个东西追求另一个东西，自然是自己觉得另一个不够好。作为过来人，985学校自然是诱惑，但你既然想出国，985学校的诱惑自然没那么大，出国和985高校两个东西取舍跟随你的内心就行，选择了就努力去实现，最后的结果都不会坏到哪里去
在中国海洋大学如何修双学位？,海大修双学位感觉是步骤最简单的。只要你修够想修专业的学分，就可以有这个学科的学位证了。
中国海洋大学渔业学院和水产学院研究生难考么？为什么都说海大歧视外地学生？,没有吧。。。只是可能招本校学生多一点吧
中国海洋大学文科专业如何？, B站可以看到林老师的公开课啦～补课补起来    http://www.  bilibili.com/video/av11  606015/?from=search&amp;seid=17002215825408293000#page=4        ---------------------------------------------分割线---------------------------------------------------  除了以下内容，题主还问了海大小语种在全国的水平以及其他文科专业的情况～  海大外院前些年教育部排名19，有小语种的自主招生资格。据说法语挺强的，不甚了解。  日语而言，由于我在其他高校交流过，负责任地说海大日语绝对对得起985这块牌子，并不比文科见长的985高校差，某些领域好于其他985高校。  余下的问题还请海大其他文科的同学解答～  -----------------------------------------分割线-------------------------------------------------------  海大日语专业16届毕业生。  14年在外校交流，错过了林少华老师的翻译课，但是上过林老师的一节翻译概论。据说以前很多冲着林老师来海大日语系的，但我上大学的时候压根不知道林老师，也没听说过村上春树，误打误撞进了日语系。  之后才发现，一提到海大日语系必然会提到林老师。在外交流的时候，一说到海大或者日语翻译，首先想到的也是林老师。所以大学期间没上过林老师的文学翻译也是有点遗憾。但日语系其他老师的水平也绝对够硬，一点也不后悔在海大度过了三年。  就具体的方向而言，海大 日本近现代文学 方面做的相当好。林老师不仅翻译村上，也翻译过芥川龙之介、川端康成、夏目漱石等作家的作品。系主任王光民老师的研究方向是太宰治。另外，还有老师研究宫泽贤治、芥川龙之介、比较文学等方向。   日本古典文学 方面的老师比较少。不过也开设了古代文法和古典文学赏析等课程，现在的授课老师应该是北大毕业的郭老师，课上得非常精彩。   日语语言学 方面，由于海大外院院长杨连瑞教授是二语习得方面的专家，所以海大外院的语言学研究氛围很浓厚。所有专业统一开设语言学的平台课。日语目前有修德健教授和王文贤教授等从事日语语言学的研究。本科生开设4门日语语言学的课程，从日语语言学概论，到语法学、词汇学这样的分支学科都有。   翻译 方面，有MTI的硕士点。本科生开设日汉笔译、口译、同声传译等课程。另外，也许是林老师在海大的缘故，除了林老师上的日汉笔译外，还有文学翻译的课程。   日本文化 方向是最有吸引力的，也是每年毕业论文选题最热的方向。本科生开日本社会与文化1到3，涵盖了日本历史、地理、政治等内容，夏季学期还开设日本电影赏析、日本旅游实习、经贸实习等课程。  日语系本科出国机会挺多，有一年交换的，也有拿中日双学位的，每年能有近一半的名额吧。没出国的同学也有体验日本文化的机会。毕竟青岛离日本近，日料店、便利店、日本企业、银行、商场应有尽有。青岛日本人会每年都会举办活动，海大日语系学生偶尔也能混迹其中。  永旺从2015年开始每年在海大办日语演讲比赛，一等奖奖励日本游学。山口银行也是每年都办青岛市的大学生日语演讲比赛，团体一等奖和二等奖可以去日本旅游。此外，也有海大的同学去参加中华全国杯和笹川杯的比赛。在这里要鼓励一下日语系的学弟学妹们多参加这样的活动，对提高自己的日语水平，增长见识都大有裨益。我在2014年和2016年分别参加了山口银行杯和永旺杯比赛，都获得了日本游学的机会。特别是2014年的山口银行杯，游学地点是山口县下关市，在日本国内也算小众。4天的时间跟着日本公务员深度体验了这个小小的城市，非常难忘。  下关市角岛大桥      就我们这一级（54人）的出路而言：国内保研6人，考研2人，日本留学大概10人左右（阪大、筑波、广岛大学等高校，其中广岛大学和海大有合作，可以推荐入学）。就业的同学以青岛居多，北京、上海、杭州、深圳次之。也有同学去日本工作。  整个大学四年，印象最深的就是路老师大一的时候对我们说的一句：“你们是专业的学生！”自那之后，我对待日语不敢有半点马虎，害怕自己哪天因为能力不济辱了师门。好在我还算努力，从海大毕业到现在，我发现即便已经一年没接触日语，我仍然可以就着日本的话题侃侃而谈，甚至自己办日本文化的讲座；翻译日本文献的时候，我仍然可以做到通篇不依靠词典；跟日本朋友对话的时候，我仍然可以让他们诧异于我从没去过日本留学······这些基础都是在海大读书期间打下的，我很感激海大日语系，也在此郑重地推荐海大日语系。如果你真心喜欢日语，海大是不错的选择！  最后上一张海大樱花季图片。海大欢迎你～  
本科能源与动力工程专业想要跨专业考金融，中国海洋大学还是东北财经大学性价比？, 谢邀。金融都是很热门的专业，中国海洋大学的金融专业当然是不能和东北财经大学相比的，不过分数都还是比较高的，分数线都在340的样子，当然如果要稳的话肯定要考360以上，这就和考东北财差不多了。所以个人觉得东北财经大学的性价比要高些。 
中国海洋大学mpacc就业有优势吗？,这种东西，最重要还是你有没有能力，有没有努力。mpacc是很好的敲门砖，不过他不能决定未来的高度
考山大的新闻传播研究生还是中国海洋大学的媒体文化研究生比较好？,山大招的还多，海大是个位数，不超过五个吧
中国海洋大学企业管理专业专业课考试862综合专业课A 用的是哪些参考教材？, 1．《管理学》（第三版），杨文士， 中国人民大学出版社   ，2009；  2．《企业战略管理》， 徐二明   ， 中国经济出版社   ，2007；  3．《市场营销学通论》， 郭国庆   ， 中国人民大学出版社   ，2007。 
我现在是中国海洋大学大二的一名学生，遇到一些学业和生活的困惑。？,我觉得你对自己的学术和工作生涯的安排简直是约等于0 啊 或者说你没有表述清除 但是给我感觉你没有一个能够持久地研究下去的东西啊 我觉得念大学一定要对自己的未来有一个越来越清晰地规划 感觉题主能来这问已经是很好的一步了 我能给出的建议就是找一个自己真正感兴趣，或者想将其作为以后工作技能的方向，好好努力，就算为了以后娶老婆给老婆好的生活条件也要好好努力啊
想考中国海洋大学的生态学研究生，有人了解就业前景吗？,09年已毕业生态学硕士一枚，做底栖生态的，做了5年电子商务，现在在一家公司做文案，公司主要做生态保护区项目的展厅，我负责做展板，好在内容规划和ps水平都比较精通，技多不压身，建议多掌握其他技能。 补充一下回答，现已转行，做交互设计，且乐在其中~ 有时感谢学习的经历带给我的，是理科的逻辑和思维，而非知识本身。
寻找中国海洋大学 政治学与行政学专业的学长学姐，能不能给待入学的小可怜一点经验？, 我是海大16政行学生，应该是你的直系学长。  不知道你是出于什么原因选择(或者被选择，调剂在我们这个专业很常见)这个专业的，但是无论如何，如果能静下心来学习的话，这个专业还是很不错的，而且我个人认为，政行应该是目前法政学院最好的专业，学科排名也应该是学院各专业中最好的；当然它也有一些很难克服的缺点。  在过去的一年内，我对自己的评价是差强人意，但是这个专业提供给我的让我很满足，只是自己最初有些迷茫，后来有些懈怠，导致现在回想起来有些遗憾。  1、老师：我这一年接触了很多老师，其中政行系的所有老师都很好。大一上会遇到的直系老师应该是系主任允春喜老师和王宇环宇环姐，这两位老师超棒，我和允老师、宇环姐接触很多，他们对我指导很多，而且平易近人，我很感谢他们。大一上会有很多相邻的学科要学习，课程比较多，比如杨洋老师的管理学，贾占旭（老司机）老师的法学概论，王聪明王刚老师的逻辑学等等，老师都很不错。  大一下会遇到陈霞老师（我们班主任），允老师两位直系老师，用户体验极佳。其他还会遇到王聪明王刚老师和耿爱生老师，这学期专业课不多，但是学分大。  17级班主任应该是国晓光老师，他是吉大毕业的，是允老师、宇环姐、陈霞老师的师弟，和陈老师还是同一个师门的。政行系的惯例是新来的老师来当班主任，下学期我们会有国老师的两节课，那时候才能接触他，所以了解不多。  其他接触过的还有几位国际政治的老师，郭培清老师是北极方面的泰斗人物，对学生要求是比较严格的（我就因为一次不太认真被批过），其他还有磊哥刘磊老师等等，都很有学识而且有趣。  2、学长学姐：我们专业保研考研其实是非常好的，就据我有限的了解，13级有三位保到了南大，14级很厉害，其中赵丹阳学姐最近参加清华的夏令营应该确认被清华录取了，还有好多学长学姐参加了复旦交大武大厦大人大法大等等一系列高校的夏令营，可能不通过保研就能去到心仪的学校。  但是，这些都是要通过你自己的努力的，而且要非常努力，如果有志于此，大一就可以加油了。  3、个人学习：这方面我自己做得也不太满意，但是可以提一些建议你参考一下。  入学之前，就可以看一些书打基础，宇环姐也会在政治学原理课上推荐给你们。比如罗素的《西方哲学史》，萨拜因的《政治学说史》，施特劳斯的《政治哲学史》。其次就是上课认真听讲，课下多思考，有问题即使提问。一定要及时温习复习，因为大学和高中的教学模式不一样。  4、专业缺点：前面说过政行系也有一些难以克服的缺点，在这里还是得提一下。  第一个是小。随着公共事业管理合并入行政管理，法政就剩下政行是一个班了。当然小班教学有优势，但是劣势在于老师教学任务重，一个老师可能会教授学生自己并不是最擅长的内容，当然现在每年都在引入新老师，这个情况在不断改善。公共事业管理合并就是出于这样的考虑。  第二个是偏向国际政治。  第三个是没钱，拨款少。  这些问题允老师在大一上的专业导航都会和你们吐槽的，我就不多说了。        最后，要是真的不感兴趣就转专业，越快越好。  有问题可以在评论区、私信继续交流啊。     以上。 
外语奖项可否报中国海洋大学自主招生的涉海专业？,不清楚 建议打招生办电话
澳大与中国海洋大学的抉择，选哪个呀？,如果中国海洋是理工类，肯定选中国海洋大学
中国海洋大学研究生生活？,只有等今年开学 再来给题主回答这个问题
同源同根，为何山东大学和中国海洋大学校史截然不同？,这是一个好问题，关于这个问题我思考过很多，可以回答一下。针对题主问题先讲两点： 首先，两校校史问题上真没有斗来斗去。经常性撕逼的那是南京大学跟东南大学。 其次，两校校史也并没有截然不同。真正的纠结点只在于起源追溯问题上的差异。  为什么会有起源追溯差异，这个问题其实相当复杂。这其中既有历史性质的认定，更有现实考量。   一，高校继承原则  讨论高校校史，首先需要明确一个原则问题，就是高校校史继承原则。根据现有的研究成果，我将高校校史继承关系分为四种：   （1）法理继承： 以身份、法人继承为基本准则，以档案、校印继承为标志，包含校名继承。   （2）学科师资继承： 顾名思义，就是以学科和师资的多少作为继承合理性依据，这其中又以继承量与继承的单纯性最为重要。   （3）校址继承： 顾名思义，即前后两个学校在校址、校舍上的继承关系。   （4）校名继承： 区别于法理继承中的身份继承，单纯指前后两校校名相同。  评判校史继承性，这几条继承原则是有优先级之分的。首重法理继承，其次学科师资继承、校址继承，最次校名相同继承。    二，山东大学校史继承脉络   山东大学的校史继承脉络其实是相当清晰，且具有说服力的。 简单讲这条脉络是以山东大学堂（1901年）→省立山东大学（1926年）→国立青岛大学（1929年）→国立山东大学（1932年）→山东大学（1949年以后）为主线。 当然这条主线也有人提出异议，主要异议在于两点： 1，山东大学堂（1901年）与省立山东大学（1926年）是否具有继承性。 2，国立青岛大学（1929年）创建的基础是省立山东大学（1926年）还是私立青岛大学（1924年）。 这两个问题，我们来逐条探讨：  1，山东大学堂（1901年）与省立山东大学（1926年）是否具有继承性。   1901年清末新政中，时任山东巡抚的袁世凯上奏《山东试办大学堂暂行章程折稿》（即为《山东大学堂章程》），经光绪皇帝御批，在济南创建山东大学堂。此后山东大学堂存在延续了13年，期间1904年改名山东高等学堂，1911年改名山东高等学校，直至1914年停办。    关于山东大学堂1904年降级为山东高等学堂以及1914年停办原因的问题，我在（ 如何看待和山东大学同为山大的山西大学? - 左觉的回答 ）里已经详细阐述过，这里不再细谈。  这里要强调的一点是：山东大学堂停办，并不是就此消失了，是拆分为几个专门学堂。山东高等学校1914年分别划归到六个专门学校：法政、工业、农业、商业、矿业、医学六个专门学校（主要是四个）。甚至山东高等学校校长丁维椽继任商业专门学校校长，学校校舍也由法政专门学校继承使用。到1926年，各省自办省立大学之风兴起后，山东省政府又将六个专门学校重新合并，组建省立山东大学。 那么，山东高等学堂停办，划分六个专门学校，六个专门学校又重新合并，组建省立山东大学，这个关系算不算完全继承呢？这其中不但有学科继承，师资学生继承，还有校舍继承，甚至正统名分继承（山东最高公立大学）。如果这都不能作为山大的继承图谱，那该质疑的大学校史就太多了。类似情况的浙大、湖大、武大、川大在这一问题上的继承关系，比之山大更加薄弱。  所以，省立山东大学与山东大学堂的继承关系是清晰明确的。   2，国立青岛大学（1929年）创建的基础是省立山东大学（1926年）还是私立青岛大学（1924年）。    关于省立山东大学与国立青岛大学的继承关系，有很多资料可以作为佐证，包括国民政府政令，蔡元培与教育部部长蒋梦麟书信等。 省立山东大学改国立，还需要从1928年济南惨案说起。  1928年是什么年份，学过中国近代史的都应该知道。是国民政府北伐，伐的是谁呢，是北洋军阀政府。仔细看过全国国立大学筹办时间可以发现一个规律，从国立中山大学，国立同济大学，国立武汉大学，国立山东大学，国立清华大学，国立东北大学一路向北，正好与北伐进程相吻合。 济南在北伐进程中，是一个比较重要的节点，过了济南就直逼京师。日本为了阻止北伐，在济南制造了“五三惨案”，也就是济南惨案，屠杀六千余人。省立山大在这场惨案中，损失浩大。校园正好在惨案发生范围之内，好多学生都参与了声援北伐的游行，很多学生遭到迫害。这场惨案之后，省立山大日常教学活动几乎停顿。 1928年的8月份，南京国民政府教育部根据山东省教育厅的报告，下令在省立山东大学的基础上筹建国立山东大学。并成立了【国立山东大学筹备委员会】，在筹备过程中，1929年6月蔡元培先生力主将国立山东大学设在青岛，取得教育部长蒋梦麟的同意。此后，【国立山东大学筹备委员会】更名为【国立青岛大学筹备委员会】。  这里面有一个很重要的继承关系脉络：   省立山东大学（1926年）→国立山东大学筹备委员会（1928年）→  国立青岛大学筹备委员会（1929年）→国立青岛大学（1930年） 。是省立山东大学停办之后，要在省立山大基础上筹办国立山大，而后根据蔡元培建议，校址迁青岛，才改名国立青岛大学筹办委员会。这条法理继承线，是省立山大与国立青大继承关系的最好佐证：是先有国立山东大学之名后有国立青岛大学之实。在这个基础上可以这样讲： 没有省立山大，就没有国立青大。   写到这里实际上已经可以回答省立山东大学与国立青岛大学的继承问题，但我还想探讨一下私立青岛大学（1924年）在国立青岛大学创办过程中的作用。有没有可能性在私立青岛大学基础上创办国立青岛大学？   探讨这个问题先要搞明白山大一直以来的属性问题。不论是山东大学堂，省立山东大学，还是国立青岛大学、国立山东大学，山大100多年以来一直是公立大学，这一点从未变过。南京国民政府时期国立大学的来源主要有三种：  （1）民国早期的“全国六大高师”改国立综合大学。例如国立武汉大学（武昌高等师范学校）、国立中央大学（南京高等师范学校）、国立四川大学（成都高等师范学校）等。  （2）省立改国立。包括国立浙江大学（1927年改）、国立山东大学（1928年改）、国立湖南大学（1937年改）、国立河南大学（1942年改）、国立山西大学（1943年改）等。  （3）私立改国立。国立厦门大学（1937年改）、国立复旦大学（1942年改）、国立南开大学（1946年改）。  我们看，在私立大学基础上改国立是行得通的。那有没有可能在私立青岛大学的基础上改国立青岛大学呢？复旦和南开两所私立改国立都是抗日战争之后的事情，我们就比较一下私立厦门大学与私立青岛大学，来看看到底有没有这种可能性。  私立青岛大学与私立厦门大学虽然都是私立大学，但是厦大能私立改国立，私立青大却绝无这种可能。为什么如此讲。因为厦大的创办者陈嘉庚为同盟会创始元老，在国民政府中也属于元老级人物，厦大虽为私立，出身却尤其“正统”。而私立青岛大学的性质，在国民政府行政院关于《筹备国立青岛大学议案》中写的清清楚楚：   1，“查该省青岛地方，有私立青岛大学一所，为张宗昌逆党前省议会议长宋传典所办”。   2，“拟将该校取消，其校产归国立山东大学收用，国立山东大学名称，拟改为国立青岛大学”。  私立青岛大学属于“逆产”，校产充公”归国立山东大学收用“（此时的私立青岛大学也早已停办）。而国立青岛大学仅仅是国立山东大学要在青岛办学，才更名而已。    总结起来，从正反两个方面都能论证国立青岛大学与省立山东大学的法理继承性，而私立青岛大学虽然在校名与校址上与国立青岛大学有继承关系，但不应作为主要继承原则。事实上，国立青岛大学也很快在1932年重新更名为国立山东大学。    三，中国海洋大学与山东大学的继承关系   中国海洋大学从山东大学分离的主要历史事件是：1958年，山东大学迁济。  但要纠正一点，1958年山大迁济之后，留青组建山东海洋学院的不止老山大海洋、地质、水产三系师资。参照山东大学档案馆存《山东大学教职工调济、留青综合统计表》 ，可以看出， 当时除了海洋、水产、地质三系和附中师生全部留下外， 中文、历史、数学、物理、化学、生物等公共基础课都有教授、副教授留在青岛。 加权平均考察，留青部分相当于山东大学教学力量的三分之一。    所以海大在共享山大校史这一问题上，与1952年院系调整中继承山大院系师资的其他高校有着明显的不同：  （1）海大继承的山大师资院系较多，占到了原山大的1/3。  （2）海大创建的基础只有山大一所大学，血统单纯，与52年院系调整创建的大学（如地、矿、油）也有着本质的不同。  （3）海大继承了老山大校址。  有这三条，海大完全共享山大校史应是毫无问题。与山大海大问题相似的，西安交大和上海交大，也存在共享校史的问题。1958年山大迁济，与1956年交大迁西安极其相似。内迁西安的交大（西安交大）大约也占了原交大2/3的师资，两个交大也一并共享校史，分家前的校友。  我们要讨论的第二个问题是：海大追溯私立青岛大学（1924年）为校史源头，是否恰当。  首先，根据前面的论述，海大既然能共享山大校史，那么在法理这一方面，海大可以与山大一样从1901年山东大学堂创立开始计算校史，也可以截取国立青岛大学为起点计算校史，唯独将起点追溯到1924年的私立青岛大学不甚妥帖。这相当于放弃校史主脉络，从旁支开始算起。而且极容易造成一种误解：海大与山大各自起源不同，在1930年各自起源的省立山东大学与私立青岛大学共同组建国立青岛大学，发展到1958年之后又各自分开。  这是很巧妙的误导，实际上海大似乎也有意造成这种误导。但是实际情况并不是这样。  （1）1958年海大从山大分离时的全部学科均为国立山东大学时期创建。私立青岛大学的学科主要是商科工科，因为私立青大停办的关系国立青岛大学也没有任何继承性。  （2）海大小鱼山校址仅有一部分为原私立青岛大学校址，现海大双立柱校门等大部分校址为1946年国立山东大学战后复校之时收纳的原日本中学校址。  这就从法理继承、学科师资继承、校址继承等各方面都足以论证海大以私立青岛大学为源头的不恰当性。   （30年代国立山大校门）  （1946年-1958年山大校门，现海大小鱼山校区）     四，校史分歧中的现实考量   虽然我们已经论述了各自校史脉络与分歧的历史恰当性。但是现有的官方校史说法，依然不是我们能够改变的。对于海大将校史追溯到私立青岛大学这一问题，山大一直以来也表示了默许并认可。  事实上单单校史起点认定问题，山大自己就是一个“与时俱进”的过程。  民国时期，国立山东大学校史起点一直是从1930年算起，将1930年国立青岛大学正式开学那天作为校庆日。（真是单纯无暇的时期啊）  山大迁济之后，为了显示山大迁济的正当性（真是操蛋的正当性啊），山大又将校史起点定为1926年省立山东大学组建。校庆日定为1958年山大迁济的那天。  90年代之后，全国掀起延长校史的高潮，各校比拼着认祖归宗，拉大旗扯虎皮，造就了十几所百年高校。山大也不甘寂寞，终于把山东大学堂定位了正式校史起点，而不是之前谦虚的历史渊源说法。毫不客气的过了一把2001年的百年校庆的瘾。2011年山大110周年校庆，又正式将1901年10月15日山东大学堂开学的日子定为山大校庆日，算是完成了校史起点与校庆日的大一统。   而海大也差不多类似的情况，最初以1958年为校史起点，之后慢慢延长到1924年。山大海大虽然都曾与时俱进的不断延长校史，但总归尚且能自圆其说，算是有理有据，并不丢人。总比某校为了延长校史，连百年校庆都没赶上，直接办了120年校庆看着舒坦一些。还有青岛某校，本身是80年代创立，最近从旧报纸上扒拉出一句话，就敢以此为证据论证出自己是百年高校。也是遗憾，同样错过了百年校庆。   一切历史的认定都是现实的考量，你不能不让人家上溯校史，而让身在青岛的海大认创办于济南的山东大学堂为源头，人家也不乐意（据说曾有此事）。这又牵扯出山东一直以来存在的一个地域撕逼：济南VS青岛。因为山大跟青岛、济南两地的历史渊源，再加上现如今山大又在建青岛校区，这种撕逼砖经常会往山大头上招呼，也是无奈。但至少山大与海大之间，认同多过分歧，兄弟感情十分深厚。1958年山大迁济事件早有定论，是行政强制干预下的瞎折腾，正如80年代山大校长吴富恒所回忆：“山大搬了以后，省里就马上成立海洋学院，我们都不知道，我去参加海洋学院的开学典礼很难过。学生还称我为吴教务长，其实我得作为兄弟院校来祝贺”。满满皆是心酸。 
中国海洋大学和大连海事大学哪个好?,（知道你们要的是什么，点赞翻到最后吧～） 利益相关：13级信息学院皮卡丘专业（光电）   高考咨询欢迎加微信272616611  （升旗仪式放在前面表明身份）  在海事小三年了，从入学是骨干（啊小小的炫耀一下）。当过班长，部长，团总支副书记，各种学校活动的志愿者，奖状拿的不多，也就那么七八个的样子，还有一个双学位，说来对海大也算体验丰富。  ( ´･ᴗ･` ) 既然是体验就不把百度上有的东西放上来了。 首先，必须要破除几个流言… （可怜我海事被人黑的太惨）  在一切的一切的一切的之前！  大连海事大学是大连市唯一一所综合类院校   大连海事大学是大连市唯一一所综合类院校    大连海事大学是大连市唯一一所综合类院校    无论是东财还是大工在专业设置的丰富度上，在男女比例的均衡性上，在文理专业的侧重上跟海事的差距都是巨大的， 你们有中文专业嘛！你们有哲学专业嘛！你们外语学院有我们大嘛！你们法学院有过省状元嘛！你们管理学院有我们分这么细嘛！ （以此吐槽普遍认为海事是理工类的所有人）   第二，海事的学生不是都上船啊！不是我们有船学生就要开船去啊！ 海事都有什么学院会去开船呢… 航海学院 轮机学院（录取线：一本线） 有什么学院不开船呢：  信息学院 管理学院 装备学院 环境学院 外语学院 法学院 人文学院 物理系 数学系 （录取线：600＋）    所以一切以航海轮机的水平觉得海事211垫底或者海事都上船的真是可以歇歇了！大工会把城市学院的水平算大工的水平嘛！东财会把萨里的水平算东财的水平嘛！  -------------------------------吐槽分割线--------------------------- 我想海事的女生节是每个海大人心中最好的回忆。  发一篇我们的班级日记吧，也许温暖就是海事最好的体验了            最后…  帅气航拍结尾～各位校友非校友求赞！  
在中国海洋大学崂山校区学习，如果让你再选一遍，后悔吗？,食品专业在鱼山的呀。。。崂山大，基础设施好。 然而比不上鱼山的人文气息和底蕴，个人中意鱼山，可能是因为我是严重路痴。
中国海洋大学的新闻专业怎么样啊？,上完大三上半学期的课发现张伟老师真的棒，不仅上课有趣好玩而且你可以从他身上学到非常好的思考方式，可惜的是他今年退休了。 祝老师身体健康，生活愉快 ———————————————————————————————————————— 中国海洋大学13级新闻系大二在读，暑假实习完大三。好老师是有的，欧阳老师，俞凡老师，伍新明老师，柴焰老师，周继圣老师等等。 这个专业在这个学校并不强，属于最末几名，我是过线3分进的新闻系。 如果你想有作为，首先好好上课，学习态度端正是不够的，一定要积极。 其次，我觉得这个专业要做出点什么一定要有对新闻的热爱，对社会的关怀，要有一股牛脾气才行。 再次，这是个实践性的学科，实习好好实习，自己没事多研究研究新闻相关的技术，没坏处的。
东北财经，南京审计，中国海洋大学会计学金融系比较哪个更合适？,南审，东财就业没有问题，即使是双非。 很久以前我也觉得自己双非的母校就业很不好。 但是找工作的时候，我发现和我一起面试的几乎全是985高校毕业生。 除了Top级的几所学校，任何学校的就业都一样。学校的平台给了你，但是你能达到什么样的上限，全凭自己的努力。
为什么"中国海洋大学"的英文翻译是"Ocean University of China"而不是"Marine University of China"?,首先，校名一般都是由名词组成 然后，请看marine和ocean的意思   
中国海洋大学有哪些有趣的老师？,近代史的张岳红，老师自己本身才学广博，上课也生动有趣，可以学到很多东西。但最为人津津乐道估计还是她的年龄，听说快50了，但长得就和二三十岁的小姑娘一样（声音特别好听），气质脱俗，让我瞬间对逆生长有了新的定义。  看到这么多同学点赞，有点激动，从网上找了张老师照片一张并附上    图片有点模糊，想见真人的可以去蹭蹭课～
对文科女而言，东北师范大学，华中师范大学，中国海洋大学，南京师范大学，山东大学威海分校对比如何?,保研率有11％，是山大从济南那边划过来的名额，但是比例还是比济南低一些的，不过保去的都是很好的985/211大学
北京科技大学 中国海洋大学？, 我是北京科技大学的。同上。若选择海洋，就选海大。如上所述，北京有青岛无可比拟的资源。北京未来要建成全国的科研中心，如果想做科研更加推荐选择北京科技大学。欢迎追问。 
2017中国海洋大学行政管理新生，请问该校哪些老师的课好一些呢?, 去海之子上看吧，知乎上能回答你这类问题的，太少了。 
为什么网上的在山东省的985大学只有山东大学、中国海洋大学而没有哈工大（威海）？,那是威海校区吧……又不是独立的大学
客观的具体的对中国海洋大学的评价？,985垫底嘛，大家都知道。外省的学生来这吧，等回老家这学校不被认可。山东省内的来这吧，又太他么亏了，因为海大在省内真是实力配不上分数线，有来海大的分去不了山大，川吉没问题吧？中南湖大没问题吧？兰大东北大学更没问题了。
你为什么不推荐高考考生报考中国海洋大学？,能承受住军训的再来 这不是一般的军训
为什么中国海洋大学的食堂从来不换菜式？现在对食堂的描述是，还是那个配方，还是那个味道，价钱是双倍的?,全国的大学食堂恐怕都是差不多的吧……我们倒是换了，越来越难吃……
山东考生考研究生，南方的大学比如江南大学比山东的大学如中国海洋大学难考吗？,不知道你的本科学校是哪里的，也不知道你的专业。 我本科是江大硕士也是江大，山东人。 江大最好的专业就是食品生工设计之类，这些本身就难考，但是食品生工的就业和行业现状决定了其实中国农大也可以。设计类非常看好，但是难度就不知道了。 第二梯队的就是物联网和机械等这几个学院。物联网自从合并之后这几年非常热门，分数线提升了不少，分数高的一般是信号、电子通信和双控和控制。说实话这几个专业考江大性价比不高，若想了解可以私聊。 别的学院不知道，物联网学院好多硕士都是山东的三本学校考过来的，反而二本和一本的几乎没有，仅限山东。别的省份基本一样。 你问难不难，不了解你自己实力的情况下很难回答，但是总起来说不难，也就意味着性价比不高，就业没有平台，无锡毕竟地方小，而周围的南京上海好的高校又太多。 仅供参考，谨慎选择你的平台。
一个大专生通过自考本科考取中国海洋大学的难度有多大？,完全有可能，我认识的一个人，当年就是差了三分够二本线，去了一个专科学校，如今在中国海洋大学读博士。总之不要轻易堕落，坚守自己初心。总有一天你的努力，会让你变的非常幸运。最后送你一句话，起点高低不重要，方向正确才重要。
文艺学专业研究生，首都师范大学和中国海洋大学哪个好？,看你读研的目的了， 如果是想找工作，还是看学校怎样，首师毕竟是双非学校，和985在学校地位上没的比。而且海大文艺学关注度应该来说是低于首师的，考起来容易些（竞争小些），性价比高。 如果要做研究，应该更倾向去首师，那里的老师实力更强些，在文艺学领域地位更高，还有几个学术大牛。虽说学习以自己为主，但还会有一定差距。如果想学校专业两全，那就只能更努力，题主是山东人，山大是个不错的选择。
网上各种大学排名可靠吗，中国海洋大学排名为何逐年下滑？,完全不可靠
中国海洋大学的外国语学院的英语语言文学和外国语言学及应用语言学有什么区别？,谢邀   这个问题 简单来说 就是文学和语言学的区别 和哪个学校 没什么关系 至于文学和语言学 这区别简直天差地别  ((((；ﾟДﾟ)))))))
对于一个女生，在中国海洋大学学什么专业比较好？,会计学、财务管理、ACCA。
计算机考研想考个牌子大点的，企业认可度高的，不知道中央民族大学，华东师范大学，中国海洋大学哪个好一点？,不认为这三个学校比杭州电子科技大学强。当然比杭电强的学校有很多，建议你去查查杭电ACM.
请比较山东大学、中国海洋大学、山东财经大学的本科会计学、金融学专业？,看到有个赞再更新一波吧 换了个导员日子好过了许多 果然是之前导员太傻逼搞军事化管理   7.08考完试来更新 感觉微积分和微观……   据说文院  据说文院搬校区乌龙闹得挺大的 我觉得这学校药丸 以下复制一篇文院同学写的文章（侵删） 多图预警         在读学生，我还是匿了吧…… 目前我认为山财的很多事情是极端傻逼的，跟山大海大没法比。有几个关系不错的朋友去了山大，他们下课有作业，上课老师还会小测，主动上自习图书馆还是挺火爆的（起码他们有），学习氛围还是相当不错。 山财大一大二没有图书馆，只有图书阅览室，老师大部分时候不布置作业，有时候布置作业，但是完成的人有几个，老师又不在课堂上及时反馈，比如视听说，布置了的作业就没检查过，鄙人还是写了几次的，老师不反馈后来就没再写了……参加了几个社团但是基本都是骗钱的，组织策划活动没有效率可言。 指纹查课查操查寝，请个假还tmd大老远去导员办公室，还的家长给导员打电话。学习氛围上，不能妄自评判但是总体来讲除了金融会计愿意把大部分时间留给学习的还是很少的。期末又来个傻逼的预估成绩，预估过高或者过低导员还要找你谈话……还经常有一些强制学生去参加的活动，每次班里派多少人轮流去。 大学是个自由的地方，从这些我所见的风气来看，山财的学生某种意义上被校方采取高中的手段对待，离真正的211985真是差距太大了。 我来更新了………………………… 这学期多了强制晚自习都是泪
在中国海洋大学学习是一种什么体验?,在填报志愿之前我从没听说过中国海洋大学这所学校。我是2011年参加高考，文科603分，这个分数在当时报厦大有点悬（尽管厦漳地区考生有走读生优惠），报其他知名的985高校也不是很有保障，但是如果报普通高校的话又觉得有点儿亏，所以在填报志愿时真是非常头大。正好厦门会展中心举办了一场高校招生会，正是在那场招生会上我第一次听说中国海洋大学这所学校。当时选择这所学校的原因无非就是看重：1，它是985、211高校；2，位于海滨城市青岛（当时好多亲戚朋友都说青岛环境很美、气候很宜人）3，从学校宣传册上的照片来看，校园景色的确很美，滨海、绿树、红瓦房，跟厦大的景色有点相像（过后才知道那几张照片是鱼山校区的照片）。 这几张照片就是当时在招生宣传册上看到的海大校园风景照。   这是鱼山校区的大门   从这几张照片看海大还是很美的。  我是2011年8月20号到学校报到。海大有一点让人很无语的就是寒假比暑假长，寒假一般能有个40天左右（其实也不是很长），但是暑假通常只有30多天。往往是7月10号左右期末考试考完，然后8月20号就得报到开学，因为海大还有一个“夏季小学期”（听说是模仿英国的学制，现在国内越来越多的高校都在实行这种学制）。我是坐飞机去的，因为如果从厦门坐火车去青岛，首先得先坐动车到福州，然后再坐火车去青岛，耗时一共要大概两天两夜，实在很痛苦。每年夏季开学，学校各个学院会组织学长学姐（以大二为主）到火车站去迎接新生，学校会派大巴免费接送，但是机场就没有（可能是觉得你们这帮壕有钱坐飞机，难道还没钱打的过来吗）。到了学校门口，下车后我才发现—— 为什么和传说中的不一样，很不一样！！！  是的，这就是中国海洋大学崂山校区的西门（正门），位于松岭路上。  这是北区宿舍区，崂山校区现在有北区、南区和东区三个学生宿舍区。北区主要住的是理工科学生，人数最多，宿舍区面积也最大，不过吃的地方却不是很多。北门外面倒是有很多隔壁村民开的小店，不过那些店装修很随意，饭菜既不好吃也很不卫生。我大一至大三三年住的都是南区，南区住的主要是文科学生，外国语学院、管理学院、经济学院、文新学院、法政学院等，妹纸也最多，吃的地方也很多，现在已经发展得越来越繁华。每到周五六日晚上，或是毕业季，南区外面的烧烤摊或是饭馆全是海大的学生，生意非常火爆。南区外面的“日欣家常菜馆”、”湾仔小厨“和”醉爱“都很不错，菜品好吃多样，价格便宜，菜量也不小。  这是南区。右边红色的那些楼不是宿舍楼，是青岛的一所国际学校，五彩缤纷的那个是家幼儿园。    东区是2014年才落成使用的，我大四这年都是在东区度过的。毕竟是刚建成，附近的饭馆啥的相对较少，不过优点就是东区宿舍都是四人间，过去住南区基本是六人间，而且东区宿舍的基础设施都比较新，澡堂的水又大又热。不过按照现在的发展速度，东区的繁华程度应该会很快赶上南区。以前住在南区的外国语学院、文新学院，还有北区的几个学院都搬到东区了。         总之，刚来的时候对学校非常失望，风景一点儿也不美，因为崂山校区是2006年才落成投入使用的，所以植被绿化无法跟鱼山校区那样的百年老校区相比，一到秋冬季节，整个校园都是光秃秃的，一点儿绿意都没有。像厦大、南大、北大这样的学校校园景色之所以迷人，就是因为有历史悠久的建筑和遍布整个校园的绿树植被。          相比鱼山校区，崂山校区真的是位于荒野郊区。鱼山校区是在青岛老市区、也是最繁华、旅游资源最丰富的区域——市南区，鱼山校区本身就是个景点，附近还有八大关、第一海水浴场等旅游景区，离大型商场什么的也比较近。而崂山校区是位于崂山区，打的到最近的商业区李沧区要30多块钱，到市南区估计要40或50元。   除此之外，最让我无法忍受的就是宿舍没有独立卫生间和浴室。洗澡只能去澡堂，而且每天都是时间限制，中午12点开放，晚上8点左右就关闭了，所以每天下午下课都得急冲冲地赶回去洗澡。如果超过时间的话，这一天就只能忍受着汗臭味儿睡觉了。也许你会说”可以烧开水洗澡啊“。是的，宿舍都是限电压的，功率较高的电器一律禁止使用，否则一插上去就会断电。所以如果真非洗不可，就只能洗冷水澡。因为宿舍不能烧水，所以就大家都只能去公共的开水房打热水，开水房也是到规定时间就关闭了的。          但是当你住了一年之后，有的甚至几个月之后，对这一切就默默忍受并习以为常了。后来才慢慢知道原来鱼山校区并没有想象中的那么好。首先，鱼山校区那些教学楼、宿舍楼年久失修，里面的基础设施条件较差，住起来远没有新校区舒服。第二，由于只有水产、食品等少数几个学院还留在鱼山校区，因此很多活动，包括篮球赛、足球赛、毕业晚会等都是在崂山校区举办，所以住鱼山的同学都得大老远跑过来。第三，说实话，崂山校区近几年真是变得越来越美了。这一点我就不赘述了，直接上图吧。       春天的崂山校区景色一点儿也不输鱼山，一到4、5、6月，校内各种花都开了，五颜六色，绿树成荫，不过最美的还是要数樱花。待樱花全开放的时候，图书馆前面和7区前面的两条樱花道美得让人惊叹。                  这就是现在的崂山校区，如果你选学校时非常看重校园的景色，那么我觉得海大不会让你失望的。网上经常有国内10所最美校园排名，海大一直以来都是排在第10名，但是上榜的每次都是鱼山校区。而最近在 中国最美十所大学，可有你母校？   评比中，崂山校区也上榜了，排名也有所提升。现在的崂山校区经过了将近10年的发展确实变得越来越美了。         之所以花这么大篇幅讲校园景色和学校生活，是因为这两点是考生择校的两个主要考虑因素。至于教学水平，我觉得上大学主要靠的是自主学习，老师的教学水平影响不是很大（我不知道我的观点是否正确，这些纯属个人观点，如果有错希望大家指点）。我大学四年经常翘课，大部分时间都是自己跑去自习室或图书馆看书学习，因为很多大学老师上课节奏都比较慢，一节课2小时下来讲得东西其实不是很多，而且很多内容都是书本上都有的。所以我认为自己看书或是上网找资源自学效率更高，而且现在互联网这么发达，各种各样的学习资源五花八门，通过文字、图像、视频相结合的方式其实更容易引起我们的学习兴趣，也更容易加深记忆。  不过一流名校和普通学校的主要差别还是在学生质量上，如果一所大学大部分学生都不喜欢读书，整天逛街喝酒玩游戏，那么要再好的硬件设施、再优秀的老师都没用。所幸海大的学霸真不是一般多，也许中国海洋大学出了山东省就默默无闻，但是在省内还是名气很大的，仅次于山东大学。据说很多上海大的都是第一志愿报的北大清华复旦等没有被录取的。跟这么多优秀的同龄人在一起生活学习，自己自然也会深受影响。  以上这些是本人就读海大四年来的真实感受，希望能够让更多人了解到真实的海大，也希望能对那些对报考海大有些许犹豫和不安的新生有所帮助。
麻烦推荐下，青岛中国海洋大学崂山校区附近的短租房。？,短租的话，如考虑合租，海大附近龙泽书院，米罗湾，和达和城小区房租相对便宜，当然远些世园会旁边的房子更便宜。
金融财会类的，应该在河海大学，苏州大学，中国海洋大学中如何选择？,首先需要知道你的学籍低，和你的综合分等
财政学专业考研，山东大学和中国海洋大学哪个好？, 肯定是山东大学啊，这还用问？ 
武汉的普通二本，18年想考中国海洋大学，机械工程的学长有指导的么？,也是18年考哦 我是文科
2016高考，感觉特别喜欢青岛，所以想上中国海洋大学，各位学霸们有没有什么建议么？, 1.首先海大的优势学科不只水产和海洋科学，理科的环境科学、食品、药学、生态、港航等，文科的会计、法语等都还是很不错的，至少对得起能考进来的同学的分数。  2.有海大985的身份在这，一般用人单位是不会歧视你的。不过当然免不了有些目光短浅的人以为海大是专科那也没办法Orz...这都啥年代了，关键还是靠自己的能力。在海大不能说能够提供和清华北大上交南大这样的平台（能考上这些学校也不会来海大了），但是让你出人头地、过上想过的日子还是没问题的。  3.其次，我觉得可能大家对海洋科学的理解有些狭隘。事实上，基本上大部分学科都能和海洋扯上关系，撇去直接和海洋相关的海洋物理、海洋化学、海洋生物、海洋地质、海洋环境、海洋气象、河口海岸学、极地科学等，法学里面的环境法、计算机科学的水下视觉、测控的海洋监测技术、电子科学的水下传感器、海洋药物、水产品加工、海水淡化、海洋遥感等等好多好多方向也都是和海洋紧密关联的，所以不管你对哪些学科感兴趣，如果你对这个学科和海洋的联系也感兴趣并且有志于投身科研事业的话，欢迎报考海大。另外，我一直觉得研究海洋挺酷的，不说就业怎么样，探索蓝色的未知真的是很让人激动。  4.最后，20160316补充一下，青岛蓝色硅谷那边的情况，至少现在热钱在流入，也就意味着资源充足，平台也逐渐搭建起来了。如果想要从事和海洋有关的工作，甚至于自主创业，在海洋领域分一杯羹的话，现在也是一个很好的时机。所以说，海大能够提供的平台还是很promising的，能不能做出点什么来，要看自己水平啦~  5.20160702补充，海洋科学类的研究，尤其是基础科学（相比较海洋工程而言），可能稍显无聊。如果真的对海洋，或者说海洋的海水流动，海洋地质环境大气这一类基础感兴趣的话，希望能坚持做下去，如果能做出些成果在大学拿到教职的话，人生也算是完满了吧哈哈（逃。  6.20170814补充。感觉一直在讲“海洋科学”怎么样。因为今年毕业了，来谈谈海大这个学校吧。我是海大13级计算机专业毕业的，见证了海大非常多的革新。大学期间，我走过很多学校，也了解过许多和高等教育发展有关系的东西，所以觉得自己还是对一个高校能比较客观地去评价。  首先是海大的科研水平，先说结论，全国排名60左右的名次。我一直认为，什么样的大学才能叫“科研搞得好”的大学，重点实验室、高层次人才比例（院士、长江、杰青、四青等）、博士点等等都是一些 侧面 的反映，直接和科研水平相关的，我认为无非是2个：①论文（引用次数） ②科研发明成果。论文和论文的引用次数是最核心的指标，但是有一些军工类高校，如哈工大、上交、北理工、北航等等，其科研项目中有一部分是没办法发论文的，只能以最后能否发明出国防需要的某项东西来作为评判标准。其中，反映论文和引用的指标是ESI，ESI能反映一个高校在非人文学科以外的发展水平，而科研发明成果可以用三大奖以及其他奖项来衡量。从最近几年的ESI和三大奖的情况来看，海大在呈现逐年下降的趋势，原因太多太多，无法一概而论，但是科研水平在下降这个结果是个事实。除了这2个核心指标，我们学校在重点实验室建设、高层次人才比例、博士点等方面也处于较低的发展层次状态，其中，海大牵头的青岛海洋与技术国家实验室只牵头了8个分实验室中的2个，并且这个国家实验室并没有获得国家层面的直接资金性支持，所以海大并没有在国家实验室中获得太多的利益；其次，海大没有国家重点实验室OR国家工程实验室，即使是培育基地或者省部共建的都没有，更没有2011协同创新基地，这在211中都是非常罕见的。合格的指标恐怕只有7个教育部重点实验室和4个111计划基地。高层次人才方面，海大表现合格是院士，比许多985都不错，长江学者18位左右，杰青18位左右，这些指标大概在全国是40名左右的水平，勉强合格。但是四青（优青、青千、青拔和青年长江）的数量极低无比，尤其是青千才2个人，在211中都算是垫底的。海大对于青年高层次人才的重视程度实在是太过缺乏，这样做，我觉得恐怕会发成科研断层的风险。另外，在质量不高的背景下，我校的规模也不大，专任教师数仅1700余人，对于山大而言，在质量不高的情况下尚可通过3余倍海大的规模来弥补科研水平的缺失，然而我们学校却无法做到，所以我们看到了学校17年的招聘计划由16年的100余人增加至300余人。总结：海大的 整体 科研水平不仅仅是985中垫底的，更是被许多211超过，但是考虑到海大的全国生源水平也是全国60多名，我觉得来海大的同学还算是找到一个合适的归宿。关于未来，我对海大的科研水平走势持消极态度，因为目前尚未看到任何对海大的重大利好消息。  其次是海大的教学水平。首先我想说，评价教的好不好是个非常专业的事情，我无法做到完全的客观评价，可能至少需要北师大教育学部这样专业的单位来评估。但是我可以从计算机系出发，谈谈我自己的感受。我们国家目前的高等教育是逐步地走向大众教育、专业教育的，这两个词的反义词是精英教育和博雅教育。对于计算机系而言，许多课程的教学质量之低令人发指，包括但不限于计算机导论、L姓的C语言、C++、汇编、S姓的离散上等等等等，本来我想都写出来的，结果发现没几门好课，就不说完了。总之，给我的感觉就是上课听讲，不如自己看经典的教课书、上网找教程，最后考试大家疯狂找往年的试题，重合率有60%以上吧。这个也许是全国的通病，但这不是海大教学质量不高的借口。如果新来的同学发展你的专业课极水无比，请务必加强自学能力。  关于学校的行政服务，这一点反而是于校上台以来，成长速度最快的一方面。主要就是反映在服务质量越来越高，越来越关注学生的普遍诉求。基础设施方面，我们看到了东区操场的修建、北区操场的翻新、公共浴室加装隔板、餐厅食品质量大幅度提高、校园小公交运行等等，软制度方面，后期集团服务监管平台极大地方便了同学们向上面反映问题，虽然还有很多待为改进的地方， 我觉得不管是行政人员的态度还是服务质量，在全国都是排在40名以前的。多说一句，我认识很多学校的科研教师，认识很多不同院系的同学，但是普遍给我的印象并不太好。老师能够做到真正大学教师那样的知识广度和价值观的，少之又少，同学们也是如此，横向对比来看，主管感受就是比其他高校差了非常多。相比较而言，我更喜欢后勤的小姐姐们，他们远比其他高校的后勤做的强得多。所以我想，可能下一步深水区的改革应该面向学生和科研教师了吧。 
获得了了中国海洋大学的自主招生面试资格，请问应该怎样准备面试？,作为自招进入海大的学长，我来回答这个问题，并讲讲我的经历  海大的自招是以面试形式的。自招通过可以降分到一本线。这是任何985、211高校都无法给到的一个降分力度。而且据我所知只面试不笔试的高校只有海大。  首先，该准备的材料就不用我来一一说了，海大自招简章后面附链接。   这里要注意的是 报考小语种和报考其他专业是分开的 ，材料是不同的！还有在邮寄材料的时候，你高中所获得的任何一项荣誉对你都是有加分的，比如XX竞赛、XX比赛，有证书的没有证书的，能考证的和没法考证的，尽量都写上去。因为很多地区性质的竞赛其实是没有记录可查的，有些学校领导手中甚至是有空证书的，所以。。。。。  在准备材料中，最重要的部分就是 你的简历和自我介绍， 面试的时候面试老师手里拿着你的简历听着你的自我介绍。这就是你给海大的第一印象。非常重要。关于自我介绍，如果自己觉得写的不好就找个高手来给你写。我个人认为这个自我介绍是值50分的。  其次是面试流程。面试是在两个教室进行的，一个教室面试一个教室准备。准备就是让你再背背你的自我介绍。然后会按着序号一个个的去面试。在面试前的十分钟，你会到走廊里抽取两道题，一道中文题一道英文题，这十分钟你就在走廊里准备这两道题。 轮到你，开门，对面坐着三个老师一台摄像机。你坐在他们面前，开始背你的自我介绍，当然你要有感情的~~之后回答你刚才抽到的两道题。  你要什么语气什么表情啊，请自行百度面试技巧。我要说的就是，无论你说什么，都要一直在说，不要卡壳！！！即使你做不要感情丰富你一定要 流畅流畅流畅 ！即使你准备的是蓝光级别的回答，让人看起来卡，都不如标清看着流畅不缓冲舒服。  说说当年我抽到的题。1、中国现代和当代社会的主要矛盾和基本矛盾是什么。2、一个大国想长远发展应该怎样做（这道题目是用英文写的）。我是个理科生，而且在我们高中是高一分文理的，我从来没学过政治！于是我就如实地说了我的情况：“老师我是理科生，由于我们高中时高一分文理，所以我们学理科的是从来没学过政治的。这道题的答案都是我个人的见解。“之后我巴拉巴拉说了大概五分钟根本不着边的答案。（因为出来之后我百度了一下答案。。。）其实说的时候我知道自己说的是错的，但一股莫名的勇气还是让我说了一堆。英文题就不用多说了，流畅流畅流畅！重要的事情说三遍！  其实在这个环节主要就是看你的表达能力，说的对于错并不重要。坐在那里你就要有信心，你说的一切都是对的！  好了回答完问题了，接下来就是老师的提问时间了。他手中拿着你的简历，会题一些有关的问题。你一定要在老师 问题结束的下一秒钟就开始你的回答 ，答案不重要，你要表达的条理 清晰，流畅 ！你可能觉得不思考就回答很难。下面我给你一个模板。就是当年我被提问的问题。  “说出乒乓球比赛中的三个物理现象“  “乒乓球是我国的国球，在我国也乒乓球也非常的普及，它以它独特的魅力吸引着各个年龄的人们。乒乓球最大的魅力在于旋转，因为旋转造成球体上下表面的压强差，使飞行轨迹变成弧线，也就是我们常说的弧圈球。乒乓球最开始的颜色是白色的，后来发展为橘黄色，在前几年国际上又规定比赛用球为白色。因为白色可以反射所有颜色的光，这样有利于电视的转播效果。在乒乓球比赛中有一个规则，发球的同时不可以跺脚，因为不同旋转的球在撞击球台时发出声音的音色不同，很多职业球员就是通过音色来判断球的旋转。”  正好三个！在我说第一句话的时候我脑子中是在思考的，因为老师的问题就是他即兴提出的，所以即兴回答即可。我在回答的时候是一直边想边说的，但是非常流畅。而且我赌五毛，我的后两个答案是对面三个老师都没有想到的。他一定不会知道什么乒乓球的颜色，什么发球不能跺脚。我是学过的，所以回答完这个问题时我的脸上就挂着一个字，稳！  之后老师又问了一个问题“篮球中的一号位是什么？”（还是跟简历有关的）  个人认为如果说上一个问题是知识层面的考察，这个问题就是验证真伪的性质了，验证我是不是真的会打球参加过市级比赛。这个问题其实我是不确定的，因为我当时的确不知道，一号位是控球后卫还是得分控卫。“       “在现代篮球中，由于运动员身体素质越来越好，技术越来越全面，国际上对于位置这个概念已经大大弱化了。篮球对于位置的划分是有很大局限性的，尤其在近些年的比赛中，已经很少在提及位置这个概念了。一号位是后卫，应该是控球后卫，这个我记得不太清楚了。“  这个就是我的回答，依然是在问题结束的下一秒开始的，依然开始几句是“废话“。依然非常流畅。  老师一句，不错。可以了。面试到此结束。整个过程不到15分钟。  如果说有什么注意事项，我觉得真的没什么，都是一些老生常谈的面试技巧。至于问题的答案，其实是在于你平时的积累和准备的。三流的回答是你答中了三个答案中的两个，二流的答案是你答中了三个答案中的三个，一流的答案是你不仅答中了三个，还多答出一个，而且这个答案会让面试官觉得，哎？这个也对啊，我怎么没想到！你简历中写上去的每一条都有可能成为考官的问题。所以，你有可能是给考官在挖坑，也有可能是自己。  2011年海大在辽宁的自招录取率是12比1，没有想象的那么简单，也没有想象的那么难。  附一些我能想到的问题  自招名额哪里来？  分为校推和自推两种，都是高中自己分配的。向学校要。但是每个学校的名额都有限，所以很有可能有些名额就内部消化了，你懂得。自推基本没什么用。  面试抽到的题都是什么？  包罗万象，当年我的题也晒出来了，难度也就如此。抽签是六选一，题会有跟往年重复的，附链接。  自招过了就不用高考了？  这个问题我纯是为了给一些小白写的。要高考要高考要高考！只是录取分数线降到当地的一本线。一般海大理工科的录取分数线是高于一本线70-80分，这个降分应该是985，、211高校中最高的了。  有没有什么黑幕啊？  恩，有。  中国海洋大学2015年自主招生简章   欢迎光临中国海洋大学本专科招生信息网     2014中国海洋大学自主招生面试试题汇总   2014-2015年中国海洋大学自主招生面试题分享    
中国海洋大学法政学院怎么样啊？,。
中国海洋大学国际经济与贸易如何？,可能有点迟了，但是答案还是诚意满满，看你喜欢什么吧。在文科里，会计专业是最好的，金融专业也很不错，财务专业是会计专业的附庸，国贸是金融专业的附庸。为什么转专业的以财务和国贸为目标的居多呢？是因为会计和金融都不好转啊，太热门了。个人建议男孩子学金融可能更有逼格，女孩子学会计更利于发展。说说国贸专业，在海大还算不错的，但是每一个专业都有它的水分，知识也有过时的。大学学的还是方法和思维以及兴趣，知识只是一个基础得不能再基础的部分。这个专业必须英语要好就业才更可能对口，但是国贸对口也不容易找工作啊。这是全国这几年的大趋势，国贸的业务要求不算高，替代性和模仿性比较高，要真想做到独特性，建议读研吧。 国贸专业是个不错的选择，但从就业角度建议会计或者金融吧。
二战跨考中国海洋大学？, 求交流啊
在中国海洋大学中文系读罗老师的外国文学是一种什么样的体验？,长叹一声
是选985里的中国海洋大学（专业应该会差一点）还是选非985非211的上海对外经济贸易大学？,去上海，学姐是海大的。你以后会懂。
想考mba，青岛，选择山东大学还是中国海洋大学？, 我是这样用了三个月考上2016年山东大学MBA的  从去年提交材料，到准备面试，到全国统一考试，到漫长的等待过后出笔试成绩，到体检，到发布拟录取名单，自己一路走过。我是那种在网上基本不回帖不发言的人，没时间，也觉没必要，可这次，我想把自己的备考历程拿出来好好讲讲，一是因为我在备考之路上在百度各种搜索考MBA攻略，但发现资料甚少，有些备考经验都是好几年前的，但我依然感谢分享经验的人，他们给了我很多借鉴，让我在短短两个多月的准备时间后考出了230多分的成绩，现在我也想把经验分享给那些真正一心前行的人；第二个原因是，我也想给MBA备考留下个匆匆的记录，因为考完试的这段时间里也发生了很多事情，之前的种种备考我甚至都快忘记了；第三个原因是备考过程中我买了不少书，基本大部分都是全新的，有看完帖子想准备2017年MBA考试的同学，又不想花太多钱买书的，我就打包最低价送人了吧，我觉得光看我这些书就够了，何况我只用了不到五本。  一、我为什么考MBA  这部分就简单一说吧。我是一个211重点大学理工科毕业的，现在在这个城市的一家国企从事行政工作。身边的人一半都读了MBA，因为很多人学历不够，专科啊什么的，他们几乎全部都选择双证MBA，因为是全日制的，有学历，有学位。一旦单位用人要求有变化，可以有学历护身。我读MBA一半是因为他们的影响，因为我虽然是重点毕业，可也是本科，另一半的原因是我真的想学点东西，这个就不详述了。另，我觉得有考MBA想法的人就快点读吧，学费蹭蹭蹭的涨，我读的时候已经比我两年前考上的同事的学费翻一番了，真不知道自己两年前干什么去了。有功夫去想这个证值不值的时间，还不如先读了说，反正是学东西，技不压身，而且有没有用是时代说了算了，有总比没有强吧。  为什么选择山大MBA？我本科是个专业性大学，所以想换个学校，而且我老公是山大毕业的，当年高考也想过报山大，报了也就去了，所以算是弥补遗憾吧。而且怎么说也是山东省内最好的大学。说实话在选择学校上我很盲目，一开始也没决心考MBA，所以就随便报了山大，可能这就是缘分吧。也许随缘的，就是最好的。  二、山大MBA的提前面试  听老师说，山大最近几年才搞提前面试，同学们可以一试，毕竟多个机会。提前面试需要准备一些材料，主要是证明你工作中的特殊业绩。提前面试分笔试和面试，总的来说还是很正规的。  笔试是考政治，考前我对着政府工作报告啥的看了看就去考试了，山大监考女老师还是很严格的，考场上一再强调考试纪律，但我觉得大家也不用担心，在复习范围内好好准备肯定没问题的。  面试是一组四个老师考管理综合，旁边还有人一直录像，搞得我有点紧张，问的问题也不难，有个老师问了我单位的情况，还有个估计不觉得我有什么特殊业绩，问我工作贡献在哪，这么为难我，我真是不喜欢他。然后就是英语口试，也不难，但我真心没好好准备，所以那老师问我基本问题时我就在某些单词上卡壳了，但很快就接了下去。  面试完我自觉发挥的不算理想，就想大不了不用提前面试，老娘大不了笔试完再面试，没想到十月接到短信通知，提前面试通过了。  三、笔试备考过程  我是从十月一才开始准备考试的，估计很多人都比我早吧，毕竟那时已经再有两个多月就笔试了。我大学毕业多年，学习状态可想而知。写作倒是没落下，因为在单位一直写东西，但英语基本十年没用过，虽然在校时英语还不错，也过了六级，可那叫十来年没用英语了，大家自行想象。  我是那种没行动前会在网上搜各种资料各种备考经验各种攻略各种参考书的人。    http://www.  sdkyw.com/zyss/mba/2990  .html          http://  bbs.kaoyan.com/t5220354  p1          http://www.  zhihu.com/question/2740  6420      以上是我看的用的参考的主要的三个帖子，也分享给大家，基本上能搜到的有用的信息也就这么多了。参考了前辈的经验，兵马未动，粮草先行，然后我就开始在某当买书了。  1.关于管理综合科目。  一是数学。《陈剑2016MBA、MPA、MPAcc联考综合能力数学高分指南（第8版）》，我数学只买了这一本书，也只看了这一本，只从头到尾做了一遍，真的就像前辈说的，考个MBA就够了。我可以说个别要点复习时间不够，我就直接放弃了吗？比如排列组合中比较难的方面，还有概率，大学时我就没弄明白。看一遍的坏处就是考试时有道解析几何，我做了一道几乎一样的习题，可考试一紧张，我就忘了解题方法，所以你要是时间够的话，基础又薄弱，就把这本书多看上两遍吧。  二是逻辑。《杨武金2016MBA、MPA、MPAcc联考综合能力逻辑高分指南》，看大家推荐，我就只买了这本，但真的只做了一章。自己做逻辑题老觉得不得章法，我看前辈帖子中推荐了饶思中和王金门老师的视频课，去现场听课来不及了，我上网看了看视频课的价格，天哪，也那么贵，实在舍不得，我就干了一件有点那个的事，我去某宝上买了一个卖家打包的视频和各种讲义，好像一共才三十块，所有辅导机构的材料和课程应有尽有。但事实上我连下载都没下载完，听逻辑课也就听了三四节，因为实在没那么多时间。不过王金门确实讲的挺有意思的，我喜欢。所以，和数学不一样，逻辑这块我基本上是裸考。  三是写作。《陈君华2016MBA、MPA、MPAcc联考综合能力写作高分指南(历年真题+题型主题归纳+经典范文+精读精练)》，我只买了这本，也没怎么看，我看大家的复习经验都说写作是日积月累的过程，大家都是在复习之余才看看写作的辅导书的。所以我也是这么干的，只是考前翻了翻，了解一下题型，看了看真题是长什么样的，然后就上考场了，我对自己的写作稍微还有信心点。  2.关于英语  我整个的备考过程，数学和英语占据了几乎全部的时间。数英语买的书最多。准备考试的人都知道蒋军虎吧，我买了他从词汇到阅读到真题分析到作文的很多很多书。其中我觉得对我最有用的就是作文，我真的很感谢他，等要是有时间我要去他的微博好好感谢一下。《老蒋英语绿皮书作文卷蒋军虎2016MBA、MPA、MPAcc等专业学位考研英语二高分作文老蒋笔记》，就是俗称的高分作文老蒋笔记。就是这本书。大家都知道英语作文有两篇，其实是有章可循的，背模板真的非常非常有用。话说我就是考前一周才开始翻老蒋笔记，相见恨晚，考前一天在小酒店里又使劲的背了背开头结尾和中间的关键过渡句，就这样，我英语考了八十多。其实作文我写的一般，背的经典句子总是有些单词想不起来，“旅游景点”之类的单词也是蒙的，但大致的方向和框架应该还是对的，反正大家有时间好好看看蒋军虎的书，可以加他的微博看看，我看最后出的笔试成绩，英语成绩差别挺大的，英语作文也是短时间提分非常有效的项目。  真题我没做完，而且对答案之后挺打击我的，也就对了一半吧，阅读理解80篇，还有个精读80篇我是一篇也没做，书也是新的。一半的时间我都在背单词，单词忘得差不多了，很讨厌看一篇文章大多数词都不认识的那种感觉。我认真的背了背单词，至少觉得这样会给我点信心，再就是做了几套真题，找一下考试的感觉，看看时间怎么安排。  可能英语这实在不算什么经验吧，我也没想到自己英语考的还不错，可能就是语感比较好吧，很多文章我也看不懂什么意思，可不一定题做不对，所以大家考试时也不要心慌，读不懂文章不一定就做不对题，你带着问题去原文找，会有答题技巧的。老蒋那本真题解析挺好的，我只看了一两年的真题解析，但会让你心里有个方向。  四、备考之路小心得吧  1.辅导班见仁见智。有钱你就上，反正我是什么班都没上，只从网上买过视频看了一点，因为真的没有时间。  2.裸考的问题。我觉得每人根据自己情况，我是重点大学毕业，英语十几年前的六级，根据我考试的经历来看，如果考一般的MBA院校，分数在一百五六左右，真的可以裸考试试看，但要背英语作文，考前做几套真题控制下时间。  3.参考书问题。我觉得网上比较红的书看一套就够了，比如什么机械工业啊，还有我买的这些书啊，真没必要买多，像我，一共就用了四五本，话说要书的同学一定要抓紧时间和我联系啊，真的给钱就卖啊，现在这些书堆在我家的小餐桌底下还占地方。  4.学费问题。山大今年的学费也过十万了，大家量力而行吧。但相比较而言，差不多的MBA院校基本都要这个钱了，反正我是挣的钱全要交学费了，也不知道够不够。  5.复习时间问题。我在国企，但实际工作量可以稍微媲美私企，也是忙里偷闲偷偷的看书，为这事还和领导同事有点小小不愉快。看你怎么衡量了，我觉得那两个多月就算我拼死工作，现在还是这样，也没有给我加官升职，但我看书考上MBA了，这是实实在在的好处，以后填简历啥的都用的上的。我填简历会写我那两个月认真工作啥啥的吗，有什么用啊，当然这要看具体的单位具体情况，不能一概而论。还有，我觉得如果毕业不算太久，真没必要复习太长时间，自己心态都疲了，紧张度也没有了，考虑的东西还多，我觉得晃晃悠悠的，四个月够了。  6.备考对我直接的影响。这个过程中我更加自信了，工作之后很难遇到你只要努力就一定有收获的事情，可考试这件事是。你只要用心，稍微用心，就会有百分百的回报。我觉得自己的人生可以再起航，就像出成绩后舅舅说的，你还宝刀未老嘛。不管你多大成绩，是不是像我一样还有孩子需要照顾和陪伴，每天有一堆操心的工作和大量的家务，只要你对自己有信心，决心去努力，我敢说MBA这个考试一定会回报你的。  就写这么多吧。三十年来第一次写这么长的帖子，大家多给鼓励，如果鼓励多，我以后会好好的认真的在网上发帖子帮助那些我可以小小帮助的人，呵呵。如果那些地方写的让大家不舒服，也请大家谅解，我真的只是好心做这件事情，而且给我写这篇帖子的时间也很仓促。我要收拾回家了。祝有梦想的人好运。 
中国海洋大学金融学硕士和会计学硕士？,  你要是真就在青岛就业，那会计学就屌得没边了，算个王牌专业。金融相比会计就差一点，本科录取线也能体现，会计学年年仅次于海洋科学。剩下就一个问题啊，会计学考研一年比一年难考啊，前一阵我们老师说会计专硕扩招了，你可以考虑考虑。
中国海洋大学和山大威海分校金融专业怎么选？,知乎上问这种问题，真的非常没意思。都没回答的欲望。 不过我被某一层回答给逗乐了。人家题主问这个分数下海大和山大威海金融专业选哪个？你给人来一个推荐南开、上海财经、厦门（厦大咯？），这回答的作用和“何不食肉糜？”有异曲同工之妙。 这样逗题主真的好么？ 吐槽完毕，我来回答一下： 如果你确定分数这两个都可以选，那么我推荐选海大金融专业。 首先，海大经管专业其实还不错，海大学科偏门性非常突出，在海洋、水产方面独步天下，基础理科也算勉强凑合，其余方面就真是少有亮点了。而经管方面，就有一个会计学算是亮点，据说还不错。由此，我觉得海大在经管两科上面是下过功夫的，经管两科最重要的两个一级学科，应用经济学和工商管理，海大都有一级博士点授权（要知道自吹山东最强的山东财经大学也不过2014年才拿到这两个学科的博士点）。就凭这一点，至少海大的经管科没有落后于985平均水平。而山大威海分校虽然经管科录取分数线也较高，但我觉得这主要是“经管热”大环境所致，威海分校经管科并没有多少实力支撑。 其次，海大是毫无争议的985。为什么说毫无争议，因为985到底多少所，38所还是39所，还是更多，分校算不算，这都是有异议的。许多观点甚至对于华东师范大学是不是985都持异议，更遑论两个招生代码的分校。 第三，校园生活、城市环境、就业状况，海大更有优势。有人说海大新校区比较偏远，海大崂山校区我是去过的，确实不在市中心，但也谈不上多偏远，国内排名很靠前的那些知名大学的新校区也不过如此，有些甚至更偏远。我山正在建设的青岛校区就在海大崂山校区同方向上，至少两倍远，都不在崂山区跑到即墨小镇上去了，就这都吹比吹上天了。青岛城市不算黄岛的话，其实不算大，这不是多大的问题。城市环境来讲，山东的这几个沿海城市，不论青岛还是威海，真当得上“夏有凉风冬有雪，春有百花秋有月”的评语，气候和人文青岛都不在厦门之下。我就举一个例子，全国各地高校夏天都闹着要空调，没有的眼馋有的，有的又纠结电费，青岛？青岛夏天不需要空调，20-30°凉快的很。交通上，青岛动车多的很，还都是始发站。就业来讲，青岛至少有一些全国知名乃至国际知名的企业，更有十几所高校的招聘会内需，不论青岛企业招聘还是全国企业招聘，都比威海多不少。 以上回答，希望对你有帮助。
