去青海大学当老师怎么样?,正在青海大学读书，有大学老师风范的很少，感觉有些老师真的只是完成任务。学生的学习风气还有待提高。但是听说国家对它扶持力度蛮大的，不知道过几年会不会好，学校也招了很多新老师，最近偏向博士吧，前几年招硕士。
厦门大学中国语言文学系在青海招生情况？,厦门大学人文学院是大类招生 顺便，请百度，不要知乎
在青海工作，定居西宁，是怎样的体验？,        作为一个土生土长，又阔别家乡多年的青海人，在外面漂泊多年后因为种种原因又要回家发展了。这种感觉对我来说，回家乡就像回到了一个完全陌生的地方，未来的生活是一片迷茫，心有不甘但是又不得不回去。作为一个文艺青年，对家乡既充满了爱，又充满了恨。不过想来这么多年，在外流浪十点多年后在内心深处还是没有完全适应南方的生活，在内心深处始终眷恋着那片黄土。         对于出生于青海，又到外地发展的孩子们我是充满同情的，这种感觉只有经历过的人才会理解。家乡的落后，南方的发达，却又不得不忍受内心深处因为文化差异的撕裂，在外永远感觉到一种无法排解的陌生感，一种深深的孤独，到处感觉到是异类，没有归属感。这些都在悄无声息的影响着一个人的生活，甚至是感情生活。        对于一个在外发展的青海人，处处是处于劣势的。从上大学开始学习落后，眼界狭小，无法很好的适应大学生活，到进入社会后远离家乡，每年只能回家一两次，缺少亲情的孤独感。到最后是在外地安家，还是回家发展所经历的内心挣扎。这些让我不得不羡慕生在内地的孩子是幸福的，他们天然的有着一些家在落后偏远地区的孩子所没有的优势。这些种种只能深埋心底，在南方没人理解，回家乡也没人理解。        唯一值得庆幸和炫耀的应该是，这一大堆不知有用没用的经历，那一个个遍体鳞伤的疤痕吧。毕竟相比于哪些从来没有离开家乡的人，自己也算是有了一点见识，不枉此生，再没有什么遗憾了。人总是在不断年龄增长中成熟，第一次感觉厌倦的时候是，有一种所有风景都看透的感觉，再没有想出去旅游的兴趣了，但是内心还有期待，想找一份安定的生活，过上安定的生活。第二次感到绝望的时候，是因为发现连这种在南方过上安定生活的想法也变成一种奢望，上涨的房价，年老的父母，永久的单身，曾经那个充满英雄主义的人，现在也不得不低头厌倦了。回头发现原来一切都注定的，只是自己的执拗而已。   
有什么关于青海的冷知识？,高考青海一本分数线奇低，考个好大学十分简单，这一点上青海户口秒杀北京户口
青海 理科女生比一本线高92分 报什么学校比较稳妥？,中国石油大学
9月底计划从山东济南自驾到青海湖，请问有没有边走边玩的路线？, 开封：山陕会馆，铁塔，河南大学，清明上河园  郑州：河南博物馆  洛阳：龙门，关林，白马寺  三门峡：大坝，函谷关，古虢国遗址及文物  潼关：关城遗址  华山：西岳庙，西峰  西安：碑林，城墙，大雁塔，小雁塔，兵马俑，陕西历史博物馆  咸阳：咸阳博物馆，茂陵，乾陵  宝鸡：金台观，法门寺，青铜器博物馆  天水：麦积山石窟  兰州：甘肃博物馆，黄河铁桥，白塔山  西宁：塔尔寺 
青海大学和内地普通大学相比如何？, 青海大学   硕士点  54 个  博士点   6个  专职院士   1 人  院系  学校下设二级学院有医学院、农牧学院、化工学院、财经学院、机械工程学院、水利电力学院、土木工程学院、生态环境工程学院、马克思主义学院，学校下设单位有青海农林科学院、畜牧兽医科学院、 青海大学附属医院   、青海大学职业技术学院、成人继续教育学院、 青海大学昆仑学院   、藏医学院等10院、28个系，共有61个本科专业、34个专科专业 。 国家重点学科 2 个 内科学（高原医学）和作物遗传育种为二级学科国家重点学科和国家重点（培育）学科  专业  学校拥有作物学一级学科博士点1个，作物栽培与耕作学、作物遗传育种、牧草遗传与耕作学、内科学（高原医学方向）和民族医学（藏医学方向）二级学科博士点5个；机械工程、水利工程、化学工程与技术、地质资源与地质工程、风景园林学、作物学、林学、草学、基础医学、工商管理等一级学科硕士点10个，二级学科硕士点56个，硕士学位点涵盖了工学、农学、医学、管理学五个学科门类。  学校获奖   全国党建和思想政治工作先进学校   教育部“依法治校示范学校”      全国大学生暑期三下乡先进集体  长江学者   3名   深圳大学   硕士点  152 个  博士点   9 个  博士后流动站  3个  专职院士  5 人  院系   一共24个院系， 主要有法学院、 师范   学院、外国语学院、 传播   学院、 经济学   院、 管理学   院等  专业  硕士学位授权一级学科34个，下有二级学科142个；另有硕士学位授权二级学科10个；有专业硕士学位授权类别9个，其中工程硕士具有授权的领域13个。博士学位授权一级学科3个，下有二级学科9个。博士后科研流动站3个，博士后工作站1个。 截止到2013年， 学校建有12个省级重点学科（ 光学工程   、 政治经济学   、 国际法学   、 文艺学   、传播学、光学、 细胞生物学   、 材料物理与化学   、 通信与信息系统   、信号与信息处理、建筑设计及其理论、结构工程）。[18] 截止到2013年，学校的师范学院，拥有测控技术与仪器、光电信息工程和光电子技术科学三个博士点，光学工程、物理电子学、电路与系统3个硕士点，其中光学工程2007年被评为广东省 重点学科   ，并经国家人事部批准建立了光学工程博士后科研流动站。[15]  主要奖项  国家级技术发明二等奖  解放军总参谋部一等奖  教育部科技进步二等奖  这些是看得见的差距，还有看不见的差距，比如视野，平台，资源，实习机会等等，这个问题有人看的话，我就详细写写。  以上。
青海化隆牛肉面，却写着正宗兰州牛肉面，从伊斯兰教义来说如何评价这种行为？,其实吧，兰州人根本不在乎青海人带来的所谓在全国的名声。甚至…  因为…在全国其他地方，他们做的确实不好吃。   我在外读大学的时候，告诉同学，想吃牛肉面就去兰州吃，千万别去在外地吃，我都觉得丢人。  还有这里，牛肉面馆，都是一家紧挨着一家，光明磊落的竞争，这涉及一个自信和尊严的问题。  至于面馆保护法的行规，你光看这行规就知道青海人拉的是什么面，又带出去了什么样的名声。
青海大学 湘潭大学 东北农业大学 那一个好 ？,湘潭大学保研率12%，我们专业54人，今年1个出国，七个保研，6所985。一所211，北京交通大学。湘大吃亏就在不是211，论排名不吹不黑，比另外两所都高，全国重点大学。论地理位置也比其他两所好，其他的部分211我没话说，但这两所湘大还是不惧。就看题主怎么选。
华能青海分公司怎么样?,去年有去黄河上游水电的好像 你可以问问
马上就放寒假了，打算去青海玩几天，学生党应该注意什么，冬季的青海有什么玩的地方吗？,如果你是一个南方人的话来到青海首先得考虑防寒，我就是南方来北京这边读大学的等到寒假去青海估计已经零下了吧要知道青海可是10月底就下雪了。还有就是考虑好交通，因为青海湖离市区有一百多公里所以你得考虑是住市区还是住青海湖附近。要是再不懂的话可以去一些旅游的app上看别人的旅游攻略。
青海是什么样子的？,你是青海的 ?   &gt; "YES"    &gt; "哇..好远啊...."    &gt; （沉默中..........）    &gt; "青海解放没有？"    &gt; "没有，我们上课的时候都带着枪"    &gt; "你原来会说汉语~!"    &gt; "恩，来的时候在火车上刚学的"    &gt; "你们只洗三次澡吧？咦，你怎么没有很多小辫子?"    &gt; "……为了上大学只好剪掉了!"    &gt; “你们还吃生肉吗？”    &gt; “我们老大发明了燧木取火，我们吃烧烤，”     ---------------------------------------------  &gt; "你是青海人啊？"    &gt; "是啊。"    &gt; "那太好了，下次我去拉萨旅游，就住你家了啊。"    &gt; "……没问题，不过我家离拉萨稍有点远。"    &gt; "那你们怎么来上学?"    &gt; "骑狼来的。"    &gt; "那一定很久才到吧?    &gt; "习惯了，提前半年出发就行!"    &gt; "………………！    &gt; ”怎么不骑马呢？    &gt;"在青海，骑马的都是穷人干的事情，像我们考出来的，都是骑骆驼和狼的。然后青海没有高考，考试都是比赛射箭，一公里以外摆个牌子，写上"清华"旁边放一个"北大"然后一个人有三次机会，我第一次射清华，第二射北大，都失败了，最后为了保险，射了最近的一块牌子，就是这个学校.    &gt;"你们那用人民币吗？"    &gt;"不用，考上大学以前，我都没听过这回事."    &gt;"那你们不买东西吗？"    &gt;"我们看中别人什么背着羊就去了，羊当钱使！"    &gt;"快过年了，青海让放鞭炮吗？"    &gt;"谁还放鞭炮啊？我们都扔手榴弹玩！响动大~    那你是怎么来 北京的“呵呵，我骑狼来的，    那你住再青海那住大草原。那你们吃饭用筷子吗？    在我家，白天有成群的牛羊，晚上有数不清的星星；还有吃不完的牛羊肉，喝不完的奶茶还有妈妈做的酸奶。家里人都是大块吃肉大碗喝酒的，哪用过什么筷子……    我家的草都比泰山高；我家的鱼没有鳞，十年才长一斤；我家的洋芋养活了几代人；我家的青海湖就比四个香港还大；我家的酥油也能做成惟妙惟肖的艺术品；真主至大，非典，禽流感，大旱大涝，都很给青海人面子，从来没去过……    呵呵，什么，这些你都没听说过？北京奥运会总该知道了吧？福娃迎迎就是我家的藏羚羊，奥运会的奖牌用玉—-昆仑玉，是我家才有的玉。在那遥远的地方 这旋律你熟悉吧？ 新疆民歌？！拜托，是王洛宾先生在我们金银滩草原写下的，怎么就成新疆的了？呵，不争也罢……    想去我家？ 好啊，不过你酒量怎么样？呵呵，估计喝了我们敬的三杯青稞酒，也没工夫缺氧了……”    出来的这几年里，总是有人抛出各种各样和我家乡有关的问题，令人哭笑不得，这都二十一世纪了，怎么还有人那么%#@&amp;，或许，是因为我们太内敛了。    不过当我看到数以万计的游人涌向布达拉的时候，突然觉得鲜为人知未必就是件不好的事。  怎么说呢，可能在别人看来这是一个蛮荒之地，我听到的最多的是青海是青岛那里的吗，我想说TM那是一个省，中国地图怎么看的? 不过确实存在感太低，这是一个不争的事实，尴尬的地理位置，落后的经济条件，好无博人眼球的亮点都是原因，唯一能拿得出手的也只有青海湖.那里有巍峨雄壮的雪山，鱼群跳跃的青海湖，还有号称"天空之境"的茶卡盐湖，风吹草地见牛羊的金银滩草原(曾经的原子弹研发基地)，还有三江源头，日月神山，令人匪夷所思的倒淌河，还有所谓的西宁八景...........吃的大部分都是牛羊肉，别笑，有的地方真的是拿肉当主食的，还有酥油茶，糌粑，酸奶，讲道理我吃过的酸奶唯一不拉肚子的也就只有青海老酸奶，不知是什么神秘体质..... 最后欢迎朋友们来青海玩，大美青海欢迎你，最近听到太多人问青海到底是个什么样的地方，所以准备做个相关的微信公众号，带你去领略神秘的高原风光，目前已经搭建完成，等我做成熟了，再来打一波广告啦，哈哈哈哈哈(最后再废话一句，青海的牛羊肉真的很好吃的，毕竟吃冬虫夏草长大的，贼补)
为什么西藏新疆青海高考比北京上海上一本容易，大家却喜欢喷北京上海？,觉得不公欢迎北上的孩子来新疆西藏接受“优质”的义务教育，同时享受低分上大学的福利，全国的基础教育投资都被北上占了，居然还无耻的和新疆西藏牧区的孩子比……
合肥是个适合待下去的城市吗？已经待了4年了，不知道该不该回家。独子，老家在青海,安徽人 在合肥上的大学，目前工作一年，其中后半年在 南京 现在是合肥南京两地跑 可能是做为安徽人的原因吧  对合肥还是很有感情的 在南京之类的城市总会有种自己是外地人的感觉 在合肥这种想法基本不会有
为什么在高考大省只能上末流二本甚或者三本的水平去了青海西藏高考都是中上985？,。脑子是个好东西 在查大学的时候不妨把地区选成青海 看看有几个985/211大学对青海有招生计划 看看给的专业你是否听过
7月末去青海湖骑行，有什么好建议么？,本打算和朋友两人在青海湖骑行加露营的，但是我俩都是头一回骑行，没有这方面的经验，加上之前一个朋友灌输了很多青海当地人在旅游开发过程中向“钱”看的事迹，我很担心这样冒失地去玩会遇到什么意外。后来朋友在网上找到一个骑行团队，它有保障车，提供骑行过程中必要的水、药物等，规划好了每天的行程和住宿，我俩也不用做什么攻略，索性就报了6月27日到7月1日的骑行活动。 在从西宁出发去西海镇的路上，天南地北的朋友聚在一起，从大连到海南，从8岁到65岁，每个人都有自己来青海湖的原因：经常骑行的夫妻想来过个瘾；刚买车不久来挑战自己；请年假参加同学婚礼，发现还有剩余时间，就来完成读了四年大学一直想做的事；计划了三年，终于决定来圆梦；为了满足孩子去鸟岛的愿望，一家三口一起来骑行；毕业同学约定了一起来，最后就自己一个人被忽悠来了……每个人都有自己的故事，我没有解释自己来这里的原因，因为我对青海湖并没有什么特殊的情结，不过是自己离开的借口罢了。   无论走到哪里，最难忘的还是一起走过的人。 我提前一天到了西宁，当天在群里约了两人拼房，就这样认识了大叔和小羊，之后几天我们一直厮混在一起。小羊说，自己已经是混迹社会多年的老油条了，但其实看上去她只是个二十三四岁的小姑娘，穿着青春靓丽的浅粉外套，简单利落的短发，湖南妹子典型的身高，笑的时候，总是眼睛里先溢满闪亮的光芒，再听到她带着湘音的笑声，俏皮可爱。大叔是广东人，瘦瘦高高的，微微有点驼背，他说普通话的时候，若不凑近了细听，便很难听懂，就算是认真听了，也要半猜带蒙才能解其意。我和大叔先到了西宁，两人就结伴溜达了一圈。他不是个健谈的人，大多是我在那儿絮叨，大叔只是听，但提到自己女儿的时候，大叔的眼睛里闪烁着掩饰不住的自豪，也渐渐放得开了些。跟朋友视频说到大叔时，她总是一副怀疑的表情（她老是这样，除了自己，其他人都是大灰狼），但我已经很信任大叔了，可能是因为大叔的细心，每次过马路都会下意识提醒我，有台阶也会先叫我小心，让我少吃冰的凉的，留意我喜欢的东西。大叔很会照顾人，出门在外，对陌生人都是如此，就现下人和人之间冷漠的关系，这样的善意很可贵。这种善意可能是身处社会多年留下的痕迹，也可能是与生俱来的温暖，第一种人很辛苦，第二种很难得，大叔给我的感觉应该是第一种——善意变成了自己和人相处的习惯。但无论是哪种情况，善意就是善意，别人多给的一点都足够我心怀感激，更何况大叔给的不只一点。在骑行这几天，大叔一直在照顾我们，他总说感觉就像是带着两个女儿和一个准女婿，我老爸可不会像他这样细心照顾我（写到这儿，突然有点羡慕大叔的女儿），于我而言，大叔就是大叔，一个温暖可靠的陌生大叔叔。 我总是大大咧咧的，而且很容易信任别人，属于被人卖了可能还会帮忙议价的类型。出门之前，有朋友千叮万嘱，让我不要单独行动，干啥事多留心眼，在外面要多小心。他给我讲了很多社会“阴暗面”，让我提高警惕，弄得我都觉得自己能活到现在真是不容易。这次出来，刚开始的时候，我比从前任何时候都要小心，进了宾馆先把所有的柜子抽屉都打开看看，上电梯绝不先按楼层，但后来随着和大家的接触，我又变回了以前的样子。信任别人会让生活变得很简单，所以我总是依赖陌生人的善意，还好，我总是遇见好人。 朋友一直跟在我身后慢慢骑。最开始我并不知道这是件多辛苦的事，第二天摔跤以后，大叔执意要骑在我前面，他可以帮我挡风，还可以控制一下我的速度。没骑多久，我才知道骑在和自己速度不匹配的人后面是一件多辛苦的事，后面的人需要时刻关注他的踏频，如果自己快了，还要不停地按刹车保持车距，特别是在下坡的时候，速度可以提高但是不得不降下来，真的是很麻烦。感谢一直陪伴着我的朋友，我真的很幸运。 说到摔跤，第二天我摔了两次，一次是龙头没稳住，从公路上摔了下去，一次是撞汽车上了。和车撞了以后，司机非但没问我人如何，反而火气很大地责问我为什么撞他车上（可能他也是担心需要负责任吧），后来越来越多驴友聚过来，先帮忙把车从我身上抬起来，又帮我跟司机讲理。大叔说让我跟在他后面，不过我还是没忍住又骑很快飙走了，我喜欢刺激。下午准备出发的时候，领队都有点惊讶，其实也不是不疼，就是这种疼在我可接受的范围内罢了，所以干脆一口气骑完了全程。晚上住在湖边的帐篷里，外面在下雨，打在严实的帐篷上，和着风声，像在梦里。晚上的温度接近10度，我却丝毫没有寒意，可能是和领队他们喝了点酒的缘故，也可能是陌生人的善意足以温暖人心。我总是依赖陌生人的善意。 我觉得有两个角度可以证明一个人的存在，一是笛卡尔的“我思故我在”，二是他人记忆中的自己。所以毕业的时候，我给老师们写了封明信片，感谢他们曾今的教导。感谢教育，它让我学会了明理和思辨，让我善于发现问题并敢于解决问题；感谢在我成长过程中有过交汇的人，无论当时一起度过的时光是否愉快，都是我们生命中重要的一部分，都是我们存在过的证据。 很感谢与我走过这段时光的朋友们。 像西海镇这样的小镇，天空像是在触手可及的地方，云朵也不再是一片片飘着，它们聚集在一起，形成厚厚的云层，在蔚蓝的天空中肆意释放着自己曼妙的身姿。北京的远方总是灰蒙蒙的，而这里，远处的青山总是清晰可见，看似近在咫尺，但实际真的是远在天涯，要想徒步到山下，都像是要走一辈子。这里的气候也很舒服，虽有烈日，但一点也不热，夏日的风卷起的绝非热浪，而是略带寒意的清爽。 “要是一直住这儿，也挺好的。” 最近压力很大，身边的同学开始找工作、找房子、安排自己的未来了，我才发现原来生活这么辛苦。一直想逃避，就留在让我舒服的圈子里，就在学校里，一切都没有改变，不需要考虑衣食住行，不需要考虑柴米油盐，世界一直单纯简单下去就好了。可看到在北京挣扎的同学，了解到他们所面临的真实的生活压力，我才明白有些东西无法躲过，我终将结束在学校的生活，去考虑自己的未来。 越是清楚就越是迟疑，我到底为什么想留在北京？那些选择在二三线城市安家的同学，生活质量好像要好得多，他们会很快稳定下来，有自己的家过简单的日子，可想到这样按部就班的人生，我就开始坐立不安，我很清楚这不是我想要的生活。实习的时候看到工作了近十年的同行的日常生活，这些又真的是我想要的吗？十年后我会是什么样子？五年后我会是什么样子？三年后我会是什么样子？ 这些问题让我很难安，想到一种可能，很快又被另一种可能推翻。周围的人不停地在提意见，讲自己走过的路，自己的选择，可是这些终是他人的，我的生活只有我自己能够决定。我告诉自己，生活终将归于平淡，要耐得住寂寞，而现在，走好面前的每一步即可。人生规划这种问题，贪心算法虽然可能达不到最优解，但就眼前能做的，已经足够了。 Que sera， sera. Whatever will be， will be. The future's not ours to see. Que sera， sera.   在西海镇的第一天拿到之后的“坐骑”，我这才意识到“冲动是魔鬼”。 领队看我磨蹭的样子，忍不住问：“你是不会骑吗？” “啊，不是，只是不习惯，”我不好意思地答道。 就骑行而言，其实我是个“黄师傅”。大一学会骑自行车，到了大二就没再骑了，山地车我从来没骑过，档位什么的都不懂，车座还很高，上下车对我来说都是件很困难的事。所谓初生牛犊不怕虎，说得就是像我这样的人，一无经验二无实力，全凭着一股不知道从哪儿来的自信和勇气，就冒冒失失地叫嚣着“同志们，跟我冲”。 还好有同行的朋友跟我详细讲怎么上下车，什么情况应该调到哪个档位，结果当天也就试车骑了几公里，我的屁股就开始隐隐作痛了。不过每个人都很兴奋，在这样的环境里，我也被感染着对新的一天充满了期待。 开始骑行的第一天很辛苦，万事开头难嘛。刚开始的时候，我还是不清楚哪个档位比较适合自己，所以一遇到路况变化，我就变档。上坡的时候，自己都喘得不行了，档位降低以后，刚开始比较轻松但我保持不了踏频，很快又变得很吃力。朋友说高档位速度会快些，反正无论高档还是低档，我的踏频都是一样的，索性我就一直把档位调到很高，全凭蛮力和毅力翻过一个又一个上坡。下坡的时候，就很幸福了，两侧的风景也特别美，左瞻沙漠牛羊，右眺草原湖泊，公路笔直地延伸，直抵云间，风滑过耳侧，感觉自己就快飘摇着飞起来了。    到了目的地，才发现我们竟然是早到的一批，常骑行的大姐不停地夸我们厉害，这点燃了我的竞争欲望，下午也就越骑越快，越快越刺激就越享受，晚上的时候就越累，大腿根部很疼，小腿也有些肿痛。担心第二天会更痛，晚上休息前我做了很久的拉伸，也不停地按摩自己的腿，所以第二天相对其他新手来说，我的状态还算是好的。   路上遇到美丽的油菜花田。   但第二天要比第一天还难骑，因为逆风。根据昨天的经验，我还是保持在高档位，这样骑就更吃力了，就像老黄牛一样每一步都踏得慢悠悠的，像是在拼命，好在领队看见我骑得辛苦，就骑到我旁边提醒我减档。为了防晒，我带着大沿帽，逆风骑的时候，就忍不住低头，这样就看不到前方太远的地方，这也是我第二次摔跤的原因，抬起头的时候，车就已经在眼前了，我也没什么经验，就直愣愣地撞上去了。所以，讲道理主要还是我的原因，不过当时司机的态度还是有点太过分了，还好，我不是一个人。 第二天还去了茶卡盐湖，不过那里距住的地方太远，我们便乘车去了，很遗憾没有走到更里面去拍照。     偷拍吵架的情侣。  晚上住宿的帐篷。     昨晚下了一夜的雨，太阳透过厚厚的云层照到湖面上。      第三天是骑行最远的一天，但反倒是最轻松的一天。可能是因为前两天的“磨砺”，现在屁股已经习惯了，没有那么疼了，也可能是第三天的路比较好骑，没什么上坡，也没有逆风。虽然又来了个连环撞，也不觉得疼了。当天晚上，我们整个骑行的队伍一起聚餐吃饭，骑行老手给大家分享了很多骑行的建议，我才知道自己骑的方法一直都有问题。不能靠蛮力，而是要保持一个合适的踏频。 最后一天我就按照姐姐教的方法，如果发现不能保持在那个踏频，我就变档，无论是多陡的坡，都要保持住这个踏频，看似艰难但过了一个“点”，以后就轻松很多了。特别是在爬“绝望坡”的时候，它是一个四公里的斜坡，九转十八弯，每到一个点你都以为结束了，但转过去还是坡，所以才让人“绝望”。因为之前被打了很多“预防针”，我已经做好准备，到时候骑不上去，我就下来推，不过实际要比自己想象的好很多，调低档位，保持频率，咬咬牙还是可以一口气骑上去的。后面有一段我真的感觉自己体力快被耗尽了，虽然看着像是近在眼前，感觉在踏两圈就到了，但骑起来才发现真的是好远好远，我就低头盯着轮胎一圈一圈碾过马路，在心里跟自己说“张岚，你还可以继续，你还没用尽全力”，眼前的一点点累积起来，终于迈过了这个坎。本来说过了“绝望坡”之后就是爽翻了的连续下坡路，不过太缓了，还是不够尽兴。 最后我们应该是第三个到的吧。     应该是360公里。    附上一点骑行的建议。 1. 如果你也是新手，其实报个团挺好的，安全也方便。 2. 速干的衣服和裤子，防风防水的外套，这些是必须的。 3. 无论怕不怕晒，防晒霜都是必须得抹的，隔几个小时抹一次。妹子们可以准备大沿帽，真的很有用，带上宽沿的帽子，再带上骑行的安全帽，妈妈再也不用担心我晒黑了。如果不报团的话，魔术围巾和手套也是必须的。 4. 我是6月末去的，听领队的说法，其实这个时间比7月去更好，因为7月人太多了，旺季各个地方都食物和住宿也都会涨价，大家可以参考一下。 5. 不作就不会死，下坡还是要量力而行，该刹车就带点刹车。 6. 藏民圈的地不要随便进，无论有没有人，都可能遇到收费的。 7. 学生证还是带上，茶卡盐湖什么的都可以用。
如何看待青海互助学生自杀事件？,我中学在读时，确实有欺凌现象。校内的外面有认识混混的，平时比较牛逼，打仗之类，都不算很严重。但是像互助县这所中学的发生的欺凌现象，确实闻所未闻。 读大学时，我弟弟说，我的母校，一个初二的小孩，因为同班同学欺负，保护费，有一天终于不堪受辱，晚上放学后。拿刀捅死了欺负他的那个人。 个人觉得，校园欺凌，应该从老师入手，不管是差生还是优生，同等对待，平时对学生多关心，进行心里辅导。中学教育，任重而道远！ 逝者安息，愿天堂没有欺凌！
提前把孩子户口迁移到青海入到别人名下，是否可行？,这种方法可以考虑。 青海的一本线非常低，如果你的孩子户口在青海，却在外省上学，在青海高考非常有优势。这种学生在西宁叫做“回宁生”，这两年非常多的家长让孩子在外地读书再回青海高考，几乎都能考到好的大学。
有七月29，30两天青海湖一起拼车的朋友吗？ 大学生，有单反，会拍照。？,30号的飞机去西宁，玩两天。不知道青海湖和茶湖能玩完不？
石河子大学 青海大学电气自动化专业就业如何?,我觉得你可以考虑一下2A级的学校，没必要一下子就跑到没等级的来了吧。 作为青海大学的电气工程专业学生，就业还是很不错的，可以去深瑞，绝大多数都去了电网，只有少数几个不想就业的学生没有就业而已。
西安在校大学生一只，今年暑假打算找人组队青海骑行，收队友中，有人吗？,骑长途别找不熟的人，尤其是知乎网友。  牛逼吹的越厉害，机灵抖的越多的，基本都是链子掉得最勤的。  好朋友出门旅个行都能翻脸，何况几个大型网络装逼平台用户。  到时候你找谁哭去？只能怪自己太Naive。
大学生暑假去青海旅游需要准备多少钱？,  嗨~推举你两条线路。小环线1100~1800公里左右，大环线2600~3000公里左右看你玩的天数。 三天到5天路线推举： 推荐路线： D1：西宁--塔尔寺--青海湖--茶卡盐湖--黑马河 D2：黑马河--环湖西路--鸟岛--刚察--大冬树垭口--冰沟林海--卓尔山--祁连（去八一冰川加一天）（去张掖七彩丹霞加一天） D3：祁连--阿柔大寺--祁连大草原--七彩瀑布~~门源油菜花海--达坂山--黑泉水库--西宁（行程结束） 六到八天路线推举： 青海敦煌大环线。需要6到8天。 这是一条关注率最高的旅行线路，跨越青海高原、西北大漠，湖泊，戈壁，古城，神泉，飞天，壁画，最美丹霞地貌，绚丽的视觉盛宴。 路线你可以领略的是： 【塔尔寺】藏传佛教黄教六大寺之一 【青海湖】中国国家地理评选出的“中国最美五大湖”之首、中国最大的咸水湖 【黑马河】青海湖最佳日落拍摄地 【茶卡盐湖】国家旅游地理杂志评为“人一生必去的55个地方”之一，古丝绸之路的重要站点 【水上雅丹】神奇的自然迷宫，绝美日落奇观水上雅丹比陆上雅丹更值得期待 【莫高窟】被誉为20世纪最有价值的文化发现，坐落在河西走廊西端的敦煌，以精美的壁画和塑像闻名于世。 【鸣沙山、月牙泉】大漠奇迹，古丝绸之路上的明珠。 【嘉峪关】是明长城西端的第一重关，也是古代“丝绸之路”的交通要冲。 【张掖】历史文化名城、古丝绸之路重镇。 【七彩丹霞】中国国家地理评出的最美丹霞地貌，绚丽的视觉盛宴 大概行程：从西宁出发——塔尔寺——日月山——青海湖——黑马河（日出）——茶卡盐湖——德令哈——可鲁克湖——大柴旦——青海水上雅丹——雅丹地貌群——敦煌（莫高窟）——鸣沙山——嘉峪关（天下第一关）——张掖（七彩丹霞）——扁都口——俄博丝绸古道——祁连（桌尔山）大草原——岗什卡雪峰（远观）——门源——黑泉水库——西宁 结束。大概需要6到8天，有什么不明白随时可以问我哒~  
一个大学生准备7月去青海湖旅游，给点意见，顺便带多少钱？,七月是青海湖的旺季，包车，住宿，都会很多人，青海挺大的，景点之间离得不近，建议还是包车玩，3~5天。 去年七月中旬去的，早晚温差大，中午可以穿短袖，但早上在青海湖边看日出的时候，还穿了抓绒和冲锋衣。 十天左右，青海和甘肃，花了两千多，毕竟不知道题主属于哪种旅行方式，只能说做个参考吧。
青海师范大学怎么样？,只能说烂到一定程度了
沿海到青海大学读研究生我应该注意什么?,亲，你确定你在决定调剂到青海大以后再问这种问题真的好么！ 青海西宁娃娃，土生土长，吃得饱睡得香，虽不能上知天文下知地理，不能前晓五千年不能后算五百年，但也健康皮实玩玩闹闹的考了大学和研究生。 至今也记得三岁我如何在家偷吃糖的妙招。 冬暖夏凉，不潮湿，没有蚊子没虫咬。不需要宝宝金水。（沿海来的，确实应该担心干燥问题，可能会眼睛干涩，喉咙和鼻腔痛，但你既然是学医的，应该知道怎么解决吧。）
关于青海湖有什么有趣的故事？,大学时自己第一次环青海湖骑行，从西海镇骑了100多公里才看到青海湖，那个兴奋激动啊，同行四个同学，三个脑子一热，脱了衣服，就进去游泳（其实是狗刨。。。） 要知道，那可是5月1号的青海湖，前几天还下过的雪的。。。 最后的结果是，我们三个在青海湖里狗刨过的，全部感冒，最严重的是我。。。我发烧烧成狗了。。。   
高三湖南理科学生，高考填报志愿，华南农业大学，东北林业大学，东北农业大学，延边大学，青海大学？, 华南农大。 
安徽考生，高一本线十几分，是青海大学还是安徽农业大学？,青海去的话，眼界的话小太多了
青海大学保研？, 额…这个问题只有三个人关注…题主大概是填好志愿了吧…但没关系，既然诚心诚意的顺手邀请我回答了，那我就不客气的谢邀了！  鄙人有幸取得了青海大学某一年的保研资格，真是万分有幸！其中心酸这里不便多说，就只讲一下我了解到的保研政策。  确实如  @叒来  所述，现在的保研是不分内外名额了，也就是说拿到了保研名额后，你就可以随便的选择未来的去向了，选择本校保研还是他校闯荡，都是自由的。 不过，在我那一届，农牧学院的学生就比较惨了，貌似拿到的保研名额只对保内有效，学校大概是想留住农牧这方面的人吧。   保内保外说清楚后，接下来得说这个保研名额的推选方式了。保研的初衷，是为那些真正有知识、有能力、在科研这条路上能继续走下去的学生提供一种方便的渠道去深造。所以，一般学校推荐保研名额主要是按照成绩排序，辅助以其他学术活动的加分。青海大学也是如此。不过，可能跟其他学校不同的是， 青海大学的这个排序是在全校排序，而不是你所在的某个专业内。 那么就会有疑问了，专业不同，成绩又如何比较呢？不知道是该说聪明还是懒政的教务处，提出了一个实行多年不变的算法： 专业内按照成绩排名，只取专业前五名进行全校排名；前五名按照排名，最高五分，依次递减一分作为成绩项的加分。 也就是说，如果你在专业内没排到前五名，就不用去想保研的事情了，你连资格都没有！专业第一加5分，专业第二加4分…以此类推！另外，青海大学还有一个神奇的班级叫做因材施教，包括校属因材施教，机械因材施教，财经因材施教。注意，以下所说都是针对 校属因材施教 ！校属因材施教是取前十名进行全校排名，最高加10分！成绩项的加分，还包括四六级、计算机等级……  除了上述，成绩项的加分排名，还有其他各种学术活动、比赛的加分项。比如，申报课题、大创、数学建模……不过要注意的是，并不是所有的比赛都可以加分！就比如电子设计竞赛，专业性质太强，财经类的学生基本参加不了，放在全校排名会有异议！所以……教务处那帮人还是懒政吧…  以上两个加分项，取加权平均，再进行全校排名。权重如何，我已经不记得了。总之，成绩项还是占比较大的比重。因材施教那个10分项，说实话是个bug，拿到这10分，其他都没有，大概也可以傲然立于榜单的某个角落吧。  以上。 
14级给排水，男，青海大学，大二，爱好广泛，性格开朗，现在该朝哪个方向努力，考哪些证，注意哪些问题？,赶紧转行
想请教一下本科在青海大学就读行政管理，想考复旦大学的研究生，难度怎么样？,不容易，但如果你选择这条路，就努力吧
青海室友老是黑我们河南偷井盖怎么办？,告诉他，每个地方都有人渣和好人。楼主做好自己，用自己的行动告诉他河南人是什么样的。我本身是青海人，但我从大学以来遇到的河南人都让我十分敬佩和尊重。 我好哥们的女友是河南人，一个非常善良的女人～对我哥们非常体贴，人相当好 我大学同学河南人，两人都是高考660的主，期末随便学学就碾压我等学渣。一个去了中科院，一个去了美国留学。 不管是学习还是做人，这些人都是让我佩服的主 所以楼主做好自己吧
青海民族大学？,没有通过四级，没学位证的地方。
青海7～10天旅游？,不请自来啦啦啦 先自我介绍一下，答主是在青海西宁开小青旅的本地妹子，同时也还是在读大学生，所以我觉得应该是比较有立场来回答这个问题    先说青海有哪些著名景点  1 塔尔寺 距离西宁市区40公里，坐公交专线就可以到达 3块钱/人 2 青海湖 距离西宁市150公里左右，有去青海湖的大巴，也可以拼车去青海湖 拼车夏天一般150/人左右 其中晚上可以住在黑马河，可以看星空  3 茶卡盐湖 位于海西州蒙古族藏族自治州 和青海湖在一条线上，理西宁市区200+公里 如果拼车 可以一条线走下去  4 门源 七月初到八月初来的花，可以赶上门源万亩油菜花海 也是青海知名风景之一，但是超级挑时间啊 5. 祁连山 也是非常值得去的景点 天境祁连山脉，可以看日落   一般还可以去甘肃的一些地方 张掖七彩丹霞 敦煌莫高窟   路线要取决于题主想玩几天，主要想去哪些地方玩，还有怎么玩。我贴一些拼车一般走的路线，因为这是目前比较成熟也比较方便的一种旅游方式，一般青旅都会有拼车的，如果自己找一定要找正规靠谱的车队 一天游 西宁-丹葛尔古城-日月山-倒躺河-青海湖-金沙湾-金银滩大草原-原子城-西宁，上南线下北线  两日游 西宁-丹葛尔古城/塔尔寺-日月山-青海湖-黑马河（宿）-茶卡盐湖-返回西宁  三日游  第一天 西宁-塔尔寺-日月山-青海湖渔场-青海湖二郎剑-黑马河（夜宿）-第二天黑马河看日出-茶卡盐湖 -刚察县-默勒草原-大冬树山（海拔4200）-冰沟林海-祁连卓尔山-祁连（夜宿） 第三天祁连-阿柔大寺-门源-黑泉水库-大通-西宁    青海湖祁连张掖四日游(环线四天) D1 西宁出发—塔尔寺—拉脊山(海拔3817)—日月山—倒淌河—青海湖一南山看全景—夜宿黑马河 D2 黑马河第二天看完日出—橡皮山(海拔3820)—茶卡盐湖—返回走西路离湖最近最好的风景—刚茶草原—走探密老路《风景好》—热水—大东树亚口(海拔4210)—冰沟大板—冰沟林海—夜宿祁连 D3 祁连— 卓尔山—祁连大草原—阿柔大寺—鸳鸯花海—三角城—饿博—张掖七彩丹霞—夜宿张掖 D4 张掖—偏都口—景阳岭—门源百里花海—达板山观景台—黑泉水库—返回西宁。   这个路线里面就加了张掖丹霞地貌进去，算是个小环线  青海敦煌七日大环线         第一日：西宁—塔尔寺—拉脊山—日月山—倒淌河—青海湖—黑马河 （宿）         第二日：黑马河—茶卡盐湖—德令哈—可鲁克湖—大柴旦 （宿）         第三日：大柴旦—当金山—阿克塞—玉门关—汉长城—雅丹魔鬼城—敦煌 （宿）         第四日：敦煌—莫高窟—鸣沙山月牙泉—沙州夜市—敦煌（宿）         第五日：敦煌市—嘉峪关关城—长城第一墩—张掖七彩丹霞 —张掖(宿)         第六日：张掖—扁都口—俄博丝绸古道（俄博镇）—阿柔大寺—祁连县卓尔山—祁连县 （宿）         第七日：祁连—祁连草原—岗什卡雪峰(远观)—门源万里油菜花—大坂山观景台—黑泉水库—西宁  如果你有六七天时间，对敦煌莫高窟壁画感兴趣，那可以考虑走这个大环线，2400公里可以阅尽西北美景   当然，也一定要记得在西宁留一天的时间出来吃吃吃，我觉得每次出去玩能记住的，美食一定是不可或缺的一部分 。所以可以留一天来吃吃青海的美食，还可以去东关清真大寺参观一下。    预算这一部分.. 也还是需要按照你的玩法来决定的，所以不好妄下定论，不过你也可以根据你的行程，私信我，我也可以帮你大概算一下（如果信我的话)     需要注意以下几点： 如果体质不是很好，担心自己身体高反的话，就提前（一定是提前一两周）吃点红景天 药店一般有售，然后带好感冒药，防患于未然。基本上没什么问题。  小仙女们，一定要带防晒啊，一定要防晒指数高一点的啊，一定要带好补水的啊，青海的艳阳天真的不是盖的啊，我只要在青海待几个月必黑好几个度啊，虽然也不白。   务必带厚衣服 就是那种防风衣外套啊什么，我知道你们是暑假来，但是答应我，别嫌重，带一件吧 当然，为了拍照美美美，什么红裙啊大檐帽啊之类可以凹造型的也别忘记呀。 还有鞋，高跟鞋什么的不建议，平底鞋运动鞋最好  至于安全问题， 出门在外不管在哪，都要有警惕心，看到你说是第一次出门，所以一定要注意安全，这是不管去到哪个地方都要注意的，每个地方都有好人和坏人，不过青海并非荒蛮之地，我们都是文明青年，小仙女们不要怕哟～（这样说感觉我是怪姐姐啊）       大概就这么多吧，如果还有什么问题，可以私信我，我都会解答哒，如果你们以后想来我家青旅住，我也会感激不尽哒。 欢迎你们来青海玩呀  
一个青海高三狗的苦恼（想让大家分享一下自己的经历或你们的方法）?,孩子，看你也是湟川的，这么给你说，我上高三的时候还不知道知乎是啥。 那个时候呢，我每天的状态是，早上起床吃饭，从食堂到教室，中午吃饭回宿舍然后呆一会儿早点儿去教室。然后晚上吃完晚饭，我也不回宿舍，湟川下午下课还是比较早的，吃完饭这段时间呢，我遛弯儿，打开水，然后去教室睡觉或者写作业。 其实，湟川作业也不多，晚自习之内肯定写得完。然后这段时间呢，你可以看（kan）教（xiao）辅（shuo），写（xie）试（xiao）卷（shuo）。 基本高三看晚自习的老师都是年轻小老师，只要你别动静太大，他也不会管你。还有，我真的好怀念那些年从铁栅栏外面接过的外卖啊！ 哦，对了，我晚上回宿舍基本不学习，而且开始的时候11:45准时睡觉。后来看小说就12:30睡觉。 然后高考我还考的挺好的。 我估计，你也想的是，反正一本率99%，混吃等死也能上一本，那不如就混着呗。 嗯，我当时也是这么想的。  后来，我去了大学，遇见了我的室友，她们的分数都比我高，甚至高考卷比我难，还比我高四十分。 大一进校，英语分班，人家稳稳的高级班，一个学期把四年的英语全修了。 后来分专业，人家绩点完全碾压我，真真是人家挑专业，而我呢，专业挑我。 于是，我进了一个好学校，但是进了这个学校为数不多很一般的专业。 你知道这意味着什么吗？ 接下来，四年后，人家出国保研，你呢，绩点太低，保本校都成问题。 我知道有很多西宁的学生，在成绩压力下，不得不由一个很好的学院转去一个不好的学院，我更见过，因为挂科太多被劝退的。 你知道这些优秀的同学为什么到了大学就不再优秀了吗？因为我们的学习习惯。 我承认，本来基础就是有差距的。但是，学校的课程也是分等级的啊。人家修同等课程里最难的，然后期末GPA4.0+。你呢，修此类课程的基础课程，然后期末只有求老师高抬贵手，放你一条生路，勉强混个及格。你是不是觉得这也没什么，反正不挂就行了。 我的室友，早上7:30起床，有早课上课，没课就去图书馆自习，从开学第一周到最后一周，都是这样。 而你心里的算盘是，上了大学就轻松了，每天就可以浪浪浪了。期末突击一下，再给老师求个情。四年下来，一无所获。 你勉强拿个本科毕业证，出去找工作，人家一看，哟，学校不错啊，再一看你的成绩单，哟，这么多60分啊。 用人单位也不傻，是不是。 你以为你考上大学的那一刻是革命胜利的时刻！但是，从你踏进大学的那一刻，战斗才刚刚开始。 你在高中学习的知识，不只是为了考一个好大学，更是为了让你在大学可以混的风生水起。 你现在学的这些课程，你是不是觉得很简单，很水。是的，大学老师也这么觉得。 等你拿到微积分课本从第一章开始就阅读困难的时候，你就会后悔当年怎么没好好学。 你以为你只需要学高数？那你简直太天真。 大学物理课，拿过竞赛的大神们说啥你听不懂。数学课，老师PPT上的公式，高中老师说，太难不是重点，所以你没学，你不知道。C语言课，别人中学就学C++，你呢，连个拿的出手的PPT都做不出来。 大二，学霸上课用英文原版课本，因为讲解更为直观清晰。你呢，花大价钱买了本翻译版，语句不通，理解困难。 学霸的一整本吉米多维奇都看完了，你连课后习题都做不出来。学霸去参加建模大赛了，你连基本的软件都玩儿不溜。 你说你来自偏远地区，没见过没学过没碰过。 So what ? 进了大学就是公平竞争了，这意味着你连一点儿优势都没有了。 所以少年，好好读书，能多学一点儿，就多学一点儿，这不仅是为了高考，更为了你以后能真正混的好。 当然，如果你觉得，考个青海大学，出来找个月薪两三千的工作，你的人生目标就实现了的话。你就当我啥都没说。
在青海大学就读是一种怎样的体验？,少数民族同学比青海本省汉族同学好相处
通信工程专业就业情况以及青海民族大学通信工程专业怎么样？,我只想说这里是考研的好跳板！其他的往一线去，往沿海去，往经济文化繁荣发达的地方去！
哪里产的枸杞好，宁夏还是青海？,当然是青海的最好了! 原因:1.地理:青海与宁夏都地处西北，可青海比宁夏的平均海拔还要高很多，所以昼夜温差，日光强度都要比宁夏厉害些，造成了青海枸杞颗大，饱满，色鲜红(听说过高原红吗?......网查)，味更甜(不仅仅是含糖高哦!.............)        2.人文:大家知道青海地大人希，资源却有点丰富且质优，但经济却不怎么发达，知道为什么吗?因为手工业太发达了，像枸杞这些都是自给自足的(纯天然，无添加)，另外青海民风淳朴，往外卖的更纯天然，无添加，更重要的是价格很实惠，我前年给我一大学同学带了一代，他父母都觉得挺好的. 建议:去青海耍的朋友，有要买的话建议买散装的，更划算的. 最后补充下枸杞的功效(来源于百度百科)  膳食价值  枸杞子   是常用的营养滋补佳品，在民间常用其煮粥、 熬膏   、泡酒或同其他药物、食物一起食用。 枸杞子   自古就是滋补养人的上品，有延衰抗老的功效，所以又名“却老子”。 枸杞中的 维生素C   含量比橙子高，β- 胡萝卜素   含量比胡萝卜高，铁含量比牛排还高。更吸引人的一点是，枸杞所起到的壮阳功能令人喜出望外. 枸杞作为药食两用的进补佳品，有多种食用方法。枸杞一年四季皆可服用，夏季宜泡茶，但以下午泡饮为佳，可以改善体质，利于睡眠。但要注意的是，枸杞泡茶不宜与绿茶搭配，适合与 贡菊   、 金银花   、 胖大海   和冰糖一起泡，用眼过度的电脑族尤其适合。冬季枸杞宜煮粥，它可以和各种粥品搭配，枸杞炖羊肉也是很适合冬天食用的。家常炒菜加入枸杞后口感颇佳，如枸杞炒蘑菇就是一道色香味俱佳的素菜。枸杞玉米羹 鲜香   可口，色泽美观。对于女性而言，常吃枸杞还可以起到美白养颜的功效。 枸杞性甘、平，归肝肾经，具有滋补肝肾，养肝 明目   的功效，常与 熟地   、菊花、山药、 山萸肉   等药同用。枸杞全身都是宝， 枸杞子   能补虚生精，用来入药或泡茶、泡酒、炖汤，如能经常饮用，便可强身健体。枸杞的叶、花、根也是上等的美食补品。现代医学研究表明，它含有胡萝卜素、甜菜碱、 维生素A   、 维生素B1   、维生素B2、 维生素C   和钙、磷、铁等，具有增加 白细胞   活性、促进肝细胞新生的药理作用，还可降 血压   、降血糖、 血脂   .    药用价值(谨慎，有病请看医生，勿耽误病情，因小失大!)  枸杞子   亦为扶正固本，生精补髓、滋阴补肾、益气安神、强身健体、延缓衰老之良药，对慢性肝炎、中心性视网膜炎、视神经萎缩等疗效显著；对 糖尿病   、肺结核等也有较好疗效；对抗肿瘤、保肝、降压、降血糖以及老年人器官衰退的老化疾病都有很强的改善作用。作为滋补 强壮剂   治疗肾虚各症及肝肾疾病疗效甚佳，能显著提高人体中血浆 睾酮素   含量，达到强身之功效。现代医学研究表明，枸杞对体外癌细胞有明显的 抑制作用   ，可用于防止癌细胞的扩散和增强人体的免疫功能. 任何滋补品都不要过量食用，枸杞也不例外。一般来说，健康的成年人每天吃20克左右的枸杞比较合适；如果想起到治疗的效果，每天最好吃30克左右。现在，很多关于枸杞毒性的动物实验证明，枸杞是非常安全的食物，里面不含任何毒素，可以长期食用。 枸杞虽然具有很好的滋补和治疗作用，但也不是所有的人都适合服用的。由于它温热身体的效果相当强，正在 感冒   发烧、身体有炎症、 腹泻   的人最好不要吃。
考的不好 大学选择哪个？ 天津工业大学 青海大学 江苏科技大学 南京林业大学 上海工程技术大学, 这几个学校里综合实力最强的是南林。上海工程技术大学实力不行，下设还有职业技术学院呢，上海人眼里的野鸡学校，但是因为在上海，所以外省人还是趋之若鹜，分数也虚高，不过上海的学校分数线都是虚高的，所以这个学校性价比很低。青海大学性价比是这几个里最高的，西部211，虽然实力也不强，被国内很多非211学校吊打（比如江苏大学和河南大学），但是毕竟是个211，然而我还是不推荐你上，因为没有你喜欢的专业，而且位置也太偏，出来也未必就好找工作，比如石河子大学也是211，但是在江苏的分数线仅仅比二本线高1分，简直是野鸡级别，这种学校毕业如果回江苏工作，hr真的会把你当211毕业生看待吗？hr又不傻。江科大只有焊接的就业不错，工资也挺高，船舶不行，虽然标榜为特色专业，但是近年来船市一路走低，校内很多船舶本科生考研都跨考到本校的机械了，不要相信什么专业排名，排名再高，没有就业也是空话。所以我建议楼主在天津工业大学和南京林业大学二选一。 
关于兰州敦煌张掖青海湖一个女生？,～～～我要疯了 编辑了三次图片了 手机不小心给删了～～～手机码字，第一次回答，多多包涵。。。～～  作为一个敦煌实习两个月，学校在甘肃最东边 庆阳，家在甘肃中部 张掖 上学都经过兰州 所以我给你说下路线，具体旅游景点 你自己选择吧。  首先 如果你是从西安过来 我建议你先到天水麦积山石窟看看，这样可以和莫高窟做一个比较 。西安到天水 火车大概4个小时 。我上周去天水完了一天半 去了一个麦积山石窟 和 伏羲庙 其他的都没怎么转。 出天水后，如果要在兰州玩，就坐车到兰州。 到兰州后 ，现在可以分为两条线，一条是兰州 经武威 金昌到达张掖，你可以在武威转一两天，如果不打算去武威 可以做高铁线路或者直达线 从兰州到西宁。 西宁到青海湖需要坐车三到四小时。所以一天肯定不够 你需要做好计划 。西宁转完后可以直接做高铁或者直达特快到达张掖 。到张掖后推荐几个景点 一市内的大佛寺。二 丹霞地貌，三 马蹄寺，四 黑河湿地公园（可去可不去，有时间可以租个自行车在湿地公园里骑行 ），除了马蹄寺有点远，推荐马蹄寺主要是因为他也是石窟累的。  张掖转完后可以做高铁或者火车 汽车建议到嘉峪关，这里有甘肃三个五A景区之一的 嘉峪关城楼。 （其余两个麦积山石窟和平凉崆峒山） 嘉峪关其他景区如游乐园等自行选择。 嘉峪关和酒泉都有直接发往敦煌的汽车。从酒泉到敦煌汽车大学需要5个小时。火车直达敦煌的也差不多是这个时间。如果做高铁的话只能做到柳园在转汽车。飞机无视。 交易不晕车的话可以选择汽车，因为路上可以感受高大的风力发电机 ，大漠隔壁等。。 到达敦煌后有以下几中 ：如果是火车站的话 离敦煌市比较远 打的估计要30左右 交易公交。如果到汽车站的话 从汽车站步行到市区也就十分钟路程 打的五块钱。敦煌宾馆招待所比较多。 重点来说说敦煌 ，1.莫高窟 ，必须要去 4A 景区 可以在刚进市区 敦煌宾馆再向西 过一个十字就走订票的，一般个人都是先买票在前往 有学生证的话好像是140 记不清了 全票是220（好像有淡季和旺季之分） 这里分为两个部分，一是3d电影卷 这个没有半价 ，二是 敦煌莫高窟的门票。 买好票后可以返回敦煌宾馆那个十字 在敦煌宾馆后面有公交 火车站和莫高窟的 。公交到达莫高窟数字影视中心 ，如果你买了电影票的话 看完电影可以做他们的免费大巴前往莫高窟。到达莫高窟后有讲解 ，跟上就行。 2.鸣沙山月牙泉。4A 这两个是一个景区 门票120学生证60 如果是敦煌本地拿身份证5块钱（ps不做考虑，吐槽一下而已） 主要是沙漠 可以市区有飞天雕像的那个十字做公交 （正确的做法是你面对雕像正面 你左手边 使离十字的那个方向） 终点站即是。注意防晒，如果你一个人的话 暑假就不要租防沙鞋套了，到沙滩上直接脱鞋光脚走比较好玩。吃的喝的建议自带。  3.敦煌夜市。建议以看为主，尽量别买，因为你觉得这便宜了，其实隔壁更便宜。 夜市还有就是吃的 ，刚进去第一家就是烤羊肉，挨个的两家不错，就是太贵了 我们实习两个月就第一次去吃了一顿。。。然后夜市里面还有就是鸡肉闷饼子和闷疙瘩等等 量都很足 够你一个女生吃了，（我会告诉你我们吃了差不多两个月的鸡肉闷疙瘩吗？一盘12块钱≥﹏≤） 然后顺着夜市饰品这边往里走还有各种小抄海鲜之类的。 如果你要寄邮票 除了吃的夜市 左边第一家（我的就是哪里买的 ）一盒10张 带邮票 好像二十块钱！可以戳纪念戳。也可以代寄。  4 敦煌古城， 跑到党河桥 西有公交 十块钱好像 路比较远 古城 不大 是拍古装片的地方，你可以参考 奔跑吧兄弟 第一季 敦煌哪一期有古城 ，出了古城过了铁路就是戈壁滩的太阳能发电厂 不过你的走到公路那里继续往西走一下有个观景台。 5.雅丹地貌，做上去鸣沙山的公交上就有包车电话 可以到阳关 等等地方一次性全部 由于需要五六个小时 所以当时我们没去，如果你去了张掖丹霞地貌 不妨去看看雅丹也不错。 貌似没有了。。。。   这货就是麦积山石窟，没错，就在山崖上，建议恐高的就不要上去了，腿软啊！！ 如果条件允许，可以请上一个讲解。50元一人。  [图片未上传成功]  这是离麦积山石窟不远的仙人崖，风景很美。但是还是算了吧，去了就是爬山。。。     莫高窟外景，跟麦积山相比 ，这就是小清新。。。。如果看了电影的话就有讲解。 算了，不上图了。。。
长沙理工大学、成都理工大学、中国地质大学(武汉)中，哪个更适合青海一本线超过40分左右的人？, 首选北上南京和杭州的高校，因为大学的视野和格局非常重要。其次，我不清楚你的分数能上什么样子的学校，但是如果可能的话，尽量贴着分数线上好的学校，专业不强也没有关系，比如北理工北航南航和南邮的经济类和管理类的专业，因为本科的重量时远大于研究生和博士的，这个叫做出身，等找工作的时候你会发现一些公司和企业都是很卡出身的，985 211之外的高校很是吃亏。（话粗理不粗哦）    上大学就是上平台，正所谓站得高看得远么，所以都要考虑的就是一线城市和知名高校，专业就是能去哪儿就去哪儿，最后大不了熬cpa或是干咨询，或是司考啦干税务啦（ps：身为一只前通信狗且前某水sci journal的editor，天天写paper攒algorithm，分稿review paper做presentation，深觉cpa和税法简单的一比，只要自己很好处理自己的时间分配，练习和重复，不是纯傻大家都能拿上证。PS：拿不上证的各位就应该反思下自己的时间和精力到底有多少时间集中在考证上。。到底有没有自己反复总结金额对比知识点）。 如果不是对技术有追求（比如你家里很有钱，自己就是想搞研究做理论，或者是自己对programming或其他工程学科特别有偏爱），其实这条路挺适合你的。    加油吧骚年，美好的明天在等待着你。 
青海和敦煌旅游包车怎么收费？7月6日左右去西北玩，有适合的路线推荐吗？, 六到七天啊，建议走大环线吧，路线如下：  D1:西宁--塔尔寺--日月山--倒淌河--青海湖（151基地）--黑马河住宿 D2:黑马河看日出--橡皮山（海拔3817m）--茶卡盐湖--德令哈柯鲁克湖--外星人遗址（路边随意观看）--大柴旦镇住宿 注:游客想去水上雅丹敦煌环线的时间上多加一天的行程 D3:（A线）大柴旦--柴达木盆地戈壁风情--穿越盆地到西北的“56号公路”--青海冷湖雅丹魔鬼城（亚洲最大原始雅丹地貌群）--当金山--阿克塞--阳关遗址--敦煌住宿（或沙漠露营） （B线）：大柴旦--柴达木盆地戈壁风情--当金山--阿克塞--玉门关遗址--汉长城遗址门票（--敦煌雅丹魔鬼城国家地质公园（--敦煌住宿。 D4:上午10点左右参观莫高窟--休息调整--下午五点去鸣沙山月牙泉--晚上沙洲夜市自由活动--敦煌住宿 D5:敦煌--瓜州（免费品尝瓜州蜜瓜）--嘉峪关（嘉峪关景点均可随意）--张掖七彩丹霞国家地质公园--丹霞景区门口七彩镇住宿或者张掖市区住宿。 D6:张掖--扁都口自然风景区-祁连山风光--祁连草原--阿柔大寺--祁连卓尔山田园风光--祁连县城住宿 D7:祁连--岗什卡雪峰（七彩冰瀑）--门源百里油菜花海（油菜花七月上旬至八月上旬推荐观看）--达坂山黑泉水库--返回西宁  －－－－－－－－－－－－－－－－－分割线－－－－－－－－－－－－－－－－－－－－－－  我们去是经同学介绍的，她们之前去坐的就是这个师傅的车，退伍的老兵，青海本地人。马哥。   马哥带我们一路话很少安静听我们絮叨着大学最后的聒噪。   马哥还带我们吃了最正宗的藏家自制青海酸奶，一大桶吃起来简直不要太爽。   放些去年的照片。私人照片请勿盗用。                  做个软广，最近帮不太会用互联网的马哥做了个淘宝店，店名叫:老兵马哥在青海。   比心 ̋(ˊ•͈ ꇴ •͈ˋ)  
青海省玛多县是个什么样的地方？,玛多县基本概况网上有，容我不赘述。我就扯扯我对玛多县的感觉吧，毕竟家里曾有亲戚在玛多上班，还算了解吧。  第一次去玛多县是2006年，去玛多是暑期社会实践的一部分，当时团队7人，在大学募集捐款2000元左右，新旧衣服若干，学习用品书籍若干，背到西宁休整后又背去了玛多。早8点在火车站对面的汽车站乘坐中巴汽车去玛多，票价83，全程12小时左右，路上爆胎两次，到了玛多近22点了。初到玛多，夏夜天空魅力十足空气清新微凉，6个人合住招待所一间房（去晚了，接待了台湾的一个大团队，没了房间，于是仓库临时改造的）。第二天白天才正式观察了玛多县。县城不大，就是个丁字路的主干道。南北向大街南头下班车，一路上有些饭馆和商店，向北走到头就是电影院，电影院前东西走向一条路，西通县四大班子办公楼，县委招待所，武警支队，出县城后就是黄河第一水电站，扎陵湖鄂陵湖；东通电信，县中学，银行（当时未联网，只有信合是联网的，但是正门未开，我们第一次从银行后门进去取钱）。  县城比较破旧，好在人不多，也比较干净，当时野狗也不多。县城白天人也不多，2010年全县人口才1万多，所以安静特别安静，见不到几个人。电影院对面的商店还保持这很老的样式，木质、玻璃的橱柜，后面摆着大柜子，上面摆着砖茶，酒，很少品种的饮料和茶壶，手电等简单日用品。（看了 @探险家闪米特 关于肝包虫的文章后很后怕，当时住的房间是集中供水，门口一个大水桶，一天的水就那么多，我们用的比较省，通一排同济大学的几个同学的房间老实缺水就来我们这里借，也不知道那时的水是怎么来的，是否干净。）  国道214不直接进县城而是过三岔口翻巴颜喀拉山口进玉树，到了三岔口拐一下才能进县城。县城外去扎陵湖鄂陵湖的路当时也不好走，容易陷车，路边草地鼠害严重（主要是高原鼠兔，据说浑身是宝就是破坏草原太厉害），湖泊退化严重，不过据说现在好了很多。  =================下面我就上图了，有的图片可能引起不悦不适=====================   ⬆️班车就是这样的，比较破，开得比较野，结果见⬇️下图      ⬆️四大班子就这么个门面，⬇️下图是办公楼，仅此一栋。      ⬆️⬇️ 这两张是县城办公楼向外拍摄的县城大部    ⬆️丁字路口及电影院      ⬆️以上两张图是路遇中国科学院青海高原生物研究所野外工作人员时所摄   ⬆️以鄂陵湖畔风景照作为结束吧
男的大学毕业独自去青海旅行，说自己兄弟是武警是不是安全点？假设要是让恐怖分子听到会不会有危害？, 1.  青海一点也不乱   2.连去个国内的地方都这么优柔寡断还要问父母担心各种东西  不敢相信你是个大学生毕业生  说实话高中毕业生都比你有出息
临床医学青海大学好还是三峡大学好？,想学医的话还是考虑一下医科大学类吧。
军医大学毕业，分到青海某部队卫生员，出来的几率大吗？要怎么做？,考研啊，或者直接退伍
大三想考金融类的研究生，水平只能保证在过国家线330，选择青海大学还是西安财经学院？有没有其他推荐,据去年的考研形式，实在不敢报太高的学校，上届同专业考研的只有两个录取，还是不考数学的会计专硕和教育学。数学基础差，目前也在很努力的学习。把目标定在过线即可，毕业应该会回家，所以考虑青海大学是个211，但是也是为了教育发展平衡设立的，西安财经学院是本科在读学校但是是二本，而女生太少太少了，我只是想在读书期间顺便找个对象。………
小孩现在在上小学，想把户口转到青海去。初高中还是在成都上，高考去青海考。这样有问题吗？,必须在青海读书五年以上才可以   不然限报省内大学
求一个人青海旅游攻略 骑行青海湖 ？,手机打字简单说一下，首先你要从哪儿骑到青海还是说火车到青海，然后直接去青海湖。其实网上有很多路线攻略，我说一些要注意的吧，火车站比较乱，住宿有很多东北口音的大妈来拉你家庭住宿，都是附近一个钢铁厂的，优势是价格便宜靠近车站，你还可以砍价，甚至30一个人都行，往市里走平均不错的宾馆120左右。然后青海湖景区是可以逃票的，一路上住宿比较难找青旅60一人，路边油菜花地别随便拍照，会有藏民跳出来gank，甚至是抱团抓人，别起冲突，有麻烦就跑。七月份去最好，说的比较乱，见谅。吐槽一句，其实青海湖没意思，若尔盖九寨沟这些地方骑车不知道有多爽。一个花大学时间来骑行的人。
想去青海或者新疆做牛羊肉 干果生意 不知道发展前景如何 刚大学毕业 家境还算可以 但就是想自己做？,我是新疆的，有兴趣可以聊聊
请问经济管理专业本科生能否跨考青海民族大学政治学研究生？,谢邀。华师国际政治在读的研究生学姐说过，经济类管理类本科出身不是劣势，政治学导师蛮喜欢学科背景比较丰富的学生。答主也是国贸准备跨国政
青海大学校内设备如何？,很好，实验设备的好话，一般学生基本上用不上，老师也得排队。生活硬件没什么缺点，没空调也不需要空调，夏天还得盖被子。暖气充足。就是热水得去打，不算缺陷。
青海民族大学为什么越来越差了！？,因为确实大学氛围很奇葩，谁会喜欢。
青海喇家遗址是大禹故里么？,搜索喇家遗址和大禹治水的相关资料搜到了这里，也就不请自答，谈一下自己不成熟的观点：   1、喇家灾难引起的联想  大禹治水的传说和喇家遗址的发现，为我们提供了一条重要的线索，那就是在4000年左右，在青海的共和盆地—贵德盆地之间，曾发生过一次大震级的地震，并因此对中华民族的历史，产生了深远而重要，甚至具有决定性意义的影响。   自从喇家遗址被发现，便开始有了喇家灾难和大禹治水的联想。早在2003年，夏正楷、杨晓燕就提出，黄河上游的山间盆地和下游的黄淮海平原，异常洪水给人类生存环境带来严重的破坏，导致这些地区早期文明的衰落，而位于我国地貌大势二级阶梯与一级阶梯之间的中原地区，尽管洪水也给人类生存环境造成严重的威胁，但它并没有导致早期文明的衰落，恰恰相反，先民们利用有利的地貌条件，通过与洪水的争斗，促进了文化的发展和华夏文明的诞生【6.19】。   2006年，鲍义志先生在《青海日报》撰文发表《喇家遗址与大禹治水》，首次提出了喇家遗址是大禹故里说。【6.20】   南京师范大学地理科学学院研究人员吴庆龙领衔的中美科研团队于2016年8月5日在美国《科学》杂志上发表论文称，他们在黄河流域发现了史前大洪水的证据，这场洪水很可能就是“大禹治水”传说中的大洪水；同时，这也为夏朝的历史真实性以及起始年代提供了重要支持【6.21】。   2、来自喇家遗址的证据  夏正楷、杨晓燕对喇家遗址的洪水进行了深入研究【6.19】，他们推测出洪水多发期出现在齐家文化晚期到辛店文化早期，年代大致在3.65～2.75kaB.P.之间，延续时间约900年，发生洪水的最高水位淹没了官亭盆地的二级阶地，高达距离黄河现河面25米。夏正楷在《中华文明探源工程  环境卷》中又进一步总结了这个研究成果【6.22】。   黄河上游的甘青地区是我国西北地区齐家文化的主要分布区。在3.8kaB.P.前后，齐家文化突然衰退，农业文化被畜牧业文化所取代，在齐家文化晚期出现的黄河异常洪水事件，可能是造成文化衰退的主要原因。在这一地区，受峡谷深切、盆地狭小、谷盆相间这一地貌特征的制约，洪水的影响十分显著。在齐家文化的主要分布区之一的官亭盆地，当时的异常洪水淹没了人类的主要栖息地。在洪水堆积之下的喇家遗址中，发现有史前洪水灾难的记录，说明当时的异常洪水给人类带来了灭顶之灾，造成喇家遗址人类的非正常死亡和遗址的彻底毁灭。在洪水堆积剖面中夹有少数晚于齐家文化的辛店文化时期灰坑，说明在洪水的间歇时期，人类曾一度回到这里，但再次来临的洪泛又迫使他们再一次离开。在洪水堆积的顶部，分布有规模较大的辛店文化时期遗址。与属于齐家文化的喇家遗址不同，辛店文化遗址中出土有大量的动物残骸，表明在洪水之后，重新回到这里居住的先民们的生产方式和生活方式发生了明显的变化，农业被畜牧业所取代。   根据夏正楷、杨晓燕的判断，地震发生在先，它造成了喇家遗址地面的破坏和房屋的倒塌，山洪和大河洪水发生在地震之后，其中山洪暴发是主河洪水来临的前奏，随之而来的黄河大洪水则彻底摧毁了整个遗址，这些灾害事件集中出现在前后的齐家文化晚期，给喇家遗址的先民带来了灭顶之灾，在遗址被毁之后的数百年内，黄河进入一个多洪水期，整个官亭盆地一直处于洪水的威胁之下，直到2750 aBP前后多洪水期结束，人类才再次回到这里生活【6.23】。   4200~4000ka BP的显著降温事件，使气候最适宜期结束和后全新世的开始。夏到商早期，称为仰韶温暖期，气候相对温暖湿润。这段时期恰好即3700ka BP~3500ka BP左右。喇家遗址的考古也证明了这一点，在异常洪水出现之前的齐家文化时期，孢粉谱显示当地植被比较稀疏，主要为蒿属、藜科等草本植物，代表温带草原环境。而在洪水时期，孢粉比较丰富，以木本植物为主，主要为松属、云杉属和冷杉属，其次还出现一些落叶阔叶树，如桦属、榆属、榛属和桑科等；草本植物次之，种类较多，多为温带草原常见的种属，如蒿属、藜科、禾本科和莎草科等，还有一定数量的蕨类植物，如水龙骨科、卷柏属等。洪水时期的孢粉组合代表温带森林草原环境。洪水期后，孢粉浓度明显降低，其组分以草本植物为主，再次出现温带草原环境。   以上结论给我们提供了一天清晰的线索，仰韶温暖期，便有不时爆发的山洪给当地羌人带来小的灾害，后来，即3922aBP（其他文献给出的时间为4030~3730aBP）【6.24】，发生了震源位于共和盆地—贵德盆地间的史前大地震。以喇家为震中计算出来的震源强度为7.1级，烈度为9度【6.25】。若震源发生于共和盆地—贵德盆地的龙羊峡地区，推测到震源的震级强度有可能超过历史上有记载的最大一次地震，即1960年发生在南美洲的智利地震9.5级，烈度在12级以上。地震使得黄河自龙羊峡—积石峡段多处发生滑坡，而地震严重影响到正在发生的龙羊峡对黄河的溯源切割，致使其基岩破碎，切割速度强烈加剧并出现十分明显的不稳定倾向。   3、积石峡滑坡的研究  近年来，针对这次史前大地震与喇家灾难的研究屡有突破。李智敏等已经对拉脊山断裂古地震进行了较为详细的研究【6.26】，初步判定，造成喇家灾难的大地震的震中约在青海省贵德县的千户附近，此处距龙羊峡约60km，距喇家遗址约130km。   此后，在龙羊峡—积石峡段多处滑坡相继的溃坝过程中，产生了“大禹治水”时期长达数十年的频繁洪水，在此之后，大地震造成的龙羊峡段岩层破碎使得此段黄河的切割速度极不稳定，不时发生的崩塌在长达几百年的时期内断续造成一次次洪水灾害。   若如是，我们推测在自龙羊峡开始的黄河沿线，将会有很多类似喇家遗址的灾难现场等待我们发掘出来，特别是贵德盆地。   由于溃坝造成的洪水灾难，远比我们想象中的严重。1975年8月河南省驻马店地区的板桥水库垮坝，使得1100万亩农田受到毁灭性的灾害，1100万人受灾，超过2.6万人死亡【6.27】，经济损失近百亿元。其最大库容为4.92亿立方米，而它在这次洪水中承受的洪水总量为7.012亿立方米，洪峰流量1.7万立方米每秒。溃坝在大坝至京广铁路直线距离45公里之间形成一股水头高达5－9米、水流宽为12－15公里的洪流；从1998年8月发生的青海省共和县沟后水库垮坝，水库总蓄水量仅3300万立方米，洪水冲到水库下游13公里处的有3万人居住的海南州州府暨共和县县府所在地恰卜恰镇。造成遇难288人，失踪40人【6.28】。恰卜恰、曲沟两乡和恰卜恰镇的13个村，38个国营集体单位受灾。而当时的南海即现龙羊峡库区的库容当在200亿立方米左右，即使溃坝极轻而只有几亿立方米的水瞬间泻出，其造成的灾难也是不可想象的。   龙羊峡—积石峡的滑坡已有人做过仔细的研究【6.29】，全区范围内共解译大型滑坡175个，其中大型滑坡以尖扎一化隆盆地段最为发育，黄河右岸略多于左岸；其次为循化盆地段、贵德盆地段等，而盆地之间的峡谷区段以积石峡、松巴峡少量发育之外，公伯峡、拉干峡、龙羊峡则鲜有出现。滑坡类型以岩质（第三系红色泥质碎屑岩）滑坡为主，其次为土质（黄土或黄土类土与滑坡堆积土）滑坡、混合质（岩质加土质）滑坡。实际上，这也是关于“大禹治水”的传说的历史根据。  当然，如此众多的滑坡多数并非出现在大地震时期，但基本上都产生于约10万年之内黄河的溯源切割期间内【6.30】。   吴庆龙等在研究积石峡古地震堰塞溃决事件的论文中，提出了在这次史前大洪水期间，发生了位于积石峡西口南侧山体崩塌并形成了水体为11.71×108m3（水位高程1900 m）的堰塞湖，并在不久后发生泄洪总量约为8.71×108m3的部分溃决，残余堰塞湖水体为3×108m3（水位高程1875 m）的研究结论。【6.31】   吴庆龙等认为，山体崩塌是黄河发生堰塞的直接原因，而地震则很可能是触发山体崩塌的关键因素。堰塞湖在形成后不久即发生了部分溃决，造成了洪峰近35000 m3·s−1的异常洪水，相当于该河段万年一遇洪水流量的3倍多，残余堰塞湖则因泥沙的逐渐淤积而消亡。年代学研究表明，这一堰塞及溃决事件发生在大约1730 B.C.，与其下游25 km处黄河岸边喇家遗址毁灭的年代一致。根据该遗址在很短的时间内先后毁灭于地震和洪水，可以推测积石峡黄河古堰塞溃决事件与喇家遗址的毁灭存在密切的联系，流量—水位关系的计算则表明，黄河上游万年一遇的洪水不能淹没喇家遗址，而积石峡古堰塞湖的溃决洪水则完全可以将喇家遗址毁灭。因此，毁灭喇家遗址的异常洪水并不是气候变化造成的洪水，而是由强烈地震所诱发的堰塞湖溃决洪水。也就是说，地震及其次生堰塞湖溃决洪水共同毁灭了喇家这一齐家文化的重要遗址。   杨晓燕等通过对喇家遗址附近黄河上游官亭盆地的黄河二级阶地面上沉积的平流沉积物分析，厚约2m左右的洪水单元里包含有至少14次特大洪水的发生，而这些相继发生的特大洪水延续了自3700～2800aB.P.近一千年的时间【6.32】。吴庆龙等已经计算出这些特大洪水均不可能是由于全新世期间暴雨成因的黄河洪水【6.31】。因此，这些特大洪水无疑来自自龙羊峡至积石峡间陆续发生的溃坝事件，而其中绝大多数的起因便是龙羊峡的溯源切割。   位于积石峡西口南侧山体崩塌形成的大洪水可能是喇家灾难的第一次，但不是唯一的一次，也许还不是最大的一次。我们认为，由于地震带来的不稳定导致的龙羊峡河谷的溯源切割的加剧以及崩坍，是大洪水持续近千年的唯一原因。这种崩塌频发于大地震后的几十年时间里，也正好对应了“大禹治水”的历史过程。   4、龙羊峡地质剖面的研究结论  吴庆龙【6.21】的研究成果提出了山体崩塌使黄河发生堰塞，堰塞湖的坍塌引发喇家灾难的一系列证据，但这个理论并不能解释为什么“大禹治水”会长达20余年，且在以后的约900年期间里不断出现大洪水的现象【6.19】【6.23】。   本文在6.2“4000年前左右黄河的溯源切割”一章里，给出了黄河贵德段河流T0阶地年表（表6.1）。我们认为，黄河一系列大洪水的成因，就是地震导致的黄河对龙羊峡峡谷的溯源切割变得急促和极不稳定，从而在以后长时间内发生多次坍塌，导致了一次一次大洪水的过程。   根据资料，龙羊峡水库正常蓄水位2600m时，相应库容量247×108m3，相应水库面积383km2。  由表6.1可以近似的推断出，大洪水前黄河水位估计在沉积层T5海拔2676m，也就是说，在大地震以前，龙羊峡库区的水面高于现在龙羊峡大坝的最高水位。从图6.3可以看出，自T5以后直到今天，龙羊峡断面出现多个沉积层，这些沉积层的形成，就是龙羊峡峡谷发生的一次次坍塌的结果，而每次坍塌，都有可能导致大洪水的发生。以此计算，龙羊峡库区的库容量，随着龙羊峡峡谷的一次次坍塌而随之减少，从大地震前的约500×108m3（就是“山海经”里提到的“南海”），减少至大禹治水后期的约250×108m3，周穆王时期的约150×108m3，唐时期的约100×108m3。   另外，从龙羊峡东口尼那所测的剖面数据分析，龙羊峡下游的松坝峡更晚才被完全切割，使得贵德盆地上形成了一个较大的湖面，在马家窑文化期间，就是“山海经”提到的年代，湖面面积尚有几十平方公里，就是“山海经”里提到的“北海”、“渤海”。   从地质学的角度估算的龙羊峡溯源切割，目前的成果尚不能满足史前考古研究的需要。因此，迫切的需要像吴志龙那样的团队继续努力，取得更为精确的数据。   5、来自黄河中下游地区对应的大洪水信息  黄河大洪水的另一个主要灾区，则是渭河平原—晋南河西。这也是炎黄子民繁衍生息的核心地带，也就是传说“大禹治水”的地方。大洪水必然会造成黄河下游华北平原的洪水泛滥，黄河的多次改道就从哪个时候开始。但这里已经不再是炎黄集团统治的地方，在这里发生的洪水灾难，并没有人将其载入史册。   迄今为止，在渤海湾西岸共发现四道贝壳堤，14C测定年代分别为距今4700～4000年、3800～3000年、2500～1100年和800～100年；苏北沿海发现有五道贝壳砂堤，14C测定年代分别为距今6500~600年、4600年、3300～1000年、1300年和小于100年【6.33】。从这些年代数据看，两地贝壳堤的形成年代基本上相互交叉，这不仅是黄河下游河道南北改道的又一佐证，而且也指明了改道的大体时间。可以看出，黄河在距今约4600～4000年间是经淮北苏北平原入海的，到距今4000年前后发生南北改道，改经河北平原注入渤海。普遍认为黄河大的改道有26次，有准确记载的黄河大改道共有五次，其中最古老的禹王故道，在公元前2070年至前602年（周定王5年），行河时间1370年【6.34】，渤海出口；“禹王故道”以前的流路，已湮没而不可考。   龙山时代后期的山西襄汾陶寺遗址，考古发现了面积达280多万平方米的巨型城址，其年代距今约4300年左右。有迹象表明，这座城址曾一度毁于洪水，而后又经重建；在黄河下游的鲁西南和鲁西北地区，先民们创造了灿烂的龙山文化，但在4kaB.P.前后，龙山文化突然衰退，取而代之的是比较落后的岳石文化【6.35】。龙山文化晚期出现的黄河异常洪水，可能是造成文化衰退的主要原因。   若龙羊峡断面的溃坝造成10×108m3的洪水量，经过自龙羊峡至潼关约2200km后受阻，形成渭河平原—晋南谷地的黄泛区，初步估算将会形成约10天，最大洪峰2500 m3/s的洪水，造成黄泛区最高约10m的水位升高，形成最大约200km2的淹没区。而这些地势低洼的淹没区，正是当地人民生活居住的地方。另外，若洪水发生在冬季，则受到的影响更大。   按“大禹治水”的这个期间龙羊峡水库水量损失250×108m3，而5×108m3的洪水量就可以在渭河平原—晋南谷地形成明显成灾的洪灾计算，在“大禹治水”期间约20年的洪灾频发的时间段里，洪水给这里造成的水灾不少于20次。   黄春长等通过研究黄河永和关段全新世古洪水，发现在3200～3000 aBP，这也是我国历史上商末—西周初年的气候恶化转折阶段，出现过一期五次特大古洪水事件【6.36】。他们计算出5次古洪水事件洪峰流量介于28380～48590 m3/s之间。这比我们估算的喇家灾难洪水在晋陕大峡谷的流量大出许多。   可见，喇家灾难引起的洪水，在晋陕大峡谷已经被商末—西周初年的几次大洪水彻底淹没。几经冲刷，从地质学和考古学角度，这样的洪水几乎不可能在晋陕地区留下痕迹。由此，如何通过建立精确的数学模型来模拟洪水带来的影响，将是一个难度很高也非常有趣的课题。   6、世纪大洪水与 “大禹治水”的传说  《淮南子·本经》说：“舜之时，共工振滔洪水……舜乃使禹疏三江五湖，辟伊阙，导廛涧，平通沟陆，流注东海。”这里的“三江”，就是黄河的赤水段（自河源至龙羊峡湖区）、黑水段（龙羊峡湖区至贵德湖区）、河水段（贵德湖区以后），而“五湖”，则是南海（龙羊峡湖区）、黑海（贵德湖区）、位于河套的旷野之原和位于关中—河东的黄河两岸湖泊。   需要说明的是，关于夏朝的起始年代，目前的关于喇家洪水以及夏朝元年的时代，传统的资料之间尚存在一定的矛盾。本节试图将史前大地震—喇家灾难—大禹治水—夏朝的建立有机的连接起来，尚需在年代的测定和判断上出现更加有说服力的数据。若以龙山文化的结束作为夏朝的开始【6.37】，则恰合史前大地震的假说。   历史上夏禹“治水”被无限夸大，已经到了非常荒谬的地步。相对于大自然而言，人类的力量是极其渺小的，特别是工业文明之前的农耕社会，古人对付洪水基本上只有一个方法，那就是躲。限于当时的生产力水平，无论是鲧的“堙障”还是禹的“疏导”，都不可能治理好洪水【6.38】。试想，夏禹时代人们尚未进入青铜器时代，那时一个酋长最多也仅能动员几千劳力，手里拿着木锄、木棒、木铲的古人，如何去治理滔滔洪水呢？   考古学告诉我们，在文明出现前，中国大地上星罗棋布地分布着许多文明的胚胎。红山文化，龙山文化，良渚文化，这些史前文化已经发展到了很高的高度。但是，这些地区为什么没有能够独立的孵化出自己的文明呢？大洪水给了我们一个合理的解释，那就是由于大洪水对原本就已经非常脆弱的人口—土地平衡的强烈破坏，使得位于渭河平原【6.39】—山西晋南【6.40】谷地一带，生活在这里的华夏民族的核心居住区原住居民，流民对土地展开了激烈的争夺。由此带来的文化的消亡、冲撞、融合、发展等等剧烈的动荡，无疑只有具有强大组织能力的部落才可以脱颖而出。因此，“大禹治水”实质上就是一次中央集权的过程。   大禹治水表明华夏文明处于一条很大且容易泛滥的河流周边，这片土地对华夏的生存和发展非常重要，即使这里屡屡受到洪水的威胁，人们也不舍得离开。这样的地方，我们唯一可以指出的，就是陕西关中至山西晋南的那片谷地。  早在两千多年前，著名的诗人屈原就提出了类似的疑问。他在《天问》中问道：“洪泉极深，何以填之？地方九则，何以坟之？河海应龙？何尽何历？鲧何所营？禹何所成？”如果说夏禹果真有过“治水”之举，那么也只是进行过几次献祭仪式，向河中抛下一些粮食、牲畜、玉璧之类。我们在《穆天子传》里，还屡次见到过周穆王举办祭拜河神的仪式，可见这种对河神的膜拜曾经是多么的强烈。   我们怀疑，中华民族对龙的崇拜，亦是来源于对洪水的恐惧与无奈。   随着龙羊峡—积石峡段发生的多处滑坡造成的堰塞湖不断被冲毁，特别是龙羊峡峡谷破碎断层被冲蚀而趋于稳定，由此造成的自龙羊峡至积石山，至龙门，至黄河入海口的洪水灾害随之消失，也就造成了“大禹治水”成功的假象，堰塞湖被冲毁的时间段估计在一两年左右，而龙羊峡破碎断层的相对稳定约在二三十年左右，恰好也是自“鲧”治水失败至“禹”治水成功的时间。   而龙羊峡破碎断层最终被冲刷至稳定岩层，估计时间约在近千年，这个过程是不连续和无规律的，期间断断续续的洪水灾害，也是造成喇家遗址地质剖面记载的屡次洪水产生的原因。   在这里，我们提出一个符合逻辑的猜想，那就是鲧就是在喇家灾难之后，从同样遭受大洪水灾害的临夏盆地，带领其部族逃亡的一个氏族首领。齐家文化的重要遗址秦魏家、大河庄等已淹没于刘家峡库区，而位于临夏县崔家庄的齐家文化遗的正式发掘，将有可能给我们解开很多的千古之谜。  此时的大禹应该还是一位孩童，他跟随父亲一路流亡辗转至关中地区，直到以后发生“大禹治水”的故事……    参考资料和注释：  6.19夏正楷、杨晓燕，“我国北方4kaB.P.前后异常洪水事件的初步研究”，《第四纪研究》，2003年11月。  该研究认为，4kaB.P.前后是我国北方异常洪水多发的时期，异常洪水事件的出现与当时的降温事件有密切的关系，气候变冷引发的相对湿度加大和降雨量增多可能是造成这次异常洪水事件的主要原因。出现于华夏文明诞生前夕的史前异常洪水事件对华夏文明的演进势必会产生重大影响，在黄河上游的山间盆地和下游的黄淮海平原，异常洪水给人类生存环境带来严重的破坏，导致这些地区早期文明的衰落；而位于我国地貌大势二级阶梯与一级阶梯之间的中原地区，尽管洪水也给人类生存环境造成严重的威胁，但它并没有导致早期文明的衰落，恰恰相反，先民们利用有利的地貌条件，通过与洪水的争斗，促进了文化的发展和华夏文明的诞生。  6.20鲍义志，“喇家遗址与大禹治水”，《青海日报》，2006年9月15日。  文章用5条根据推断了喇家遗址是大禹故里：①大夏河流域包括此处黄河两岸是夏后氏成长的地方（“黄帝以姬水成”；《国语·晋语》）②《新语·术事》中载“大禹兴于西羌”，西羌活动地区就是如今的青海、甘肃；③喇家遗址和大禹治水的时间均为4000年前；④《史记·夏本纪》中记载的禹“导河于积石”的积石峡就在喇家附近；⑤喇家遗址出土的巨型玉刀和被称为“黄河磐王”的巨型石磐象征至高无上的权力，当时只有大禹这样的人才拥有这种权力。  6.21 Qinglong Wu，etc，“Outburst flood at 1920 BCE supports historicity of China’s Great Flood and the Xia dynasty”，Published 5 August 2016，Science 353， 579  文章对从堰塞湖沉淀物下方和上方分别提取的碳屑样品，用碳14加速器质谱法（AMS）测定，认为这场洪水的发生时间在公元前2129至1770年之间。  这一年代与吴庆龙、张培震、张会平、叶茂林、张竹琪发表的“黄河上游积石峡古地震堰塞溃决事件与喇家遗址异常古洪水灾害”，（《中国科学D辑：地球科学》，2009年第39卷第8期）存在差异，在那篇论文里给出的时间是大约1730B.C.。  6.22夏正楷、杨晓燕、叶茂林，“青海喇家遗址史前灾难事件”，《科学通报》，2003年6月，第48卷第11期。  6.23夏正楷，“我国黄河流域距今4000年的史前大洪水”《中华文明探源工程  环境卷》，2009年5月。  文章认为，根据棕红色粘土的厚度并结合现今一级阶地面与二级阶地之问的高差估算，洪水上涨的最大高度可能在10米左右。棕红色粘土层中夹有多达11层富含有机质的灰黑色粘土，这些灰黑色粘土层是洪水退落之后泛滥平原上残留湖沼的堆积层。漫洪相的棕红色粘土和湖沼相的灰黑色粘土在剖面上交替出现，反映当时黄河的洪水过程相当频繁，属于洪水多发的时期。  由于官亭盆地喇家村棕红色粘土之下掩埋的齐家文化遗址，其最晚的年龄为3678±75aBP（经树轮校正，半衰期5370.，下同），红粘土上部夹有辛店早期的灰坑，年龄为2775±75aBP，推侧洪水多发期出现在齐家文化晚期到辛店时期早期．年代为3650~2750aBP，延续了约900年。  在另一些场所（央视发现之旅：喇家村史前部落的最后瞬间），夏正楷教授认为，喇家至少遭受过11次以上的洪水泛滥。  6.24根据喇家遗址H18、H20、M3、H47四个采样点的C14测定并经树轮校正，大地震时间并不支持3650aBP，其范围在4030~3730aBP之间。  喇家遗址已经测定的碳十四年代资料，有约20多个，绝大部分属于齐家文化的遗存，绝对年代都在公元前2350～1870之间。见中国社会科学院考古研究所碳十四实验室，《放射性碳素测定年代报告（二九）》，《考古》2003：7期，640-644页；《放射性碳素测定年代报告（三一）》，《考古》2005：7期，57-61页。  叶茂林在《中国文物报》2004年2月6日第7版，发表“喇家遗址绝对年代的初步认识”一文，介绍了喇家遗址采集标本的年代测试结果：  新公布的考古所碳十四测年数据（《考古》2003年7期），有青海喇家遗址的4个年代数据。这是2001年考古发掘（参见《中国文物报》2002年3月15日一版报道）采集的标本测试的。采集的标本有很多个，选择送测的标本只有7个，而实际测试和公布的只有如下4个（以半衰期5568年计）：ZK－3132，测定年代3574±73年，树轮校正为公元前2030～1870年（H18）；ZK－3133，测定年代3685±42年，树轮校正为公元前2140～2020年（H20）；ZK－3134，测定年代3637±75年，树轮校正为公元前2050～1880年（M3）；ZK－3137，测定年代4200±107年，树轮校正为公元前2900～2620年（H33）。  张雪莲等，“民和喇家遗址碳十四测年及初步分析” （《考古》2014年11期），给出了地震发生时第一现场两位遗骸的测年数据，其校正年代分别为公元前1945年～前1885年（68.2%）和公元前1950年～前1895年（68.2%）。两者年代比较一致，均为公元前1900年前后。同时，他们对遗址中发现的面条的年代测定，结果亦为公元前1900年前后，而面条存在的时间仅限于灾难发生时刻。  由吴庆龙等发表于美国《科学》的论文《Outburst flood at 1920 BCE supports historicity of China’s Great Flood and the Xia dynasty》（Published 5 August 2016， Science 353， 579）采用的数据，为通过喇家遗址找到的三具儿童骨骼，采用C-14检测结果得到的断代结果，平均值为1922 ± 28 BC (1σ)。  6.25  allen_ry1984，《 喇家遗址—地质考古   》PPT，来自网络：   喇家遗址——地质考古     地震震级的确定公式M=0.68I0+0.98；根据上述公式，已知喇家遗址为震中，烈度为IX，则：1M=0.68×9+0.98=7.1；即喇家聚落遗址的震级至少在7级以上。  6.26李智敏等，“拉脊山断裂古地震与喇家遗址灾变事件关系研究”，《地震研究》，第37卷增刊，2014年12月。  6.27目前尚未查阅到关于板桥水库垮坝的直接文献，但散见于各处的数据表明，超过2.6万人死亡应该是的直接后果。  板桥大洪水一共有62座水库溃坝，加上它后续的影响所造成的死亡人数，总的死亡人数约为23万人。此数据来自美国《Discovery》“世界历史上人为技术错误造成的灾害TOP 10”。  6.28胡子同，“青海沟后水库溃坝”，《人民珠江》，1995年04期；孙宁海、崔军强。“沟后水库决口之后”，《记者观察》，1995年第01期。  6.29刘世英等，“黄河上游龙羊峡—寺沟峡段大型滑坡遥感调查”，《青海大学学报(自然科学版)》2007年04期。  6.30李小林、郭小花、李万花，“黄河上游龙羊峡—刘家峡河段巨型滑坡形成机理分析”，《工程地质学报》，2011年第4月。  文章认为，黄河上游龙羊峡-刘家峡河段的共和盆地、贵德盆地、循化盆地经历了昆黄运动B幕（距今800ka左右）的流水侵蚀夷平，而李家峡—公伯峡及龙羊峡多隆沟西段为剥蚀台面（分水岭带）；距今125ka年以来的共和运动，导致了本河段的切穿贯通，并使得黄河呈阶段性塑造高陡岸坡，从而导致了早期的快速下切，并于距今30～50ka在尖扎盆地达到高值，引发了早期推移式高速巨型滑坡及堵塞河道事件和古湖岸再造型巨型滑坡；晚期的间歇性下切，引发了晚期气候解体型巨型滑坡。因此，构造抬升致使黄河流水阶段性下切，是造就区内巨型滑坡发生的根本原因。而地震地质作用及堵河事件的发生，是区内巨型滑坡形成的诱发因素。并确定了黄河上游龙羊峡—刘家峡河段巨型滑坡形成机理可分为地震型、库岸再造型和气候解体型等3种类型。  赵瑞欣等，“黄河上游龙羊峡至积石峡段巨型滑坡OSL测年”， 《地质通报》，2013年12期。  文章认为，黄河上游龙羊峡—积石峡段特大型群发性滑坡和初步划分为4期分别为130～110ka、50～30ka、12～9ka和5～3ka。  6.31吴庆龙、张培震、张会平、叶茂林、张竹琪，“黄河上游积石峡古地震堰塞溃决事件与喇家遗址异常古洪水灾害”，《中国科学D辑：地球科学》，2009年第39卷第8期。  6.32杨晓燕、夏正楷、崔之久，“黄河上游全新世特大洪水及其沉积特征”，《第四纪研究》，2005年1月，第25卷第1期。  6.33赵希涛，“渤海湾西岸全新世海岸线变迁”，《华北断块区的形成与发展》，科学出版社，1980年；顾家裕等，“苏北中部滨海平原贝壳沙堤”，《沉积学报》1983年第1期。  6.34徐江伟，“血色曙光—华夏文明与汉字的起源之三 夏商周三代的民族属性”，《社会科学论坛》2012年第3期。  6.35许顺湛，《中原远古文明》，河南出版社，1983。  许顺湛的研究表明，在黄河下游的鲁西南和鲁西北的龙山文化地区，4kaB.P.前后遭受了洪水的强烈冲刷和破坏，成为高于平原的孤立残丘。在洪水面前，人类只能被迫选择到这些残丘上生活，形成堆遗址，就是这些堆也不安全，在特大洪水时仍然存在有被洪水淹没的危险。因此，洪水对这一地区龙山文化造成了极大的破坏，一度十分繁盛的山东龙山文化急剧衰落。异常洪水事件之后出现的岳石文化，无论在数量和规模上，还是在生产水平上都落后于龙山文化。  6.36黄春长等，“黄河永和关段全新世古洪水研究”，《地理学报》，2012年11月。  6.37关于夏的积年，一直存在诸多不同的观点，其中认为以龙山文化的结束作为起点的有：  转引自网名： ylkr1234    “天涯社区”发表的文章“中国考古—杯具的夏商周断代工程”，对夏商周断代工程提出了质疑。其中提到：河南龙山文化晚期14C测年数据表明，该文化的下限年代为公元前2030～前1965年，即公元前2000左右。这说明各地区龙山文化的结束基本是同步的，它的结束也标志着另一个新时代的来临。在黄河中下游地区，继龙山文化之后确实出现了若干新的考古学文化，构成了又一新的历史时代，二里头文化仅是其中之一，并非偶然现象，这应该有其深层的历史原因，很可能与最初王朝的产生密切相关。因此，以龙山文化的下限年代为夏代起始之年更合情理 。  吴文祥，葛全胜在《第四纪研究》2005年第25卷，第6期发表文章“夏朝前夕洪水发生的可能性及大禹治水真相”也认为，“目前的考古证据表明，在龙山时代之后，中国古代文化发生了重要转变。各地龙山文化基本同步结束，标志着另一个新时代的来临。因此，夏朝的始年不超过2000B. C，以河南龙山文化的终结年代作为夏朝始年更合情理。”  6.38近代西方学者夏德著《支那太古史》，否定有大禹治水的事实。他认为“开挖长江、黄河和汉水的工程量，比万里长城的工程量还要大四至五倍，《尚书》、《史记》所载大禹治水根本不可能。”  中国中国地质学之父丁文江《论禹治水说不可信书》（古史辨第一册）认为，“就是要用现代的技术来疏导长江，都是不可能的，石器时代的禹如何有这种能力？”  顾颉刚《论禹治水故事书》、《九州之戎与戎禹》认为，“大禹无论如何遍治四方名山一事，在禹时代绝对不是人力所能的。”  杨宽《禹治水传说之推测》《民俗周刊》第116一118期合刊认为，“我们从进化过程来看，禹那时也决没有平‘荡荡怀山襄陵’的洪水本领。”  吕思勉《共工•禹治水》《吕思勉读史札记》认为，“《禹贡》诸子所言禹事，皆以意敷陈之辞”。“禹之治水亦仅限于一隅”。  但学者章太炎、李济、钱穆、金景芳、李学勤等则认为大禹治水的故事是可信的。  6.39渭河平原，又称关中平原或渭河盆地，系地堑式构造平原。介于秦岭和渭北山系（老龙山、嵯峨山、药王山、尧山、黄龙山、梁山等）之间。西起宝鸡，东至潼关，海拔约323～800米，东西长约350公里，面积约3.6万平方公里。  6.40从空间概念上来说，我们指的晋南是以霍山为北界、太行山为东界、晋陕大峡谷为西界、陕晋豫交界的黄河大拐弯处为南界的整个山西南部地区，其中运城、临汾两个盆地是文化遗存最集中的区域。 
湖北理科538分，第一志愿青海大学，但被划下来了，到了第二志愿长江大学？,第一次被邀，哈哈感谢 我是河北考生，第一年考的特别烂，军校走不了，所以复读了一年。 你们会以为第二年我考的一定特别好是吧。。。其实除了最后的高考，我其他的所有模拟考试全是班级前五，省里差不多也是前几千的，保底也是普通985.。。。没想到，妈蛋最后一次又考砸了，只能去一个稍微好一点的一本大学了。。。。。。。。。。。。 现在大四准备考研中   我觉得吧，不管你去哪个大学，首先要选择自己想学并且愿意去努力的专业，不然到大四又不好找工作又不想继续读研，很累的。 至于青海大学和长江大学哪个好，你度娘一下就好了，不过就我个人看法，内地经济发达地区的大学要比偏远地区的大学更有利于就业和发展，毕竟需求在这。 我复读过一年，所以明白你的心情，一方面觉得自己能力是有的，下次一定可以考好，另一方面又羡慕你的高中同学他们比你早一年接触大学，早一步步入社会，而且你担心第二年又考砸，对吧? 其实，只要想学，不管在大学里好好深造，将来保研或者考研到好大学，还是说复读一年考入好大学，都是不错的选择。至于你说的好多企业看重第一学历这个观点，你完全不用担心，哪那么多吃饱了撑的老板关心这个，有高学历还要有能力，这个最重要哦~ 现在说什么都是虚的，知易行难，知行合一才是硬道理，加油，follow your heart~
青海大学，内蒙古大学这些政策性211真的不如一线或者准一线城市的普通一本吗？,这个是肯定的，你选的没有问题，这是为了她好，以后还要考研的，211的平台有优势，同时你说的也对，因为地区偏远可能眼界思维达不到北上广的，鱼和熊掌不可兼得啊。
说到青海人，你们的印象是什么？,      我给大学同学说，我是骑狼来学校的，我们青海的孩子十八岁的时候必须独自猎杀一只狼，居民区都是大帐篷，过年不放炮都是扔手榴弹，然后从大一到大二帝都的小朋友一直深信不疑，到大二最后一个学期的假期，他们组团来青海骑狼，一切才真相大白。   说一个好玩的，一个江西的童鞋和我相处了一年多，在大二的时候问我，青海是物物交换吗？我一脸淡定的告诉他，是啊，我的学费是拿家里的羊换的，她一直当真。      大一第一学期十一放假，特别想家，买了火车票要回去，室友问为啥这么急要回去，我开玩笑说家里有好多羊，没人放，只能让我回去放，室友直到大二还以为我家是放羊的。    妈妈是河北人，爸爸是青海人，每次打电话先和妈妈说普通话，然后爸爸说青海话，说青海话的时候，他们一直以为我说的是日语，大一的时候室友曾给别的宿舍的说别看他英语不好，他日语说的可好了，当然到大三的时候他们已经可以拿字正腔圆的青海话和我对骂了。    我们这个专业只有三个青海的，基本我们三个一串供，说青海是啥就是啥，曾骗我们楼层的一个孩纸告诉他我的外号叫阿大，结果他叫了我一个多星期的阿大，最后别揭穿……他追了我一个楼道……
零经验女生一人骑行环青海湖是否可行？,别太信别人，留个心眼总没错。 旅行时候认识的驴友，如果只是陪伴一两天的话，他们和你交流基本不会透露自己名字，工作，收入等等，最多告诉你哪里人，大学在哪读。大家都是很谨慎的人。 出门在外，对于女性来说最好结个伴。
我是17年毕业生，想去青海大学，不知道青海大学怎么样？,我觉得挺好的，青海大学有几个专业还是相当不错的，并且如果你是南方来的，这面的夏天我认为你会喜欢的
青海省西宁市为什么在整个中国存在感这么低？,直飞曹家堡的机票几乎不打折是困扰西宁乃至青海闻名度较低的主要原因。      -------沃·兹基索德
中秋去青海湖旅游，怎么安排路线，住宿？, 之前写过一篇游记，分享给你~   在微博上看到茶卡盐湖的美照，从去年就想去青海玩了，但限于时间，以及未有同伴一起，直到这个暑假才出发。楼主的出行时间是7月27日到8月1日。带着妈妈与弟弟一起~~   DAY 1 下午快5点时搭上了火车（包头-- 兰州   ），带着一大包好吃的和满满的好奇心出发啦~  住宿 火车硬卧  洗澡 YES  Money 车票670元+食物50元=720元  DAY2 兰州-- 大众巷   --中山桥--白塔公园-- 甘肃省博物馆   --兰州大学-- 兰州火车站   --西宁  早上9点20左右到达兰州，出站口旁边就有寄存行李处，是隶属于兰州铁路局的，比较正规，楼主存了一只中等大小行李箱，晚上来取，只要15元。如果大家把兰州当做中转站的话，非常建议大家寄存行李，逛博物馆爬山神马的拖着一只行李箱怪累的~  1.兰州火车站--大众巷马子禄牛肉面  一直惦记着地道的兰州拉面，马子禄这家是由舌尖上的中国推荐的，网络上评分也很高，楼主下车就直奔大众巷啦~从 兰州车站   上车（火车站的右边），搭6路或9路（途径11站，历时40分钟），在永昌路北口下车，下车走几步就到啦~个人感觉兰州的交通不是很好，虽然城市很大，但车辆行驶非常混乱，路也不好走，到处再修，还是大包头最有爱啦~~马子禄牛肉面在巷子的深处，还需要走一段路程，当你看到好多人在门口拍照就知道是哪一家啦~牛肉面只要7块钱一碗，牛肉8块钱一两，大力推荐哦~排队排了很久，好不容易找到座位后就开动了，忘记了拍照。。。楼上有牛肉面套餐，楼主木有尝试。买了一杯杏皮水，酸酸甜甜的，大家可以尝试~门口有卖核桃的老奶奶，核桃看起来新鲜的很哟~吃过面后记得去隔壁杜记甜食转转，灰豆子似乎加了碱，有点咸咸的，豆子软软的很好吃，甜醅似乎加了青稞酒，楼主不胜酒力感觉不太合胃口。。   2.大众巷--中山桥   带着好吃的，步行 10多分钟，就到了著名的中山桥，桥下就是滚滚黄河水~周围两边的景色很不错，感受下充满历史感的大铁桥，看看往来的行人游客~~    对岸是白塔山公园，免费游览，站在山上，便可一瞰全市景观及九曲连环的母亲河。树木葱茏，非常适合避暑~~    3.中山桥--甘肃省博物馆  中山桥站上车，搭乘137路，七里河桥站（4站）下车（约半小时）   博物馆上午9点开馆，下午4点40清馆，有限人数，上午好像是600人，下午400人。带身份证就可以领免费票，博物馆内扫二维码就可以连无线网络，听语音讲解，简直棒呆~~馆藏丰富，2楼和3楼非常值得一逛，有小孩子们喜欢的史前文明，恐龙神马的，还有丝绸之路和古陶瓷展览等等~~当然，一定要仔细瞧瞧镇馆之宝马踏飞燕，超级小巧一只，精美异常，从前都是在旅游胜地或者课本上看到，这次总算是亲眼所见啦~建议大家浏览2-3个小时~  4.甘肃省博物馆--兰州大学  七里河桥站上车，搭乘1路（10站），兰州大学站下车（大约半个小时），学校必须凭证件进入，所以只在门口照了张相，简单浏览一下，在附近吃了晚餐就离开了~~  5.兰州大学--兰州火车站--西宁  步行2公里，差不多20分钟，直行即可~或者在兰州大学站上车乘131或110或1路，在州火车站下车，只要2站就到~楼主到达车站时间还算比较充裕，在附近的肯德基又吃了东西，等了半个小时左右，取了行李就搭火车了~~   大家如果时间充裕的话，还可以去看看风车博览园，也是当地的特色~~  晚上8点左右到达西宁火车站，西宁火车站非常漂亮，对面就是大大的广场，旁边有公交车站，长途客运站，地铁站，非常方便。习惯了帝都10点多还有公交车的楼主，警觉这边晚上很早就没有公交车了，所以大家如果晚到的话建议打车~~楼主预定的客栈就在东关大街，步行20分钟就到啦~~  住宿 西宁西海驻客栈（订了一间大床房，一个六人间床位，晚上蚊子超多，楼主几乎是带着10多个包离开的，带着妈妈弟弟住青旅感觉快要被打死了。。。但这间客栈地理位置很好，就在火车站附近，旁边有东莞清真大寺，公交车也很方便）  洗澡 YES  MONEY 车票100+食物150元+住宿152=400左右  DAY 3 西宁--丹葛尔古城--日月山--倒淌河-- 青海湖   --盐湖--黑马河  早早在淘宝上预定了包车（紫藤车队，预付200定金），柴师傅早上7点多来接我们，第一站就去了丹葛尔古城，进入古城不受门票，里面有一些小的景点如果想参观的话需要买票进入。街道两边各种小商店，贩卖披肩帽子等等，来这边游玩的游客披肩几乎是人手一条，紫外线实在是强烈，楼主是出发前在网上买的，颜色还不错~  接着就进入了日月山，将黄土高原和青藏高原分割的地方，有一座大大的文成公主雕像。这边爬山还是很累的，毕竟海拔已经高了起来，行动需要缓慢一点，适应一会儿就好啦~草原很美，处处有经幡~~门票40，有学生票~    差不多中午的时候进入倒淌河，这个景点去不去其实并不是很重要。可以体验藏族人的生活与习俗。门票40，买票进入后可以穿藏服，骑牦牛等等。倒淌河传说是文成公主的一滴眼泪形成，中国河流都是向东流，唯有倒淌河西流入青海湖。午餐就在倒淌河附近的小镇吃，是一间川菜店，品尝了爆炒牦牛肉，感觉并不能嚼烂，味道还不错~    饭后开车还走了两三个小时才到达青海湖，远远的就可以望见一条碧蓝色的长带，像是漂浮在地平面一般~~司机没有带我们去 二郎剑景区   或是151景区，人多而且门票贵，我们去了青海湖渔场，好像是由藏民围起来的，可以近距离的接触湖水，happy的玩起来~~门票100~    青海湖畔戏水后，就开始翻越 橡皮山   ，赶往茶卡盐湖~路旁都是盛开的油菜花，忍不住驻足停留~给了藏民20块就可以随意拍拍拍啦~    差不多傍晚6点到达盐湖，司机说近来茶卡盐湖游人太多，湖下的污泥全翻了出来，景色不好看，不太出名的漠河盐湖是一个很棒的替代之处~~   晚上在黑马河吃了炕锅羊肉，里面的土豆超级好吃，应该是烤出来的，一小锅是138元~   住宿 黑马河莲度假客栈（这间客栈几乎是黑马河环境最好的，欧式的木别墅，非常干净，离青海湖非常近，想要看日出的小伙伴可以放心住在这里，放几张图，热水充足，但需要自己装被套和床单，提供免费的司机床，早餐是15元每份，馒头粥和小菜，需要前一天预定）   洗澡 YES  MONEY 包车费用500+门票320+食物350+零食60=1230  环湖南线结束~  DAY 4 黑马河--刚察--湟中--金沙湾--塔尔寺--西宁  从客栈出发，在刚察吃了早餐。  刚察是诗人仓央嘉措的故乡，一个干净整洁的小县城。  湟中的桥下，挤满了产卵的湟鱼，全是从 青海湖游   来的，现在受到了相关部门的保护，日夜都有公安部门的人在附近巡逻，防止垂钓偷窃。  环湖南线遍地油菜花，随手一拍都很迷人~而北线离湖更近，沙丘和草原很美，偶尔的一片油菜花还是跳下去拍了照片~   司机师傅没有带我们去 沙岛   景区，而是去了金沙湾，登顶可以看到青海湖，还可以无限次循环滑沙~~弟弟玩的超开心~~门票30~   小火车让人感受到了扑面而来的大西北苍凉之情~沿途叩首的僧人，转山转湖的藏民，让人深深感受到信仰的强大~~   塔尔寺如果是从西宁市区出发，走高速的话只要半小时就到啦~5A景点，建议大家请个导游听讲解，藏传佛教还是很有深意的~~5点半停止售票，可以5点买票进入，避开游览高峰期，人真的超级多。。。门票80   超喜欢寺院里飞来飞去的鸽子，别有一番风味~~   晚上回市区已经8点多了，环湖旅程终于结束，晕车党表示累瘫了，没有吃晚饭早早休息啦~大家有时间的话可以去莫家街逛逛，司机说那里的马忠师傅店有很多地道的好吃的~~  住宿 西宁西海驻客栈  洗澡 YES  MONEY 包车500+食物80+门票250+住宿150=980  DAY 5 西宁--水井巷--东关清真寺--火车站   水井巷有很多卖藏式小玩意儿的店子，楼主在这里采买了送人的小礼物~~  正好是周五，回民们会在清真寺做礼拜，所以8点-10点是禁止游客入内的，楼主在门口眺望了一下，周围都是募捐的回民，大家也可以略尽绵薄之力帮他们实现愿望~~  中午在白驼退骨牦牛肉店用餐，一级推荐~~牦牛肉店按块算，吃前称重一次，吃完称重骨头一次，计算肉的净重~楼主以为像是小小的排骨一样，就点了3块，还想着不够再要~~端上来的时候真是吓一大跳，一块就有一个成人手掌大小，赶忙退了两块~~烤土豆片也是超级好吃~~大众点评上这家评分可是5星，值得大家去尝试~~  中午13点搭上了回家的火车~~青海拜拜咯~~  住宿 火车硬卧  洗澡 NO  MONEY 车票835+食物150+礼物60=1500   总计 费用5500左右，人均1800左右~  TIPs 一定要做好防晒措施，楼主太懒，只有第一天涂了防晒霜，结果现在被晒成了黑鬼，没脸见人。。。酒店一定要提前一个月预定，青海湖七八月是旅游旺季，订完了住宿的地方就很难找了~~一定要提前付定金，防止临时出BUG，同住的一个小伙伴就有这样不幸的遭遇。。。景点之间的距离基本都在七八十公里左右，自由行很不方便，强烈建议包车，随走随停很方便。青海因为是高原，平日里不吃晚餐的小伙伴建议多多少少吃点东西，不然会不太舒服~~带一些维生素，这边吃饭主要是牛羊肉，容易上火。。。希望这篇游记对大家有帮助，祝旅途顺利~~~   附个链接给你~ 行到山花烂漫处--环行青海湖    
青海人 在外地上大学、已大三。在考研和考公务员之间犹豫纠结、如果要考公务员、如何准备?分哪些?,首先先确定好你要不要考研，如果要考就不要想公务员的事。如果不考研选择考公务员，大四时候开始复习时间就够了，大三还是把重点放在本专业上。 谈到准备公务员考试，首先明确这是个考试，纯粹的应试。然后从积累开始，每天研读一篇申论真题，从抄写开始过度到自己写。对于行测，找出自己的优势，比如擅长数学，那么资料分析，数字推理等数学类就是你保分的关键，寻找更短时间更有话的算法。对于弱项，那么提升的核心就是真题，培养选择的感觉，也就是达到考场上蒙题有感觉。 最后一点，恒心最重要，无论什么事。
谁有青海师范大学空乘12届刘叶的电话不？,我去你咋这么吊 在知乎上找人 我是青海师范空乘系 但不认识他
想请问一个各位，什么地方适合大学生暑期（7月）出游。最好（最好）在青海？, 不请自来啦啦啦     先说青海有哪些著名景点  1 塔尔寺 距离西宁市区40公里，坐公交专线就可以到达 3块钱/人 2 青海湖 距离西宁市150公里左右，有去青海湖的大巴，也可以拼车去青海湖 拼车夏天一般150/人左右 其中晚上可以住在黑马河，可以看星空  3 茶卡盐湖 位于海西州蒙古族藏族自治州 和青海湖在一条线上，理西宁市区200+公里 如果拼车 可以一条线走下去  4 门源 七月初到八月初来的花，可以赶上门源万亩油菜花海 也是青海知名风景之一，但是超级挑时间啊 5. 祁连山 也是非常值得去的景点 天境祁连山脉，可以看日落   一般还可以去甘肃的一些地方 张掖七彩丹霞 敦煌莫高窟   路线要取决于题主想玩几天，主要想去哪些地方玩，还有怎么玩。  我贴一些包车一般走的路线，因为这是目前比较成熟也比较方便的一种旅游方式，一般来玩的都会包车的，如果自己找一定要找正规靠谱的车队 。这个我可以向你推荐。  青海敦煌七日大环线         第一日：西宁—塔尔寺—拉脊山—日月山—倒淌河—青海湖—黑马河 （宿）         第二日：黑马河—茶卡盐湖—德令哈—可鲁克湖—大柴旦 （宿）         第三日：大柴旦—当金山—阿克塞—玉门关—汉长城—雅丹魔鬼城—敦煌 （宿）         第四日：敦煌—莫高窟—鸣沙山月牙泉—沙州夜市—敦煌（宿）         第五日：敦煌市—嘉峪关关城—长城第一墩—张掖七彩丹霞 —张掖(宿)         第六日：张掖—扁都口—俄博丝绸古道（俄博镇）—阿柔大寺—祁连县卓尔山—祁连县 （宿）         第七日：祁连—祁连草原—岗什卡雪峰(远观)—门源万里油菜花—大坂山观景台—黑泉水库—西宁     如果你有六七天时间，对敦煌莫高窟壁画感兴趣，那可以考虑走这个大环线，2400公里可以阅尽西北美景 ~。  当然，也一定要记得在西宁留一天的时间出来吃吃吃，我觉得每次出去玩能记住的，美食一定是不可或缺的一部分 。所以可以留一天来吃吃青海的美食，还可以去东关清真大寺参观一下。   预算这一部分.. 也还是需要按照你的玩法来决定的，所以不好妄下定论，不过你也可以根据你的行程，私信我，我也可以帮你大概算一下（如果信我的话)    需要注意以下几点： 如果体质不是很好，担心自己身体高反的话，就提前（一定是提前一两周）吃点红景天 药店一般有售，然后带好感冒药，防患于未然。基本上没什么问题。  小仙女们，一定要带防晒啊，一定要防晒指数高一点的啊，一定要带好补水的啊，青海的艳阳天真的不是盖的啊，我只要在青海待几个月必黑好几个度啊，虽然也不白。   务必带厚衣服 就是那种防风衣外套啊什么，我知道你们是暑假来，但是答应我，别嫌重，带一件吧 当然，为了拍照美美美，什么红裙啊大檐帽啊之类可以凹造型的也别忘记呀。 还有鞋，高跟鞋什么的不建议，平底鞋运动鞋最好  大概就这么多吧，如果还有什么问题，可以私信我，我都会解答哒  
在青海油田第一中学就读是一种怎样的体验？,谢邀！这个问题有点宽，容我慢慢捋捋。  最有才能，上进和自立的年轻人往往离开了家乡。留下来的少数有才能的人在孤独而一筹莫展地发展着当地的文化。在中小城市，青春意味着低价值，青春意味着焦虑，青春意味着等待，青春意味着没有权力，青春意味着有限选择。  前面这段话节选城市画报杂志265期，就顺着这个往下说吧。也是自嘲。  在学校的体验，大多时光还是开心的。压力不大，在学习上不太认真，每天上课随便听听，偶尔睡睡觉，最后也蹭到了二本线。分数线蛮低，教学质量没有那么好。----这样说并不是黑吧，后面会写。  无论是自嘲还是真的那么认为的，油田中学总有人会说:学习顶个球用。事实是，学习有的时候反映了一些方面的能力:思维，逻辑，组织，语言等等。而在质疑很多老师教的不好的时候，老师会回答:是金子总会发光的。这边老师有好的，但也有极水的。  当我经历了学生时代，去过很多地方，想来“是金子总会发光的”这句话太有欺骗性，现实是环境往往更重要，“桔生淮南为橘，生于淮北为枳”更好的环境能给你更丰富的物质生活和精神体验，事半功倍。环境的重要，更让孟母三迁，甚至有俗语“穷乡僻壤出刁民”。常有人宣扬读书无用论——其实读书，看世界好有用的！再后来，在大学开始看看书，走走外面，也算有些收获。   想来，是金子总会发光的这句话也很坑人。毕竟金子的作用不是发光啊！所以后来大学很好，专业不是地质石油类的人，回来上班混的都不太如意。是金子等来的不是发光，等来了低薪廉价的招工...  继续说分数线和教学质量的话题。我那年高考还挺坑的，当时一是沉迷摇滚乐，想做个音乐拯救世界的中二少年。二是平时成绩不错，一模二模的时候，试卷泄漏，边缘人如我一无所知包括这件事和试卷答案，模拟考试考得名落孙山。导致我心态完全爆炸  反正铁了心玩rock，高考对我来说反而来的痛快，坦荡。考完后，发现成绩还算如人意，家人让我学地质...好像岩石的英文也读rock，就是后话了。总之经历这些，我发现分数线是不高。问家里有个学霸姐姐，怎么考一本的时候，她会回答不算理综就考语文数学英语，三门130+，一本，她可以...当然我这么问她，有受虐抖m潜质。只是举例，其实抖s  对了！那年有个恶心的文章，全国二卷到处是血。我很不解别人分享就分享，你这种得了地区福利的人瞎分享什么啊。有兴趣指不定可以百度出来该文  教学质量的话，上面有提到更好的环境会提供更好的各方面资源。所以那时候很讨厌外地的学生，突然转学来这边，一下成了超级学霸。现在倒也可以想通了，没那么讨厌了。----题外话是，成都姨妈家有个妹妹，可以这么做，但他们没有。姨妈很正经的说，靠自己本事，不要占别人名额。嗯，我还是佩服我的家人。  现在更讨厌的就是油田中学的一种模式:虽说总体教学质量差，但也有一些教得很棒的老师！但他们总是没教几年，就会去从政，当个校长什么的。但在他那个领域，一时半会在没那么好的老师了。也是让人可惜的。  再说点刻薄的，小城市的话，学生的父母很可能并不比学生聪明，他们所谓的经验总结和人生智慧可能错得离谱。想想班里不学无术混帮派、热爱综艺节目和偶像剧的白痴少年们，很多人父母从前也像他们一样。他们只是混到了这个年纪而已，并没比十几岁时有多少长进。老师同理（当然我说的是教育，不是教学，教考）。——教育当然是比财富，然而不高明的教育也许是负资产。   总的来说，体验就是: 压力小，很开心，好耍。教学质量低，分数线低。毕竟承载了几年的青春，还是爱他的。因为爱，才会把现实写清，把体验说透。哪怕露骨！  另，附图:你们要的学习顶个球用----我并不赞同    学习真的好有用，看世界的方式会不同，会有新的花花世界，待大家走出去！----这张图是我拍的，较渣。不好意思啦。  之前玩知乎，回答问题一直匿名。这次的回答，吐槽略多有点爆炸。不过，并不打算匿名了。面对疾风吧！
石河子大学、青海大学、宁夏大学、新疆大学、内蒙古大学、兰州大学哪个好？,这是我看到的知乎上黑兰大最狠的问题
青海大学这种211有没有报的必要？,有了哇！
是选择青海大学这样的211还是选择上海较一般的大学？,上海
青海大学2016届的新生，想转专业，请问该如何操作？,你去学校官网教务处看看关于转专业的具体流程，然后按流程操作就可以了。 一般来说有的学校是在军训期间调整专业，有的是要在大一期间参加考试后转专业，每个学校的要求不一样。具体情况具体分析，一般来说转专业还是挺容易的
打算国庆长假去青海，求好心人提供实用攻略？,记得我去青海还是在我上大学的时候，那个时候正值暑假，临近毕业，想来场一个人的旅行，出于安全考虑，就报了一个小团，开启了12人的公路旅行。  有多少人，为了那金灿灿的油菜花而去的，而我也是其中一个，不过相比油菜花，满天的星星和那宁静地没有一丝波澜，好似蓝宝石般的青海湖给我留下深刻的印象。如果再次出发，青海湖一定要再去感受一下。     如果你选择自驾游去青海，可以去感受一下睡在青海湖边上的藏民家里，青海湖走几步就到了。青海湖的日出不可错过，湖面在晨曦的旖旎中带着少许色彩，走在青海湖边上，看着水面，放空自己，什么都不想，就这样，静静的感受大自然的魅力，自己的内心也可以得到放松。如果运气好，晚上可以看到满天的星星，密密麻麻铺满整个天空，这样的星空在都市中已经看不到了。那个晚上，我看到了星星，看到了北斗七星，看到了银河，看到了流星雨，也看到了红月亮，在那一刻，内心得到了满足，就算别的什么都没看，这次的青海之行也值了。青海的温差比较大，我是暑期去的，需要带上厚衣服，羽绒服没带真的冷的我整个人都是懵的，你要国庆去的花估计更冷，保暖的衣服多备一些。青海的紫外线强，防晒也不可以少。     此外，祁连山的景色也是不错的，茶卡盐湖被号称天空之境，但是我没去，看到像网上那些照片的时候太少了，运气大爆发，也许可以期待一下。如果想去祭拜一下，塔尔寺要去一下，可以感受一下，这是一个特别神圣的地方，可以看到很多心怀信仰的祭拜者，另人佩服  张掖丹霞地貌据我朋友说，特别美，由于时间关系，我没去成，有机会可以去感受一下。
甘肃电网，青海电网，西藏电网，去那里工作是不是基本就是一辈子了？,这三个地区在中国的地位你也清楚，他们在国网的地位也大抵如此。你也没有说明是去这三个省区的省级电力公司还是下面一级的电力公司，也没说你是哪个大学的，老家在哪里？所以也不太好评论。如果家或者学校在这三个地方，那自然是可以的。如果不是，我劝你还是慎重。 电网公司的福利待遇是很好的，尤其是艰苦地区的补助什么的，能让你的收入比同期毕业的同学们高出一大截。只是一旦你进入了这个工作圈子，在当地过中等偏上的生活，你就再也离不开那个地方了。如果你家是东部沿海地区的，除非是体验生活，否则不建议去偏远省份。因为你最终还是辞职。  当然，没有一个工作能把人绑死，你如果干几年积累了经验，利用国网招聘的机会平移到其他省区，也不是没有可能。只是，理论上可能。因为你干得好，你的顶头上司不会让你走，国网公司自然也不会调动你。加上你没有够硬的关系，一辈子呆在那些地方的机会很大，当然如果干得好，可以混到一定的职务。 如果你干几年辞职出来，也就是基本和电网系统无缘了，国网公司不会招聘辞职的员工，南网能不能进我不清楚，不过困难很大。可以去一些设计院（仅限硕士）或者满意地区的电厂，或者类似的设备公司试试。  不记得在哪里看过一句话“高考填志愿、毕业找工作、谈亲找老婆”这三件事，基本上决定了一个人的一生。你选择的不是工作，而是你后面五年、十年甚至后半生的生活，不要看那些大牛们洒脱的人生，想走就走，普通人玩不来。
六月底想去大西北 青海湖茶卡 张掖 嘉峪关 敦煌 西安。有推荐路线 和需要什么装备 ？ 坐标杭州？,证明自己去过大西北的人，发篇游记  先来张照骗 对于山东妹子来说，真的是第一次看到沙漠，哇，好兴奋。我是一个人去的沙漠，在中卫的沙坡头，也是爸爸去哪儿的拍摄地，由黄河区和沙漠区，个人喜欢沙漠区，毕竟没有见过这么细软的沙子。 偶遇两个成都小美女，帮我拍的照片，红纱巾也是借她们的，毕竟人美怎么都好看哈哈哈  在沙坡头住了两天，附近都有民宿可以住的，不过价格可能稍贵，我在亲戚家住的。临走的时候拍的照片，爱死母亲河了好么……   然后第二天一早从中卫战到了兰州，兰州交通比较便利，兰州拉面真尼玛好吃，须留须留的感觉……想念的味道，此时还蛮想来上一碗的    在兰州的水车博览园玩的羊皮筏子，在沙坡头也有，不过下雨天没玩成，一直想体验一下，听姨夫说兰州也有，刚好中午没什么人，小哥拉着我一人坐的，摸了摸黄河的水，辣么黄？竟然还有人在里面游泳，在下也是醉了       第二天抱团去了青海湖，想说真的不要抱团，完全购物团嘛，不过不用太操心食宿问题，个人情况自己选择，个人比较喜欢自己游来游去比较自由，毕竟这个要分个人情况而定……           公路照差评，毕竟抱团的都是阿姨级别的     青海湖是自驾者的天堂，可以到西宁以后租个车，后来在火车上遇到一个大学生说两天只要600块，本地人带领能玩的非常尽兴，而我，在青海湖只玩了两个小时就要赶路了，去的时候天气挺阴的，拍的照片也没有很美，还好还好，留有遗憾，下次再见     一碗羊肉泡证明自己来过西安，真的是吃货的天堂好么，？    ^_^好不容易碰到的，橙子姐推荐过的酸梅汤    好吧，西安呆了两天，饱饱的去看了大堂芙蓉，门票小贵，可以看戏可以逛逛园子，毕竟比较撑     来去11天，还是挺累的，不过开心。难忘的旅途，可能见惯了南方的小清新对于西北的辽阔与豪迈真的情有独钟，比心。下次还想见见你
在青海大学上学会不会有高原反应？,我也是在盆地长大，前几年去青海湖玩了一圈，严重高反，当时心里想的是 我要回家，我不想死在这啊！
青海的姑娘能有多好看？, 别的不说，上大学以后听身边同学说的最多的话就是，你们青海人都这么白吗？你们青海人皮肤都这么好吗？  我：？？？？     [可能真的是因为在我这所大学读书的青海人都非常白才让朋友们认为青海人都很白] 
本人青海大学水利水电女生，大一。想知道女生以后在这个专业的发展情况？,你自己喜欢就好了，毕竟没有几个毕业了之后工作是和自己专业对口的
山东财经大学和青海大比谁好，？,谢邀。 这两个学校的选择，我感觉有两个因素你需要考虑。首先你是什么专业？如果是通信工程的话，我建议去青海大。因为我是山东人，我知道山东考生的竞争激烈程度，同样的分数，你报考外省的学校和报考省内的同等层次的学校，被录取的几率是相差很大的。而且青海大是211学校，请不要说青海大是末流的211，不知道瘦死的骆驼比马大吗？不知道考研的时候有些好学校默认只招收211学校的考生吗？不知道找工作的时候有些公司 非211 211 985工资分三个层次吗？所以把台阶提上去，对自己以后的发展有很大的好处。另一方面，通信工程的专业你考个财经类的学校？你是想去打酱油吗？为什么不换个学校～杭电 桂电等都是很好考的 电子类学校啊。 第二，如果你是财经类相关的专业，我感觉能考上山东财经大学的，就能考上外省更好点的财经大学。我不是说山东财经学校不好，我知道他财经类很牛逼，但是录取分数，我印象中挺高的。 总之，如果是山东考生，我不建议报考省内的学校，不是省内的学校不好，只是自我感觉考生太多，而且山东人都恋家，把在山东的机会留给那些哭哭啼啼的小女生吧。哈哈，这么大个人了，这么大的世界，出去走走多好。难道要上20年都被困在山东的学吗？
如何看待青海大学格日力教授获得全球唯一基础医学科学奖？,二十里铺到青海大学南门，十几分钟，还迅速出动。我也是醉了，你们是骑自行车来的吗？
准备去青海民族大学读书，但是看网上的评价都说这个学校不好，我准备读统计学专业，请热心人给个中肯的意见？,作为民院统计学的一小只可以诚心告诉你如果你是南方的就不要来这里，老师人还是不错的但是教的东西有点水你想深造需要自己另外努力，统计学前景还是不错的，每天跳锅庄完全是被逼而且下学年我们又要换一个舞了，是完全鄙夷新生群里说不要说学校坏话的假学长学姐，真心劝你重新考虑
想回青海读青海民族大学的会计专硕，想问问在校生学校的这个专业怎么样？学校有没有什么机会可以出国？,学校很差劲，说差劲也是有原因的，虽然在学校没受过什么处分，也顺利毕业，但是这个顺利由如履薄冰来总结，第一，老师说什么就是什么，不要挑战老师的权威，包括学习上的。第二，个别也有好老师，但是在学校除了好一点的老老师外，混的都不是太好，都是阿谀奉承的小人当道。第三，有点社会的感觉，如果你不送老师礼物，就是没有机灵劲，老师就会处处针对你，恶语指向。第四，这是个四级证与学位证挂钩的学校，前些年，一个女生考试作弊被发现，被老师逼的跳楼自杀。老师会动不动各种理由劝退你，逼你退学。对他们来说，教育不是关键，而是在于吓唬。第五，几年读下来，很多学生的性格里都有怯懦的表现，包括我自己，看到以往的老师，学校不想看，老师不想打招呼，原因只在于一种心底内产生的恐惧。第六，最近这几年，学校确实在环境上有所改善，但是，老师的整体素质一般，尤其在对学生的教育方式上，还是像高中老师那样苛刻，你说严师出高徒，但是老师手里所谓的好学生都是与他关系好的，跟他关系不好，即便自己努力，老师也很难认可你，可是毕业后，好学生实话混的都比以前所谓的“差学生”差，原因自然明了。第七，如果你还想学点什么，对自己负责一点，最好不要进这个坑，因为你会后悔的。
在青海大学上学，五一三天想去外地玩，去哪玩比较好？,来八角亭我带你玩
青海大学和青岛大学谁能担当青大之名?,争个毛线争，入乡随俗懂伐？  你要是去山东，就把青岛大学叫青大，你要是去青海，就把青海大学叫青大。这tm不就完事了吗？  同理， 你要是去江苏，就把南京大学叫南大， 去天津，就把南开大学叫南大， 去江西，就把南昌大学叫南大， 去广西，就把南宁大学叫南大，(感谢评论中  @飞鱼   指出，广西没有南宁大学，只有南宁学院，但是南宁学院迟早会改成南宁大学。) 去湖南，就把南华大学叫南大。  同理， 你要是去上海，交大就是上海交通大学， 你要是去陕西，交大就是西安交通大学， 你要是去北京，交大就是北京交通大学， 你要是去四川，交大就是西南交通大学， 你要是去甘肃，交大就是兰州交通大学， 你要是去台湾，交大就是新竹交通大学。  再说了，就连清华大学都有两所，一所在北京，一所在新竹。也没见过两个学校争校名。  讲真，我真不知道校名的简称有什么好争的。矫情。  ————————  我突发奇想，让青岛大学和青海大学合并最好了。青岛大学得到了垂涎已久的211身份，青海大学则得到了一系列牛X闪闪的院系和师资。
青海，宁夏等地的高考分数线远低于全国各地，这种政策公平吗？,        作为一个经历了2016年高考刚刚步入大学一年的青海本土孩子，有些感受我必须要分享一下：         我在青海的某个小城市长大，在我们当地最好的高中里名列前茅，但高考发挥失常，没能过600分（理科），现在就读于某高考大省的一所985高校。 我心里非常清楚我的分数和同来我校读书的其他省份孩子们的有多大的差距，我从不向别人说我的成绩，因为我知道我的山东舍友比我高出将近100分。 山东学霸是多啊，不过可能正如我舍友所说的：他们其实是应试能力比较强。而这种情况的出现必然离不开当地的教育水平。而反观我们青海的教育呢？老实说，师资力量非常不够雄厚，而且在整体的环境氛围影响下，我们的水平发挥就这样受到了限制，我们的努力也仅此而已，也就是我们的家长们经常说的一句话：青海的孩子们在青海就是没有被激发出潜能。我觉得很对，在那样的环境下，考出那样的分数已经是当时的我们所能达到的极限，分数线低，不是我们所能控制的，这是被我们从小到大所接受到的教育所限制的。         关于公不公平，你听我说就知道了。拿我自己来举个例子，我所在的专业招生时是按照大类招生的，也就是说大二时要根据大一的成绩来分具体的小专业，最近刚刚分了专业，我如愿进入了这个大类里最好的也是我最想去的专业。如果当初并不是大类招生，而是按高考成绩招生，我肯定没法进这个最好的小专业啊，但是现在按大一成绩分专业，就是给了我们这些高考分低的孩子们一个和高考分数高的孩子们公平竞争的机会，来了大学，接触到全新的课程，我们处在同一水平线上，我一个青海的孩子能够考进这个专业，你还能拿我高考的成绩说事吗？          所以说，青海的分数线低，分数低不是我们本身能力的不足，而是教育水平和环境的影响，700分的山东人和600分的青海人进了同一个大学的同一个专业，但是这个600分的青海人如果一直生活在山东，他的水平也就是700分啊。所以，你们要相信，一切政策的设置都有它的合理之处，我们分数线低，但我们和他人在同一环境下比较时，也就体现了公平。
如何评价青海省2017年高考加分政策？,不知为何，我真想去内地上学。 1，关于加分，emmmm有农村户口加分，藏族加分……以及一堆 2，还有一堆高考移民，他们一回来完全被碾压！我们能怎么办？!无奈……谁叫我们没钱呢。 3，前年我哥想报某985大学一个特别好的专业!不招青海的学生？！wtf？我哥快要砸砖了好伐？我想学钢琴专业，走音乐院校的话只有两所音乐学院，川音和西音。走师范学院，便只有陕西师范，青海师范，和……emmmm西南大学音乐系？还有几所什么海南音乐学院？wtf╭(°A°`)╮ 我也有放假一天八小时练琴！我也有四岁开始学琴！我没比别人少努力！我也很早就放下考级那些虚架势认认真真攻弹小三门，和各种曲集。我哥也没有少努力啊，他认认真真刷题，认认真真参加竞赛就为了高考加那么几分，可是人家学校根本不care你的好嘛？上海音乐学院？不招收青海学生，星海音乐学院？不招收青海学生，那我走师范总行吧？华中师范大学？好嘛，，来参加校考，高考在考上他五百分……我无fuck可说。好吧我就这样了，只是觉得我哥可怜了，如果他生在外地，在外地上学，参加竞赛，或许就不是这样了！  于是，想去内地上学，内地高考，可以报自己喜欢的学校，我们也是一样努力！一样勤奋！为什么没有更好的教育资源？加分？就算加了几分，学校也不会要你的吖，就算没有那几分，我哥一样能考上那所大学！但是如果是在内地，或许他就可以报自己喜欢的专业，实现自己的理想了，我……无所谓了。现实就是这样，我已经没有一天练八个小时了，以前即使上学我也会坚持一天练两个小时琴（下午五点放学，加上到家吃饭，然后练琴大概八点半，不吹不黑，我觉得曾经的我为了梦想够努力了，emm，当然只是自己认为，不吹不黑）现实总是这样骨感，我不想考音乐系了。   我记得上高一的时候，一个北大元培学院的老师来支教，我俩聊的挺开心的，猛的聊到理想，我说我想学天体物理学，（这……理想为啥这么多变，说来话长…主要高二分班我妈为了我考音乐把握拽文科班了，，我当时和我妈吵了一个假期，，后来怎么屈服。。我也不记得了，反正后来一心奔向钢琴了。）那老师够残酷的！他对我说：“天体物理这种东西，你当做兴趣还是比较好的，青海这地方，说真的，除非你去西宁市，不然光靠那些科普书，即使你考上了，上大学也吃力，实在不现实。”好吧谁叫我在青海呢？无话可说。  我怎么看？有人愿意换一下嘛？你来享受这个加分制度，我去你那里上学。 这样人生肯定还会不一样的吧，但我肯定会回故乡的，毕竟这么荒凉的地方，只有我们这些故乡的孩子愿意回来了吧，我不想让我的下一代像“我们”一样，徘徊？亦或是“享受”一种不公？还是希望祖国早日实现先富带动后富的战略，让家乡的千万个“我们”可以实现自己理想，发挥自己的价值。  以上就是我的看法，一个高原孩子的看法，最真实的体验。  匿了。
七月去青海湖旅游好吗？天气如何？七月青海湖油菜花开得好吗？七月份去西宁青海湖旅游穿什么衣服合适？,刚从青海回来的女大学生一枚 青海真的是一个七月必去的好地方 我们这次同行的朋友中因为有个青海本地人，所以免了好多无谓的冤枉路和费用，所以出去玩如果能找到这样的朋友那也是杠杠的 总共玩了三天，第一天是青海湖，我们是租车，虽然贵点，但体验贼好，一车子闹闹腾腾插科打诨别提多棒了。去青海湖的路上经过原子城，进去感受了一把伟大的祖国母亲曾经经历过种种磨难后还能涅槃重生赶英超美的英雄气魄。建议最好在原子城附近吃饭，到了青海湖那边也没啥吃的，而且贵!我们去的那天本来说是要下雨 然而并没有 天气好的吓人，有点云，低低地塌下来，绝逼美。   此处注明一下，多选图均未使用滤镜  一路上骑行的人也挺多，也有小孩子，很佩服他们的勇气与耐力，想要抓拍一张，还被朋友嘲笑技术，艾我的小暴脾气就上来了   还不错吧，原生态没有旋转截图编辑什么的略略略 先是能看见一片沙漠，死亡的颜色，慢慢就出现过度的生机蓝，之后车头一转就是一片又一片的油菜花田，黄澄澄的油菜花，哈哈用到了小学的adj，远处是青海湖的湛蓝再远就是天空的天蓝，从未觉得这三种颜色的拼接可以这么自然   然后就是青海湖了，除了水还是水，水啊水    用个墨镜做到的还不错 之后我们就在一个忘了叫什么地方的地方住下来，青旅，一个屋子里满是叽叽喳喳的热闹，关了灯还一直闹腾到凌晨一两点，讲个恐怖的事吧，从前有个鬼...   无下文，这也能吧某人逗笑，槽点... 第二天五点爬起来不洗漱就出发去看日出，哦对，那个攻略说去青海穿红裙子 什么的，出来不弄死你，简直了，去青海一定一定吧秋衣带上，短袖长裤一身潇洒的我被冻成狗 ，跟同学借了外衣再没还过，记得第三天下雨时的温度 7度! !  wtf ?我们可是热到上热搜的城市你告诉我七月七度，呵呵  总之出门在外保暖很重要，当然我是一个不要风度的学生党，那些耐寒的妹子们请随便穿 日出还是很美的，让同学拿我的手机拍日出拍到胳膊断还打了石膏呢   回来后下一个地点就是茶卡盐湖啦我一直想去那里拍拍美照，镜子一样说不定还能跳起来或者来个上下颠倒难分真假的动图也行啊，结果去了之后wtf!!  水能淹到小腿肚，还是靠岸近的，说好的跳跃旋转呢，只能在水里站着拍几张强颜欢笑情如旧，萧疏鬓已斑，一直跟着输入法按出来的句子还不错哈，就不上照了，你可以的话，冬天水结冰了穿个大红裙子去贼美，夏天可能是太热了水都没凝固或是气压低凝固点变高? 最后一天去门源，哦呵呵，瓢泼大雨，瑟瑟发抖躲在亭子里听下雨的声音，对七度，能套的东西都套上了还在做简谐运动，淋雨爬了个要收费的小坡坡，看了一下黄黄绿绿的油菜花，感觉还没去的路上的好看，下了坡坡后雨就☔停了，神tm.无奈回去的火车在下午四点，这么冷杂办捏，六个人在童话旅游公主 车上打了仨小时扑克，不亦乐乎，坐一个小时的动车来门源竟为了干这种事，这个标题不错   看远处山，还挺美 然后就打道回府，吃吃喝喝散了场，贼爽  唧唧歪歪写了一大堆，也不知道有没有用，随便看看吧，不是旅游达人也不是什么博主，就是胡扯
青海安普生物科技有限公司适合普通（大学生）人运作吗？？,朋友你好，一个新的事物出来建议先做一个了解看看是否适合你自己，           然后在考虑是否去从事，你说是吧，        你布防白度——心行老师，       他也许会帮助到你，祝你心想事成
青海民族大学法学院咋样。。有来聊的么？,虽说我不是法学，但民大的法学真的不错。
在青海和西藏地区高考是怎样的一种体验？,知乎首答。 利益相关，青海2014级高考生。 先放两个笑话 　　&gt; 你是青海的 ？" 　　“YES”! 　　&gt; "哇..好远哦...." 　　（沉默中........） 　　&gt; "青海解放没有？" 　　"没有，我们上课的时候都带着枪" 　　&gt; "你原来会说汉语~!" 　　"恩，来的时候在火车上刚学的" 　　&gt; "你的很多小辫子呢?" 　　"为了上大学只好剪掉了!" 　　&gt; “你们还吃生肉吗？” 　　“我们老大发明了燧木取火，我们吃烧烤，” ...... 　　&gt; "你是青海人啊？" 　　"是啊。" 　　&gt;"那太好了，下次我去拉萨旅游，就住你家了啊。" 　　"……没问题，不过我家离拉萨稍有点远。" 　　&gt; "那你们怎么来上学?" 　　"骑驴到北京后坐飞机。" 　　&gt; "那一定很久才到吧? 　　"习惯了，提前半年出发就行!" 　　&gt; "………………！ 　　&gt; ”怎么不骑马呢？ 　　"在青海，骑马的都是穷人干的事情，像我们考出来的，都是骑骆驼和驴的。然后青海没有高考，考试都是比赛射箭，一公里以外摆个牌子，写上"清华"旁边放一个"北大"然后一个人有三次机会，我第一次射清华，第二射北大，都失败了，最后为了保险，射了最近的一块牌子，就是这个学校. 　　&gt;"你们那用人民币吗？" 　　"不用，考上大学以前，我都没听过这回事." 　　&gt;"那你们不买东西吗？" 　　"我们看中别人什么背着羊就去了，羊当钱使！" 　　&gt;"快过年了，青海让放鞭炮吗？" 　　"谁还放鞭炮啊？我们都扔手榴弹玩！响动大~喜庆!       看到上面这两个笑话就知道，对很多外地人来说，我们这边好像是荒蛮地界，原始社会。虽然我们大青海没有那么原始，我们也参加全国统一的高考，但我们的基础教育和发达省区有很大的差距，而且高原上真的缺氧很严重，这对我们的学生学习知识有一定的客观影响。除了西宁市的几所好学校，其他州县的学校教育水平和发达省区学校差十万八千里，真的一点也不夸张。就我所在的高中来说，它是一所州县的普通高中，今年高考很简单的情况下，全校只有十几个上了五百分，上一本的也不多，不超过五十名吧。（大概有六百多人参加高考） 因为从小接受的教育水平有限，能考上一本也是很费力的，虽然一本线基本是四百分左右…模拟考试有很大一部分人考两百多分的样子。  说体验的话，和其他地区的考生相比，我们的升学压力更小一点吧，但一般到大学里面，成绩最差的几乎都是我们青藏地区的，不是不学习，是本身的实力差距太大。  另，这里要为我的家乡正名一下。每年高考分数线出来的时候有很多人吐槽我们这里的分数线，说要是在我们这儿考会怎么怎么样来着，但说实话，这样的分数线是因为教育资源实在短缺，而且高原气候恶劣，氧气稀薄，基础设施很不完善…这些客观条件是无法避免的，影响也很大。如果你也呼吸着稀薄的空气，偶尔还会缺氧，导致心脑血管不太健康；如果你也能顶着强烈的紫外线，脸上被风侵蚀出两朵高原红也不在意；如果你也只能听到普通话都说不好，专科毕业的老师给你讲课；如果你连高中家教都没得请，疑惑的问题有时候连老师都无法解答；如果你所在的地区最好的大学图书馆里面连一本普通的专业书籍都找不到；如果你还生活在长期的核辐射下（这只有我家这里，原来的无人区，中国的第一个核武器研究基地）；如果你周围的同学突然某一天消失了，说要去结婚（这是我一个朋友告诉我的，她高中在我们省最好的学校里读）…如果在这样的条件下，你还能考出那么高的分数，请再来吐槽，再来假设。 但这些吐槽，假设总归是说说而已，总好过那些真正高考移民，看看过去那几年，我们的高考状元很多都是高考移民，他们强占了我们的资源，我们的名额，让很多在这样恶劣环境中勤奋学习的孩子失去了名校的机会。那个叫什么邵夷贝的就是我们那高考移民的例子。 现在还有一个群体，叫做回宁生，指的是有青海户口，在外地受了教育之后回青海高考的学生，这些人中，有一部分是从来没在青海生活过，但父母在青工作，有青海户口的，还有一部分是青海本地的孩子，在初中或者高中阶段，通过一些外省学校的招生考试或者外省教育支援的名额到外省读书，回青海高考。青海本地的考生也遭受着来自这些人的压力。  大概就是酱紫，想到了还会来补充。
兰州，青海湖，门源，茶卡盐湖怎么走最顺路。？, 正好前几天刚刚去了楼主说的几个地方。就简单说一下我们的行程~  总共有4天时间，因为飞兰州机票便宜所以就先到兰州了~  day0:兰州火车站附近住下。  day1:兰州一日游，黄河母亲像、水上清真寺、羊皮筏子、白塔山、甘肃省博物馆、兰州大学。  day2:兰州乘高铁到西宁，西宁高铁站租车，沿青海湖北线环湖，晚上到黑马河住下（为了第二天早上能看到美丽的青海湖日出）。  day3：黑马河看日出，10点左右开车到茶卡盐湖，然后下午就沿青海湖南线回西宁。大概晚上19:00多就到西宁市区了。  day4：西宁8:00的高铁到门源。火车站门口包车（200块5个景点）游玩门源。下午15:48的高铁回西宁。  首先day2我们大概11点才在西宁高铁站租上车（丰田凯美瑞，500块一天含保险），一路上慢慢开，中途还去了鸟岛玩儿了大概2个小时，晚上天黑的时候约9点就到黑马河边上了。其实一路的路况非常好，景色也特别美，时间完全来得及。  其次day4在门源包车特别合适~一来呢是便宜，二来呢，师傅路线熟，节省时间，三来去看雪山和达坂山有山路，师傅开的话也放心。有师傅开车，自己还可以随时拍照看风景，太幸福了。途中跟师傅聊天也特别有意思~深深感受到国家对少数民族的政策特别好，牧民们也是相当富足。   
如何看待西藏青海新疆地区高考分数线？,如果少民都考不上大学，怎么在文化上同化他们啊？会越来越隔离。如果少民接受了汉化，更和谐啊。衣食住行，文字，价值观，都有助于民族融合。或者直接把少民打散到各地，这个太暴力，通过上大学就业的方式，让他们融入到各个地方去，这就是文明的进程了
如何看待「环青海湖自行车赛」 冲刺阶段，行人横穿马路导致大面积摔车？,看到这样的意外实在遗憾和震惊！！！        上中学的时候是首届环湖赛，作为青海西宁长大的孩子，在西北经济欠发达地区能举办这样规模的赛事实在是新鲜、高兴、骄傲，要知道这是国内首个级别这么高当时新闻报道说媲美环法的赛事，真的相当骄傲，以致大学报考了体育院校，毕业论文写的就是有关环青海湖国际公路自行车赛的研究。毕业后在一家体育用品公司做赛事营销相关工作，有幸第一次参与的就是自行车比赛，期间参与了环北京/环太湖等赛事。自认为对自行车比赛有一定了解和认识的，对于这个事件应该认识也比较深刻。        先说说环京赛（全称环北京职业公路自行车赛)/环太湖（环太湖国际公路自行车赛）/环青海湖这三个赛事大致比较：环京赛与环法自行车赛同级别的国际自盟(UCI)最高级别赛事，也是国际自盟世界巡回赛在亚洲的唯一一站，2011-2014目前已经举办4届，15年开始赛事已经取消，不再举办（我猜几点原因：1北京太堵，环城赛太影响交通，因为只要环城道路必定全封闭，人行道比较夸张时是铁码水码广告板三层；2北京空气真的是问题）；环太湖是2010年开始举办的起点是UCI1.2的级别，经过几年努力现在好像批下UCI2.1，级别在国内不算高，缺点在于坡少，路面起伏不大；环青海湖，国内时间最久资历最老，难度和海拔最高的赛事，也是世界上海拔最高的比赛。地理位置是优势，2.HC级。个人认为赛事时间上和环法有冲突多少影响了参赛队伍级别。国内还有环海南2.HC级/环中国UCI2.1.       整体来看环北京是级别最高，参赛队的水平也最高，赛事组委会也相对专业，安保不用说一定是最好的，比较夸张就是围观群众都是专门组织的街道叔叔阿姨和学校学生（我虽然觉得这样不好但真的安全），重点区域一般群众进不来的，前面还提到围栏都是3层。环太湖整体水平一般，不见得有环青海湖好，但因为赛事都在相对较偏的景区或者新区，所以安保不严也问题不大，记者工作人员也都熟悉赛况。      环青海湖，我记得头几年安保相当严格，虽然没有3层码和组织观众，但是城区全部武警，两步一岗。渐渐地当地观众对此热情稍减，习以为常，安保自然也有所减弱。但这并不代表能发生这类事件，有人说这是偶然，我倒觉得是必然。   这张图看出双向车道封闭，警察是在斑马线两侧，貌似没有围挡，安全岛上没有警察。白衣人是从左到右穿行，看航拍视频应该是在安全岛上停留，安全岛还有一名记者和疑似工作人员。没人制止。 赛程还有2公里到终点，已经是第六圈，这个时候所有运动员都在努力加油冲刺，时速应该是40-60公里，非常危险，自行车赛摔跤通常比较惨，有部电影《破风》看了就知道公路自行车多危险了。    有几个问题我想问问组委会： 1.人流较大的路口是否该设置围挡，还是单纯靠人力警力维护？ 2.如果安全岛上是记者拍摄点，那么是否任何人都可以在此停留？ 3.白衣人什么时候上的安全岛，路穿过口是否有警察，警察是否询问过身份？ 4.上赛道的记者/工作人员是否都有专门证件？  有网友说不可能几十公里5米一个岗，没错，但是没人的区域或者有隔离带区域是不需要警察站岗，同时还有开道车和裁判车在前面开路清障。更何况这是离终点2公里的冲刺路段，警设岗就应该更加密集和严格，就是为了避免这样的事发生。正常开道车来之前，警察对讲机都会收到要道路清障的消息，当班警察就必须高度紧张，严禁行人穿行，这次警察也冤也不冤。  另外，有报道说有运动员骨折，祝福，希望不要影响他的运动生涯。。。。。好像不太可能。 赛果变更到还好，影响这一届比赛也还能挽回，这届接下来几天的比赛和组委会公关应该才是难题，真希望不要砸了这么有影响力的赛事招牌，别真毁了青海人的骄傲。
如何区别甘肃人开的兰州牛肉面和青海人开的“兰州拉面”？,7月1号更新 我是兰州人，今年刚高考完，作为吃了18年牛肉面的人来说，东方宫还是不错的，我姐在那边上大学也觉得味道很正。      原答案 上海的东方宫，正宗的兰州牛肉面
青海大学收会计专硕吗？,没有，只有工商管理
在青海读大学是一种什么样的感觉？,大四狗，正值毕业，颇有感触。那就来来聊聊青海，还有青海唯一一所照顾给的211大学——青海大学。这的确不是一个合格的211，甚至不是一个合格的本科院校，但对于其中一小部分人来说，可能是一个很好的平台。  青海一共有八大高校：青海大学及青海大学昆仑学院、青海师范大学、青海民族学院、青海警官职业学院、青海畜牧兽医职业技术学院、青海交通职业技术学院、青海建筑职业技术学院、青海卫生职业技术学院。其中，青海大学是省内唯一一所211，不过这个211的水分就有些大了。就青海大学来讲，从所有的回答也可以看的出来，大家的内心是拒绝的。的确，这所大学使得大多数人充满了怨念。它可能是一个很好的平台，这里的”可能“我想说的是，它会对我们的前程带来很大的不确定性，我们会迷惘会迷失，大学四年不知道得到了什么学到了什么。但如果游走于社团、学生组织游刃有余的话，走入社会也可能会是一个很不错的人。 青海大学的师资，并不太好。老一辈教师，都是一些心有余而力不足的人，有能力有见识，但也快退休干不动了；年轻一辈的教师，有很多也是本科就在青大，保研出去然后回来的人，其中以保去清华的见多，可能懂得一些，但血气方刚未免刚愎自用，却又被青大陈旧的体制打击的体无完肤以致心力交瘁。认识那些年长的老师，和蔼可亲；对于那些年轻的教师，有时候真的难以交流。这样的师资，导致了青海大学难以注入新鲜血液。对一个大学的良好认识应该是在本科时期形成的，而大多老师没有优质的本科经历，自产自销的恶性循环使得制度革新过程非常的缓慢。这里也希望祖国大地的有志青年，支援大西部。西宁这几年的发展，非常的迅猛，我觉得是一块宝地，大家拭目以待。 青海大学的学生，嗯，应该是生源情况也并没有很好。周围很多同学都是滑档来到这所大学，因此未免有些傲娇。各民族的学生在一所校园里，要说生机也有，但却不是在教室和自习室。社团、学生组织的活动有很多，晚会什么的可以尝到新鲜的民族风味。少数民族同学都是非常的nice，开一点有违民族戒规的玩笑，问题不是太大，但这里真的不是教唆大家开玩笑活跃气氛，还是要小心的。大学被各种政治任务缠身，最重要的就是“维稳”。其实人都很nice啊，放开一些，会气象万千。然而，制度革新缓慢，前面讲了。 曾经有一个清华背景的校长讲过：青海大学的学生与清华大学的学生区别在于，清华生用四年时间思考如何提升自己，而青大生用四年思考如何有个工作。一所大学本该在象牙塔中描绘出未来的美好社会，却被现实窘境带动，戾气倾注，没有活出一个好样子。很多学生为了一些利益，互相猜忌设下绊脚石，还总说身不由己，让自己心安理得的退回烂人的黑暗里去。我不知道该如何劝说。 另外，烟民真多！  总之，青海是个好地方，尚待开化挖掘。历史告诉我们，那条路上布满了鲜血尸体，有一群人是踩过去的。做尸体，还是做一个立着的人走过，看自己吧。若想逃离，放弃这块宝藏，没关系，大可以心安理得过得很好。
求教：大连医大、昆明医大、湖南中医等二本院校PK石河子大学、青海大学等末流211，该如何抉择？,大连医科大学在辽宁是一本院校，14年考生569分一本B段专业（药学），一本A段专业580以上，所以你要是北京或者南方各省的，可能好考一点，要不然不建议高分过来。17开始主校区各专业都陆续提线到一本（包括护理），剩下一些冷门专业可能会在二本线里。不过这大学很美。
青海大学有网球场吗？,有，照骗冬季拍的，里面就是。 
如何看待国际知名导演、藏汉双语作家万玛才旦本月二十五日晚被青海西宁曹家堡机场派出所警察强行带走？,第一次在知乎作答，怕引起误会，再三重复，我对藏族同胞没偏见，没偏见，没偏见。        本人是外省人，上大学之前没见过少数民族，八年前来西宁上班之后，深感民族问题敏感，我周围有许多藏族同胞，本人也有几个藏族朋友，有的特别敏感，qq空间或者朋友圈隔三差五发些让人躺着也中枪的尴尬文章，比如，央视播西藏秘密的，朋友空间里写道，郭晓冬，你凭什么演我们藏族人，但是前几天，我还见过藏族同胞演毛主席的，这种情况，汉族要是提出质疑，会被骂死的吧。有的就大大咧咧，他们调侃汉族或者自己的民族，但是我们彼此特别尊重。此外，说句真心话，相比其他民族，我还是特别喜欢藏族，男的阳刚帅气，女的贤惠美丽。        但是，让我不解的是，不能所有事情，都上升到民族问题，就这事件，我想换做其他普通人，根本引不起这么多讨论，但是，仅仅因为藏族，或者名人，抱歉，我以前真不知道他，就让朋友圈好多人刷屏，题目就是，"亲历者回应事情经过"，内容简要说就是，为了取行李，就被铐了起来。至于他们信不信我不知道，我反正是不信的。朋友圈里发这样的，都是藏族，我们是不敢回应的。出了这样的事情，我们不敢回应，不敢反驳，感觉说点别的好像就是不尊重他们。        说实话，国家政策或是地方政策已经够好了，比如，让人羡慕的生来自带20分高考加分，公务员平均分五分加分，不管你是来自牧区或者城市，还有以前的二胎政策，现在的牧区15年义务教育，这在汉族为主的农村是没有的。汉族抗议是无效的，没人管。           他们骄傲而敏感，团结也抱团。你好心说这些话，他们理解的可能是另一种意思。
本科北京工业大学考研考青海大学，亏吗？,那得看你什么心态了，我现在是青海大学大一的学生 有点后悔 不过青海这地方还是挺有潜力的 我家乡黑龙江增长速度全国垫底 国家有新丝绸之路的战略 西宁作为重要的中转站还是很有未来的。
说一下你们心中的青海大学?, [继2016年之后第二次更新]   【友情提示 多图慎入】    【友情提示 多图慎入】    【友情提示 多图慎入】            近些年发展的还不错，今年国家重点实验室通过验收了，新图书馆建成了，还有新建的盐湖化工实验楼，藏医药大楼都投入使用，新的科研大楼也要开工了。还有已经启动的双一流工程，学校部门决算从13年的6亿多，到15年的12亿，学校决算两年翻一番，和部属学校还有些差距，现在不比内地一般一本差了。发展势头和国家定位肯定比一般一本要强。十三五发展肯定会更好。读书还是要在于自己，不是你去清华才变得优秀，而是你优秀才能去清华，很多人都本末倒置了。不是学校学风不行，而是有太多像你一样，抱怨学校，抱怨老师，吐槽专业，把自己不努力的原因归咎于学校。还有说三流野鸡大学的那位同学，不知道你是不是青海大学毕业的同学，如果不是你没有读过，你有什么资格说是三流野鸡大学？如果你是青海大学毕业，我没什么好说的了，母校培育你四年，人要懂得感恩，别总是喷社会。有能力你就去清北，青海大学是不行，但没一本线你也过不来吧？[编辑于2016年12月1日晚]  ----------------------------------------------------------分割线---------------------------------------------------------                                                       【我心中的青海大学】          时光荏苒，没想到这个问题竟一年有余。可以说很欣悦可以看到很多乎友们的赞同，但心中有愧。考虑到知乎是一个开放性、有影响力的平台，我发现【百度知道】上对于青海大学的评价一直停留在过去，不具有一个客观，及时的评价，同时未来可以更好的给后来填志愿的学弟学妹们提供有效的参考，于是决定好好更新下我在知乎上的 处女作。          本来是匿名的，想想没什么可匿的，若有幸碰到校友可以在这里打声招呼。         若想咨询关于青海大学相关信息，先左转（百度百科），再上我乎，我定知无不言，言无不尽。          看到有人在知乎上提出关于我青的这样一个问题，作为毕业一年的校友，原谅我不请自来。QHU本科生谈谈四年大学感受。   Ⅰ.	西宁  这个还是要介绍一下的，很多人填报志愿之前都不了解所在的城市，对于这样一部分人我依然持有批评态度，城市好坏是一个方面，有没有去了解这是一个态度问题。  一、基本情况：  青海省 省会 ，西北地区重要的重心城市，是国务院确定的内陆开放城市，有 夏都 的美誉。  人口233.37万（2016年常住人口），其中。全市少数民族人口为58.81万人，占常住人口的25.9%。GDP 1248.16亿元（2016年）【来自百度百科】  二、城市风貌：                                                         【中心广场】   PS ：从青海大学南门有始发站，可以直接到中心广场，大约40分钟                                                              【CCB夜景】       【城东区】        【西宁站】   PS：青大南门始发站，11路公交车可以直接到西宁站，时间大约1小时。         【曹家堡机场】   三、地理条件：高原半干旱气候，常年降雨量少，空气污染指数低，昼夜温差大，海拔2200，夏季平均气温18度，是天然的避暑胜地，称夏都。  Ⅱ.	青海大学   一、发展史  1988年更名为青海大学。  2000年被国家确定为重点支持的西部地区高校之一；  2001年7月，教育部指定 清华大学对口支援 青海大学。  2008年正式进入 国家211工程 ，  2012年青海大学入选国家“ 中西部高校综合实力提升工程 ”。  2013年青海大学入选国家“ 中西部高校基础能力建设工程“  。  2014年成为“ 西部计算机教育提升计划” 高校之一  2016年中西部一省一校国家重点建设大学联盟（ Z14高校联盟 ）    二、基本信息  截至2016年6月， 学校占地 3003.97亩 ，建筑面积65.29万平方米；固定资产总值22.76亿元。全日制硕博研究生1400余人，普通全日制本科生20000余。有教职工4421人。设有博士学位授权点5个，硕士学位授权点54个，硕士专业学位授权领域47个，本科专业71个。其中 国家重点学科2个 ， 国家“211工程”重点建设学科7个，国家级特色专业6个。   教职工中有 中科院院士6 人，教育部“长江学者奖励计划” 特聘教授5人，国家“外专千人计划”专家1人，入选国家“百千万人才工程”等国家级人才15人。【 数据来自青海大学官网 】  三．科研机构  截至2016年6月，学校有 国家重点实验室1个 、 国家重点实验室分室1个 、省部共建国家重点实验室培育基地2个、国家地方联合工程实验室（研究中心）3个、 国家级大学科技园1个 、国家级新农村发展研究院1个、教育部重点实验室3个、教育部工程研究中心1个、农业部实验室（中心）4个，省级科技重点实验室18个、省级高校重点实验室18个。  Ⅲ、大学体验  一、校园全览      	学校面积非常大，校园绿化也不错，特别是入春以后。那么3000多亩有多大？绿化很好是有多好？直接上图，文字没法描述。                                                   【来自高德地图】       这便是青海大学主校区全貌，学校分东区和西区，总体程矩形状。学校共有四个校门，东南西北各一个。南门是主校门，东门是老校门，老而不破，很有韵味，北门2017年刚刚建好，未眸其面，西门不详。。。从南门到北门一公里多，步行半小时。大学生活区主要集中在北边。                                             【来自高德地图-卫星地图】    这便是青海大学卫星地图，西区还有很多空地没有被开发，当然最近几年学校大兴土木，学生公寓一直在扩建，目前已有22栋，从我入校算起，目前为止已经竣工的有新图书馆、国家重点实验室、盐湖化工大楼、藏医药大楼、光伏研发中心，丁香园住宅小区、正在建设中的有国家大学科技园、科研教学楼、高层次人才公寓等、农科院实验楼、东区相对完善，平时也是东区人比较多，西区有很多小树林适合约会（你懂的。。）学校西边直角三角形那片地，便是青海大学国家科技园，2014年获批，目前正在建设中，xx地图更新的比较慢，地图上还看不到开工的动静。       二．校园美景     大学是每一个学生要呆四年甚至更久的地方，人生短短数十年，能有多少四年让我们挥霍。大学是我们迈出家乡的第一家园，她与我们朝夕相伴。我熟悉青海大学里的一切，包括这里的一草一木，一人一物。我爱这里，我的大学！       在你迈大学之前首先便是从远处看到的学校正门，校门不仅仅是一种装饰，更是一种精神和内涵的象征。                                                             【南门-主校门】     这边是我从15路公交车终点站下来看到的青海大学第一眼，给我的印象深刻，校门宏伟有气势，而又不显张扬；秉承着青大学子以校训“志比昆仑，学尽江河“为精神内涵的宗旨。                                                                   【农牧实验楼】   青海的天空每天都很蓝很蓝，对比安徽的天空就变得更加明显了。大学四年期间，我踏过很多地方，青海，新疆，甘肃，宁夏，陕西，河南，重庆，安徽，江苏，广东等，，唯独青海的天最蓝，最美，天空弄不得半点虚假的成分。我有时会想到，倘若污染持续这样严重，人类不知收敛，那么青藏高原也许将会是我们最后的一片净土、净空。我爱这里的天空。                                                                      【科技馆】       坐落于青海大学教学区的中心位置，它也算是青海大学一个标志性的建筑。一楼西侧是学校大礼堂，可容纳一千余人，各种大型活动均在此举办，例：2011年举办了《FIRST 青年电影节》场面盛大，大咖云集。2.3层均是学术报告厅，用于各种讲座和论坛。4，5楼为人文图书馆。                                                                         【综合楼】      位于学校的最中心，历史悠久，主要用于学生教学，水电学院、马克思学院的办公也在此楼。       【国家重点实验室】        2014年教育部专项基金建设，2016年.11月竣工，它的成功封顶使得青海大学拥有第一所正式的国家重点实验室，具有里程碑的意义。实验室共投资一亿2千万，占地3万方。主要用于教育部和青海省重点项目实验工作。       2017年6月，我校 长江学者魏加华教授 利用国家重点实验室获批科技部1787万元经费重点项目。这是在我校依托国家重点实验启动的国家重点研发计划以来，获批的 第五项国家重点研发计划，作为牵头单位的第三项 。实验室成立仅一年来，获批国家重大研发计划项目5项，其中3项主持，经费5687万元；两项参与，经费730万元。国家自然科学基金24项，青海省科技厅项目60项，总计获批 经费11103万元                                                                           【财经学院】  坐落于青海大学景秀路的左侧，作为青海大学经济和管理类学科为主的二级学院，女生比例很高，学风不错，大神和女神都很多，来青海大学找菜园妹子肯定错不了。                                                                         【医学院】      青海大学医学院是我校一个重要的组成部分，是我校第一大院，具有三甲医院一所——青海大学附属医院。医学院专业实力雄厚，学风淳朴，医学院的学生不仅前两年要上晚自习，还要上早自习，学习压力很大。世人都以为上大学很轻松，却不知，一群医学狗苦中游。医学院绝大部分专业在本校部学习两年，剩下的三年在医学院老校区学习。医学院临床专业每年录取分数都很高，不少省份要高一本线80.90分才能进的了窝青的临床专业。                                                                【继续教育学院】      也叫做老财校，前身为青海财经学院，坐落于西宁市中心，面积不大，地理位置得天独厚，离西宁市中兴广场步行也就5分钟的路程，更别说交通便利程度了。但是目前主要用于网络成人教学和少部分专业的大一新生。                                                                  【藏医学院】      学院成立于2016年，教学楼建设分为一期和二期工程，在去年正式完工投入使用，是全国仅有的两所藏医药专业院校之一，其中藏医学全国排名第一。                                                     云咖啡，给你不一样的体验                                                 【文化广场】                                                                【博学】  博学：“博”，大通也。（《说文》）即宽广、广博之谓。现代综合性大学，在专业、学科等方面都应具有“博”的特点，在学术思想、学术风格、学术观点上应兼容并包、百花争艳；作为教师，应学识渊博、造诣精深；作为学生，应打下厚实的功底，全面提升综合素质。                                                         【顶天立地】       头顶着天，脚踏着地，做世间真男子。                                                        【创新大厦】       成立于2016年，这座建筑的前身是校图书馆，历史久远，为了相应国家高等学校改革政策，成立创新创业学院，每年设立150万元创新创业基金，用于学生科技项目创新和资助。创新创业学院成立一年以来，在校团委的指导下，组织举办了各种创新创业大赛，丰富大学生活，提高学生创新能力。，包括但并不局限于：2016年青海大学首届OM头脑风暴大赛，大学生创业计划书大赛、十四届“挑战杯“、‘创青春’、‘’互联网＋”大赛，‘’创新杯“大赛等。。。                                                           【高原医学研究中心】                                                        【农林科学院 】                                                        【畜牧兽医科学院】                                                【青海大学国家科技园鸟瞰图】       2014年，科技部、教育部联合发文，批准青海大学科技园为第十批国家大学科技园，成为青海省第一家国家级大学科技园，先后建成立了6个校级科研中心（所）和5个校地联合研发中心，成立了3个研究院和1个技术联盟。                                                        【青海大学国家科技园】                                                   【青海大学国家科技园简介】  三．生活篇                                                                   【学生食堂】       青海大学第一食堂，坐落于学生生活区，食堂分两层，第一层主要经营早点，快餐。二楼为炒菜。说到炒菜不得不提下学生食堂，我也去过很多大学，有幸吃过不少高校美食，还是觉得青大的炒菜是一绝， 饭店的品质，快餐的价格 。大一时，第一次聚会10个人，一桌子菜才120块钱，班级聚餐，人均20就够了。唯一值得吐槽的是， 大学禁酒，大学禁酒，大学禁酒。 不过还是喝了不少，实在是惭愧 。 毕业一年了，很是怀念2楼的小炒，小炒当然属二楼的小白家和川湘美食家（小白和川湘是不是来波广告费~~~~）。                                                                        【清真餐厅】  用于穆斯林同胞正常饮食，当然其他民族同胞也是可以进的，不过不要携带禁止物品进入。毕竟民族习惯和宗教信仰不同，相互尊重，和平相处。56民族同胞是一家。（此处应有掌声~~~）                                                                           【长悦食堂】     长悦食堂一楼以面食为主，炒饭也有，二楼中午有快餐，小炒，面条，火锅。二楼环境不错，我记得有家知味小厨经常去来着，适合两三个人点几个小炒，或者来个火锅人均10-15元，比外面划算很多。                                                                     【园丁食堂】     不管哪个食堂中午都是爆满，尤其是坐落于教学区的园丁食堂，位置得天独厚---夹在综合楼和逸夫楼之间，每次下课不抢位置是吃不上饭的，这个青大的小伙伴应该是深有体会。不过味道一般般，价格偏贵（相比学生食堂），快餐一般7-10元。二楼有小炒和砂锅刀削面（最爱吃这个，每次来都必点）9元每份。                                                                 【丁香园餐厅】       进去吃过一次，伙食不错，跟着老师蹭进去的，好像一般不对外开放，里面设有博士公寓。                                                               【学生公寓】        怎么样看着很不错吧，看上去是不是很有档次的感觉，没错，这就是和我们朝夕相处的寝室，寝室环境很好，毕竟都是新盖的，空间很大，四人间，每层楼3个卫生间（有的两个？），没有独卫，但有阳台，1200一个学年。当然还有老的学生公寓，不过数量不太多，4人间，没有阳台，大部分新生应该是分到新公寓。  四、四季篇   【春】：                                                       【春天里的桃花】                                                               【梨花】             这条为棠梨路，每年4月份梨花盛开，这条500米有余的马路两旁充满着梨花的芬芳。顿时想吟诗一首，无奈词穷，就此作罢。但其实更喜欢9月份的棠梨路----你懂的，没有摘（偷）过梨的学生不是好学生，哈哈。。。。（此处省略一万字）                                                              【花团锦簇】        每年5月份，这里是青大最美的地方，这便是信息技术中心门前的花卉，色彩缤纷，甚是好看，此时此景，月下赏花，美女美酒，美不胜哉~                                                               【末名花】        生活四年，一直不知道叫做什么花，只是觉得很好看，化院门前有很多。求知情人士告知~~        听说在这里看花容易遇美女？                                                               【梨花和丁香】   【夏】：                                                             【夏景—行政楼前】                                                  【夏景—林荫路】                                                            【夏景—科技馆前】                                                            【夏景—南门公园】                                                            【夏景—南门公园】                                                            【夏景—南门公园】   【秋】：         学校的秋天永远是最美的，西宁的夏天来迟、走的快。10月中旬便入秋。这时校园里青的青，绿的绿，黄的黄、红的红，甚是好看。  一言不合就上图！                                                        【秋景—南门公园】                                                                【秋景—农科院小路】                                                                【校南门】      转眼便到深秋，凛冽的寒风，似乎什么也抵挡不了。就连万年长青的松树，此时也是黯然失色。   【冬】：                                                              【景秀路雪景】       只见蒙蒙细雨之中，银白色的珍珠漫天洒落，宛如仙女的舞裙，又似天使的白羽。           这便是青海大学最有名的景秀路，这条每天的人流量数以万计，每天载着千万学生的远方和理想，可能还有诗。      秋去冬来，一年很快又过去了，西宁的冬天来的比安徽要早一些，而青大的冬天来的比西宁又要早一些。学校入冬很快，每年10月中旬暖气就供应了，运气好，10月底便能看到北国的东，秋风萧瑟，那北国深秋的风可以用冷冽来形容了。                                                        【七号学生公寓门前】      这场雪下的有点早，貌似是2014年的10月底，具体日期不太记得了。只记得，当时我海南大学的朋友正在穿短裤，穿短裤，穿短裤。                                                        【校园鸟瞰图】   灯光下的雪花有些扑朔迷离，不知是灯光模糊了世界，还是这琳琳散散的雪花模糊了世界。   这场雪下了良久，世界仿佛都被凝固了，当然自行车也不例外，明天起来世界必将是一片白皑皑，冰天雪地、广袤无垠的银色世界。                                                                  【假山】  果然第二天，冰天雪地，这个世界仿佛只有黑与白。                                                              【家属楼东侧】  北国风光，千里冰封，万里雪飘                                                              【家属院内】                                                      【小树林】  夏天的确是一个好地方，冬天嘛，咳咳。。。（此处略过一万字）   【番外】：                                          【彩虹-蓝天-阳光-夏雨】  大学四年期间，为数不多的两次彩虹之一。雨后天晴，彩虹仙子就飘来了。生怕仙子棠花一现，果不其然，美好的事物总是短暂的，好在彩虹消失的前一秒，成功被拍下。此处留作纪念。   	校内在青大读书，能聆听星星的声音---拍摄于青海大学2016.05.20.21:53   ps（冲这条必须来青海大学读书，-_-!）    五、学习篇        大学读的不仅仅是知识，还有眼界。很多人说读书一定要去一线、二线城市，城市对一个人四年的熏陶对我们以后的路影响甚远。我不反对读书去大城市，但我不建议为了一座城而放低自己的身段。拿我和我一个高中同学xx为例， 仅作参考，不讨论对与错，只是选择不同 。我来自安徽2012年高考，过一本线20分，全省理科排名3万名，那年安徽高考50多万人。xx过一本线22分。我最后去了西部-西宁、青海大学。xx去了华北-北京、某二本学院。去年我俩都毕业了，我顺利读研，xx在北京某私企，工作3个月辞职考研-。原因不说了，大家应该也可以猜个七七八八。         我在西部待了四年，西北5省我都去过，见过。  读万卷书不如行千里路。         西部的四年大学时光将会是我人生一笔宝贵的财富。趁着年轻多出去走走，看看，看看祖国的大好山河。毕业后，我将会有大把的时光去体验大都市的生活，而生活在大都市的人有多少人走过西北？         可况西宁也并不是穷山恶水，怎么也是一座省会，西部重点城市，青海的金融重心，大型国企、央企一个不少，该有的都有。我想说，如果你是由于地理位置不想来青海大学，那么我想跟你说，不要有这方面的顾虑，  大学之大不在于高楼而在于大师。  来到西宁，你将会体会不一样的民族特色、山川河流         谈论到学习情况，我想先说一下学生的组成成分。从2016年招生情况分析，青海大学本科生招生3840人，省外1600人，省内2240人（其中专项计划是767人）。从招生规模上来看，本科人数较少，控制在四千人以内。而保研是按每一届在校生人数的比例来确定的，由于不具有研究生院，因此保研比例比较低，大约在5%左右。2016届保研人数在192人左右。乍一看人数很少，的确和56所研究生院高校比不了，也和那些巨无霸211高校比不了。但是我们应届毕业生人数少竞争压力自然小。但这不是关键，据我了解，每年保研名单中几乎没有 青海本地人，没有青海本地人，没有青海本地人 ，也几乎没有西藏、新疆、甘肃、宁夏、贵州、云南的学生 。ps（这里不带有任何歧视的色彩 ，我室友也是西宁人，关系很铁，和他们相比我觉得我除了学习什么都不是，何况学习也很一般。这边的同胞实践能力很强，动手能力强，这是我们外地人很多都不具备的特质)。那么我们重新算一遍。保研人数为192人，       除去以上省份415人，外省生源为1185人。（保研比例=保研人数 / 外省生源数），这样算来保研比例为16.2%， 如果你来自非以上省份，那么恭喜你了，你有16%的机会保研 。我的天！这是什么概念，我们来看一下2016年大学保研率在15-17%的都是些什么学校，              这么一算我青保研率居然能排在前50？，这么想你就太年轻了，你能想到的，学校会想不到？拿到保研名额个个都想往外跑，怎么办？研究生院办想出一个办法，叫做创新人才培养计划20个名额，没错就是它。问题来了，这是干嘛的？咋一听，很高大上，说白了就是保本校。什么？保本校？成绩好的就不乐意了，宁愿考也不愿意保本校，  的确，211本科毕业，考研的确占优势  ，连我都考上了，不是么。目前创新人才计划只在农科专业实施，不排除以后会推广。当然，大家也别担心会影响以后的保研机会，学校在这方面会把握分寸的。  如此一分析，青海大学保研率不高，但是我可以肯定的说，  如果你是外省的，保研几率很大，保研容易排名应该在高校前50  。倘若你是本省，也不要灰心，努力学习，提高自身能力，考研也是一条不错的路，因为211工程，只要能过初试，复试还是有一点优势。 何况青海大学在西宁就业基本没什么压力，外省名牌大学又如何 。我们来看一下2016年青海省国家电网录取名单，可以说我青占据了半壁江山。                     当然进一所大学不能仅仅看保研这个因素，毕竟保研的只是少部分人。那么这所211大学还能给我们带来什么，没错，就是211。我们来看一下 211这三个数字到底有多重要 。  工作：  别的省份我不知道，安徽省来说，国家电网市局单位只要211、985工程大学和电力院校的应届毕业生，多数国企只要211和985大学的毕业生。可以说，青海大学的毕业生拥有一张入场券，有了这场入场券，应聘在简历筛选这关你更有优势，最终你能不能通过面试，那得看你的本事。  读研：  读研有两种渠道，1是保研，2是读研。  保研：  大家都知道青海大学保  容易，那么会不会保研去向很差，保研进不了名牌大学。下面我来打消你的顾虑；  我列出2016年部分保研名单：  此处只列名单，不做评论，好坏自己分析    农科类拔尖计划，只能保本校    医学院部分保研名单：     化工学院部分保研名单：        天津大学和华东理工大学都号称化工第一，究竟是排第一。。。   财经学院：        比较好的去了南开大学、中南财经政法大学、西南财经大学、北京交通大学。考虑到财经热，各个学校人数多，这个去向还是可以接受   电气工程专业推免去向：    这个去向应该在青大算比较好的了，同时也证明了青大培养学生的质量充分收到外界的认可。   水利工程专业：     材料成型专业：        我青应届毕业生去清华读研的比例应该算蛮高的，不输任何一所211工程大学.  机械工程：   又活捉一只清华 （猜猜这个表情什么意思）    土木工程：          环境工程专业：    my god~生态环境这届去了三个清华读研，有史以来最好推免去向。听说考研战绩也不错，（此处应有掌声）   计算机专业：    计算机系是由清华大学在我校开创的第一个系所，以前每年都有推免去清华大学的，不知道今年为何。。。   推免大致去向我们也看到了，从推免的角度看，青海大学保研质量还是可以的，并未是西部211，或者政策211而受到歧视。  推免去向秒杀所有非211，这个应该是毫无疑问的  ，从这里我们是可以看出211和非211之间的差距。对于高考毕业生，  我的意见始终是能去211工程大学就去211工程大学，原因不再复述。      此处热烈祝贺我校计算机系建系10周年！！！！！      此处热烈祝贺我校计算机系建系10周年！！！！！      此处热烈祝贺我校计算机系建系10周年！！！！！        会上，青海大学校长王光谦院士致欢迎词，青海大学计算机系技术与应用系系主任陈文光教授做大会主题报告，青海大学计算机系历任系主任周立柱教授、史元春教授分别发言，清华大学计算机系党委书记孙茂松教授宣读了清华大学贺信，青海省经信委信息化处蒋青波处长、清华大学原副校长岑章志教授、青海大学党委书记俞红贤教授依次致辞。      考研：   对于考研的同学来说，初试分数是具有决定性作用的，如果没有达到初试分数，就算本校也无济于事。学校层面的优势体现在复试。我校毕业生的质量还是可以的，受到很多985、211工程大学的认可。因此，在考研方面尽管用心去准备，不用担心学校出身不好，复试被刷，这种现象是不会的，如果你复试被淘汰，一定是复试没有认真准备。    从调剂看考研：    如果你本科211工程、985工程毕业，哪怕第一志愿没有录取，调剂的机会也远远大于普通院校，我校有不少学子，第一志愿没有被录取，而调剂去强势211。   六.旅游篇           西宁是一个旅游文化城市，最佳旅游季节在夏季，7-8月份。这是气候宜人，风景秀丽。很适合外出游玩，一般2-3天为佳。四年来，我去过三次青海湖，2次茶卡盐湖，美不胜收，攻略我就不写了，毕竟网上一抓一大把，贴几张自己拍摄的图。 最后有惊喜哦~                                                                     黑马河看日出                                                                    【烤全羊】                                                                 【篝火晚会】                                                                  【青色的海】                                                                 【 茶卡盐湖？天池？】   我只知道这里离天很近                                                                               【女神   】         惊喜在这里 有没有，有没有，有没有~还是一个学霸美女哦， 毕业于2016 年青海大学财经学院会计系。大三暑假获得中南财经政法、重庆大学、哈尔滨工业大学夏令营优秀营员。最后选择了中南财经政法大学，会计学院会计专业读研。  窈窕淑女君子好逑      ---------------------------------------请看背景-青海湖，忽略我的女神------------------------------------------------                                                                                                                      编辑于2017年7月14晚   最后祝福母校明华诞快乐，五十九载风云兼程，华理辗转华夏，遍撒硕果，造就精英无数；五十九载奋发图强，华理励精图治，厚德载物，喜赢美誉天下！    -ps-上知乎已经一年多了，发现还没有篇关于青海大学、真实、详细的文章。最为青大学子，虽已毕业，但仍心系母校，花一星期时间于2017年7月15日16:01:04写下这篇《我心中的青海大学》文章作为礼物送给母校明日的诞辰，更是送给即将来青海大学读书的千万学子们， 凝聚我青大力量，创我青大精神！志比昆仑，学尽江河！                                         版权所有，公益性转载请标明出处，商业转载需授权、 若有侵权请私信 
我是青海的，高中这边不重视英语，已经大三了，英语基础很差，大家能给点建议吗？迫于过四级大四找工作,都大三了还拿老家教育基础差说事，你说这怪谁呢？大学英语你没学吗？
同志们，在青海师范大学附属第三中学复读是怎样一种体验？学习风气怎么样？湟中一中与其相比呢？,学习就靠自觉和学校管理严格。学校的风气实在不敢恭维，谈恋爱打架斗殴的聚居地，每年都有丑闻被压下去。尤其是本地人喜欢针对西宁和外州县学生。
为什么宁夏青海内蒙高考一本录取率那么高？,我来回答一下吧，首先呢，宁夏有四五所本科院校，宁夏大学也属于一本院校，211.虽然是国家照顾，给的名额，每一届最少也招两三千学生的，而宁夏每年的高考人数大概五六万吧，是一些高考大省的十分之一到二十分之一，考生人数很少，一本录取比例来说，一个宁夏大学在本地生源的录取，就占到很多了。外地的朋友应该不会有多少人愿意报考的。 其次呢，全国各地的院校，在每个省份的招生名额都是不同的，宁夏是教育资源相对落后匮乏的地区，教学实力没法和一些教育大省相比，每个院校高考招生分配的名额虽然有照顾，但是真的很少，相对于那个高考报名人数，比例上，可能相对多些吧，尤其是09年宁夏大学升级为一本院校，对宁夏本地的生源，只要分数达到录取线，肯定是来着不拒了，一本录取比例肯定大了。我就是09年高考的吧，比重点线高20多分，，，整个自治区排名3000多，整个那一年，上重点线的，应该不到一万名学生吧。
青海大学怎么样？,保研容易，前五直接清华  好跳板
高三毕业生暑假租车环骑青海湖可行吗？,高三耶，先读书吧，到大学再说咯 我堂哥，大二暑假去青海湖转了一圈，还有一个月回到福建来见亲友
一名河南考生排名39400，青海大学可以吗？,我是河南大学的毕业生，但不是河南考生，抱歉并不能很好的回答你的问题。但是河南考生的竞争激烈是有目共睹的，你好好去网上查查青海大学去年在河南招的分数线 
很想去青海湖，同学约我去（很想去），不用花很多钱，但刚开学，家里并不支持，我该怎么办？,我是大学老师，可以告诉你，逃课很值得，因为你在路上学到的东西，比在课堂上学到的更有价值，但是我担心的是安全问题，你们自己开车，路况不熟，车技不熟，你要小心这个问题。
青海大学很不好吗？,我是湖南考生，比投档线高了30多分，录到了我的第三个专业…我也不想说什么了…虽然很多人都说青大不好，不过我觉得还是看自己吧，足够优秀根本不怕环境怎样，我的分数其实是可以去更好的学校，但是我把青大写在了第一个，因为我觉得那里特别好，风景很好…也可能只是叛逆…不过我还是相信在那种风景好的地方我能好好学习…
去青海上大学的外省同学就业都回去还是留在西宁？,不同的选择不同的道路，有好的实习机会和工作机会会有很多人选择留在青海
青海人才外流有多严重？,         作为一个在外地读985的大二青海学生来回答一下，15年以全省前四百的成绩考进了目前的学校。姑且算是当时高考的人才，说一下自己对家乡青海的感受。           当时离开家乡时的想法很简单，在外地好好学习，工作出人头地，最后回来建设家乡，也就是这个被大多数中国人所不知的青海。和多数偏远地区来到这里的同学一样，大学的现实狠狠往我头上浇了一盆冰凉刺骨的冷水。无论是学习还是为人处世都与其他同学有着难以望其项背的差距。现在两年过去了，青海的同学之中有已经比较适应的了，已经能够在生活上照顾好自己并且成绩至少保证及格。还有一些同学和我一样仍然被沉重的学习压力压得喘不过气。 但是大多数的他们和我们共同的特质就是缺少内地同学身上的自信。那种知道自己只要稍稍努力，毕业以后生活便不会太差的自信。 反之充满的是对未来深深的无力和恐惧感。            人的成长既受大环境的影响，也受小环境的影响。内地同学之中也有家庭普通的，但他们有内地良好的大环境。虽然青海整体落后，但有些同学但家庭条件不错，能让他们接受相对比较好的家庭和学校教育。然而对于来自青海的一个小城市，家庭普通的我们从小到大所缺少的教育是大学来不及补的功课。通过对比发现了家乡的落后，大城市的繁华。 却又发现家乡那些自己原来所厌恶的东西已经不知不觉在自己身上留下了烙印，融入这繁华的地方又是谈何容易 。 如今连自己的安身立命都成问题，想起当年离家的梦想只能仰天长叹。            看着国家在国际上日益强大，海外撤侨，他们脸上洋溢着自豪。 而我们仅仅是想要留在国内的发展较好的地方，都需要去痛苦地承受着国内经济发展的不平衡所带来的文化撕裂。无数次想着回到熟悉的家乡，却又害怕家乡人鄙视当年“远走高飞”的我，更害怕以后自己的孩子还要忍受恶劣的自然和社会环境。       想回又不敢回的家乡，想留又难以留下的大城市。            
计划4月底出去玩，想到甘肃青海那一带去玩，大概十天左右，求推荐路线?,  这是10年我们四个人的毕业旅行行程，我管账，攻略作者是美丽的麻麻初夏，初夏是她豆瓣和微博的名字。    你们记得谢谢她。     五月初：南京—兰州—拉卜楞—西宁—青海湖—敦煌—哈密     行程计划   D1：早上7：30左右到达兰州，买D8晚上的K9667 兰州 - 敦煌 17:56 - 08:19 w263   从火车站坐1路到小西湖下车，在小西湖立交大桥下坐111，到兰州理工大学的对面汽车南站，坐车到夏河 每天两班，早上7：30，下午2：30 票价40-50 五小时左右到， 午饭需自备，在路上解决   晚上：宿夏河，红石青旅或者卓玛旅社 30/床 70元/间 结算343   D2夏河一日游 拉卜楞寺门票40   早上：一定要早起看拉卜楞寺的早课。早课6:00—8:00，午课11:30开始，约1小时。据说非常神圣壮观。   从拉卜楞寺出来可到夏河县的唯一一条大街上逛，买纪念品。听说夏河的藏刀是最好的   下午：有时间可以去桑科草原，据说甘南的人和友好，很朴实   晚上：宿夏河 结算70   D3：早上7：30从夏河汽车站出发去西宁， 车票大概50-60元 五小时车程   午饭自带   下午到达西宁后，有时间去买D8 T208 西宁 - 兰州 09:53 - 12:04 z33 的车票   晚上：宿西宁（西凉驿或者桑珠青旅 50左右/人/天） 结算143   D4：青海湖两日游   西宁出发到青海湖的一日游团非常多，到西宁火车站广场转一圈，正规的有5、6家旅行社，随便报名一个就行了，价格都差不多，80～120。团费是不含午餐的，自己准备.要自助的话，坐大巴，问问酒店人员在哪里坐．门票应该是70还是80．青海湖的游船是30元/人，半个小时.下午坐青海湖到西宁的大巴回去，大约35元/位 ．   四个人包车最方便，五月份的时候价钱大概是750两天，我们包了两天，因为第一天天气不好，晚上住在黑马河镇宝马宾馆20元一晚，第二天去茶卡盐湖，鸟岛，环岛，回西宁，里程数非常远大概两天走了八百多公里，第二天司机师傅开了将近15个小时的车，很累的这里帮他打一下小广告，马师傅13109739390，非常好的师傅。   去青海湖玩，中午不要在青海湖旁边的饭馆吃饭，吃自己带的食物就可以了。   晚上：宿西宁 结算200   D6：上午坐火车西宁 - 兰州 09:53 - 12:04 到兰州，到达后买D11的T111 / T114兰州-南京14:35 - 10:58 w390，或者T115 / T118 兰州 - 南京 12:41 - 09:33，T163 / T166 的车票   中午在兰州吃午饭，下午随便逛逛   晚上：宿火车，坐K9667 兰州 - 敦煌 17:56 - 08:19 去敦煌 结算：390   D7：早上到达敦煌，去火车站买D10 K9668 敦煌 - 兰州 19:02 - 09:19 w263   上午：然后登记入住旅社，（车站外有出租车送你进城，敦煌是在沙漠上，新建的火车站离城区有点路。6元。出租车司机也很坦白，把你送到宾馆住下，可以拿回扣。有的游客推荐在沙洲夜市附近住下，上午参观莫高窟160/人，学生票80   下午：敦煌雅丹，经过玉门关必须买票40，雅丹门票70含观光车   晚上：宿敦煌 结算：443   D8：早上：鸣沙山、月牙泉，门票120，学生证60。游鸣沙山最好准备一块面纱盖住脸，因为有时风沙大，准备高倍防晒，和润唇膏，很干燥）   下午：坐火车 敦煌 - 兰州 19:02 - 09:19   晚上：宿火车 结算：160   D9：早上到达兰州   随便逛逛，吃吃小吃，等待回程   预算：车费（暂且按照夜车都坐卧铺最高价计算，四小时以内的路程都是硬座，包含火车票，汽车票，不含市内公交）1543   门票（含景点包车费，暂时都按照全票计算）751左右   住宿费：270元左右   吃饭：因人而异，按照平均每日50元标准来说500左右   合计：3064左右 
青海大学昆仑学院怎么样？,不是很清楚 昆仑学院好像不是一本 学校和青海大学本校也不在一起 公交车大约10站 更靠近市里 师资一般般吧 跟内地的大学～～～ 嗯
七月底八月初去敦煌、兰州、青海湖，对这个行程有什么建议吗？,    以前看过一本书《迟到的间隔年》，书中有句话至今仍让我着迷：人生本就是一场旅行，路途中的人是如此的感性，以至于忘记了分别的概率。我个人对大西北情有独钟，从前只在书本里读过青海湖，却从未能自己亲身踏足这片热土，我知道这里孤独、浩渺、野蛮、荒凉，一片沉寂却又生机勃勃，生命在夏季成长，也在夏季死亡。短暂的美好之后是无牵挂的逝去，等待来年的是更灿烂的绽放。大学时候的我以旅者的身份在青海祁师傅的向导下感受了青海湖的清新与壮美。我现在想把最原始、最有用的信息传达给你们，方便大家的出行，先阅读这篇攻略我相信每个在路上的人，都是自己的旅行家。   出发之前推荐浏览下祁师傅这个网店： 首页-青海湖旅行的喵车队-淘宝网     风格很清新唯美，看完更想去青海湖走一遭。       为什么说7天大环线最经典？       我们先看大环线这条线路图，一般游客会从西宁出发，到青海湖，再走德令哈到大柴旦，柴达木边缘，进入敦煌，走河西走廊到张掖，回到西宁，是一个完整的环线，不走回头路。大环线之所以那么经典因为，国道227是青海最有名的的风景长廊。       全程2800公里的大环线，自驾游需7天方可游玩过瘾，青海湖、茶卡盐湖、柴达木盆地、莫高窟、雅丹魔鬼城、鸣沙山月牙泉、嘉峪关、张掖七彩丹霞、马蹄寺、卓尔山风景区、祁连山、祁连大草原、门源万亩油菜花这些都是大美青海沿途的著名景点。将青海、甘肃的精华景点都覆盖了，是西北自然风光与丝路人文历史的大集合，是目前经典景色最丰富的西北线路之一。而且全程路况好，不管是自驾还是拼/包车，都非常适合。    出发在西宁       理由一：西宁被称为夏都，夏季气温凉爽适宜，兰州夏季气温太高，而且兰州堵车严重，城市环境不容乐观。      理由二：西宁出发的话，第一天行程120公里即可到达青海湖边，路途短，游玩时间充分；如果换成兰州出发，兰州距离西宁就有225公里，之后再赶到青海湖，那第一天基本就得奔波在路上；       理由三：行程最后一天是从张掖到达西宁350公里，走的是最美227国道。如果从张掖直达兰州则有520公里，全程戈壁，景观单调。即使从张掖到西宁，再到兰州，也是500多公里，过于奔波劳累，所以选择西宁为终点；      理由四：西宁更具民俗特色，回族、藏族、土族和汉族多民族融合，西宁也是青藏高原上最大的城市。清真寺和佛教寺庙比比皆是，非常值得逛逛。        到达西宁的最佳交通方式    【飞机】西宁在2017年夏季增加了20多条航线，基本覆盖全国主要城市。沿海城市飞西宁，多数需要经停西安，主要省会城市可直飞西宁。而全国各地飞兰州的航班比飞西宁多，而且费用能便宜20%-40%。  【火车】全国各地到西宁的火车多，但是运行时间长，而且没有高铁。西宁连接全国的高铁需要到2017年底宝兰高铁通车后才能有。  所以，到达西宁的最佳交通方式是：飞机先飞兰州，然后从兰州再到西宁。    兰州到达西宁的两种方式   1. 大巴：兰州中川机场有机场大巴，到西宁100元/人，分别在12:30、15:30和19:30各一班，车程大约2.5个小时，在西宁市中心的西门、汇通宾馆，或者允许停车的位置都可以停车下客。兰州中川机场客服电话0931-8168464；  2. 城际+动车：中川机场到兰州西站的城际高铁（没错，是中川机场发往兰州西站）从早晨7:28开始到晚上22:34之间，班次密集，车程只需40分钟左右。从兰州西到西宁，动车从早晨7:40到晚上20:55，班次也非常多，车程约1小时10分钟。  Tips：直飞西宁的话，可选择西宁机场的接送机，正规车辆，安全送达目的地，不用讲价，不会被宰。   推荐下接送的司机    直接点击→  青海湖 机场接机 火车站接送-淘宝网      （司机均为多年驾龄老司机，驾驶技术娴熟，熟悉路况，且服务意识好。）   可以用什么方式走这条线？          风景秀美的大西北当然适合自驾游，沿途停停走走，自由舒畅。但是敢于在大西北自驾游的多数是疯狂的户外爱好者，他们有自己的越野车，熟悉路况做足准备。而多数伙伴则是找当地拼车或包车自由行。为什么呢？因为当地司机更熟悉路线，全程有当地人开车，玩起来更轻松。西北地区路况还算好，但是沿途盘山路、高海拔道路较多，经验不足容易出事故。而且长途驾驶，容易疲劳，所以不建议自驾。  拼车费用：大环线拼车一般都是1500元/人；淡季的时候，也就是最低价也得在1200元。    直接点击→     青海湖旅行的喵 7天大环线-淘宝网      特别说明：  如果假期短，没有七天时间，绕青海湖的2-4日的小环线玩法也可以。  见小环线清新4日游攻略：  https://  hongren.bbs.taobao.com/  detail.html?postId=7487387         大环线行程概览             今日从西宁出发，首站前往塔尔寺，作为中国藏传佛教的活动中心，每天到访的游客不计其数，塔尔寺三绝"堆绣、酥油花、壁画"更是深受喜爱，需注意的是寺内不能用手指佛像，也避免对僧人拍照。接着前往日月山与倒淌河，这两个景区可作为路途中参考景点选择性参观。下午游览青海湖边的二郎剑景区，这里有丰富的草原、沙滩、动物等生态自然资源。当地有部分村民的家就在青海湖边，若不愿意花钱进入二郎剑景区也可以给村民一部分钱，他们会带你去湖边，风景同样美。游览结束后驾车前往黑马河乡住宿    交通攻略   交通攻略       游览大西北想要每个精华景点都玩得透彻，包车无疑是最好的选择，路途不耽搁，自己定制行程也较随意。青海湖、甘肃一带的游览在进入五月份之后就将达旺季，因此包车价格比平日要贵一些，按照7日的行程算，4座车的旺季价格在5500元左右，7座车旺季价格6000左右，比淡季均贵1000元上下，价格包含了司机的食宿与燃油费等，较省心。  门票攻略今日行程中塔尔寺门票为80元，青海湖二郎剑景区门票为100元，日月山与倒淌河若仅仅路过参观无需购票，进入到景区内则需购买门票，均为40元。     餐饮攻略          青海当地美食种类较多，以手抓牛羊肉、西北酿皮为代表，当地人还喜欢配上纯正的青海牦牛酸奶，来到这里自然不能错过这些独特的美食体验。今日行程中大多为山路，路上会有一些卖酸奶与鸡蛋的摊贩，经过乡镇的时候有一些私人饭店，青海湖景区内也有餐厅可以选择，两处餐饮水平都差不多，根据实际情况用餐即可。     住宿攻略         青海湖环线的第一天游览，一般会选择黑马河下榻，体验一晚湖边的帐篷，第二天一早起来看黑马河的日出是最佳选择，河边帐篷的住宿选择较多，可到了之后再订房。         清晨在黑马河看完日出，然后驾车翻越橡皮山，前往茶卡盐湖。有天空之镜之称的茶卡盐湖最佳观赏时间在中午，反射光线较强，一定要戴上墨镜并注意防晒。湖中有一些小黑洞一定不能踩，否则会连鞋带脚一起陷下去。下午前往可鲁克湖，前往的途中可以在德令哈歇脚，可鲁克湖是一个生态环境非常好且未被过度开发的淡水湖，湖边有一个外星人遗址可一并参观，晚上前往大柴旦住宿。       门票攻略         今日行程中茶卡盐湖景区门票为50元，可鲁克湖、托素湖、外星人遗址的联票价格为20元，均为现场购买。     住宿攻略            大柴旦是从青海前往甘肃省内过度的一个小乡镇，虽然只有两三条主街道，但街上有较多旅馆住宿，也是游客的最佳落脚地。       今日出发前往甘肃境内，在中午之前到达玉门关，需注意的是，从大柴旦前往路途较远，且经过多个无人区，若是自驾需做好应急准备。玉门关是前往雅丹地质公园的必经场所，与汉长城、河仓城在一起，可以一同参观。下午在雅丹地质公园游览，因时常会有劲风恐怖的啸叫所以又称为“魔鬼城”，这里是典型的风蚀性地貌，十分壮阔，需要乘坐景区巴士游玩，注意不要走到无人区。        门票攻略      今日行程中玉门关、河仓城、汉长城的联票为40元，该门票为前往雅丹地貌的必买门票，相当于过路费，雅丹魔鬼城的门票为120元（含门票50元与观光车70元）。     住宿攻略         雅丹地质公园的游览结束后前往敦煌市区入住，市中心与鸣沙山景区附近住宿较多，可在这两个区域住宿。     上午出发游览莫高窟，有着“东方卢浮宫”之称的莫高窟是世界现存规模最大、内容最丰富的佛教圣地，以精美的壁画和塑像闻名于世。下午游览鸣沙山，建议回酒店午休后来到鸣沙山，避开最热的时段前往。鸣沙山的沙子较细腻，光脚踩非常舒服但也比较烫人，可以在景区门口租借鞋套。游客可以在这里尝试下滑沙、骑骆驼等项目。被鸣沙山环抱的“月牙泉”更是茫茫沙漠中的一缕清泉，走到鸣沙山半山腰就可以看到。夜幕降临在鸣沙山山顶看落日也是不可错过的体验，晚上可以前往沙洲夜市寻觅美食与纪念品。        门票攻略      今日行程中莫高窟景点门票为220元，提前网上预定为200元，每天限流6000人所以建议提前预定，鸣沙山、月牙泉为组合门票的形式，每人120元。   餐饮攻略      敦煌大街小巷的美食中，最出名的便是驴肉面黄与杏皮水，当然，要想品尝到最地道的西北美食，必然要取沙洲夜市搜罗一番，除了夜市里的各色小吃，还有一些知名餐厅也不容错过。   住宿攻略   市中心与鸣沙山景区附近住宿较多，可在这两个区域住宿。     今日从敦煌出发前往张掖，路途较远，可以在途经瓜州时稍作休整。下午参观嘉峪关关城，这里曾是雄伟壮观的交通要塞，如今也是大西北戈壁荒漠壮阔风光的代表。晚上到达张掖市内入住，可以去张掖市的甘州美食广场逛逛。今日行车路途较远，当晚好好休息，第二天再去丹霞地貌。        门票攻略   今日行程中嘉峪关关城门票为120元每人，与长城博物馆、长城第一墩和悬臂长城为联票，可一同参观，门票现场购买。     餐饮攻略        张掖地处甘肃西北部，特色美食自然以面食为主，但匠心独运的张掖人民更是发明了一种名叫“搓鱼”的吃法，十分新颖，除了搓鱼值得体验，当地还有卷子鸡、炒炮、炒拔拉、三炮台等特色美食均值得一试。     住宿攻略   张掖市中心住宿酒店较多，推荐市中心入住，想要品尝美食的朋友还可以考虑在沙洲夜市附近住宿。     今日从张掖市区出发前往丹霞地质公园，因为本身自然风景的气势磅礴，且多部电影取景的缘故，丹霞地质公园早已名声在外。下午前往马蹄寺，但驾车则必须先折返市区再出发，若时间充足可以逛逛市区的大佛寺。马蹄寺虽然与莫高窟同属石窟寺，但更多地融入了汉传佛教与藏传佛教的文化精髓，颇具民族特色。晚上前往祁连县入住。       门票攻略   今日行程中张掖丹霞地质公园景区门票为40元，观光车20元，大佛寺门票为41元，马蹄寺风景名胜区门票为35元。     住宿攻略  祁连县是前往卓尔山与祁连草原较不错的歇脚处，住宿选择较多，大部分人行车至此都会选择这里过渡。     今日从祁连出发准备返程，翻越有“东方小瑞士”之称的卓尔山，途径祁连山草原前往门源。卓尔山与祁连山草原的风光都堪称绝美，可以在这里尽地情饱览风光。门源主要因每年7月盛开的大面积油菜花而闻名，若淡季到来可能风景会逊色一些。回西宁的路上还会经过黑泉水库，也是一个风光秀美的拍照地。       交通攻略   游览大西北想要每个精华景点都玩得透彻，包车无疑是最好的选择，路途不耽搁，自己定制行程也较随意。青海湖、甘肃一带的游览在进入五月份之后就将达旺季，因此包车价格比平日要贵一些，按照7日的行程算，4座车的旺季价格在5500元左右，7座车旺季价格6000左右，比淡季均贵1000元上下，价格包含了司机的食宿与燃油费等，较省心。  门票攻略今日行程中所涉及景点无需门票，若需要前往门源观花台则需付30元门票。  PS：各位想要来青海湖玩耍的小伙伴~可以找他们家： 青海湖旅行的喵-淘宝网     希望你有个美丽的 青海湖之旅~~  
请问有7月中旬想去青海湖的吗？或者有去过青海湖的孩纸可以和我说说你的线路吗？我是广东的。？,我是10月份去的，火车到西宁。然后做大巴去的茶卡盐湖。当天返回，住黑马河，看第二天日出。精力充沛时间充足的话，可以在西海镇原子城 骑兵营租车。黑马河人字路口上有个商店也租车，不过装备不全，很便宜。老板是个年轻人，据说是在西宁大学毕业回来的。他商店里有很好喝的沙棘果汁和山楂果汁。真的很好喝。
山东财经大学和青海大学比谁更好？？,地区政策性都是唬人的 青大一般都知道是青岛大学，没有说青海大学的。青海大学虽然有个牌子但是教育资源发展就业环境各方面落后的不是一点半点。 你有山财的分，能上西藏大学，你去吗？ 我当时还是在西南大学和青岛大学之间晃悠，我都没去西南大学，虽然重庆也是个好地方，西南大学也比青大实力强，但是还是觉得东部发达地区发展更快，可能性更大。
青海大学经济系好吗？,别来了！后悔4年
有没有人知道青海民族大学怎么样？在校的体验如何？师资如何？,必须要回答！！ 这所学校呢给我的感觉不像是大学！真心说！我现在感觉我在读高中！ 我没上大学之前打死也想不到大学居然要每天早上6:30起床7:00做早操（11月份以后就开始跑操）8:00开始早自习晚上7:00-8:35是晚自习！对了我是天天满课的，从早到晚！ 这和高中有区别么，还各种在我看来无聊至极流于形式的活动日复一日年复一年的举办（比如强制参加的讲座）！最重要的是还有整天跟在你后面的班主任以及每周一次的班会活动！等等我的三观都要被刷新了！    而且早自习和晚自习时候很多人都是在吃早餐晚餐睡觉玩手机什么的都很少人学习，特别吵，还不如让想学习的人去学习呢。而且作为一个大学，难道不该是开放型的么，学生可以自由的发展自己，可是管得这么严格试问哪里有时间去计划其他。还有一度想去旁听其他的课结果发现时间不够而且老师每节课都会严格考勤看到你不是本班的学生都会追问到底也不是很喜欢人旁听的样子。  然后强制要求住宿舍。每晚11:30熄灯也都有人来查寝。差不多天天查卫生。宿管和老师随意进出宿舍（而且为什么男生可以随意进出女生宿舍！！）  特别搞笑的是有时候老师出差我们也要去教室自习，然后做作业，等老师回来还要补课。还有所谓的上课几乎百分之九十都是全班同学在几间教室轮着上课，感觉就像是为了换教室而换教室，然而并没有必要。   学习的氛围真的不是很浓厚，读书的人很少，班上都没人看报纸读期刊，想买本看天下第一财经什么的杂志都没有。学生也没有所谓的独立自主，都是老师说什么就是什么。学生会和班干部也是老师的代言人，从来不会为学生考虑谋福利 。  我可以忍受教室的破旧可以忍受设施的不足，但是无法忍受学校可以大肆修建花园和池塘，却迟迟无法建好新校区的食堂，经常花圃在浇水宿舍楼却经常停水。
为什么在大学中普遍难见到青海的同学们？,因为全青海人口只有600万左右  每年的高考人数4万左右   去外地读书的也就2-3万  大学本科4年   在省外的青海学生10万左右   所以你可以想象  青海人到外地读大学  就像一滴水撒进了大海里   所以就很少看到咯
