四川农业大学转专业好转吗？,转专业要求：最好过四级，然后不挂科，专业前20%，好像是这样，挺容易的，热门会难一点，好像2016级开始不可以跨校区转专业
四川 文科男 560 去211的东北农业大学（哈尔滨）还是上海海洋大学？,任何一个211都比海洋好
四川农业大学文化产业管理怎么样？,每个人看法不一样，如果你喜欢这个专业，并且好学，你肯定可以收获很多，我不是文化产业管理的，但我有认识的人是，我觉得她们面临的机会也挺多的，关键还是自己回去争取，而不是坐等机会来找你，关于转专业的话，2017届的实行大二上半期提交申请，大三转入，比之前来说转专业后要补的课可能会有点多哦
四川农业大学雅安校区，我想转专业，女生，我读的建环专业，？,想要好就业的，可以选择财务，会计，计算机，人力资源。无论是在大城市工作还是以后回老家考公务员都可以。但是这几个不是学校王牌专业。 学校王牌专业是农业，园林，动物医学，动物科学。 个人觉得，为了就业，不选王牌专业也可以。 至于你说的转专业多读一年，我不清楚。我觉得，只要你能3年内上完所有课，学分都拿到，就不会多读一年吧！具体可以问问自己的学长学姐。
四川农业大学为什么能成为网红大学？,  首先我很庆幸自己能在这所网红大学里欢乐的学习与生活，在这所网红大学里，感觉自己的生活每天都多姿多彩。   我们的空调是微博刷来的，咖啡厅是微博刷来的，商业街是微博刷来的，新食堂是微博刷来的，而且我们有一个拥有五万粉丝的贴心的校长，我们的校长会在微博里与我们的同学互动，这也就是一种了解‘’民情‘’了吧！哈哈哈，而正是这样，我们的同学可以通过与校长互动，可以得到更多的满足。   而我们的同学也在为川农成为网红大学贡献了自己的一份力量，比女生寝室还美丽的粉红男寝，笑到不能自已的川农食堂表情包，还有优雅高端的新食堂，这些都成为了川农成功上头条不可或缺的一部分，当然还有我们的食堂的叔叔阿姨们不可或缺的一份力量，在蓝廋香菇这个网络词语热火朝天的时候，我们的网红大学的食。的叔叔阿姨们就做了这样的一道风味独特的菜系，还有成功上头条的橘子炖排骨，这些都有利于越来越多的人们去了解我们的网红大学，我们的川农。   然而，除了这些以外，我们还通过其它的方式进一步取得知名度，成为网红，之前的范冰冰剧组来到我们学校的宣传，一度让我们的学校热火朝天，接着就是苏有朋的左耳剧组，再是张嘉家的演讲，这些都在提高我们学校的知名度，让我们的学校进一步的在网红的道路上越走越远。   当然我们学校的魅力远不止这些，我们的影响力绝对也不是这些表面的东西，还包括我们学校雄厚的师资力量，优秀的毕业生等等，让我们学校变得越来越完美。
四川农业大学财务管理和农林经济管理专业哪个好？,作为本校农林经济专业的一员 我可能说话会有失偏颇，但农经作为川农的传统优势专业，是不会比财务管理这类经济热门专业差的，学院的很多大牛都是农经系的老师。
四川农业大学的远程教育怎么样，翻译专业呢？,只能说川农农业方面会好一点
如何评价四川农业大学官微针对虐猫事件的响应？,利益相关：川农在校生。  先定基调：虐猫这两人的行为是可耻的、幼稚的、不理智的、无人性的、严重玷污川农声誉并应当严厉谴责的！  国有国法，家有家规，川农自有川农的管理章程，一切照章办事。既然国家没有此方面的立法，说到底是个道德问题。官微公关确实令人捉鸡，但毕竟还是按规矩办。结果一群圣母在下面吼开除，不开除就把我校和全体师生婊得飞起，什么生殖器官、人渣学校都招呼上了，那嘴叫一个脏。这像一群有爱心的人吗？！你怎么就不讲川农培养的兽医还救了那么多猫狗鸡牛羊猪呢？你这么有情绪怎么不去政府门口搞个抗议要求朝廷立法，直接让那俩蹲大牢，岂不快哉？呵呵，可惜键盘侠总是最好当。另外，开除了事，作为一所学校，不觉得是最low的做法么？  虽然我也真心对这两个虐猫的愚蠢且残忍的家伙出离了愤怒，但如果川农真的因为这样一群“爱心人士”的压力而扭曲自己制定的规章开除他们，那才真是打了自己的脸，砸了自己211的招牌。
在江西农业大学人文学院求学是种怎样的体验?, 大学最重要的就是老师!      图为人文学院院办厚德楼，来自网络。 中文系老师一览（排名不分先后）: ⒈潘志刚 湖南师范大学学士、广西师范大学硕士、四川大学博士。主攻汉语词汇学、语法学，尤其是中古汉语。学识厚重，为人老成。教授课程:语言学概要、语法学。 潘老师是个很简单的人，不懂什么复杂的人际关系。教学很认真，有时看到大家不愿学，会吐槽这届不如下届。鼓励考研，从大一便灌输（开学时我觉得潘老师操之过急了，后来我觉得有点晚了），乐于帮助学生学习。 ⒉陈建锋 学术课题达人。为整个中文系里拿课题研究最多的一位老师。主攻现代汉语。教授课程:现代汉语。 个人评价:重学术甚于育人（不是说不育人，而是对比育人，学术很强）。为人平易近人，教学不死板。略有“愤青”气质，敢于说实话。关心校园管理及学生社团，并积极参与。 ⒊徐凌 西南大学硕士，四川大学博士生。主攻古代汉语。教授课程:古代汉语。 教学积极负责，上课积极点名，是所有老师里叫学生上台演板提问次数最多的老师。关心学生，热爱工作。 ⒋孙尊章 华南师范大学学士，西南师范大学（现为西南大学）硕士，浙江大学博士。主攻古代汉语词汇学，文字学学者，校对强人（不少出版社编辑整理专业书的“外包专业户”）。教授课程:交际语言学。（最近还获了奖。虽然我至今仍不知道啥叫“交际语言学”） 极其谦虚的一位“热心肠”。学识渊博，教学有趣，为人幽默，机智，灵敏。是整个中文系里教学最受欢迎的老师。处事遇急不惊不怒，好儒家中庸之道，有古风。喜辩才，有理性，说话很有特点。交友广泛。 ⒌张欣 中国传媒大学的BUG，天生的考试奇才!为该校创校百年来第一个提前毕业的学生。主攻现当代文学。教授课程:现当代文学。 为人貌美，体弱，符合中国古代香草美人的标准。教学还行。 ⒍程思义 主攻古代文学。教授课程:古代文学和现当代文学。 半路出家的文科生，社会阅历极其丰富的“老人”。总是看不惯社会的负面，对社会一腔愤懑，属于中老年“喷子”。教学质量还好，凑合吧，但很负责任。个人认为，嘴比手厉害。吐槽功夫近来有涨，但教学不见有啥改进。不大重视学文的男生，要求很多，喜欢挑刺，思想有点保守。但人很好。 ⒎夏成 主攻:比较多，也不知道他啥专业毕业的。教授课程:西方文论。 号称“中文系男神”“牛仔裤男神”。其实也不帅，属于气质男。谈吐风雅，胸有文墨，有知识分子的风度。爱好杂且广泛。不善人际关系，但谈起学问来，滔滔不绝。教学认真负责。爱家庭。 ⒏郭晓婷 青岛大学学士硕士、首都师范大学博士主攻古代文学。教授课程:古代文学。 一位具有“百家讲坛”风范的女老师。喜欢段子，并擅长创造。讲学精彩，极易吸引学生注意力。有个性，颇具女权主义色彩。 ⒐段祖青 记得是湖南师范大学的博士。主攻古代文学。教授课程:古代文学。 “小青”老师为人厚道，学术味浓，也不爱交际，有着自己的象牙塔，喜欢书，爱买书藏书。 10.彭晶晶 新闻专业老师。教授课程:广告与文案写作。 讲课很认真，很专业。从她上课来看，有一套成熟的教学方法。对于广告文案写作教学，有着清晰的认识，善于开发学生潜质，激活学生思维，而且她的课很有趣，善于用多媒体教学，上课效果好。 11.姜艳青 中国传媒大学毕业。教授课程:演讲与口才。 美，美，美，美! 美也就算了（好吧，其实不能算了），还教学那么认真，那么负责!结课的时候让我们对她提建议。不少同学趁着这个机会称赞她美!…………话说老师让你们提建议呢………… 12.郑哲清 今年刚来的新老师。教授课程:播音与主持艺术。 有点萌胖。教学很负责。来的第一年教我们大四，每次上次不过五六个人，照样教。是澳洲悉尼大学的留学生，上课经常插入些他留学澳洲的故事，很有趣。 13.王桂兰 院办老师。接触蛮多的。做事规矩，按学院程序来，会夸学生，也有生气的时候，当然那肯定是学生捣乱了。 14.苏秋玲 做事从来不慌不忙，很淡定的一个人。 15.陈小志 做事有一套。有时很可爱，有时有成熟大人的一面教你，整体还是可以的。（所以有学生说他官僚作风，我不大认同） 16.宋琳 已经去杭州读研去了。在校期间，人很负责，也蛮有想法。 17.鹿光耀 人还不错，做事也认真。 18.谢园琳 好像管理专业的学姐，漂亮得没话说。清瘦而有气质，我喜欢。做事也认真。 19.王志发 书记一枚。有主见，做事有张力。 20.院长等没接触过的一系列人。副院长见过，还好，说得上话。 21.黎瑛 教授课程:美学。 人文院职称、官衔最高。不谈教学，就谈她在学校的影响，让人文院好歹有了个能说话的人。 22.李红慧 好像是西方文学老师，忘了。 兼职:大学老师。 讲课很专注。 23.好像还有位秘书学老师，忘了。。。好吧，我承认我上课不认真。烦劳下面的补。 24.曾继军 之前打错了，感谢知友指正。 帅! 教授课程:近代史纲要。 讲课生动有趣。本来他上的都是大课，大课什么情况，大家都清楚，几个班根本管不过来，很多时候就是消耗充电宝。但曾老师，很帅，不仅是人，更是指他的讲课方法、举止风度，以及他的谈吐，其历史功底不是盖的。 25.戴幼玲 思修课老师。 讲课很宽容，为人很好，对学生平易近人。对下一代的教学也有自己的看法。 不知是否还有缺漏。如有，烦补。  农大虽破，但老师不破。这里的生源有一部分是一本，大部分是一本到二本之间，不少接近一本。如在这个分数，想来南昌读文，来农大认真学，上面哪个老师都够你学了。 PS:汉语言文学这一专业，省内除江西师大、赣南师大（原名赣南师范学院，今年改），农大、财大、交大、昌航、昌大的水平其实都差不多。区别在昌大是211，财大、昌航、交大名字亮，农大名字“土”。其余的就不提了。         雨后农大         南区足球场（晚上最热闹的地方）         农大后街一景         考研楼旁边背书的小树林 
学农业专业的大学生就业都是在哪个省份?,我学农的，同学有的去了四川，有的去浙江，有的去云南，有的在上海，我之前在无锡 浙江农业发展的很好！大公司很多！
什么时候的四川农业大学最美？,每天少把什么“川农最美，雅安最美，梧桐大道多么多么美，雅安山清水秀”之类的话挂在嘴边，川农这学校或许还有救。我从没见过哪个学校像川农这样只知道把一些自我麻痹的鸡汤天天拿出来喝，整个雅安校区大多数人好像中毒了一样，热衷于摆出一副“岁月静好，现世安稳”的样子。睁开眼看看吧，双一流川农还会有份吗？川农还是前一百的大学吗？真是不理解，雅安这么差劲的地方居然还会有人待得津津有味。
对于四川农业大学雅安校区 大家有什么评价？,没有四川农业大学雅安校区，只有四川农业大学和雅安学院（西康大学）
怎样看四川农业大学的学生连续在微博上包办了范冰冰和苏有朋的微博评论？,因为现在我们大川农不是农忙季节 嘻嘻
四川云海农业科技有限公司在哪里呀？,我记得是在成华区
如何评价四川农业大学的110周年校庆?,学校搬来成都后这几年发展势头很强劲，风气一新。近几年在战略大方向的把握上也基本正确，人才招聘和生源质量也逐渐走出了困境，分数线连年上扬，来应聘的高层次老师门庭若市，整个学校总算是从雅安时代的不断衰落中渐渐振作起来了。希望学校能够以此为转折点，和闭塞落后、僵化保守的旧氛围彻底告别，开启高速发展新时期，回到一所211高校应有的位置上去，重现往昔的辉煌。  另外，这里又不是张校长的微博，不知道某些校友在这种公开场合大发牢骚，除了营造出一派“末世景象”，还有什么建设性意义。某些负面现象，不去找学校着实批评反映，不去敦促校方一点一滴地改善，连匿名信也不敢写，在这里发泄一通有什么作用呢？ 茶馆里救中国，显得怯懦。    面对怨气满满的同学诸君和闻风而至的社会喷子，站出来客观评价的人，却是985外校的。真是讽刺。 或许是“农业”二字带来的自卑感作祟，争先恐后地唱衰学校这种事，那些二三本都没怎么出现过，却一直是川农特色怪现象，仿佛明天这学校就药丸了。那么，真的药丸了么？这几年来，这个学校是在走向毁灭，还是走向复兴，我想真正关注学校动态的同学都心知肚明。  清者自清，浊者自浊，看不惯某些现象就独善其身，有问题和需要就正面向校方反映，写封匿名信痛斥校方一顿也比在此牢骚有用得多。悉悉索索地抱怨并无甚意义，对解决问题、改善现状也无甚帮助。学生和学校是一个相互促进和指导的关系，而不是一个消极内耗的博弈。  当诸君学会在现实中利用各种有效渠道反映自己的合理诉求和意见，而非终日腹诽之时，也才是川农人真正具备大学生独立、自由、民主精神之时。唯有此途，川农乃至这个国家才会发生实质性的改善。
四川农业大学金融学考川大硕士容易吗？,你提问的方式就有问题。让人怎么回答？   先做个自我介绍，比如本科学历，在校成绩等  如果经验足够丰富的答主，基本根据的你的信息大致判断你能不能考上
为什么四川农业大学是四川省教育厅直属？,因为四川农业大学水平很差，硬件设施条件也不行。事实上改成雅安市教育局直属比较符合它的实力
四川农业大学药物制剂是冷门吗？今年四川理科542希望大吗？,先占一个坑，等学长了解下再来回答。   刚刚去看了一下。我是环境学院生态学的。制造专业真的不是很了解。但绝对不是冷门。只是找了几张图。详情关注川农官微。               最后。。。。谢邀 (°o°;)
四川依顿农业要赴伦敦证交所上市，现在正在开宣讲会募集资金。这事靠谱吗？,必须是骗子啊，你还想啥呢？上市就是去圈钱的，然后现在还找你卖股份？我都要上市拿好多亿了还找你干嘛？
四川农业大学官网上能看到自己的辅导员吗？大一新生急问~求各路师兄师姐解答？,不能吧
在中国农业大学就读是怎样一番体验？,我相信，绝大多数人是因为分数不高却想上一所帝都的985而报考了中国农业大学，我自然也是其中一员。身为黑龙江人，家乡的风气就是认为，北京的大学就是好大学，进京比什么都好，如今却感到深受其害，没有坚持自己的想法去四川大学、重庆大学、中南大学等这些在地方性的综合性学校，就读体验嘛，当然就是“后悔”二字。 帝都的高校除了清北，其余的学校都只是在某个方面独大，综合性太弱，这差不多可以归因于当年学院路的建设，这使得这些学校风气太过专一，难以出现综合性大学的思想百家争鸣的景象，文艺气息更不用提了，约等于零吧。 身边的同学来自全国各地，而在其余各地，都很少有像黑龙江这样，帝都学校分数虚高的现象，大多是考不上川、山、重、中南这样的学校而来到这里的，当然生物试验班除外，那里都是一群满腔热情的学霸们。 校园面积小，几步就走完的校园确实没什么意思，帝都寸土寸金，这也是普遍现象。基础设施建设就不说什么了，西区呵呵了，东区虽然比西区强一些，但照其他985还差得远。还有就是饱受诟病的图书馆，小的可怜，藏书少，大多陈旧，这是985的图书馆？我不相信。 学校机会少，好专业就业差，就业好的也不是那么强势，在帝都人才云集的地方，学校能提供的机会真的是太有限了。 唯一的好处就是地处北京了吧，想做什么好像都有人陪你做，也有机会认识更多的人。 对于我来说，真切没有体验到我想要的大学生活，而看着去了综合性大学的同学们，机会众多，羡慕不已，对于高考志愿填报表上第三志愿和第四志愿的那个交换，让我走进了农大，当时如果坚持自己的意见，现在就在川大的校园里了，那里，也许是更好的生活吧。
如何评价四川农业大学的动植物检疫专业？,已毕业，怎么说，总体看来这个专业在动物医学甚至小动物医学之下(小动医已经不招生了，二本，超值的一个专业)，具体细化到课程上大致比动物医学和小动医少了内，外，产等三到四科临床科目，挂着一本专业的名，实际是个阉割专业，不过现在好像好一点，多了几门植物和昆虫方面的课，有兴趣可以去学校教务处网站看看培养方案，不过我觉得加的这几门课实际意义不大。本科的话毕业时会有校招，职位大抵就是饲养员，技术员还有医药代表，销售之类的，总之不太好，尤其对于女生来说，非常不好找工作。考公对口单位不多，所谓的海关绝大多数不要这个专业，检疫局这些往往要研究生。考研的话兽医方面主要就是预防，基础方向，近年来兽医口的本科生越来越多，考研也越来越不容易。跨专业的话也无非就是生物大类的（因为学这专业的物理，数学都废了，跨考难度太大，而且别人导师不见得要你，不过我那年有牛人考到金融方面研究生的)。总而言之，如果你对生命科学(对，你没有看错，生命科学，不要以为学个兽医专业就是给猫猫狗狗看病做手术，中国的农业大学里兽医专业绝大部分不教这个，主攻分子生物)感兴趣，又是男生，且物理数学不好的话，这个专业还是很不错的，学校又是211，平台也还可以，只要你努力，将来深造去个北大，清华，中科院也是有可能的(最后极有可能沦为生物男/女的下场)。如果要来川农读，首选动物医学，川农整体风气较为自由，一定要有自制力。不符合上述几个条件的同学很不推荐你们报考，这专业，现在就是个鸡肋。
学动物医学去华南农业大学还是四川农业大学？,华南农业大学是211嗷
四川农业大学住宿条件怎么样？各个校区？有人在那里读书吗？,同类大学里最差的 没有之一！！！
本科二本，女，英语专业，现大二，考研想考营养与食品卫生学，中山大学好还是四川大学好？求各路大神指点？,作为一个过来人（食品科学硕士，目前为一名"营养师"）可以明确地告诉你，这条路相当苦逼，既不高大上，钱也不好赚。  不过要是你真的特别喜欢这个专业，而且恰好想在北京发展，不妨考虑下中国农业大学。或者最好出国读研，然后去外企工作。  四川大学和中山大学不太了解，不好评价，自己斟酌吧！
在四川农业大学就读有什么体验？,感觉就是这所学校不怎么正规，有点像野鸡大学。专科的环境，二本的师资，招一本的生源，有点欺骗学生的意思。所以希望高三毕业生不要报考这所学校
成都理工大学与四川农业大学相比怎么样？,本人四川农业大学毕业生、家人在成都理工大学任教，从小在成都理工大学长大的我觉得我有资格回答一下这个问题。  抛开专业谈大学实力都是耍流氓。 四川农业大学前身是四川大学农学院，在农学、动物学、风景园林、植物学这些领域一直都是优势学科，总的来说还是在生物科技和应用上比较在行。成都理工大学前身成都地质学院（我家到现在还简称它 地院），在理学、地质学、工程学、环境科学这些领域也是颇有建树。这两所学校都是带着专业背景的综合性大学，有所长有所短，以己之短度他人之长是很不明智的。  再谈谈学术深度。公平公正的说，211平台拥有着很多不错的科研资源，但是由于川农多校区布局，学术资源也略微分散（成都校区＞雅安校区＞都江堰校区），而成都理工单校区布局让学术资源大大集中（成都理工大学南校区姑且不谈）。两所学校都拥有着硕士和博士授位点，四川农业大学的专业相较而言还更广一些（硕士点82个 博士点50个），成都理工大学则以优势学科为主，相对比较深入（硕士点138个 博士点41个）  但是对于本科生而言，更重要的是师资力量上对比和课程设置。四川农业大学有教授323人、副教授578人。成都理工大学有教授241人，副教授559人。课程设置这里没有办法分析，题主根据自己想学的专业再去了解吧  学校软硬件设施方面来讲，四川农业大学成都校区是新修建的，软硬件条件都不错（就是食堂少图书馆小），雅安校区是老校区了，硬件虽然陈旧一点，但是软件还是不错的。成都理工大学近年来一直在扩建，学校相当的大，新修的东区硬件条件也是不错（食堂多啊好羡慕还有1元钱的校内公交），软件方面不是在校学生不清楚，但是给教师这边的福利还是不错的（网络 水电 食堂价格等）。  学风和文化建设方面，两所学校各有特色。川农学风一直不错，学术讲座和图书馆、自习室随时一座难求，竞赛参与度和获奖次数也是比较可观的，就是文化建设略为不足，当年张强校长在任时川农的文化活动还有模有样，现在换领导了据我了解很多社团都怨气比较重。成都理工大学的教学资源也是很充足的，学风可能略逊于川农（只是经常听家里人提到这方面的话题，并非成都理工学生，可能不太严谨），但是社团活动上感觉还是搞得不错，经常能在成都理工的校园里看到各种文体活动（食堂边的电影院真是太棒了从小看到大）  啊絮絮叨叨了这么多，题主还有什么问题就问吧，我也不知道讲什么了。师傅领进门，修行看个人。学校给的是平台环境和资源，如何规划自己的大学，拿到怎样的结果，都是自己给的。
四川农业大学王牌专业？, 谢邀，拒绝回答。  我不知道啊，怕耽误你 
四川农业大学成都校区有什么优势专业推荐？,在回答前，希望题主知道，川农成都校区的优势专业和高分专业是不一样的。 优势专业当然是“农林动风”，农业大学当然是以农林类专业作为强势专业，川农农学院的农学、林学院的林学、动物科技学院和动物医学院还有风景园林学院都是川农的优势学科，这些学科都是全国排名前列的，另外，动物医学院和美国普渡大学，风景园林学院和台湾高校都有许多的合作项目，当然优势学科还包括园艺学院的国家级特色专业茶学等等涉及农业的学科。关于优势学科，题主可以查看川农的学科排名。这些学科了，属于学院的老牌优势学科，但是了就业上可能不太尽如人意，一般走科研方向的比较多，当然也有做兽医的。 但是优势学科不等于高分学科，也不等于好就业的学科。在川农，成都校区的三大高分专业与转专业热门就是这种情况，风景园林学院的风景园林专业，经济学院的金融专业、管理学院财务管理专业不仅是整个川农收分最高的专业也是全校转专业最热门的专业，除此以外风景园林学院的园林、管理学院的审计、经济学院的投资、林学院的产品设计则是第二热门与高分专业。这些专业，非常热门，报考的人多，专业内部竞争也是相当大，而且学校近年来也越来越重视，这些专业虽然就业上并不是专业财经类院校，但是就业还是有保证的而且经管院也是考研保研很多的学院。 所以希望题主一定要注意各学院的区别，答主见过因为分不清园林和园艺导致大学四年很烦躁的人，也要考虑未来的发展，不热门不优势的专业不一定不好，关键是看你自己，答主既看过以高考最高分进入川农最好专业的人混吃等死，也见过在一个不被重视的学院一个不被重视的专业一个不被人重视的师姐报送到国外名校（英国），所以关键在于你自己。
四川农业大学转专业？,可以，但是不能跨校区跨一本二本，在哪个校区？
听说四川云海农业科技出了一个新型品种的种子 加单8号，那是什么呀？, 一个新型的玉米，很好的。 
听说四川农业大学会全部搬到成都校区？,...... 估计不可能，现在都不允许跨校区转专业了。 如果是真的的话，我这个都江堰校区的会开心死的。 
成都都江堰四川农业大学周围有好的学习第二外语的补习班吗？,你想学的话，我觉得川农都江堰校区的老师很不错。原因如下: 第一，同一个校区，同一个梦想。第二，自家孩子自家疼。只要你愿意学，老师会指点你的。第三，校内老师名望在那，不必担心师资。 据我所知，原商学院的商务英语专业，经贸管理专业，甚至土建院，旅游学院的部分老师，很多都是留洋归来，没有留洋的老师也基本上年年出去交换学习。思想观念和教学方法都独树一帜，遥遥领先校外人员。题主肯定在校住宿，那近一点你也方便安排时间学习。个人意见，仅供参考。
四川农业大学的法学专业有到台湾或者北上广的学校做交换生的机会吗？,怎么会有这么愚蠢的问题……北上广的交换生，你是外国人吗？
被四川农业大学录取，想跨校区转专业，学校不允许，这个时候要怎么办才能达到我跨院转专业的目的？,题主，这里也是一名大一新生，也是想跨校区转专业。你现在了解到了什么情况了吗？我前几天打电话给雅安那边，说是16级以后不能跨校区转，大二上提交申请，大二下转。
如何看待近日四川农业大学校方强行推动学生厌恶的易班app现象？,  我们吧 虽然基地在我们学校 但是我们很多人都卸载了的 没卸载的也基本上没有点开过了  为啥你们这么惨  郫县西字开头某学校 
2017四川等位分+甘肃农业大学+志愿填报?,同学你好，甘肃农业大学的农学是一本专业，一般四川人想不开才来这个学校，所以我就是去年那个想不开的四川人
四川农业大学的陈学伟会不会是下一个韩春雨，有谁做过重复实验吗？, 不懂韩春雨那块，但是植物抗病这块我略有了解。  以我浅薄的知识来判断，不会出现那种情况，因为韩做的是一个高端的技术，验证起来极其麻烦。而这个课题不是前沿科技，材料的抗性是他们实验室之前发过文章、经受过检验的，整篇文章基本没有任何新技术，正向+群体遗传+蛋白一应俱全，机理也最终link到了之前就报道烂掉的过氧化物抗病信号通路。  可以说，这是一个独有材料+庞大的工作量累积起来的成果，取胜点并非天马行空的idea或者超高端的实验技术。这就意味着，这个工作留给你解释和忽悠的空间非常小，业内把这个基因型一检测，转个基因，就能投入应用了（水稻转基因so easy）。 
四川农业大学水利水电学院有可能搬到温江去吗？,不可能
今年被四川农业大学投资学录取，该怎样规划自己的大学。？, 。谢邀  。  角色是人生转换的重要课题，从高中到大学无论是从学习方法，还是生活方式，人际交往都会有全新的感受。正为如此，在英文中，大学新生一词叫“Freshman”，这个词蕴含着新鲜的意思。代表了步入大学后，将会出现许多新的体验、新的希望、新的追求。新生也只有积极地了解环境、适应环境，才能在新的环境中，重新认识自己，找到自己新的发展机会。  一、适者生存  大学新生刚刚由高中到大学，通常面临的问题有：  1、生活的适应。告别了原先已熟悉了的一切，远离父母，要独立处理生活中的一切事情；大学新生来自五湖四海，不同个性间的相互包容，看似平凡小事，却时时都在对每个大学生进行着待人处世、品德修养的检验。  2、学习的适应。大学里，班级观念淡化，没有固定教室，一二百人一起听课，上课常常像打游击战；老师可能要布置大量的课外阅读书目，学生也有了比高中相对宽松、自由支配的时间。  大学教师的讲课不像高中教师那样深入浅出，常常是提纲挈领式教学或引导学生自学。在学习目的、教学内容的广度和深度以及教学方法上都有许多不同。  3．情感需求变化的适应。目前在大多数中学校园里，青春期性健康教育尚属空白，一些正常的男女同学异性交往得不到引导，甚至遭到指责；而大学里，相对宽松的异性交往空间，使得原本被压抑的性心理得到释放。由于社会多元价值观的影响，更主要的是缺乏青春期性生理、性心理以及性伦理、性法制、异性交往方面的知识和技能，使得部分大学生面对异性的求爱、自己对异性的爱慕以及失恋、性骚扰行为等不知所措。  二、积极调整  大学生是一个特殊的群体，社会的要求高、家长的期望高、个人的成才欲望强烈。又由于大学生心理发展尚处于未成熟阶段，缺乏社会经验，是心理障碍高发、易发群体，加强心理的调节非常必要。  心理素质是一个人在先天禀赋的基础上，经过后天的教育、环境的影响而形成的一个心理品质的整合。  入学时，大家的能力相差不了多少，但是到了大学毕业，却惊奇地发现：彼此能力的差距可能已不是几步之遥。对大学生来说，这种差距绝不是智力上的差异造成的。奥秘在哪里？大量的研究表明，差异主要是在非智力因素上，即智力以外的情绪情感因素、意志品质、道德责任感、人生态度、人际关系、兴趣爱好、性格等。  面对大学新生活中的问题，需要大学新生从新的视角去认识，去体会，去学习。  为自己制定一个切实可行的目标。不仅有学业方面的，还应有个人修养、体育锻炼、兴趣发展等方面的内容。对原来的一些不切实际的目标，要做适当调整，使自己有更好的心境投入新的学习生活。  三、学会发展  在人的一生中，有许多事情要做，求学、立业、恋爱、结婚等。其中最重要的两件事就是学做人，学做事。在大学阶段确立的目标会对今后的发展产生不可估量的影响，它与人的基本素质的完善有着密切的联系。高尔基说：“一个人追求的目标越高，他的才能就发展得越快。”如果说高中里的目标比较单一、简明，包含较多的个人幻想成分的话，那么大学里的目标就应该更深刻、长远，包含更复杂的社会因素，应该更好地把个人愿望和社会需要统一在其中。也就是要认识到：我适合干什么，社会需要什么，我能干什么。  大学阶段新目标的确立，实际上是人生目标的确立。英国著名的哲学家怀特海先生这样说过：“在中学阶段，学生伏案学习；在大学里，他需要站起来，四面观望。”只要站起来，向社会、向历史、向未来、向生活的各个方面放眼展望，才能把握住恰当的目标，促进自己全面发展。    工作  职业生涯目标抉择  　　所谓目标抉择，就是在职业生涯路线上，确定自己的目标。即，多大年龄，实现什么目标，干成什么事业，要清清楚楚地在生涯路线上标示出来。目标的确立是有科学性的，方法不对，目标就毫无价值。甚至为了一个不科学的目标，拼搏奋斗，浪费了时间，耗尽了精力，终身一事无成。这也许是人生在世，谁都想成就一番事业，而实际上成功者只是少数的重要原因之一。  　　人生确立一个什么样的生涯目标，要根据主客观条件来加以设计。每个人的条件不同，目标也不可能相同，但确定目标的方法是相同的。下面就如何确立目标的重点作一介绍。  　　目标的确立要符合社会与组织的需求。职业生涯目标，如同一种“产品”。这种“产品”有市场，才有“生产”的必要。故在确定职业生涯目标时，要考虑到内外环境的需要。有需求，才有位置。  　　目标的确立要适合自身的特点。不同的人有不同的特点。这种特点就是你的性格、兴趣、特长等。要将目标建立在你的最优性格上、最大兴趣上、最佳特长上。如做到这一点，就能左右逢源，心想事成。  　　目标的确立要高低恰到好处。生涯目标是高一点好，还是低一点好呢?总的来看还是高一点好 。有了远大的目标，能起到激励作用。但目标过高。脱离了实际，会因好高鹜远而招致失败。目标太低，不用努力就能实现，目标也就失去意义。  　　目标的确立幅度不宜太宽。奋斗目标有高有低，专业面有宽有窄。在确立目标时，是宽一点好，还是窄一点好呢?从科学的角度来看，专业面越窄，所需的力量相对较少。也就是说， 用相同的力量对不同的工作对象，专业面越窄，其作用越大，成功的几率越高。所以，目标的幅度不宜过宽，最好选一个窄一点的题目，把全部精力投放进去，较易取得成功。  　　目标的确立要长短配合恰当。目标的确立应该长短结合。长期目标为人生指明了方向，可鼓舞斗志，防止短期行为。短期目标是实现长期目标的保证，没有短期目标，长期目标也就不能实现。特别是在职业生涯发展过程中，通过短期目标的达成，能体验到达成目标的成就感和乐趣，鼓舞自己为了取得更大的成就，向更高的目标前进。但是，只有短期目标，看不到远大的理想，也会失去奋进的动力，还会使人生发展左右摇摆，甚至偏离发展方向。  　　同一时期目标不宜多。就事业目标而言，同一时期目标不宜多，最好集中为一个。目标是追求的对象，你见过同时追逐五只兔子的猎手吗?别说五只，就是两只也追不过来，因为那几乎是不可能的事。所以，在确立目标时，最好把目标集中在一个集点上。  　　目标的确立要具体明确。目标就像射击的靶子一样，清清楚楚地摆在那里。如果目标含糊不清，就起不到目标的作用 。例如，有人打算决心干一番事业，具体干什么，不知道，这就等于没有明确的目标，自以为有目标，而没有明确的目标，不仅起不到目标的作用，还可能造成假象。投入了时间、精力和资金，却起不到“攻击”目标的作用，10年过去了还是一事无成。  　　目标要留有余地。生涯目标要留有余地，也就是在实现目标的时间安排上，不要过急、过满或过死。如果过急，比如需要5年才能达到的目标，订为三年或两年，就会“欲速则不达”，不是计划落空，就是影响工作质量。如果安排过满，在同一时间里既做这个，又做那个，结果会顾此失彼，身心太累，而无法坚持。如果安排过死，如规定某一时间只能做某事，若遇某些干扰，无法完成，又没有补做时间，必然会落空。  　　要留有余地，就是要留有机动时间，即使发生某些意外，也有时间和精力机动处理。 当然所有事情都需要你保持一个平和的心态，不要急于求成，不要好高骛远，要一步步地积累，一点一点努力，要相信厚积薄发。  ————————————————————————————————  说了一堆话，总结一下就是  大学就是为进入社会做准备，未来的职业规划是不可少的，不能以我还年轻，我有时间去慢慢选择。  这样是浪费，选择一个明确的方向真的是必不可少的。  最后，你究竟是为了情怀还是为了生存就是你自己选择了。 
对于四川农业大学称为网红学校你怎么看？川农是否有意维持这个称号？,这算是学校宣传方式的一部分吧。 表示学院老师和校区的老师都比较注重这方面，不知道这种风气是因网红大学而来还是网红大学是因为学校的风气而来。 在负责一些学院校区工作的时候，能感觉到学院老师的重视，比如说社会实践会尤其注重新闻稿的撰写，在媒体上的宣传力度等等。不知道其他学校是不是这个样子，但是感觉上有一点点的舍本逐末了。
四川某211农业院校学经管，读研想申请香港的大学经管类专业，从大一起应该注意培养哪些方面？,蟹腰~ 如果现在刚大一的话，能规划这么远证明你是一个优秀上进的童鞋，但是建议你不要要目标设定的这么具体，可以把香港的学校作为目前的一个目标，但是更多的经历应该放到利用大学时光提升自己的各方面能力上面，你的目标会随着你的成长逐渐变化的 香港的大学有八大公立学校，前几个名校的要求，GPA起码80以上， 需要考语言成绩和GMAT，多一些实习和实践活动会有加分，事实上到时候你具备了上面的这些，你的选择有很多，除了香港，欧美，新加坡都可以考虑， 祝你成功！
在四川农业大学读财务管理是一种什么样的体验?,财务管理大一男生飘过，表示以后工作不愁，大四毕业生男生签约率90%不过女生相对比较低了
四川农业大学与西南石油大学可以比吗？,n一个工科 一个农科 专业侧重都不一样怎么比  不过看了排名一二的两个回答自我感觉良好的程度实在是震惊了我，211大学真是牛逼呀     不想引战，匿了
四川农业大学收发室在哪里？,白房子
四川农业大学为什么能成为网红大学？,一群自以为是的人的让人尴尬的夜郎自大
四川农业大学的法学专业怎么样啊？,同学我高你两届 然后是四川农业大学法学系的 然后，我进来的分是571，文科，高了一本线20多 然后是擦线进的这个学校 然后你可能多考虑一下啦 ～～～～～～～～^o^ 如果你进来了，注意避开一个姓黄的老师，基本上就对法学系有好感了
“网红”四川农业大学因何而火？,确实如之前某个答案所说，这学校玻璃心的奇葩很多。所谓网红大学，只是一群吃饱了饭没事做的人搞出来的，学校管官微、宣传的那些人真的很LOW，整天就知道炒作一些跟学术无关的的东西。网红大学很牛逼吗？不好意思，这依然改变不了川农是个垃圾学校，雅安校区是一坨屎的事实。而且川大、电子科大这些真正厉害的学校根本不在意这些虚的，只有川农这种垃圾学校，把别人眼中的笑柄当成一种光荣。不好好想着把川农弄出雅安，整天自娱自乐，这学校也是没谁了
四川农业大学的川农牛有什么梗吗？,川农牛就是川农吉祥物啊，夏日晒被子必备 毕业前的合影神奇，其实川农牛代表了川农大精神，是川农大的象征
本人女，现大二。四川农业大学商务专科生，现自考四川大学英语本科，想进外企或酒店。不知什么职位适合？,  lz， 我还真想提你一个问题：在川农学English是一种什么体验？  the below are quoted from the internet   曾经有一个川农人说过：  以四川几乎每个大学都有的英语专业来说：  1. 英语专业建设极为滞后，不是211大学应有水平      从武书连2016中国大学排行榜中选出四川省综合排名靠前的高校，通过搜索各高校网站了解其英语专业发展现状，信息显示：以是否有英语专业相关硕士点为一个简单尺度，排名四川前10位的高校中，有且仅有综合排名第五、身为211高校的四川农业大学无英语相关专业硕士学位授权点。而排名11位及13位的西华师范大学和西华大学均有硕士学位授权点。并且这11所高校均先后获得了翻译硕士专业学位授权点。从这一点比较，川农英语专业建设和发展不仅远远落后于四川其余四所211工程大学，与省内多所兄弟院校相比也有不小差距，这与“多学科协调发展的国家211工程重点建设大学”的定位不符，与川农规模不相称。  2.现有师资实力不强，师资培养不力  据公开资料显示，现文法学院英语系虽有5位教授，15位副教授，但是目前全院无一位教师具有英语语言相关专业的博士学位。与兄弟院校相比，差距亦很明显。以同处温江的西南财经大学为例，其经贸外语学院现有教师70余人，其中教授7人，副教授31人，博士11人，在读博士12人。另外四川师范大学外国语学院有专任教师近80名，其中教授14名，副教授近40名，博士或在读博士近20名。与这两所学校比较可以看出：两校在读博士数量较多，在拥有较强师资力量的同时，依然重视师资力量的培养和储备，而师资储备是支撑学院后续发展的中坚力量。川农英语教师基础教学任务较为繁重，无硕士学位授权点支撑，区位优势不明显，难以直接引进高层次英语相关专业博士，而在职读博因学校政策几乎难以实现，师资建设难上加难。  你要毕业了现在怎么看？  --数据收集2016年。  
四川云海农业科技具体有哪些业务？,四川云海农业公司注册资本三千万元，是一家集农业技术开发与服务、农业电商、种子、种苗、农资生产销售与进出口业务于一体的综合性农业服务企业。 微信公众号 搜索 云海农业科技  网络和微信公众号 都有相关介绍
四川各个大学外联部联系方式，麻烦有几个给几个？,四川农业大学成都校区资源学院外联部QQ： 2871200271 
华南农业大学创业孵化基地进驻的膳爱瀛公司怎样？又了解的同学吗？, 膳爱瀛的公司的产品不错，最近推出的膳食一号在华南农业大学发售，要了解高校模式的要找华农学生了解，因为这个公司的高校模式是由学生开始运营的，听说很好很强大，下面是我在网上搜索到这个公司的资料，大家可以看看！  膳爱瀛（广州市膳爱瀛电子商务有限责任公司）    膳爱瀛是膳爱瀛电子商务有限公司旗下五谷膳食品牌，膳爱瀛是中国首家传承中国千年五谷养生历史文化的主力品牌，膳爱瀛通过“五谷养生疗法”从内到外调理人体各个方面，从调理身体五脏六腑开始，传承《黄帝内经》五谷为养的秘方，解决现代都市人的“亚健康”“富贵病”“肠胃病”“降三高”“心脑血管疾病”等各种都市病疗效显著，通过“食疗养生”有效清除体内毒素，从而改变身体健康状况。膳爱瀛五谷膳食以覆盖全国17省33市（包括广东、北京、山东、山西、陕西、四川、贵州、云南、广西、福建、浙江、江苏、江西、湖南、湖北、吉林、辽宁、香港、澳门等地），在全球膳爱瀛五谷养生体系已帮助超过一千万人通过改变身体状况成就美丽健康人生。    公司名称：广州市膳爱灜电子商务有限责任公司    品牌：膳爱瀛    外文名称：Guangzhou S.A.Y. E-business Company Limited    总部地点：中国广东省广州市荔湾区荔湾路荔锦商贸城二楼    孵化基地：华南农业大学创业孵化基地二楼    品牌成立时间：2014年    经营范围：五谷膳食、定制膳食养生    公司口号:让膳食成就健康·让健康成就未来    企业愿景：膳养天下、经世济国    企业使命：让膳食成就健康、让健康成就未来    企业定位：打造中国一站式膳食养生荣誉品牌    企业文化    责任：对个人成长负责、对公司利益负责、对客户健康负责    承诺：承诺自己、承诺公司、承诺客户、遵守承诺    包容：包容是一种学问、包容是一种艺术、包容是一种美德、包容是一种境界、包容是一种幸福。    改变：唯有改变才是永恒的不变    结果论英雄：用结果证明你所说的一切     企业宣言：    我们是一群平凡的企业家，但我们创造不平凡的故事，在荆棘丛生，天黑路滑的创业路上，经受着委曲和挫折，面对着不同的挑战，经历着別人无法理解的痛苦，体验看一次一次的辛酸和流泪，顶着巨大的压力，依然昂首阔步向前，因为我们有着强烈的社会责任感和使命感，我们不仅要实现自已的人生价值，而更重要的是帮助更多的人创造价值，为民族的振兴和国家富强呕心沥血，忘我奋斗。        发展历程大事记  2014  年膳灜创客由规划阶段进入正式建设阶段。    2015  年3月陈祈安、秦永财等人在一次膳瀛创客的商业研讨会议上谈论到养生话题，得到一个巨大的共识，发现了五谷养生的奥妙，看到身边通过五谷养生改善了身体状况和纺织了某些常见疾病，两人决定组建团队创造一个五谷养生品牌，把自古中国五谷养生文化传承下去。    2015  年5月10日膳灜膳食工坊品牌正式诞生    2015  年6月2日签订进驻广州合同    2015  年7月15日广东省体验店总部设立在广州市荔湾区荔锦商贸城2014号，第一间体验式店铺位于广州市青少年人流密集的荔湾区荔锦商贸城二楼，体验场所及商铺商圈面积总达1200平米。    2015  年7月18日膳灜膳食工坊上线18款特色产品、会员活动、品牌网站开放、品牌微公众号开放。    2015  年9月1日膳灜膳食工坊会员积分系统正式运营、购物商场、微商城同步运营，微商城招商系统正式开放并举办大型加盟店招商活动。    2015  年10月1日膳瀛膳食工坊分别在天河、荔湾开设五间加盟代理售卖点。    2015  年10月10日和佛山浩瀚维特、广州美商天下、澳门NATURAL DIY、广州潮食等建立战略合作关系，并于当天成立微商联盟部27位核心成员。    2015  年10月12日膳灜膳食工坊和多家厂家共同推出膳瀛二代产品上市大型感恩回馈活动，当天赠品超过268000元，活动举办非常成功，上线新增二代产品10款、一代产品6款产品总数已经增至超过30款。    2015  年10月19日膳瀛膳食工坊增加资并创立膳爱灜电子商务有限责任公司，加入2位核心股东吴文侠和李琼瀚，并由吴文侠担任公司法定代表人。    2015  年11月4日“膳爱瀛”品牌商标成功注册。    2015  年11月11日膳爱瀛双十一大型5倍返利活动大派送，活动非常成功7天时间共返利72万元人民币，再度创了膳爱瀛的业绩新记录。    2015  年12月12日膳爱灜再度上市第三代产品“战神系列”和“健康系列”并举办大型双十二买一送一活动销量再度特破，连续三个月300%增长速度。    2015  年12月25日膳爱瀛举办大型圣诞活动。    2015  年1月1日首批送礼套装上线并成为健康送礼首选，并于同日获得业界好评，被业界和膳食倡导者评为“亚健康改善专家”称号。    2015  年1月30日膳爱瀛战神系列五谷代餐粉在“今日头条”荣誉邗登在头版头条2小时。    2016  年2月15日膳爱瀛举办“大型红包送礼活动”，最高可免单，得到广大客户热烈的响应。    2016  年3月1日膳爱瀛首届股东会议，并正式选任“陈祈安”为企业首席执行官CEO，落实发展目标、定下新发展战略由0到1方针、由品牌到平台化、由O2O转战F2C+O2O等重大发展方向，公司将迈向一个新的高速发展阶段。    2016  年3月3日膳爱瀛成立独立特别项目“SAY Dream项目”，并选任“吴文侠”为项目总负债人，为膳爱瀛2016的高速发展打下了稳定的基础。    2016  年3月15日膳爱瀛第四代产品“膳食一号”进入筹备上市阶段。    2016  年3月25日膳爱瀛携手犹太中国共创千人峰会，膳爱瀛膳食产品获得客户一致好评。    2016  年3月26日膳爱瀛受邀出席华南农业大学万人紫荆文化华东    2016  年3月27日膳爱瀛和10多家热门商城零购商城、云在指尖、美商天下、云端商城、顺联动力、村村通、积宝网商城、E趣商城等成功对接。    2016  年3月28日膳爱瀛成功进驻华农孵化基地。    2016  年4月5日华南农业大学田立指导老师和领导团队到访，给于膳爱瀛多方面的指导建议，让膳爱瀛企业明确高校发展路线。    2016  年4月16日膳爱瀛第四代产品膳食一号隆重发布。  膳爱瀛膳食一号是一款将美味、健康、方便、高性价结合于一体的颠覆产品。它的全球发售价只为14美元，中国统一零售价为88元人民币。  
请问四川农业大学的一学学生是毕业工作好还是考研好呢？,能读研一定读，读研用不了多少钱
四川农业大学和上海理工大学的食品专业选哪个？,上海啊，机会多，很重要
上海立信和四川农业大学哪个更有价值填？,川农在读师兄。 如果家里条件还可以，建议立信 如果家里条件不太好，建议川农温江校区  家里条件好去立信，虽然学校二本，但是王牌专业会计完爆川农会计，在上海以后选择肯定更多，出国考研就业都是路，而川农的省内外比是7比3，大部分同学都是来自川内地区，若有志有条件出去见世面闯一闯，肯定上海更好。  如果家境不太好，从小眼光局限，恕我直言，估计到了上海会较难适应，选择川内一211学校保本也不差。但是切记，一定要是温江校区的专业！  还有，双一流快出来了，川农211优势会明显减弱。  关于你说的211筛选，如果你只是为了211好找工作而来到川农，你会后悔的，川内的就业情况好多专业都不如西南石油这些非211大学，毕竟实力摆在那里，务实的企业也都清楚川农的分量。
在四川农业大学使用有线网络是一种怎么样的体验？,那你是没见过每个月15块qq卡到掉线的年代，那个时候没有外面的宽带可以用，只有学校的网。那是11年以前的艰苦奋斗。
四川农业大学怎么样？百年历史是怎样的？百年校庆邀请了哪些明星？,垃圾学校历史再长也没用。再过一千年还是垃圾学校。川农谁读谁后悔  历史不重要，未来才重要。有些学校没有历史，但是很遗憾，川农没有未来
四川农业大学有没有分数极差？,有
如何看待部分网民不满四川农大奖励一篇《细胞》论文1350万， 痛斥这是学术腐败？, 不是川农的 ，不怎么认识川农的人，但是在农业大学集团里都属于不那么知名的高校，平常的日子怎么样可想而知。  知识分子发文章说，奖励越重的学校离一流大学越远，我同意，但是“奖励重”和“离一流远”孰为因孰为果，值得推敲研究吧？  现实中的川农确实不是一流大学，毕竟一流大学的学生连考虑就业都会被自己院长批评，他们的未来也都是诗。既然如此，就给这些日子过的艰难、眼前未来都是苟且的非一流大学一点别的活路吧！ 
如何评价四川农业大学动物医学专业？,王牌专业
四川大学在四川省内的声誉和地位，为何比不上中山大学在广东省内的声誉和地位？,川内5所211， 四川大学，西南财经大学，西南交通大学，电子科技大学，四川农业大学。  那4个学校属于在一直以来都在自己的业内的地位比较高的学校，电子科大尤甚，丁磊的母校，IT精英的摇篮。 四川大学是一个综合学校。历经多次变革合并，现在是实力很强的一个学校。 龙头大哥地位不可动摇。 但是 川大的小弟们各有所长，在自己的领域甚至强过老大。并且都不把老大当老大。 觉得老大上位上的不正。  因为  老四川人对川内大学的判断是自己心里有把尺子的。  川大在数次变革，合并中不断的壮大自己，其中干的最漂亮的，就是吃掉了华西医科大学。 当年四川声望最牛、收分最高、口碑最好的大学——华西医科大学，2000年被川大给吃掉了。  莘莘学子一片哗然，极其想不通。当年作为高中生的我们不懂什么叫综合实力，仅从学生的角度感觉这个合并，完全是蛇吞象。 当年华西好点的专业，收分要高过重点线100分，川大高20多就行了。  尤其是立志学医的同学，反应都是：安？那我那么辛苦考华西，今后居然拿川大的毕业证啊。 可见当年的川大口碑。 华西医科大学不仅是当年川内最好的大学，华西医院至今也是西南地区最强的医院。 在无数四川人的心中，直到今天，华西是华西，和川大没关系。   所以人心很散，队伍很难带，就酱。
四川农业大学和东北农业大学哪个更好？,楼上说的对，先看你想读什么专业，我是川农的，首先川农是211，今年又是建校110周年，周年庆也在筹备中，非常隆重，报考的话可以感受下，当然这些都是次要，川农的动物营养国内数一数二，遗传所方面也仅次中农和华农，风景园林专业也比较强，三个校区分别位于雅安，都江堰，成都，学校与美国、加拿大、德国、荷兰、法国、俄罗斯、澳大利亚、英国、日本、韩国等20多个国家和地区的30余所高校或研究机构建立了交流与合作关系，是全国首批有条件接受留学生的200所高校之一，也是国家建设高水平大学公派研究生项目签约高校。 而且四川这个地方天府之国，不用多说，前两天动物营养所所庆暨动物营养健康与畜产品安全技术创新学术研讨会近日在四川农业大学举行。两天的会议中，来自中国、美国、英国、法国、加拿大、荷兰等国家的30多所高等院校专家共同探讨国内外最前沿的科技与创新方案，就如何有效降低抗生素在动物养殖中的运用、优化养殖环境、保障畜产品食品安全等问题进行了交流。 美国伊利诺伊大学、法国PEGASE联合研究中心、曼尼托巴大学、比利时根特大学、荷兰泰高集团、帝斯曼(中国)有限公司、英国农业食品和生物科学研究所等中外专家分享了各自在饲料及原料霉菌毒素污染研究、养殖环境改善等所做的探索。你可以去我们学校官网查看招生简章。总之我认为川农是很好的选择，当然东北农业大学也非常不错
四川农业大学哪个校区较好？,我是在成都校区，也去过雅安校区，没有去过都江堰校区，所以仅供参考。我觉得还是成都校区好，毕竟离成都很近，交通很方便，而且消费水平不算很高，唯一的缺点只是空气不好。雅安校区空气很好，不过经常下雨，都江堰校区没有去过，不过离青城山很近。成都校区都是一本专业，而且学校较为重要的一些专业都在成都校区，如动医动科农学，所以我觉得还是成都校区好一点。
就读四川农业大学的经济合适么？,看看你要在那就业啦，川农经济类专业学风不错，如果你读研选川内学校，对川农还是比较认可的，毕竟是5所211之一，读研感觉对本科学校还是有要求的
四川农业大学和湘潭大学更推荐哪一个？,湘潭大学更胜一筹。现在已经是双一流的时代了，湘潭大学学科优势明显，理学、法学都很强，再加上学风，学术上的实力都强于川农。农林类的专业本来就不好找工作。话说回来这两个学校录取分数根本不是一个档次吧，无须比较，高下立判
被四川农业大学经济学专业录取，该怎么规划？,您好，谢邀。我阐明一些我的观点。我查了一下四川农业大学，发现他是一所以农学为特色的川西地区最著名的高等学府。还提到川农是中国西部地区著名的农学及生物科技类高等学府，并且是多学科协调发展的国家211工程重点建设大学。（多学科里包括经济类。）川农主要院系有农学院、动物医学院、林学院、园艺学院、环境资源学院等。   你提到你被川农经济学专业录取，我感觉并不是一个好消息。川农经济学专业并不是川农的重点专业，与其他经济类院校相比软实力不足。考研势在必行。   你进入大学校园，尽可能快的认识一位学长并搞好关系（最好是导生），学长可以告诉你一些新生的注意事项，如果学长成绩优秀并且也打算考研，那就要和他多亲近亲近，他会比你更早的接触一些事情，你也可以早做准备；其次，和辅导员搞好关系，这是一个保命条款（笑），在大学中遇到超过自己能力的事情，可以麻烦辅导员；再次，要有一个好绩点，这是你的硬实力。如果有能力，多参与活动，磨砺对外交流能力。
四川有那些本科大学?,985： 四川大学（教育部） 电子科技大学（教育部）  211： 西南交通大学 （教育部） 西南财经大学 （教育部） 四川农业大学  一般本科： 西南民族大学（国家民族事务委员会） 中国民用航空飞行学院（交通运输部） 成都理工大学 西南石油大学 成都中医药大学 成都信息工程大学 西南科技大学 成都体育学院 四川师范大学 西华大学 四川理工学院 四川音乐学院 西华师范大学  西南医科大学  成都学院 （成都市） 四川警察学院 （四川省教育厅、四川公安厅） 成都医学院  川北医学院  绵阳师范学院  乐山师范学院  内江师范学院  四川文理学院  成都工业学院  成都师范学院  攀枝花学院  宜宾学院  西昌学院  四川旅游学院  四川民族学院  阿坝师范学院  四川省行政区域内民办本科院校： 四川传媒学院   四川工商学院  成都东软学院   成都文理学院  四川电影电视学院   四川文化艺术学院   四川工业科技学院   四川省行政区域内独立学院： 四川大学锦城学院  西南财经大学天府学院  四川大学锦江学院  四川外国语大学成都学院  电子科技大学成都学院  成都信息工程大学银杏酒店管理学院  成都理工大学工程技术学院  西南科技大学城市学院  西南交通大学希望学院  注：无标注大学主管部门均为四川省教育厅  中西部高校基础能力建设工程（小211工程）： 四川师范大学  成都理工大学  成都信息工程大学  西南石油大学  西华大学  四川理工学院  以上名单来自百度百科：四川  最后打个广告：成都信息工程大学欢迎你
如何看待泸州医学院改名四川医科大学，四川大学强烈反对？,作为一个局外人，我觉得可以比较中肯地看待这件事，因此专门写了一篇文章来谈对这件事的看法，大家可以看看，题目就叫《川大反对改名背后的真问题》。   这桩因大学更名引发的公案，乍看之下，四川大学似是受了憋屈，为捍卫校“格”不得已主动出击之态。可，看罢前因后果，方知川大的盛怒，主要源于一些已毕业的“四川医学院”时期的校友，对于泸州那厢改名后给自己行医执业认证时可能造成的麻烦和混乱表示强烈不满。  老校友在学历认证时的烦恼，在“四川医学院”于1985年升格改名为“华西医科大学”之后就已发生。基于校名更迭因素带来更多闹心的警惕，群起反对而将泸州医学院改名视为不远将来的威胁，可以理解。然而，以一己之不便，便将矛头对准泸州医学院改名本身，也未免有失公允。平心而论，为何只许“四川医学院”升级为 “华西医科大学”，就不许泸州医学院申请更名为“四川医科大学”呢？  尽管四川大学对于泸州医学院改名的反击，因为掺杂了一些关于“精致利己”的考量，而有些失焦，可冲突背后反映出的真问题却令人深思。  据调查 ，近6年来，我国就已经有472所大学更名。各高校纷纷“辞”旧名而后快，迎新名乐此不彼。“学院”变成“大学”，再不济就去掉“农业”“纺织”加上“科技”“理工”等加以修饰，总之都绞尽脑汁在学校名称的改头换面上下功夫。  校名就是名片，取个易传播、有特色、够综合的名字一定程度上的确有利于提高学校的辨识度，但它的作用也仅止于此。高校品牌的沉淀、历史底蕴的积累、人文学术风气的淳厚，这些，都与校名是否光鲜靓丽无关。  “大学者，非谓有大楼之谓也，有大师之谓也”。大学只有摒弃浮躁的功利心态，守得住象牙塔的清寒，在出世入世之间保持一定超脱，才能孕育出属于自己的大学品格，才能像西南联大那样虽只存在了不到九年却留下让数代人神往弦歌不辍的记忆，才能如麻省理工学院一般先后有84位诺贝尔奖获得者在那里学习或工作，可低调朴实的校名却154年始终如一。  一些地方政府和高校，一味放大校名本身的作用，把改校名作为一项工作来抓，甚至成立专门的“更名工作领导小组”，热衷缘木求鱼，走向了面子工程的泥沼。大学“面子”是有了，“里子”则在吵嚷喧嚣改名易辄中少有人问津。  从这个角度而言，四川大学和泸州医学院都是大学改名“流行病”的受害者。二者的纠纷，宛如一支切片，让高歌猛进的大学更名热潮下埋藏的病灶逐渐显性化，教育部门和高校应当有所警醒，以大学精神的切问反躬自省，厘清“校名”与“校格”的关系，多给校园人文学术精神培培土，少在校名更替上“翻烙饼”。   有空您可以抽空瞄一眼我的微信公众号：”公心直论“ （ID：guoqihello2014)  
四川农业大学环境设计与西南大学服装设计选择哪一个？,谢邀。身边没有读设计的同学，对这个不了解，没法给出建议。建议直接去这两所学校的贴吧发帖子问一些回复会快一些。或者像楼上说的在知乎搜相关问题。
如何评价四川农业大学贴吧？, 川农的贴吧活跃的就那几个人。不知道是怎么进入川农的，感觉素质十分低下，还活在梦里。难道是之前的二本专科里的人吗？现在学校的现状正是他们喜欢的。当然容不得别人半句不好 
请问四川农业大学比较好的专业是什么？女生选择什么专业比较好？,答主在只了解成都校区，只知道成都的情况。但是川农的优势学科和高分学科都在成都校区，在回答前，希望题主知道，川农的优势专业和高分专业是不一样的。 优势专业当然是成都校区的“农林动风”五大学院，农业大学当然是以农林类专业作为强势专业，川农农学院的农学、林学院的林学、动物科技学院和动物医学院还有风景园林学院都是川农的优势学科，这些学科都是全国排名前列的，另外，动物医学院和美国普渡大学，风景园林学院和台湾高校都有许多的合作项目，当然优势学科还包括园艺学院的国家级特色专业茶学等等涉及农业的学科。关于优势学科，题主可以查看川农的学科排名。这些学科了，属于学院的老牌优势学科，但是了就业上可能不太尽如人意，一般走科研方向的比较多，当然也有直接工作的，比如做兽医的。 但是优势学科不等于高分学科，也不等于好就业的学科。在川农，成都校区的三大高分专业与转专业热门就是这种情况，风景园林学院的风景园林专业，经济学院的金融专业、管理学院财务管理专业不仅是整个川农收分最高的专业也是全校转专业最热门的专业，除此以外风景园林学院的园林、管理学院的审计、经济学院的投资、林学院的产品设计则是第二热门与高分专业。这些专业，非常热门，报考的人多，专业内部竞争也是相当大，而且学校近年来也越来越重视，这些专业虽然就业上比不上专业的财经类院校，但是就业还是有保证的而且经管院也是考研保研很多的学院。 所以希望题主一定要注意各学院的区别，答主见过因为分不清园林和园艺导致大学四年很烦躁的人，也要考虑未来的发展，不热门不优势的专业不一定不好，关键是看你自己，答主既看过以曾经高考最高分进入川农最好专业的人混吃等死，也见过在一个不被重视的学院一个不被重视的专业一个不被人重视的师姐报送到国外名校（英国），所以关键在于你自己。
对于四川农业大学的校庆的评价？,一群没什么见识的乡巴佬在雅安这种小地方自娱自乐
四川农业大学动物医学院的校区是否可以自由选择？,动物医学院搬到成都温江了，所以没得选。 开宠物医院的话，大概还是要在宠物医院学几年吧，本科基本学不了什么，而且主要偏大动物。
四川农业大学雅安校区寝室肿么样？,看你分到哪个区的
四川大学，西南交大，四川农业大学风景园林考研哪个学校好一点？, 这个话题属于老生常谈了，一直有这几个学校的撕逼，争一下什么的。  四川大学：整体实力肯定高，这没的说，仅牙科一个就世界一流了（但华西医学院的同学一般不愿意称呼自己为川大的，而愿意称呼自己为华西医学院的），而且属于本土院校，亲身的，不差钱，四川各类政界、商界的精英都从这里来，而且承担着四川每年高考的落榜人员接收任务，所以各类政策和资金都是有偏向的；近年来风景园林专业投入也很好，所以有发展前途。  西南交大： 风景园林（当时叫景观建筑学）是2003年获得教育部批准，设立全国首个目录外景观专业“景观建筑设计”，当时最早五所设立了“景观建筑设计”专业的高校分别是北大，清华，同济，东南，西南交大。建筑学院前院长（邱健，之后高升为四川省总规划师）主持设立的该学科，并编著有我国十一五全国性教材《景观设计初步》，而且该校的教材大纲和同济一致。由于建筑学科很厉害，在土建行业（还有土木学院）有很强大的人脉和梯队，所以风景园林专业在这边也有着很高的业内地位。  川农：该校最厉害的肯定是植物类，院长陈其兵是研究古典园林的专家，也是植物专家，但不得不说在规划类、建筑类以及景观设计类偏弱，很多老师直接就是西南交大的博士、硕士毕业过去的。但是近些年在评估方面很愿意花钱，所以排名很好看，但在业内的地位确实不尽人意。  最后说下重大：该校在西南地区当之无愧老大了，毕竟建筑老八校，然后交大、川大很多老师就是重大毕业的了，恩，大概就是这样。  参考引用自 2018西南交大风景园林（景观）考研指南与抢鲜成绩汇总      我是2014级风景园林罗榆淇（三年学费全部奖学金搞定），已在西南院正式入职，我只能说要进好的单位除了学校，自己的实力也很重要，前提是这些单位真的招干活的人。我之前也带考研的，3年间带的学生超过20个考上，现在由17年专硕第一学硕第一和复试第一名三位同学带学生，有问题咨询可以联系我QQ945195435 
对于农业大学的看法？,你不会是四川农大的吧……
四川农业大学好不好?, 面对川农学子的高素质，我不得不关闭了评论区。似乎许多川农学子都不知道“讨论”这两个字为何物，反而对四川话的脏话了如指掌。我本想在知乎上进行一些有价值的讨论，但是大多数川农学生，不是恶意揣测发表一些诛心之论，就是直接进行人身攻击，我只能说我失望了。另外我认为我有必要驳斥一下川农学子喜欢挂在嘴边的，“你是什么样的，你看到的学校就是什么样的”、“学校好不好，关键是看自己好不好”、“找工作跟学校无关，全靠自己，你要是对学校不满你就是loser”等理论。我实在是想不通，为什么会有人一边强调211的重要性，一边说着 “211能带给你很多“、“211找工作很有用”、“211远远强于某些双非，川农跟成都理工等学校没必要比“，一边认为“学生找工作全靠自己，跟学校无关”、“你要是觉得学校不好就是你自己的问题”。有没有专业人士能够鉴定一下，这是精神分裂症的症状吗？到了你自己找工作的时候，就是211有用，面对提出反对意见的人，就变成了学校和找工作没关系，自己这样打自己的脸，舒服吗？另外还有人提出川农学子都很忙，要考试了，没工夫来喷。我想请问一下，一开始把别人揪出来批斗的不正是川农学子吗？他们不需要考试，不需要复习吗？以这种手段想证明川农的所谓“学风良好”，实在是有点贵人多忘事了。是的，川农学生都很忙，占领范冰冰、苏有朋微博的不是川农学生，微博投票比川大、电子科大高几千票的不是川农学生。川大、电子科大的学生没工夫玩微博，所以很清闲，就你川农学生很忙。那这几天知乎上铺天盖地的几百条评论、答案都是哪个学校的学生发出来的？      评论区里的农卫兵真是孝死我了，我建议川农改名叫中国传销大学吧，整天自欺欺人。川农不是一直想改名吗？直接帮你们升格成中国开头的学校，毕竟你校学生自我欺骗、做梦的本事全中国无出其右。希望农卫兵每天早上来对着镜子大喊“川农是最棒的！”，长此以往川农一定能够超越清华北大。早晚有一天这学校会把爱校当成最高的道德取向，为了爱校，人肉、网络暴力都会变成对的。对于一个还没进校的学生的话如此敏感，反而暴露了许多川农学生的自卑。其实你们也知道川农是烂学校，正因为如此你们才要如此气急败坏的发动自己的同学去欺凌弱者。真正的好学校对于这些事情只会不屑一顾，而不是跑到该名同学自己的微博下面攻击她。你们不是口口声声说川农优秀吗？你们的所作所为配得上所谓优秀学校学生的名号吗？希望所有有最起码独立思考能力的，有良知的校友不要和川农主流的恶俗校园文化同流合污      刚看到的最新消息，川农今年扩招，计划招生一万人左右。川农到底是不是好学校，或者说是不是一所对学生负责的学校，对于这个问题我相信在三四年以后会有更多、更清晰的答案。    --------------------------------------------------------------------------------------------------------------------------   很差。利用雅安校区坑来了大量高分考生。建议不要报考  上面那个说川农是天朝社会缩影的，我认为欠妥。一个西部偏远地区的非典型垃圾学校，根本谈不上天朝缩影。四川农业大学就是一个典型的劣币驱逐良币的地方  还有那个说怪罪学校的都是不思进取的，不好意思，恰恰相反，那些指出这学校真实一面的，在现实生活中往往都是眼界较为开阔、在大学期间有明确规划的人。为这个垃圾学校洗地的人简直活在梦里。推荐别人上四川农业大学的人不是没有脑子，而是没有良心  “问题是全中国的其他学校能比川农好的似乎也不多啊”，这是某位答主的原话，看到这句话我真的有点忍不住笑出了声。个垃圾学校的排名一直在直线下降，现在已经一百多名了，比川农好的学校确实不多啊。这还是所谓“综合”的排名，要是说到学生最关心的就业，那就更惨了，乖乖滚到西华、成都理工、西南石油、西南科大等学校后面去吧。由此可以看出川农培养出来的学生自我感觉之良好。我真是不好意思，打扰你做梦了。再多搞出几个大新闻，在全国的高校面前出出名(丑)，你农跌出两百名，与三本比肩，指日可待！  某些川农小将撒泼打滚的功力我算是见识到了。针对你说的我一条条反驳。首先，川农的211是货真价实的照顾性211，只是当年拿了几个奖(实际上再进入21世纪后鲜有建树，有兴趣了解的朋友可以阅读一下「川农大之死」这篇文章)，再加上重庆即将直辖，故四川省政府全力支持川农申报211。那位答主你连省属211和部属211都分不清，我真的觉得跟你讨论可能是我在浪费口舌了，你还真以为西交西财的211跟你这个211一样啊。下面评论里有朋友指出郑州大学似乎也是省属211，但是郑州大学在进入新世纪以来一直在进步，其位于中部河南省的省会，与外界交流频繁，即使比上不足，但是比某所只知道待在雅安自嗨的学校还是强多了。其次，你给出的“就业率百分之九十八”的数据，我想读过大学的都懂，你把这个拿出来当夸耀的资本，还真是把川农拖到了和专科学校一样的档次。至于那些强势专业，确实在全国范围内占据一定优势，但那些已经是不知道多少年前的排名了，况且我希望那位答主能自己算一下这些专业的学生占全校学生的比例，如果你不是只讲立场不讲良心的话。请不要忘记，贵校是综合性大学。至于那些“野榜”，你确实可以不相信。在你心目中川农是第一，那你也去弄个排行榜让大家看到就行了，至于为什么做不到，我想原因你也很清楚。最后，我想指出的是，把别人意淫成全校后百分之二并不能对事实有任何的改变，我要是这学校的后百分之二，我就会带着崇敬的眼光看川农了，何必在这花时间打字？  在这里还要指出一点，一直以来，川农给大家留下的印象是“一所性价比较高的211大学”，相信这也是许多同学选择来川农的原因吧。但不带情绪地说，川农这个211其实性价比并不高。如果保持现在的分数线，并且只保留温江校区，那才算的上是性价比高，但是以超过一本线几十分的成绩来到雅安校区，这样的选择完全算不上性价比高。很有趣的一点是，雅职院的同学几乎很少有嫌弃雅安的。所以我建议学校还是在二本招生，这样川农的名声会好很多，川农小将们也能找到更多志同道合的朋友。   顺便总结一下这问题下某些答主的观点吧:“你不爱校！你是loser！你是废物！你不行！”这逻辑还是有点意思的。甚至还出现了“吃里扒外”这样的神论，我真怀疑他们到底是不是具有独立思考能力的大学生。从小到大我吃我父母的，穿我父母的，说两句学校不好就变成吃里扒 
如何看待崔永元与中国农业大学在微博上的对立？,今日，崔先生攻击了四川农业大学 今日，崔先生攻击了四川农业大学 今日，崔先生攻击了四川农业大学 重要的事情说三遍，我一开始看到崔先生曝光川农学弟照片的事，也是淡然，毕竟我也不太清楚事情到底是怎么回事，而且还暗自揶揄说这个师弟可真是长得像二师兄。但是事情随着我的了解很快峰回路转了，崔先生近段时间开启了狂野小子模式，于是本着知乎的认真求知的精神，我梳理了一下崔先生近年来在装基因方面的努力和方向 然而，我几乎没有看到一个学术权威站出来支持他的行动和努力，这是为什么？众人皆醉我独醒？ 作为一个川农人，对于农学院的老师同学不可谓不了解，炎热的夏日他们有可能奔走在田间地头，有可能在深夜埋首在实验室中。川农人里有多少老师学生前仆后继做出了重大贡献却没有被世人所熟知。终于明白了川农人的气质和秉性，就是默默奉献……大学里大概我也只学到这一点，少说多做，会有人看得见，这是川农精神，每一个人川农人大抵都是有这么一点情怀的  然而，崔先生不分三七二之一，把这几所农大的朋友批评一下，诚然，他们的语言可能组织不力，但是崔先生却把人家的照片曝光，以自己的影响力伤害别人，这一刻，我对他没有了任何好感，己所不欲勿施于人，崔先生既然觉得转基因不好，请拿出你的证据来，到川农来，到中农去，我们用焦点访谈的一句话来结尾   “用事实说话”  崔先生，您敢来吗
对于四川农业大学的新生，有什么需要注意的地方么？,在成都上学的一定要回雅安看看
四川农业大学招收成人高考的学生嘛？,要招收的~四川农业大学专科本科都招
四川学子如何在四川农业大学与广西大学间做出选择？,如果以后在四川工作，建议你去四川农业大学，同是211，西大只在广西就业好，出省和普通一本并没有什么不同！
我被四川农业大学雅安校区的生物技术录取了，但是我想去成都校区，也不想复读了该怎么办?,咋拉，，，看不上雅安？同学千万不要因为讲究舒服安逸而坏了终身大事哦！况且，雅安也不是想象中差哈，要什么有什么，而且清净舒适，雅安女子温文尔雅。雅安气候小城故事一般，雅安美食数不胜数。比起成都的喧嚣，嘈杂，这里确实很适合读书。
四川云海农业科技的无人机植保业务怎么样？,无人机值保，怎么做到的哦？
如何在四川农业大学三年读完本科？,大一大二时提前选修大三大四的课程  不过还是比较麻烦  因为需要写申请  还要有班主任签字  然后再在选课期间到教务处由老师帮忙选课（可能会遭受白眼）
四川农业大学的雅安校区和成都校区的差别在哪里？,成都校区： 小，挤，绿化差，建筑密度堪比陆家嘴，过于现代化，没文化韵味。周边不够繁华，吃喝玩乐全靠惠民社区。4号线一期通了后去成都主城方便些了，明年二期通了就大为改观。学校砸大钱建设的校区，硬件好，有空调电视，建筑高大上。 该区是人才引进和招生工作的招牌，对外交流的窗口，学术力量的中心，“农林动风”核心院系所在地，竞争力之基，全校发展的重心，川农复兴的希望。  雅安校区： 大，地广人稀，环境宜人，有山有水，建筑古朴，有历史底蕴。硬件差，各种设施老化严重。位于小城雅安，经济落后风气闭塞，跟县城差不多，至今没通铁路，但生活倒很便利，适合居住和观光。 该区属于50年代“迁雅”这一错误行政命令的产物，地处雅安，师资招聘、生源质量陷入巨大困境，发展受限。继续投资是很不划算的，但其体量庞大，难以处理，成为尾大不掉的历史遗留问题，令校方甚为头疼。  要是省里给钱给地，政治上也批准，校方早就恨不得把雅安校区整个搬到成都来，彻底跟雅安say goodbey了，两校区也不用整天内战撕来撕去的。  这锅，得省政府背。
如何评价四川农业大学特有的三校区内战现象？,个人理解成历史发展的遗留问题。 毕竟川农以前在成都，某段时期被迫迁往雅安，雅安这个地方……在那里上学的同学们……辛苦你们了……只能说空气真好…… 川农要发展，回成都几乎是必然的。但是回成都时又没占到多大地方，现在成都校区还没完成建设都很小，只有700多亩，就校区面积来说根本没法和雅安2000多亩还带老板山的老校区抗衡。而雅安校区又因为太大而处理不完，借用一位前辈的说法“尾大不掉”，而且毕竟是名义上的本部啊……虽然了解川农的都知道现在学校重点院系在哪……至于都江堰……就是没什么存在感啊……我到现在都不了解搞这个校区出来到底要干什么，雅安地方还不够大吗？ 川农大一新生，一些想法尚不成熟，望指正，支持理性讨论，拒绝撕逼。
四川农业大学的百年校庆是在哪儿举办的？有没得相关照片哦？,川农的百年校庆大地放歌文艺晚会是在原校本部雅安校区举办的。下面的图片是我在 地下铁_新浪博客   上看到的哈！给你截了一部分~       
啊啊啊~~8月了。想找四川农业大学玉米栽培专业的师兄师姐指导一二，或者大家也可以推荐个靠谱的辅导班？？, 四川农业大学玉米栽培专业还不错哦，可以每年竞争力都很大，最好跟着一个靠谱的班，有针对性复习，听说xinxiangxu 就是苏州街那一个，建议去亲自看看哦！ 
华南农业大学与四川农业大学相比？怎么看？,川农这种垃圾学校碰都不要碰  我2015年暑假去广州的时候特意去了一趟华南农业大学。好像校门外不远处有个牌楼，上面写的国立中山大学，感觉还是很有历史的，说真的，比川农强多了。而且收分还差不多。整个学校的精神面貌、校园环境都远远强过川农，更不用说地域了。学生来源也是天差地别，一个雅安校区有几个外省学生？有几个来自省会的？有几个来自东部省份的？稍微跟别的学校对比下，就能发现川农有多差，这种学校在一本招生是教育部门对高考学生的不负责任。  
在四川遂宁建立综合性大学，有无可能性？其前景如何？,谢邀（第一次打出这两个字，受宠若惊）。 先说一个假设：遂宁已有国内知名的XXXX大学，而且还是四川省乃至教育部重点大学。我是学生家长，学生成绩刚好超过重本线一些，能够符合遂宁最高学府的招生要求。我已经为我的孩子感到骄傲，但孩子低不成高不就分数确实让选学校变得无比困难。那么问题来了，我会让孩子报遂宁这所学校吗？毕竟是重点高校啊。答案是否定的。因为一个最重要的问题就是“就业非常不方便”。  遥想当年高考填志愿的时候。咨询了高中化学老师，高中化学老师回答：“一看专业、二看城市、三看学校”。第一当然是专业最重要。这直接挂钩你的兴趣、特长所在，同时还得符合社会就业情况。比如2000年前后电子信息类专业收分最高，08年左右又是建筑类最火热。但反观过来，中国高校人才培养和市场需要衔接得非常不好。大部分家长也缺少这方面长远的考虑，只知道热门专业肯定毕业时找的工作最好。像我就读的国际经济与贸易专业，全国开这个专业的高校不计其数。包括四川农业大学，西南科技大学在内。美其名曰高校综合化发展，实际上就是为了多些名目拿经费，招生名额。现目前还没看见国内高校有整理这么多系，学院的动向。说白了就是国内专业分得太多了。好点的学校会有自己的核心品牌专业。比如西南财经大学的金融、会计学，但西财也有计算机科学与技术（不是黑母校，母校这个专业的生源、师资确实不错，毕业生从事金融软件方面的人才也有）。对于专业性强的大学所开设的非其所长的专业来说，最大的问题就是全国一二三本、专科学校都在这么搞，这个“培养跨学科专业人才”的初衷就变味了，变成向教育部要招生名额的筹码了。 城市问题也很重要：君不见位于雅安的四川农业大学以及南充的西南石油大学，拼死都要在成都弄个分校。说白了就是为了方便毕业生在成都参加招聘，熟悉成都。不要小看地理位置远近的影响。  综合性大学如果开在小城市对学校的发展是非常不利的。你可以设想中科大（目前在合肥）如果再北京、上海会怎么样？目前中科大非常优秀，学生与清北相比毫不逊色。如果中科大搬迁至北京、上海对学校的名声之类的无形利益肯定会大得多。西南科技大学在绵阳。绵阳本身军工企业众多，还有中科院九院、中国工程物理研究院等知名机构，本土经济也比较发达。所以西南科技大学能够在绵阳过日子。除此之外四川其它任何一个地方都是撑不起一个综合性学科的大学的。一个好大学最基本的也是毕业生对周边地区有很强辐射力和口碑。一个好大学最需要考虑的也是如何给学生创咋最好的就业条件和能力培养。  总的来说。遂宁不具备有能力本土成长起来的高校。一是离成都、重庆太近了。二是本土无优秀的大企业、科研机构、就业市场。南充有西南石油，雅安有川农。这些学校当初选址就是考虑了本土所具备资源而定点的。南充有石油气资源，有较成熟工业体系，交通N年前也比其他小地方方便。雅安地处成都平原与横断山脉交界处、气候适宜、物种多样性高。反观遂宁市不具备这些条件了，就算现在有了，兄弟城市也在发展，总体遂宁发展速度还是偏慢。不排除以后遂宁本土经济强大之后，有能力并且有需要去建设自己的品牌高校。  对现在的遂宁来讲：第一可以做好四川职业技术学院这块招牌，做四川最佳的职业培训学校（比较遂宁人力资源还是丰富）。第二：发展本土第二产业，壮大经济，扩大本土就业需求。第三：喊已有高校来遂宁开分校区（不过估计没学校会来）。
文科生对比四川农业大学，成都理工大学和西南石油大学？,文科，还是学校牌子更重要。专业都水的很，学不到啥。
四川农业大学的园艺专业在什么地方学习？,成都温江校区
和四川农业大学的人跨校谈恋爱是什么感觉？,我是电子科大的，女朋友是川农的， 感觉的话，科技兴农吧 。
超一本线十几分，被本省一重点农业大学王牌专业录取，心有不甘，是否需要复读？,其实我觉得不利因素中间的改全国卷确实挺有影响的。因为今年四川第一次考全国卷。 里面很多题和自己老师讲的有点差异。虽然大部分新题简单。主要是真的比较容易失误。老师只能按照往年的估计。但是不是会太准确。 比如说。 今年四川第一次考全国卷。一本线511。而往前看两年，一本线几乎都是530多。要知道以往四川考生普遍说四川卷很难。比全国卷难得不是一点半点，特别是什么物理什么的。 我们老师也说，今年考全国卷不要有太大压力。结果今年一本线这么低。是没想到的。 措手不及是有的。  但是复读的话。 也不错。因为你都说了。自己没有完全努力。和自己的真正的努力差太远。 那么，你需要的不过是抛弃一切。完全的努力。失误的可能性可以忽略不计。 越努力那么失败的可能性越小。  其实，答案只能自己选，别人只能提建议，你其实心里已经有答案了。只是来找个让自己相信的理由吧。 复读，加油。
同志们，问问西华大学和四川农业大学那个好点？,川农是老牌211，西华是所谓“小211”的正经二本；川农出了两个院士，西华为零；川农拿过两项国家技术发明一等奖，有四个国家重点学科，50多个博士点，西华还是全为零……数据都摆在那里，不吹不黑，高下立判。   尽管川农因为其农业院校性质和曾经偏远的地理位置（现在基本都搬到成都了）被各大排行榜和川内群众黑粗翔，也因此经历了长期的不景气，但还不至于在这种问题上产生什么争议吧？   题主，川农在成都大有升温之势，趁着这几年还有个把二本专业你们就偷着乐吧。╮(╯_╰)╭
本人四川农业大学土地资源管理学生，想考南京农业大学的研究生，请问有什么建议?,大夫，哈哈
2017辽宁理科考生509 沈阳农业大学和四川农业大学哪个更好，为什么综合排名差那么多？,四川农业大学属于第七层也就是省级211，从近年来看招生屡次招不满，所以在参考书里似乎一般，但是211依旧很诱人，其实仔细观察四川农业的招生细则你就会发现，那些低分录入的考生都是调剂去了冷门专业，真正强势的好专业依旧高分火热，其实沈阳农业大学和四川农业大学的学院级差还是不小的，不会如果你热爱农学，二者都是不错的选择，沈阳农业大学源于复旦大学的农学院北迁，正是它历史悠久的根基才使得农大能有一席之地，而农大也借此成功的发展了起来，你的分数报考农大，应该是很稳定的，而四川农业大学则有调剂的可能，以上纯属个人言论，希望能给你有所帮助  
国内的农业大学现状?,   2015中国农林类大学排行榜   名次  学校名称  所在地区  总分  全国排名  2015办学类型、等级和层次  办学类型  星级排名  办学层次  1  中国农业大学  北京  67.36  35  行业特色研究型  5星级  中国一流大学  2  南京农业大学  江苏  66.00  47  行业特色研究型  4星级  中国高水平大学  3  华中农业大学  湖北  65.84  50  行业特色研究型  4星级  中国高水平大学  4  西北农林科技大学  陕西  64.69  68  行业特色研究型  4星级  中国高水平大学  5  北京林业大学  北京  63.80  85  行业特色研究型  4星级  中国高水平大学  6  华南农业大学  广东  63.67  89  区域特色研究型  3星级  中国知名大学  7  东北林业大学  黑龙江  63.49  94  区域特色研究型  3星级  中国知名大学  8  福建农林大学  福建  62.65  131  区域特色研究型  3星级  中国知名大学  9  四川农业大学  四川  62.60  134  区域特色研究型  3星级  中国知名大学  10  东北农业大学  黑龙江  62.44  141  区域特色研究型  3星级  中国知名大学  11  山东农业大学  山东  62.30  147  区域特色研究型  3星级  中国知名大学  12  湖南农业大学  湖南  62.29  148  区域特色研究型  3星级  中国知名大学  13  河南农业大学  河南  62.20  157  专业型  3星级  中国知名大学  14  南京林业大学  江苏  62.17  160  区域特色研究型  3星级  中国知名大学  15  河北农业大学  河北  62.03  168  专业型  2星级  区域高水平大学  16  沈阳农业大学  辽宁  61.83  179  专业型  2星级  区域高水平大学  17  内蒙古农业大学  内蒙古  61.65  193  专业型  2星级  区域高水平大学  18  上海海洋大学  上海  61.56  203  应用型  2星级  区域高水平大学  19  安徽农业大学  安徽  61.54  207  专业型  2星级  区域高水平大学  20  吉林农业大学  吉林  61.45  217  专业型  2星级  区域高水平大学  21  中南林业科技大学  湖南  61.41  225  专业型  2星级  区域高水平大学  22  江西农业大学  江西  61.38  235  专业型  2星级  区域高水平大学  23  新疆农业大学  新疆  61.37  238  应用型  2星级  区域高水平大学  24  甘肃农业大学  甘肃  61.30  253  应用型  2星级  区域高水平大学  25  云南农业大学  云南  61.29  255  应用型  2星级  区域高水平大学  26  浙江农林大学  浙江  61.21  268  应用型  1星级  区域知名大学  27  山西农业大学  山西  61.14  288  应用型  1星级  区域知名大学  28  浙江海洋学院  浙江  61.00  318  应用型  1星级  区域知名大学  29  广东海洋大学  广东  60.88  340  应用型  1星级  区域知名大学  30  塔里木大学  新疆  60.85  347  应用型  1星级  区域知名大学  31   大连   海洋大学  辽宁  60.83  350  应用型  1星级  区域知名大学  32  黑龙江八一农垦大学  黑龙江  60.81  355  应用型  1星级  区域知名大学  33   青岛   农业大学  山东  60.78  369  应用型  1星级  区域知名大学  34  西南林业大学  云南  60.73  383  应用型  1星级  区域知名大学  35  北京农学院  北京  60.67  400  应用型  1星级  区域知名大学  36  天津农学院  天津  60.55  456  应用型  1星级  区域知名大学  37  河南牧业经济学院  河南  60.51  489  应用型  1星级  区域知名大学  38  仲恺农业工程学院  广东  60.48  506  应用型  1星级  区域知名大学  39  吉林农业科技学院  吉林  60.37  601  应用型  1星级  区域知名大学  40  信阳农林学院  河南  60.33  638  应用型  1星级  区域知名大学  41  山东农业工程学院  山东  60.26  690  应用型  1星级  区域知名大学   2015中国农林类独立学院排行榜   名次  学校名称  所在地区  总分  全国排名  2015办学类型、等级和层次  办学类型  星级排名  办学层次  1  河北农业大学现代科技学院  河北  92.81  49  应用型  3星级  中国知名独立学院  2  华南农业大学珠江学院  广东  90.78  63  应用型  3星级  中国知名独立学院  3  中南林业科技大学涉外学院  湖南  87.67  95  应用型  2星级  区域高水平独立学院  4  山西农业大学信息学院  山西  86.96  109  应用型  2星级  区域高水平独立学院  5  华中农业大学楚天学院  湖北  84.81  132  应用型  1星级  区域知名独立学院  6  福建农林大学金山学院  福建  84.26  139  应用型  1星级  区域知名独立学院  7  湖南农业大学东方科技学院  湖南  83.67  146  应用型  1星级  区域知名独立学院  8  东北农业大学成栋学院  黑龙江  80.38  179  应用型  1星级  区域知名独立学院  9  浙江海洋学院东海科学技术学院  浙江  80.15  181  应用型  1星级  区域知名独立学院  10  新疆农业大学科学技术学院  新疆  75.89  219  应用型  1星级  区域知名独立学院 
四川农业大学动物医学多少分可以考上？,谢邀。 网上自己查一下学校排名专业排名和往年分数线吧。不是很了解 以及……喜欢小动物就别来动物医学了吧，国内的动物医学本科主要学习的是畜牧兽医……跟你想的不一样
如何看待四川大学反对泸州医学院更名四川医科大学？又改为西南医科大学了。?,这和交通大学一样， "交通大学（Jiao Tong University，旧名Chiao Tung University）"在中国一直以来是个特定名称，并不是类别名，这和工业大学、理工大学、科技大学、师范大学、农业大学、矿业大学等的称法有着本质的区别，后者属于行业名称，尽管现在很多的行业大学都是多科性大学，但总是以本行业学科或相关学科为主。而交通大学却不是行业大学，这个从交通大学一直沿用的英文名（Jiao Tong University）就可看出，而尤其对于上海交大和西安交大，是两所不搞交通的交通大学。从这个层面上来说，"交通"两字一旦和"大学"组合在一起，是一个特定的名字，这和清华、复旦、同济等名称是一样的。因历史渊源沿用交通大学并同属交通大学大家庭的共有5所：上海交通大学、西安交通大学、北京交通大学、西南交通大学和台湾新竹交通大学，这5所交大都被海内外校友广泛认同。现在，上海交通大学、西安交通大学、西南交通大学、北方交通大学、新竹交通大学五所交大已经联合成立"交通大学校友总会"（Ji ao Tong University Alumni Association）。其宗旨是：加强校友与母校、校友之间的联系、团结和合作，发扬交大的优良传统，共同为振兴中华，为增进各国人民之间的友谊，为母校的发展贡献力量。其任务是：沟通校友与母校、校友之间的联系、发挥海内外校友的智力优势和广泛影响，为母校的发展作贡献，为祖国的统一和现代化建设作贡献。   　　　　上海交通大学（1959.9-）  　　　　北京交通大学（1970.6-）  　　　　西南交通大学（1972）  　　　　西安交通大学（1959.9-）  　　　　新竹交通大学（台湾）   　　　　其他一些成为交通大学的大多是近年改的！为了沾"交大"的光啊！这些"交通大学"有一个共性：英文校名升格为Jiao Tong University，都使用毛体字（Mao.ZD曾题"交通大学"四字）。咋一看，真是惹眼，像极了正牌的交大，一时间引来许多非议。   　　　　兰州交通大学：兰州铁道学院——〉兰州交通大学，虽然兰州铁道学院称与原交大有历史瓜葛（其称自己是西南交通大学的前身唐山铁道学院和北京交通大学的前身北京铁道学院迁部分系科迁兰组建而成的），虽然更名为"交通大学"时，北京交大和西南交大还发去贺信，但终究不能被原交大校友总会承认为嫡系。   　　　　华东交通大学：位于江西南昌的华东交通大学，其英文名也是Jiao Tong，因为称其是"1971年9月22日，国务院、中央军委联合下发《关于六所高等院校的体制调整和领导关系的通知》，决定将上海交通大学机车车辆系和同济大学铁道工程专业并入上海铁道学院迁往江西，改名为华东交通大学。"   　　　　大连交通大学：大连铁道学院——〉大连交通大学，大连铁道学院经教育部批准更名为所谓"大连交通大学"。看其校史，确实跟"交通大学"没有任何关系。   　　　　重庆交通大学：重庆交通学院——〉重庆交通大学，最让人气愤的还是重庆交通大学，其学校网络域名为  http://www.  cquc.edu.cn      ，可见其原来的英文名为Chongqing University of Communication，然而其主页抬头已经赫然写着Chongqing Jiaotong University了。   　　　　既然这些学校原来都是铁道学院，改名为铁道大学似乎更合乎常理，但为何要改为交通大学呢，从英文名称的使用上，我们不难发现这些学校有其不正当利益所驱动。退一万步讲，你改成交通大学也就算了，为何连英文名也要盗用成Jiao Tong University？或者干脆翻译成Univ. of Transportation（或Communication），这并不是不可行。我们没见过有哪个工业大学把学校翻译成Gongye University的，或者农业大学翻译成Nongye University，显然，行业大学应该遵照字面的原意翻译才利于国际交流和理解。很明显，它们是想利用交大在海外形成的知名度。 
四川农业大学有哪些奇特的人？,教高数的杨大侠和教思修的何大侠。这两个老师是我上大学来遇到的讲课最好的老师了！如果你上他们的课，你一定能get到他们奇特的地方 如果你碰巧在经济学院，你可能还会听说何老师，一个非常……的老师
在新疆农业大学读书是一种怎么样的体验？,怎么说呢，感觉在农科院校读工科真的不行，氛围不太好，就拿自己所在的水利学院来说，虽然国家重点培育学科，自治区重点学科都有，挺牛逼，但是随着时代的发展，水利人才的流失很快，由于是农业大学，老牌工科院校的优秀硕士博士科研人员不愿意来，学校对水利学院科研资金投入也不是特别强势(相对于草业，农学院，动医，动科这些强势学科来说)，最气人的就是他们都有新的实验室，单价超过100万元的实验仪器若干台了，水利学院才自筹资金购买了一台120万元用于水力学方面科研的设备，而且之前学校规划的新的水工实验室迟迟没有开工，以至于水力学老师(人家四川大学毕业的博士)在课堂上不时吐槽发牢骚学校对水利学院不重视，这几年别的学院都有陆续招收来自985大学的博士，而水利学院的博士几乎全部都是自己的博士点培养，导致长期缺乏新鲜血液的汇入，科研能力大不如前，已经好多年没有研发出像当年的排沙漏斗那样具有划时代意义的作品了，学院自己设立的水利水电设计研究所一直都还停留在丙级资质，没有人能挑起大梁负起责任来让它能够升级为校级研究所。          总之来新疆农业大学千万不要被所谓一本专业吸引了，新疆农业大学的一本专业之所以是一本，并不是因为该学科有多强，而是内容很难学，挂科率高，只能一本招生，二本学生的基础根本学不来，真的想来一定要选王牌专业，像草业与环境科学学院，农学院，林学院，动医，动科这些学院的专业，当然如果你是学工科的，对考研信心不足，研究生倒是可以来水利学院，因为水利工程专业很好考 过国家线就一定能进来。
四川农业大学和东北师范大学的法学 应该选择谁?,四川农业大学法学在雅安校区，东北师范大学在长春地理位置都不太好。但是都同属于211。东北可以体验一下不一样的地域风光。法学这两学校都不太好吧。建议不如报双非的西南政法大学。法学传统名校。西南地区还是可以。
四川农业大学风景园林专业考研那个老师比较好？那个老师招生容易点？风景园林也就是景观设计工学是哪学院的？,现在全国景观设计类的专业都统一名字叫“风景园林”了。（虽然有些学校不认同，自己校内不这么叫）      川农的风景园林学院因为毕竟是新学院，所以在校内资源配置一般，但发展前景不错。学院内部大致分为两个方向，即 设计和植物 。至于老师，既然是好的必然相对热门。不存在“招生容易点”的说法。但是校内也有潜规则：“早点找导师早点定名额”。 提前联系接触所选导师非常重要。   最后推荐几个可以带设计方向的老师吧，孙大江老师、蔡军老师、鲁琳老师、高素萍老师等等。     匿了。
四川农业大学的动物科学与动物医学哪个好？,谢邀 不过我学艺术的 真不知道 建议问问学校相关专业的师兄吧 选择一个你真正感兴趣的 不为别的 自己感兴趣的专业学起来你会更开心
内蒙古大学和四川农业大学那个好啊。。。？,毫无疑问是内蒙古大学啊，这问题还用问吗。。。建议不要选川农
四川农业大学风景园林的师兄师姐，你们都是怎么找到工作的？？？5555555....?,本人男，川农09级园林专业，13年毕业，大四时候在成都找了一家不大不小的设计公司（13年合同额差不多是2000多万）实习，毕业后就留在那里工作了，工作内容基本就是无限制的建模出效果图，cad施工图，14年回到老家（北方一小二线省会），进入一家本地房地产公司做景观设计师，川农虽然是我母校（包括我现在还在川农读在职硕士），我还是忍不住要吐槽一下母校的园林专业整体教学水平，理念相对滞后，农业院校痕迹太明显，景观设计里，可以说植物配置在整体设计中，或者说在方案设计里所占比重很小，但是反观我4年本科除去工作时基本没用的英语数学政治这些基础课，大部分时间在树木学，花卉学，草坪学，植物培育学，遗传育种这些植物类的学科上以及与植物有关的土壤学，生态学，园林生态学等学科上用去了大部分时间，而色彩，建筑学，建筑规划，比例与构图，视觉等对景观设计非常重要或者息息相关的学科或者知识是涉及很少或者不涉及的 。。。。。。。。。分割线。。。。。。。。 再吐槽一下，还有就是我一个不明白的地方，学校为何特别注重手绘，而不强调计算机能力，当我进入设计公司看着LU与ID这两个软件时（cad ps su还是会点点的），我心里真是一万只草泥马奔腾，难道老师们真不知道现在只有业界的大师才有资格手绘图纸给甲方么？ 。。。。。。又一条分割线。。。。。。 我毕业以后就做地产景观设计，我认为毕竟现在行业做地产景观的占景观设计师很大的一部分，而现在的地产的景观设计，学校根本木有教呀木有教，什么万科，绿地，恒大，碧桂园根本不知道人家有多厉害有木有，万科的新中式是怎么做的，龙湖的托斯卡那又是什么，绿城的法式为何做的好，星河湾凭什么说自己是同纬度最美园林，碧桂园又怎么在6000均价的楼盘做景观的 。。。。。。啰啰嗦嗦说这么多。。。。 最后给学弟学妹一个建议，中国景观设计行业整体不规范，你看有注册景观设计师这个证么？想做景观是个比较痛苦的过程，建议毕业前，多熟悉CAD，PS，su，lu，id这几个软件，多了解一下工程做法，熟悉常用铺砖材料，南北方常用植物，基本去设计公司实习并留下是没什么问题的，后面就是熬几年，或者当主案设计师一条路走到黑，或者去甲方虐设计狗，或者自己出去做，或者转行
如何评价四川农业大学？,川农历来在网上评价比较惨，无外乎两个原因 1:作为211里的末尾，总会被很多非211学校嫉妒和看不起，就好像985里的西北农林科大和东北大学，也会受到很多211强校学生的鄙视。 当然确实有很多普通一本比很多211强，但是至少川内是没有的，但是有一股赶211超985的架势，川农作为四川211里的最后一个，肯定是要吃子弹的。 2:川农雅安校区，确实是个二本...学术水平差，环境差。雅安是什么地方？以前西康省省会，你就当做是没有少民地区待遇的西宁银川。  总之，四川农业大学成都校区还是个名副其实的末尾211的，近几年牵蓉后发展势头不错。但是奈何很多这个政治原因，名义上还是雅安的高校，在宣传上吃了不小的亏。
我的妹妹纠结去西安交大利物浦学校还是四川农业大学？,1.川农转专业不难，转不了温江校区只能怪生不逢时，因为2016届才开始实行. 2.雅安校区资源不好我承认，风气不好什么鬼，雅安校区考级、期末时间图书馆全是满的，考研教室24小时都有人，了解清楚再黑谢谢，自己考得不好选不到专业黑学校？ 3.没听过你说的另一个学校 4.读了好专业也不一定能考到研，→_→真以为一流国际大学随便读研的？ 5.已经快要录取了完了，嘻嘻
西南医科大学 四川农业大学 以后就在四川就业了。哪个潜力大一些？,川农不是很好就业，尤其是所谓王牌专业
四川农业大学？,雅安校区大概没有什么好的专业吧
华中农业大学和四川农业大学哪个更好？,不好意思，报考已经结束了吧  废话，当然是华中，四川农业大学是末尾的211，地位很尴尬，实力也并不比华中强，在华中你的成绩找个好专业完全没问题。
四川农业大学百年校庆流程怎么样的？,晚会在主题歌《喜迎百年校庆》中拉开帷幕。这首由 四川农业大学   师生自己创作的、演唱的主题歌，一下子将广大观众引入了喜庆和热烈的氛围之中。随后，舞蹈《奋斗之歌》，情景歌舞《永恒的旗帜》等精彩节目陆续登台，将晚会氛围一浪又一浪推向高潮。      整台晚会共分为序、风雨百年、相聚金秋、迈向辉煌四个部分，演绎了 四川农业大学   百年发展和变革的辉煌历程，展望了未来的美好前景。      诗朗诵《我赞美你，川农大人》由著名诗歌朗诵家殷之光先生朗诵，他以深厚的情感、浑厚的声音，激情描述川农大艰辛的创业史、爱国爱校的情操和对未来的美好憧憬，汪洋恣肆、激情澎湃，把观众的情绪一次又一次调动起来，全场欢呼雀跃，荧光闪烁。      青年军旅歌手 刘和刚   以一曲曲动人的亲情歌曲《父亲》、《儿行千里》和《欢聚一堂》撩动了人们心中那柔弱的情怀，让人在中秋之夜想念起父母和亲人，更寓意着母校和学子的牵牵情丝。      深受青少年追捧的歌手 游鸿明   ，一出场就引来一阵阵热烈的欢呼声，广大歌迷跃跃欲试，竞相向他们心目中的明星献花。他以一曲《下沙》开始了演唱，以其经典 《爱我的人和我爱的人》   获得了潮水般的掌声。最后，他和一位自告奋勇登台的女生一起演唱了 《楼下那个女人》   。      著名女高音歌唱家 殷秀梅   向大家奉献了她的成名曲《中国大舞台》和《在希望的田野上》，让观众领略了经典名曲的韵味。最后，晚会在大合唱《走过百年》和《二十年后再相会》中结束。      演出结束后，出席晚会的领导和来宾慰问演出人员，并与他们合影留念。
在四川农业大学就读是怎样的体验？,倒数第二次编辑这个答案 学校不是束缚我的地方，也是我的避风塘 只要走在学校都会觉得熟悉而陌生  2017大三下半开始在学校的时间就少的可怜 珍惜每一天 珍惜每一个指导我的老师 珍惜每一个陪我走过一段的朋友们 珍惜遇见的改变了我大学轨迹的人 珍惜川农的每一片风景 --对某些奇怪的事情蜜汁执着啊～不过大概也和一般的普通211没什么区别。  雅安校区说小不小，但是真正会去的地方也不多。还有一大片农场。在雅安的时候，每天中午会去爬老板山，现在想想还是难得的悠闲时光。晚上骑车去三区操场跑步，感觉还是不错。每逢照相总是在梧桐大道。走在老住宅区的时候总是会想，好像有家的感觉啊～骑车的时候不想过减速带，而且还老是忘在教学楼下，干脆不骑了。二区食堂是最没法忍的，每天菜都是重的，从来不超过10个。每逢节假日三区的楼下会有各种摆摊的，但是除了水果和旧杂志我啥都没买过⋯大一是真的迷茫而开心，遇到了一群掏心掏肺的朋友，就算是在雅安那个总共只有几个KTV的小城市，一样很开心。自己一人骑车就能绕完整个城市，想去哪儿去哪儿，不得不说的确有些悠闲。  成都校区也快两个学期了。这边真的很小，商店圈也就三个，食堂只有一个，每天能活动的地方不多，也不想在温江玩儿，基本上天天都在图书馆。图书馆最多的有三：会计相关（CPA教材和会从为首），画图狗，以及学英语的同学。四教的天台是我每早早读的地方，去年可以听到类似宗教音乐的东西⋯          有点无奈。上课质量不见得好，我现在三门课，都是自学⋯老师们的态度有时也让人难以捉摸。管理学院的优秀老师是有，但是研究方向大多和农业经济相关，很是头痛啊～  如果想要在川农把专业知识学好，可能要自己多下点工夫，因为不管是课程安排还是考试都是真的很水。就拿我们财管来说，说的是CPA课程，但是税法和财管都是给了题库的，会计大题全是书上的⋯财管那么厚一本书半个学期给走马观花过了一遍，如果下来不花两倍的时间那真的就和没学没啥差别。而念PPT的老师，重要的课我遇到过两个（到目前），大多数老师其实很有料，至少财经法规，管理学和金融学我觉得学到了不少。就算不听也能考90多分的课不占少数，比如宏微观，统计学和概率论之类的全是自学，老师讲的就不评论了。 因为目前除了财管还有一个别的学习方向，我算了一下大概从现在（大二下学期6月开始），到大三结束，每周最多8节课，每学期最多4门课（不算选修），我一直以为大学都是这样，直到看到了某同学大三还满满的课表。感觉川农的培养方案像是没有开发完成，可能是因为老师不大够吧。但是这也正是我这样的学生比较喜欢川农的地方，给了我很多空余时间做自己喜欢做的事情。     至于协会和部门，我只能说每个人的感受都会不一样。我加过校团委青信，心理健康协会，创行，京华社学术研究部，金融投资协会和ERP沙盘协会，也算是体验了一遍⋯对于部门，大一的时候不仅认真面试认真完成任务认真开会认真坐班，念广播发传单年终表演这种事情也做过，在一个部门待上一年花费的东西很多（时间和精力），但是收获的可能是潜移默化的东西，带来的不仅仅是朋友啊做事方法啊处理文件的方法这些虚的，总之还是自己体会吧。至于协会，我就想说⋯协会大概和QQ群差不多，活跃的人永远只有那么很少一部分人，而且活跃的成员有不少真的能够做出事情来，比如我们ERP的会长，还有心理健康和为乐坊的活动，京华社也出了不少优秀双创项目，至于一些推理协会，日语协会，灵异协会呀这些就不要指望了，一年能有一两次活动耗耗经费差不多了，认识认识朋友还是挺不错的。  图书馆的话，温江和雅安的我都长期待过，感觉资源还是比较丰富，文学方面至少可以看好几年不带重样的，专业方面虽然书好多都比较久远了但是至少每次去晃悠总会有新发现。免罚日和网上续借，搜索功能挺方便的，现在还有自动借还书设备了，以及学校的网络学术资源库比如知网，都建设的还是很不错。   又到了招生季，我算是把学校优点和缺点都稍微说了一下，还是感觉每个专业，每个人的大学都各不相同，学弟学妹们如果来川农的话，虽然不见得会比你们想象中的好，但是能够带给你们的会比想象中的多，只要你想。
四川外国语大学为什么在重庆直辖后不改名？,事实上，这类问题是有前车之鉴的。 大名鼎鼎的西农，西北农业大学，本来是中国数一数二的农业大学，也是211和985大学。后来西农改名为西北农林科技大学，这名字一听就很山寨啊...... 另外还有一个例子，就是泸州医学院在华西医科大学并入川大后改名为四川医科大学，再改为西南医科大学......你看这直接从二本的名字变成了985 211的感觉！ 川外本来是最早的四所外语学院（川外北外西外上外）之一，是老牌外语学院（虽然大大不如北外上外发展好），一旦更名，会不会有山寨的川外甚至“西南外语大学”？如果川外，川美全部改成“重庆外国语大学”，“重庆美术学院”，那么会不会重演西农华西的“悲剧”呢？ 以上。
四川农业大学怎么样？有什么专业适合理科男生呢？求解答？, @蔡不萌 谢邀，懒得写=_=  这种问题百度贴吧搜一下就好了嘛。  不过我觉得现在问这个问题有点想太多哦，至少也要等考完估下分嘛。
如何看待四川农业大学进入”双一流时代”后的发展前景？,并不会，相信学校
四川农业大学有什么不为人知但有趣的地方？,    十教中间走廊..就这样吧..川农...我也..
请问一下四川省农业银行本部网点建设岗主要是做什么呢？,负责分行辖内网点的建设管理和规划，包括网点建设立项、指导实施、竣工决算、制定营业网点建设标准等。 上海分行的招聘通知写了：录用后第一年安排到基层交流锻炼，一年后回上海分行总部网点建设部门工作。 四川分行请酌情理解。
四川农业大学本部为什么要建在雅安？,历史原因。详见校史，建国初院系大调整，将四川大学农学院整体从川大分离出来独立办学，号曰“四川农学院”。 适逢西康省被撤销，其省会雅安市的省政府大楼空置，便决定利用空置大楼，同时也考虑支援边远地区建设，将四川农学院迁往雅安办学。期间，学校师生多次提出在成都选址的方案，均被四川省拒绝。大量师生因为反对迁雅被打成“反革命”和“右派分子”。该事件一度成为四川省典型的“小匈牙利事件”。个中惨况，按下不表。    现实原因。学校核心院系、科研院所均已搬迁至成都校区，论师生数量、院系规模、学术力量，成都校区现在已是事实上的本部。至于这个“本部”的名头还在雅安，大约是因为：  1、四川省和雅安市的政治力量作祟。毕竟是原西康境内唯一一所像样的高校，而且还是211，四川省出于区域平衡发展的考虑，雅安市更是出于自身利益断然不肯。学校毕竟还有偌大的一个校区在雅，自然是要对雅安市政府时时表忠心，“承诺”立足雅安。  2、在成都找不到地了，或者找到地也没有足够的经费购买，无法把所有院系全部搬迁走。  3、一个猜想。鉴于川农和川大的历史关系，并且川大曾经在2004年尝试建立农学院，川农吓得赶紧把几个重要科研院所迁往成都进行竞争，最终川大的农学院不了了之。如果本部搬迁至成都，有重新合并的可能，作为川农领导，自然是不愿意的。把本部的虚名留在雅安，安全地存在于成都，对他们而言，很好。
四川农业大学由雅安迁往温江对其自身发展有怎么样的影响？,至少有很多考生不会因为雅安校区而把川农一票否决了。雅安校区这种畸形产物早该被扫进历史的垃圾堆
我是高三学生，高考成绩还好，请问中国农业大学和四川大学哪个更好？,我们同样境况。。。 四川人？既然都考虑农大了，那么川大的好专业应该考不上吧。我也超纠结的
就风景园林硕士来说 对比一下四川农业大学和西南交通大学？,谢邀。昨天刚刚考完研，然后粗略地回答一下你的答案。  第一，就专业排名来说，川农的风景园林曾经是全国第四，据说今年降到了第七，学科实力是较强的——然而，川农所取得的成就多在植物品种培育上（毕竟农林大学嘛，这个很容易理解）。说到景观设计，坦白讲，川农和西交在国内都……呃……你懂的。不太了解西交，但据说如果以后想在西南设计院工作，那么在西交就读是很有优势的，并且西交似乎是更偏重于景观工程，建议想走工程方向的同学选择西交，对于园林工程、工程造价的方面更为偏重。川农近年新进了一些青年才俊的老师，对设计的重视有所加强，学生在国内外景观设计大赛的获奖数量有所增加——但和国内顶尖高校相比，差距还是很大。  第二，很难比较两所学校的考取难度。川农的学硕专业课主要考察风景园林基础和景观生态学，更为重视景观设计基础知识、植物配置造景与植物育种相关知识；西交的考察重点似乎是园林工程方向。另，西交我不了解，但川农今年学硕报考有一百余人，专硕貌似有三百余人，而计划招生人数似乎都只有十余人，感觉竞争挺大。  第三，关于出国的机会，应该是西交较多（我只是推测哈），因为川农的对外交流机会（公费），在川内五所211高校里是最少的，据我了解，身边出国留学的同学多半是家里有点儿闲钱，自费出国。但如果你有幸在那几个很不错的导师手下，机会还是很好哒。  先就说到这里吧，选择之前要先确定自己的方向和目标哦。
