东南大学的信息工程专业的真正实力到底如何？,现在的院长是洪伟老师，在微波界确实是国际知名的大神。某微波方向的留洋博士学长说过，洪伟院长常会在国际会议上介绍自己的学校东南大学，为东大的知名度做出了很多贡献，这个比起那些极少部分整天以大三本自居、自己不努力还怪学校不知名的同学们，不知道高到哪里去了(躺枪的不要找我哦)。
东南大学好，还是南通大学好？,当然南通大学，东大只是福建一个三本怎么能比呢
东南大学的机械工程怎么样?,本科教育不错的，毕竟工科大学。 而且竞赛项目很多，我们小组（4人）在大二就拿到1万2经费去做机器人，并且能去教授实验室。只要你用心，东大机械4年绝对让你进步很多。 鉴于我目前大三，研究生博士生的情况不太了解，不好回答。
哈工大和东南大学相比怎么样？,C9怎么也比非C9的985大学要好。不然，也进不了C9。  上层人士都是精英，不可能看不清楚各个大学的差距。C9与非C9的区别，他们清楚的很。C9的选择，也是他们慎重考虑的结果。  哈尔滨工业大学是C9，东南大学是非C9的985。  综上， 东南大学不差。但哈工大更好。同样，C9中的西安交大也比东南大学更好。
为什么会有很多人觉得天津大学比不上东南大学？,一个在上升一个在微微下降，五年前可能还是天大好一些，现在已经几乎一样甚至东南略好一些。  即使就两个学校最好的建筑规划景观，天大正在逐渐落后其他三校也是不争的事实。
东南大学健身房?,钢菊东南侧  不用钱  设备..好多坏的还算齐全吧 进去要预约 周中只能预约中午和晚上的时间段 
在东南大学当学霸是一种怎样的体验？,我就晒一部分成绩单不说话   爱我吗？
东南大学和哈工大深圳，保研怎么选？,谢邀  在学校层面，偏向于是哈工大。楼主有没有听说过中国要建立的九所世界一流大学，虽然这个东西听起来很扯，但在中国这种政教不分离的体系下，抱国家大腿和国家小腿的好处应该有所差别吧？条件相同的情况下，向钱看！虽然我不确定哈工大比东南大学在单项经费上更多，但普遍来讲，哈工大抱着政策大腿更紧，红利自然更多。钱在科研经费上重不重要，问问那些每天花大把精力在实验仪器上修修补补的哥们你就知道。没钱卖不了设备就算了，还留不住人呀！我原来国内学校是中部某211，计算机系和建筑系都很强，有段时间学校特别穷，最后被沿海大学端了半个系走。我本系的系主任最后也跑北京了，至此本系一蹶不振，实力大减，多年没出几个像样的学生。  为什么很多学校愿意去别的地方办分校？因为当地政府各种优惠政策，各种资金支持！具体来说，为什么很多学校在深圳设那么多分校？一般是学校看重深圳的地理位置与资源，每个学校都在找突破口，不要觉得说分部就很弱，比如加州大学集团和伦敦大学集团，分部其实在很多专业单项上都超过本部。而深圳看重什么？深圳看重自己城市的未来，并且有实力、有钱来优化整个城市的结构，这也就是为什么深圳与外国合办的学校和设立国内大学分校比较多的原因。东北的衰落就无需我多说了，三省GDP增长率稳居前五，倒数的！数据还是造假的！产业结构混乱，地理相对封闭，估计短期内很难有改善。所以在深圳开辟分校不失为一条出路。  另外，深圳是设计之都，设计之都呀！不是制造业之都，也不是农民工之都，不是性之都！这就意味着产业的倾向性：专注于原创性、高技术产业。楼主自己在南京上学，可以比一下，机器人在南京有多大作为？用机器人在夫子庙那买小吃？机器人这玩意没窗口进行及时有效的产业化转化输出，那还做得有什么劲？  同时，如果单比院校名望（不说具体专业），有人提醒说C9这玩意不靠谱，只是一个噱头，而且两个学校的国内排名看起来相差不大。好！对于机器人这种也算是技术含金量很高、且很国际化的专业，用国内的排名确实看不出太大的名堂。比如说哈工大在机器人专业上是全国第4，东南大学的第3，那当然看不出什么太大差别；如果东南全国是第1，哈工大全国第6或者第10，楼主就直接选东南了，不然楼主还在纠结？  所以，我们只能从世界范围内来看，哈工大从国际认可度上完爆东南，哈工大在今年的世界大学学术排名高出东南170位，在technology的专业排名上高出160位，这差距！老外又没吃哈工大的回扣，说故意要黑东南。而且就老外的意识形态上，但凡和民国体系沾边的中国大学，在国际学术声望上实际会被更加照顾，那东南反而沾便宜点。    当然，大环境和排名这个东西仅供参考，导师的履历需要进一步衡量一下，是国内土鳖，还是海龟，短期内可能看不出名堂，长远来看差别很大。因为，不得不承认，在机器人专业领域，国外应该甩国内几条街，我还真不是崇洋媚外，更不是说国内就没有牛逼的个人或者小团队，而是国内相对缺乏完整的专业体系，受到的专业训练相对不够完善。我在国内和国外都念了研究生，国内的导师是中科院的博士后，国外的导师是加州大学圣地亚哥分校的博士后，两个导师都很牛逼、很严谨。但就国内外平均水平来讲，老师整体学术的严谨程度，不是差一两个档次，你能在国外拿到学位，很多时候都要脱几层皮。而且，跟着海归老师更好发论文呀！你要跟本土导师，发个SCI论文，可能连英语语法都搞不对。所以，有海外留学背景的相对更加分。但如果背景相似，可以翻墙上谷歌看下各个导师发表论文的质量和引用次数，以此判定高下。  话说回来，遇到好的导师和不好的导师，天壤之别，好的导师真是谆谆教导、循循善诱；差的导师，把你当廉价劳动力，吞噬你的劳动成果。所以，什么学校名气之类的都不太重要，最好能和导师当面沟通，看看老师人怎么样。  另外，我个人喜好层面，更偏向于东南，学校很漂亮，南京吃的也很多，鸭血粉丝汤！而且比较巧的是，我恩师是东南大学毕业的，岳父大人是哈工大毕业的。所以我也不会说刻意黑哪个学校。   “恩师，请原谅我 ！”  Ps：说实话，我专业和机器人没半毛钱关系，只能说仅供参考吧，你看看就好了。
17年福建东南大学投档线523，试分析一下该考生如何选择东南大学？, 为这位523分，全省排名五位数的同学的这种勇气点赞，刷新了东南大学在福建省历史以来入取最低分，要知道2016年福建省最低录取分数线611分，且两年都是用全国一卷 
东南大学的电力电子怎么样？,东大电气08级本科、12级硕士、15级博士在读。方向新型永磁电机驱动控制。  虽然大家私下里自黑的时候会说东大根本就没有电力电子，并且如上面@庞颖所言，周克亮老师的出走确实也是东大电力电子方向的一大损失，但是！就题主而言，跟对导师，如王政老师、王念春老师等好好学，你所提到的几家公司是绝对没有任何问题的。  举例说明：进华为，轻轻松松，王政老师的弟子已经连续三届拒掉华为offer了；西门子，至少南京的西门子数控每年都会在东大电气签人的，有电机方向，也有电力电子方向的；汇川，今年我课题组有人拒掉了，做电机控制的；艾默生，早年的师兄有人进的，近几年没关注。  另外，像罗克韦尔、ABB、南车株洲所、英威腾等等都会在东大电气招人的，电力电子和电机方向都会要的。  综上，如果你真的下定决心要进私企或外企搞技术，东大这个平台不会让你失望，因为这里面大多数人都盯着国家电网，没人会跟你竞争这些企业的。  同时，再给同课题组王政老师打个广告，王老师真心良心老师，始终在科研一线，带着学生做实验（这一点十分难得，像我们都是老板给个方向，再自己摸索），理论水平极高，发paper玩一样。
在东南大学四牌楼校区读研是一种怎样的体验？,谢邀。（妈蛋，原来我也可以打这两个字，第一次被邀请，受宠若惊，诚惶诚恐。） 可惜的是，本人学的渣专业，读研在九龙湖校区。凭着对四牌楼校区（以下简称牌区）的了解，试着回答这个问题，肯定有所欠缺，还望见谅。 首先，看下牌区的地理位置： 离地铁1.3号线很近，交通很便捷。靠近繁华的珠江路等，平时逛街聚餐什么的都不缺地儿。南大就在不远的地方，周末见机油见女神也是分分钟的事儿。鸡鸣寺在边上，据说求姻缘很灵。经过鸡鸣寺往北走，有明城墙，穿过城墙是玄武湖，或许可以说是咱东大的后花园（哈哈），玄武湖公园的景色还是不错的，班级小聚或者约三五小伙伴去划船等都是可以的。 然后，牌区已经有很多年的历史了，校园里的树木与建筑很有感觉，比如一进南门的梧桐树：  还有大礼堂：  电影《致青春》《少年班》都在这地方取过景，也许哪天你就上镜头了。 牌区有三个食堂，沙塘园与香园，莘园没吃过，味道还可以，小吃可能少点，不过不影响什么，想改善伙食，出门就有。遗憾的是没有足球场。东南大学老牌强势专业，如建筑、电子、交通等等的研究生和博士生在牌区，据我所知，建筑的本科生也在牌区，其他有没有在牌区的就不知道了，本科生一般是在九龙湖校区。 牌区总的来说，节奏比较慢，大礼堂喷泉经常会有大人带小孩玩耍，给人很安逸的感觉，反正我挺喜欢的。用  @du man  的话说，那是在城里生活的感觉，不是我们乡下（九龙湖校区）能比的。 先就想到这些，有什么再补充，欢迎高中生报考东大，考研考东大，欢迎来南京来东大玩耍。 谢浏览。
东南大学在国内知名度低是否影响就业？,会的，一听名字就是福建大三本。而且建筑特一般，校友建筑师也占了华人建筑圈的半壁江山而已。
为什么南京大学和东南大学在江苏水平相当，而在有些外地的录取分数线却差距很大？,题目中的水平相当挺有意思，两个学校在江苏分是差了两三分，东南招生也比南大多几百人，但是南京大学绝对不会认为和东南大学水平相当。这里面有个优越感在。在其他省份，分数差距比较大，正好迎合了这个优越感。江苏考生奔东南也不是仅仅因为不想出江苏省，东南大学的整体专业大部分分布在工学，建筑，艺术上，这些专业不但国内绝对是一流水平，而且都是社会需求量比较大，有发展前途充满活力的学科。今年USnews排名，工程学和计算机科学，在全球分别是22和31。这在整个华东也能进前三(那两个是上交和浙大）。  江苏省的家长对这个肯定不可能不知道，虽然东南招生规模比较多，但江苏东南分数线比较高也是容易理解的。东南最好的几个院系，江苏考生普遍都是复交的分数; 在最好的系，清华分数也不少。这在江苏省其他学校是不可能有的情况。如果家长对专业没什么了解，分数只比东南高两三分的话，而且对工程没什么兴趣的话，还不如改去南京大学，南大大部分专业都比较基础，稍微普遍有些冷，教育方式比较宽泛，因为社会需求较小，默认毕业以后相当部分学生都没有机会从事本专业工作，这也算是算是毕业有二次选择的机会，不像东南大学的工程和建筑，一旦毕业就完成了专业化学习，再改方向损失就有些大了，辛苦学习的几年也有些亏了。  江苏父母有些打算的，一部分会希望子女考南京大学随便读个文科，以后靠着自己的照应，在官场和事业单位谋份稳定的差事，轻松愉快收入也好；考入东南学建筑学工程，毕业以后苦哈哈的靠自己专业拼搏，会很累，也许并不划算。  外省的学生在选择工程和建筑上，可以替代的学校较多，也没有必要非要去东南大学。比如建筑类八个学校，能毕业都不差，即使去了南京大学学建筑，也都还说的过去。工程类好些大学开的也都挺好，不但有传统工程学校，像中山大学这样的综合大学的工程办的也不错。东南大学的工程专业普遍热门，开设的学校也都很多，像建筑，通信，自控，电子，土木，交通等，中国开的学校也很多，招生规模也都不小，本科教学差距也没那么大，学生不必要非来东南不可。选择一个离家近的又有什么不好，当地的企业也比较认可当地学校。还有中国毕竟还只是一个前现代化国家，工业化还很初步，对工业的认识还只是建筑工人，炼钢厂，富士康等。不像欧美国家，附加值大的，有创造力的是机械，电子等工业。对工程师的尊重明显不如公务员，因为做好本职工作是很难活得很好的。  这也是国内普遍偏文的综合大学分数要稍微比同城的工科大学高的一个原因。   不过东南大学在江苏分数高也说明了，江浙沪一带的工业发展不错，社会规则越来越透明，工程师建筑师的职业发展也比较光明，有些像工业化国家看齐的趋势。
区政府可以作为行政主体吗？还有大学，比如东南大学？,区政府肯定可以作为行政主体的，区政府可以行使行政权力。大学没有行政职权，不可以作为行政主体
报考东南大学数学系如何？,东大的曹进德团队极其屌，欧洲科学院院士
东南大学道路桥梁大三在读，考研是考本校还是西南交大比较好？,这个还是看具体方向。单从专业实力上看，东南的道路好于西南交大，但是桥隧不如西南交大。。不过，个人认为还是导师，专业实力，学校，地域综合考虑，，在西南地区，可能东大的桥隧不如西南交大名气大。。但在江浙沪一带，这可就不好说了。。最后，祝你考研成功。
浙江大学和东南大学，到底哪一所才是大中华区最好的三本？,东南大学吧。东南指代的地区面积比较大。  一个学校啊，命名之初就能看到他的野心和眼界。 清华大学。为中华民族的再次崛起服务 北京大学。也是因为地名所以不如清华。但怎么说也是首都。 复旦大学。为全人类太阳的再次升起服务 上海交大。也是因为地名所以不如复旦。但怎么说也是魔都。  浙江大学，不说也罢。  你觉得湖南大学，云南大学，山西大学，上海大学，江西大学（改名为南昌大学），贵州大学好吗？
东南大学综合实力如何？国内国际排名如何？,   12所热门985高校顶尖专业汇总一览表镇楼       关于大学名气实力的一点思考    其实这个问题由来已久，东南大学应该是国内“实力大于名气”的典型大学代表。时代变了，大学也需要热点、炒作、资本、营销、公关、话题等类公司化的运营方式。之前不了解东南大学的公众，其实对很多同类学校也没多少了解，大多不过是“以讹传讹、道听途说”罢了。  其实名气这个问题，国内除了清华、北大，类似英国牛津、剑桥，其他有多少能做到14亿人，几乎中国村村百姓都了解的。相信随着获取信息的成本日渐越低、日渐方便，只要有知乎社区（ 创始人兼CEO 周源 东南大学软件工程专业硕士 ）这种可靠信息提供源，大众对中国的高等教育制度、高校水平等等的“傲慢与偏见”会淡化，“理性与客观”会加强！    东南大学百年校庆以来的领导题词      东南大学2002年百年校庆     东南大学2002年百年校庆     东南大学2007年105周年校庆     东南大学2012年110周年校庆      经费科研奖项     科研教学师资     重点科研机构     学科专业建设     校情学生概括      国内重点高校高校全日制在校生人数       国内重点高校学科建设水平       39所985高校教育部学科评估参评学科数量及均分       中国部分高校全球六大排名综合报告       2017年5月ESI全球学科排名中国60所重点大学统计    
为什么居然有相当多的人觉得华中科技大学连东南大学都比不上？,四大工学院之首的说法不服气的人很多，现在一般也没多少人提 相对来说，华科规模更大，东南规模小一些 ——————————————————————以上是原回答——————————————— 实力相近的两校当然有人会觉得华科比不上东南，这个比不上也不一定因为觉得华科差很多。同样的，也会有人觉得东南比不上华科，也同样不一定因为觉得华科强很多。也会有相当多人的人觉得两校差不多，然而这跟无知不无知有什么关系呢？ 如果说很多人觉得华科比不上东南，地域因素是很值得考虑的一个问题，在湖北东南不如华科，在江苏华科不如东南。实际对比中内斗苏还是带加成的，相对于湖北来说。题主当然可以觉得江苏人这种地域偏好很无知（我也觉得有些个别江苏人地域炮开起来真烦人），然而实际他们还觉得外省刚波们无知呢：反正对绝大多数江苏人来说毕业以后都要在家附近，那东大可比华科强多了，而这一点与学校的实际实力没关系。可能这可以解释问题中“相当多的人觉得华科连东大都比不上”。 实际实力还是华科略强，考虑各种指标。不过东南也有很多相对华科占优的强势专业。
如何看待东南大学2017年在福建招生断档，投档分仅523？,确实是有点问题了  连续两年分数线上涨后，第三年直接血崩 是时候检查看看哪里出了问题了
东南大学规划考研的话报什么手绘班比较好？,基础好一点的话，报考快题辅导班就可以，如果基础不怎么好，可以报那种表现、基础、方案都辅导的班。去年考东大规划报的快题班，感觉还是挺有好处的。
东南大学无锡分校（ic院）的集成电路专硕怎么样？就业的前景待遇怎么样？,这个应该是想问同样东南大学 ，同样是电路，无锡这边的会不会是个坑: 回答不是。 无锡这边的硕士虽然都是集成电路(现在微电子)学院的专硕，但实际分配情况比电子学院和信息学院复杂，学院没有自己的老师，学生都是挂靠在其他学院老师名下，因为6系没有专硕，asic和mems带了很多无锡专硕，还有一部分挂靠射光所，另外有个别学生在显示中心和毫米波等等，无锡这边有两个常驻老师，还带一部分学生，是不是很乱？对～～～ 从就业来看，第一个回答挺客观的，找工作完全是看个人的，而且这里面也不全是你学的好不好，形形色色的公司招聘方式千差万别，还有机缘巧合，不细说了，整体就业来看，大家都不错，读博公务员继续搞微电子转行都有，应该每个专业都差不多是这样，都说自己水自己烂，那我也烂啊，反正我没瞎玩再差不济毕不了业找不到工作。 选好方向然后专心学，想太多好不好坑不坑没多大用处。在一定误差范围内，回报是和努力成正比的，而这个误差会随着你的坚持越来越小。
东南大学的经济学研究生值得考吗？,经济学不等于金融学。你先区分好这个，金融学肯定是经管领域里面最好的专业。 不过，我还是建议去北京上海读金融、经济这些专业，毕竟是大都会。
在东南大学湖区读书是一种什么样的体验？,今天搬离了梅园，有人点赞遂又看了一遍自己的回答，至此四年，甚为怀念。 -16/6/26更新分割线-  毕业前又看到宿舍门口的杏儿熟了   -16/5/31更新，分割线-  居九龙湖野生动植物园第四年有感(￣▽￣)（多图慎入） 1 也不是很大嘛 也就三千七百多亩啊，也就到处都是小树林啊，也就大一开学第一天来报道的时候迷路了嘛，也就报道完和麻麻一起找图书馆结果走到半路太热看看图书馆还在远方又原路返回宿舍(´･Д･)」 从梅园走到东门10min，教室15min，桃园体育场15min，焦标20min，南门20min，图书馆20min，北门25min。在湖区三年锻炼了极强的步行能力。 和梅园对角线遥遥相望的九龙湖宾馆，有次老爹出差来学校看我就住在那里，老爹说：“我现在从宾馆出门了。”我等啊等，等啊等，过了40分钟，老爹终于又发消息说到梅园了，那是12月，见到老爹的时候他满头大汗地跟我说：你们学校真是太大了。 然而感觉湖区最大的时候还是那个冬季的夜晚，我骑着我的自行车，第一次去上工培课，北风阵阵寒气逼人，我骑啊骑，骑过了梅园食堂，骑过了教学楼，骑过了图书馆，遥望着前方的工培中心，我想到了热乎乎的烤地瓜，想到了暖暖的红豆奶茶，觉得世界上最遥远的距离也不过如此了吧。     2 也不是很荒嘛 在上大学之前我以为大学应该像一个小城市一样，超市电影院应有尽有，生机勃勃青春洋溢，然而谁来告诉我湖区这是什么(　ﾟдﾟ)看不完的小树林小树林灰灰的建筑建筑小小的超市超市，我仿佛看到梦想的大学生活在向我挥手远去远去……当年面对这一切我的心好痛orz 但是我发现，刚开始的生活比我想象的更糟，为什么食堂永远这么多人啊摔！为什么去超市永远要排长队啊摔！为什么水果这么贵苹果都吃不起啊摔！为什么洗个澡要两块钱我高中才两毛钱啊摔！我想念一块钱一个的木瓜，我想念两块钱一个的椰子QAQ 三号线开通之前的湖区生活要单调的多，尤其大一刚来人生地不熟，我才第一次发现去电影院看个电影都要倒车，这世界上竟然还有下午六点就停运的公交车，想去吃点好的都要跑好远，说好的丰富多彩的大学生活呢QAQ  （图：百度东南大学吧）你确定这是大学不是国家AAAA自然风景区？！   3 也不是很野生嘛 军训有次下雨天在桃园体育场看台上躲雨站军姿，看到好几只白鹭飞到草坪上。对，雨中的白鹭，在草坪上停留又飞走，那画面简直美煞我也！跑操的路边可以看到野生的蘑菇，一个个小小圆圆的甚是可爱，上课的路上可以见到各种鸟类，长尾巴的，花花的，大翅膀的……蛇，兔几，野鸡，猫咪，松鼠等等等等甚是热闹。      （图：1 3 5来自百度东南大学吧，最新更新添加图5）看到没！我湖区连龙虾和白鹭都路上跑了！  你以为光这些就结束了？我九龙湖野生动植物园植物还没讲呢！桃树梅树梧桐树比比皆是，也绝对有你想象不到的树，比如宿舍门口有几棵每年都只长树叶不开花的树，今年它居然结果子了！对就是图上这个！三年来第一次！我才知道那是杏树。嗯我摘了吃了，不是特别甜但也不酸，口感很好，野生的杏简直萌萌哒(((o(*ﾟ▽ﾟ*)o)))   4 也不是很浪漫嘛 虽然大多数还都是单身狗，但在湖区谈一场恋爱也是很浪漫的。 在湖区谈恋爱，梅园桃园都算异地。暖男们一般会帮妹子跑早操，感情好的一起跑操也是不错的。 大一的时候还有东门夜市，两个人可以一起走去，穿过黑漆漆的跑操的路，男生故意讲鬼故事吓唬身边的妹子，两个人说说笑笑打打闹闹彼此牵着的手更紧了。要两份锅贴放很多醋一份铁板豆腐再加两杯酸梅汁，走到操场上，并肩坐着，边看星星边聊天边吃夜宵。 再或者，今天城管出动东门夜市居然没有来！男生决定骑车载着心爱的她骑去殷巷，去吃烧烤去吃大排档。晚风吹乱她的发，他们的爱情在开花。    5 也不是很丰富嘛 话剧电影各种晚会，焦标是个欢乐的地方。今年的跨年演唱会也棒呆！！毕业游行也棒呆！！呆到第三年终于体验到了湖区也可以很有氛围也可以很闹腾也可以很有归属感！是的没错归属感！！不多说甩图！      6 也不是很美嘛       （图345来源网络）  总之，我是我在湖区的第四年。除了单调的建筑和略显严肃的学术氛围，湖区的生活也有不一样的多姿多彩。你可以在图书馆里选一本喜欢的书看，你可以在教室当刷题大神，你可以在球场上大汗淋漓，也可以在跑操路上和你的ta悠闲踱步甜言蜜语，可以在舞台上激情澎湃也可以在观众席上鼓掌喝彩。 但是请不要在宿舍死宅足不出户，请不要沉迷网游日夜颠倒，请不要独来独往社交惨淡，请不要四年之后当你看到这个问题：在东南大学湖区读书是怎样的体验？脑袋里却一片空白。  看完的都是真爱，祝你们都能在湖区生活愉快◟(∗❛ัᴗ❛ั∗)◞
东南大学的思想政治教育研究生毕业后干什么了呢？,本人福师大思政硕士研究生，明年毕业。 基本上我的师兄师姐去的岗位有:高校辅导员，高校教辅岗（行政人员），中学教师，公务员事业单位（比较少）等几个集中方向。 因为这几年都没有很多学长学姐去考博，一来思政专业的博士点不是很多，二来名额有限，本校的思政博士点只招高校辅导员计划（四个名额）。所以考博只能夸专业或者去别的学校，思政专业的比较少。去年有别的专业的师兄师姐考博去了北京科技大学和山东大学，算是比较多的一年（两个考博成功）。 总得来说福师大的马院是比较强的，全国第二批重点马院，有福建省唯一一个马克思主义理论一级博士点，五个二级博士点，全六个硕士点。学科实力全国排名前列（排行榜不同。有的是前二十）。 如果在福建省工作，师大毕业的硕士还是可以的。考博的话其他院校是认可的，毕竟我们学院有一大批全国有名的专家，郑传芳教授，苏振芳教授，李方祥教授，陈永森教授等等。 校园环境还可以，学院也有自己的资料室，一整层的办公楼。
到东南大学中国语言文学读研好吗?, 基本每个地区都是一文一武， 南大的文科类偏强， 东南的理工类偏强。题主， 以你的想法， 选择报考东南其实并无不可， 毕竟知名度在， 而且竞争力度要小于文科院校。   当然， 如果你想报考相对更好一点的， 可以考虑下华东师范大学， 师范类的专业实力自然好很多 
在东南大学外国语学院就读是一种怎样的体验？,读完很少有不觉得坑
如何看待东南大学新出的兴趣转变转专业政策？,好像只能转入几个文科专业啊，没什么太大的意思。。 我就想在现在已有完整一套转专业制度的情况下，怎么可能再来一个凭“兴趣”空手套专业的方案。
妹子在东南大学读工科是怎样一番体验？,当下社会最热门的两个专业就是金融和计算机，你家闺女能读到其中之一，已经是很幸运的事了。
为什么东南大学在知乎的关注者这么少？,关注人数和知乎老板没有关系。下面是985高校的知乎关注人数，统计于2015年10月19日9：00。  其中，每年实际录取的本科新生超过七千人的大学有：武汉大学、华中科技大学、中山大学、中南大学、吉林大学、山东大学、四川大学。  1、清华大学 16113 2、北京大学 14433 3、复旦大学 6409 4、浙江大学 5648 5、上海交通大学 5350 6、武汉大学 4438 7、中山大学 4011 8、同济大学 3881 9、南京大学 3804 10、华中科技大学 3405  11、中国人民大学 3376 12、哈尔滨工业大学 3324 13、厦门大学 3138 14、中国科学技术大学 2864 15、北京航空航天大学 2662 16、四川大学 2355  17、东南大学 2229  18、西安交通大学 2202 19、南开大学 2153 20、电子科技大学 1952  21、天津大学 1775 22、华南理工大学 1741 23、北京理工大学 1714 24、大连理工大学 1567 25、山东大学  1490 26、吉林大学 1464 27、重庆大学 1251 28、中南大学 1207 29、北京师范大学 1194 30、湖南大学 1181  31、华东师范大学 1139 32、西北工业大学 896 33、国防科技大学 753 34、中国海洋大学 646 35、兰州大学 614 36、东北大学 547 37、中国农业大学 518 38、西北农林科技大学 459 39、中央民族大学 265
东南大学电磁场与微波技术920和921到底什么区别？分别需要复习哪些书？,知乎首答～  920是专业基础综合，包括数电＋信号，参考书是管致中的《信号与线性系统》和黄正瑾的《计算机结构与逻辑设计》（其实考的就是数电），教材如图：      921是电磁场与电磁波，谢处方的那本经典教材，如图：    ⑴就资料而言，920在论坛上真题等资料很好找，921基本没有真题，只有零星的几年前的回忆版，我选择的时候因为找不到921任何资料，才选的920，毕竟有20年的真题，枕着睡也觉得踏实啊～  ⑵就复习难易而言，920是东大无线电四系的通用科目，的确很坑很坑！！一张卷子数电50分，信号100分，题目模棱两可的地方太多，选择题15道，每题3分，不定项，可能选一个甚至三个，偶尔也碰到过全选，选错少选没分！所以很注重基础，抠字眼，理解概念，教材一定反反复复翻它五六遍，多少童鞋设计题做得再好，都是因选择拉下的分。通信、信号两大专业用它卡人是不用说的了。 921因为没有往年题目，重点自己不好抓，不过一本书钻研透，也跑不出那些点，关键在于自己多做多练。  另外，所谓真题都没有标准答案，自己做，纠正学长的答案，研友讨论，往往讨论一道选择能花上几个小时，别怕，都是这么过来的 -_-||  小结：这两个都很难，不相上下，看你自己擅长什么科目。  ⑶就复试和研究生学习而言，报考电磁场与微波技术，还是推荐选921，因为复试是微波技术与微波器件，难度更上一层，附上参考书吧～学姐我就是这么善良～(￣▽￣)~ 波扎的《微波工程》巨厚！！研究生教材，刘学观的《微波技术与天线》，本科教材      首答完毕，希望帮到你～   ﹊﹊﹊﹊﹊﹊﹊﹊﹊﹊﹊﹊﹊﹊﹊﹊﹊﹊﹊﹊点划分割线﹊﹊﹊﹊﹊﹊﹊﹊﹊﹊﹊﹊﹊﹊﹊  （一些学弟学妹问的很多，表示很理解，这里补充一下我对920的几点复习建议，个人经验，道理浅显，仅供参考，不喜勿喷）  专业课复习建议总结了三个方面： ①独立思考   平时做题的时候，锻炼自己独立思考，尽量向出题人的思路上靠近，多想想出题的目的，离不开那些考点。当然不要形成所谓思维定势，有一些常见出题陷阱，出题老师不一定次次都会使用，有时确实是你自己想多了，多做真题你就会发现。  ②熟练度  总体来讲，常规题占了大多数，而且题量很大，熟练度很重要，平时遇到题一定要自己动手写和算，尤其是傅立叶、拉普拉斯、Z变换的公式，再比如常用的部分分式分解法，代入数据计算，不管数据多复杂，务必要熟，因为考试往往数字都不好算，常规题丢分或者浪费了时间都是很可惜的。  ③开阔思路   难度很大的新颖的题通常是信号的最后一题，让你画出流程图的每一步频谱，熟练度是基础，另外平时多见一些信号处理的例子，无论多复杂的变来变去，都是以调制解调的思想为中心，多进行练习。 这里推荐一下孟桥老师的《信号与系统》在MOOC上的公开课，桥老师讲课透彻，醍醐灌顶的感觉，潜移默化的把信号的思想传递给你，不知不觉的开拓你的视野，不是为了学习而学习，而且桥老师人品特别好，有问必答，是我特别喜欢的老师。 数电设计题很考察你的积累，常用芯片的几种应用自己归纳一下，自己把学过的芯片都用上看看都能解决什么问题，自己把思维发散开来。多见见各类的题目，很有帮助，设计思路都是在平时积累起来的。                                 （2017年8月6日补充）
请各位大大告诉一些东南大学刑法考研的经验和资料？, 你最好找到在东大读研的人。我只是本科在那里读书。本科学习的教材是张明楷的刑法学。你再看看淘宝有没有人卖资料。 
现在再来看，东南大学九龙湖校区的选址到底好不好？,谢谢邀请。 就一句话吧，现在南京各个大学的新校区，没有一块地能比东大九龙湖校区更好的。
南京邮电大学考东南大学研究生难吗？,谢谢邀请。虽然我不是信息专业，不过作为在东大生活了四年的机械狗，我谨提供一点点参考，题主作为参考随便看看。 东南大学，一个神奇的大学，江浙沪的学生无人不知无人不晓，可一到内地，如两河两湖两广以及再往西，也都是到了高考报志愿的时候才有人晓得，哦，原来是福建的一个三本（滑稽脸）。当然了，我们也只准自己黑。由此可以见得，母校是十分低调的，低调的你以为她只有建筑牛逼，全国第三，你以为她只有个东南卫视（事实上不是校台），其实，她土木，信息，电子，生医，艺术等专业，都是全国名列前茅，知名度极高的专业。题主所问的信息专业如何，考研是否难考，和北邮相比如何。 一，信息专业如何。东南大学信息专业十分牛x，虽然高考分数，建筑专业的校线比信息专业高，但是，不论是信息专业本科毕业还是研究生毕业，就业前景一片光明，100％就业率（当然了，除非你就是不想学习，放弃人生，这种我们不谈），拥有国家重点实验室，学校重点建设学科，专门为信息专业配了一个无线谷，参与过众多国际前沿科技项目，例如前段时间发生的引力波的观测数据提供，国家空间站观测数据，探月卫星上数据收发装置等等不再列举，度娘知道的比我多，都有母校该专业的师生参与，可见信息专业是灰常灰常牛x的。另外，校友学长告诉我，研究生毕业三年，年薪50w+很常见。。 二，考研是否好考。 怎么说呢，先说考研这件事情吧。我也考研过来的，首先，不需要大一为了考研而去学习，这是一种束缚，你需要把注意力集中在，你学习这些东西对自己的知识体系是否有用处，能否将所学知识运用于实践，学以致用，我们学工科的搞工程的，一是严谨，二是处处结合实践，所以，不应该为了考研轻松而去拼命学习，初衷不能歪，不然，到了后面你会怀疑起自己，怀疑起学习的意义，甚至怀疑起人生。这是我在985学到的书本上学不到的知识，和题主分享分享。 考研一般人，只需要8个月左右，也就是大概大三结束的暑假开始正式准备考研，在这之前是选学校，定目标和计划。题主如果决定来东大，暑假开始复习就行了吧。不过我不能把话说死，为什么呢，可能每个学校的教育方式和知识体系不太相同，就拿我来说吧。 我大一进校确实目标很明确，那就是读研究生，至于是保研还是考研，那是后话。当然，从大一开始我就边学习边了解一些保研的政策，于是为了能保研，我也是一直保持成绩在班上靠前的，可是到了大三我却怀疑起自己的能力和质疑起自己努力学习的初衷来，这就是之前我为何劝楼主不要把考研当作努力学习的动力，一股不靠谱的能量。最后，差一分，没有保上。犹豫了一个星期，选择了考研。那个时候已经是十月份，我除了高数上册看了一遍外，还什么都没着手。 嗯，对。我考研只复习了45天，考试前10天处于破罐破摔状态，天天在宿舍打游戏（还好我爸妈不玩知乎，我到现在都不敢告诉他们我复习考研的细节）。考前一天，政治买了5本复习资料，只看了大纲那本的两页，对，2016考研政治裸考的。。。还好，四科今年国家线都不太高，都过了线，专业课考的好拉了点总分。 PS.考上了第一志愿，国防科大 而今年和我一起考，但是考的本校本专业机械的，仅1/5考上。。。 所以，考研说难不难，说不难，也悬。 不能说死考研一定简单或者容易，如果题主觉得，自己学的不是特别稳，那就大三下学期稍微背背考研英语单词，把高数，线性代数，概率论过一遍。10个月，不能再多。战线太长，后期疲劳，冲刺就跑不起来了！ 无线一般就是信息，电子或者计算机专业了，东大信息厉害点吧。那么信息专业的话，专业课挺难的，另外，校线高的。。个人觉得，哇，好高！往年数学和专业课单科线90，英语和政治单科线75，总分校线一般360往上走（2016年不算，数学特难！）就是说你除了过了学校总分线，还需要单科均过线。题主好好考虑，不过考上了前途无量！ 三，和北邮或者其他高校比较。 北邮我其实不太了解，知道的也是度娘上的那些官方式简介，题主可自行百度。那么谁好呢，如果想在长三角珠三角发展（其实无线这种还是杭州深圳上海这些地方发达些，吧。。）而这些城市，是非常认可东南大学信息，电子，计算机专业的！东大在长三角名气还是灰常大的哦！从就业前景和未来前途来看，个人推荐，东大。 好了，第一次这么认真的回答知乎上的问题。如果答的不好，不喜欢，也好歹看看哈！ 哈哈哈哈哈哈哈哈哈 最后，祝题主考研金榜题名，梦想成真！
江苏理科385上南京大学还是东南大学?,对这两个大学都不了解，但我还是想重申一句话送给题主， 读大学如果不好好考虑读什么专业，你会无限后悔的。 
在东南大学建筑学院就读是一种怎样的体验？, 东大建院研一狗一只，建院大坑已经蹲了六年，一边自嘲一边往上爬。  看到些本科的学弟学妹介绍了一些情况，让老司机拿出自己的血泪史讲给你们听：   关于上课   老师们不是段子手，就是段子手加漫画家……  建院里有一个经典的笑话：老师你觉得这个模型怎么样？我觉得下一个模型挺好。    人人网，中国领先的实名制SNS社交网络。加入人人网，找到老同学，结识新朋友。     杨俊彦老师的全套设计教学漫画，拿去不谢，看完你就知道我们上课是怎么样一种画风了……                  关于赶图周   赶图周就是建院人的天台对决，属于建院人的执着和竞争这一对黑暗孪生子，直接把专业楼熏出了浓烈的火药气。你有一张漂亮的大鸟瞰，我就得来一张A1的剖透视；你有一个1:100的大模型，我也要来个1:25的节点模型；你的场地模型真漂亮，我的玻璃上你找不到一丝U胶。这个时候，除了上厕所拿外卖，24小时都对着自己的电脑。睡觉什么的，都不重要。记得我最惨的一次，一个星期，平均每天只睡4个小时。最后一天晚上3点走回宿舍的时候，感觉自己踩着棉花上，整个人飘飘的，可能没有这种经历永远无法理解吧。 
东南大学国家ASIC工程中心导师怎么样？,去mems找一个不严的老师，然后去实习，ASIC性价比太低不让实习！保证你工作找的比ASIC好
李志为什么从东南大学退学？, [音乐后现场]李志：逼哥的青春史   
想考东南大学平面设计研究生，有什么需要准备的？, 设计艺术学 的研究方向： 01  设计艺术 史 02  设计艺术 理论 03  平面艺术设计  04 产品 艺术设计  05  环境艺术设计  06  数字艺术 设计 初试：①101 政治理论（含 法律硕士 ）②201 英语（含 法律硕士 ） 或 202  俄语 （含 法律硕士 ） 或 203 日语（含法律硕士）③719  艺术学 基础④968  艺术概论  复试：复试科目:5b0 设计理论 或 5k8 设计表现  东南大学专业资料，可以去宏韬东南考研网查看
如何评价最新的泰晤士大学排名，苏州大学力压东南大学、天津大学、同济大学、西安交大、北理工等等老牌名校？,泻药~ 我来强行给我大七里台职业技术专修学院正个名。  下面这个网站是泰晤士报对于苏州大学的排名以及各项指标的评价，也可以找到其他的一些学校。  Soochow University World University Rankings    这里用天大的数据为范例  可以看到，泰晤士给的分析分这样几项：教学，国际交流，工程收入，研究，引用，但是200往后的学校是没有具体的Overall评分与排名的，我们来自己算一算~  如果将上面的 World University Rankings这个下拉菜单点开，可以看到另一个亚洲学校排名的评分，而且这个亚洲学校排名是有确切分数以及排名的。 我将题主有异议的学校进行了一定的对比~ 全球排名中的评分如下（这个总评分是我自己算的，一会说~）  亚洲排名的评分如下  可以看到，只有教学和研究两个方面是有差别的（泰晤士也是偷懒了~） 另外，也可以从亚洲排名的总评分里看到，天津大学和华中科技大学以及哈工大都比苏州大学高，这我是服的~你看那个工程收入项天大100以及哈工大的99.8，不高才怪。（不要问我同济、交大和人大为啥低，泰晤士就这么评的……） 因为这个亚洲排名是有总评分数的，所以我用亚洲评分做了一个线性回归，看一看各项因素的权重。  第三个表格Coeffcients这一项是系数与常数 也就是说总评公式为   未知量从左到右分别代表：总评，教学，国际交流，工程收入，研究，引用 再利用这个公式计算国际排名的总评分，可以得到之前表格里的分数咯~再贴一次图~   这十所学校的最终排名依次是：天津大学，华中科技，哈工大，苏州大学，华东师大，西安交大，中国农大，中国人大，华南理工，同济大学。壮哉我大七里台~ 正名完毕，至于其他学校为啥比苏州大学低，你们自己去琢磨吧~网站数据都贴出来了~别的我可不管咯~ 以上~
东南大学的思修课、马原课、毛概课给你带来了什么？,马原老师给我们看了很多电影，十二怒汉 罗生门之类的，感觉还不错，我所上的除了毛概基本上老师都不是死教书的，还可以与同学有比较好的交流讨论。
如果想报考东南大学建筑系一定要考素描么？,真想说一声妈的智障。  题主你听谁说读建筑系要考画画？按照这个逻辑，是不是说我要读计算机，高考还要加试编程？  清华、同济、东南大学，这几个中任何一所，高考填报建筑学这个志愿，都不需要考画画。
东南大学交通学院岩土工程导师？, 童老师作隧道这块的，据说发的钱少一点。杜延军绝对不能选，你不知道他的学生骂他有多厉害 
西安交通大学和东南大学哪个好一点呢？, 想出国明显去西交数学，研究生在出国 
东南大学本科毕业生就业潜力如何？,谢邀。  仅仅说下我的三个下属，分别毕业于东大CS、南大CS、南航CS。同是应届毕业生招入搞软件研发，这三个人当中，从技术能力上，东大&gt;南大&gt;南航，从学习能力上，东大&gt;南航&gt;南大。  这个例子仅供参考（或者呵呵一笑），具体怎样，一个学校那么多人，很难说。
怎样找东南大学的女生做女朋友?,我不是东大的，但我很想知道这个问题，我是南京某工科大学的女生，想问一下，东南大学的直男与弯男比例已经到什么程度了？他们对女人还有兴趣吗？以及…………他们真的打算将荷尔蒙与性冲动深深绵藏于各种科研实验上吗？那我们这些骨子里渴望与一个好男人一个青年才俊恩爱缠绵、耳鬓厮磨的女孩儿还有梦可以做吗？我们是不是只能借助言情小说意淫一下了？你们男生咋想的？真要当和尚还是咋滴？
如何看待东南大学出国成绩单使用算数平均分？,利益相关：东大出国狗 反正我身边的人在这种计算方法下绩点都比教务处绩点高许多，甚至轻而易举冲上3.5。而且对于许多学生来说，体育考上85，比高数考上85容易得多，毕竟体育老师好说话给分高。 因为对我利好，所以觉得这种算法没毛病  
为什么南京大学总说东南大学篡改校史？作为国立中央大学的长子嫡系，东南大学究竟有没有篡改校史？,” 继承分很多种，并不仅仅是“学科继承”，还包括“校名（名份）继承”、“档案继承”、“ 公章（权力）继承”、“法律主体继承”等等。所以不能一概而论，而要看从什么角度来说，要具体分析。      从“学科继承”角度来说，老南京 大学   （中央大学）确实有很多的“学科继续人”，现在的南大、东南、南师、南农、南林，等等，都是。在“学科继承”方面，不管继承多少，大家都是平等的、并列的，没有高低贵贱之分，这是肯定的。“  ”现在的东南大学是在1952年院系调整时从南京大学分出来的，白纸黑字，铁证如山！（东南大学是和中央大学没有直接关系的，只不过是1952年从原南京大学分割部分院系和其他学校部分院系组成的新学校）。  来看看现在东南大学的真实出身和来历  （一）1951年，《中央人民政府教育部关于全国工学院调整方案的报告》里面明确规定：“将南京大学的工学院划分出来和金陵大学的电机工程系、化学工程系及之江大学的建筑系合并成为独立的工学院。”      什么叫“划分出来”？就是“分出来”的意思。分出去的院系，泼出去的水，作为院系调整产物的东南大学（南京工学院），有什么资格来争正统？   （二）1952年，“华东区高等学校院系调整委员会南京分会”颁布了《南京大学、金陵大学合并调整方案》，里面明确规定：“以南大工学院为基础，合并金大理学院电机、化工二系，成立南京工学院。”     （另外：52年全国高校 院系调整   ，在“ 华东区   高等学校院系调整委员会 南京   分会”颁布的《 南京大学   、 金陵大学   合并调整方案》中写道：“南京大学 四牌楼   本部为南京最大的校舍，【南大如将此校舍让出给 南京工学院   】，则南京工学院在1953年内不须有大量修建，否则暑后扩大亦感困难。“   也就是说，东南所谓的校址正统说也不堪一击，四牌楼校区是1952年南大让给南京工学院的）  （三）1988年，南京工学院改名为东南大学。     以上就是现在东南大学的出身和来历，白纸黑字，清清楚楚，明明白白，铁证如山！！！“    上面是一位njuer的分析和考证，可以说在这个问题上是强有力的。  下面是个人观点：  第一，鉴于1952年高校调整等政治因素，任何一所学校的合法性、正统性，不是某个人或学校自己决定的，也不是几幢楼就觉得自己是正统，也不是吵来吵去觉得自己声势上赢了就是，那不过是精神自慰。 中央大学延续性的合法性，任何学校都没有资格界定，有资格的是具有发布法定文件的权力机关，在这点上，南京大学拿得出法定文件。不要扯什么校址（真要扯，校址也是南大让出来的），拿出教育部等主管机关的文件证明你的正统性——什么，你不鸟这样的文件？那就请去台湾或者资本主义寻找正统吧。       第二，这样的争吵有意义吗？退一步说，大家承认东南大学是承续了中央大学的衣钵，你又能怎么样？你就比清北都厉害了？排名就全球100了？真要大家承认了，依现在二十几名且日益下降的排名，怕更是不合适吧。      第三，有这个心思争论这些，不如多点精神去搞学术、搞研究，拿出牛逼实力来，如果有本事进世界50强，前身即使是个野鸡大学又何妨？     
顶尖名校上海交通大学能否碾压东南大学？,我爸当年是分数上不了东南大学，才考虑的报考上海交大。而我，是分数上不了上海交大，才考虑的报考东南大学。  时代在变，让人猝不及防。  高中老师曾经说过，中国只有两类大学，一类是你高考分数能上的，一类是你高考分数不能上的。 你对某一所大学认知，很大程度上取决于你的高考分数。 私以为是很有道理的。
厦大，东南，中山大学，电子科技大学怎么选？, 分数允许的情况下，首选中山大学计算机或者金融吧。学校知名度够高，出国、就业都有保证。另外所在地理位置占有绝对优势，实习、工作的机会都多。整体来说，中山大学都是这四所学校里最好的选择。  其次选择东南大学计算机（建筑不推荐，感觉行业发展不是很好），江浙沪一带工作机会和发展机会明显好过厦门。东南大学学科精度高，业内也非常认可。  最后选择厦门大学的金融类专业或者电子科大的IT类专业。  厦门的工作机会比较少，只能吃学校的知名度。说实话，福建这个地方的发展水平还是配不上厦门大学这样一所学校的。  而电子科大的话，虽然业内知名度高但是跨行业的认可度一般。另外成都实习的机会虽然不少，但是也绝对不像上海那边的学生一样可以人手3、4个五百强实习的经历。找工作的时候才发现实习经历真的太重要了。 
有大神了解东南大学蒙纳士苏州联合研究生院吗？想考国际商务专业有了解的吗？？,2017国商专硕 专业课140分初试经验  今年东大的国商比以往火爆，与往年相比，一志愿上线人数增多了不少，名气终究是打响了。关于东蒙的双学位项目很多帖子已经介绍的很详细了，这个帖子主要是写给已经决定报考国商专硕、其他科目不拔尖，希望在专业课有突破的同学。  我初试专业课考了140分(满分150)，初试的总分位列中游，复试后综合成绩位列中上。不少同学在问我专业课复习经验，每个人问的侧重点不一样，回答的比较不全面，所以决定写一个帖子介绍我专业课的复习经验。自认为我的方法很管用(嘿嘿~)，事实证明确实很有用(哈哈~)。在考场上卷子发下来时我浏览了一下题目，90%是我会的，我基本上都复习到了且都能回答上。如果你看了我的经验、以及结合其他同学的方法，也许在你的考场上，98%的题目你都会，想想这有多爽~  具体说一下:  一、用书:    1．圣才&lt;国际商务硕士 考试专用教材&gt; (重要) 2．圣才&lt;国际商务硕士 重点院校考研真题详解&gt; (重要) 3．希尔&lt;国际商务&gt; 第七版 4．卜伟&lt;国际贸易与国际金融&gt; 2009 (比较重要) 5．韩玉珍&lt;国际贸易与国际金融&gt; 第二版   二、东南出题风格:    东南大学出题不算太偏，注重基础知识的考察，主要考察国际贸易理论、国际金融、国际直接投资的知识，国际贸易实务也会涉及。  题型是: (一)5~6个名词解释 (二)3~4个简答 (三)2个论述  三、复习方法+时间安排:  （一）7~8月中 暑假期间 阅读书本 (以卜伟为主，韩为补充)  因为我本科专业是国际经济与贸易，所以我把前期都放在了数学和英语上，到暑假的时候才开始看专业课知识。如果你认为你的基础不算好或者不是本专业，那么你可以暑假前就开始着手看专业课。 我先看的是希尔的教材，希尔的比较浅显易懂，能够帮助回忆，边看边整理该书的知识网络。其次我把重点放在看卜伟的书上，他的书适合应试，大题要好好整理。然后就是简单看了看韩玉珍的，把卜伟书中没提到的看了看。   （二）8月中~9月底 看圣才两本书 (真题为主，专用为补充)  看完课本其实已经对国际商务的知识了解的差不多了，接着我就看了专用教材和真题作为回顾和真正的知识梳理和记忆了。真题可以让你看到什么是重点和各大高校常考的内容。 (建议关注一下上财和南京大学的真题)，在这期间，我扩充了我的知识范围，明确了重点。看的同时把题目誊写在另一本本子上，答案在多少页在题目后面做了标记，方便后期背诵。  （三）10月初~12月 背诵知识范围+时政热点搜集  这时候就轻松多了，不用整理，只需理解和记忆了。 我把我自己整理的知识背了两~三遍，期间上网搜了时政热点，如(人民币国际化，加入SDR，自贸区之类的)  总的来说，国际商务的知识范围就那么多，知识点也就那么多，你只需要整理一份你自己的知识范围，到后期一遍又一遍背你的知识点就可以了。不要像一个没头苍蝇一样看到哪算哪，连自己记没记住都没搞清楚，忘记了想要回头找都不知道从哪找起。在看书的过程中把你认为重要的知识点记录下来，整理成一份你之后要背的知识范围，这个知识范围你在你阅读参考书籍和各校真题之后得出的，养成边看别记录的习惯。当别人后期在发愁要背什么的时候，你已经把框架和可能出的题目了然于胸，只剩温习和记忆了。  关于专业课想说的就这些，如果你觉得自己把握不好知识点，想要参考我整理的资料和重点的同学可以私信我，这份资料综合了上届学姐的部分经验并经过本人精心的梳理和增减。  能帮到大家的就这些，最后说说我对东大-蒙纳什的国际商务专硕的看法，首先是中澳合作办学，有澳洲老师上课，对英文要求高，它的全英文教学很吸引我，且苏州环境不错，靠近上海，对于国际商务来说实习、就业十分方便。东大作为985、211高校，设施、教学设备之类的不必多说了，我期待成为其中的一员。18的学弟学妹们，选择了这个方向，那就沉下心来，下定决心，努力坚持，博采众家之长，发挥自身优势。不要天天想着哎呀报考的人越来越多呀，竞争压力好大啊怎么办呀不拉不拉之类的，一句话，先尽力而为，再顺其自然。  要说的就这么多，预祝考研成功!! 创建于 21:16 著作权归作者所有
国立东南大学创立的历史背景是怎样的？,国立东南大学是在原南高的基础上改建的，详细历史背景参见当时上海《申报》的一篇报道。  —— 国立东南大学缘起 ——  《申报》 1920年3月25日   教育重普及，学术贵大成。昔之言教育者，第即小学为普及之具，欧战以后，各国学者乃悟大学教育亦宜注意，凡欲为推广倡设者汲汲惟恐或后。盖今后之时代，一大学教育发达之时代也。  吾国初设学校，囿于古者家塾党痒州序乡校国学之阶级，仅仅置一北京大学。若北洋大学，若山西大学，则以特别关系而立。而东南则仍然无一大学。民国初建，东南人士所兴学校，往往号称大学，未几而停辍者相望。  近年教育部议设五大学，南京居其一，已草预算矣，迄未见诸实行。故自天津太原以南都官私立学校计之，舍今日甫经议立之厦门大学、南涌大学外，仍无一大学，有则外人所设立者也。  东起河济，南迄海徼，其方里不下五百万，其人口不下二万万，其学者不下百万，而数十年来，数千里中，无一完备之大学。  嗜学而期大成者，不入外人所立之大学，必裹粮赍装不远千里而之京津，京津之大学不足容，则必东走日本、美利坚，西诣俄英法德，以解其嗜学之渴。比学成而归，而桑梓钓游之地，复不能以最高学府罗致其人，俾之从容赓续，极深研几，萃世界之学术思想，铸造而树中国之徽识，此非吾东南人士之耻欤。  美之人口百兆，大学五百余，吾东南各省倍之，当得大学千余。日之人口七十兆，大学三十余，吾东南各省六之，当得大学二百。区区议立一二校，其不足语于发达也审矣。然而教育部议立于南京之大学，时越数年，犹迟回审顾，而未能遽行其议。原其迟回审顾而未能遽行其议，殆以绌于经济为主，因今之国立学校，经常费犹时虞不给，矧有余力以创大学?此尽人所知也。  然以大学之不容缓，而国家兴学之费，又未必计年可以骤增，吾东南人士，乃得一兼顾之法，曰按照部议立一大学于南京，而以南京高等师范学校之专修科并入，名之曰国立东南大学。  在南京创办东南大学，其利有十：南京为东南各省水陆之要津，鲁豫皖赣浙闽诸省，轮轨四通，气候温和，无盛寒酷热之患，城北地广而静，山川风景之美，最适于学者之修养，此利在地理者一。  吴晋以降，东南都会莫先于此，民国肇基，尤为有史以来惟一可以纪念之地，发挥平民之思想，他地万不能逮，即以文化论，数百年来东南魁宿，侨寓此都，其流风余韵，举足以振发学者之理想，此利在历史者二。  城北南洋劝业会场，面积广阔，地主张君，夙愿以地权归之未来之大学，因其基础兴建校舍，足容学生万人，他处无此广厦，此利在校址者三。  大学为最高学府，非仅办一二科。即可以餍学者之望，南高原有农工商教育体育诸专修科，其规模已近于各国之大学。以之并入东南大学，第须添招文理科则学科已称完备，即增立法科医科，亦复易于筹备，此利在设科者四。  南高教员多积学之士，各科专门学者为数甚多。改办大学，其人才几不假外求，目前所教科目，已与各大学程度相等，驾轻就熟，视创立一校难易迥别，此利在师资者五。  东南各省，中等学校毕业学生，年以千万计，志愿风尚，各有不同，仅有一高等师范，固虑供不给求，且为名额所限，每年招生时有遗珠之憾，增立一大学，则有志于著作发明，或服务于各种社会者，皆有所劝，而大学中之教育科，仍足以造就教育人才，此利在学生者六。  特建一校，万事草创，购地造屋，厥费孔巨，图书仪器尤为不赀，创之于南京，则因劝业会场及南高所有陆续增拓，虽乏巨款，亦易着手，且南高声誉夙著，海内富豪已有捐资其中、奖励学术者，若增立大学，术业益进，则海内外热心教育之富豪，必尤乐出巨金以助斯校，政府社会合力并筹，此利在经济者七。  吾国学术向多倡自东南，近年输入欧美文化，亦以东南为捷，发扬国粹固必有管握之枢，牖辟新机尤贵得折衷之所，近世各国社会风气，率视大学学者为转移，往往以一二巨子之学术思想，冀进国情，作新世运，各国鲜此学府，故新旧争讼，而群德坐是不昌，使东南有一完备之大学，为焕发国光、吐纳万有之地，匪独可以融贯群言，作吾国社会之准的，充其所得，且将贡输于各国，植吾国于世界大学之林，此利在学术者八。  东南都会，外人顶踵相错，询吾教育学术界之尤最，恒苦无以举示，当此万国棣通之世，无论学术技艺之集会，十九皆大学学者，即政治交涉之类，号为万国大会者，亦多大学学者列席其间，独吾国以大学之少，逐致未由参与，若南京建设大学树之风声，则彼之来者，可审识吾之人物，吾之往者，亦多可与之抗衡，此利在国际者九。  教育部范总长视事之始，首注重规划大学学区，盖外鉴于世界之潮流，内审于各省之需要，知大学之必应广立，始可渐期其发达，意至善也。夫以中国幅员之广，人口之众，一切行政固必赖中央政府之规划，然人民不自奋发，以应政府之规划，非所望于今之国民也。政府规划学区，吾民即应共图建设，以学者之责任，树民治之精神，东南倡之，各方继之，一区不必只有一大学，而一区断不可不先立一大学，积极进行，始不致蹈向日空言无补之弊，此利在民治者十。  准此十利，故謇等拟就南京高师地址及劝业会场建设东南大学，而以南高诸专修科并入其中，图之数月，既上言于教育部，部可其请，刻期筹备，且节南高之费为新建大学之资，吾东南人士，夙夜企梦之大学，行且涌现于目前，惟兹事体大，非资群力群策，不足以立丕基，而昌民治。  谨述其缘起，敬告邦人君子诸姑姊妹，凡我同志，洞明世界之潮流，倡导国民之文化者，嘉许兹举乐助厥成，或诏以植学之规，或附以劝学之费，尤我东南诸省百十万亿父兄子弟无疆之休，非徒謇等之庆幸已也。发起人张謇、蔡元培、江谦、王正廷、袁希涛、穆湘玥、蒋梦麟、郭秉文、沈恩孚、黄炎培等宣言。    —— 附东南大学设立董事会 ——   东南大学筹备处成立详情，已志前报。兹闻筹备处以欧美各大学为求社会之赞助起见，往往设立董事会，协助校务进行。东南大学将来为东南各省学府，于东南文化之发展影响至为重大，现当创办之际，所需社会之赞助亦至大且急。  本星期三日下午四时，特开全体职员会议，决议依据前日发起人呈经教育部核准之计划书，组织董事会，并订定简章，推举张謇、蔡元培、王正廷、袁希涛、聂云台、穆湘玥、陈光甫、余日章、严家炽、江谦、沈恩孚、黄炎培、蒋梦麟诸位（共十三人）为董事，不日将呈请教育部函聘。  此次所举诸董事，或为耆德硕学，或为教育名家，或为实业巨子，于社会事业均极热心，东南大学得此助力，其发达之速可预卜矣。  《时事新报》 1921年2月5日
自动化方向 考研南理工与东南大学怎么抉择？,南理工自动化是蛮厉害的。  再厉害也是211呀。东南是985。  考研是一场博弈。敢不敢赌看你自己了
东南大学自动化学院是怎样的体验？,哎，自动化专业。自从两个院士去世之后，再也没有崛起过。都不知道原来的院长费树岷的能力为什么这么差，简直渣。不过其他985大学的自动化也搞得不好，我觉得应该是自动化这个学科自身的问题，各个大学也不想花精力去搞了，还不如把钱投在计算机、软件、通信、电子、电气这些学科上面，尤其是计算机专业。  不过还好自动化的中、青年教师还不错，希望能带领东大的自动化前进。 至于待遇什么的，你是XX 千人计划的吗？还是普通引进的？不同的引进计划，待遇应该不同。 南京的生活压力比北京上海肯定要小，地铁交通也比较发达（仅次于北上广三个城市），生活质量还是不错的。
西安交大能否碾压东南大学？,谢谢邀请，已经举报。  不存在两所大学碾压的情况。 西安交大再怎么沉沦，在西安也是第一，论三航，比不过西工大，论电子通信比不过西电，论农学比不过西北农林，论建筑，连西安建筑科技大学都比不过。电气很强，进西安局的人还没有西安理工多。 东南大学呢，工科妥妥的江苏第一吧，强势学科不少，很多答案中提到的建筑，更是强中之强，而且在985里也很出彩，印象深刻的是《信号与系统》教材就是东大的，这个科目在大学里对我的摧残程度仅次于模电。但也完全谈不到碾压，我现在就在江苏省，我所了解的电力行业，进苏州供电公司的还没有南工程的零头多，只能说不同学科， 不同地域的差异太大，怎么碾压？  才读大学的学生，尤其是那种考不上清北，华五，但又从小是佼佼者的学生，对于大学排名极其热衷，大学生课余生活除了看片儿和lol，估计剩下最大的乐趣就是津津乐道哪个大学厉害，哪个专业牛逼，前段时间北航，西交大，同济，哈工大几个学校撕逼，现在又开始东大和西交大，这种话题谈论起来永远没有止境。为啥？除了这个也没啥值得说的事情了。法拉第令公子会觉得他读北大就了不起吗？公主殿下去浙大，她会参与撕逼浙大是唯一的TOP1或者去和其他华五争TOP3的名头吗？ 学校就算能分出个胜负，和个人又有什么关系呢？大学好坏只能说明高考的成绩与高考的选择，甚至连大学毕业后找工作都不完全与学校好坏正相关，不信看看东大和南工程，西交大和西理工在电力行业的对比。 少浪费点时间打嘴炮与攀比，多弄点时间提升自己吧。
东南大学吴健雄学院？,吴伯雄学院名师荟萃，来读的学生也都是各地的精英，优点大体上有三个：1.转专业更容易。2.保研机会多。3.得奖学金的机会更多一点。
东南大学好吗？,这两个学校都是我无法触及的高度，东南大学在南京，我很喜欢这个城市，大连也不错海滨城市，不过个人决定南京更有文化底蕴学术氛围更好一点，好大学也多
填志愿南京大学还是东南大学？还是南航本硕博？,我是02年入学的第一批4年制软件学院的东大本科生。 上周末正好我们院这一届同学在东大举办了毕业10周年的聚会。见到了很多老同学，大家过的都还不错（也不是没有压力）  相信我还是有一些资格，作为一个长者，来传授点人生经验的。  首先要说的是，两个大学都是旗鼓相当的，做具体决策确实非常困难。当然要知道历史不容假设，不管选哪个都会有自己的问题。  作为东大学生，我不知道南大的情况，但我知道我们东大的软院和计算机系都出了非常多的牛人 有不少也出国在微软，谷歌，Facebook，Github工作的。也有在国内BAT工作的，也有自己创业的，也有子承父业等等。相信南大也是如此。 可能出国的比例或者进 BAT 的比例没有清华北大多，但这并不妨碍大家 过的幸福   哪怕是我那些没有能进得了东大南大的高中同学，他们也过得很幸福，而且我认为他们的能力在很多方面是超过我的。当然，任何人也都会有自己的烦恼。  所以，要回答你的问题， 你首先得问问自己，你4年毕业之后，打算做什么？ 再问问自己，毕业之后4年，你又期望自己达到一个怎样的状态。想想自己的理想和梦想，那些是不是你真的内心愿意为之付出努力的？是不是接下来自己的每一个选择和努力都是朝这个方向的？然后你才能通过这些来倒推你现在要做什么选择。  当年我在填志愿的时候还没有软件学院，于是填了东大的计算机，没选清华北大南大复旦，主要是怕考不上。后来是收到录取通知书的时候附带了一张软件学院的招生简章，我清楚的知道，我毕业之后一定是走互联网、软件方面创业的路线，这决定了我对硬件没有兴趣，于是毅然选择了软件学院。  当你决定了自己的方向之后，环境都是次要的，关键看自身的努力。很多大学生会所谓『迷惘』，皆是因为并不清楚自己未来的目标是什么。而如今大学教育往往落后于社会实际需求，很多事情必须自己去学习和探索。 我03年就开始玩 JavaScript，属于国内第一批玩 JavaScript 的，后来也翻译了一些文章，最后在毕业前荣幸接到图灵公司的邀请来翻译《JavaScript高级程序设计》，这些事情都不是学校让我去做的，相信即使现在的很多高校也不会专门开课教 JavaScript，而大家都知道现在前端是多么紧缺。所以，你也应该自己来决定自己的发展方向。  当然，环境能为你带来很大的帮助，但是南大东大两个兄弟院校差异还并不是太大，如果可能我倒觉得北京上海的大学，甚至国外的大学，才能提供更大更高的平台。因为城市的不同，带来的机遇是非常不同的。从 IT 行业来看，上海北京除了有更多的业界牛人，也会有很多的线下聚会，我也经常能看到一些非常有想法的学生来参加，我相信他们都会是未来的栋梁。而南京的活动相对少很多，尤其我们往往在非常偏远的乡下，非常闭塞，当年互联网也没有今天发达。   总结一下：首先是清晰的目标和规划，其次是自己的努力，最后才是平台，以及时代的进程。   希望我说的话能对你有所帮助。  ----- 说了半天好像没说结论，其实结论已经在里面了，因为没有人能代替你去进行判断，没有人能代替你对你的人生负责。 所以我也不希望你在未来3年后又问类似的问题： 计算机专业怎么判断自己适合考研还是工作？ - 曹力ShiningRay 的回答  南大虽然比东大更好，在人生几十年中，这种差异是否会明显对你造成巨大影响，令你值得去冒险？甚至让你在未来4年都完全无法通过更多一点努力或者未来研究生考上更好的学校来弥补？甚至让你可能选择复读？ 如果你搞不清楚目标，你就很难知道复读是不是个好的选择，也不会知道浪费一两年去读个转专业是否合适。 当然，无论做出怎样的决定，都希望你能不要后悔，让自己过得开心。然而即使到时候做出改变，也要勇于接受事实并积极努力去付出。  -----  说说我为什么觉得在 IT 领域，城市作为一个平台某些程度上对于大学本身来说更加重要： 如果不是搞学术，大城市像北京上海，有更多的大公司的研发团队，在北京上海，线下的技术聚会是更多的。 而大学的教育跟 IT 领域脱节是很严重的，在大学里学的大部分东西在实际工作中用不到（但不是说大学教育对人成长无用），而且对于本科生来说，学校的科研实力其实跟自己关系并不大。如果能在大学时代找准方向来自学，要好于等到了毕业进了公司再慢慢补课。 通过线下聚会，可以跟业界人士有比较直接的接触，有助于扩展人脉，让自己眼界提高。由于创业氛围也更高，就获得更多尝试的实战机会。 另外不能否认的是，近些年大部分互联网的浪潮都是发源于北京上海等地，比如团购、O2O，慢慢才辐射到其他城市，那么自然离浪潮近，也就更能抓住机会。 不能否认南京在这些方面要比上海北京差，但也不能否认，南京在这些方面还是要好于国内很多其他城市。
东南大学土木工程复试分数线?,第一，桥梁收的人特少，基本是个位数，所以分数很高。第二，考研也分大年和小年，报考的人多，分数自然就上去了，当然，专业也有差别。
东南大学服从调剂和南航南理工，如何选择？,谢邀。  进入大学才发现，在学校相差不太大的前提下，专业对你的影响是很大的。  化工与制药，算是很传统的行业。化学工程与工艺方向毕业找工作普遍不难，但薪酬普遍不高。制药类因为需求不大，工作情况更不如意。  毕业后工资较高的主要集中在金融和IT两个领域。  综上，建议在学校差不多的情况下选择适合自己的专业，或时刻保持一颗赤子心入校后通过努力重新选择专业。
如何看待东南大学建筑学院研究生奖学金评选不公开透明、只公布结果的做法？,搞不懂纠结个排名是什么情况，有疑问去查即可，所有成绩排名都可以告知。什么叫保护本校本科，都是建筑学院研究生，说到底没把自己当东大人，骨子里还是觉得我外面的。有时间还是好好想想怎么提高自己能力值，瞎bb没啥意思。顺带一句，奖学金评选不止分专硕学硕，还分方向，80.05在设计方向也就是“呵呵”的分数，还能怪谁，再想想自己这年竞赛论文学生工作做了么，预计此人应该没啥作为。学院不会无聊到平白无故给你降档，有背景的人说实话根本看不上在这学业奖上体现存在感。平时不努力，看到成绩跟钱挂钩开始想办法给自己找借口，“不公平、黑幕”都出现了。在建院待了七年，说实话建院一直是公平公开。只能说心头黑暗，看什么都是灰的。最后，别搞的自己像窦娥一样冤，你四等奖，有可能是你不行，也有可能是对手强。至少现在看来抹黑造谣，此人是真的不行。
电子科大和东南大学如何选择比较？,从个人感受来看选择电子科技大学，  本人在瑞典念通信时，有两个从东南交流的学生，非常水，水到作业从来都是抄。  另一个电子科大同学，专业知识过硬，十分强悍。
请教，东南大学风景园林考研难度有多大？,谢邀，难度有多大我觉得要看你的水平与考上的人水平之间差距多少了，建议你找一份专业试卷，大概看一下，是不是对你的路子，如果觉得经过复习，觉得还可以的，那么考上对于你来说不成问题。还有快速设计，最好有机会看一看考上的人的都是什么样的水平，这个差距你是不是可以通过复习赶上，如果可以我觉得你可以尝试。 考不考得上的因素很多，跟你的水平、报考人数、录取人数等都有很大关系，但是最重要的是你要弄清楚，考什么？考上的标准是达到什么样的水平？然后你达到没有？或者通过复习是不是可以达到？
东南大学九龙湖研究生宿舍条件如何？,九龙湖高级技工学校，树林大，生态好，经常遇到蛇、刺猬等野生动物，实为“九龙湖野生动物园”。  开个玩笑，东大地处六朝古都、人杰地灵、钟灵毓秀的南京，东大又是985，副部级大学，宿舍条件岂能太差？ 九龙湖校区作为新校区，宿舍四人间，上床下桌，空调，独立卫浴，举不胜举……
如何看待2016东南大学省内招生分数优势再被缩小？,替智商捉急的题主补充，问题中的说法让人感到智商被侮辱：  北京大学 422 清华大学 419 复旦大学 416 上海交大 407 中国科学院大学 402 浙江大学 401 中国科学技术大学 401 中国人民大学 400 上海财经大学 398 同济大学 395 南京大学 395  东南大学 392    北京航空航天大学 391  上海外国语大学 389 南开大学 389  武汉大学 389   西安交通大学 389  华东师范大学 388 北京师范大学 388  华中科技大学 388  厦门大学 387 北京外国语大学 386 天津大学 386 北京理工大学 386  哈尔滨工业大学 385 中山大学 385  南京航空航天大学 384  华南理工大学 384  南京理工大学 383  电子科技大学 383 四川大学 382 山东大学 381 重庆大学 380 西北工业大学 380 中南大学 380 大连理工大学 380  河海大学 379   湖南大学 378 吉林大学 374 东北大学 374 西北农林科技大学 362
东南大学道路桥梁与渡河工程专业和交通工程专业选择哪个好?,我是东大路桥的桥梁方向的大三学姐ಥ_ಥ学妹应该已经分完专业了吧，但我觉得没什么专业是一定说适合什么性别的，还是要看个人喜好，我自己就是因为特别的喜欢桥梁和房建一类才选择的桥梁，以后工作的话还是要看自己的能力————————————————————————————————个人兴趣真的非常重要
东南大学电子科学与技术专业毕业回上海工作如何？, 虽然时间过去很久，想来还是要解答一下，给以后的师弟师妹一些借鉴。  关于东大名气，在这里念书四年，这个话题的热度从来都没有断过。但是作为一个东大将要走上工作岗位的师兄，可以负责任的告诉你， 东大电子的牌子在长三角地区是很锃亮的，尤其在就业时你会发现这一点。    只要你大学没有荒废，东大的牌子足够你找到理想的工作。 举个栗子，当时去面试TI的实习生，我申请的这个岗位， 初面名单上有200人往上 ，南邮南理工南工程（外校兄弟轻喷，没有黑的意思）等院校毕业生大概占了80%以上，剩下的都是东大南大南航等985和重点211。经过三轮面试，最终结果出来时： 录取3人，2位东大同门，1位南大兄弟。   关于工作性质，人各有志，也各有所长，做一个硬件工程师可以，转行去隔壁CS做IT男也可以，如果比较social和push，亦可以去做技术销售。关于技术销售，经过交流，发现很多同学对于这个岗位的见解是差之千里的，见的多了也就一笑而过。如果有志加入这一行，可以私我深度交流。  按照电子学院的培养方案，比较对口的企业诸如Intel，TI，AMD， ADI， 华为中兴，台积电等，对口的外企民企国企太多了数不胜数，不再枚举。扎扎实实的学好专业知识，多参加竞赛实践，在社会工作中磨炼自己，工作什么的，都是浮云。  加油。 
同济大学和东南大学该如何选择？,东南也有桥梁吗
东南大学四牌楼校区硕士研究生男寝住宿条件怎么样?,四牌楼的话，六人间，没有独立卫浴。九龙湖校区宿舍环境好些，但四牌楼周边出行啊，游玩呀，还是方便更多
东南大学从医学院或工管转到软工或电气困难吗？, 医学的确很累，但医学的个人收益某种程度上比计算机更稳健且强劲，而且，CS方向一样是秃头谢顶的高危区域，你确定要放弃五脏六腑转来CS感受抓头发和身体被掏空的赶脚？ 
请问东南大学的郭秉文文科试验班怎么样？,本人是东大文科的，个人觉得网上评论并不属实，毕竟真正的东大学生不会这样黑自己的学校，既然是文科试验班，就一定有它的特别之处，可以考虑
本科生物医学工程专业，保研选择去中科院苏州生物医学工程技术研究所还是东南大学？,谢邀。  先选城市，再选专业和老板，最后考虑学校。 所以，题主要问自己： 1 除了苏州还有哪里可以去？为什么不考虑京沪深？ 2 据我所知生物医学工程有两类，一类是医疗器械的，会写代码；另一类是医学和组织工程，会养细胞。题主属于哪类？ 3 研究生的老板是做什么方向的？是不是紧跟热点？有多少经费？是不是业内大牛？他的学生毕业后的去向好不好？ 4 东南大学和苏州的中科院在生物方面的名望大吗？跟浙大生物或中科院上海生科院比如何？
东南大学有哪些鲜为人知的成就？,就随便说两个。 中国的4G标准（应该说是东南牵头搞出来的）、中国某个南极站上面有东南校徽（总共3个还是4个来着，自己搜一下是哪个）、月球车的数据模拟工作（就是前两年上月球走不动的那个，是不是自黑这是）。  话说百度百科上应该有吧。
如何看待东南大学如此让学生实习？,谢谢邀请。我现在还不知道怎么回答这个问题。我是个大二南京某高校学生。看到东南学长这种经历不免有点对实习失望。强制性实习太可怕了。本来我还把东南大学作为最后一项保研目标院校，现在看来我觉得我可能会改变想法了。   我认为，工资肯定会发的，因为你们有劳动合同，如果不发，你可以用法律手段保护自己权益。
在东南大学就读，历史教授在公共课整天传授反动言论，怎么投诉他？,一，东大没有历史系 二，我大概知道你指的是哪个老师 三，你所谓的“反动言论”，只是官老爷们不希望p民们知道的真相 四，好的大学教会你思考，渣的大学只会洗脑（有的也是迫不得已） 五，你只适合待在高中，不用思考，玩命考高考就行
南京大学和东南大学哪一个是正统的国立中央大学？,搞反资产阶级自由化的时候 两校肯定说对方是正统 ———————————————————————————— 针对评论区的质疑，我说下我想表达的意思，都是党领导下的人民教育事业，都是实行“党委领导下校长负责制”的共和国高校，不可能去争什么正统国立中央大学的。你校长的位置还要不要好了？你党委书记干嘛的？  我十分尊重南京大学的一些教授，有两个教授的书对我产生了很大的影响，是我决定退役的重要推动力量，就是高华教授和任东来教授。但你要说，有这两个教授，南大就有民国高校的气节和风骨了。我不同意，两个院士候选人实名举报的事情也出在南大好不好。
如何评价东南大学田玉平老师和马旭东老师？,孩子，你口中的傻学校哈工大比你想去那个西安某校和东南大学都要好，报志愿不能任性，不能因为你女朋友要去西安你就非得去西安，你的人生是你自己的。给人家招生办老师道个歉，做人不能狗咬吕洞宾
东南大学车辆工程研究生就业前景怎么样？,东南车辆是机械下面的，机械下面有机械制造，机械电子，机械设计，车辆，工业工程 机械制造最难考，机电次之，机械设计和车辆比较好考，一般都不刷人，基本上过线就要。不过因为是机械几个方向统一划线，所以分数也不低，一般要365左右。就业也还不错。感觉最近势头比较猛，今年听的讲座大多都是车辆方向的。  车辆工程是机械工程一级学科所属的一个二级学科，属工科门类。车辆工程从初期涉及到力学、机械设计、材料、流体力学、化工到今天拓展至与机械电子工程、机械设计及理论、计算机、电子技术、测试计量技术、控制技术等学科相互渗透、相互联系，并进一步触及医学、生理学及心理学等广泛的领域，形成了一门涵盖多种高新技术的综合性学科和工程技术领域。江苏车辆工程就江苏大学和南航的不错。  学校名气比较大，车辆专业不如南京理工，更不如江苏大学，东南大学主要发展的不是车辆啊，没办法。。。
求东南大学生命科学研究院的知友翻牌！？, 本人非211院校考研过来的，东大对于外校没有歧视，但跨专业考一定要把笔试成绩争取拿高分，在面试中跨专业学生大多数是没有优势的（除非本科自己所考专业，专业能力强）。加油吧，功夫不负有心人 
为什么东南大学的录取通知书发得这么慢？,录取信息公布的也慢！真是够了！不想再经历第二回！
读研哈尔滨工程大学和东南大学的通信专业以后找工作会有什么区别吗？比如工资 发展等等,泻药 我不是通信的 不了解通信行业的具体情况 貌似seu的通信更牛逼一点 不喜勿喷 以我的经验 我想肯定有的区别是 seuer大多在长三角发展 苏锡常宁沪 而哈工可能是北方较多吧
东南大学毕业生质量怎么样？,自己去看各个大学的就业报告，清北复交等等985都会公布的，少在知乎做伸手党。
东南大学的经济和西南财经的金融该如何选择呢？,楼主不匿名，东大大四物流的，身边有个好友的好友，爸妈是中南财大的教授，他说东大经管系的学生跟中南财大的学生完全不一样，中南财大的学生随便拉出一个来都能侃经济时事侃一天的，东大学生没这本事。楼主太承认了。所以，来东大还是读工科吧....
南理工到东南大学多远？,东南大学本部在地铁三号线的浮桥站下车，走到南门校牌坊大概300米。 东南大学九龙湖校区在地铁三号线的东大九龙湖校区站下车。 东南大学丁家桥校区在地铁一号线的玄武门站下车。 东南大学成贤学院（2006年以前是东南大学浦口校区所在地，现在是独立三本学院）在地铁三号线的东大成贤学院站下车。
想要考研东南大学的建筑学，复试要注意什么？,考研问题在知乎问，能回答的人应该很少 建议去考研论坛，或者加考研战友的QQ群
选同济被调剂，还是上东南大学王牌专业？,当年比同济线多12分，都没上到东南王牌......
江苏以外的小伙伴如何看待东南大学？,为什么会邀请我啊，害怕。 不过，我怎么看，正常看啊，作为一个艺术生，听过这个学校，所以这个学校应该很不错哎，好像校考还有考试？更厉害啦！然后之前好像听某个网红考研老师说过这个学校，貌似过往很牛逼？？？记不清了，再然后就是因为前男友在南京上学所以对那里的学校，好感度贼高。 所以在我心中，是个很不错的学校wwww 话说，看一个学校怎么样，难道不应该自己去了解嘛，宿舍，收的学生成绩，食堂，军训，啥啥啥的，等下。。。好像有不重要的混进去了，不了解的人甚至外乡人怎么看这种事，为什么会好奇这个啊喵喵喵？(卖萌，跑题了也不给打，顶锅盖。)
东南大学本科生，刚刚转系到风景园林专业，有些具体的困惑：？,哦？7年前我和你的状态一模一样，当时是景观转系的第一，比建筑第六和规划第三都要高，当时有点小后悔，毕竟本科就变成茫茫六年了。  第一年因为很多课大一上过了，所以比较爽，有很多时间练习手绘。四级当然要考啦，毕业的要求吧。四六级都好好考，有英语专项奖学金的，四级大概过600， 六级大概过570， 各可拿1000块，就是2000.  不知道你是从哪个系转来的，最近风景园林专业就业不太好，应该说整个建筑行业都不佳，最近5年都是一年比一年差，不知道你毕业的时候会不会转好。  出国和就业，貌似没有考虑国内读研嘛，其实保到清华跟朱育帆也很好啊，我上届有个学姐就去了。同济也有很多交流活动。  喜欢编程的话，建议出国的时候转专业念计算机吧，在美国工资（15w+股份）是建筑师的三倍，一年收回所有学费。国内景观设计待遇比室内好很多，国外大体上景观大于建筑大于规划，室内不太了解，反正也很低。本专业内的编程GRASSHOPPER参数化设计GIS 研究地理会用到，python好好学吧。
本科选择澳门大学好还是东南大学好？, 泻药？  当然是澳门大学啦，为什么？  国际视野？  另外，那个神马 劳动与社会保障专业 ？  毕业能干啥职业？  个人浅见，未来的世界的三个行业最吃香，搞金融的，互联网的，生物科技的 
为什么东南大学现在的本科生生源，江苏籍学生占比只有20%？,20%是统招部分，如果加上提前招生，应该江苏的比例在25%左右，但肯定低于教育部30%的大限。 毕竟东南也不傻，江苏既是地主金主又是生源最好的省（能通杀北航南开西交武大厦大等所有中九和超中九级学校，在其他任何省份都做不到），不招不是跟自己过不去吗。  东南江苏学生占比最高是在90年代后期到本世纪初的10年间，大概是占比一半， 不过那时候也有水的成分，有几年三本花钱的学生跟普通生拿一样的文凭
排名、分数线、名气都样样不如南京大学，东南大学为什么老是被拉来和南京大学一起谈论、比较？,看到题主这个说法，我只能以最好的善意来揣测你:你是不懂。 我在东大读研究生，在上本科之前，我也觉得东大差南大许多，但是了解多了，发现并不是这样。 1，东大的工科很厉害，当年中央大学解体，工科大部分专业组成的现在的东大，资质真的不差。 2，东大的分数在江苏省内很高，和南大不相伯仲，我周围很多东大本科的同学，当年分数可以上南大，但是来的东南。 3，我是保研的，当年同时获得了南大和东大的入学资格，但是我最后选择了东大。保研的预录取证书在家保存，没法给大家展示。(不能说没去南大不是个遗憾，但是想说，东大真的没那么差)    4，最后来点小彩蛋，各位都认为大内斗省什么都斗，然而，我们怎么能让大家如愿呢？昨天是感恩节，给你们看看东大和南大的''基情''，希望搏诸君一笑。 
在东南大学搅基是怎样一番体验？,很感谢楼上的回答，我真的没有想到会有人回答这个问题。 我在学校可能算是一个高调的gay了，可能也不能用高调形容，只是很多人说我一看就是。这一点我其实挺不喜欢的，因为并不想让很多人知道。 和男票差不多谈了一年分了手，分手之后和没分手差不多，还算是感情深厚，说来惭愧，虐了一年的狗，天天秀恩爱。和男票在一起前感情很乱，可能刚了解了自己，基本上看一个不错就发展了，最后是一场空。 至于约炮，在本人分手后心情不大好于是经常约。由于和男票在一起的时候是个受，但骨子里挺强硬，所以遇到学校里这么多欲求不满的小受也是很开心。 楼上好厉害，哪个院的啊，本科还是研究生？
东南大学软件工程师资力量怎么样啊？从东大的出来了都去哪里工作啦？,如果坚定的想扎根在江苏发展，自身实力又有限，目标是通过读研找一个好工作，那么东大软件工程是一个不错的选择！ 软件工程培养计划第一年上课，基本上都是南京的老师过来亲自授课也有企业导师，第二年去企业实习或者跟导师在实验室研究，东大在江苏省的平台资源绝对强大，腾讯、百度、华为、SAP、研究所、苏宁等几十家公司会来招聘，绝大多数的学生都能找到不错的实习并且收到offer，工作地点大部分在南京还有上海苏州杭州，大神级别的去腾讯百度的也有。个人感觉计算机和软件就业差距不大，都可以找到理想的工作。当然计算机的大神更多，对学科本身的钻研更深入，实践能力更强。 当然缺点也很明显，因为远离主校区，导师和学生基本没有联系，除了在苏州的导师，科研的氛围不强，大家都是冲着东大这块牌子找工作的，努力全靠自己，有大把的时间用来学习或者浪费（不过不思进取的到哪里都一样）。还有就是希望以后到江苏省外工作的同学比较吃亏，校友资源少学校名气也不够，需要谨慎考虑。 总体来说，东南大学软件工程真心算是性价比不错，报考难度低回报率较高，生活质量还不错，苏州独墅湖高教区生活学习环境都很好，隔壁蒙纳什的大楼也盖好了，以后苏研院更加热闹了…
东南大学高分子考研难度，以及具体考哪几门课？, ①101 思想政治理论。  ②201 英语一。  ③728 物理化学（化）。  ④908 有机化学。 具体考研资料，可以去宏韬东南考研网查看    http://  seukao.com/       
东南大学的教育存在什么问题？,泻药。我都快变成专业黑东大和吴院的了。先占坑。 主要问题： 1.在对学生管理的宽与严上存在严重的本末倒置。 2.打压学生的权利意识。 3.对本科教学不重视，课程设置不合理、课程质量差。 4.科研实力不够强拖教学后腿。 5.行政人员及部门效率低下、态度恶劣。  总的来说格局小气度小水平一般，一不注意就会被培养成小家子气的工科狗。 待我有空再来补。
东南大学教务处进不了课程中心？,东大的课程中心登录要满足三个条件，一、要在校内；二、课程要对学生开放；三、你的学号（一卡通号、姓名等）已被任课老师导入到该课程的学生管理中。
东南大学有什么杰出校友？,李志
东南大学和东北大学哪一个更好？谁叫东大？,操，我们东北大学还想叫北大呢！一个破东大有什么好抢的！哼！  -———————————————————————————— 我在这题下面看到了满满的傲慢与偏见。 我不是东北大学的。 不过这他妈就是一个简称而已！哪来的那么浓的优越感呢？  『我们村口卖肉夹馍的也可以在他的摊位前挂一个肯德基的牌子，这种事情谁还能把他怎么样。』 您牛逼，我不配姓赵。
如何评价东南大学的「一级建造师阅卷事件」？,就在刚刚，我还在楼下的书店 三心二意的复习工程经济，今年考了法规和管理，计划16年考经济和建筑实务。考一建二建一共5年了。刚开始不相信这是真的，后来慢慢看了很多评论，感觉身上力气一点点掏空，最后只有手指头能动，胳膊都不想动。 知道发展中国家有腐败，有必然的产物，经常看新闻，强拆、山东招远、女儿被卖淫的妈妈等等。 一直幸灾乐祸的想着没有发生在自己身上。 就这样吧，不想说太多了。
华中科技大学和东南大学相比，谁的工科更强势？, 强答一发，工科的话，华科绝对比东南强~ 
南京大学的女生看不看得上东南大学的男生？,不知道。 反正我们这些南师的姑娘看得上，棒棒哒 ^_^
本人是东南大学能源与动力的大一新生，但是实在不了解这个专业的前景如何，求助大家？,东南自动化毕业飘过 建议：大一新生刚刚入学，不用现在就考虑专业前景。你目前只需要努力学习努力让大学生活有意义就好，至于专业前景，你们学院的任课老师、辅导员会给你解答的，你的学长们也会告诉你的。 可以主动去询问他们，他们一定会乐意与你交流。 当你对你的专业有一些认识之后，大一下半年可以再慢慢考虑这个专业前景如何，是否想要换专业，你心底喜欢什么专业，你未来想从事什么工作。然后如果真的决定换专业，大一结束后的暑假认真复习，然后暑假回来参加转专业考试就好了。 所以目前给你的建议，认真学习不要偷懒，多和学院的老师和前辈学长交流。毕竟一般普通学校的工科专业和东南大学的工科专业未来的前景和发展区别还是很大的，最好还是去问学院里的老师和学长，免得在网上搜索一些答案后小瞧了这个专业。
在东南大学转专业成功是什么体验？,谢谢邀请。 可能最大的感受就是痛并快乐着。本人12年入学，13年夏天通过转系考试从医学院来到了交通学院，由于这两个院系风马牛不相干，而且我也没选择从大一重新开始，大二那一年基本上要修完大一大二两年的课程，而且交院大一下的课程还超级多，所以大二这一年过得基本上就是教室-食堂-宿舍三点一线的生活，可以说过得是比较苦闷的，而且考试周的时候更是很痛苦很难受，舍友只要考三门，我却要考十来门，被各种力学蹂躏。   这就是我大二下的课表和考试安排。一直到大三下我才把所有的课程补完。。 但即使课程很繁重，我也觉得很快乐。我大一的时候只去上高数英语体育，所有与医学有关的课程我都没去上过，我根本提不起一点兴趣，所以转系给了我一个重新选择的机会，同时也结交了更多志同道合的小伙伴们，如今仍在读研。 时至今日，我仍然不后悔转系。
今年考生选择武汉大学还是东南大学？,东南大学的牌子在江苏浙江上海安徽，都是可以的。 武汉大学毕业生基本上都是去珠三角就业，在长三角的校友力量比较弱。
在东南大学读信息工程是一种什么体验？,  【各位宝宝们可以看到图片么！！】【第一章和第二章都有更新】     【这张是毕业季的我和我脑婆】     【我和我的闺蜜】 这张是最新的近照，就是16年9月份才拍的。她是我的大学舍友，也是我的闺蜜，我的大学因为有她还有另外两个妹子，所以才会如此美丽。 我们希望陪伴彼此度过最美丽的年华，希望看着彼此一生的幸福。 也祝愿所有宝宝都能收获这样纯真动人的友情。  ============================ 【第一部分最后有更新】  【现在是第我数不清多少次的成功以及非成功更新了】感觉和上次更新时间隔了好久  如果是第一次看到的宝宝，耐着性子慢慢看～我是个废话很多的宝宝，所以就当成饭后读物来吧！ 其实我一直很想放很多图片，可是每次要插在文中的时候都失败，哪个宝宝能告诉我这是为神马(T ^ T) 写了两次，不知道到底对于在读或者即将入学的宝宝们有什么帮助。上次写着写着我就突然感觉，好像都在说我的生活，毕竟一个人的生活并不能完全代表我们整个信息学院。不知道看到我这篇回答的宝宝们有什么想知道的问题或者想了解的事情，可以在评论里告诉我。每一条评论我都会仔细看，所以每一个问题我都会看到，我也会在更新里给大家慢慢解答！  【开始有更新了】终于可可以发图了么？！！ 我试着传了一张！！可以看到么！！！  【看过第一篇的宝宝们可以往下翻】  （深夜码完论文来写点东西  有助于良好的睡眠）  （感觉一次写不完太多，所以打算连载～～希望有兴趣的看官们可以耐心得看下去） 每次看知乎都抱着一种看客的态度，这次终于可以自己来写一点想说的东西了  我是东南大学信息科学与工程学院今年大四的学生，其实我现在并不在母校，而身在遥远的土澳做毕业设计    。因为马上就要毕业，即将离开这个我吐槽了四年可又爱得死去活来的地方，感觉还真的是挺复杂，我这个人呢，说话比较直接，不矫情，所以我只想借这个平台来说几句真心话。也算是回首我的大学生涯，捋捋过去的事儿，哪天突然翻出来这个，嘴角还能微微扬起一笑。  经常听到一些对我们大四系的言论和评价，（比如传说中的 四系学霸论），可是我总觉得不够贴切。在四系不仅仅是学习，更多的是一种有条不紊的生活，是一种别具乐趣的体验。大学是人生中最重要的环节，因为在你走入社会前，它是最后一关，能教会你做人，能培养你的品性。在四系的四年里，它成功塑造了我们这一批优秀的毕业生，而不仅仅只是其他小伙伴看到的“学霸”一面。希望在我写完这些以后，可以让大家能对我们四系有更生动立体的认识。   =============分割线==============  【学霸篇】  （不要慌 之后还有【谈恋爱篇】【美容养颜健身篇】【男神女神篇】等等等等，如果还有别的想知道的也可以问）   都说，我们东南大学是学霸大学。曾经有朋友来东大玩耍，看到教学楼里走出来的孩子们，就说：一看就都是学霸。他们觉得我们学校四处都飘荡着学霸的味道。然而，我要说的是，东大学霸说明不了什么，我们四系信息才是学霸中的战斗机 。  高考那会儿，所有的老师都大声的告诉我们：进入大学你们就解放了！  （高中老师我们来谈谈）我们满脸的憧憬期待着这样的“自由”，直到进来了才发现，我们对“自由”的理解出现了一些偏差，大学并不是一个不需要学习的地方，甚至有时候还要付出更多的努力。  四系的课业压力很大，这点我承认。当然也并不是说别的学院的课业压力就小。我们四年不分专业，研究生有7个方向，我们所有的孩子都要学这7个方向的内容，虽然不能说精通每一门，可是范围广，内容多，给我们也形成了不小大压力。  可是“九门功课同步学 ”，并不影响我们傲人的GPA，都说压力下产生出最强的动力。我们有合作，也有竞争，有张有弛，有一种共同奋进的感觉。四系的学风非常好，大一自习的时候，尤其是我们班，那叫一个鸦雀无声座无虚席，中间休息都没有人起来出门。当然我也不是在说 这样过于刻苦的学习多么多么应当推崇，只是觉得，能和同样的一群人这样用心学习，在这样一个大环境下，能找到一种独特的归属感     。不是有这么一句话：有时候学习也能给人一种成就感，我觉得在四系学习就有这样的成就感。  四系的大学霸大神那叫一个多啊。。。。。。什么各种发表好几篇国际论文的，各项专利的，竞赛国际国内奖拿到手软，srtp40多个学分的 简直太多了。他们其实据我了解，一部分是真的聪明绝顶，一部分呢是刻苦钻研到家。不论哪种，都是不仅仅是考试考得好，潜心科研，真的是祖国未来栋梁之才   （在此送上我无尽的敬仰之情！）而且大神们不仅自己厉害，还特别乐于助人，一到考试周，前来抱大腿络绎不绝的宝宝们，大神都一概不拒，甚至都有开辅导课的即视感；有时候还会给学弟学妹讲题分享经验。人聪明又有耐心还懂得关心周围的宝宝，在我们四系遍地开花。与其说四系是学霸系，不如说我们是学神院。  四系的老师们都超级可爱，有迷迷糊糊的大神老师，也有兢兢业业的工作狂。每个老师都有自己非常独特的地方，有的呢喜欢上课讲笑话 ，有的呢喜欢点人起来回答问题，还有的呢喜欢自high  。记得大三的电磁场老师，我实在是太爱她了，教室里两块可移动黑板，每次上课都能被老师整整齐齐的美丽板书给填满。她上课逻辑清晰到，你根本不用去理解就能直接听懂，她的板书好看到都不忍心擦掉，而且每次上课，我都直接按照她写在黑板上的，原封不动抄在自己的小本本上，因为我生怕改动了一点就破坏原版完整性的美。她绝对是我大学本科里遇到过 板书写得最认真 逻辑最清晰 最可爱 的 老师。  （更新的部分）有很多大一大二大三的宝宝给我发消息问我说，学姐你为什么能这么厉害，在学习压力这么大的地方还能保护自己的优势。对于这个我想给最后一个回答：真正优秀的人在哪里都是非常优秀的，他不会受到周围环境的改变或者影响，他只会尽力去做到自己心中的标准，“最大且唯一的对手就是自己”，凡事心中有杆秤，左右都是你，这才是人类进步提升的本质。每一次感觉自己快要走到绝境了，试一试逼自己一把，虽然很累很痛苦，但是不试一试怎么知道自己不会喜欢那个充满未知和期待的结果呢？ 我也有非常迷茫和痛苦的时候，还曾经一度走向抑郁，但是告诉自己再努力一下，也许真的，你迈出下一步的瞬间，就海阔天空了。  【送给所有正在迷茫和即将迷茫的孩子们】  四系是一个锻造炉，不管是你将自己送进去还是被迫扔进去，都请好好珍惜这段四年的时间，给未来出炉的那一刻的自己，一个最满意的答卷。     =============分割线==============  【这一部分也有更新】主要是图片 【看过第二篇的宝宝也可以继续往下翻了】   【恋爱在四系】   这个问题我相信是大家都喜欢也感兴趣的，因为大学嘛，不是有句话嘛，恋爱也是一门必修课。   身为功课系之一，wuli大四系的男女比例大概3:1，也是就是传说中的“一对情侣一对基”，所以在很多人眼里（尤其是爹妈），觉得女生应该会很吃香，至少谈个恋爱是没什么问题的。本人也是个女生，身在这样充满男性荷尔蒙的环境里，自然会被学院里的一些男神们迷得神魂颠倒，变成了迷妹。 可是有不完全统计，说，工科院系的宝贝男生，看都不会看身边的“女同学”，因为她们早就已经被同化为，“女汉子”“女屌丝”，所以都会去外院啊，经管啊，人文啊，艺术啊，之类的院系找妹子。   可是！！！！！！！宝宝不服！！！！！！ 我们工科女孩子！！可是！！ 扛得起桌子，焊得了板子，修得了电脑，贴得了膜，上得厅堂，下得实验室，懂得爱惜自己，又会体贴男票，个顶个长得美丽动人的“女神”！！！！！！   先说说我身边亲近的人的恋爱情况。我一共仨舍友，各个都是貌美如花，两个有对象，而且都是从大一开始谈的，到现在三年半了，虽然中间有过一些小的波折，但是也都很好。   他们平时都是怎么谈恋爱的呢？一般啊，像是在大一大二那会儿，课业压力比较重，又想好好学习又想谈恋爱，那咋么办呢？   答案就是！！ 约！！！自！！习！！   别的院系的宝宝应该也是这样吧。其实很多男生都是这样追女生的，从自习开始。自习的时候虽然两个人都不讲话，没什么太多的交流，可是却是个能好好观察对方，看看他或她的习惯的好机会。心仪的人就在你旁边，总会不自觉想要偷瞄几眼，心里还会小鹿乱撞（捂脸），这种感觉是多么的纯情！可爱！   当然不可能一天到晚都是学习呀，总要放松一下，除了自习，他们还会约一起去上课，约下课一起吃饭，约晚上小操场散步。。。。。。这些我觉得大学生宝宝们都是如此吧。   说说笑笑卿卿我我吵吵闹闹分分合合，这就是大学里的恋爱。其实我很大程度上非常非常羡慕我的俩舍友，我是真的一路看着他们两对就这么走来，羡慕她们可以在自己青春里最美的时光，拥有这样独特的体验，找到一个如此亲密、共同有欢笑和泪水的人，可以在进入这个复杂的社会前，真正享受到校园里这样单纯又美丽、不加任何附加条件的爱情。我也是真的希望，毕业季不会发生任何的影响，他们都能，像大学四年那样，欢歌笑语得走下去。    这些都是在我们今后步入社会，可能再也找不到的感觉。   我本人也特别渴望在本科的时候有这么一段恋爱。  之前总人宝贝们问我说，学姐啊，你长得挺好看的（对不起我又不要脸了。。），应该有很多人追你吧！  对于这个问题。。。。。。。   我只想。。。。。。。。   出门左拐。。。。。。。   吹吹风。。。。。。。。。。。。   冷。。。静。。。。一。。。下。。。    其实情况是这样的，确实男生多的地方，女生会比较独特，尤其是长得好看的女生，自然会受到关注。 毕竟这是一个看脸的时代，而且人们总是对美的事物有独特的热衷。  可是！！！！！！！！！！！   宝宝我之前是个130斤的小胖纸啊！！！！！！！（虽然我一直不觉得自己胖有什么不好）   （想看图么？）   （要上对比图么？）           【请期待下期更新】摸摸大！！！！！      先送一张近照给大家  后面的大叔像不像美队呢哈哈哈哈哈哈哈哈哈  【这个坑爹的客户端 好好的图片发不出来】 先补一张我大一的样子  【这下终于可以上图了】  【这是大一冬天那会儿我们班的集体照】我大一的时候真的是好胖。。。。。当时真的没有觉得自己有多胖也并没有设想到自己瘦下来会有这么大的改变。只能说 每一个月半宝宝都是最最最最大的潜力股！     【然后是几个月以前的我】唉怀念那会儿的巅峰时期，现在感觉自己真的是老了。。。。。（让我去哭一会儿）       【下面这张是刚进大一那会儿】上体育课打篮球时候的照片。据说很多人都不相信这个真的是我。（因为那会儿可能刚军训完，比较黑）       【然后就是这张也是五官比较立体的照片】（我觉得我的手还是挺美的）我发现怎么这图片还是发不出去！！！！！！(￣Д￣)ﾉ（好像这次终于可以发出去了我的娘亲。。。。。。）     应该我说我自己整容了也有很多人会相信吧。加油吧孩子们，虽然我可能没有那么励志，但至少让我的经历，可以陪你度过你最悲伤的时候。  =============分割线============  真的是好久好久没更新了，转眼马上新生要报道了吧～～～啊啊啊啊又有一群小鲜肉们要来了哈哈哈哈哈哈哈哈，本宝宝也是一枚小鲜肉呢哈哈哈哈哈哈哈哈（≧∇≦）  本鲜肉前段时间去新学校的实验室里搬砖去了，然后回来和家人出去旅游了结果本想回来好好做一个安静的铝孩纸，可是不料就开始重感冒了。。。。。。。 现在我一边抱着抽纸盒一边抱着手机码字。。。。。。(T ^ T)愿诸位看官宝宝可以耐心好好看下去   =============================  唉真的好久没有上来看了，从我们东大四系毕业也有三个多月了，来我的新学校也有一个月了。如果说当局者迷，旁边者清，那么换种说法，从东大毕业以后才真正感受到它给我四年带来了一种怎样的影响力。  让我很震惊的一件事就是，学院记者团的宝宝们有一天采访了我，希望可以做一个小的专访文章，后来这篇文章居然在我现在的学校学长学姐那里传开了。与其说感谢四系，不如说感谢四系这四年以来教会我的东西。
我是东南大学的数学系学生，是否应该转到信息专业？,我是东南大学12级入学，16届毕业的学生。我个人建议是看你的兴趣，而不是为了所谓的前途。我的一位学弟在东南大学数学系大一是系里前三，转到信息后觉得不是像在数学那么靠前了，估计也不是很有把握保研。我觉得，不管你学什么，行行出状元。只要你能名列前茅，在你的领域里特别优秀，那么就无需换专业。如果你只是觉得哪个热门，或者自己只是换个环境之类的，完全没有必要。认定你喜欢且擅长的，坚持努力。其次，无法进入最喜欢的专业时，对于现在拥有的，尽最大努力完成它。就这么多了，希望对你有帮助。
教育部正式废除985和211工程，开展双一流建设，对东南大学会有怎样的影响？,谢邀，没什么影响，如何在东大这个二流985里做一个一流的学生才对自己的未来有影响。
东南大学当年录取的号称古文奇才王云飞现在在干嘛？,王云飞出生于1992年，在2010年被东南大学录取的，2014年从东南大学土木工程学院毕业。  江苏高考总分480分，王云飞理科高考分数是384分，而东南大学理科投档线是395分，所以特招了王云飞。   2014年后的情况我问问如皋的老乡再来补充。
考东南大学桥梁与隧道工程研究生难度有多大？,我也是打算考桥梁与隧道工程的大三学生，感觉比道路会好考一些，今年初试过的最低的好像只有310，最高的400多点，最后面试刷了5个，有3个东大的。
东南大学MBA报考条件？,      本科需要3年以上工作经验，专科需要5年以上工作经验。我就是工作5年之后去报考的，但这个时候学习能力特别差，考了几次都没考上，最后是报了辅导班才考上的。       
怎样找东南大学的男生做男朋友?,  这是一篇经过严谨的市场调研和认真的样本分析后，写出的答案。    通篇扯淡，胡说八道，如果行之有效，全为歪打正着。    首先，我邀请了数位东大的男生朋友，做了一些问答。  为了增加读者的阅读兴趣，我先简单粗暴地将第一位男生的问答记录复述如下。    【第一位不愿意透露姓名的L学长来自东大数学系，大四，暂未在东大恋爱过。】   小厚： 东大的男同学你好，为了在知乎回答一个“如何找到东南大学的男生做男朋友”的问题，我正在做关于这方面的市场调研，请问您对这个话题有何想法呢？可以顺便谈谈您憧憬什么样的恋爱，或者说容易被何种女生（男生）吸引吗？    L学长： 东大男生很抢手吗？我赌五毛这是东大男生问的。或者是GAY想找男朋友。    小厚： 哈哈哈哈哈哈哈哈哈。请您认真严肃的回答我的问题。    L学长： 说吧你想知道什么。    小厚： 请问，你能接受女生倒追自己吗？    L学长： 可以接受。这样会更好，毕竟男生主动多了，也会很累。    小厚： 请问，你喜欢什么样的女生呢？    L学长： 我喜欢什么样的呢，好难回答啊。我X。大半天什么都没想出来。先跳过。    小厚： 请问，你对校园恋爱还有憧憬吗？    L学长： 如果还有多于一年半的时间，还是有憧憬的。现在我已经晚期了。    小厚： 请问，你如何看待同性恋呢？    L学长： 同性恋，我不反对，每个人都有追求自己幸福的权利，我只是希望不要影响到非同性恋的同学。    小厚： 请问，女生什么样的小细节/特质会让你怦然心动？    L学长： 女生认真的时候很吸引我，如果在别人需要帮助的时候帮助别人会更吸引我，譬如让位之类的。    小厚： 很好，那第二个问题呢，能否用一些关键词形容一下你的理想女友？比如性格、人品、习惯、喜好、长相，都可以聊聊。    L学长： 性格最好是有什么说什么，别藏着掖着；人品不能坏，最起码和我一样吧；那种有动力能感染人的最好，能拿主见的也好；喜好别太另类，我都可以培养和她类似的，喜欢踢球跑步最好；不能沉迷于游戏。（/嘿嘿嘿嘿傻笑的表情）。    小厚： （略。这里是一段客套话……）    L学长： 好，还有什么需要的话可以联系我。   这位学长阳光英俊，爱好踢球，打得一手好炉石，为人开朗热情，还是单身。想要解决题主这个问题，最好的方法是——来找我要这位学长的联系方式。哈哈哈哈哈。   （其他东大男生的采访会在文章后再附录。）    嘿嘿，不好意思，留坑留了一个寒假，再来全忘了要说啥了…  那我就把第二位东大男生的采访贴在下面吧，如果再有采访，再来更新。     小厚： 东大的男同学你好，为了在知乎回答一个“如何找到东南大学的男生做男朋友”的问题，我正在做关于这方面的市场调研，请问您对这个话题有何想法呢？可以顺便谈谈您憧憬什么样的恋爱，或者说容易被何种女生（男生）吸引吗？    C  学长： 我要好好思考一下。    小厚： 好的，那我把所有的问题列下来，你有空的时候再回我~     C  学长： 好的。    小厚： 请问，你能接受女生倒追自己吗？你喜欢什么样的女生呢？ 你对校园恋爱还有憧憬吗？你如何看待同性恋呢？女生什么样的小细节和特质会让你怦然心动？    C  学长： 先来个广告呗，找个东大的男朋友还是很靠谱！当然也不排除遇到坏人的可能…    C  学长： 之前在知乎上也看到过类似的这个问题，点进去看了一些答案，有好有坏，每个答案都只是答主自身的感觉，并不能以偏概全。    C  学长： 传统的说法基本都是工科生木讷，只会做题傻傻的。其实在我们身边很多人各方面都是很优秀的，不只是学习啊成绩之类的。    C  学长： 至于如何找，我也说不上什么道道，还是要看双方的感觉，具体情况每个人都不一样，没有通解吧。    C  学长  : 说下我憧憬的爱情嘛——    C  学长： 简单点来说，好的爱情，让你懂得积极向上，能够共同努力，相互鼓励。让彼此感受到温暖，看见未来更美好的东西。    C  学长： 所以现在呢，做更好的自己，才会有更好的爱人，贴上我挺赞同的两段话——    C  学长： “诚实的生活方式其实是按照自己身体的意愿行事，饿的时候才吃饭，爱的时候不必撒谎。”    C  学长： “真正的爱情，就是不紧张，就是可以在他面前无所顾忌地打嗝、放屁、挖耳朵、流鼻涕；真正爱你的人，就是那个你可以不洗脸、不梳头、不化妆见到的那个人。”    C  学长： 以上来自一个不怎么地道的工科生…。  C学长是我的高中同学，来自东大土木。温和英俊，稳重细心。整理这段文稿的时候，竟有种莫名的感动。不光是东大的男生，他写下的答案，是很多人所憧憬的爱情吧。    终于。  暂时end。 
东南大学的知名度会不会影响就业？, 东南大学在江苏的知名度没有任何问题，当然关键还是看你自己的能力和该专业在东南大学的情况。 
为什么同样是地域命名方法，东北大学就给人感觉还不错，东南大学就一股子民办味儿？（我不是黑，确实不懂）？, 这完全是不同地域的人对高校的认可问题。比如我所在的江苏，很多人都不愿出远门读书，要么帝都要么长三角，导致有些人分数明明可以考个外地985，却非要选南航南理工这样的211。东南大学这样在本省仅次于南大的大学，也成了我们口中牛逼的“东大”。十几年前我高三时偷懒不想参加高考，想通过物竞省一走保送路线，就考虑过东南大学，但被家父阻拦。而东北大学的名字，是我上大学第一天，听我辽宁的室友讲起来，才知道北方人管它叫东大，论牛逼程度一点都不输于我们南方人口中的“东大”。 
东南大学的应用心理学怎么样？另外好考吗？,专业排名低，招收人数不多，因为学校名气竞争也不小，没那么容易考，性价比太低，还不如考苏州大学或南京师范
上海外国语大学，华东师范大学，北京外国语大学，东南大学选哪个？,千万不要图东南在省内就去它的文科.！  真，东大文科还不如南师大  让我来给你分析一下 你可以去教务处看看，每年国际出国交流东大文科有哪些专业，有哪些学校 你可以去公众号看看，东大文科有哪点擅长 人文经管法律，小小一个院，每个不过二十来人 学校的氛围，老师的氛围，同学，城市，这些都真心不是一个文科向的学校  上外，北外都很好啊，有条件可以去校园感受一下 我觉得中山，武大之类也很好  你真来了，会后悔，我把话扔在这  东大以工科擅长，读工科来这可以 去上海，北京读书很好 东南分数在本省被吹高了 请慎重   利益相关 江苏16届  东大建院
东南大学景观设计读博？,谢邀，本人东大景观大五在读，上学期接触了CYN的耦合法和数字景观.如果你的研究方向是参数化景观设计或者海绵城市的话（主要是参数化景观）可以考虑读他的博士.他在这方面的研究还是比较前沿的，推荐阅读他博士生毕业论文做了解. 做他的学生会被压榨应该是肯定的.不过CYN也不是完全不留情面，之前有听他和其他老师讨论个别研究生答辩不理想，他的态度是尽量不要出现毕不了业的情况.另外他其实也算是个性情中人，就话就直说，对事不对人，有些时候会觉得他还蛮可爱的hh. 如果有更好的机会（比如说同济啊）还是建议多考虑考虑.
东南大学四牌楼校区建筑使用现状？,东南大学的四牌楼校区是本部，校长、校党委书记也都在这里办公。即，东南大学的行政管理中心都是在本部。  建筑学院是本科阶段全部都在本部，其他学院一般是大三或大四在本部学习。  到了研究生阶段、博士生阶段，各个学院也是在本部的人更多。  九龙湖校区（江宁校区）比起四牌楼本部，主要是本科生更多，占地面积更大。
南京工学院1988年为何更名为东南大学而非南京理工大学或南京科技大学？,南京为“东南文枢”，自古有云“天下财富出于东南，而金陵为其会”。  在古代中国的经济坐标中，江南地区为东南方向要冲，再往南并未充分开发，南京是江南地区的政治、教育、文化中心。  所以南京工学院改名为东南大学有着充分的文化根基及历史底蕴。  南京工业大学有句名言叫“北清华，南工大”，其实这句话是有的，只是这里的南工大不是南京工业大学而是南京工学院。  建筑、土木和清华同济同处第一方阵，无线电、生物医学工程笑傲全国，计算机等专业实力强劲。东南大学除了医学院以外并不扩张，低调务实。东大尤其在江苏省，生源实力雄厚，建筑系分数线一度超过清北录取线，只是过于闷声，影响力比较局限。  认为东大是福建三本的人一没有文化二尽关注娱乐电视台，乃义务～  至于南京科技大学，南理工的英文名倒是符合⋯⋯
西电保研到东南大学？,近几年西电保送东大4系的研究生很多。有一个西电保研考研东大的群可以加下。 欢迎加入西电人在东南，群号码：414726770 最后，欢迎西电er加入东南大学信息学院。
在东南大学九龙湖校区学习是怎样一种体验？,昨天！就在昨天！！！2015年4月1日！这个值得纪念的日子！！！不是愚人节新闻！！！地铁3号线开通了！！！我们不再与世隔绝了！！！
在东南大学丁家桥校区就读，只怎样一番体验？,从九龙湖校区搬来的第一周～～～～～～ 每天把各种东西搬运到五楼的新宿舍 (￣^￣)ゞ  又当一次新生好无奈哦(´･_･`)  所幸短学期课少诶(￣▽￣) 强烈安利参加大一暑假的夏令营，可以抵消大二短学期的英语课程哦并且分数高！ 现在终于忙得差不多了，床帘也挂好了，安利某宝上的幕兮床帘质量好到爆炸～可以好好enjoy 生活啦   换了新的舍友，感觉都很好相处。 宿舍虽小，五脏俱全，运气好在下铺可以把箱子放在床下面。 女生一般六人间，自己比较幸运在五人间。 关于集体澡堂（；￣ェ￣）我舍友说觉得尴尬。可能我近视，洗澡时候看别人自带马赛克，所以感觉别人看我也是这样（笑？） 厕所有小强，我也不懂五楼为什么会有…  从玄武门地铁站10分钟就到新街口，还是很方便哒～ 就是苏果这样的大型超市比较难找，所以舍友觉得不太方便～ 拿快递真的很近哈哈哈  待更
如何看待易红校长在东南大学十年的作为？,易校长是正统三清人，自博士毕业后，就南下南京，一直在东大工作，也深得顾冠群老校长的赏识。  东大的学科评估、三大奖、SCI、ESI等指标都搞上去了，实力回升明显，易校长也是功不可没。  虽然在学科建设上的能力稍逊南京工业大学的黄维校长，但易校长在大学合并潮之后的十几年里，逐步帮东大摆脱困境，当好了东大的顶梁柱。
东南大学行政管理专业要不要报考研辅导班呢？,  如果没把握的话，可以去报一个辅导班，宏韬东南考研网的辅导班，可以推荐，有各种班型，具体可以咨询一下    http://  seukao.com/       
浙江考生考东南大学建筑系的要求？,另外一个答案是什么鬼，答非所问。  专业的具体录取分数，网上都是可以查到的，你可以看看近两年的分数。  你现在才高一，先不着急这个，跟着老师走就行，然后高三冲刺一把。
在东南大学人文学院就读是怎样的体验？,建议还是去传统文科的院校，会接受系统训练，而这是很重要的。就哲学这个专业来说，学脉传承很重要，不仅有传统，有团队，还要有氛围。东大人文学院虽然有几个老师很好很厉害，但是没有形成一种传承的力量，整个人文学院的学科难以在学界混的开，有的老师都跑了去了氛围更好的学校。可以看到，东南大学16年的高校开放日，根本就没有给文科专门安排咨询时间段。虽说是要综合发展，但是，学校有自己的特色，不可能丢弃特色， 文科只是他的一种或者可以说装点而已。
女生在东南大学读书是怎样的一种体验？,（多图慎入）谢邀。 这么多年有个群始终活跃在我的微信里，群成员是我高中的舍友和同学，15人，其中11个女生，这11个女生里有3个城规园林设计类专业，7个法学啊会计啊金融啊管理啊等听起来就很适合女生的专业，还剩下一个，没错就是我，学物理的。  先来说说题主说的活动优先权，大一入学，全年级13个妹子，人称物理系金陵十三钗，新生杯院系杯各种体育活动强制性报名，辅导员下令每个女生必须报两个以上项目，于是就出现了只练了两个小时发球就上场打乒乓球比赛的我，和铅球只丢了三米远依然去参加比赛的我……以及大三还收到如下短信，看图你们体会下！    另外，群里的十个妹子，她们的大学生活都是这样的：  这样的：   这样的：   然而在她们出去玩的时候，我是这样的：   这样的：  这样的：  这样的：  还有这样的：   在放假永远比别人晚开学永远比别人早的东大，尤其是我这届每学期都考到最后一天的物理系，我四年的内心是这样的：她们这么早放假？她们又出去玩了？？她们都不用上课的？？她们还没开学？？？她们怎么又放假了？！！她们到底有没有上大学的？！！ 我曾经和舍友说：哎感觉我的同学们学了正常的专业后都在女神的道路上越走越远，我自从学了物理却在女屌丝的路上一去不复返了，长叹息以掩涕兮……  正常专业的女生她们四年都长成了这样：  非正常专业的女生如我本来以为自己可以成为这样：   结果最后都成了这样：   你问什么体验？说多了都是泪。 当然不能说学校或者专业一定会把你变成这样那样那样这样，但是在某种大环境下人总会受环境趋势的影响，我花大量的时间对付那些晦涩难懂的物理课程写了一堆实验报告处理了一份份并不怎么样的实验数据，可是你问我女生的体验啊，我也想和身边的妹子们一起化美美的妆穿美美的衣服拍美美的照，探索一下是这个牌子的遮瑕棒好用还是那个牌子的遮瑕膏好用什么的，做个光鲜亮丽的女孩子。然而看了看还在床上没下来的立志成为物理女博士的舍友，四年就这样过去了，路漫漫其修远兮…… “啊你们系女生这么少肯定被男生当宝吧？”实际情况是：“经管的妹子真多啊，外院的妹子质量真高”“我们系的男生……唉” 四年一直处于系内相互瞧不上的状态。一出门到处都是男生也没错，但我想题主也想象不到坐在教室里前后左右被男生一层层包围夏天那个味道简直……  呦西为保护个人信息以上图片大部分来源网络（同学们的照片要比百度图片更精彩orz） 以上仅为个人观点不代表东大所有女生，也不代表本人觉得在东大读书不幸福，只是觉得我在东大的幸福感绝对不是来源于东大男女比而已。 所以题主真的觉得来了东大会幸福以及真的觉得不幸福是去错了学校的原因？！
东南大学医学院可以转专业么？,最近看到很多此类有趣的言论。 首先东南大学医学院和其他学校不同，医学院是属于东南大学的，与其他专业平行院系。 第二，楼上不知道是不是我东的学生。转专业考试在大一下学期末报名，于大二开学前进行考试。据说试卷难度较大。就今年来看热度最高的是建筑和信息。  此外医学院频频被当做跳板挺痛心的，但现实就是这样，还是希望学校和学生加油吧。
东南大学文科全省排名大约多少能录取？, 13年的东大文科在江苏招生分数达到历史最高。往年都是江苏省排名大概几千名开外，13年最差的也在600多名。甚至当年文科院系的老师自己也说，13年招生的质量超出他们的想象。具体原因主要是13年江苏省高考分数和往年差距非常大，很难根据往年情况做参考填报志愿，导致很多省内学生不敢冒险出省留在省内，也就无形中抬高了东大的文科分数线。而东大是个很傲娇的学校，13年的“意外之喜”让他们14年的保持了省内700名内招生原则。但是作为东大文科生，如果在省内排名700名，建议出省也不要来东大。他招排名前700的学生，可是只有前7000名的培养水准和教育重视程度。 
东南大学学校发展与规划的机会和困境？,这问题提的让人怎么答？ 你没进入学校领导层，根本看不清一所学校真正的不足。
南京大学和东南大学有合并的可能吗，会制造出一个超越复旦上交的巨无霸吗？,其实两所学校本来打算合并的，但在新校的命名上有了分歧，南大校长说新校取东南的南字和南京的京字，叫南京大学，东大校长说取东南的东字和南京的南字，叫东南大学。双方各不让步，合并一事也就不了了之了。
在你的印象中，东南大学是一所怎样的大学？,楼上的各位校友提到的是理性的东南，数据的东南，离开东大两年，东南大学四个字在我生命中，化为青春的代名词。  大家黑他是“福建大三本”，黑他“争先进位，一直后退”，黑他九龙湖树矮路远动物园，黑他总是想抢国立中央大学的名头，黑他丁家桥又破又烂，黑他分代码招生，黑他丁区宿舍没有空调，黑他李文正考试周总要被学霸占领，黑他的一切槽点。。。                              然后呢，我现在想起东南大学，是九龙湖畔的波光，是李文正图书馆的肃静，是桃园七舍里的自行车，是梅园的女生，是橘园的足球场，是四牌楼礼堂前那一泓喷泉，是丁家桥艰苦的环境和湖南路爽快的生活，是学子路旁遮天的梧桐，是德美醉倒的肉末涨蛋。。。                                 任何一个片面的视角，都不足以完整的说明东南的美或者丑，任何一个数据的堆积，都不足以完整的呈现东南的优或者劣：四牌楼的千年古松，梅庵和大礼堂是东南的风骨，九龙湖偌大的校园和李文正是东南的脸面，丁家桥是东南被遗忘的角落。。。我的青春，就在这一个个地理上的方位和一段段时间上的跨度中滑过，逝去，而不再拥有。                           想学习么？学在东大，死在强化，传说中的吴健雄学院是你的菜。想泡妞么？各种社团和梅园是你必去的地方。想运动么？我就没在别的学校见过这么多篮球场，还有我心心念念的滑板，大活前广场上留下了我和你们的欢声笑语，哈哈。   我们虽然熄灯早，可我们有晨跑啊。饭堂虽然贵，可是吃不饱啊。课程虽然多，可是容易挂科啊。夏天虽然热，可是没空调啊。冬天虽然冷，可是没暖气啊。丁家桥虽然老，宿舍不能洗澡啊。四牌楼虽然好，本科生真是少啊。九龙湖虽然远，可入学都在那啊。。。。                          回忆是一条河，从南京一路流到家乡：长江大桥，紫金山，紫峰广场，鼓楼，玄武湖，新街口，安德门，禄口，燕子矶，湖南路，1912，ellen's，马台街，北华，将军山，天保桥。。。这些是河中的码头，每停下一次，都是满满的一船回忆，而这条船的名字，就叫东南。        所以， 我印象中的东南大学 ，就是一条满载我青春回忆的船，他不大，也不新，船本身的故事是这条船的，它斑驳，厚重，船上人的故事是他们的，它们或悲或喜。于我，我的故事，是我的，不离不散， 止于至善 。  　　这一年来，我经历了人生很多选择，也经历了一些变故。而每当我烦闷的时候，我都会想起在南京的日日夜夜，那时的我，孤身一人，在离家千里的地方，学习努力，学着自己选择自己做决定，蹒跚着前行，幸而有东南，幸而有你们，让我学会自己走路 ，让我知道眼前的困难不过是成长中的必经。      就如同离校那天，我拖着行李箱，流着眼泪拍过路旁的每一棵梧桐，走出校门，回头看着我的东大，说的那句话：   　                                                         MLGB的东大，我爱你。  
东南大学选择cs还是信息?,东大电子系小本，现在出国读CS了，帮你简单的分析一下吧。  学风：东大信息电子等系的学风确实比计算机系好，甚至可以说学生总体水平也比计算机系牛一些。 保研：每个系的保研人数比例都是一定的，信息电子牛人更多，所以同一水平的人在计算机系更好保研。 出国：总体看情况，的确，信息电子上名校的多一些，但计算机学院本身出国的人就不多，出国申请本身就是很个人的事情，和你在什么学院关系并不是很大。而且不夸张的说，计算机系的就业从薪资水平、就业容易程度都是完爆电子信息的，所以出国热情也比信息电子要小，申的人少，名校自然就少了。  至于你说东大计算机不是很强是根据排名推断出来的吧。其实这样说是很不靠谱的。在十多年前，顾冠群顾老还在的时候，东大计算机曾经排名全国第二，顾老走后，排名才掉下来的。其实大部分老师还都是原班人马，所以你要想好好学，计算机系的资源绝对够你用。  PS：计算机专业下所有方向都有做算法的，所以你到底要做什么算法？ PPS：信息和计算机的区别还是自己问度娘和谷哥吧。
东南大学2015年经费比南大还多，可是科研成果、排名啥的差南大太多了，请评价？,东南大学这些年真的越来越差，合了个医学院，搞得一塌糊涂，成为学生转系的跳板，医学院居然还被温医这种学校完爆，真是不想说你什么。东南的看家本领所谓的建筑，除了知道赚钱，科研根本提不起来，真搞不懂那么多无知少年为啥要来报考，东南还一直特自信地说自己是中大正统，其实它除了努力修改篡改校史，真的没做什么。东南去年的科研经费比南大还多点，教育部真是失去判断力了，呼吁东南给纳税人退钱。
建筑系考研建筑历史方向，早稻田大学、京都大学和东南大学哪个难？,东南大学是什么鬼？  如果不是东京大学的话，那当然是京大比早大难； 如果东南是东京的误写的话，东大略难于京大（其实两个差不多），两者都比早大难。  还有，早大没有研究生制度，只能直接考修士，从这一点上来说的话，倒是蛮难的。
东南大学硕士毕业生出国率？,题主真是搞笑，国外根本没有自动化这个专业。  并且，一般选择出国的人，很少是国内读完硕士再出国的，都是在本科毕业就选择出国了。
汉东大学是不是东南大学？, 首先想说一下这部大尺度反腐剧居然在东南大学的校本部（原国立中央大学所在）拍摄，剧中主角侯亮平所在的部门、也是本剧重点的汉东省检察院，办公室的拍摄点又放在了东南大学大礼堂，这个校园以及大礼堂可是和蒋介石的关系密不可分，不知道导演和编剧是否有着特别的隐喻，（想用前朝的利剑？）。   剧中出现的汉东大学，到目前为止，出现的专业包括了 政治学、法学、中文学（林华华）、历史学（吴慧芬）、理学（和陆亦可相亲的那个，具体专业不清楚）等，其他学科专业暂未出现（无法判断有无）。   对比现在的东南大学的专业设置：   政治学：有，在东南大学人文学院  法学：有，在东南大学法学院  中文学：有，在东南大学人文学院  历史学：东南大学未单独开设历史系，但建筑学院有历史学的教授以及相关招生  理学：东南大学有着数学、物理学、化学、生物学等理学专业    剧中季昌明评价汉东大学时，用了「黄埔军校」来比较，可见，汉东大学是一所在政法口顶尖的名校，考虑到汉东大学的政法类专业拥有强大的校友圈，东南大学不匹配，再看江苏其余的大学，同样也不匹配。  主要角色侯亮平等人都是法学专业，若仅考虑法学专业，根据最权威且最新的教育部2012年学科评估（链接： 学科评估高校排名：0301法学(2012年)   ），法学专业得分在80分以上的仅有九所，而江苏所有高校得分都在80分以下。  所以，整个江苏也没有这样的大学。    放眼全国，能在政法口有如此强大校友圈的，如：中国政法大学、华东政法大学、西南政法大学等政法口的老牌院校。    另：   剧中汉东大学政法系，位于东南大学的前工院。  剧中吴慧芬和梁璐谈心的地方，位于东南大学的礼东前面的小花园。  剧中祁同伟跪地求婚梁璐的地方，位于东南大学的中大院、前工院、中山院这三栋楼前面的大草坪。  剧中赵徳汉所在的国家部委办公室，位于东南大学孟芳图书馆（现在好像是校长办公室在那里）。  剧中赵东来和陆亦可参加读书会的地方，位于东南大学图书馆（孟芳图书馆对面）。  
清华的建筑学比东南大学好吗？,一个斯莱特林，一个拉文克劳，随你喜欢咯。  反正我男友在拉文克劳所以我最喜欢了~   受到评论区的亲提示，去查了下，已改过来。  建筑老四校： 清华斯莱特林，高端洋气自带富帅光环血统纯正。 东大拉文克劳，出产学术人才多你看的书都是我写的哦。 同济格兰芬多，搞不过学吊我们就出产挂。 天大赫奇帕奇，我们是踏踏实实一步一个脚印的好同志。
已被东南大学土木工程录取，问题求助？,土木工程其实就是工民建（Civil Engineering），跟建筑学这个专业学的东西，相差非常远（毕竟建筑行业存在几千年了，学科分化已经非常成熟）。  题主问出这样的问题，说明上面那段话的内容，都不是太重要的东西，毕业后你能挣多少钱才是你应该关心的。  从985大学的就业质量（Money）来看， 金融学 &gt; 计算机科学/软件工程 &gt; 建筑学 &gt; 其他 。
东南大学给你影响最深的是？,最大的感受是，江苏的学生真是厉害，应验了自古出才子这句话
东南大学计算机学院怎么样？,泻药，以下回答含有主观因素： 以下站在本科生的角度来说 缺点： 计算机专业没有细化，学的过杂似乎是个通病。 不打算做信号方向或者图像方向结果被迫选了快十个学分的信号处理一类的课是闹哪样。。。  本身计算机专业的收分在东大不算高，因此也许出学渣的比例会略高？外加近些年大一给带电脑，就我所见而言，见过的学渣也不少。（这个算大学通病？只能说越好的大学比例越低一些？） 就挂科率而言。。。我班上好感人。。。   优点： 卓工班和强化班 我强化班的，感觉还是有些实质性的好处的，比如独立的机房，选课有一定的倾斜，以及帮助选择导师之类的。总的来说进强化班我觉得还是挺好的。 我遇到的任课老师大都还不错。 虽然有个别有点呵呵。。。  方向的话就我知道的而言，影像实验室那边是挺好的，暑假还去打工写了一个月代码 计算机理论方面似乎比较弱，我见到的老师里面纯粹做这个没几个，这个也比较正常就是了 硬件和底层方面的似乎也不多 人工智能深度学习之类的研究热点倒是挺火的，我没去过不做评价，不过听说有几个导师还是挺好的。  然而总的而言，想学得有多好还得看自己。
有一个东南大学的男/女朋友是一种怎样的体验？,男票建筑男神，他忙成狗。          由于异地每天的日常就是：我早上醒来看见男票凌晨四点留言说马上可以回寝室了，然后七点又说起床上课了，然后中午12点还在讨论设计方案，都不大敢主动打电话，因为怕耽误他赶图交方案……
如何看待南京大学与东南大学的校史争端？,谢邀。  东大本科生。南京大学是我曾经最想去的学校。  关于两校校史争端的问题由来已久，2012年两校110周年校庆的时候，网上讨论或者说是撕逼尤为激烈，天涯，贴吧，各种bbs充斥着骂战。两个学校的部分学生在网上互相对喷，都说自己是中央大学的正统继承人。那个时候天涯有个帖子很火叫“关于南大东南，谁是狸猫谁是太子”。一个说自己继承了中央大学一半的学科，一个说着自己有着中央大学的旧址，吵得那叫一个不可开交，然而事实上并没讨论个什么所以然。  昔日国立中央大学一分为九，九所高校都继承了中央大学的血脉，南大东南都是平等的继承关系。本是同根生，相煎何太急，作为兄弟学校，两所高校在地位上当然平等，在历史表述上也应互相尊重。建国以后，由于政治原因，两校都遭受一定的破坏打压，度尽劫波兄弟在，相逢一笑泯恩仇。个人认为那些骂战只是极个别人的闹剧。在东大生活快三年了，周围同学朋友并不是很在意这些，我南大的哥们也是这样。有的时候我们互相调侃我是亲儿子你是抱的儿子，你是福建大三本，你是宇宙第一校。玩笑之后仍是兄弟。  两所大学是江苏省最好的两所高校，都有着各自的特点与风情，一个灵动如水，一个沉稳似山。这三年，我没事就会去南大，也对南大非常熟悉。我喜欢东大四牌楼遒劲挺拔的六朝松，也欣赏南大鼓楼沧桑厚实的北大楼，我赞叹九龙湖的李文正图书馆，也仰慕仙林的杜厦图书馆。也经常有南大的教授来东大开席演讲，其中就有我最喜欢的历史系的胡阿祥教授，每每提到校史都一笑而过。四牌楼和鼓楼离得很近，南大的朋友们也可以来转转把他当作另一个校区。  中央大学是两校共同的财富，没必要争个你死我活。尔曹身与名俱灭，不废江河万古流，希望两校能抛开历史，关注现实，携手共进！
如何评价在上交大发布的2016大学排行榜中，苏州大学再次力压东南大学？,我真的是苏大的，嗯。  这个回答略黑东南 啊能看得出来？  超级讨厌这种问题下面跳脚的两方，是的，互相攻击着，互相厌恶着，生怕让别人觉得自己当初的选择是一种错误或是全然比不过别人。  苏大不再是几十年前的江苏师范学院，也不再会是十几年前到处合并的臃肿高校，她是一所简简单单的前211综合大学，像很多高校一样暑假也会充满考研党，可能不同的是从法律到医学，从纳米到纺织，从历史到数学，从传媒到建筑，从美院到妓（计算机）院，其局面之广需要更多时间磨合，成长。  欢迎东南的同学来苏州游玩时路过天赐庄校区前往一览，虽然为了学生的利益学校设置了门禁，但是找个路过的苏大同学我相信他们还是很乐意把你们带进去的。  …………………分割……………………  每次看到这种问题都觉得这是钩，等着以东南为首的南京理工高校群殴我苏让南大看笑话（我觉得人家应该有别的事要忙没空看笑话）  这回让我咬一口吧。  首先，就大学来说，如果当时我多考十分（江苏）我肯定选择东南，毕竟我学医的欲望没那么大，而且就分数线而言显然亏大了。  额，据说东南有医学院，分数也不低，不过...  按下不表。  但是你得搞清楚那个排名是怎么来的吧，奇奇怪怪的算法把浙大排成全国第一你不信怎么到这时候你就信了？  是是是，我承认苏大这些年来砸钱很厉害，论文发的也不少！  是是是，照这个势头我苏大发展个两三百年干掉东南还是有希望的！  然而东南在南京，又是全省唯二的985之一（唔，虽然文件被废了，大家都懂的），也不能说这么快就没落至比不上苏大吧，人家南航南理工两小弟都要跳出来不服了好么...我（代指东南）高考分数线超过你二三十分怎么到最后还比不上一个地级市的大学了？！  我觉得这种排名一点意义都没有，跟我念，一点意义都没有！  我苏排名上升了不会把分数线抬上去，不会让我8500+的学费降下去，不会让任何人觉得东南比不上我苏，外省的小伙伴甚至没听过苏州大学，在他们眼里江苏南大第一，借着东南，知道多一点的有南航或者南理工，南信南审听说也不错，别人根本不知道苏大好么？  我觉得有必要按照高校开设课程数目做一个排名，苏大这种综合性大学力压东南比肩南大还是有希望的。  或者按照女生数目或者占比排名，不吹，我独墅湖按照这个能进全国前十。  恩，最后呢，希望苏州市越来越有钱，给我苏越来越多钱，然后挖越来越多的人才，让这所美丽的高校越来越好。  （与其让我苏发展上去不如让苏州成为省会吧，是不是更有趣？）  利益相关：苏大14级在读医学狗
南师大本科考研能上东南大学吗？,这看个人努力程度了，别说从211考到985，就是非211考到985院校的也大有人在啊。
东南大学艺术学院设计学推免生复试考什么？,隔了n久的自问自答  我也不知道考什么 当时考了理论俩问题我都忘了啥 手绘要求也不是特别高 反正通过了 还有半年多去上学 期待新生活
女生如何选择东南大学的专业？, 泻药  本人经管毕业，不是特别建议报考经管  看题主的描述，好像分数是能够选择建筑的，那么建筑系我认为是值得报考的，东大的建筑系和土木系完全不是一回事，毕竟全国前三的建筑专业，分数远高于其他专业一档，分数够的话别浪费了  毕业后会在你父亲的公司实习不代表以后就在你父亲的公司上班吧？法律或金融或许还好，校园里面学到的管理？教你的有多少是做过管理的？  如果想选择金融管理经济之类的，有更好的选择  PS：东大的汉子是多，不代表粗糙，有句话咋说的，南大的妹子东大的汉 
请问重大和东南大学的城规专业读研哪个好？,你回四川的话不用问了，重大  加点内容，规划地域性小圈子非常强，直白说就是几个好学校各自画了山头做大王，四川西南那一片是重大的自留地，自然去重大。  其次，东南更难考，更别说跨考
东南大学专业转换难度如何？,尽量不要抱着转专业的心态填志愿，要一步到位。 因为转专业你不能保证百分百成功。
在东南大学吴健雄学院就读是怎样的体验？,2016/9/13 做了一点微小的工作：大一程序实践课的ppt尝试。多谢小猴工作室的各位同学，就不一个个at了。        ====================================  2016/3/27 如果折腾不出真正好的内容，还是尊黄老之术，无为而治。然而这与体制内的考核方式相违。 所以根本方案还是提高课程真正的质量。毕业的各路同志其实都可以以己所长帮到一份力。我将尝试与况老师沟通改进暑期的程序实践课的内容。  ====================================  2015/11/14 问题提出半年后更新 又经过了半年，不知道同学们的观点是否随着接触事物的增多而产生了变化？回答这个问题不在于多说服了多少人，很大部分原因希望能帮很多同学能多看清一点处境，真正获得一点帮助。 想到几个不错的点，对于仍认为吴院很多好处的同学，你们可以尝试回答一下这些问题：   你能够熟练把你之前学到的宽基础的知识运用到你的工作和生活中吗？你是否常常做自己并不喜欢的事情？你觉得和来吴院之前的你相比，你多了哪些能力？   参加过工业界的面试了吗？找过实习了吗？清楚你未来的工作中需要的技能了吗？你在吴院接触过这些技能吗？如果把你现在扔到社会上，你能靠怎样的技能立足？   搜索，学习，实践过一流国外大学的正常名字正常体系的课程吗？你觉得你在吴院上的特色课程与这些课程相比在对你的帮助上面有哪些优势？  接触过你所在专业的正常学院的真正优秀同学（很多方面）吗？你觉得你通过在吴院的学习和他们相比多获得了怎样的技能？  你希望自己成为怎样的人？你觉得毕业后拥有怎样特质和技能的人是你欣赏的？这些和吴院（或大学）所奖励的评判标准是否一致？  =====================================  2015/07 原回答：   结论：体验很差，不推荐同学前来吴院就读     背景：吴院理工实验班毕业生，计算机方向；以下论述将不可避免较为局限于作为一个理工实验班和计算机学生的体验。     具体论述：   课程设置不合理   吴院的培养模式：不同专业学生混合在一起，前两年统一上吴院的课，后两年分到各自专业上课，看似美好，吹起来动听的2+2的高端培养模式。  理工班有大量的数学分析，高等物理，大学化学等课程。官方的解释是通过夯实基础的方式来加强所有学科的学术能力，这些基础都是“有用”的。  这一解释的问题在于：   单纯看到学基础课程“有用”，而忽视了学大量基础课程所花费的时间、精力的潜在价值。 我从不否认拥有逆天的数学技能会对很多学科的学习带来正面促进。然而，这里有两个前提：首先得逆天，仅仅多知道几个知识点多做几道题并没有什么卵用。课时不足，目标不明，专业不符，兴趣不足，使得吴院的基础课更多导向后面这种结果；第二，这逆天的数学能力并非呼之即来的，学习这些能力需要投入时间和精力。而这些本可以由学生自己支配，更高效更有目的性地学习与本专业更为贴近的知识技能的时间精力，被用来目标不明地灌输基础知识，低效率对基础数理化群体输出，注定是事倍功半。举例来说，作为一个计算机学生，我认为学习高级数据结构，远比学习高等物理这种与计算机联系虚之又虚的课程要有价值。学了前者的我可以在新的实践程序中去采用更为合理的数据结构，而学了“有用”的高等物理的我似乎只是多了一点吹牛逼的资本，和别人交谈后，能够获得别人的惊呼：哇。。吴院学生好牛逼啊。。。（呵呵）   工程技能严重缺失   即便我们假设这些基本课程知识都已被很完美的掌握，吴院理工班的课程仍然存在严重的问题：基础课程严重挤压了技能课的时间。学信息的没画过板子，学计算机的课程代码量太少，即便理论扎实坚不可摧，这些理论不能技能化，作为工科生，数学物理再牛逼，做不出能用的东西来，似乎并没有什么卵用。    改革动机存疑   与课程设置紧密相关的一个问题，就是把课程搞成这般奇怪，到底是不是真的为了培养学生。  我的看法，中国很多大学都来一个荣誉学院，把培养高素质人才，解决钱学森之问云云，挂在嘴边。吴院作为其中之一，大抵也是这种政治正确的产物。很多课程要设置得不一样，难道不是去申请什么教育课程改革成果的吗？（有图有真相）    专业视野局限，社团等信息闭塞   除去课程问题，吴院的孤立体制问题也使得院内学生视野受到很大局限。吴院将不同专业学生混在一起，而与专业学院（比如计算机学院）之间缺少联系。比如吴院内学计算机的屈指可数，根本形成不了技术氛围。接触不到足够的计算机学院的同学，专业视野受到局限，自己课余学的技术很容易走一些弯路。我就是大二开始，完全是自己摸索，玩了很多细枝末节的技术（actionscript），却对linux，网络基础概念，ACM等了解过少，让我觉得自己在算法能力和系统和网络的工程能力上总是有欠缺；吴院闭塞的生活方式也让我错过在大一大二加入校内优秀社团网络安全社团，先声网等的机会，感到非常可惜。    影响出国   吴院鼓吹国际化，然而真正到出国读研上，对负面影响更多。首先是东南大学在江苏省外就缺少名声，吴健雄学院这一名字直接让国外学校以为是三本学院。课程多，给分低，承诺的乘1.1的系数又莫名其妙被取消，这些都是会影响学生出国申请的一些因素。某些院内领导对学生事务态度较差，就不详细吐槽了。     //========================  //时间仓促，有些逻辑写的还不清楚，之后有心思再慢慢改吧  //========================    总结一下    对于诚心想提高自己工程技术能力，希望成为大牛的同学，以及计划申请出国读研的学生来说，吴院不是一个理想的去处。   从教育改革角度来说，吴院搞这么多花样的课程模式，真不如请任课老师踏踏实实，把原有的课程的质量真正做好来的靠谱：比如多设计一些实践作业，并给以有效指导和评估；少些一些流于形式的报告综述啥啥的。   从同学自身发展角度来说：吴院不能对自身能力提升提供有效帮助，去普通专业学院，可以获得更多的自由时间来有目的性地发展，更多和成熟的专业经验接触的机会，完全可以变得很优秀。 
同济和东南大学的建筑学哪个好？,同济建筑和东南建筑的风格我觉得可以大致类比成格兰芬多和拉文克劳。前者价值观多元敢于冒险并且有外挂加成，后者学术氛围浓厚基本功扎实。  有野心的大多都去斯莱特林了……那里出领导多…
东南大学交通规划研究生毕业去向及薪资待遇？,研究生毕业10-15万居多吧，深圳大概20-30，加班不是你能想象。
东南大学asic？,第一次被邀请？ 匿名答一下 asic还是很不错的，孙伟峰老师也很不错，科研能力强，人也很真诚，待学生很好。 东大学风还是很不错的，asic好老师也很多，基本上五楼都可以留心下，还是回家看专业方向吧。
东南大学考研？？,我感觉不太好，因为我们学校的材料学院不是很强，同时考研应该注重的是专业的排名而不是学校排名，所以我建议你换个学校考研
请问下计算机科学本科是北京理工大学还是东南大学更好？,我猜这个问题的答案已经很明显了（匿了） 好空旷的问题.......只有我一个人
东南大学多年来没什么发展，是真的吗？,先引一段话：  关于东南改名的事，韦钰在校务委员会上说，要把学校办成一流大学，必须走综合化的道路，这是国际高等教育发展的趋势，我们既然确定了这个目标，就不要在校名上自己约束自己，学校更名是百年大计，不要过了几十年又要改。我们要改名就是东南大学，否则宁可不改。 ——《韦钰与南京工学院复更名》  东南是想走综合性大学的路子的，可是这些年来的发展证明，东南想走综合性大学的路子，是走不通的，南京实际上不再需要或者说支撑不了另一所综合性大学了。就这个目标来说，东南没有如愿。  就工科学校来说，东南的排名一直上不去，反而被很多学校赶超，这一点，东南的师生恐怕不能接受吧  学校发展，关键因素是钱和人才。吸引人才，除了环境和文化氛围，也涉及钱的因素。讨论学校的发展，不能离开所在城市的情况。  东南现在每况愈下，究其原因，是南京的高校太多，有的网友称之为“分食”，南京虽然是前首都、江苏省会、长三角中心城市，但是支撑能力或者说资源毕竟有限度，南京已有南大这么一所牛校，加上其他一些211名校分食资源，东南被挤压得够呛，缺乏生存空间，这么多年东南的发展缓慢已足以说明这个问题（铁道医学院被东南合并后，东南的医学现在好吗？）。像河海等这些年气氛沉闷，发展缓慢，均足以说明问题，南京对高校的支撑力已经到了一个瓶颈区。  当然此外江苏省和国家的支持也是因素之一，但是显然这二者也乏力。举广东一省之力，也不过才有中山一所牛校！浙江是不是这样？上海是中国经济中心、长三角核心城市、直辖市，才走有复旦和上交大两所，同济则被边缘化。所以东南的同学真的要承认现状，这些年东南每况愈下，无可奈何花落去，强辩没有意义的。
东南大学暖通专业研究生每年除推免外大概还有几个名额？,可以报动力工程制冷的方向，学的东西和老师是一样的...而且名额多一点，暖通去年好像只有一个名额。本校老师都让我们报动力工程的制冷方向...........
在东南大学预防医学专业读书是怎样一种体验？, 作为预防医学17届毕业生，看到这个问题，又想到当年以为预防医学是打预防针的，但现在认识已经迥然不同了。基础医学、临床医学和预防医学都是医学生，课程设置交集很多，只是术业有专攻而已。而预防医学区别临床医学的病人个体服务对象，它的研究对象为人群，健康重在预防，又称预防医学为“上医”，上医治未病，更有人称“干好预防，饿死临床。”   在校期间，大一多是通识课，认识专业主要从公共卫生导论开始，学院各学系主任、老师都从不同方向为我们讲述预防医学是什么以及就业前景等问题…给予每个同学加深对专业的认识。大二之后开始学习内外妇儿传染病等医学基础课，到高年级就会学职业卫生、环境卫生、食品安全、儿少卫生、流行病统计等专业课，涵盖面广泛，与健康息息相关。但是课程相比临床而言，不是单纯的医学，也就不那么枯燥乏味。  和其它院系相比，有一个特别不一样的地方，那就是会有两次实习，分别在医院进行临床实习和在疾控中心进行专业实习。时间都是三个月。实习不仅是对学的理论知识的实践，更是让我们走出了校园，尤其在医院，可以看到人生百态，和很多人有交集，是一个不小的锻炼。都觉得三个月有点短，如果再长一点就更好了。  五年时间再回忆，字字句句都是真理。在校的五年里，身边的学长学姐，就业面比较广，如疾控中心、出入境检验检疫局、卫计局等，当然，也有一部分人选择继续读研或出国深造。而关于这些，正如初入校门时，师长们所言。大家也都知道，临床医生的辛苦与各种医患矛盾。自2003年非典以来，国家越来越重视预防医学的发展，同时加大了对此的投入，对于很多吃不了临床的苦而又热爱医学、渴望良好就业前景的人来说，比如我，预防医学是个不错的选择。目前我选择在本校继续攻读流行病与统计学专业的硕士。  学院实施小班化教学，给予每个人锻炼的机会，聆听每一位同学的心声。除了校园梧桐路上、学院楼里遇见院长的高频率，还有“我与院长面对面”，学生们的学习、生活中意见都会被传达院长处。院虽小，可每个人都是“主人公”，都被重视与呵护。亦师亦友的老师们，心系我们的学习、生活，我们觉得难的课，或者抱怨于专业没什么用，再或者……为此老师们课程调整、几次三番。（手动比心）  宿管、图书馆和学院楼的阿姨、叔叔们和蔼可亲，几年时间的脸熟，常常的问候，让你在哪儿都会邂逅美好心情。学校“硬件”也是一应俱全，空调、洗衣机应有尽有，不亦乐乎。  从九龙湖“野生动物园”搬迁至繁华市中心的“低调”丁家桥，感觉自己在小丁浓厚的学习氛围里向学霸进阶，虽然是路漫漫（O(∩_∩)O哈哈~）。小丁校园内外大部分在梧桐树的荫蔽，是我行走在骄阳下最深沉的思念~   然而，不得不吐槽一下，这五年中的无奈之处。   无奈1，班级男生……（这样说来好陌生啊），因为屈指可数（捂脸哭），我因此更加在女汉子的路上一去不返了。  无奈2，你们班多少人？答：18。多少？18。真的是18。人数好少哦，毕业照拍起来都没有气势嘤~  其实现在已经不是读什么专业就干什么工作的年代了，大学教育也不是简单的知识灌输，而是各种能力的综合培养（比如人际交往、学习能力、自我管理等），这也是以后就业更好的“筹码”。而对此，选择有助于你成长的平台就显得尤为重要。生活不在掌控，谁都不能预料自己将会在哪里、遇到什么样的人，时间会给予你答案，所到之处、所遇之人于你的意义。譬如我，是在高考志愿确认前几分钟选择了东大，五年给予我的是——满足。在这里是我播撒青春的地方，对东大，对公卫，对相伴的老师、学长学姐都非常感恩。 
作为东南大学的学长学姐，你有什么话想对即将入学的学弟学妹们说？,第三次修改，现在是2015年8月16号，我在南京。 怎么都睡不着，就起来想把这个回答完整了，也是对我大学的一个纪念。  以我自己经历的心态为线索来讲把， 背景学长我是差生，那种差点留级的。  刚进大学第一个就是心态了， 我是高考考砸了来东大的，心理不平衡，我去，直接大学懵逼。 课我不听，作业不做，不去自习。因为我觉得我高考是考的不好来的， 我乱学都可以拿到奖学金变的很NB。  呵呵， 大一上就挂了三科，然后一路挂到底。  大学很难读，我目前还是不觉得每天去上自习然后保研的人就算是大学读成功的。 很难是因为你真的得在大学找到自己。 那个自己会让你面临读研，出国，工作的时候不迷茫， 会让你在工作选择行业时候不胆怯。。。  题主问的是什么要对学弟学妹说的话，可是你知道吗？ 不管你听了多少看起来很厉害的话，该犯的错误还是会犯的。 所以我尽可能的客观描述我四年来我自己和周围的人的事情，你们感受下。  时间回到大一上，我不是挂了三科吗？ 当时真的觉得世界崩塌了，真的。 我曾经是个对自己学习能力多么自豪和骄傲的人呀， 可一来就变成最差的了。  大一放假回家，我老妈就看出来我很憔悴。 其实不是因为自己忙学习累，而是一种迷茫的累，一种自己的自己的羁绊，包袱。 我不喜欢我的专业，大一学的科目有高数，几代，C++，CAD····· 我是真的从小到大被灌输的观念就是大学就是玩的···  而且···嘻嘻···天真如我对此坚信不疑。  C++。。。。。。。。。提起来有一万句要说， 作为工科生的基础课，我却学的很坎坷。 我们家世代“农民”，根本不懂程序猿的世界。 我一直天真的以为程序都是本来存在的，没有码代码的概念。 然后C++第一节课，一个很简单的东西，是1+1=2， 怎么把它实现，意思就是调用一个函数，什么INT呀，  你现在看起来很正常把，可是大一天真如我，我真的难以想象呀。 1+1=2，你特么不是大家都知道的吗，而且你还可以直接按计算机自带的计算器呀， 原因就是因为我对这些东西一点概念都没有、 然后老师就问大家听懂了吗， 同学们都会心一笑，我就mengb了， 为什么呀？ 我就说我不知道，老师问我你不懂什么呀，我说我什么都不懂。 大家就笑我， 额~~~~~~~~~~~~~~~~~  高数第一次课，（叫马红铝，一个很好的老师）就说，同学们， 上高数课前要预习。 你都不知道我当时我心理活动是什么， 我就想，我这么牛逼，预习什么！ 后来课下了老师布置作业，我就惊呆了。 大学特么的有作业！！！！！！！！！！！ 没人跟我讲过啊！！！！！！ 大学不是晚上几个人去嗨一嗨，宿舍打游戏吗？ 所以楼主前半学期好任性的，上高数上一半觉得好没意思，回了寝室买了票就去上海了。 可是特么的在高铁上手机居然坏了（万恶的HTC！万恶的安卓！） 然后我就mengb了，怎么办！我就花了几十块钱剪了哥头发，借了剪发小哥的手机登QQ联系到我在上海的同学，当时上海下着暴雨呀，！！！！和我同学约见面地点，我就说外滩把，因为我只知道外滩，然后一个人在那里冒雨等了好久好久，等到同学然后吃了哥饭已经很晚了。然后就在宾馆呆了一天就回学校了。 因为我要回去跑操~~~额，万恶的跑操。 现在回想起来真的好傻，不过那就是我青春的一部分呀。 用自己理解的方式去过了，虽然看起来不那么鲜艳。  呵呵呵呵呵，我说的都是我当时真实的想法呀。 所以我就SB了，半期考试高数考了13分，你没听错，满分100，考了13. (*^__^*) 嘻嘻  拿到成绩强颜欢笑，可是内心已经崩溃了，想着完了，我得成为辅导员口中退学的人了。 我其实还是很上进的，所以半期后就开始好好努力了。   这颗植物的名字叫13，嘻嘻，我知道高数成绩的那天就去买了。 想着可以激励我好好学， 可惜它后来死了，因为我一直不擅长养植物呀。  然后我就开始好好上课，好好上自习了。 可惜我本来就是贵州出来的，基础不好，而且大一上没什么朋友。。。 PS，寝室唯一一个学霸不和我们玩， 所以没人带的后果就是大一上就挂了三科。  然后就是大一下了。 大一上的时候自己满怀信心的参加了一个社团被拒绝了， 负责人告诉我，我普通话不行，当时确实蛮受打击的。 就什么社团没参加， PS我高中就是党员了，然后大学老挂科就被退党了，呀呀呀~~~ 不过我现在真的看开了，  大一下自己也鼓起勇气参加了一个社团，这个社团太萌了，都不用面试的。 大一下学习也认真起来了， 开始鼓起勇气和大家沟通，稍微好起来了。 所以大一下没挂。 整个大学生涯唯一没挂的呀！我们班主任惊呆了。因为他眼中我就是会留级退学的。 到此，大一结束， 可是我觉得我的人生管都改变了。  以前的我觉得自己什么都要尽全力做到最好， 现在觉得只要不挂就好。  唉，真的堕落起来了。  今天更到这里，慢慢更后来的事情。 PS，我不是在误导学弟学妹呀，而是要让大家把我当成反面例子呀！！！ 就像我一直会去关心那些成绩差的学弟学妹一样， 嘿嘿，我还是很正能量的人的，你说是吧？ 喜欢记得点赞哟。   传一张我大一的照片，嘿嘿，大山的孩子。   _________________________________________________________________________________  分割线，第三次修改的内容主要在下面。 我的大二上过得还是很愉快的， 基本不翘课，经常自习，有交到新朋友，每天过得很充实。 按道理这样的我是不是就能好起来了呢？ 并没有，我大二上还是挂了两科，还是学分很重的两科专业课。  当时是考试周查的成绩，知道的那一刻内心是崩溃的。 因为我考试周就和一个成绩很好的妹子天天一起自习，我心想考差一点70多，考得好就80多把。 一查，55 妈了个屯，不复习了！ 然后。。。后面的电路几乎白卷。 不过，我比较厉害的是我会把卷子抄出来。 你后面就会知道往年试题对专业课复习很重要的，因为老师不给。 我的卷子还是照福了好几届的学弟学妹的，嘻嘻。  然后我大二上结束的时候久生病了， 还蛮苦逼的，当时做完手术恢复的过程自己也被吓到了，具体的细节这里就不讲了。  然后我大二下苦逼的得了抑郁症，额，真的是抑郁症。（手术对脑部有影响把） 噩梦般的日子呀，我整整半年没笑过，我如此有生活趣味的人。 然后我大二下除了一门课，其余全部挂掉。 哎，  到这里，我的大学学习彻底跟不上大队伍了。 比如大三上，加上重修的，我一共要考11门。 本来自己平时就不认真，考试时候报佛脚，所以一直很费劲。 下面贴一篇我自己大三写的一篇日志把。  ——————————————————————————————————————  怎么都不想睡，犹豫了很久，还是想写点什么。  其实自己最近特别怕出现在人们视线中，也不知道咋的。  其实我真的算是个彻彻底底的失败者吧。关于我现在的现状就是每天虚度，我还是会时不时的怀恋以前，也会希望回到以前。那个傻傻什么都不懂也不去想的自己。  也不知道怎么自己就成了现在的自己。  逃避，持续的低迷，自己的搞不清楚的迷茫···  我想改变吗，自己都没有信心说了。仿佛自己已经习惯了自己的这种放纵，和恣意妄为。  呼~~长叹一口气。  我其实明白，自己心里面有许多的心结，如果自己不鼓起勇气去面对，永远也不能解决。  可是我要怎么才能鼓起勇气去面对这些让我疲惫不堪的问题。  无论怎么样，我还是要诚实面对自己。  坦诚，可能是我需要第一步做的。不要考虑别人怎么看自己，一定要做到自己不能骗自己。  自从8月回南京去鼓楼医院看心理医生，后来医生告诉我确实是抑郁症以后，自己一直都是懵着的。  我真的不知道该怎么面对。这种苦楚可能只有自己才明白。  不知道自己怎么的就变了个人，变的不知道自己该怎么面对，所以只能选择逃避。  可这样的后果就是越逃避越腐朽。  多笑笑吧，起码我还有微笑的权利。  现在我要做的就是别逃避了，真的不能解决问题。  尽管自己面对的现状真的很严峻，但是我始终有个信念。那就是，我永远都是独一无二的自己，仅此一个。  所以在人生这场长跑上，我一定不能被现在的小小的磨难吓倒。  一任夕阳西下，  绝不能让自己虚度每日的光景。  要让自己每一天都成功。  我可以的！  I Swear.  (*^__^*) 嘻嘻……                   2013-09-08              ——————————————————————————————————————————      再贴一个自己毕业时候发得朋友圈把。  ——————————————————————————————————————————     昨天回寝室，空调是开着的，开的温度很低，可我却不想关了，因为就我一个人。也不会再有人和我说，小久久，我们开空调吧。  回想整个毕业季，我都没有哭。  我曾经极度反感南京这个地方，不喜欢东大。 后来来了四牌楼这边，我才真的感觉自己开始读大学了，可真的晚了。 我想去很远的远方，我想让自己变得更好一点。可我的信心仿佛已经崩塌无几。 我得到了那些，又失去了些什么？  大学四年，曾经以为会以为好长好长，可是它不过是八个学期，不过是感觉上了发条的机器。一变二，二变三，三变四。我都还能记得自己当时的心境  大一到大二，我踌躇满志的想好好奋斗一番。 大二到大三我好迷茫，我感觉自己快被周围的一切淹没了。 大三到大四我开始去接受一切，接受好的还有坏的  某人说过的一句话我觉得特别好：发生过的就是生活的唯一可能性。所以也不会去想大学如果重来你会怎么过  南京这几天一直下雨，天灰蒙蒙的。大家也这几天一个个的走了。见面肯定会再见的，可那个时候的我们又是怎么个模样呢？开心的？疲惫的？幸福的？或则。  那些我没有送出去的毕业礼物的原因也就是困扰了整个大学的。。。害怕  我想送给x一个，我想让她一直能记得我，以后翻到的时候可以回忆下我。可是我害怕我们交集太浅，害怕自己的礼物不够好。 我想送给n老师，我想谢谢他这段时间的照顾，可我又害怕责备。 等等……  宝宝跟我说我大学接触了太多负面的东西，我深以为意。现在的我真的需要重拾一些东西，一些被丢掉的  又回到开头那句整个毕业季我都没有哭，因为我找不到合适的方式了表达我对这场青春散场的祭奠 没有合适的拥抱，没有合适的答案，一切仿佛悬而未决又朦胧不已。 然而这却又是最真实的，这是我这个22岁的青年能感受到的生活  仿佛一切都在告诉我，生活的所有模样，都是自己决定的。好的或则坏的  文章最后我想说，我会试着喜欢上南京这座城市的，因为这里毕竟是除了遵义以外的最了解的地方。我还会收拾好自己，开始自己一个人的好天气。  你看，雨停了。  2015.6.27 ——————————————————————————————————————  以上   下面就是我的总结了，其实想说的话很多很多。    还记得自己大一迷茫时候的慌张，心想，如果有个好心的学长给我讲讲就好了。   那么现在我来当这个好心的学长。     大学很难读，恩，这个你得知道。   不管你读研，出国，还是工作，你的人生再也不会有这样一段时间让自己的时间属于自己。   对，属于自己的四年。   你可以用这四年挥霍，把LOL从青铜玩到砖石4，   你也可以为去学学驾照，翘课出去旅游。   你可以提前想好自己的路，考T，考GRE准备出国。   你也可以费心思的去追一个人，然后每天和他粘在一起，然后吵架，然后再和好。   各种各样的过法，可是我却不能告诉你哪个是对的。     没有人会关心你过得怎么样，只有你自己。   只有当你找工作需要提供成绩单，软实力，出国需要GPA····   这个时候的你，才能去自己去评价和回忆一下自己的四年过得怎么样。     还想继续说，我不是很傲娇嘛。。。   有人看到了我再继续说，                        放两张大四的照片 （PS，我们班一共有八个女生的，不是只有一个。最后张纯属娱乐~~）      
填志愿了，想学建筑，去东南大学建筑系还是踩线进同济大一再转系？,你同济踩线居然也能上东大建筑？ 
东南大学建筑学的刘捷老师怎么样，有了解的吗？,刘老师是很优秀的一个老师，有高度的责任感和教育热情，主要研究方向有：乡土建筑和城市设计。在学生教育方面，刘老师主张科研与实践并重，为社会培养了一批又一批复合型人才。刘老师的学生也都是德智体美全面发展的精英。
东南大学在上海好就业吗？, 谢邀，上海学生...当时就有几个同学选择去了东大，虽然现在在国外读研...在上海，同济更受欢迎是肯定的（ms这句是废话...）。东大作为江苏省继南大之后的第二块招牌，985兼建筑老八校，工科实力很强...但是无奈上海工科有交大建筑有同济...和这两所学校的毕业生比，东南毕业生可能..（东大朋友不要打我...）   顺便，就业好不好这种事情很难说...支持上面有题主提到的，就业是个人实力+运气机遇+一些不可描述的原因综合导致，而且只说学校不说专业所以真的没法给出答案...但是东大是所好学校是无疑的。如果是上海学生热爱理工科，交大同济不行，ms还是有华理上大等一众选择的...东大985名气较上两所更响，然华理上大地处上海，就看题主自己更侧重哪方面了。 
东南大学的实力为什么和国内大学的排名和名气如此不相符？,你们这群小朋友，对东大毫不了解还来讨论排名衰落的问题？  我可以跟你们说，二零零零年以前，东大排名稳居全国前十。  为什么东大排名掉了呢？  第一点，二零零零年以后，很多巨无霸大学突然出现。  第二点，东大的领导，胡凌云你们知道吗？在他那么多年的任期内，东大从全国前十名一直掉到二十开外。他2011年终于离开东大了，东大的排名也终于开始回升了。  对了，胡凌云2011年就去了北航，你们可以开始关注下北航这些年的颓势。
东南大学的实力真的被名气耽误了吗？,个人觉得，大多是校友玩的梗，黑一黑福建大三本什么的。 名气嘛，还可以，大多是工科，搞不出什么大新闻（有大新闻普通人也不知道）。 大家眼里的名气，除了清北复交这类实打实的，更多是最美校园、最美校花等虚名或者炮王、性骚扰等污名，不要也罢。
考过东南大学建筑设计专业研究生的人有没有？,表示我也是学给排水的也想考东大建筑 问问你现在学的如何 我们可以交流下
如何评价东南大学九龙湖校区的桃园食堂？,桃园食堂是全校最好的食堂！ 证明: 正如中国人到了外国会吃不惯，北京人到了西藏要吸汽车尾气一样 我虽然住在桃园但是平时会在梅园或者橘园吃饭 在桃园食堂一吃饭就会肚子不舒服！ 爱因斯坦曾说过:“实验可以推翻理论，但理论永远无法推翻实验” 因此我认为桃园食堂是全校最干净最卫生的食堂。证毕。 P.S 我打包票我这个回答不是对桃园食堂的吐槽而是对桃园食堂最大的赞美~
东南大学王牌专业除了建筑都有哪些？,不晓得你考多少分，东南大学建筑是可以的，另外医学、建筑类专业分数通常较高。  我毕业五年了，帮别人报过许多高考志愿，高考志愿很重要，你得弄清自己想干啥，身边可利用的资源，是考研？出国？公务员？还是工作，你得有个大概想法！  东南大学不错，原国民党时期中央大学，江苏第二吧！江苏好大学仅次于北京，录取率也高，不过那里人聪明，近些年院士大多出自江浙
重庆大学机械研究生VS东南大学机械研究生？,想在长三角工作就选择长三角的大学。 其他同理。
苏州大学，南师大，东南大，河海大学法硕（非法学）考试录取难易程度、综合实力对比?,还是取消匿名顺便再修改一下答案了…… 我来自苏州大学法学院，也是土生土长的南京人，对江苏几个院校的法学专业略有了解，希望可以帮到你。 关于考公务员，法学其实是一个选择余地比较大的专业。但是翻开近两年的江苏省公务员职位表，非法学法硕可选择余地越来越小。作为招收法学毕业生的大户单位：法检两家，以南京与苏州两城为例（因为其他城市我不太清楚），基本招研究生及以上学历的法检都会附加一条：本科为全日制法律专业，通过国家司法考试（A），这基本就限定了大部分法检都是要法学本科＋法学研究生这样组合的学历，而宁苏两城里苏州更严苛，不但要法本＋法学研究生，好几个区和县级市都限制了研究生也仅限学硕，并且还限制学硕的专业（以民商法为代表）。 当然，非法本法硕也是有不少岗位可以报，只是选择面比法本法硕小一些些而已。  关于择校。 一、你说的这四所学校，首先排除河海。 在江苏的大学学文科，一般来说南京大学，南京师范大学，苏州大学三所是最好的（江苏只有这三家有法学一级学科博士点，PS.东南于16年也拿到了，江苏现在是法学院四驾马车），河海大学偏水利及工科，它的法学不是强项，至少我没有听说过河海大学的法学院有出彩之处（但是教育部学科评估还是进榜了，加上部属211身份，排个江苏第五左右没什么问题）。而且，与其上河海不如去东南，毕竟后者还是985。 二、东南大学的法学也并不强势，但是它近几年引进了武汉大学周佑勇与刘艳红夫妇，他们分获不同年度全国十大青年法学家，师资非常亮眼。不过我觉得东南大学法学毕竟还是差了一些底蕴，毕竟工科学校的文科不是靠几个好老师就能立马改头换面，一跃而上。但是，如果你追求学校的名声与985工程，那你就去东南，毕竟它是省内除南京大学以外唯一一所985，综合实力公认的全省第二。据我所知，很多非法学的喜欢刷文凭，往往选择名气大于实力的学校（此处仅指法学实力）。 更新：2016年东南大学拿下了法学一级学科博士点，同济和华南理工黯然下台，东南法学院闷声发大财，估计以后会越来越好。 三、南师大与苏大，南师大强在法理与诉讼法学，苏大强在宪法与行政法学，法理也尚可。南师大是江苏最早拿到一级学科博士点，苏大和南大在2011年放水时拿到的。南师实力可见一斑。 但你的本科不是法学，考的是法律硕士（非法学），研究生方向也就不是特别重要了（其实非法本也可以考学硕）。你既然要在南京发展，那你提到的四所学校必然南师大是首选，苏大毕竟位居苏州。苏大与南师大考研都很热门，分数线和报录比请去各家研究生院网站查询。 最后，结合你的情形，我觉得理想情况是南京大学＞东南大学＞南京师范大学＞苏州大学。南京大学声名在外，招的人少，非常难考。南师大和苏大大致持平或者小胜，但无疑南师大更适合你。东南比较小而精，文凭在南京也够用了。 还有，五院四系的很多同学都觉得九校之外的法学生不能叫法学生，如果你有心，更可以考虑北大人大法大（前三个一级国重）华政和西政等学校。
产业经济学考研 川大 东南大学 求建议？, 1-东南大学属于工科类比较强的院校 虽然是985 211 但是经济学相对四川大学 弱一些  2-江浙经济学专业比较好的学校还有很多啊  3-如果你未来在沿海地区发展的话 建议可以选择其他学校的 
东南大学有哪些有趣的老师？,贺传富啊！高数老师，四川的可爱的小老头，每次上课都一口川普跟我们东家长西家短的，强调过N多次同学们你们以后当父母了一定要多生孩子啊！别管计划生育！能生就多生！！！(严肃脸)
如何看待东南大学图书馆5月4日发生的「痴汉猥亵事件」？面对这样的事情，我们该做些什么？,当事者本人来答一次吧。 当事者本人表示心好累，本来想睡个早觉的，但自己太闲了（并不，想关爱当事人的可以帮我写论文），同时也想澄清点事情减少误解。  首先，事情的处理方式截止目前（5月6号）就是男生被送往医院短期不会回学校，学校按规章制度走blabla有回复说得挺详细的了。挑几个重点来讲：  1.结果不会出得那么快，起码要等一个月以上，因为目前只是初诊，真的要裁定还需要医院方面的确诊并出证明，然后再按照相关行政流程走，肯定不会很简单地、两三天内就出一个裁定了，不要急。如果等一个多月过后有了裁定结果后还有人想关注这件事的话，这里也可以简单说一下。  2.会判多重？上面的回答里也有，这种行为报警也不过是拘留五到十天。为什么呢，这个男生在自慰，我是看到了，和我并没有肢体接触，他也没有暴力行为，性质就是他在公共场所暴露身体，做点猥琐的事，我看到了，而已，所以有些人假想的什么过于严重的处罚啊，应该不会有。  哦对了，在这里加上一点吧，大家光凭文字想象，也有了一定的误解。 男生初诊为“露阴癖”，这个是经过心理咨询和脑科医院检查的结果。露阴癖，是故意向异性展示性器官以获得心理快感。 大家都知道，图书馆的书架是可以很清楚看到对面的，当时他离我直线距离不过一米，所以说什么“只是自慰碰巧被我发现”的可以闭嘴了，你家自慰在图书馆啊还挺有闲情逸致的，怎么，想给自己的下体也注入点艺术活力吗。以前我读初中也见过有露阴癖的男人，光明正大、赤裸裸地挺着在街上走着，这种算比较严重的了。我碰到的可能没这么胆大，应该是脑海里一边感知我的存在获得性快感，一边又不敢让我发现躲在另一面，我觉得这和偷窥癖好也有一定关系。  看到这里还觉得男生点儿背的，不过是选错地方的，建议你们重头再看一遍。   好了，以上是关于这件事处理进程的一个简单说明与补充，下面开始夹杂私货了。  1.当天事件的处理流程（十分详细，独家一份）：        楼上有个回答是我的同学，在课前我做了一个小小的演讲，演讲，就需要煽动情绪。因为我一开始讲完这件事后看大家都很安静，所以我以为大家都不是很在乎这类事，就插入了我跟我妈妈在通话中的一段对话，目的是想让大家感同身受一点（我知道成语用错但找不到合适的替代词），不要在遇到这种事时只会默不作声。事实上，这个对话是发生在我处理完整件事情之后的。但基于演讲中时间顺序会被打乱，可能会给同学造成一种先给妈妈打电话的错觉，没有的哈。         下面说一下我的流程：发现自慰现象后我直接绕过书架走过去问那位男生在做什么，并当场要他的个人信息，他压着嗓子让我和他出去说，出去的同时，我叫来了我的一个同学帮我一同处理。 之后我拿手机给辅导员打电话（此时我是自己一个人去了洗手间打的，因为那里没有人。我的另一个同学还有那个自慰行为的男生一起站在楼梯口边），选择了找保卫处这一做法，这个做法比较严谨，因为那边会有笔录。辅导员在电话中提醒我可能那个男生到保卫处会否认自己的所作所为，可能需要有证人在。回去找他们的时候我灵机一动想录音，就当场（征求本人同意后）录了一段那个自慰行为男生的“自白”与帮助我的同学的一段证词。         之后我们去的图书馆二楼大厅那里，我以为那边的保安是隶属保卫处的，不是，只是图书馆物业自己的保安，衬衫领子大敞着晃晃悠悠地来了（算了我不加入个人感情色彩了，但是看到那个样子，真是觉得不靠谱啊）在二楼大厅的时候那个保安问我要不要私了，我严肃拒绝了，接着我们去了北门监控室那边联系校保卫处并等待。物业保安（或者说接待我的那个保安）并不知道保卫处的电话（打到这里让我任性地在内心翻一个白眼），希望每个同学手机中常备保卫处电话，九龙湖是：02552090110  等待期间保卫处人来的时候，我问过那个保安学校图书馆之前有没有过类似事件，他说有的，但都是“私了”，也就是道个歉就完事儿了，听到这句话我是有点气愤的，为什么要“私了”？物业方面只是秉着“多一事不如少一事”的原则，不会认真为学生个人着想，不会主动提出要不要找学校保卫处。（事实上，在这过程中我回绝了好几次物业保安劝说我“私了”的话。）        我在想，如果事情发生在地铁上、在商场里、在公园中、在停车场等一系列公共场所，我们去找保安的时候，会不会大多保安也都是一种息事宁人的态度不会鼓励你勇于报警？所以这段内容也出现在我的课前讲话中，如果没有坚定的信念，整个人处于一种无助而顺从的状态，很容易选择一些简单的、消极的处理方法，而我在这里也希望告诉大家的是：事件整个过程，从我发现自慰现象到做完笔录再次回到图书馆，需要的时间还不到一个小时，很简单，也不会麻烦。         接下来的就很简单啦，让我欢快地说一下，就是我们三个人坐上了保卫处的小车车去做笔录（我的辅导员已经通过电话提前和保卫处的老师联系好并说明了我的情况）我和那个帮助我的同学一起做的笔录，那个自慰的男生在其他房间里，就没怎么再看到他了。做完笔录我就和我的同学开心地又一次坐上了保卫处的小车车回到了图书馆（耶！）         在车中我的同学流露出“我们机械又会被黑”的担忧嘻嘻，帮助我的男生也是机械的啦，大家不要太偏激。而且我认识的机械的男生虽然很少，大家都很好啦，我是觉得，这种事还是要看个人的，不要指向机械这个群体，照你们这么来，那外界可不可以指向东大的男生群体，其他城市的人能不能指向南京，不带这么玩儿的哈。  2.关于我自己：       我知道，很多女生对这种事都很难接受，毕竟公共场所露阴，确实很恶心，遇到这类事情，对女生的心理保护很重要，如果需要的话，还可以去做危机干预。        但对于我个人来说（如果有人关心的仅仅限于我，不带其他女性），确实没什么影响，我也忘了当时我慌没慌，应该也没怎么慌，情绪只是气愤，到后来事情解决了就超级开心了，不开心怎么能大声广博我的事件历程啊，就是觉得自己很棒想让大家夸我啊！（对，就是这么虚荣）给我妈打电话也是，想让她夸夸我啊，她又不夸，大家都懂的如果你做了一件自认为很了不得的事，告诉最亲近的人，结果人家根本不care，可能还反过来批评你的心理吧，会特别沮丧，当然我当时也对她进行了“批评教育”，后来也和她进行了沟通，妈妈主要就是担心我的人身安全，怕我被别人报复，现在她已经放心了。         如果说真的有什么负面影响的话，应该是事发后第二天各路人马对我的各种judge，穿的露什么的都不说了，还有什么你太偏激啊、你息事宁人啊（建议你们双方去沟通交流一下）、太冷静不像正常人啊，还有的说“这女的是不是想要男生微信号，我？？？？？？（而且我看到的只是冰山一角，帮我写文章的同学，已经替我屏蔽掉了绝大部分的恶意，我想她自己在看公众号下面的评论时，也会气得吐血吧，也就是说，她在替我吐血）         我的老师建议我不要理会这类事，就让事情淡化，可是我还是想还原一个完整的事情经过，以及我，不要恶意揣测我啊朋友们！  3.关于和我同行的同学：        就是那个写隔岸观火的人啦，现在好多人骂他圣母婊哈哈哈哈哈哈哈哈心疼，想开个骂人众筹箱，只有给我们打过钱经过我们认证的才有资格骂我们，其他人都是冒牌的的！可能会有坟头蹦迪哦。        虽然我对他的有些细节也是有点存疑，比如那个男生哆哆嗦嗦（谁被抓到都会哆哆嗦嗦啊，光明正大的可能是想去监狱里混口饭吃的吧）除此之外，里面的大部分内容我都基本认同。        很多人说“踹一脚才解气啊”、“踢到他硬不起来”、“找出来打一顿”，我看你们是通过打字解气的吧，大家都是现代人，怎么就不能用现代人的方式解决问题呢。我一直觉得，成年人的标志是理性，要遵从法理，大家都体面一点，别天天净想着泄私愤，太不成熟了。诚然，法律总有漏洞，总可以打擦边球，但这是法律的事。中世纪的法律十分可笑，可是如果身处那个时代，依然要遵照那个时代的法律，不管它多荒唐，这就是我的观点。人类好不容易进化的一点文明，非要毁于一旦，这是要干嘛啊。         我相信，很多人就是在打字解解气，不会真的去做，或者真的遇到这种事，也来不及、反应不过来去做，可是这种舆论氛围也是很可怕的，随随便便就动私刑，就使用暴力，这不是一种倒退吗？（而且看起来是在声援我，其实是把我往火坑里推啊，每看到有人说要爆他个人信息，让他在学校待不下去，心里都会咯噔一下）         隔岸观火这篇文章呢，带有一些本身就附有感情色彩的词，所以给人一种在帮那个男生说话的感觉，我相信，作者在写这篇文章的时候并没有故意去偏袒，只是想让大家公正、理性地去看待这件事。那个自慰的男生有错，他会被按照相关规定处罚，这就够了，之前担心在这件事中，我只会得到一个道歉，现在看来不会。什么程度的事给什么样的惩罚，严格按照标准，不轻判，不重罚，是我想要的一个态度。         目前从舆论来看，很多人的声音确实已经已经构成一种语言上的暴力，还会煽动一些立场不定的同学，是十分可怕的，我想很多同学刚刚知道这件事都会很气愤，我可以理解大家的心情，也很感谢大家对我的支持，但经过这两天的冷静，相信大家也可以用一个更平和、更冷静的心态来看待。         我一直特别讨厌看微博上营销号发布的新闻事件下面的评论，因为觉得那些评论就跟自然人一样，肆意发泄自己的感情，很傻，我想我们大学四年在校读书，不应该仅仅是学会专业知识，我们大一的时候刚成年，世界观不够完善，人也容易冲动，四年过后，我们能否成为一个更好的人，能否理性而健全，对一件事能尽可能地做客观的评价，不受内心情感的左右？都说想要回到过去，可我就不想回到冲动的，只会发泄情绪的那个时期的自己，我想要一个更理性的、成熟的我。  4.一些个人观点，不许骂我，骂我先给我打钱，或者帮我写论文；接受不同观点的文明表述（我人傻，表述请把话说满）： 露阴癖是性教育的缺失吗？对露阴癖、恋童癖、还有冰恋的什么的，我觉得就是“born this way ”，就算以前没有过，最开始也一定有一点苗头，看什么能有性冲动，完全是看个人吧，每个人都是不一样的水果（咦？）所以我觉得这和性教育关系不大，反而我觉得，性教育的不足主要体现在女生身上。  为什么有的女生会害怕，会尖叫？试想一下，如果一个男生看到一个女生对着他解开bra，他可能会震惊，但会惶惶不可终日吗？很少吧。想想我们的生理卫生课，有多少女生害羞，不好意思去看那些图片呢？那如果某一天遇到了这种事，又会有多少女生会觉得可怕，甚至留下心理创伤？  随意畅谈一下：我有一些其它学校的同学，他们的大学还有更过分的事，有的女生坐在很黑的教室走廊外面，有一个男的跑过去把自己的精液抹到了女生领子上。这种事情如果我遇到了的话，我也不知道该怎么办，直接去抓住他，可能会有危险，只能事后报警，如果真的是精液，也不知道算不算物证，就算是物证，人跑了，找到当事人也很难。所以我的以上所有回答，针对的都是在公共场所中的事情，冷静处理不纵容，真的是四下无人，我也会有点怂，还是分情况吧。  哦对了，说到这里想说，公共场所遇到猥亵事件（严格意义上来说我这个不算猥亵），最好直接拽住当事人，最好还有一个人可以帮你照看一下，就算在学校，你知道他的个人信息去保卫处报案，也很麻烦，他们还要再通过学院要人，而且当事人是否会否认也是后话，耗时还长，所以能当场解决的就当场解决，他们都希望看到你害怕的样子，你声色俱厉一点，他们就会害怕了。一点经验之谈。  5.本人脾气很不好，会骂人的，一点也不温和，不是温柔小妹妹，恶意评论请三思； 不要在这条评论下面开黄腔，打钱也不行，写论文也不行； 以及不接受说风凉话，想说就自己写自己的小日记去； 想骂我的可以打钱，我会给你的评论下面加一朵小红花以示官方认证； 支持我的我就只有抱抱你们啦~hug一下~  6.被评论逼得后加的： 刚刚有个人说“看起来说得很好，但仅此而已”，我给删了。你们知乎er啊，真是，平时看大V评论都看傻了，不让我输出一下自己的价值观不让走，好，那重点就是：依照程序与规定，不轻判，不重罚。有语言暴力喜欢冷嘲热讽的控制住自己别逼逼了。  有条评论说：“性教育啊尊重女性啊什么的学校和大环境真的是闭口不提（微笑）”  唉，你们不给受害者写论文就算了，还让受害者给你们写论文，我今年拔岁，让我做这种高强度工作，算不算虐待儿童，天理何在？？天理何在！！  不吐槽了，主要是因为，我觉得像尊重女性这个，我内心总默认社会已经达成了共识，有一些说我穿得露的什么啊，我自己都懒得骂……当然，确实，这样的人很多，直男癌直女癌都有，但老生常谈了，我还给我们一个教授发过小几千字关于性别歧视的邮件呢。  还有大环境什么的，一件件讲，很麻烦，而且我也不一定就能讲得很好，社会共识问题我不太想去谈，尊重女性，这个还要讨论吗？学校加强治保，不恶意宣传什么的，这个还需要讨论吗？我挺懒的，这种问题看看你们怎么讨论就行了。  对了，我们目前想建立一个专用紧急热线，还会有专人提供对策以及心理辅导、法律援助，走向专业化，当然这只是一个初步的想法，希望大家可以提提自己的诉求与想法，让我们在需要帮助时能有更好的选择。    http://  mp.weixin.qq.com/s?  __biz=MzIwNTM2Mzk2Mg==&amp;mid=2247483669&amp;idx=1&amp;sn=2e499c1f6ad0cb5d826e5588529b58a6&amp;scene=2&amp;srcid=0506oR5yZrp80C3NbcEjnRBN&amp;from=timeline&amp;isappinstalled=0#wechat_redirect        怎么又有人骂我了，小朋友们，不给我打钱就骂我，会被删评论的啊（划重点）  5月9日 更新 最近有人注册了好多个小号来知乎下面评论骂我，知乎名叫：射你一脸、杀马特、笨蛋什么的，我都给删了。我们大学生，平日多注意个人素质，起个名也这么暴露下限，挺可悲的。  5.17更新 事件还在处理中，男生目前在休养，差不多认定了是心理问题（疾病？），但是学校方面的做法挺让人心凉的：试图在已定的规章制度下减轻处罚。         首先，不管是法律还是治安条例，都只对丧失辨认和控制自己行为能力的精神病患者有特权，心理问题是绝对够不上的，这个我想大家也都可以理解吧。如在药家鑫案的审判中：”心理问题并不等于心理疾病，心理疾病不等于精神疾病，精神疾病不等于不承担或者部分承担触犯法律的行为。“        而学校目前正在通过法制办鉴定男生当时是否有自控能力！        让我来说一下正常的流程：鉴定当事人是否有自控能力，这件事是要在被鉴定为精神疾病之后才有必要做的，现在当事人只是心理层面上的问题，校方却这么想提早做鉴定，不得不让我以最坏的心态来揣测学校是否只考虑自己的名誉，“临近校庆，不要让学校名声不好从轻处理"（事实上，校方心态确实是这样，如果真的想寻求一个好的名声，不恶意掩盖才是最好的途径）  在此附上一个链接，是几个月前一个高三女生被同伴男生下春药的事，这件事的处理结果不过是警方把当事男生交与学校处理，而学校也因“高三”为由从轻处罚，这显然是不符合任何法律条文或治安条例的、一种荒唐的做法。作为一个公共行政机关，学校在意自己所谓的声誉竭力息事宁人，效果一定适得其反，而这公共权力下的恶，在这夏日里不由得让人胆寒。  可怕！高三女生被同班三名男生下药，真相让人痛心    （很多小朋友可能会想为学校说话，常外的事还有那么多中考小朋友希望息事宁人呢，只是希望大家不要被看似官方、正统的价值所绑架。我只是想要一个符合规章制度，不恶意偏袒的结果。）
川大中文还是东南大学日语？,我在东大读书，虽说不是文科，但也偏文科，还是有点了解 建议不要来东南学文科，画重点！  理由如下  1 本身是工科学校，文科近几年才发展，从无到有，距离成为综合性学校还有很长很长的路要走呢，手动微笑。 文科历史不足，氛围不足，不受重视。 2 东大在江苏被分数抬很高，我建议你还是去北京上海广州这些城市，一个国际性的城市可以培养你的视野和眼界，给你更多机遇。 3 如果想要详细了解，可以去学校感受，或者去官网，去学长学姐，去公众号，去微博等等等等好好了解自己未来要去的大学，谨慎一点  综上 不建议去东大文科  年轻人有时候当时是不听劝的，比如我，那就让他们痛苦几年后再挣扎吧。
对于研究生而言，天津大学和东南大学景观哪个更好呢？,在最新的风景园林（景观的一级学科正式命名）学科评比中，东南80分与清同并列第二，天大78分与南林并列第三，北林87分列第一。 既然谈到建筑学院，那么建筑学东南89第二，天大84同同济列第三。 当然这个排名每年都会有些微变动。而且不建议以这种方式选择。尤其是研究生…… 建议了解两所学校的导师和各自的研究方向，结合自己的兴趣，为未来发展的预判和市场需求，所在地区的就业形势和校内资源等，做出综合的权衡与选择…… 即便是东南和天大的自己人，也很难告诉你到底哪家好……
东南大学转专业的考核的高数大物和平时考的有多大差距？,今年从经管转入信息，感觉高数比平时难一点，主要体现在题量更多，知识点覆盖面更广，物理的话感觉和期末难度差不多但不知道为什么考出来分普遍比较低 ╥﹏╥总之要转的话一定要有至少两周时间刷题。特别是往年的转系题，比如说今年高数最后两题就是往年转系的原题，在东南小题上做到过。。。
东南大学桥梁方向2013年的录取线是多少？,哥们还没有出来呢。不过按往年的分数来说院线是330，但是去年进复试的最低分是340多，今年应该分数线会高一些。 
关于东南大学和北京邮电的抉择？,本科，要考虑四个因素，学校、具体专业、大学所在城市、工作期望城市。  单纯的问哪一所学校没有意义，上面四个因素你分别考虑清楚，选择就出来了。  志愿填报，我倾向于引导思考，而不是告诉你哪一所学校，因为这没有任何意义。
东南大学有哪些鲜为人知的有趣的地方？,1.虽自诩低调但挺能吹 2.拥有全国最难看的新校区 3.江苏籍学生喜过分夸大考进东南难度，而不顾招生人数录取位次自招点招等各因素 4.学校新闻宣传材料大都是某某项目某某指标在江苏排名第几 5.什么？我们东南不是中国名校?我们东南不配建设世界一流大学？东南的牌子在江苏已经够用了好不好？！ 6.总喜欢把名气小归咎于不喜宣传，其他避而不谈 7.工科学校硬搞综合大学正处于一个很尴尬的境地 8.土建类行业正走向低迷，信息电子虽然尚可，但计算机实力不够档次，商科经管较弱，基础学科堪忧，机械材料化工平平，学科群建设势必难为 9.热衷和南大争什么鸟正统问题，而忽略谁强谁就是正统这一法则
在东南大学就读是怎样一番体验？, 咦居然被邀请了那我正儿八经好好来回答吧~  东南大学地处福建，四季温暖，面朝大海，春暖花开，毕业直接对口东南卫视。  XD.........  其实我们在南京，一个一笔雕凿的城市，东南大学原来是国立中央大学分出来的，和南京大学是一个妈生的，按道理和南大应该齐名是不是TT，但是因为各方面原因我们一直没啥名气。  建筑，信息，电子，土木，交通，生物医学工程是非常非常强的，当然其他也不赖，在业内还是有一定名气的。  江苏考生基本上要省排名3000以前才能上。（这点我有点忘了，若不对请指正）  学校有三个校区，九龙湖，四牌楼，丁家桥。  九龙湖地处南京市江宁区，一号线百家湖站，马上会有新地铁线直接到门口！九龙湖分布了大部分学生，本科生研究生，无线谷也在九龙湖附近。  差点忘了就读体验了.  以下为同学拍的照片~（若朱同学有异议我立即删去！）   九龙湖：    这是宿舍区，桃园。   这是土木新楼。以后土木学院研究生就不用去四牌楼了吧~   教学楼。夜晚的教学楼真的有那么美丽。   图书馆，在中国最美大学图书馆之列的，虽然我觉得像个大棺材。。偷偷告诉你们，去图书馆要划船的。。。前面这个湖看见没，要买船票的，5分钟一班。  我最爱的是九龙湖的落日，在电脑里，可惜我现在没有用电脑。  那颜色多一分则香艳，少一分则寡淡，不偏不倚，像一幅画。    九龙湖是个很适宜读书的地方，因为周围没有什么店铺，地广人稀，除了学习，似乎也没什么特别适合做的，唔还有大片大片不同球场，以及新建的健身房。  因为是新建的校区，树木不算繁茂，还有些许杂草，但是等树木长起来应该是一片欣欣向荣景象吧。  至于九龙湖的食物，嗯，那会基本上是靠华诚超市的凉皮凉面度过的。菊园食堂相对好处但是离本科生宿舍太远骑车从图书馆过去也要10分钟。（两个宿舍区到图书馆骑车5—10分钟不等）      四牌楼    我最喜欢的校区没有之一！   地处南京市中心，闹中取静，致青春开头取景处。   大礼堂    喷泉常年开放，水颜色很美。  离新街口很近，有很多好吃的，离南师大随园，南大鼓楼校区都不远。  基本上在四牌楼的是建筑学生，土木研究生，电子研究生，所以。。。还是工科男多些。     丁家桥   大家基本上不知道这个校区。。。。。好歹最早也是国立中央大学医学院啊喂。。。  在湖南路，玄武湖附近，很小。  医学院，公共卫生学院，部分生物医学工程以及化工学院在这里。   在著名美食街狮子桥附近。      学校还有很多小猫    其实我们还有一个电子分校在无锡，但是我只去过一次已经忘记。。       我们学校还有很多美女。。   不要说大工科学校没有美女，我们美女很多的真的！      校歌     东揽钟山紫气，     北拥扬子银涛。     六朝松下听箫韶。     齐梁遗韵在，     太学令名标。       百载文枢江左，     东南辈出英豪。     海涵地负展宏韬。     日新臻化境，     四海领风骚。  
东南大学和北邮？,网研院，不用犹豫，具体去北邮人看就业
东南大学文科专业怎么样？,本人东大经管，毕业1年。东大文科应该包含人文学院、艺术学院、 法学院、 外国语学院、马克思主义学院，当然，经济管理大类的也可以算是文科专业了。我先说一下经管吧，经管本来一共有信息管理与信息系统、电子商务、物流管理、经济学、金融学、工商管理、会计学、国际贸易一共8个专业，2011年时新增了一个金融工程，所以目前经管一共9个专业。就我个人看来，比较好就业（个人认为就业难都是伪命题）而且专业知识学得相对比较深入的就只有会计学，其他的专业就是将管理、经济、金融以及一些相关的知识一股脑都倒在你面前，学得杂而不精，当然也有学得杂而精的。不过在经管最大的一个好处就是知识相对开放，各个学科之间有其相通之处，所以你如果喜欢写程序可以好好学习编程和系统工程，当然你也可以专研会计，学习数据挖掘等等，除此之外还有很多在各方面都有才华的人，相对于理科和工科专业你的视野可能会更广阔一些。跟其他高校相比，就拿南大来说，个人感觉南大商学院还是比东大经管更胜一筹，当然在江苏除了南大，其他学校的经管还是要差一些；跟交大安泰管理学院和北大光华管理学院这些知名管理学院学院的话就差一大截了，毕竟东大以工科见长。        再说一下人文、艺术、法学这另外的几个学院，个人感觉东大的人文在这几个学院之上，我大学的时候曾经参加过人文学院组织的一些人文沙龙，个人觉得还是很不错的。而且东大人文学院的几个老师比如说董群、樊和平这些老师水准还是蛮高的。东大人文讲座在南京高校中也还算是比较知名的，经常能够聆听到大师的讲座。        再者就是艺术学院了，个人印象中的艺术学院也还不错，每年一次的艺术学院毕业展都能看到一些很不错的作品。至于法学院和外国语学院个人感觉just so so！马克思主义学院嘛，好像是2012年才成立的，不知道是不是真正为了研究马克思主义的！       以上这些只是个人观点，希望对你有所帮助。
名校中山大学能否碾压东南大学？,不是谁好谁差的问题。 如果你本科三年或者四年都是在中山的珠海校区读书，还不如退学复读。
我是东南大学信息工程的学生有一些读研的问题？,你…为…什…么…要…邀…请…一…个…金…融…生…  就…我…看…来…我…身…边…信…息…的…软…件…的…计…算…机…的…都…直…接…工…作…了…  你…现…在…最…要…紧…的…是…好…好…学…习…提…高…绩…点…因…为…出…国…保…研…保…外…都…看…绩…点…
想问东南大学研究生是不是基本只招本校的 本三无望？,这种问题似乎在侮辱东南大学吧？  哪个人告诉你东大歧视外校的了？  本二本三都好，别想那么多，你去考就得了。
东南大学第二学位？,建筑学读五年已经很辛苦了，你还想把它当第二学位。  学出来有人敢用你吗？
东南大学90年代到现在排名怎么下降了怎么多？,只谈97年的排行榜，后面那个QS不知道是什么。  这个97年的排行榜其实很扯淡。我亲戚里有不少哥哥姐姐都是90年代高考的，以前听他们说过那个年代高考的事，对学校的选择也跟这个排行榜有很大的出入。  80年代高考，首选是中科大，然后是清华北大，再后面是复旦、南开、人大。再往后是南京大学，接着是东南大学、浙江大学。上海交大完全不热门，不如西安交大。 90年代高考，清华北大已经是首选，科大下滑至和复旦并列。接着是人大、南京大学。南开下滑。然后是，东南大学基本平稳，上海交大开始有崛起的势头，但依然不如西安交大。大概选择顺序是东南大学、浙江大学、西安交大、上海交大。  以上观点可能只适用于长三角，毕竟我的亲戚都是这边人。  近三四十年来，复旦大学稳居东南地区前两名，也是这边考生最想上的大学之一。所以，在上海本地人心中，复旦的地位是要比交大高一些的。
东南大学和浙江大学，到底哪一所才是三本？,谢邀。 首先，我福建大三本从名字上就输给人家了，有谁会问浙江大学在哪个省？而“东南大学在福建吗？”“南京还有个东南大学？”“东南啊……在哪里？” 然后，开什么玩笑我要是高考分数够浙大谁来东大ಠ_ಠ 再者，辩证法告诉我们实践是认识的来源是检验真理的唯一标准，认识事物要完成从感性认识到理性认识再从理性认识到实践的两次飞跃，我们应该去这两个学校都读读书，估计就会发现，还是清华好。 不吹不黑，正经脸。
东南大学和同济大学哪个比较好?,自己掏旅费去两个学校旅游，一个学校用一天； 在校园里逮着未来的师兄师姐使劲问，问一切你想知道的。
如何评价东南大学九龙湖校区的建筑？,      毕业一年多，看到这个贴子倍感亲切，我去过一些学校，见识过很多自称甚至是公认的很漂亮的学校，但是之后跟东大，四牌楼就不用说了，就是跟九龙湖比较，要么略显浮夸，要么流于形式，总之，不止是儿不嫌娘丑，九龙湖的建筑，从深层次看，还是很不错的。另外，关于九龙湖的布局，很大一个原因是依原地原来的两个村庄建的，原有的道路，多数没改。那两个村，好像叫大流村小流村，图书馆的位置就是原来两个村子祭祀的地方。前段时间聚会回去转了一圈，真后悔没珍惜九龙湖那么好的环境，希望学弟学妹们不要再浪费时间吐槽学校了，好好珍惜吧，你们以后一定会怀念九龙湖的。       不是学建筑专业的，但经常跟他们打交道，听过一点，我感觉九龙湖的宿舍建筑不漂亮，设计的时候应该是从实用角度考虑的，比如楼顶的收雨水的檐槽，我记得下雨晾衣服都不会打湿，最大的特色应该就是连廊设计，这样既便利两边沟通，或者连廊里设办公，又使建筑有点层次。宿舍从实用角度出发，丑一点也无可厚非。东大的教学楼、工培之类的，是很有工科特色的。方方正正，错落有致，简洁大方，教学楼连成一体，方便沟通，不过这些也是从实用出发，并不能称得上惊艳，真正称得上建筑上品的，是图书馆、体育馆、焦标，不管从外形、细节，都称得上是很好看的建筑。尤其图书馆，气势十分宏大，再加上周围的环境，前面的超大草坪，现在想想，真是美，好多摄影作品都太好看了。想想都怀念。以后树都长大了，绿化真正起了效果，会越来越美。这些设计，没有多余的一点棱角，就像唐诗一样，删掉一点，就好像少了很多。总而言之，做为一个具有朴素审美观的工科生，我认为九龙湖非常漂亮，最后说一下，真正的美，是长久体会出来的，而不是一眼下惊艳的感觉。       另外，说九龙湖建筑丑的人，我相信大多数都是善意的玩笑话，九龙湖人曾经大都这样说过。如果不是，那么请你们自己掂量掂量，不喜欢这种风格很正常，但是武断的说人家丑，就不太好了吧。
经历过东南大学的期末考试周是一种怎样的体验？,不同人体验不同，如果平时不上课，考试周肯定很痛苦。 平时作业自己做，上课不水，考试周so happy
如何看待东南大学学霸情侣？,       “考上大学想怎么玩就怎么玩”，这似乎成为大部分人进入大学后的座右铭了，这句被很多家长拿来“鼓励”孩子的话，着实害了不少人。学霸情侣，这样的情况非常值得宣传。大学是自由的，可以谈恋爱，可以追逐爱好，但追根到底，是读书的地方，首先要做好读书人的本分，才不至于在大学生活快结束的时候悲戚长叹。   来自一名学渣的感慨。
说说你在东南大学的遗憾吧？,来报道的第一天没卷铺盖回去复读
为什么东南大学不是在福建？,谁跟题主你说东南大学不在福建的？东南大学还有个附属电视台——东南卫视。  当时110周年校庆，东南卫视还有实时直播。  如果你问任何一个东南大学大三或以上（千万别问大一或大二的，他们年纪小，搞不懂学校的位置）的学生，东南大学是不是福建的学校，十有八九会直接回答：“是的，我们学校在福建，是个三本。”  ——————————————————————— 有图为证  
东南大学与哈工大如何选择？, 当我看到这个问题时我就明白哈工大（深圳）对本部的意义是有多大了  深圳校区已经开始招本科生了，可以了解一下 
东南大学为什么排名高名气低？,想说两句实在的。  坐标东南，本人16年考上东大，现在勉勉强强也算得上一根老油条，了解的多了才敢勉勉强强评论几句。去年也算是高考不尽人意，填志愿就变成了一件要命的事情。武大华科东大徘徊不定，武大能上，压线进，最后的收分也如实证明了这一点，华科还能选专业，但一般专业不想去，再者不想去华科捞鱼划桨，武汉大学通病，勿喷。最后选了东南，第一志愿第一专业录取，信息工程。 今年看到17届学弟学妹报志愿，一如当年，百度一番“985高校排名”，然后由高到低填上满满当当的志愿，美滋滋，走上人生巅峰。你真的喜欢吗？真的适合你吗？现在大家都讲个排名，讲个名气，讲个博士点硕士点院士多少个长江学者特聘教授多少个，但是实实在在的，985刨去C7剩下的32所又有多大差别，各有所长各有所短，别的高校不了解，东大的建筑稳三冲二，电子 信息 交通前三，生医第一无话可说，综合排名最新是22没记错的话，那你要是喜欢建筑，会选个排名第八第九的，还是选个东大？名气都是你向别人吹嘘的资本，那不是你自己的，博士硕士长江学者特聘教授上了大学跟你接触的又有几个，扪心自问，会对你的生活造成多大影响？重要的还是自己在大学中一如既往的努力，名气只是向人谈论一时，而自己会在自己选择的大学生活四年七年甚至更久，自己喜不喜欢适不适合才是真正重要的东西，名气排名都是面子上的东西。 江苏，文在南大，工在东南。在来到这里，甚至报考志愿之前不久，才知道有这所大学，名气在外省来说实在是低，但是同时这也意味着一个事实，对于像我们这样的外省毕业生来说，报东南是一个性价比很高的选择，因为你可以试着想象江苏的孩子考上东南是一件很不容易的事情。很多江苏本地的同学，同一张试卷可能比我高很多分，但是读的是更差的专业，经常和舍友调侃，我要是生在江苏，三本可能都考不上。 直到现在，我也不太明白为什么东大这样一所好学校为什么名气这么低？是因为如企业所说的东大学生老实、低调？是东大的宣传做的不够？是东大的科研跟不上？主要领导研发4G移动通信网络，现在正在研发5G。 名气低，看地域。第一，毕业的时候你的面试官不会拿着一本“中国大学排名”来为你定义优劣残次，第二，你不知道你的面试官来自哪里，在江苏，东大名气确实很大，企业可能会争着要，走到其他地方发展，凭本事吃饭。这是一个不变的硬道理，举个不太恰当的例子，武大的学生来到江苏找工作，没人会在意你的牌子，排名高但是在这片儿土地，牌子就是不响，武大同学勿喷。回过头来，除了那几所大学名字响亮，其余的985又有几个人能数得完？今年志愿咨询的时候，才知道吉大天大排名这么高，不是靠近这两所学校的可能都不知道它们还是985？ 我没办法做个暑期社会实践报告告诉你为什么东大排名高名气低，但是希望自己的一些经历也好想发也罢，说一说，名气是给别人看的，大学是自己的，喜欢的大学是最好的大学。
如何评价东南大学的政治氛围？,传统工科学校历来埋头苦干，清华都远不如北大热衷政治，东南更加了，南京各大高校都是因为政治因素由【中央大学】分尸出来的，当然都老实低调得很  话说，也恰恰是两耳不闻窗外事，才使得南京的高校专业水平普遍比更有名气的高校更实在些
天津大学，中南大学，北邮大学，东南大学，哪个好？,天大已经沦落至此了？。。。
如何评价东南大学的新校长张广军院士？,校长比书记实权大，这个你们要搞清楚，与政府部门的市长、书记的位次有区别。  之前有过坊间传闻，是南京工业大学的黄维来当东南大学的校长，这个人既是中科院院士，又是学科建设的高手，能力奇强。但最后定了北航的张广军，也不清楚个中缘由。  个人认为，有几点很重要： 1、 张校长能否把东大的制度改革做好，这一点易书记也必定会辅佐他 2、张校长能否整合好东大的自动化、仪器科学这两个学院的优势，以及复兴计算机学院。仪器科学有宋爱国、徐晓苏等等牛人，自动化有田玉平、孙长银、李世华等等牛人，就看怎么用好，怎么优化学科构架 3、张校长必须能统领所有学科，包括把文、理科进一步提升。同时建议增设历史系、新闻传媒系，可先开设研究生招生，而后再招本科生  目前看来，东大的底子很不错，给张校长的发挥空间也比较大，就看怎么打好这副好牌了。同时，张校长作为东大的第一任空降校长，似乎预示着东大接下来要走大力改革的路，这一点，我很看好。
