一名军医大学毕业的学生，他的未来可能是什么样的呢？,学霸考研，其他人嘛家里有钱就买断，有关系就分到医院，剩下的就只能去基层拔草了。
网传重庆大学与三军医大学合并，你怎么看？,       老重大被各种拆分，能够发现到现在确实不容易。多少学校是踩着重大的尸体蹦哒到前面的，也到了回馈一下的时候了吧。        三军医大不乐意，可以参考西政，以前的法学界泰斗，现在……         我重大工科屌丝众多，屌丝气质浓郁，现在对我爱答不理，明天让你高攀不起。不合并就挖你墙角，当年也是憋了一口气才三年拿下法学的博士点的吧，辣么多教授不少是西政的。          再说重大校舍经常装修，也是各种有钱，现在虎溪那边还在各种盖楼一遍一遍地装修，不知道三军医宿舍条件怎样，反正肯定不会差，还经常有校友捐赠。科研经费这种东西不清楚，以前能申合并之后应该是更好申请吧。         真心希望两校合并！
如何评价第三军医大学及其附属的西南医院反对泸州医学院改名为西南医科大学？, 泸医在此次更名事件中是对是错，其实很明显。          第一：泸医自身办学科研水平根本没达到《普通本科学校设置暂行规定》中规定的称大学的条件。          首先，教育部在《普通本科学校设置暂行规定》（教育部官网原文见 教育部关于印发《普通本科学校设置暂行规定》的通知   ）中明确规定：“ 2.普通本科学校应具有较高的科学研究水平。称为大学的学校还应达到以下标准:" "......（2）近5年来科研成果获得省部级以上（含省部级）奖励20项， 其中至少应有2个国家级奖励 ； ”，如下图：            而在《四川省教育厅关于泸州医学院更名为四川医科大学的论证报告》中，四川省教育厅列举泸州医学院获得的国家级奖励为“  中华医学科技奖  ”。见下图：      “中华医学科技奖”是由“中华医学会”这一民间组织评议并发出，而“中华医学会”不属于政府机构或者事业单位，没有行政级别。那么争议就在于：中华医学科技奖算不算国家级奖励？          华西校友就此争议咨询科技部，科技部明确回答：不算！  所谓“科技成果国家级奖励”只能是：“国家自然科学奖，国家技术发明奖，国家科学技术进步奖”三类  。同时，泸医的内部文件中也对科技成果国家级奖励进行了认定，与科技部规定完全一致，如图：           上图泸医内部文件链接在此：  http://www.  scmu.edu.cn/uploadfile/  2015/0311/20150311090007108.doc        从  泸医内部文件  可见，其获得的“中华医学科技奖”不在其认定的国家级奖内，由于中华医学会是民间组织，没有行政级别，对照其省部级奖的认定中“国家教育部卫生部国家中医药管理局等部委颁发的科学技术进步奖”的内容，连省部级奖励都算不上，更别说是国家级奖励。但是奇怪的事，在的众人质疑其没有获得国家级科技成果奖励，不够资格升大学名号时，泸医居然号称 “中华就是中国！中华医学科技奖就是国家奖！” ......无奈。     综上，泸州医学院更名为四川医科大学的过程中，其“获得国家级科技成果奖励”一项未达到《普通本科学校设置暂行规定》中升为大学称号的门槛。            其次，教育部在《普通本科学校设置暂行规定》中还规定“ 称为大学的其每个主要学科门类中的普通本科专业应能覆盖该学科门类3个以上的一级学科， 每个主要学科门类的全日制本科以上在校生均不低于学校全日制本科以上在校生总数的15%，且至少有2个硕士学位授予点  ”。如下图：            而在《论证报告》中关于此项的论述如下：            看到没有，按照《普通本科学校设置暂行规定》，称大学的必须有三个以上学科门类作为主要学科，其每个主要学科本科以上在校生人数应达到全校本科以上在校生的15%以上。泸医三个主要学科门类中， 管理学在校本科以上学生仅占全校本科以上在校生总数的3.8%，远远低于规定的15%；同时，称大学的高校其主要学科应至少有两个硕士授予点，而泸医管理学硕士授予点仅有一个。     在主要学科本科以上在校生数量和硕士点两项指标上，泸医均未达标。           再次，教育部在《普通本科学校设置暂行规定》中还规定：“   凡经过论证  ，确需设置普通本科学校的，按学校隶属关系，由省、自治区、直辖市人民政府或国务院有关部门向教育部提出申请，并附交论证报告及拟设学校的章程。 ”如图：            显而易见，如果按照程序，泸医更名应该先完成更名论证报告，而后再由四川省政府向教育部提出申请。        华西校友依法向四川省政府申请了信息公开，四川省政府依法公布了泸医更名过程中两份极为关键的文件：《四川省教育厅关于泸州医学院更名为四川医科大学的论证报告》以及《四川省人民政府关于泸州医学院更名为四川医科大学的函》（简称《川府函192号》）。拿到文件后的华西校友惊奇地发现：  《四川省教育厅关于泸州医学院更名为四川医科大学的论证报告》的落款日期为2014年10月30日，而由省政府发给教育部的申请更名函《四川省人民政府关于泸州医学院更名为四川医科大学的函》（简称《川府函192号》）的落款日期却是2014年10月15日！（如下图）           换句话说，在四川省政府为泸州医学院更名“四川医科大学”向教育部提起申请时，按照规定应该附交的更名论证报告还远未完成！这是典型的行政程序违法。           不过有泸医人来洗地说“《普通本科学校设置暂行规定》只不过是原则性规定，适时的时候基于具体情况可以适当放宽”。这种说法非常不负责任。        《普通本科学校设置暂行规定》确实是教育部门的部门规章。其内容是教育部对新设高校以及“学院”升格“大学”的资格认定标准。其表述清楚，行文严谨，并不是所谓“原则性规定”，至今教育部关于《普通本科学校设置暂行规定》的解释中也没说过“这只是原则性规定，实施的时候基于具体情况可以适当放宽”。反而教育部对于《普通本科学校设置暂行规定》的解释中再三强调了其规定的严格。链接在此： 由“学院”更名为大学需要具备哪些条件？哪些是硬性条件？   因此，说《普通本科学校设置暂行规定》只是“原则性规定”的说法纯属模糊事实，把明文规定变成了自己想怎么捏就怎么捏，想怎么解释就怎么解释的软面条。         综上，  泸州医学院在更名为四川医科大学时，其科研与教学实力均未达到《普通本科学校设置暂行规定》所规定的标准，而且在整个申报过程中存在严重的程序违法，根本没资格称“大学” 。           一个没资格称大学的院校，讨论它应该更名为“ 四川医科大学 ”还是“ 西南医科大学 ”乃至“ 宇宙医科大学 ”都是没有意义的。     第二，如果你非要忽视以上结论，讨论泸医更名“西南医科大学”是否合理，那么结论也是不合理的。          首先， 历史上西南医科大学确实曾经存在，而且就是如今第三军医大学的前身。 证据链接在此： “西南医科大学”确曾存在！――要改名字、要吵架，先学历史！            本文内容翔实，图文并茂，以事实说明了  历史上西南医科大学确实存在  。文中称：三军医大“于1954年由原第六、第七军医大学合并而成，第六军医大学前身系第四野战军医科学校和原国立中正医学院，第七军医大学前身为第二野战军医科大学，1975年更名为第三军医大学。所以，三军大的老祖宗有好几个：第四野战军医科学校，原国立中正医学院，以及，第二野战军医科大学。第二野战军医科大学在南京时，参与对原中央大学医学院的改造，共用了一些师资力量。“西南医科大学”就应该在1950年初这个时期诞生的。但是具体的命名时间，目前并不清楚。”         同时，由于对这段历史的好奇，我也试着在网上搜索了一下关于老西南医科大学的资料，查到了如下图片：             这些留存于世的文件图片无一不证明了 “西南医科大学”确实存在过。          那么是不是曾经有高校用过“西南医科大学”的校名别人就不能再用了呢？教育部关于这给问题专门解释过，链接如下： [王勇]:大学更改学校名称的相关规定是什么？大学更改学校名称可以使用别的学校使用过但现在没用的名称吗？   其中明确指出： 为了规范高校名称，避免引起社会公众混淆，普通高校更改学校名称一般不可以使用别的学校曾经使用过但现在没用的名称。若使用， 须征得原使用学校的同意 。 为了方便，我还是把原文截图如下：             泸医在更名为“西南医科大学”时根本没有征求过现第三军医大学的同意，就擅自申请更名为三军医大曾用名，这也是不符合规定的。          于此同时，此教育部答复中第一条也说得很清楚：“设置普通学校，应当根据学校的人才培养目标、办学层次、类型、学科门类、  教学和科研水平  、规模、领导体制、所在地等，确定名实相符的学校名称。”泸医这一二本学校， 没有博士点没有国家重点学科没有国家重点实验室没有国家级奖励，教学和科研水平在整个西南地区毫无优势。唯一可以的 不过是在泸州地区称王称霸而已  。这样的水平更名西南医科大学，不符合规定。         此教育部答复中第二条也规定：“校名不冠以“中国”、“中华”、“国家”等字样，不以个人姓名命名，不使用  省、自治区 、直辖市和 学校所在城市以外的地域名 。 ”泸医所处四川省泸州市，  按照规定，即便够资格升大学，也不得称“四川”（不使用省名）及西南（学校所在城市以外的地域名）而只能称泸州  。   关于这一条曾经有泸医学子曲解条文后跑来跟我死犟 ：“泸州就在西南啊！凭什么不能叫西南医大？”呵呵，泸医还在宇宙呢，你怎么不叫宇宙医大？          最后，不要拿“别人也成功更名，别人也在用大区名”等等作为校名来做泸医更名合理性的借口。毕竟别人是别人的事，和泸医更名无关。 要讨论那就只能拿规定学院升大学以及高校更名资格的条条款款来套。如果泸医师生有兴趣拽别人下水，完全可以向教育部举报你们认为不符合规定更名的学校。          综上：  泸州医学院根本没资格称大学，更没资格更名为西南医科大学。      ＝＝＝＝＝＝＝＝＝＝＝＝＝＝＝更新分割线＝＝＝＝＝＝＝＝＝＝＝＝＝＝＝＝＝＝＝         随着时间的推移，历史上“西南医科大学”曾经存在的证据逐一浮出水面，而且越来越多。        出版于2010年6月的重庆市志《第三军医大学志》中明确记载： 1950年5月至1951年5月，西南军区卫生部医科大学，曾称西南医科大学，位于重庆覃家岗。              而在1950年5月3日的《批复筹设西南医科大学方针草案》中也明确写到：“为开展西南卫生工作，拟定建立医学教育中心， 设西南医科大学 。”             看到没有？ 当年的批复草案写得明明白白，“定名为西南医科大学”！            多方证据表明，“西南医科大学”并不是“西南军区卫生部医科大学”的简称，准确地说，西南医科大学是西南军区卫生部医科大学的前身，建立时为西南医科大学，后更名为西南军区卫生部医科大学。           白纸黑字记载得明明白白，如今的三军医大曾经叫过“西南医科大学”，时间虽然短，但是仍然存在。 泸医人叫嚣的“三军医大校史里都没有记载过”的谎言不攻自破。      ======================== 20160812 更新 ================================   众所周知，医学是一门经验性和实践性非常强的学科。一个好的医科院校，必然有一个好的附属医院作为教学、学生实习以及科研的平台，附属医院的质量和排名非常大程度上决定了该院校的学科地位。对医学院校来说，附属医院的排名甚至比院校的排名更重要。  经同事提醒，查了查《复旦大学医院管理研究所医院排行榜》，才发现泸医厚着脸皮更名“西南医科大学”有多么可笑......  首先是全国排名，链接如下：  医院排行榜       综合实力协和第一，华西第二；科研能力华西全国第一。  泸医附院？全国榜只有前100，未见泸医附院。  换句话说，泸医附院全国排名在100之后。至于多后，不清楚。   既然全国排不上号，可人家是“西南医科大学”啊！其附属医院至少要有一家在整个大西南有一席之地了吧？  那我们再来看看西南区医院综合排名，链接如下： 医院排行榜      共上榜20家医院，华西、三军医大、昆医、贵医、重医甚至很多泸医人看不上的遵义医学院均有附院上榜，泸医呢？再次榜上无名。 这可是号称“西南医大附院”代表西南医疗水平的泸医哦！    泸医老说自己麻醉厉害，甚至不少人都在吹泸医麻醉“全国首屈一指”......吹牛的人语焉不详，不知道是说的泸医麻醉教学水平呢还是泸医附院医疗水平呢还是泸医麻醉的科研水平呢？不管吹的是哪一个，如果上面三项泸医有一项真的是全国一流（还不是全国第一哦），其附院的麻醉科总会在全国名列前茅吧？  好吧，我们先来看看全国麻醉科排名，链接如下： 医院排行榜   麻醉科  华西麻醉科全国第一。可是说好的麻醉全国第一的 “西南医科大学”呢？别说上榜全国前十，连提名都没有。说好的全国“首屈一指”呢？    也许人家泸医附院在全西南能有高排名？  那我们就来看看西南区各医院麻醉科排名，链接如下：  医院排行榜     上榜五家医院，提名四家医院共计九家， 泸医附院号称“麻醉第一”的麻醉科同样榜上无名......    那泸医附院总要有拿得出手的科室吧？既然号称“西南医大”，不说西南排名第一，总得有某一科排名在西南各医院前茅吧？？  很可惜： 医院排行榜      整个西南大区（云贵川藏）排名中，34个专科列前五位（每科上榜仅5家）的医院，都不见泸医踪影。     无论综合实力、科室水平还是科研能力，泸医无一专科上榜，无一！包括坐井观天的泸医人极为自豪、甚至号称“全国第一”的麻醉科！   换句话说，泸医所有科室在整个西南大区排名都未上前五，泸医引以自豪的麻醉甚至连前9都没进。    就这水平还好意思厚着脸皮号称“西南”？     ======================== 20161113更新 =================================   2015年《复旦大学医院管理研究所医院排行榜》出炉，泸医继续榜上无名，包括泸医引以为傲的麻醉科。  全国综合排名前100，连接如下： 医院排行榜       全国麻醉科排名前26： 医院排行榜   麻醉科     西南综合排名前20： 医院排行榜       西南大区麻醉科排行榜前10： 医院排行榜       鼎鼎大名的西南医科大学继续榜上无名！！！其中泸医麻醉科继续排名西南前十开外！！！  呵呵，西南医科大学？  ===================================================================   泸医在几个月之内两易其名，可谓前无古人，后无来者；而两次更名都故意步步踩屎，继而被业内大佬左右开弓打得满脸桃花开。但即便这样，也要哭着喊着拼了命也非要傍个有名的大佬当亲戚，其行为犹如凤阳朱重八非要认朱熹为先祖一般，此等吃相如此之难看，行为之无赖，可谓旷古绝今，足已载入史册。     最近一年全国同行开会时，无论院士专家还是入行不久的青年医生，大家茶余饭后的笑料总绕不开泸医更名。公道自在人心，全国各同行对更名中泸医上下的种种行为无不嗤之以鼻，其用语之难听、态度之鄙视，让同为四川人的笔者也为之老脸一红。如今泸医臭名远扬，就不知道当初力主泸医更名的泸医、泸州领导脸红不红？当初煽动学生游行抗议的泸医教师脸红不红？当初网上恶毒叫骂、围攻阿宝甚至诅咒人家“被患者家属砍死”的泸医学子脸红不红？当初豪言“誓死捍卫”并且集结示威的泸医学子脸红不红？如今跑来为泸医强行洗地站台的题主脸红不红？  
军医大学的学长们，再给你们一次机会，你们怎么选？,都在wujiaochangme
最好关注重庆第三军医大学各大附属医院招聘信息的最好方式?,找关系
第四军医大学和985、211等大学相比是哪个档次的？,能进211，进不了985。在211中实力中等
想知道你们对海军知道多少？又有谁了解海军军医大学？,楼上最好不要乱说。 从17级开始新开了影像医学和检验医学专业，合并了菌医和海医。在菌改的大潮下新收学员将会变成有菌籍，这也意味着将来再出几十万买断去地方不太可行，毕竟这只是个临时政策也上不得台面，因此入行需谨慎。 学校高考录取分数大概各省都是超一本线五十多分，教学资源很丰富，七个院士三(四)大附院信息网上都有，学员宿舍四人间有网有空调无淋浴要求搞内务，但菌校生考核标准一样都不少，毕业时无法通过只会没有证，而且菌校里杂事很多，并不能像地方一样自主去投入很多时间学习。毕业都面向基层分配，政策是量化考评积分的“阳光政策”，具体可出门去看贴吧，所以是否要考研是否要狂刷绩点是否要狂刷科研军事荣誉学分自己入学就要考虑清楚。入学以后补助什么都比较多，确实会比较省钱，但是毕业后吉凶难料，所以还是劝报考前三思吧，希望对你有帮助。
在军医大学读研究生是什么体验？,屎一样的学校 屎一样的体验 看看天涯里面队干是怎么对待他们口中亲爱的学员的
大二211军医大学再读，怎样能以重读本科换专业的方式留学德国离开军校？,有病
莹朴这个洗发水好吗？第四军医大学生产的。,好用，我已经用过两瓶。洗完手感很好，头发柔韧度增强
如何看待第三军医大学致信教育部反对“泸州医学院”改名“西南医科大学”？,三姓家奴，都不知道自己根在哪，以前泸医没当创造医学界的神话，但经过不懈努力，三次更名他们肯定是医学界的笑话
这次裁军对军医大学有什么影响？,对第四军医大没什么影响，第二军医大就被取消了
军医大学本科学员该怎么规划自己的未来?,        有钱就买断，到地方大学或者国外读研读博。相同考研分数能上的地方大学，含金量高得多，而且军校研究生学历在部分地方单位只认同为在职研究生；          没钱，那就多找找关系，别觉得丢人，别让理想主义和所谓的清高坑害了自己，人生是一步一步来的，可能一步错步步错。要是实在没关系，找找教导员或者更高级别领导，吃饭聊天送礼，把你能做的都做到；          如果，没有钱也没有关系，全部靠自己，那就破釜沉舟争取保研，即使保研失败也可以挑选一个相对好一点的单位。至于所谓的兴趣，如果你敢于冒险选择分配基层也要上临床，那这个代价可能会很大很大，具体原因不表；           再说下去的话，基本就都是被分到基层的普通青年了。基层和基层也是有差别的，这个差别很多时候就是看领导，包括直接领导和单位的大领导，一个单位的政策、风气等很大程度上是他们在起主导作用。举个例子，简单的基层考研问题，可能有的单位就是一刀切，连报考机会都没有，这种情况下想在临床上还有发展的话，请选择尽早退役吧。至于怎么才能顺利退出，那又是一个扯不完的话题了。          暂时说这么多吧
中医大学毕业入伍，可以分到军医么？,如果你读军医大学，你就绝对想脱离体制了：好男不当兵，好铁不打钉，多问问过来人，各种辛酸其实一句两句话的事
第二军医大学成为海军军医大学，上大，同济怎么看？,估计黄了吧，双一流被pass，二军的资源又没争取上，金校长的候补委员不知道能不能保住……
当兵分到陆军军医大学，怎么样？,比较舒服
被军医大学录取后怎么才能走出来？,如果你一开始既不了解军医大学 也不特别期待军医大学甚至有些不满 那就别去了  因为后面不管过得怎么样 但凡有点不顺利（肯定会有的……） 你都会怪现在的自己
第二军医大学好还是第四军医大学好？听说第三军医大学也不错，我不太懂啊 ？,这个和你平常的成绩，还有你的户口所在地有关。不光要成绩好，军医大学也很少招收外地考生，家里的关系也要跟上让你不在军检和面试里被刷下去。祝你高考顺利！
同济大学 是否即将与 第二军医大学 合并？如何看待？,不可能合并给同济大学，当然合并给上大的可能性更低。  原因 第一，第二军医大学是军队院校，更和海军息息相关，作为全军仅有的海军医学院校即使下放也不会给地方性院校，这是为何上大可能性很低。 第二，同济大学已经有了医学院，且在转化医学方面发展迅速势态良好，没必要纳入一个更大的医科大学，以及药学院、精神卫生、临床等学院，如果合并经费投入如何办？教育部不会给你批那么多，别忘了上海的复旦交大也不一定比合并后的同济需要钱。 第三，最重要的，第二军医大学是军队院校，历史上那么多烂帐（我国军队的贪腐嘛就不要细谈了）没办法处理，如果合并到部位或者地方院校，以前的老账可能被翻。这也是为何第一军医大学独立办学的原因。 最后，不论谁想吃第二军医大学最该考虑的是人员安置，几百号各级别将领如何定岗位绝对是一个你我办不到的事情。何况，军医大学的人来自五湖四海，且风气不同于上海本地人聚集的上大同济，想跟军队的人搞花花肠子？别扯了，任何一个学校的领导都没那本事。  最后：不论上大还是同济，做好自己的事情最重要，学校不会因为合并而实力大增管理改善，学生也不会因为学校合并而在找工作时候被单位高看一眼。做好自己最重要，少发牢骚多做事，自己把实力提升了，母校的名气才会上来。
春风十里不如你中，他们读的是军医大学吗？,协和，和军医大能是一回事吗？没文化真可怕
中国的军校中为什么只有三所军医大学没有津贴？,这个问题我来回答一下，本人是号称三所军医大中的最水的第二军医大学的学生，其实很简单，我们属于预备役军官，是没有军籍的，所以当然没有津贴了，只有伙食补助，每个月750，只能在食堂吃饭使用，像我每个月还剩100在饭卡里都不知怎么办…… 看到上面的答案，多说一点，我不觉得是很奇葩的规定，其实预备军官学员制度是从13年开始的，所谓的入学无军籍，毕业后补军籍其实没几年，12级以前的毕业是不补军龄的，其实军医大一直都处于危机的边缘，确实这两年很有可能撤销，准确说是今年6月份就会出来结果，是去是留。 军医大就我感觉和其他医学院没什么区别，在医疗水平上属于二流（清北复交是一流），军医大也不烧钱啊，每年的奖学金少不说了，还从没发过……
军医大学毕业买断，未来发展是什么样的呢？,考研，像正常人一样生活。
普通二本大学护理学生考军医大如何？,底下医院在划地方，卫生队卫生所在扩编。如果没有能力来总部医院，就等着毕业了下基层吧，闹不好分配山沟沟里面，几年的学习全白费。 学医的博士都有带兵扛枪的了，谁拿研究生当回事。 我家到我这里，即便不算表亲也有三代人在这个队伍了，真想来部队，就干成大牛，让部队请你去。医疗行业的，就考好学校的研究生，来协和，北大，首医这个级别的大医院，等你成了护理圈子响当当的大人物，301，空总，海总，战区总，去哪里都被捧成宝贝。 以上
在第三军医大学读书是种怎样的体验?,写在最前面。还好这个问题关注的人不多，断断续续的更，毕业前写完也权当回忆用吧。 ———————— 7月5日最后更新 推迟了毕业，一直没能更新。这两天争取写完，怕出错误就不放图了。  分割——————  偶然看到这个问题，十分想回答，却又不知从何说起，因为换手机，没图。目前在实习，即将毕业。  从头说起吧。第一年要完成两个转变，军校生都懂不说了。军训当时也就一个月，年轻加上新鲜，抗cao，没事看看护理女兵也就过来了。就是重庆太热了，刚去不习惯，天天醒来就是流鼻血。  回学校来，感觉还是可以的，毕竟新来，什么都新鲜，十一八部一站一社招新，我出去玩了，一个都没去成，后来有幸加入心泉，目前想来，那是一个对我之后几年都影响深远的地方。当时认为大学生活也挺有意思。还记得入学的时候我父母陪我来，家在东北，跑这么远念个书也是不容易，走的时候母亲哭了，我到现在都忘不了那个画面。当时我还笑嘻嘻的说，别哭了，我又不是不回家。第一年寒假当时20天左右，一个往返也就剩两周。第一年免不了高中聚会，同学全都大便样，我是小便样（笑）。唯三的感受，他们头发都变长了，以前的女同学感觉漂亮了很多，他们聊的学校话题我听不懂也插不上嘴。  原因还是有的，军校作息规律，学习体能都要抓；我们的成绩不算绩点，必修课逃不了，选修课也没那么丰富；女生全短发，人也没几个。 暑假基本算没回家，下连当兵之后数学建模，有人去的地方相当于度假旅游了暂且不提，我去的地方，同吃同住同训练，本身身体素质一般，累的跟孙子似的，而且基层很寂寞，这是真的，因为我把带过去的《资本论》看完了。  当时有毕业晚会，加入了心泉帮忙打打下手，认识了要毕业的大五学长，巧的是我们两个来自同一座城市，他说，“怎么还会有人来”。现在快要毕业的我理解了，就业的形式和压力都很大，就像楼上有人说，“亲妈也有亲妈的难处。”学长现在在一个不大的医院过得也还可以。  理论上，第一年适应了差不多了，往后的日子也就习惯了。自由都是相对的，我曾经试过一个月没出过校门，再出去恍如隔世。  第二年换了领导，日子也没怎么变，我是普普通通的学员，不参与官场的任何事物，你说我做，偶尔看着不爽的地方跳出来搅个局，并没有用，没心没肺的两年就过来了。本以为会浑浑噩噩的第三年，改革了。  换了新地方，新领导，新同学。当了骨干，本本分分做事。因为也是习惯了，不该听的不听，不该做的不做，不该说的不说。第三年第四年都是这样，总算顺顺利利的过完了上课的时光。  手机打字累，先到这儿吧，有赞我再慢慢更，体验很多，一次也打不完。  先说一句，我在学校学的不是医，和他们医生的体验是不同的。这也是我匿名的原因。  分割——————  上面啰啰嗦嗦说了很多，其实主要还是自我怀念，同一专业师兄师姐不多，但我这一届基本就是这一专业最后一届了。（因为各种改革，师弟师妹们跟我们已经大不同）下面直接上干货，把大家可能感兴趣，也是本人印象比较深刻的体验做一下回答。  1.军训 这个可能也没什么说的，每个大学都有。不同的地方不过是时间要长一些，动作要求严格一些，我那个时候还只有一个月，后来都变成两个月了。亮点在于两个月中有一次长途拉练，就是背着大背囊走走走走走走，走走走走，遗憾的是我没在军训中体验过，想必也是很有趣的经历。括弧笑。 其实军训时期是十分令人怀念的，那时你没有复杂的背成狗的医学课程和明知道公式也不会计算的理工科课程。大家彼此并不熟悉，没有较多的撕逼和内幕，大多数都是一样的在重庆的高温下烧烤，每天练队列，跑步，吹牛，抢饭，被罚爬楼梯，军姿，蹲着。 但他仍是一段难忘的时光。  2.下连当兵 准确的说，就是全校一年级统招生，去体验下基层队伍的生活，毕竟部队和学校还是有很大差异的。我那年有很多的地方可以选择，当然选择这个词并不准确，应该叫被选择。于是这里就有不同的体验。有每天吹着空调裹着被子躺着的，有每天挖坑填坑打扫没人用也不会有人用仓库的，有全副武装荷枪实弹执勤站岗的，有自己被子都有人叠被当成领导的，有每天蹲在路边无所事事除草的，有每天五公里每周战备偶尔半夜紧急集合的……我很庆幸我去的算是一个很普遍的地方，见识了真正的基层环境，以及看到了那些班长，新兵等等。 当时的带我的那个班长两年前退伍了，现在在做家具。  3.社区实践 就是去重庆主城很多小社区，给居民普及一些高血压糖尿病的常识性问题，给大爷大妈测测血压血糖。客观的说，能做的事情并不多。主要利用这段时间增进同学感情。笑。  4.数学建模 从大一开始搞了三年，我们小组三人成绩稳步上升。从重庆市一等奖到全军二等到全国一等，很感谢数学教研室各位老师的指导。当初也曾受某校花级学姐影响考虑过美赛，时间关系未能参与，略有遗憾。后来专业课较多加上杂七杂八的琐事以及实习原因，也就参与了三年而已。 因为这个比赛，我们三人关系更近了一步。三四天连续奋战，没有睡眠，各种泡面和外卖，真正的同甘共苦。  5.运动会 这个一直是学校大事，每年都要上军报的。 单项没啥好说的，能拿第一的都是真的厉害 ，不服不行。威风锣鼓队，参加过都知道，感觉这两年变成舞旗了？小吃一条街，其实我主要还是在吃串→_→。啦啦操，嘿嘿嘿，我就是专门看护理的姑娘们。虽然自己也做过啦啦操队员。负重五公里集体跑，谁想出来的这么缺德的项目？急救转运项目是某系和某旅的决战项目，其激烈程度和撕逼情况年年不减。啧啧啧╮(╯▽╰)╭  6.医院见习实习 这个因各单位管理不同，体验各有偏差。对于有些人来说，简直不能更加爽快！白天上班学知识下班自由支配。我当时在北京，能high的我基本都high了。回校前一天晚上，跟着痛仰乐队不插电，爽！  7.卫勤演习 这个懂得人自然懂，不经历的人是不会明白什么才是真正的战友。不大的房间地面躺满了人，同吃同住没洗澡水挖沟搭帐篷急行军野战演出以及最后演习。这才是战友。 可惜本专业师弟师妹们不再参与演习。  8.体能考核 上一届开始正式出台的考核。额，个别项目真的想及格还是有点困难的。不过通过一些不可描述的方法，一般自己努努力，及格还是可以的。不过往后只会更加严格，想过还需凭自身实力。况且有个好身体，怎么都是个好事情。  9.心泉 其实我觉得当时的八部一站一社的骨干成员会有与我类似的感受。 这个单拿出来是因为她对我而言有着巨大意义。 在这里我度过了在学校最为迷茫的时期，让我一直坚强的继续前行。在这里我接触认识了众多各个专业的学长学姐学弟学妹同级战友等。在这里我很负责任的说，我在这里遇到的无一例外全是极其出色优秀拥有各样优点在哪里都可以独当一面的人物。 不过现在的心泉，感觉药丸。  10.毕业分配 赶上阳光分配，有了选择余地，也是有利有弊。去年有人发生撕逼大战，今年好了一些。不过坑永远是不变的主题，这里不多说。这段时间也是我刚刚以及正在经历的。体会很深。这段时间内大家的所作所为，你会发现彼此之间的友谊说坚强也坚强，说脆弱也脆弱。不过终究等到一切尘埃落定，不舍是你心中唯一的情感。 我们兄弟姐妹几个人真的是全国各地、天南海北，愿我们都可以好好的！  ————————大概说完的分割线  我不喜欢我的母校，她有些地方做的实在令人寒心。但我感谢我的母校，因为在这里我认识了很多领导老师兄弟朋友战友，认识他们是我这五年来巨大的财富。 毕业离开在即，套用做毕业相册时的话: 『聚是一团火，散是满天星』 『星星之火，可以燎原』 『纵观五载，真情相对；同甘共苦，共同进退；年轻无价，青春无悔！』  （应该不会再更新）。
第三军医大学附属医院医生是哪些学校毕业的？,三个医大居多，北医，协和，华西等也不少
谁知道第二军医大学新生发型要求以及能不能带电脑？,泻药，但我并不是第二军医大学的
部队医院（比如301）里的医生都是从军医大学毕业的吗？,当然啦
如何评价此次军改将第二军医大改名为海军医科大，第三军医大改为陆军医科大，第四军医大改为空军医科大？,挺有意思的：第一军医大学失踪了，第二军医大学已下海了，第三军医大学着陆了，第四军医大学上天了！！！！！
在军医大学就读是怎样的体验？,2017.7.12更新  这个答案到此为止吧 对于对这个地方抱着侥幸心理 觉得自己家有那么一两个人在学校工作  在bd上班就觉得自己可能会怎样怎样的人……我只想说  如果没有很大的权力还是不要趟浑水…几年制都是一个鸟样子……等你来了学校以后发现自己的大部分老师都是非本校毕业，从外面考进来的…自己的领导，特别是一毛二三，大学刚毕业就分到军校当干部，然后被调到机关从事本专业的人，只能呵呵…还有人觉得自己高考考得多好多好……好吧~_~…  最后  也懒得公布今年数据了   宝宝还有新的人生要过  评论不回了  祝大家一切安好  再送大家一句话  天下没有免费的午餐  2017.7.3更新  二医大五年制买断34w 三医大买断不给学位证 四医大一如既往 2017.6.17更新  前不久  三所军医大学已各归海 陆 空 j管 而且从下一届开始 进军医大读书也有军籍 复读生已经可以报考军校了 （有军籍意味着你进来后想走也不容易了 但是待遇什么的会好） 2016.6.21更新  今年二医大买断24w 90多人买断  三医大本科买断23w 50多人  从下一届开始 可能涨到30多甚至50w（考虑到以后待遇变化）四医大每年这个都卡的严 2015.7.6更新 三医大今年分配状况 535人毕业 185人艰苦地区 2015.5.21更新 随着军医类院校（或许还有其他军校）招到的学生数量越来越少，现在招生政策正在改变。放宽了限制，复读生也可以进军校了。而且很多学校出台了相关宣传措施，各种宣传单出现在你住的社区，你所在的学校切记三思而后行。多看看知乎关于军校的帖子，也希望看到的人能多以各种方式转下我这个回答，避免让更多人不加考虑选择这条路。 —————————————————— 2014.10.21更新 最近各学校爆出自杀案件 有人喝洗衣粉 三医大还有保研没成功跳楼的 入行需谨慎 想报的不要忽视网上真么多学长的真心话 否则你丫就是脑残！ …………………………………………………………………… 首先，在这些学校就读，先得明确一点，那就是先军后医。先学服从再学知识。本人的信息暂且保密，注册的号也不是真实的个人信息，具体原因你上了军校就会懂。 先说训练，五公里，单双杠等等基础训练，夏天还有游泳，不同年级还会加不同训练科目，都是要考核的！在军校，某科目不过要补考，再不过你的学位证就危险了。 再说学习，老师普遍负责，而且国家配备的老师都是教授级人物，自己得在平时努力学习。但是在军校，心无旁鹜的学习不是一件容易事，你会被各种各样的小事，例如公差，被迫参加各种会议活动而打扰，并且除正课时间和训练时间外，你的自主学习时间都很少，如果不对零散时间加以好好利用，期末就准备挂吧。。。学习在军医大学是第一位！！与你最后能否保研考研密切相关。如果你学习差，毕业分配很有可能被分到边缘地区，俗称新西兰。只有学习很好很好的人才有机会保研考研，请注意是有机会。而且只能上自己学校的研究生。诸如此类的坑爹政策等你进了学校会了解很多。总之要好好学习。 再说说校园生活，基本感觉就是忙碌和枯燥。校园里有一些活动要去积极参加，得名次会成为你日后分配还有保研的筹码，特别是国家级和军队级，校级以下的比赛喜欢就去玩玩。前提是学习要保证，不要本末倒置！！这点很重要！ 然后，人际关系。重要性不多说，在军校你会看不惯很多东西，开始你会抱怨很多东西。但要记住，最后获胜的是积极适应生活的人，不是抱怨的人！  最后，希望所有志愿学医的人，能报地方大学还是不要来军医大学，原因有很多，难以一一枚举。在报志愿前一定要前往各军医大学贴吧了解清楚再报，否则没有后悔药吃。
医学考研：目标院校重庆医科大学 第三军医大学 四川大学？,你们说，要是重庆医科大学和第三医科大学都合并进了重庆大学，会有什么后果？两个学校各有校址，只好独立办学，于是重庆大学成为了全国唯一一所拥有两个医学部的985高校。然后两个医学部都有一段傲人的历史想要纪念，纷纷要求按照行业惯例，在名称中有所体现。于是两个医学部分别是重庆大学重庆医学部和重庆大学第三医学部……好了，折叠吧。
本人在军医大学读书 想问问考上研的难度有多大？ 比例大概多少？,第三军医大学应届考研复试名单在此，供你参考。  http://www.  tmmu.edu.cn/zsjy/nr.asp  x?id=05e642ac-440b-41c6-bb7b-dbbc7fa1690b      
军医大学学生毕业后在部队最初几年的工作历程是怎样的？,分到基层的都是去卫生队，也有先短时间在连队里锻炼的，不是排长，只是参与军事训练。在卫生队基本是看日常感冒还有处理小伤等，疑难重病都会及时转往当地军医院，需要卫生队人员送出去。军医大毕业服从分配，一般都是从事军医工作，本科毕业很少能去医院，大多去基层，三年后可考研，具体转业也不是很容易。
第三军医大学上学的学生能在寒暑假出国吗？,退役之后一年内也不能出去
20岁上大学，学医，25岁毕业还可以考军队医学院校的研究生吗，入伍的那一种，比如第四军医大学难度大吗？,裁军30万中就包括把各个军医大学划归地方。。。。。
应该去读军医大学吗？, 8年？那是行政的，技术的要12年  能否考研看领导心情，考研考博成功5年内不许变动，中级高级职称各自延长4年  就算憋12年出来了你觉得你剩的那点知识还够再考研吗？或者说打算30岁从住院医干起？  最后也是最重要的一点，“五年制毕业面向师以下部队分配” 
在第三军医大学的日常是什么？,墙外的人想进来，墙内的人想出去。
想学医，有担心经济问题，不知道报军医大学会不会好些，但是有担心毕业分配，好纠结啊？,如果不是真的穷到一定程度，最好不要报，具体为何不能说，表示不想泄密。
读军医大学是一种怎么样的体验？,要记住，共产党的便宜不要占，到时候哭都让你哭不出来。  军校唯一一个好处是读书免费，但你花了党的钱得为党办事啊，到时候毕业分配呢，你有关系分到一个好点的单位，而不是一个旮旯里？？  论医学实力，同梯队的其他医学院比军医好不少吧？而且在其他医学院读书你好歹是个自由身不是？以后毕业了去工作或者考研考博毫无限制。千金难买自由身啊，哥们。  在军医大学想考研翻身？行啊，三年内不准考研，老老实实在分配单位呆三年。三年后只能考军校的研究生，而且名额极为有限。你青春有几个三年？你知道三年后在基层这种环境下你会变成什么样了？还有没有心思和精力去考研？  想脱离部队关系，行啊，大学五年花的钱，二倍奉还（现在是三倍还是四倍？），还得找关系，我一军校的朋友托关系前后加起来花了将近四十万终于赎了个自由身。他读大学时本来年龄偏大，又耗了两年，现在28岁才上研一。每当说起此事，肠子都悔青。他还算幸运，跳出坑了，他的朋友大部分还在坑里悔着呢。  你要是部位大院出来的，那蛮好，自己争气点，家里帮你打点打点，可能顺风顺水。在部队环境下，个人努力往往所起作用较少，变数太多，除非你极为突出。但你要真有这么才能与努力，想必也是人中龙凤，在其他医学院混，前途不可限量，自己的命运完全在可控范围内。而且有这个分数，上同梯队的其他有名医学院校绰绰有余。  而且你若真有机会往上走，军医大考研考博也是个大难关，明的暗的竞争远较其他院校激烈。诸不知前段时间301医院考研招生时，专门降分到280多分（国家线300分），只为了专门招某个没上线的领导小孩，最终闹的其他考研落榜生集体写信举报？结果呢，重新面试还不是照样招280分的那个学生？其他落榜的呢，给你们个名额去垃圾科室，你去不去？不去就滚蛋。  要是家庭有困难，那也别想沾共产党的便宜啊。五年下来，贷款，搞搞奖学金助学金，省着点用，再辛苦点弄点兼职，还是能撑过去的。  当然了，你要有伟大又坚定的报国理想，或者家里能有这层关系，或者本身也足够优秀，那军医校欢迎你。只是到时候就算后悔了，也别叽歪抱怨，自己种的果自己去啃，酸甜苦辣，忍着。  哦，忘了说了，部队院校出来的有个好处，个个身体素质不错，学习也相对蛮用功。毕竟，每个星期早上或晚上去跑操和集训，也容不得你太堕落的。你若喜欢，倒是不错的选择。  一一一一一  评论区有些人不要太诛心，在那阿巴阿巴的叽叽歪歪。报军校的大多数人都是农村娃，填志愿时父母还有周边人眼界有限，不能给予什么建设性指导，加上自己本身刚高中毕业，懵懵懂懂的，往往稀里糊涂想入坑，绝大部分到后面毕业时都是欲哭无泪。你要有军医大毕业的朋友，那就去问问毕业几年后的学生有多大比例是悔青了肠子的？你确定单靠你一人之力能成为那少数一部分幸运儿？我在这里给他们说说一个大环境如何，让他们心里有个底，慎重而为，哪来他们说的黑军人带情绪这些屁事？你们不知道别人现在填志愿是很关键的时候吗？填的不好，很大一部分人后面的人生都可以改变吗？  还有更搞笑的，基层锻炼三年，有了临床基础再考研也是挺好的？还有以为一个军医校的本科生是个香饽饽的？还有以为基层干15年的临床经验能比读15年书强的？我估且认为你不是这行的，是真不懂，而不是坏。  你不知道医生本科毕业找不到像样的工作吗？很多农村的孩子辛辛苦苦读书从农村走出来，考的这么好不就是为了以后生活能好点？难不成又重新回农村去？还有不知道学医五年之后还有三年吗，三年之后又有三年吗？你还想让别人中间再加个三年，到基层去学临床经验？你开什么玩笑？你看到学习有到基层单位去学习的吗？难不成三年三年又三年后等到三四十了都不要担家是吧？还有说什么15年临床经验，你是眼界短还是脑子不灵光？读十五年书，短期内可能临床经验欠缺点，但有了个好平台，三五年内就可以秒杀你一个基层的医生好不？更何况现在虽说是读研读博，不知道读研读博很大一部分都是在医院上班吗？很多人毕业后临床基本功就已经蛮扎实了。去做个基层医生绰绰有余。（要是有人理解为黑基层医生的，那也只能说明你语文老师没把你教好。你可以回炉从小学开始念起，我资助你六年的语文教材。）  还有些鸟人和我扯情怀的？对待这些为国为民的部队军队警察，个人深知其中辛酸，也一向怀尊敬之心。自愧没有这份勇气和牺牲之情，但也不会把自己不愿不想的这种苦差事忽悠其他懵懵懂懂的少年去做。只希望能去做这些事的人也都是明白自己以后面对的是什么，为理想情怀也好，为升官发财也罢，心甘情愿，切莫后悔就是。  因此借用马亲王微博的两句话送给诸位键盘侠:   想必单纯和我扯情怀的诸君是康有为之辈吧？？？？？
报考军医大学的博士以后能留部队么？,你想走都难！
请各位学医的朋友解答一下第三军医大学的临床医疗通科医师就业前景怎么样？,你这分数上不了
急求问，男友军医大学(21大)的，体能测试如果没过会怎么样？买断的话有毕业证学位证么？怎样能拿到证书？,应届毕业的来凑个热闹说两句。。 学校会各种想方设法让你过，大三五公里没过大五有个补考，6月10号再不过6月24号还有补考。该耍点小聪明就耍，上面都已经通融好了，但这个形式还是必须要走的——最起码这届也还是这样，包括射击都喂了我们每个人几十发子弹，当然以后改革结束就不好说了。如果真的是实在怎么也过不了的那3%，官方说法是一年以后回来补考拿证，当然也可以攰是吧。。
考第三军医大学的难度？,不知谁邀的我……我是四医大的…… 不过不管那个军医大学 女生要求都很高 以五年临床为例 每个省也就一两个名额 你说多少分这个各省情况不同名额又少不太好估计 总之往高分考肯定没错 军检要求网上可查 不赘述 走提前批 没报上也没关系～加油 以上
第二军医大学本科录取是否看文科会考成绩（北京地区）？,不看。 最好别考。军医不适合高分人群从事。
非军医类医学院本科毕业生能报考军医大学相关专业研究生吗？,现在越来越严了，以前还是可以的。。。
检验专业考第四军医大学研究生有希望么？,肯定有希望啊，但如果是冲着衣服去的，现在确实不招了。
考军医大学有什么好的地方？需要什么条件？, 千万不要考 ，如果你看到这个回答的时候已经报了军医大学，不要去参加体检，相信以你能够被军医大学录取的分数完全可以上一个好大学。 我不希望我和我同学的悲剧在你身上重演
论一个女生在重庆第三军医大学读书是怎样的体验？,除了学医还要学习军事技能
如何看待三所军医大学2016年本科毕业只有第四军医大学不让按入学时的合约交钱买断脱军装回家？,让买断的还有点人性，四医大秉承了部队的优良传统和作风:毫无人性
为什么没有第一军医大学？,有，在广州，已更名为南方医科大学。   南方医科大学首页   
请问现在第四军医大学口腔医院正畸和华西口腔正畸费用？,我也是大学生，在这上学，所以我在第四军医大做的，不到半年，花了快一万五。建议你先去挂个号让医生看看再决定。
军医大学里有没有兽医相关专业及研究生招生？,有  以前有个中国人民解放军兽医大学  后来并入吉林大学了 现在有军事医学院军事兽医研究所  在长春 以及  千万不要考这鸟地方不然你得后悔一辈子哟
如何评价第四军医大学？,恶心
对于中国第二、第三、第四军医大硕士研究生考试，想报考的大学本科生，①如何选择资料书？②那些资料书比较好？,没人回答，我来说说我的经历吧。题主应该是地方生吧。1.部队医学院校研究生考试也是全国统考的（临床，检验，影像是这样，药学，预防什么的不太了解），参考书就是 课本加 老贺的那几本。2.想入军籍分数要高，女生要更高。男生340以上比较保险。3.准备时间，我是大四3月开始准备的。太早了意义不大。/// 关于资料书，英语单词我用的是新东方乱序版，真题也是新东方的。政治肖秀荣的不错，跟着他的书做就行了，最后的押题各家的都买本确保万无一失。
重庆第三大学军医附属医院，看肿瘤科来说。新桥好一点，还是西南好一点。医生护士的态度怎么样？？,白癜风怎么治疗。
报第二军医大学对眼睛有要求吗？,裸眼视力4.5及以上，可以手术做好。我也想报，感觉分数不够哈哈哈哈哈哈
军医大的大神，本一批次可以报考军医大学吗？,军医大学好像都是提前批，至于哪个学校好，这个每个人有不同看法，不好就此评论
军医大学毕业，分到青海某部队卫生员，出来的几率大吗？要怎么做？,考研啊，或者直接退伍
第四军医大学生物医学工程有研究生吗？,当然是有的，主要分为图像处理，生物雷达，卫生装备，电阻抗成像四个研究方向
第四军医大学在山东2016年的招生分数？,最高681，最低617
第四军医大学肿瘤专业研究生复试专业课考哪几门课呢?,直接去问导师，其实考试就是个形式，初试过了都能上
2012级第二军医大学毕业可以买断吗？,不知道，可以肯定的是，学长走的多了你们就走不了了，现在基层已经不让走了，因为没人来了
普通二本考第四军医大学研究生如何？,可以考，但是只能考计划外的
军医大学到底有多少存在的必要性？,可以裁了，坑了多少优质青年
关于读重庆第三军医大学？,参照军队院校的报考要求
我2017年考入第二军医大学药学专业，不知道未来发展如何？,赶紧复读 你想要一辈子发大白片，永无出头之日吗
是不是军医大学毕业的医生医术比普通医科大学毕业的高？,你想多了，军医有一大推杂七八拉的课，医学专业课学习的时间比地方大学少很多，还想医术更好？别做梦了
报考军医大学的利弊？,现在哪有什么分配的
我今年高考分数可上到武汉大学，中山大学，但家里人叫我读第三军医大学，我现在很纠结，望前辈指点迷津？,绝对不要去三军大！具体你可以搜一下知乎的各种军医大的生活，毕业把你扔到一个鸟不拉屎的山沟沟拔草养猪挖战壕，你就知道什么叫欲哭无泪。听哥的，朝中无人莫入军营，这两985学校出来的学生只要不蠢以后生活绝对会过得很滋润，别傻傻地去军医大把自己限制在一个乡村诊所一样的地方天天被人骂兽医。
在第四军医大学（FMMU）就读是一种怎样的体验？,谢邀    军事医学的殿堂，人民军医的摇篮。  前面例行先吹一下。 你要忍受军校的苦。 早上六点起床，每夜凌晨才睡。 内务被子要叠，课余体能要练。 公差勤务繁多，学习时间无几。 专业课程沉重，战术游泳全能。 你要做好什么苦都能吃，什么坎都能过的决心和信心。   学术水平以及教学的水平，我不得不吹一下。用心真的可以学到东西。学校里的几个院士，都会给本科生代课，收益良多。讲座论坛每日都有，学术环境自由进步。依托附属医院，临床教学也是我实习过几个医院里面最好的。接触过的老师从医德医风还是理论知识，都可以诠释人民军医这个神圣的名称。   你如果立志学医而且想在医学领域中有一番作为。作为过来人，我不推荐来这里。因为军校的限制，这里出路太少，路子太窄。当然你如果立志报效祖国，只求衣食无忧，或者能力出众，关系强硬！学长欢迎你！ 
第四军医大学心理学考研属于AorB类，具体有哪方面的要求，如何准备？,谢邀~！ 第四军医大学在西安，陕西地区属于A类，像内蒙古、广西、海南、贵州、云南、西藏、甘肃、青海、宁夏、新疆这些地区是B类地区。 分析17年最新招简如下：（学硕是统考专硕是自命题~！）   
有关第四军医大学，是不是军医大管理非常严，不让上网，不让用手机？,没那么夸张
军医大学学生怎么脱坑？,不脱军装，应届上研读博是唯一办法，而且不一定能脱坑，基层拔草博士也不少。（等分配之后再读研，读完基本继续回坑。）  脱军装，分为退学，买断，毕业之后复员，干满年限之后转业自主，这几种。
女朋友读军医大学，毕业后被分配到乌鲁木齐，有军籍有军衔，怎么才能出来？,我觉得你还是想想自己的下一任在哪比较靠谱
上海第二军医大学里面是封闭式的吗？,外人可以随意进出，但你不可以随便外出。
大一学生如何进入第二军医大学?,大摇大摆走进去
哪所军医大学好？,你想拔草吗 没有哪一所好
2017年，我考上了中国人民解放军海军军医大学？,被别人的回答邀撕了。 不想对撕，然而出于礼貌还是回应一下。 部队大院里长大，爹妈并不支持去指挥院校，来自东部某高考大省，高三那年过一本100多分，推掉所谓的直荐，抱着对医科和军校共同的执念来了这里，若干年。 然而第一反应和第一发现都是失望。 我在失望，周围的人也在失望，相信邀撕的某学长字里行间各种愤怒和针锋相对的MMP也是来自于对自己的选择和周围环境的极度失望。 同道中人。其实大可建个群留给大家共同吐槽发泄放松一下之后转身继续自己不得不完成的努力。 无论是抱着成为军人还是成为医生的想法来到这里的人感受到的都是三个字，没出路。我们无非都是带着自己的目标来到了一个不太恰当的地方。不同的只不过是我们的目标不同，仅此而已。 所以何必动不动找人对撕呢，同病相怜。 澄清一点，作风一词在军语中的解释是军人在思想、工作和生活等态度或行为风格。与原文略有出入，大致意思如上。并不意味着公差勤务多，周末限制外出等等就叫作风硬朗，公差勤务绕不开，哪里都有，多少是看队干有没有作死，周末限制外出到哪个部队都是一样的，可能邀撕的学长不太喜欢这样而已，但是对军人的职业而言无论学习哪个专业，生活作风，管理作风，训练作风都是起码的要求，不仅指挥院校如此，其他技术院校同样如此，不过稍微跑几步就吆喝要变成培养指挥学员，变成跑步大学这个是有点过分了不敢苟同;也未必重视管理与训练要和不重视本科生教育划等号，毕竟如此水管理水训练的环境下，过来人一定都没忘了一到上课自动睡倒的那些兄弟们  ♂️，学习还是自己的事。对于一心想成为一名医生而来到军校的人不愿意接受这些东西完全可以理解，人各有志。 暂时想到这些，也祝愿所有海陆空走出来和以后要离开的兄弟战友们不管去到哪里，都能拼出一个美好的前程。 以下为原答案。  ---------------------------------------------- 你的学长一枚。 平心而论并不知道现在的海军军医大学曾经的第二军医大学以后变成什么样子，更好，或者更坏 作为一个军校，二*大无疑是一个垃圾，原谅我用这样的名词代称自己的学校，但是在以后的日子里，水管理，水训练可能会成为你以后的生活，时时刻刻让你怀疑自己是不是真的在一所部队院校里就读。 然而话说回来，七位两院院士，全国排名前十的临床医学专业，护理专业，药学专业等等，外加目前的海军医学研究所，现在的海医大在学术成就上是有底气的。 然而让我自己来说，对我而言选择这里是一个十足的错误。 二军大会慢慢让你感到一种绝望。没有其他兄弟院校大气的校园氛围，缺乏军事化的气息，缺乏作为军人的自我定位，在堵上了你的医学路之后又让你觉得军旅之路也几乎无望。 所以给你的第一个建议是，在你进入学校之前，想清楚自己为什么而来。 为成为一名军人？还是为成为一名医生？ 如果你想像你的大多数学长学姐那样实现一个医学梦，那么很遗憾告诉你，这个概率小之又小。极低的上研比例，让二军大若干年来被自己的学生诟病，但同时也让二军大的学术研究始终由严格筛选下来的精英操作。 如果认定了你的医学梦，两条路可以走，第一，退学复读，考一个地方医科，二军大考研独木桥上落水的人多少可以碾压考取大协和同济交大的同届生。第二，从入学的那一天开始，做好忍受寂寞，把所有的精力投入学习的准备，这可不是一个高三备战，你的努力，要做五年。 当然，也假定你为了成为一名军人，一名优秀的军医而来。那么首先明白，军医的本职就并不是为了留在医院里，成为吴孟超曹雪涛王红阳这样的人，你的位置就是在基层部队，你和学习机械，电子，通讯，指挥的其他军校学员没有什么不同，你们都只是军队序列的一个组成部分。你已经毕业的学长们有一个通病，在基层的养老院抱怨无处施展自己的才华，在基层最贴近实战的一线单位又抱怨工作的苦和累，对此不想评价什么。但仍然，你可能面对各种冷嘲热讽，面对前面若干届学长的洗脑和所谓的保研经验的诱惑，但是认清自己的身份。 你们是幸运的一届，拥有军籍，有新的专业，有新的人才培养方案，有更严格的毕业考核制度，赶上改革的大好时机，我和你们一样希望，这里有一个翻天覆地的变化，告别那种糜烂的状态，告别那种半死不活的生活作风，建立起一个军队院校应有的责任感和荣誉感。 马上要开学了，愿你未来五年里，不忘初心，走好自己的路。
想在重庆沙坪坝第三军医大学附近租房，房费大概会是多少？在哪能找到比较多的房源？求建议，谢谢！,我觉得网上的还是可以参考下，最好实际看下环境再做决定，还有你说的是老校区还是新校区？
本科临床医学生，想考研军医大学，有什么建议？,哇塞 你好 我过来打个招呼 温州医科大学口腔医学专业大一在读
医学生想参军 考研可以考军医大学吗？或者什么时候参军比较合适?,我回答问题回答够了！你们不要邀请我了…
军医大学就业问题？,至少不用自己找工作，地方医科大学毕业生就算博士毕业也得自己找工作
第二军医大学临床药学研究生好考吗？,还好，最好能联系下 导师。
上海大学与第二军医大学合并后，排名会上升多少？,就算合并还是国内二，三流高校。 诸位同学多数是高中和高考的失败者，在某些人眼里你们撑死也不过是崆峒，峨嵋，华山，跟少林，武当的弟子没法比。幸好大学的学习内容和方法跟中学完全不同，光靠强记硬背不管用。哪怕高考高几十分，也不能保证基础课上完后再考一次还能高几十分。记住在功利社会读书不是目的而是手段。 有能力的同学请不要在乎过去跟差生同流合污，人要看将来，努力修为自身，争取毕业后若干年后超越那些少林，武当弟子。过了半衰期真金白银才会露底。 最后要说如果是书读头若想在学术上有建树一定要去国外镀金。
考军医大学以后生活是怎样的，以后工作如何，考研怎么办，是不是很困难。？,没读过军医大学，抱歉了
军医大可以像普通大学一样随便进去玩吗？,不知题主想去哪所，三所规定都不一样的 
开学高二了，想考第二军医大学八年制，这个和五年制比起来怎么样啊，收分高吗？,八年制比五年制好不少，但是分也高，而且八年制很累
2011年军医大学临床专业毕业，部队基层服役5年，今年复员，年龄29岁，未来如何规划职业？,考研吧，你的学历本科，在医科里面太低只算起步，基层工作经验对你的加分不多，因为行内人一般都知道基层军医从事些什么工作的，要进大医院一般不受待见的。 还是考研最实在。 毕业出来32岁，还算年轻的，二甲以上的医院都很有机会的。 本来想建议你在职读研的，不过听说去年开始就不再允许在职读了。
高校新生去当义务兵第二年考军校的时候可以考军医大学吗？,可以，但不推荐
请问去年在第三军医大学开展的气管干细胞移植效果怎么样，不是骗人的吧？,根本没这回事。
华科同济医学院公卫本科生考第四军医大学预防研究生如何？（问题特别宽泛因为还不是很了解）?,军医大学开始缩招了。今年听说一个哈医400+的预防生考四军医没考上。最好打听清楚吧。 同济公卫的牌子在那儿，很好奇为啥要对四军医考。
有没有军医大学的学长学姐出国读研的。？,有，自费公费都有。
研究生读军医大学怎么样？可以近视吗？,研究生上军医大学近视不是大问题，学校的研究生分入伍和不入伍两种，入伍就得达到标准，但只要不是太严重都不是什么大问题的
23岁第四军医大学学员，面临下部队基层该何去何从？,05年入第二军医大学读书，整个五年木有好好学习，应届考研没有考上（10年我们学校348应届线，我339）。 毕业分配到太行山里，开始自己的觉醒，是我吃完午饭，听到战士们在那里嘀咕：“又来了一个胖军医。”（当时我们实习两年，毕业的时候体重飚到190，本人身高178）晚上熄灯后，躺在床上回想在校的五年，觉得再这么下去，一辈子就这样了。第二天开始，以减肥为首要目的，每天只吃早饭，晚上工作结束，背个沙袋在山里跑5㎞。三个月，减到150斤。 毕业后第二年，在繁重的工作任务之余，复习考试，459.5分通过执业医师考试。考前还参加本单位的比武，获得第二名，考完试，马不停蹄的赶到上级机关，参加比武，最终第三名。 12年年初，参加硕士考试，总分375。现在西京医院读书，去年硕博连读。 不是在炫耀我怎么样，我想告诉你，不要再迷茫无措，人都是要经历才会成长，我想你周围肯定也有这样的同学，他们从入校那天起，就定好了自己的目标，我要考研。于是五年的时间，都在努力的学习，刻苦的读书。最终的结果我想也不会差。 不要再纠结我要不要考研，要我讲，这是唯一能让你通过自己的努力来改变命运的方式，如果有一天，你去了基层，到时候想考，难度会非常大！ 祝好！
第二军医大学和天津医科大学应用心理专硕的参考书单和考试题型是什么？, 1．《普通心理学》，彭聃龄，北京师范大学出版社。【第四版】  2．《发展心理学》（第二版），林崇德，人民教育出版社2009。【以此书为主】  3．《社会心理学》（第三版），侯玉波，北京大学出版社2013。  4．《实验心理学》，郭秀艳 著，杨治良 审校，人民教育出版社2009。  5．《现代心理与教育统计学》（第四版），张厚粲、徐建平著，北京师范大学出版社2009。  6．《心理与教育测量》（第三版），郑日昌、吴九君，人民教育出版社。  7．《变态心理学》，钱铭怡主编，北京大学出版社2006。  8．《心理咨询与治疗》，钱铭怡，北京大学出版社1994。  《临床心理学》，王登峰，人民教育出版社2008。  9．《人格心理学》，美Jerry M.Burger著；陈会昌[等]，中国轻工业出版社（第八版）。【讲义为主】  10．《现代管理心理学》（第四版），程正方，北京师范大学出版社2009。  【补充】  《心理学与生活》（16版），格里格·津巴多著，王垒、王甦等 译，人民邮电出版社。  �vI����� 走这个大纲版，对了，你是要考医类大学的研究生吗?不知道你的本科是学的什么，这样的学校可能会有点限制 
可以告诉我，有一个军医大学的男友是不是很惨？目前我俩都大三，高中之后开始在一起。可以给我些建议吗？,没事的，毕业之后更惨
现在是医科大学大二学生，想去当兵考军医。请问大神们会有哪些程序？,题主心目中的“军医”应该是“在军队医院工作的医生”吧，如果是这样，建议你本科毕业后考军医大学的研究生，在研究生阶段可以入伍，从“在军医大上学的地方生”变成“军医大的军校生”，这样你研究生毕业后可以分到和医学有关的单位，比如医院，研究所，疗养院等等。如果继续读博，毕业后的分配就更好。 如果你现在去当兵，至少要再耽误两年时间，即使你们单位有名额，又让你摊上了，你又考上了，你上的专业也只能是“全科”（男）或者是“护理”（女），而不是你想要的临床（我们学校是这样）。全科要培养的是那种社区医生，分配单位在边海防，完全不是你心目中的那种大医院的医生。 手机码字，认真答，希望可以帮助到你。 点个赞呗～
如何看待首都医科大学并入北航，第二军医大学并入上大？,没看到文件之前都是无中生有。不信谣，不传谣。
如果高考成绩能达到，选上海第二军医大学or中山大学医学院or香港中文大学深圳校区？, 您好，在广东周边4个省港中深和中大医学分数都远高于上海第二军医吧。。？ 
军医大学本科毕业分配？,私聊
第四军医大学将来会改成国防医科大学吗？,改成人类医科大学吧
军医大学里女生的日常（学习训练等等）？,你先考虑清楚。读军医大，是读军校。先不说大学是军事化管理这些小苦，军校毕业是要服从分配的，军医分配尤其差，很容易被分配到边远艰苦地区的基层单位。这是大苦。  并且一旦分配进入工作，你就是国家的人了。不想干了辞职走人？对不起部队不兴这一套。军医原则上要干满20年才能正常离开部队。  你想毕业进大城市医院或者科研院所？或者分配之后干几年再调进去？对不起，可能性很小。你家里没有副军职以上的近亲的话，就算你有钱也不一定能办成。  何况我国的基层单位，各种事，各种苦逼。只有经历过才知道。  你既然想学医，不妨报考地方医学院。就算高考发挥失常，读个一般的本科也行，毕业再努力考名校研究生就是了。医学本来学历要求就高，要做好长期学习的准备。  但是随便怎样，如果你抱着一颗当医生的心态的话，绝对不要报军医大（包括同样服从分配的地方医学院国防生）。
在第二军医大学（SMMU ）就读是一种怎样的体验？,谢邀。 在高考前自己孤陋寡闻，的确没听说过这个大学，也对军校没有什么认知，阴差阳错就来到了这个学校，过程就不提了。在二军大上学呢，的确感觉和听我同学们说的大学生活不太一样。首先，毕竟是军校，有很多和地方上不同的规定，相对而言自由会少一点，而且会有很多杂七杂八的事情要做，美其名曰公差，这也是大家经常抱怨的事情，尤其在休息日或者临近期末，还有就是很多各种各样的检查，也是让大家非常苦恼的，有时大家的反应都还是很负能量的。大家在一起谈天说地，吹吹牛皮，都会提及到自己以前高中同学谁谁谁很学霸啦，谁谁谁又出国啦，谁谁谁又去哪旅游啦，谁谁谁的桃花运呀，还是有点羡慕的，还就就是各种对自己现在生活的调侃呀，吐槽呀。在二军大上学这几年，在学校里也听闻或者见过不少很牛的人物，也认识了许多性格各异的同学。现在分配形势不像以前了，所以很多怀着一颗能够毕业读研规培然后在军队医院工作梦想的人来这之后感受到了现实的并不是那么顺利吧，但是很多人还是在坚持着，努力着（很遗憾我不是其中一员），每个人都有自己的算盘吧。大学在二军大这几年，我经历了许许多多我以前自己都没有想过的事情，经历很多，酸甜苦辣，有的熬一熬也过去了，快乐也会在心中留下美好的印记，丰富自己的阅历，大学嘛，就是丰富自己经验的地方。当然，还有很重要的就是一帮子和自己交好的兄弟们，一笔宝贵的精神财富，其实用财富评价友谊很不好，友谊比这崇高多了。几年学学上下来，我感觉我的收获不少，印象比较深的就是很多很不情愿做或者不想做的事情，虽然心里一直在咒骂抱怨，但是还是都多多少少干了，过去了就过去了，再一个就是身体上的锻炼一直没有停下，虽然没练出腹肌：（。 看见这个问题，脑子乱得很，也说不清楚到底体验了什么，或许，对坐着来上几杯，就能想起来咯。   最后  最后的最后，真的不推荐大家首选。
军医大学毕业生怎么能进部队医院？,工资高，单位舒服，得有大关系。
军校退学 (军医大学 预备役 无军籍) 考入地方大学毕业后工作会不会受限制？,14年31大退学，觉得重获自由是个明智的选择。
第三军医大学今年什么时候考研啊？跟统一考研时间不一样吗？⊙_⊙?,我不知道～本科在读，但不建议考它的研…有能力就去更专业更尊重医术的高等医学院校吧…来了的觉得不舒服，不值得    匿啦
军医大学五年制本科毕业后考研能否考地方院校。？,离开体制，随便考
大学如果读第四第二军医大之类的，之后出国方便吗，是否必须要进入军队。?,当然不便，需要向上级报备。军医还会被派到非洲这些地方援助，一般不到一年，回来后你就彻底残掉了
军医大学本科毕业分配单位类型有哪些？优劣拍个序呗?,头一次被人邀请回答问题，诚恐。 原则上，本科毕业都要去师一级以下单位的。 所以，咱就不谈原则上的事了，毕业分配是个各显神通的事，能上天也能入地狱，但汝之天堂，或许是彼之地狱，每个人的评价标准不一，好坏自然也是各异。 单位包括： 1，总部，别以为你学医，司政后装都有可能的。我知道的就有到总参、总政、总后的。没去过，里面是啥情况不太了解。但一般来说，这些单位都已经脱离临床了，走的是行政路线。行政嘛，就得有位子，总部一级的庙大，舞台有的是，看你能翻多大浪了。各种资源你有没有，会不会合理利用。没有资源，那就当个壮劳力，工作量会很饱满，接触的人事可能就是你以后的资源。如果这些你不考虑，单就军人职业来说，在这些单位，一般可以保证到团职以上的，提前转业风险小。缺点，人情世故，眼力劲是必备技能，没有的话，会不会不适。 2，军医大学附属医院，这单位你应该懂，如果你想做临床，搞科研，毫无疑问，基本是最好的去处了。缺点，工作压力大，医教研都得拿得出手，否则仍然可能提前脱军装，如果不介意穿不穿军装，就没啥缺点了。至于医疗行业普遍存在的缺点，我就不说了，毕竟当医生在现下的环境里生存状态就如此，没有谁能改变。另外，这些医院，子弟众多，近亲繁殖现象普遍，如果没有背景，你得付出更多的努力，但，不一定有效果。临床好说，附属医院主要还是拼科研，科研如今都是包工头的天下，如何跨过这个门槛形成良性循环很关键。你能想象科室主任没有课题，不能带研究生，然后拿不出科研成果，无法提升职称，学界名望等困扰吗，现实就有这样的例子。江湖水深，学术界也是江湖。如果不追求这些，在附属医院似乎没啥意思了，在哪里不是当医生，也就是成不成腕的区别。除开名望职称，收入高这是事实，然而和付出成不成比例难说。 3，军医大学基础部，医学研究，比附属医院工作量小，相对也轻松，但收入也少一些。主要面临职称，课题的问题。有科研天赋的人适合，有不少人还和临床医生合作共赢，承接科研外包，解决了科研课题和收入来源问题，SCI论文价格在那放着。 4，军医大学，行政，初始当队干，小干事，参谋等，一步步往上爬。随时都可能转业。本科阶段和这些人天天打交道，你应该了解，不多说。 5，研究院所，如空军医学研究所，海军医学研究所等。主要也是做科研，但听说官僚主义氛围浓，关系户多，干活的没几个。 6，总院，301，空总，海总等。好处在北京，相当于太医院，可能会接触到高层官僚。论医教研，301和军医大学附属医院难分仲伯，但可以通天的优势有时加分不少，比如让你转业，你要有人直接一个电话就搞定了。  7，中心医院 8，，疗养院 9，体检队 10，军校校直门诊 11，干休所  11，军区门诊部 12，军区联勤部，卫生部处等 13，各大单位卫生部门  13，训练基地 14，师医院 15，团卫生队 16，营卫生所 17，一线部队航医，海医 。。。。。。 目前想到这么多，具体的内容再说
军医大学毕业之后到底应该怎么走？,还是要先争取读研，如果实在不行毕业买断然后回家好好复习准备下一年的考研，考一所地方大学。既然选择学医，学历肯定是必须的，现在的当医生本科肯定远远不够。你学长和你说的没错就是这样的形势，一旦你进到这个体制里可以操控的东西就太少了，慢慢的你可能就接受这样的生活了，这样最可怕！所以要么留在本校继续读研然后直博，不过难度很大而且有些JY院校只能读基础，不过不管怎么说，博士毕业的分配肯定会比本科好。要么就买断，重新选择。 祝好运
如何看待第三军医大学抗议泸州医学院改名西南医科大学失败？,因为现在一边倒的舆论都是站在感情和主观的角度指责泸医，实际上泸医的行为是完全合法的。  三医大西南医院要获胜，到教育部告状没用，必须要中央军委向四川省政府施压，由四川省政府再次提起更名申请才行。  另外，这次原泸医的再改名是由“四川医科大学”改为“西南医科大学”，如果教育部撤销改“西南”的审批，原泸医依然是“四川医科大学”。
怎么看待上海第二军医大学或者说军校，有什么特殊之处？,快被裁了
第四军医大学口腔医院看病经历？,今天刚去了医院。  口腔正畸  不知道为什么国庆节病人特别的少，没有任何预约直接就在科室挂了号，五分钟就叫到我的名字了进去面诊了，前面好像只有两位病人。医生是普通医生不是专家，专家十一貌似休假吧。不过看到医院墙上医生的简历了，四医大博士，主任医师，大概四十多的样子。医生我是很信任的，毕竟是四医大。  开了单子做检查，化验和拍片都很少人。没有等待时间过去了就做了。顺利的出乎我的意料啊……本来以为十一人会超级多结果根本没人  领了医院的绿色本子，把检查结果拿给医生，科室的护士给我立了档案，预约了下次来分牙的时间然后就回家了，我九点到的医院，十一点半看完出来了……  顺利的真是很意外啊
军医大学学员分配是四总部中哪个总部管？,所有分配都是总参分配。
如何成为第四军医大学西京医院或者唐都医院的一名军医？,首先，你不能报考四医大，报了你就没希望了
请教一下第四军医大学毕业了是分配到哪里就业？这是军医学校里最好的大学吗？,本科生去基层部队，研究生的话我不知道 在我看来四医大是三所军医大学的老大，不因为别的，只因为我是四医大的
第三、第四军医大学怎么样？提前招生是什么意思？军医大和普通医科大有什么区别嘛？,回答一：学校怎么样？这个不用说，学校肯定是很不错的，培养出来的都是人才。but，在当前的制度体制下，这里培养出来的人才，多数是用来拔草喂猪当兽医的（没有骂人的意思）； 回答二：提前批，没记错的话就是比一本录取更早的一批，相当于插队优先录取。提前批录取失败的话，并不影响普通批次录取； 回答三：和其它医学院校的区别，主要体现的地方应该就是身份体制的不同吧。体制内的各种优点缺点都有，比如包分配工作（新西兰或者普吉岛），比如强调专制和服从。另外如果真心想学医行医的话，地方医学院校才是正道坦途，因为通过努力基本可以把命运掌握在自己手中。如果有（bu）幸被三四医大录取的话，那请尽量努力（尽人事），再听候命运的裁决（听天命）吧。 形象点的话：考上地方医大，就是城墙上的那个至尊宝；考上三四医大，就是身披铠甲的那只单身狗     备注：以上回答均排除jun二代，并且仅针对大多数样本  马上就高考结束了，此处复制一个以前的回答，谨供参考：  哪些人适合考军校，哪些人不适合考军校，这本身是一个很难回答的问题。首先应该从个人秉性出发考虑，其次从个人人生规划考虑，最后需要考虑的是家庭环境。  为什么先从人性考虑，因为就目前的政策制度来说，考入军校意味着接下来的十年甚至二十年都会在一个非常严苛的环境中生活工作，没有一颗坚强不屈的心很难适应和生存，这是前提。充满书生气的人是很难在部队出人头地的，因为这是一个个性被压制，人性被克制的环境。考军校要求的分数一般都比较高，高分的大多是众人眼里的天之骄子，如果加上心性聪敏孤傲不通世故（简而言之就是书呆子气），那就最好放弃考军校吧。因为这样的人毕业到单位工作后，有很多都变得郁郁不得志，心理出现问题甚至自残闹着离开的不少。但是这个地方不是想来就来想走就走的，退出离开很难。也只有个性坚韧、吃苦耐劳、情商较高的人，才能够在这里出人头地，光有智商是不够的。  再说说人生规划。每个人都有自己喜欢的事情，能够把兴趣和事业结合是最好的。高考的决定性作用无需多言，所以请慎重选择志愿填报，尤其是报军校。军校有很多专业和地方通用，例如通信、医学、电子等；也有一些特有的专业，例如指挥。但是，别天真以为考上了军校能在个人专业方面有所发展，除非你大学能一直保持专业前列保研和读博。为什么？举个简单的例子，现在的军医大学本科毕业，别指望分配到那些高大上的部队医院，基本分配的单位都是基层，每天做的工作就是看感冒腹泻和拔草扫地，这样的环境你能指望自己成为一名良医？更可悲的是，很多单位还强制阻断了个人提升能力的通道，就是禁止考研考博，一直等到你荒废了人生最宝贵的时光，到三十多岁四十岁再把你踢出社会重新奋斗。         写到这，也许有人存在幻想，说既然不如意，大不了退出不干了不行么？不好意思，你想得太简单了，选择退出真的很难。军校期间选择退学，需要赔偿二十万的违约金；工作后不满四年想要退出的，基本都是处分后复员；满四年后想退出的话，还会有一堆严控政策甚至土政策用来卡你。所以一旦等到你发现进错门之后，已经晚了。另外，不要相信什么国防生五年合约，很多签了合约的满期了一样不让人离开，为什么？因为你太渺小，违约方太强大，就算你想申诉合约也没有地方能够处理，这远远不像地方上法院处理一个个人或者一个公司那么简单。现在习大大提倡从严治军依法治军，下一步正在修改军官法，希望后面环境能够越来越法治和文明。         既然说到了人生规划中的职业发展，就顺便说一下目前待遇方面存在的一些怪现象。首先是个别地方经济激励适龄青年入伍，服役两年可以拿二十万，而目前一个军官服役十五年后退役也拿不到二十万，军官职业待遇已经与地方经济发展严重脱钩了；其次是部队对学历和知识的价值利用体现不明显，一个初高中毕业的28岁士兵和一个军校毕业的28岁军官可能拿着一样的工资，并且一个士兵复员退役获得的补偿可能是四十万而一个相同年限的军官只有二十万；此外还有对高学历人才的浪费和不公平，很多研究生博士生被丢在基层，日复一日做着一些初中生高中生都能做好的事务性工作，关键是可能做得还不如初中生高中生做得好，成为某些领导眼中的高智商低能力。         另一个问题，目前出现所谓的征兵难，倒推的原因部分是因为士兵配套服役政策远远走在了干部的前列——士兵进出的机制也比较规范和顺畅，就和水渠一样。合理有效的进出和流动机制，能够极大的调动人的主动性和岗位责任意识。否则就如同死水一潭，没有生机和活力，慢慢的变成温水煮青蛙。士兵政策的先进性，进而倒逼国家部门为了吸引兵源，推出了许多更加优待的政策，这些政策很多都仅仅针对服役士兵。反之，国家却没有类似政策照顾一下同样为国服役的干部，仿佛故意遗忘了一般。具体的比如上面说的一次性大额补助、每年4500的士兵职业年金、退役大学生士兵考研专列计划，等等。而我们的干部，除了部分可以干满年限到40多岁自主择业（这也是很多士兵期待得到的待遇，毕竟地方上高中生大专生就业也不好），其他安置的越来越多地被地方部门抱怨和排挤。不用亲身体验，想想就能够明白了，你见过哪些能够顺利推进的工作，却需要层层开会反复研究部署的？  再说说人生规划里的工作分配和婚姻问题。以前的时候学员毕业工作分配存在很多猫腻，尤其是徐郭在位的时期，具体就不说了。总之有许多人分配后背井离乡多年，很难指望再回到本省工作，交流调动没钱没关系非常困难。现在出了一个学员积分排名选岗分配的制度，相对于肯努力的同学来说是好消息，不努力的就做好准备去边疆奉献自己的青春吧。还有婚姻问题，这是一个老大难的问题，军校毕业后三十多岁还没有合适结婚对象的很常见，为什么？想想啊，军校里女生那么少，工作后周围又基本全是男同志，平时24小时待在封闭环境里，交际机会少之又少。就算结婚了，很多人的老婆都是一个人在辛苦照顾家庭，长期两地分居，军嫂真的很不容易。  最后说说家庭环境，什么样的家庭环境适合考军校？这个可能会说的有点不恰当，仅仅是一家之言，有权有钱的可以不用往下看。个人认为家庭比较贫困的可以考虑报考，毕竟可以省不少钱，如果肯吃苦耐劳的话，也能够在将来工作后有很好的发展。家境一般的，独生子女的，父母身体不好的，谨慎考虑吧，因为自古忠孝难以两全。至于指望当师长当将军的，或者有将军的女儿看上你的，中国梦强军梦你做梦。
如何看待二军医并入上海大学的传闻?,有资格当牛粪的不多，从金东寒调入(2015、7)，再到合并二军大，短短二个月，可以看出上大在上海和中央的位置，好学校，别不识宝，你被OUT了，要知道，金东寒可是中央候补委员，工程院士，船泊重工711所长，玩潜艇动力的，造出中国芯的，受过中央，国务院和军委表彰的，和部队关系密切的，重量级大家。上大速度，上大每一天都在创造奇迹。
夜盲症的人可以考军医大学吗？,不可以，军校生毕业的条件是“不影响训练和作战”。夜盲症的话夜里紧急集合都搞不赢=_=
地方生报考第四军医大学利弊如何？,动荡中，谨慎。
云南考生理科578，提前批有机会上第三军医大学吗?, 云南，我男票12届，今年毕业。当时一本线465，他588，提前批录的临床医学，对比一下分差，应该差不太多。 
为什么三所军医大学界别不同？,为什么三医大成正军了，一军大撤了后三所军医大不都副军级了吗。
怎样和军医大学男友处？,謝邀  請問你男友是有什麼異於一般人的性格嗎 ？因為我想怎麼相處跟他的學校好像沒有什麼太大的關聯⋯⋯⋯⋯
第二军医大学为什么不在广西招生？,南京军区的
作为军医大学的学生，毕业后却想做生意。应该有什么准备？,看准方向，最好还是和专业相关的 会比较容易入门。
第二军医大学毕业分配去向?,长征医院可以去吗
我是一名高三女生，身高158，想报考第二军医大学，毕业后女生的分配怎样？,入坑吧
