陕西师范大学研究生今年的学费政策？,学硕8000 专硕12000
考2018年陕西师范大学中国近代史方向的历史研究生该如何备考？（恳请回答详细些包括参考用书，时间安排）,同学 哈哈哈 你怎么不考我们西大 我就是学近代史的啊 哈哈哈 
如何评价陕西师范大学手写录取通知书？,这是我第一次在知乎上回答问题，好紧张。  作为一名陕师大的学生，录取通知书是毛笔写的，我是看新闻才知道的，因为字太好看了，我一度以为是打印上去的特殊字体，压根没多想。  拿到录取通知书的时候，觉得很奇怪，因为其他同学的通知书都有自己丑丑的证件照和准考证号，陕师大的却没有，看上去古朴典雅，红色封面印了学校图书馆，说了下自己是211，985教学平台，一句吹牛逼的话都没有，看到只觉得好开心啊，姐姐终于考上个一本了哎～(谁说我没出息了？没错，我就是)  到师大后，觉得师大学风很棒，是走踏实稳重路线的，跟录取通知书的风格一样。录取通知书的风格能体现学风，也是很棒的呼应。  师大通知书用毛笔写，真的是超级有感觉有追求的一件事情啊，你想想啊，学校里那么多白发苍苍的老教授，不知道哪一个就是给你写录取通知书的那个，上面承载的期待和心血值得一辈子珍藏啊。  然后，我要说的是，师大真的是超级重视书写的一个学校。学校每年会开展三笔字大赛，毛笔，硬笔，粉笔。师范生也会有板书大赛，来当评委的都是白发苍苍的老先生。  对了，这一次三笔字大赛，粉笔字是在露天地上举行的，配图。     图片是从师大微博上偷的，原出处见水印。  我们以前上课的教室里，忘记是哪个楼了，墙上挂的不是什么标语名人画，全是师大人的书法作品和国画，后勤的，行政的，教学的，各个部门的书画爱好者应有尽有，对了，老校区图书馆看门的保安叔叔毛笔字也写得超级好看，好看哭了的那种好看。  我是学汉语言文学的，我们开了书法课，老师每个周教我们写俩小时的毛笔字，一个个的手把手教入门，在师大，毛笔字写得好是一件很稀松平常也是一件很值得骄傲的事情。  写毛笔字这种有情怀的事情，在一所有情怀的大学里，再合理不过了。至于用毛笔字写录取通知书……学校那么多书法家拿出来秀一下怎么了？  最后是老先生们，图片还是偷的师大微博上的哈哈。  对了，建议师大在录取通知里附加一册师大美食图谱，增加同学们对师大的了解。
我虽生在南方，可是真的很想看看此生未见过的大雪，陕北的高原。因此，考研选择陕西师范大学，教育史难吗？,陕西吃饭大学
陕西师范大学美术学专业好考吗？需要什么水平？,2017年7月12日更新 ---------------------------- 前年参加研究生支教团，2015到2016学年支教一年时间，目前研究生在读，马上研二。 去年2016届本科生修改了培养方案，目前美院分为美术学和美术学类两个大专业，美术学为免费师范，美术学类是非师范，改为进校一年后在五月份左右报志愿并组织分专业考试，专业分为绘画，视觉传达设计，环境艺术设计，动画设计。 就今年的招生计划看，美术学招90人，美术学类招130人，共220人。相应的美术学的分数比美术学类会高一些。每年的招收省份也会略有不同，一定要随时关注自己的省份有没有招生名额。 进中小学，国画和油画会吃香一些，如果考研的话不牵扯这个问题，陕西师大考研是用理论知识来进行筛选初试，复试是英语口语面试和专业技法。 公司的话，肯定设计居多。 想到再补充。 ----------------------------------------- 原答案：  看你的专业了。 本人陕西吃饭大学大四视觉传达设计狗~~ 美院在师大是个边缘专业，院系也很小，师资和专业力量无法跟专业美院相提并论是真的。 但是毕竟211，校风是西安美院不能比的。师大么，以研究和科研为主，如果你是想考美术师范生和为以后文凭或研究生准备，对专业要求一般，可以来，但想学很多东西就得自己斟酌了。 美术学的话现在招的越来越少了，也跟老师饱和程度有关系。高考考素描和水粉，一般美院画风会吃香一点，不过也有王磊画风的。 美术学专业分班是油画，国画和设计。美院的专业国画最强，下来是平面设计，油画，环艺设计，最末动画。 -------------------------- 暂时就想到这么多。╮(╯_╰)╭
请问一下，陕西师范大学世界史哪个方向比较强，因为我想考陕师大的世界史?, 陕师大世界史不怎么好，好像亚述历史还可，本校的。喜欢世界历史可以去东北师  大。 
陕西师范大学的中国哲学专业怎么样？,我老公念完本科以后在家待业一年，期间考过公务员，当过莫名其妙学校的老师，最后考了研究生，毕业后在事业单位工作，到现在7年，期间考了多次雅思，希望可以出国，写了点不成熟的论文，去找以前的研究生老师讨论，老师说，这个算法已经有人写了论文，过了审稿，马上就要发表了，然后问，要不要跟我读博，遂一边工作一边读博，现在博二了。计划毕业留校。 非常曲折吧，但我觉得很好。因为经历了这么多事情之后，他发现做学术才是他真心喜欢的事情，所以过了30岁才向着真爱进发。 读书不是唯一的路，也不是必能成功的路，一路上选择那么多，就你问题的描述来看，每一个问题都可能成为岔路，从我老公的经历来说，就算他博士毕业留校，也不一定会比那些本科毕业就留校的人好或者坏，但区别是，他很清楚自己在做什么，知道自己喜欢什么，这是他最好的选择。别人可以给你建议，具体到历年试题都不是问题，但核心，要你自己想清楚。
西南大学or重庆师范大学or陕西师范大学？, 不管是这三所哪所学校呢，学科英语都是一个热门的 竞争激烈的学科，要说难度的话，陕师大和西南大学都是教育部直属的6所师范类院校之一，都是211学校，自然比重庆师范大学要难一些，而且专硕每个学校考试的内容是不一样的，像西南大学的专硕都是考333教育综合和904心理学基础的，不考英语的内容，你可以根据自己以后的职业规划，在哪里工作，看自己对哪个学校的参考书更有把握来选择院校，其他不清楚的可以加我头像的联系方式联系我咨询 
西北农林科技大学和陕西师范大学哪个学校比较好？多方面比较,西农在杨凌，师大在西安。  师大完胜
考研 陕西师范大学和西北大学哪个好考？（编导类专业）,西大的综合实力比师大强很多
湘潭大学本科生想考现代汉语方面的研究生，首都师范和陕西师范哪个合适？,以你的水平，个人认为可以试试北大。
急，行政管理硕士研究生选陕西师范大学还是长安大学？,我告诉你吧，上班才是最好的学习
帮我分析下考陕西师范大学传播学研究生的利弊。?,学校性质，硬件条件，专业排名这些不谈了，都在那摆着，有一点，学新传还是一线沿海城市吧～实习机会都很多。
陕西师范大学研究生好考吗？学校怎么样？地理学科教学专业？,陕师大分数线一般都比较高，拿16年分数线人文和自然来说，自然392，人文竟达到409，学科地理也到375.这么高的分数线一定会吓到一些人，觉得陕师大竞争很激烈，而不敢报考，特别是人文和自然。下面文章的观点仅代表地学考研中心，也仅适用于人文、自然和学科教学地理这三个专业，如有不妥之处欢迎指正。  其实陕师大竞争并不是很激烈，有以下原因。   1、报考人数和其他考数学的学校差不多        虽然官网没有公布报考人数（当然其他学校也没有公布），但是从我们地学考研中心接触到的咨询人数和售出的资料来看，陕师大的报考人数和其他学校相比来说并不多。相比实力相当的同类院校来说，报考人数还要少一些。  2、招生人数不少         陕师大自然招生21人，人文14人，学科教学地理招生22人。人文地理的14人是少了一些，但是相比南师大人文三个方向去除推免之后的10人，华东师大12人来讲，录取人数也算正常。自然地理学21人确实不少，学科地理22人也算正常。  3、陕师大给分偏高        陕师大分数线这么高其中一个直接原因就是改卷较松，给分较高。这三个专业中，政治能给到86分，英语能给到78人，人文和自然数学成绩也都在130-145之间，人文和自然专业课也大都在120—137之间，学科地理最高分也给到了144和132。这么疯狂的分数确实很少见，很多学校为了接收其他学校的调剂名额会把分数线压低，比如华南师大和首师大，每年分数线都会在国家线左右。陕师大的高分数其实对大家是有利的，一是没有其他学校调剂名额来和大家复试进行竞争，二是没有过线的同学们调剂其他学校比较有利。 有人还是会觉得考陕师大很难，特别是落榜的那些学长学姐会有这种说法。凭心而论，陕师大也确实有些难，但是考哪个学校不难呢？推免人数越来越多，考研的人数也越来越多，这是整个大环境下考研难度的增加，而不是说陕师大这个学校考研有多难。大家可以问下考上其他学校的学长学姐，他们的目标院校是不是就比陕师大容易。 影响一个学校考研难度的原因有很多，这里有一篇文章大家可以看下 如何选学校和选专业（如何分析一个学校考研难度？）   关于陕师大考研有问题可以与我们地学考研中心联系，q 2127028078。
在陕西师范大学当学霸学渣是怎样的一种感觉？,开学第一个周励志当学霸，早早起来坐前三排，慢慢变成早上看大哥起来没，宿舍大哥起来洗漱完我们剩余三个再起来，再后来变成第一节课不去第二节课再去。再后来变成要点名大哥电话说一声我们再赶过去。就这样过了学期中旬，考前一个月又天天早起去图书馆占座，给女朋友占，给女朋友闺蜜占，给女朋友舍友占，然后去上课，上完课又回来泡图书馆，持续两三个周直到考试结束，放假回家，就是这种体验。
陕西师范大学心理学硕士怎么样？好考吗？,陕师大的心理学还是挺好的，当然难度也还是有的，有一学长16年考研考了372，而且已经在陕师大跟着老师做了一年的项目了一年，还是没考上，而且陕师大比较看重本科学校。
【考研】汉语言文学中国现当代文学方向，陕西师范大学怎么样呢？,18考研，普通本二，现当代文学专业 以下是老师说的：         因为陕师大排名不太靠上但也不低，所以成为众多人的选择，导致竞争非常激烈         我们学校有两个16考研的，报考了陕师大，两个都好像是都将近400分了，但是陕师大复试只要二十多名，而且分数还扯得特别紧，然后俩人排三四十名，没进复试         还是看自己吧，我们学校也有考古代文学的考上陕师大的，所以仅供参考，题主加油
陕西师范大学新生 被工商管理录取想转去读计算机专业 我该如何做？感谢指教！,我被计算机录取了 然而想去工商管理……能换换吗
在陕西师范大学就读是怎样的一种体验？,入学前： 刚刚到西安，四处玩了玩～西安的菜和米饭真是不敢恭维。   大一时： 学校食堂不错，持续发胖。野外实习，没想到这第一次也是仅有的一次～（多拍两张纪念一下）   大二时： 专业课实习，测量校园。我负责搬箱子～  老校区旁边有几家大超市，每周必去。（好像画风有点不一样了）   大三时： 换了校区，从城市转移到农村。小寨依旧是一月三次的频率，尤其是赛格开业之后。西安的城通卡真不错，公交五折、地铁七五折。 运动会发的院服。（感觉学校发过好多东西啊～夏季的高温补助、端午节的粽子、八月十五的月饼、校庆的文化衫、每月的补助～）    放假和男朋友出去玩～   大四时： 决定考本校研究生，四年时光匆匆，不舍昼夜。人总是在快要失去的时候才发现曾经拥有的多么珍贵～   我只能说，在陕师大的四年永生难忘、千金不换。  考研成功，再来三年～
陕西师范大学的心理学怎么样？,陕西师范大学有心理学院与现代教学技术教育部重点实验室两个 院系招收心理学研究生。由此可见该校心理学发展势力。是西北地区心理学考研选校的不二选择。  1、学校发展现状      陕西师范大学(Shaanxi Normal University)简称"陕师大"，坐落于古都西安，是中华人民共和国教育部直属的六所重点师范大学之一，国家"211工程"、"985工程优势学科创新平台"重点建设大学，被誉为中国西北地区 " 教师的摇篮 " 。  陕西师范大学有心理学院与现代教学技术教育部重点实验室两个院系招收心理学学生。  2、心理学院简介  学院现由心理学系，心理学基础实验教学中心，基础心理学研究所、发展与教育心理学研究所、应用心理学研究所等教学与研究机构构成。学院现开设心理学和应用心理学2个本科专业；心理学科为陕西省重点学科，博士、硕士学位授权一级学科，建有心理学博士后科研流动站；另有心理健康教育方向教育硕士和应用心理硕士2个专业学位授权点。此外，学院还拥有陕西省行为与认知神经科学重点实验室与陕西省心理学会等研究机构和学术团体。  同时，现代教学技术教育部重点实验室（陕师招收心理学研究生的另一个）为教育部重点实验室。  3、专业情况：  心理学实力强大、方向众多  招生方向既有学硕也有专硕。  学硕包含基础心理学、发展与教育心理学、应用心理学、航空航天心理学四个方向。  专硕即应用心理。 
现高一，目标是考上陕西师范大学的历史教育，想知道你们对陕师大历史系的看法以及学校的优劣。？,我不是陕师大的学生，我今年六月份高中毕业，但上了一个二本学校……（有点跑题）我想说说我对陕师大的认识。我的两届历史老师都是从陕师大毕业的，并且他们现在都是在读研究生，这两个老师分别带我高一高二，期间，两个老师都很负责任，虽然都是刚刚毕业的学生，但上起课来各有各的方法，很有创新意识，对学生尽心尽力，和学生打成一片，而且带出来的学生历史成绩都不低。我认为最重要的是，他们教给我的学习方法，做人方法，自己正确的三观是一些老师无法比拟的。这是发自内心的评价……另外你可以去微博关注陕师大历史系的于赓哲老师，学富五车而且段子说的贼溜，相信你去了觉不后悔。唯一不好的一点是男女比例不平衡哈哈哈 顺便提一句，我那两个老师颜值都不低，算是学校的颜值担当了 现在我毕业了，两个老师都当班主任了，真是各种羡慕嫉妒恨！！！
南京师范大学和陕西师范大学哪个更好?,谢邀，第一次回答问题。  抱歉，出于某些原因的考量，请允许我不直接说出一个结果，会从以下几个方面做引导，毕竟，决定权在你，审慎地解决问题应该也在你。  首先，不知你想学什么专业？大学中的各专业排名很重要，甚至其重要性超过“部属”与“省属”的区别，一般人或许只会从这个方面比较，但当你投入进去，就会重视专业排名，而非学校的性质。历史学的话就建议来陕师大咯～其他专业建议查询相关信息; 其次，从环境上来说，建议去外省。非区域发达程度问题，只是一方水土养一方人，年轻就多出去，在一个地方学习生活，与旅行的差距非常大; 其三，两所大学的师资都不差，学术素养的培养自己努力更为重要; 其四，陕师大西北地区的孩子更多一些，南师大江浙一带的孩子更多一点，饮食，性格、习俗、价值观都会有所不同，建议考虑相关方面; 其五，南京的环境更开放一点，参加学术会议等活动也更方便一些; 其六，大学毕业还有研究生，博士，择校之路十分漫长; 最后，经常回家也蛮棒的。  逻辑或有问题，希望可以帮到你。
陕西师范大学新闻学硕士怎么样，好考么?,     想做老师，为什么要选新闻学硕士？     当然，回到主题，陕西师大的新闻学硕士还不错，在西北地区来说，陕西师大口碑一直非常好，以后工作会有很多帮助。
陕西师范大学学科化学专硕好考吗？是不是对英语要求的很高？我英语不好求大神给我推荐一个适合我的学校。？,我认识一个化学的研导，问他复试收学生的时候看什么？是专业课吗？他说，英语
如何备考陕西师范大学的专业硕士？,简单来说  01 选定报考专业与研究方向  02 查询历年分数线与报考人数，明确考研难度。  03 明确初试科目，一般每年的七八月份出考试大纲公布当年的考试科目，可以参考前一年的考试科目，一般不会变。  04 购买参考书，考研资料，学习。  05 10月报名交费，11月现场确认，12月参加考试。  复试暂时没必要讲了，做好以上5点就可以了。另外安利一下，学习方法可以关注我的微信个人公众号SunLifeDreamer。
陕西师范大学和南京师范大学？,两个学校哪个好不知道啊(感觉陕师大好一点)，前几天和几个刚毕业的聊天，找的老师的工作，两个人，一个人年薪8万，一个人10万，工作地点都在南方，还有教师公寓住。  上述的情况统计人数少，就是单纯的陈述一个信息，不供参考。    但是，南京的环境好一点吧。西安冬天的雾霾......  虽然我是西安的，尴尬。  多看看两个学校学生的答案吧，我就是来打酱油的。
职高生能考陕西师范大学吗？,可以的。中职、中专、技校等三校生根据国家规定可以报名高考，并报志愿被大学录取，而且我有朋友原来就是上的职高高考上的大专，然后又自考的本科，职高就是考上之后专业不好转，基本都是和你职高专业相关的。
准备考陕西师范大学广播电视专硕应该怎么复习专业课呢？,同考，你是今年考吗？要不加个扣扣或者微信吧，有资料我们互相补充，好不好？
读在职双证mba，陕西师范大学和西安理工哪个好？,西安理工的资历早。 很早就办工商管理了。校友资源可能好点。  陕师大，不太了解。 个人认为陕西工商管理在不管学费的前提下，依次是交大，西工大，西北大，西安理工。 其他的都没什么用。
陕西师范大学学生将如何看待即将入学的篡改同学志愿的郭某？,作为一个非陕西师范大学的人，我认为照这样的局势发展下去，郭某已经不可能进入陕西师大的校园了。
陕西师范大学国际汉学院是个怎样的存在？,国外帅哥遍地的存在。对外汉语是我们那届好几个人报的专业，然而听考上的同学说略鸡肋，又不是英语专业又不是汉语专业，这工作咋整呢。
陕西师范大学附属中学是一所怎么样的高中？,牛逼。仅次于西工大附中和西铁一中
陕西师范大学小粉楼四人间怎么样？,想想我爸1984年都住过的宿舍，放现在能怎么样
2017河南高考文科女生，过一本线59分，想问上海师范大学，陕西师范大学和郑州大学哪个更好一些？,泻药中文和古籍都是上师大的强项，另一所不太了解，不过上师大的古籍是国家直属的专业，中文系的很多老师也很厉害。 此外，上师大在上海的位置并不好，不过环境不错适合专心读书。 至于985 211的问题，很有可能你毕业以后也不是用这种评定方法了，而且上师大不是211是因为它自己拒绝211的ヾ(-_-;)
有没有陕西师范大学应用心理学专硕的学姐学长啊，我想跨专业考陕师大的心理学，不知道该怎么准备，求指教？, 陕师大专硕不建议报考，学硕是可以考虑的。  除非你的专业素养非常棒，应试能力也很强，那你也可以选择陕师大的专硕。  没有必要把自己的一年时间的努力浪费在一个几乎能看得到的结果上。 
陕西师范大学心理学347有哪些导师？, 同学，你是初试还是复试呢，你考陕西师范大学专硕的话，不用联系导师的，学硕需要的，学硕采取的是导师制，专硕都是大班上课的，一般是不需要联系导师的，不需要给导师发邮件的，导师信息，你去研究生院，都能搜到的或者心理学院，都是能搜到的 
陕西师范大学考学前教育？,可以加上交流嘛！下学期大三，也想考陕西师范大学学前教育研究生
西安邮电大学男生如何联（gou）谊（da）西安外国语.陕西师范大学等女生？？,有空多学习，无法承担责任的年龄，不要害人。
陕西师范大学和西北大学那个研究生好考（社会工作专业）？,谢邀 要看什么专业
考研，新闻与传播，陕西师范大学与南昌大学选哪个更好?,个人觉得，两个学校都差不多吧，报考志愿时也考虑过南昌大学新闻学，在网上了解，南昌大学的新闻学也挺好的，好像还是品牌学科。  我来说说陕西师范大学吧。陕西师范大学新闻与传播学院建院于2000年，是西北地区首家以学院建制的传媒教育机构，也是首家招收博士的新闻学院。学院现在是中共陕西省委宣传部和学校共建。学院有2个自主设置的博士点：文艺与文化传播，媒介与社会变迁；硕士学位点8个：新闻学、传播学、文艺与文化传播学、广播电视艺术学、新媒体艺术学、电影学、戏剧戏曲学、影视批评学；本科专业5个：新闻学（省部重点）、编辑出版学（冷门但实力较强），网络与新媒体（去年的评估居然进了全国前十，我都觉得诧异）广播电视编导、播音与主持艺术（个人觉得学院播音老师还是蛮有实力的）  学院在2012年教育部学科评估中，新闻传播学位列全国19，西部第2（西部第一川大，膜），西北第一。  个人觉得学院给提供的机会都比较多，校媒比如陕西师大校报，陕师大电视台，这些都是可以锻炼能力的地方。 因为陕西师范大学正在改革，朝综合性大学发展，所以，新传院这边还是得到点重视的。学生的培养方案也越来越合理科学，实践课也比往届多。学院的师资力量方面，在全国范围虽然算不上很好，但是最起码在西北地区可以排在前列。  整个西安的媒介环境氛围可能比不上沿海城市，因为经济发展决定着传媒业的发展水平，西安的经济目前还是比不上东部发达省份，离成渝也有一定差距。西安也在发展，新的市委书记王永康到任后，一些重大的工业项目先后落地西安，城市管理方面也有进步，未来赶超成渝还是有希望的。  欢迎报考陕西师范大学  以上。
有陕西师范大学的学姐学长吗？, 你考了吗？ 
陕西师范大学有美女吗？,谢邀。没有标准就无法建立命题。没我事我先走了。
陕西师范大学会歧视山西的考研生吗？,绝大多数不会。我只是听说物信学院某个老师歧视山西师大的学生，原因是他带的一个学生中途退学了…之后再也不找山西师范的学生了… 
在职护士，学历本科，刚工作一年想读陕西师范大学心理学在职研究生。？, 不过陕师好像不招收非全日制的心理学研究生。 
男生在陕西师范大学找到一个男朋友是怎么样一种体验？,我想说怎么找的，妹子一枚还没找到
广东省考生是去陕西师范大学好还是去广州大学好？,感觉题主想从事师范事业？教师毕竟是公家饭，最看重学历水准，陕西师范应该能吊打一批双非吧。市场化高的专业才会考虑城市因素，例如金融、市场营销等。
如何看待陕西师范大学一言不合就通知学生搬宿舍？,幺蛾子
传媒艺术生 中南财经政法大学 陕西师范大学 湖南大学怎么选？,湖南大学是一本里的三流大学？？？WTF，湖南大学是985 211 全国排名前三十，一本里的顶尖大学，光一个985的头衔就摔中南财经和陕师范几条街。  PS 这是湖大被黑得最惨的一次…
914学科化学，陕西师范大学考研用书都有哪些？, 914：《无机化学》高等教育出版社，北京师范大学等三所高等院校合编（上下册）          《有机化学》高等教育出版社，胡宏纹主编（上下册）  333：司晓宏、张立昌《教育史教程》，高等教育出版社           王道俊、郭文安主编：《教育学》，人民教育出版社           孙培青主编：《中国教育史》，华东师范大学出版社           王炳照等著：《简明中国教育史》，北京师范大学出版社            张斌贤主编，王晨副主编：《外国教育史》，教育科学出版社            张大均主编：《教育心理学》，人民教育出版社  下面的这五本属于全国333，备考完全可以按照全国333来。 
在陕西师范大学读书是一种怎样的体验？,祝陕西师范大学生意兴隆，祝陕西师范大学财源广进。    我还吃过猪头皮炒的小炒肉，花生酱配卷心菜拌的热干面，馋不馋？ 想想看，陕西吃饭大学才是这学校的招牌啊，什么专业啊资源啊毕业前景啊，有人提过吗？
18考学科教学数学报考陕西师范大学或华中师范大学纠结中。。。大神们怎么看？,华中师大吧，毕竟武汉的地理位置比陕西好点，而且华师数学还挺厉害的，老师水平很高。毕业在珠江三角洲以及中部地区湖南湖北，江西安徽河北河南地区就业强，而且招聘会都在华师举办，不用出门就可以参加教师招聘会，很方便
如何看待陕西师范大学表白墙这个非官方公众号两年内访客量三百万？,当然是凭我无与伦比的可爱呀  
陕西师范大学的书法氛围怎么样？,啊哈哈 我来回答～这个问题简直就是为我而生的！ 事先声明，我一直呆在老校区，所以主要说老校区的，新校区去过七八次，但是新校区关于书法这一方面我知道的不太多，最后再补充一些吧。 首先说社团的事。老校区的书画类社团有三个：砚友书画社、德馨书画社和丹青书画社。 砚友书画社是三个社团中资历最老的，今年还是明年。。。是三十周年庆的节奏。学校里的一些书画老师都曾是砚友的一员，基本都是当年的社长。这个社团属于文学院，不错；德馨书画社隶属于理科部，上一届是我校的十佳社团之一，后起之秀，实力不容小觑；丹青书画社隶属于文科部，那啥，由于文科部对社团活动有限制，而且丹青成立的时间也比较短，所以实力较弱。 然后是碑林。别的社团我不清楚，砚友下一学期，不出意外的话，会组织一次碑林游，免费的，因为砚友会申请到一个院部的啥啥啥来着（我记不清了，不好意思）。如果你单独去的话拿上学生证，半价。 最后是书法氛围。先说一说各个社团组织的活动吧。基本每年都会有史晨杯、启夏杯这种的书画比赛，面向全校征稿的，作品获奖之后会免费帮你裱起来，星期天会组织外场活动向全校来来往往路过喷泉广场的童鞋展览呦~；每周日在固定的教室和时间会有书法小练笔交流会，每人带上自己的书画工具在一间教室里练习，会有专门的老师来指导（这是砚友办的~）；不定期举办书法小课堂之类的活动，会请学校的老师专门来讲授相关内容；然后学校的书画老师跟这些社团的关系也挺好的，有几个老师会认真的帮你课外辅导哦~（当然你首先得入他们老人家的法眼）；学校里写字好的人也蛮多，详见每次学府大道的宣传板以及每次书画比赛上交的作品；还有记得有一次文科部举办了一个70周年校庆系列讲座，请来了碑林博物馆馆长。 老校区就这些吧。  新校区的话，因为艺术生都在新校区，所以按理来说新校区的书法类大神很多，书画社新校区也是有的，也会举办一些作品展之类的。  就这些吧~  ========================================================================补一些相关的图  这是最近的研友小练笔，快期末了，加上天又冷，所以来的人不多 因为已经办了一学期了，所以大家来就是先签个到，然后自觉的找个空位置坐下就开始写了。老师会四处转一转，指点一下。最后老师会挑一个主题来说，比如这次的主题就是 字的结体，说了大概有20分钟吧。 我觉得这个活动的意义不仅仅是可以受到专业书画老师的指导，而且在老校区这种住宿条件下，大家很难找到一个合适的地方练习毛笔字。每周一次的练笔活动为同学们提供了一个这样的地方，我觉得是很好的。而且大家在一起写字，气氛真的很棒！   然后是这周一些外场活动的图片（天冷手冻，手机渣画质，原谅我~）   
西安交通大学和西工大男生怎么找一个本校的或者陕西师范大学或其他学校的女生？有哪些联谊活动？,本校女生过来答一个 你这个手握优质资源是要给全系的征婚吗 好厉害  以及 女生的想法是 这种联谊活动才不去 去了也是玩手机气氛尴尬 还不如睡觉（一天连六个小时都要不够了） 除了这些 交大读书压力不小 不想挂科ಥ_ಥ 就日常自习 哪有时间认识小哥哥（我还想找一个本校的合拍的小哥哥呢）  其实吧 与其联谊不如参加社团活动 有经验有友谊说不定还会有小姐姐 或者好好学习 会有妹子来问你题的 以上
有没有陕西师范大学教育学原理的前辈？, 2017届陕师教原 
陕西师范大学有没有古典学专业？,有汉语言文学和历史专业
如何看待陕西师范大学强行要求学生搬宿舍男女混住？,总结一句话，领导动动口，全体学生忙成狗。         且不说为了被迫接受男女混住，我们宿舍已经讨论出了，不拉开床帘，不再用公用洗衣机，不往院子里晾贴身的衣物，不穿睡衣打水取外卖等一系列妈的智障的解决方案，就说这个搬宿舍。我们宿舍还好，我们班有的宿舍是四个人一起贴了全宿舍所有墙面的新壁纸。壁纸是不贵，全贴一遍容易吗？搬？尤其是我们女生，四季节的衣服，书，被褥，以及各饰品小玩意之类的，还有，宿舍有妹子学古琴，那么贵那么精细的物件，统一搬宿舍，万一磕磕碰碰，有点损失谁负担？最制杖的是，改签？火车能改签，那买了机票的呢？改签？谁出钱改签？ 再说了，学校说是为了便于管理，请问，你确定男女生放到一个楼去住，会比现在男生园区和女生园区门对门好管理？你确定不会有居心不良的人趁机弄出什么性质恶劣的事情？况且学生宿舍一学期能有几个领导过来检查过来看，多走十几米走过一个宿舍园分别看男女生宿舍，会比我们集体搬一趟更累吗？混宿到底哪一点会更利于管理我反正没看出来。还是说，招生季快来了，学校想借此吸引更多男生报考？         学校平时一直都是令人羡慕的别人家学校，我不知道这一次到底出了什么事才能做出这么不贴合实际又劳民伤财的决策。  补个图解释为什么女生们这么反感  
陕西师范大学是一种什么样的存在?,出西门可以吃长延堡德克士肯德基各种料理、出老西门可以吃师大路多家餐馆甜点、出东门可以吃银泰城必胜客宽窄巷子烧烤、不出门可以吃全国有名的陕西吃饭大学的各类美食。不要问我南门在哪儿，我也不知道。
在陕西师范大学读书有什么样的感受和体验？,我的四年感受：屎一般的感受。别的学院我不清楚，我就说说我所在的外国语学院。 1，糟心的同学。可能我命不好，遇到的同学大多既小气又自私自利，斤斤计较。部分人没什么见识，人情事故一概不懂，有的宿舍就从没出去聚过餐。因为我们学校以师范生为主，大都务农出身，家庭条件不太好。所以钱这方面都看的比较重。没有其他学校同学们的浪漫和缤纷多彩。大都在朴实朴素的学习和找工作。女生宿舍矛盾特别多，都不是什么善茬。他们什么也都干的出来，尤其是女生，到了发奖学金和助学金的时候，一个个都把自己说成天下最苦的人，讲的时候潸然泪下，个个演技出众。有一次让写困难申请，他们二十分钟写了三千字。都是困难专业户，从小就是写这个长大的，行云流水，天马行空。男生特别少，被女生欺负的命。阴盛阳衰，建议男生不要报考。除了这个，还有背后阴人的，使绊子的，多了去了，这个就不往外说了。 2，糟心的老师。外院好的老师真的很少。大都不用心教课，要不就是很平庸的，根本没有大学的大师风范。仅有几个公认的有良心有魅力的老教师。但是有一个教师应该是外院的学生都恨之入骨的。此人人送外号马猪狗。外院的应该都知道我说的是谁。此人以故意刁难学生，刻薄冷血著而闻名。此人一直是教学秘书。我就说其中一件事，大家自己感受一下。我一同学A要出国，所以要打印成绩单，马是管这个的。但是他拖着不理，三番五次都以借口将A拒之门外。A左思右想，一天，A递给了马五百元，然后又请马出了顿饭。事后，马才把成绩单打印给他。学生打印个成绩单，老师都这样。我也真是无语了。不是我不爱我们学校，是他这个样子真的让人爱不起来啊。 其余的不说了，没有什么令人印象深刻的好事情，全是一大堆糟心的破事。
陕西师范大学如何？,首先欢迎你来陕西师范大学。 东南部学生很多的，很可能同宿舍的就会有同一省份的同学。尊重风俗习惯是很重要的，而且这种尊重是相互的。在一起学习、生活，所以互相谦让、相互理解是必不可少的。真诚相待总是不会出错的，遇到个别差劲的人就另说。 人品差、生活习惯差和地区无关。在微博上会看到一些关于地区的争吵，所以在这里提一下。 安全问题上，校警会定时巡逻，但个人应提高安全防范意识，这一点不论是在学校还是社会都很重要。
陕西师范大学的外国语言文学专业怎么样？,作为外院大三的学生…… 千万别来陕师大！来了也别来外国语学院 边缘学院，水的老师一大堆 还有一个姓马的外院学生都知道的傻逼教学秘书
请问考陕西师范大学的数学系研究生需要考取的科目是什么，书本是什么版本的？,英语政治就不说了，专业课考数学分析和高等代数，数分是华东师大的，高代是高等教育出版社。
考陕西师范大学心理学研究生该做什么样的准备？,备考说明在官网有，不说了自己看就好。 环境的话，离得不远不如亲自来逛逛体验一天。别人怎么说那都是别人的，不是你的。吃两顿看看习惯不。去蹭几节课，和同学聊聊师大优缺点。然后你自己评判就好了。考上了再不适应太难受。  经验。我去我想去的学校体验了。。。挺喜欢的。
陕西师范大学的艺术设计专硕和西安建筑科技大学的艺术设计专硕哪个好呢？,据我了解得话西建大要好很多
明年想考陕西师范大学的研究生参考书目和今年会有变化吗？,首先谢邀。但没想到时这样的问题……我只是大一新生，可以帮你邀请李晨子老师
有没有陕西师范大学应用心理学专硕的学姐学长或者18要考研的童鞋啊？, 陕师大专硕不建议报考，学硕是可以考虑的。  除非你的专业素养非常棒，应试能力也很强，那你也可以选择陕师大的专硕。  没有必要把自己的一年时间的努力浪费在一个几乎能看得到的结果上。 
陕西师范大学让部分（党员）同学秘密提供心理有问题的同学给辅导员是真的吗？,真是6666，师大每个班都有心理委员，关党员啥事?
陕西师范大学宿舍条件怎样？,泻药。 现在应该都在新校区吧，我是传媒类专业的所以不知道老区什么情况，所以给你说一下新区的吧。 和大部分大学一样，上床下桌，一宿舍四个人带一个洗手台晾衣区以及一个厕所，蹲坑。面积基本上一样，有些寝室可能大点有些寝室可能小点但是没有特别大的区别。下桌旁边带一个衣柜，挺大的，衣柜下面是鞋柜。桌子有键盘抽屉以及放书的地方，你可以搜一下大学寝室上床下桌的图，基本就那样。宿舍没有空调只有风扇，但是现在可以自己申请装空调，电费会贵点就是了。建议你们四个人商议下还是装了吧，西安的夏天不是开玩笑的。 宿舍里如果不是特别特别特别不注意卫生的人应该是不会有虫害困扰的，目前我住了三年一共只打死了3只蟑螂，贼小的那种。 一共有ABCDEFG这几个区，本科，至今为止C区和F区是男女混住的，当然只是目前。我住E区，有个小浴室，可以洗澡很方便，其他区我就不知道了  大概就这样，可能后续有补充。
想考陕西师范大学的研究生，有没有什么专业推荐啊？,学校的文学院厉害一些，汉语言，古汉语都是很不错的专业，师大嘛，所以教育学也是可以的，主要还是看你学的什么专业吧
陕西师范大学学生证谁能出借？,本人隔壁学校的，暑假想在师大自习，有没有好心人愿意出租的
陕西师范大学现当代文学怎么样？,我也想知道诶  和西北大学比较二者怎样  因为离家近想留西安
陕西师范大学对甘肃招生吗？,招生的，一般来说每一个专业（非师范）有3个人
报考研究生，山东大学传播学和陕西师范大学传播学，我该怎么选？,山东大学
陕西师范大学的xxx怎么样?,学科教学的？
高考志愿填报，妈妈想让我上陕西师范大学，男朋友不想让我上免费师范，我选择了和母亲对抗，这样做对吗？,很明显是失智啊，兄弟。因为爱情吗？   
陕西师范大学的中国西部边疆研究院怎么样？,研究院还可以，但是民族学专业排名不行。
考研选择西安交通大学还是陕西师范大学？,泻药 作为师大人 建议你考师大 胳膊肘不能往外拐 
播音专业 陕西师范大学和浙江传媒学院做选择 陕师大稳上 浙传可能会滑档 如何选择 陕师大播音就业如何？,谢邀  首先对陕西师范大学播音系不是非常了解，同时也不知道题主浙传滑档的概率有多大。  其次，播音专业自主性还是很强的，绝对是师傅领进门，修行在个人。而且说到底播音学的理论就那么点，应该全国播音专业都用的是和传媒大学一样的那套教材，市面上也都能买得到。四年你能改变的很多，你也可能完全没改变。  主持人是个杂家，什么都要懂一些，所以文化积累也是很重要的，现在已经不是播音员做传话筒的时代了，除了会播你还要会评，主持你要会圆场，调动观众的气氛，接话，抛话，不可能是简简单单的照着念，退一万步讲，就是照着念你也未必能一字不错的，重音停顿都完全正确，所以千万别觉得播音专业很好学！！  最后你提到就业问题，这个怎么说呢，什么样的工作是好工作？就这么几个电视台电台，你是非北京不去，还是随便市台区台就行？还是做个自由主持人有活就接没活就闲着？因为每个人的期望值不一样，有人觉得必须进四大台才是好工作，有人觉得去新媒体也是个好方向，所以这个都看个人。而且全国各个专业的就业都令人堪忧，不单单是播音系。  作为过来人我有一个不太成熟的小建议，培养一个自己的兴趣爱好，什么都行，别觉得那是不务正业，只要你在某一方面精通，那你就有竞争力，还有就是学好英语，每个专业都应该学好英语，我就很后悔没好好学英语= =  就酱
陕西师范大学宿舍条件怎么样？,关于浴室的条件再补充一下  现在好像老校区(雁塔)的宿舍楼大部分都有浴室了，女生院(20#21#)可能慢一些。 新校区(长安)的宿舍是分区划分的，有的区里面也已经有安装浴室，感觉也确实方便了，而且新校区洗澡的水据说都是地热水，专门处理过的。学校的后勤集团这两年也在加大宿舍区人性化的实施建设，相信学弟学妹们会享受到的～  装空调，基本上各大高校的政策都是一样的吧～需要学生自己办理租赁的手续，租金基本上是一年￥400，空调电费自理。我了解到的比如西交也是这样的收费，基本可以接受吧。 PS·西安的夏天真的很热很热╭(°A°`)╮  ———————以下是原答案———————  分校区和专业 雁塔校区很多都是六人间无卫生间，但是像外语和心理这样四年都在老校区的专业就是四人间，条件好很多。 长安校区也就是新区都是四人间，有独卫但无淋浴，洗澡并不是很方便。现在也可以装空调。 大多数专业都会先老区再搬到新区，住宿虽不是最好但是不差。
陕西师范大学712考古学考研，如何获得历年真题？,学校图书室会提供吧，至少吉大的会，还有联系历届的学长学姐要嘛，一般会有qq群吧，加一下看看
在陕西师范大学挂科会有什么后果?,公共课补考，专业课重修(和下一级的学弟学妹一齐)。 累计两门或四学分(好像是)会有学业警示寄到你家(包邮)。 再累计挂更多会留校查看，留级，严重了会退学。 以前大四有清考制度不过现在取消了。 另，挂科后就算补考过了，成绩单上也是会有记录的，而且挂过科就意味着与保研资格无缘了。 so，好好学吧少年。
陕西学前师范学院怎么样！？,2016.12.6 刚在知乎上搜了些东西，忽然就想着搜搜陕师院看看有什么，结果........如图 谜之尴尬啊……想想还是打全名吧，于是输入陕西学前师范学院   总算出来了个问题……知友给的答案是本院大部分学生的心声，你可以大概知道学校的情况了。   本人大一，陕西学前师范学院中文系。刚录到这里，现实打破了我对大学的美好设想。但是抱怨是没用的，因为师院至少教会了我如何在纷杂的环境中平静自己，如何在物质条件不高的环境中提升内在的自己，如何在人潮中发现有着独特气质的妹子。   关于学校:   学校老师的水平个人觉得还是很好的，不过怎么感觉很多老师已经被学校的学生折磨得遍体鳞伤了……大学老师跟高中老师不一样，高中老师得确保知识点你都懂了，题你会做了。大学老师才不管你，他的任务是把课讲了，讲好。学不学那是学生自己的事情，饭端到桌子上了你不动筷子饿死的是自己。总而言之，好老师是有，好学生却不多，而且我敢说，我们的很多老师并不输于好的二本，甚至有些一本。    关于学生:虽然是个二本学校，不过很多人会以为这是个专科学校。学校的名字有一定的诱导作用，但是学风才是罪魁祸首。学校学风比较差，上课很少有人在认真听讲，就算有些人在认真听讲，狂记笔记，但是，据我观察，很多人根本没进脑子，只不过是在自欺欺人。虽说很多大学生这样，不过我们学校这种情况还蛮严重的。学校很多女生喜欢化浓妆(忘记说明了，我们学校绝绝绝绝大多数是女生)。个人觉得似乎她们更喜欢把时间花在研究穿的和脸上，当然人的外表是很重要的，但是好歹花点时间提升一下内在吧……   学校环境:属于比较差的。王锦东老师说过，从南门进来是失望，从东门进来是绝望。确实是这样。东门门口的那条路上，坡度很大，我第一次看见的时候还挺怕的，不过习惯就好。小路上全是宾馆和小摊，还有小巷子里有很多成人用品店。还有就是，小路上小偷很多，不过好像西安的贼本来就很多......(各位朋友出门要注意安全呀呀呀)学校教学楼的厕所经常会有残留物，有些是学校设施的问题，有些是人素质的问题。学校部分地方还在建设中，期待它的完善。   还有一个我个人特别讨厌的现象就是图书馆里的座位都被人放上了书，好像是自己的私人领地一样。不知道图书管是公共场合吗？？？？？？你经常不来拉屎还老占着茅坑是什么意思？？？为什么不能来的时候需要什么书带什么书呢？？？？就不能走了拍拍屁股不留下你的英语四六级么？？？你让人家来图书馆的来学习的人怎么办？？？？？图书馆呐！！公共场合啊！！！你们可都是经过十几年教育的大学生啊！祖国未来的栋梁啊！！很多是要教书育人的啊！！就不能有自己的原则？？？？别人放你就放？？？哎不说了这个真的越说越气啊，想读书是好的，学校八人间宿舍人多不容易安静是真的，没有桌子学习也是真的，但我们可以去图书馆读书的时候再带书嘛，需要什么带什么嘛，哎你说气不气嘛。这就反映了学校的学生的普遍素质，和学校的管理层的水平啊。   最后说点好的吧……来这里三个月了，刚开始真是宿舍里跟舍友一起各种抱怨这个学校。不过现在心已经静下来了，慢慢地，发现还是有很多值得庆幸的地方。第一个是图书馆，图书管里的书还是很多的，几乎每个楼层都有书，阅读量大的同学可以考虑去省图书馆，100押金，可以借4本，或者买书也是个好投资啊，学校经常会有人来摆摊卖书，基本半价，很划算，实在不行，电子书，kindle，多多，都挺好。第二个是食堂，三层楼六个食堂，品种多多，经济实惠，基本20一天就够了，可能是我对食物的要求并不高。东门的吃的也蛮多，但是考虑到健康还是少吃那些和外卖。第三个是有健身房，价格也不贵。第四个是交通，地铁坐到终点站再走十几分钟就可以到学校了，去市里很方便，当然公交车也是很多的，只不过我不太习惯，老想吐。   最后题主要想了解学校的话，建议实地考察会比较靠谱。网上看到的一般都带有作者的个人色彩。  (知乎上的第一次回答，有什么问题请指出，我会虚心受教）原答案于2017.5.10做了部分修改 ==============分割线=============  补充:新建了一个师院知乎qq群: 629726758 ，（志愿咨询，新生咨询的同学：学校有新生群，输入陕师院2017诸如此类的关键字即可，里面有很多学姐学长可供咨询）
有没有陕西师范大学学科教学（数学）的在读研究生?学长学姐都可以，跪求？,学科英语飘过～
吉林大学 兰州大学 西安电子科技大学 北京科技大学 山东大学(威海)和陕西师范大学 该如何选择?,谢邀。 首先应该可以排除除了吉大和兰大之外的学校，西电北科长处不在数学，威海的山大好像和本部差不少，陕师大的数学不错，但也只是相对于他们那些等级的学校里。 吉大和兰大近二十年都没落了许多，不过吉大前几年就还请了贷款，最近还要建新校区。吉大在逐渐复兴，兰大就不清楚了。 兰大的数学发展一直是不瘟不火，没有什么太突出的成就。唯一一次出名是这个话题 为什么兰州大学数学系能排名世界第37名，成为中国区第一？ - 知乎  题主想学数应，还想再研究生有更好的发展，那吉大绝对可以满足题主。吉大的保研率够高(似乎是超过1/4)，而且历来是北大科大科院的招生热点。 所以我建议题主可以试着来吉大。不过听说吉大今年似乎要缩招，所以题主应该要做好吉大数院分数线提升的准备。
陕西师范大学美术学院的研究生怎么样？,国画和理论必然是最强的  动画和环艺比较弱一些  视传老师挺多 各人看法不同 师大是个以理论研究为主的地方  而美院虽然不是很差 却也不是学校里的主流学院 但是由于是教育部直属的师范类大学 211文凭 依然比较难考 个中利弊  请题主自己考量斟酌
陕西师范大学的舞蹈研究生怎么样，好考咩？,你是准备考么
陕西师范大学研究生限电吗？晚上熄灯吗 ？几人一间？求好心学前辈来指导～？,我是本科大四狗。 所有的宿舍都不熄灯，本科是每学期有赠送的电，用完了需要自己充。水也是如此。本科老区有四人有六人间，新校区四人间，研究生老校区不清楚，新校区两人间。 我住的是兰园F1区，之前这栋楼是男生住，最后改成女生楼。所以我们宿舍的电路被学长改过，可以尽情的吹头发吃火锅，也有在宿舍放洗衣机的，很方便。不过去年因为电缆烧了两次，F区改了电表，限电1400w，自此没再吃过火锅- -。  希望对你有帮助~
非穆斯林有没有在陕西师范大学佩戴黑色头巾的权利？,我来回答你的问题：穆斯林与卡费勒的脸上没有写字，谁知道是穆斯林还是卡费勒，在学校管理者眼里是一样的。只要带黑头巾就要摘下来，不如题主去试试。  题主，想在中国推行伊斯兰教法 ，在清末多事之秋你们都没成，还想现在？idiot  野蛮人和邪恶方不同，野蛮人不知道文明也不承担义务也不享受规则。邪恶方很清楚文明的规则，并且在试图享受的同时进行破坏，只享受单方面的文明，并通过破坏文明规则获得额外的力量。不愿意与卡费勒和平相处的，不愿意接受现代社会人权理念的穆斯林就是邪恶方。靠嘴巴说，靠子宫膨胀，没有合法赚钱渠道，就是一群现代社会的寄生虫。
我同学收到了一封陕西师范大学的承诺书，请各位说说看法吧？,有效。 想知道的是不签会怎么样？ 另外，任何处罚是哪些处罚？
陕西师范大学女生六人间宿舍怎么样，能给张图片吧？,六人间太残爆 特别是女生院的……
西北大学陕西师范大学哪个好？,1.师大和西大过去号称两大农民讲习所。 2.师大有钱西大没钱，但西大出官，过去开玩笑说省里开会，下面坐的一半儿都是西大毕业。 3.两所学校官本位思想都蛮严重，这是整个关中人民的通病。 下面只针对历史专业谈一下 西大的历史专业，在本世纪以前以秦汉史（陈直-周天游/林剑鸣/黄怀信/黄留珠）、思想史（侯外庐-张岂之-思想所）、西北民族史（马长寿-周伟洲）和中东史（彭树智-中东所）四大方向为代表，到上世纪八十年代盛极一时，加上当时属于历史系的考古专业配合，可以说西大史学真是在学界呼风唤雨。 而师大一直以来最引以为傲的则是历史地理、隋唐史和古籍整理。代表人物自然是我极为敬佩的史莜苏（念海）与黄永年两大学界bug级的老先生。可以说这二位为师大史学始终位居全国前列奠定了决定性的基础，二位桃李满天下更是佳话。 可以说截止本世纪初，两校在史学上还是势均力敌、甚至西大因为多点开花是稍占优势的。但是周伟洲先生从西大文博学院院长一职卸任后带领着西北所众多同事转向师大这一事件，不亚于五十年代史念海先生从西大历史系转调师大之影响深远，彻底终结了之前的西大史学格局。 这之后西大民族史几乎成空壳，而秦汉史也逐渐式微，取而代之的则是陈峰所领衔的宋史学科。老先生们先后退休调职甚至于离世，但后生们的输血却不是很充分。传统的考古优势在文博解体中也消失殆尽。 相对而言，师大的发展路子就一直很稳，其传统的三大支柱还是基本能够保持，因此单就这十年来说师大史学整体上是不错的。另外就我观察而言，同样是本科生，师大学生的基础似乎更扎实些。 但我们终究是自己要承认是，现在学界的趋势就是大家都往京沪穗宁津跑，再不济人们也更钟情成都武汉等地，西安整体的史学发展前景并不乐观，这点对两校都是适用的。吾辈当努力啊！
陕西师范大学心理系到底收不收文科生？,明确地说不收文科生，大一结束的转专业，文科也不能转到心理学院，考研无所谓，文理都收
陕西师范大学的艺术系是不是学费和一般学生一样 不用多交？？,不是，免费师范生不要学费。如果不想当老师不要报这个学校，艺术专业水的不行。非师范生美术音乐学费每年1w+。不要听别人瞎哔哔什么211吃饭大学，吃的又贵又难吃，全是调料味道。行政化严重，官僚主义盛行。一点实事不干。尤其网络简直吃屎，一秒五掉。LOL白金硬生生给我坑成黄金，这破地方无时无刻不让我恶心，匿了，来自陕师大大三狗的忠告，不要来，会后悔。
陕西师范大学历史系大牛都有谁？,贾二强，师从黄永年先生（已去世文献学专家），前院长，文献学研究的大牛。 黄正林，专业中国现代史，主要从事陕甘宁边区研究，执牛耳者。 萧正洪，前副校长，专业明清史、历史地理学。 曹维安，杜文玉。
陕西师范大学(雁塔校区)的饭为什么比西安其他高校好吃很多？,我是来晒图的。→v→ 唉。。。。手机图太多翻得巨累。。。有人看再更吧。。。。→_→    园丁新窗口的牛肉粉 九块~ o(*￣▽￣*)ブ    学一炸串 一块一串~ o(*￣▽￣*)ブ    学二炸鸡饭(个人觉得是最好吃的一家) 八块~ o(*￣▽￣*)ブ (大份十块)    学二铁板饭 八九十块不等。。。    墨香斋鸡排燃面 忘了多少钱了。。。。七八块吧orz   墨香二楼铁板烧 素的八块，菜随便加o(╯□╰)o    墨香二楼香锅 按重量称的。。。。←_←    园丁的饺子 六七八块不等。。。o(╯□╰)o   园丁的沙锅土豆粉 五块~ o(*￣▽￣*)ブ    学二蒸碗(小酥肉啊！！！虽然图上木有。。) 素三块荦七块~ o(*￣▽￣*)ブ
陕西师范大学的食宿条件怎么样？,建议去陕西师范大的贴吧找找，要问这个去贴吧，或者找师范大的新生群问。
陕西师范大学请假条的作用是什么？,谢邀。 这种假条应该是提前离校的假条。 就是还没有到校历上明确的放假时间，但是学生要回家…… 这种事情就是皆大欢喜互给台阶，对学生来说写个假条不费劲，也不耽误你回家，该写的都写了，辅导员也安心过暑假了。 很多事情都是以防万一。毕竟当前大环境下，不出事大家都好说，出了事大家都难做。 理解万岁。
本人今年大一，是陕西师范大学的一名免费师范生，生物科学专业，对于自己的未来非常迷茫…?,只有自己才会才会困住自己，送给你，好好积累才干，才能理直气壮的做自己想做的
陕西师范大学研究生舞蹈类，难度有多大？,请问你考上了么
去陕西师范大学学化学，读研究生怎么样？,换校长了，但是化学还是很强势的，化学大类专业有几个，化学师范，应用化学化学创新实验班，材料化学，这是本科。 研究生不了解
陕西师范和西北大学的新闻与传播的专硕哪个更好一点？,你好，我是陕西师范大学的传播学研究生，我是学硕。我觉得两所学校都是211高校，整体来说应该差距并不大。之前听一个西北大学的本科生说，现在陕西师范的新闻传播大有超过西北大学之势，但我还不确定是不是这样。因为专硕全国都是新开的，所以两所学校的教学质量、就业状况等其实还没有办法进行一个较为全面的比较。陕西师范的专硕在第一年和学硕差不多，第二年可以直接申请离校实习，基本就不用回学校了，所以实践性还是很强的，如果你觉得这个适合你，不妨在多去了解下~
西北大学历史系和陕西师范大学历史系 师资力量和将来就业前景来说 哪个更好一些?,陕师大的历史系挺厉害的，我历史老师就是陕师大的，校风也比较好。西北大学有历史学基地班
我该去陕西师范大学吗？,不建议来陕西师范大学。个人觉得东部和西部，完全不一样，对视野的开阔，遇见机会的水平都不一样。不知您是否来过西安呢？你可以搜一下你想去的公司，想参加的赛事在什么地方多一点。不要怕考研，保不了研就自己去考，把命运掌握在自己手里。我不想打击您，但是在陕西师范大学研究生？您应该深思！或者您亲自来一趟，感受一下。个人建议，请您看看。
陕西师范大学数学实验班？,师大数学类包括数学、统计、信计三个专业。如果第一年你觉得数分高代学得很吃力或者对数学不感兴趣的话，你可以在第一年末去统计或者信计专业或者转专业。
华南师范大学和陕西师范大学的历史学相比较如何？,广东考生的话，绝对是华南师大了。
湖南师范大学和陕西师范大学哪个更好？,首先，两所大学都是211大学，陕西师范大学是教育部直属的6所师范大学之一，等级高，相比于湖南师范大学而言办学经费也更多，而且全国知名度也更大，这是陕师范的优势，想必陕师范的校园环境 硬件设施之类的要比湖师大好得多，但是湖师大新校长上台这一两年来，已经在着力改善硬件设施方面，未来还是可期的。  但是陕西师范大学位于西北，在现在大家都向往东部沿海大学的背景下，地理位置算是比较偏的，而湖师大位于中部长沙，就地理位置而言，相对于陕西而言要好。  其次，就城市的发展而言，2017年长沙的gdp在全国所有地级市里排名第13位，0.9309万亿元，同比增长9.4%，而西安gdp排名26位，0.6480万亿元，同比增长8%，可以看出，长沙的经济发展和发展前景还是明显好于西安的，特别是长沙的文化娱乐产业尤其如此，例如湖南广电 芒果台等等 可以说是举国闻名，所以就业前景相对于西安而言更广阔。  再次，就两所大学的排名来看，湖师大排名61，陕师大排名67，（基于2017年中国校友会排名），湖师大略高。  就专业而言，中国语言文学一直是湖师大的传统强势专业（具体信息可以百度百科湖师大文学院），是教育部人文社科重点研究基地，就是会有一个基地班，师资水平 保研考研奖学金率很高，学生也很努力。陕师大汉语言专业不太了解，想必也是一个很强的专业。  最后，欢迎报考湖南师范大学。  感谢了的 怎么不点赞…
中国地质大学(武汉)和陕西师范大学的选择？,在这补充一下，小工作300元是除工作之后的，说是发（但是还没发下来过） 另一个岗位的工资稍高几百，除工资之后是补助多几百（补助这几百是年底一次性发放）
西安交通大学、西北工业大学、西北大学、西北农林科技大学、西安电子科技大学、 陕西师范大学、 长安大学、西安理工大学 、西安建筑科技大学、西安科技大学这些大学那些专业毕业后好找工作？,我是西电的，首先说一下西电。  西电的就业率比较不错，一直以来都居于西北地区的就业率的前列。不过我想大家关注的可能不是学校的就业率，应该更关注毕业后能不能找到一份比较好的工作。  通信类硬件类：西电的通信工程居于全国第二， 嫦娥计划五个总工程师三个是西电的；  中国移动总工程师西电毕业的 。例子太多了，就不说了。 作为西电的王牌专业，很  多人将西电的通信工程作为首选。 那么西电的通信工程毕业之后可以去哪呢？华为中兴是比较不错的选择吧。华为最低工资月薪九千，中兴八千。而且最近物联网以及智能设备非常的火热，将来这方面专业的就业比较看好。  计算机类软件类：程序员在这个行业内是非常受欢迎的，很多大牛到BAT，360，金山，58同城，赶集网，年薪20W+以上的不在少数。因此， 西电的计算机科学  与技术，软件工  程，都是非常不错的选择 。程序员并不屌丝，只是将屌丝作为了一种生活方式。  再来说说软环境。个人觉得交大的软实力还是非常不错的，培养了周鸿祎这样的牛人，我去过交大，感觉确实是西北所有的大学的标杆，自由宽松的、重视实践的氛围，是值得每一个学校去学习的，交大大部分专业都是非常棒的，关键是一个好的氛围，因此， 报考交大的各种理工科专业都比较好找工作。 再者，很多公司来西北地区招聘，往往只招交大、西电、以及西工大的学生，招聘会直接在交大或者是西电举办。  当然啦，西电也在努力中。比如 腾讯联合创始人曾李青，西电毕业的，文件大师、  每日瑜伽多个移动互联网产品的创始人或者是联合创始人，西电的 。当然了，现在在西电正在创业的慕声耳机团队以及多个互联网团队，都是非常不错的，我们看到了西电在这方面的努力，我们也看到了西电学生的努力。  清华的学生从一开始就自认为是社会精英，可以做大的事情，而我们西北地区学校的学生，大部分都在想着以后要考研，要做技术。 希望之后的我们，九零后的我们，能够展示我们的青春活力，有自己的想法，有自己喜欢的事情。 然后在校期间能够做点事情出来，让自己真正牛逼起来。
陕西师范大学的非师范类专业如何？,还是别来吧…… 不怎么样，大多数人还是想着去当老师，结果拼不过师范生。剩下的想考研，才发现大学期间学的都是什么鬼！一物理专业的学生到了大三还在学经济学概论！（必修）何况之前已经学过生物概论、化学概论…说是学课交叉，其实就是耽误时间！老师官本思想特别重，反正就是给学生找事干，想有作为还是别来了！
西北大学和陕西师范大学的历史哪个更好 考研的话哪个更容易考一点？,都不好考  西北大学名额少，题目相对较专业，比较杂，会考一些史学史，考古学和历史文献学之类的东西，所以复习的面会比较宽。专业课刷高分很难，印象里似乎录取分不高，但是一旦没有进西北大学的复试，你的总分也很有可能会低于国家线，那就意味着没有调剂的机会，考研彻底失败。  陕师大题目简单，都是很常规的题，没有什么太难的内容（这对跨考生比较有吸引力）。前些年陕师大似乎阅卷比较水，但是这两年明显收紧了，没有过去那么多高分了。陕师大每年历史研究生招生名额都不少，但是报考过于火爆，中国史报录比接近50:1（推测，没有数据支持）。另，陕师大的复试比较残酷，进入复试的里头可能也会刷掉十几个到二十个，一定要重视复试。
怎么看待陕西师范大学今年不允许社团纳新？,鸭梨山大，可耻地匿了，我是手机打出来的分割线------------------------------------------------------------------我首先回应一下某位老师的回答，至于他叫李什么子我就不说了，处处洗白学校也是要按照事实的，无论是搬校区还是调整社团，学校既没有调查过学生的意见，也没有考虑学生的利益，为学生服务这样的口号显得扎眼了很多。不考虑学生的想法，那么所谓的并非专制，又如何辩驳呢，领导集团内的民主如何代表学校的民主呢？         插个嘴，至于装空调的事，我怎么没见呢，我只是听到学校让我们用几百元钱租空调然后自负电费，几年后成本收回，开始盈利，对外宣传师大装了空调，学校这种当了婊子又立了牌坊的手段实在是不知道比其他学校高到哪里去了。好了，说多了。         说回社团的事情，我也只是听说了由某部领导的家服长雁通自称不是社团然后公开纳新，听说了某社团自己纳新却被禁止一切活动然后所有负责人递交成绩单。我是一个社团负责人，也是一个学生，我知道新生加入社团凭借的就是对大学的新奇，第二学期再纳新，孩子们还有什么心情来参与社团呢？我不愿意把这当做阴谋论，认为学校想消灭社团，我只能理解为，这是学校不考虑学生无脑突发奇想搬校区之后所带来的无法避免的后遗症罢了。         最后我想说，三流学校抓纪律，二流学校抓学风，一流学校抓科研。我作为师大的一名学渣，真心祝愿师大早日跻身二流学校，再创辉煌。
陕西师范大学学科教学英语怎么样？好考么？需要准备看哪些书？宿舍及周围环境怎么样？,我今年考的学科英语，总体来说学科英语是最近几年特别火的专业。也是今年师大报考人数最多的专业，报了812个，相对来说专门培养中学老师，毕业了想在西安教书还是可以的
陕西师范大学怎么样啊?,答主雁塔校区待四年了～ 所以只讲雁塔校区这部分～  学校的人文气息是非常浓厚的，校园可以说风景如画一点不为过 【图书馆背后的风景】此为四月 阳光正好，让一生都觉得漫长   【学汇路】三月貌似。 此路是连接教学区和生活区的主干道。我很爱它的行道树，却不知道叫做什么。小粉楼是宿舍。  畅志园 早晨每天都有人晨读（咦，好像其他地方基本也是人，晨读也要占位置…？我不知道哈哈）  周边环境  背靠5A景区，没事十来分钟走路去大唐不夜城，大雁塔，曲江啊溜一圈，还挺美的。看名字就知道这些地方都充满历史人文气息～  往南是电视塔，自然博物馆（图里那个萌萌的圆球儿），天气好能看见终南山哦～传说中的终南山哦～～如图： 学校昵称“闪star”，来自陕西话的“陕师大”谐音。你去听他们讲的时候就知道了，挺逗～ 往西是小寨，属于繁华商业圈，逛吃逛吃的好去处。   本身是师范大学，所以师范专业的是强势。不过，目前在向综合性研究型大学转型，上任校长是材料化学出身的，因此非师范里面材化很好，师大的心理学也很好。  生活方面 有后勤集团，如果有问题可以网上投诉，分分钟解决真的特别给力。        我们有次上课的时候投影仪有问题，老师让我们去给后勤的说，我们问老师为什么不能顺便一说咯，老师说在学校学生都是上帝，老师说了没人理。我当时还不信，后来又上了几次课实在忍不下去那个模糊的投影仪了，就去网上反应了，结果第二次上课果然换了新的，老师高兴的不行，而且听说学校没存货了，还是从新区拆了一个按过来的。。。平常宿舍门坏了风扇坏了厕所堵了都是很快解决，生活还是比较舒心。       食堂公认的西北地区最好吃，外号陕西吃饭大学。总共三个食堂，随你吃遍。如果作为吃货学校食堂不能满足你，还有师大路，女生天堂，有甜品，韩国料理，披萨，西餐，咖啡店，零食小吃正餐全部满足，最关键价格还很亲民！ 食堂一楼手抓饼特别好吃 食堂一楼手抓饼特别好吃     澡堂的话都是单间，里面有柜子，架子，还有凳子很神奇，一应俱全。     周内晚上都有广播综艺外语新闻不啦不啦，食堂一楼有很大的led屏幕也会播放很有爱的东西，比如学生自己做的微电影宣传视频什么的。另外，所有教学区的卫生间都有厕纸，这个幸福感爆棚有木有。唯一不好就是宿舍一般般。 教学楼目前都是新修过的，都还不错，本人最喜欢教九。 最重要的，网络。学校基本都是无线覆盖，每月有1.5G免费流量，超过要自己买，10元3G的样子吧，不过最近好像有老师在提要增加免费流量。网速还是可以的。教学区和办公区的网不记流量。。这是要把我们都赶去上自习的节奏，至于自习内容嘛haha。   学术方面     导师。学校在大一的时候就会给学生分配导师，有什么问题都可以跟导师交流很赞。 奖学金。除了国奖励志，专业奖学金啊，优秀学生什么也就一两百块，感受一下～～     讲座。每周有数不清的不同类型的讲座，尽情挑你感兴趣的去听吧而且都是大牛，有的真的会让你收益匪浅！     教授接待日。每年会有一次，不同领域的教授，可以近距离交流也很赞。但请提前做好功课，准备要讨论的问题。     项目。每年都有科研项目可以申请，可以做还有经费拿。当然也有创业类的。     暑期学校。暑假学院会邀请外国学者来讲课交流，一般两个礼拜，纯英文的，很锻炼人，也挺好玩的。去年有个舞蹈治疗什么的。目前我参加过两次，感觉都不错。     暑期社会实践。这个分学校的和自主申报的，院会和学生会的由老师安排，自主申请的就比较随意，可以做专业相关也可以不相关，申请通过的话有经费。各种报销出去玩有木有。我组织过一次自主实践。就是报账会很麻烦咯。      学校非常有钱，教育部直属的。。zf拨款加校友捐赠。去年有个校友捐了五千，万，zf补助了五千 万。花了一个亿盖了个学生活动中心。。尼玛。。当时觉得很奢侈，后来被告知在实验楼研究室什么钱都没地方花了，才有了这么个。。里面有很小资的咖啡厅，喝过，价格不算低但也中等，味道还可以。  其他     社团什么的我们学校比较垃圾，志愿类的多，而且都比较保守，学校行政化比较严重。学院的话其实都还好。     学校特别支持学生自己实践idea，比如有毕业的学姐给母校做的明信片，手绘地图，都被放在校网首页宣传。学生自己做的微电影都会在大屏播放，虽然最常播的还是外语新闻吧。。创业的话学校有就业创业中心，都会给一定支持。反正校领导啊教授啊什么都是很亲民嗯来着~虽然木有根叔辣么有爱哈哈。 平常也会有很多对外交流交换的机会，保研机会也很多。 想做兼职的话有家教服务中心，但是要考证，你没看错！要考证！家教服务中心的“家教资格证”！持证上岗！而且！！毕业找工作有机构招老师标明优先要“有证”的毕业生，嗯。  还有学校的新媒体建设，听说今年新传院开了新专业就是新媒体相关的感觉好屌。。 学校的官方微博和官方微信都做的很不错各种有爱，听过负责这方面老师的讲座，非常萌萌哒哈哈。而且在高校里做的都是很不错的，获了很多奖。其他相关微信平台和微博账号也很多。其他都是学生做的或者校友。  说了一堆好的，当然也有不好的了。 校风保守是诟病。校训是 厚德积学 励志敦行。有老师开玩笑，我们学校学生最后都剩厚和敦了。。学校也对商业宣传很抵制，曾在外联的表示真心不好活→_→，曾经有个公司愿意出一万五，只是买我们一个晚会的冠名。。只是冠名，什么其他宣传什么都没有。。而且还不是校级活动，只是个部级的。。学校很果断的，拒绝了！瞬间脑补高风亮节的风骨文人的傲娇脸，但是妈蛋人家又没让你奉上贞操啊何必呢！其他的商业活动更是卡的严的要死不说了，感觉都是泪→_→ 不过学校是在保护传统文化吧，尤其师范学校，太功利总归不好。 另外，对于喜欢中国传统文化的孩子，这里绝对是天堂。有很牛的历史文化学院文学院，教授上过百家讲坛。 学校里有书法 武术 戏曲 古代诗画 剑术 各类社团，都非常赞。  留学生超多，欧美的很少很少。 对了，有些留学生特别喜欢搭讪学校女生，望新生们留意，有些会带着约…的目的，但也不是所有人，这个稍微留心下就好。留学生小伙伴也蛮值得交往的，可以发现很多文化上有趣的事情。当然也有不有趣的事情哈哈。  出国 对于各种出国和语言考试有补贴，雅思托福考过多少分会奖励不少钱，基本等于赚了一次考试。家庭贫困还能报销考试费用，不考白不考。 学校有很便宜的雅思托福培训班，师资力量绝对比外面强，最近好像要免费了，有意愿的也要留心。  就是一普通的西北211大学，有问题可以再问。   最后，以上所有言论完全出自本人。不保证完全公平公正客观。
陕西师范大学食品专业研究生如何？,千万别来，超级穷超级烂！
请谈谈陕西师范大学外语学院教学秘书马维华？,自带中二属性，无理由的自信【划掉】自大。做了不少损人不利己的事儿也不知道他图啥，想一出是一出，通知事情从来不知道提前是什么东西，能提前一天跟你说都不错了。跟他说个话还得离他两米远，去找他问教学问题的应该很少没有被他吵哭过。转专业的时候，上午的考试，一直到考试当天早上还没通知学生在哪考试，因为他一直没把名单交给相关院系，搞得人家不得不把转专业考试推迟。说句不好听的也不知道他怎么能在这样的高校当老师，这种人干出耽误学生的未来的事儿是迟早的事儿。  
在陕西师范大学上学是一种怎样的体验？,作为一个妹子，分分钟要弯
陕西师范大学雁塔校区的由来，设计者是谁？还有图书馆呢？,我只是听说 第一任校长是搞园林设计的 所以老校区有很多。。。。花花草草（不好意思词穷） 然后老师有说过师大的植物种类比后面植物园的还多。。。表示我被惊到了⊙▽⊙
陕西师范大学研究生文学类哪些专业好些？,你现在有结果了吗 
从现在开始准备考研还来得及吗？用什么好方法？想要考陕西师范大学专硕小学教育？,泻药。 因人而异。谁都不知道你的实际状况。英语怎么样。专业课之前有没有了解。想获得一个好答案。起码你得先提一个好问题。
陕西师范大学教育学考研？, 可以考呀，就也可以的啊 
如何看待陕西师范大学八角茴香卤鸡风味博士课题？, 我非常非常感激豆友 猿形物体的  也谈卤鸡腿博士   这篇文章 ，我从这篇文章中得到很多安慰和言辞激烈的快意，因为我也遭受过同样的质疑。这些质疑来自网友的可以一笑了之或是一怒拉黑，但是总不能跟父母和各种亲戚断绝关系吧。  前段时间，我把 孔子有没有佩剑  这个问题下的答案看了一下，在各大数据库搜索都没发现相应的研究，就自己看了很多资料，写了一篇5K多字的论文。 参与院里免费发表的时候却被行政的同学毙了，他们理由约为 研究孔子佩剑问题没什么用。  连重点大学在读本科生都不知道学术论文的作用，所以我很容易就谅解了某些辱骂孙博士的网友。 同时也感到无奈。他们拒绝的理由也是部分网友的看法。 也是我父母和亲戚们所口述的《国学历史学之无用论》中的观点。    有实用价值的食品研究尚且被如此嘲讽，没有短期实用价值的人文学科比如历史研究就更不用提了，只不过是因为太闷 吸引不了媒体眼球，才躲了过去。  我们从这个事件中可以看到，普及学术精神和学术价值的路还很长。 需要将来我们这些更懂网友的年轻学者们更加努力。
想问陕西师范大学的美术学研究生毕业后在西安当美术教师好当吗?,西安人非陕师大毕业（但是一样的教育部直属师范院校）专业为美术学免费师范生，不请自答。  就业方面，研究生是有一定的优势，毕竟学术水准大部分是高于本科生的，但也仅限于高等教育的平台上。对于西安中小学招美术老师，其实师范生比研究生优势更大，尤其是针对有西安户口的。
