在上海财经大学读文学类研究生是什么体验？,17上财汉语国际教育考生，明天出成绩，准确来说是今晚出成绩（因为已经过了零点…又早睡失败…） 身边有很多人不解，你要学汉硕干嘛不去师范学校起码也去个综合性大学啊！上财这个专业才招生第三年去做第一批尝螃蟹的人干嘛？ 其实我本科是在一所师范学校学工科的（哈哈哈哈哈所以研究生去财经学校学文科一点也不奇怪！），作为三跨生，决定考上海的高校我真的鼓足了勇气，上财有商务汉语的实践基地，虽然教学水平相比华师对外经贸甚至上大都有所欠缺，但是对我一个专业零基础纯自学的考生来说绰绰有余了，关键是资源多啊！留学生多的学校还怕我这个专业没有用武之地？？所以尽管有点担心出分了自己会考不上，但还是一点都不后悔报考了上财，说实话这个学校前二十二年从来没有出现过我的梦中，因为我个人不是很喜欢金融类专业，不过有时候人生就是这么奇妙啊，当年不在意的东西时过境迁后反而成了心头的朱砂痣哈哈哈。 给题主这样一个建议：不要想这个学校有什么，而要想你在这个学校能得到什么，学校其他专业再好，你的专业无人问津都没有意义；反之学校一般但专业资源很强那就值得一试。祝好运，希望九月份可以在上财等你 (*≧▽≦) 
求解答~~上海财经大学的全日制会计专硕（mpacc）女生宿舍条件如何？,直接去上财的贴吧去问更好，
上海财经大学 会计专业 研究生方向的 区别？,这些都是考上之后才应该考虑的问题，现在你应该先想想如何考上上财。上财专硕很难考，初试收分高，复试要考经济学+财务会计学的内容并且刷掉2/3的人。 至于你说的这些方向，录取之后还有很长时间可以考虑，跟导师的领域有关，而选导师是开学之后的事情，而且并不是想选就能选上的。
上海财经大学毕业后回北京发展容易吗？如果打算研究生出国本科需要准备什么？, 这位就是上财国际金融专业，本科期间担任研究助理（中科院），实习（渣打银行、美林证券等），后赴杜克大学深造，现任职于中国国际金融有限公司投资银行部（北京）。    https://www.  linkedin.com/in/michell  ehuang28/?ppe=1        登陆后可以看到教育背景等。 
家里有一个上海财经大学来的家教是一种怎样的体验？,我有过！举爪 我家里曾经找了财大的学生来给我辅导英语，那个姐姐口语很棒啊，说英文很流利，而且语法知识教的都挺不错的。 最重要的是性格很好，很有耐心，现在跟那个姐姐成为了好朋友，虽然不补了，但都一直有联系。 总的来说，就是教的好又性格好，长得嘿嘿我是个女的都要被她撩到了（*  *）害羞
西南财经大学和上海财经大学的比较？,四川大学和复旦大学的比较？ 不喜帝都，但都言复旦大学之好。 我该如何选择，特请指教，在线等，挺急的。 好吧，那我回答得认真一点： 如果能够去上财的话，就不用比较了。 如果去不了上财的话，也不用比较了。
上海财经大学信息管理与工程学院硕博连读夏令营如何准备？,我就是个本科生你邀请我回答这个做啥呀
如何看待上海财经大学毛概考试闭卷？,与开卷无异
你为什么不推荐考生报考上海财经大学？, 在上海财经大学 (SUFE) 就读是一种怎样的体验？ 
2015年厦门大学经院和上海财经公共经济专业同时被录取入营，不说前景，只想知道哪一个录取比例高?, 学长or学姐（抱歉看不到个人信息）最后去了哪个呢 ？  我现在还在投申请嘿嘿 
在上海财经大学 (SUFE) 就读是一种怎样的体验？,也来回答一下这道题吧。前一半是概括我的观察，后一半是一点自己的经历和感触。  利益相关：上海财经大学国际会计ACCA本科2004级，会计学研究生2008级，2011年毕业，一共在上财待了7年。没混过学生会和团委，参加过1个社团，大学期间在就业指导中心工作4年，对上财毕业生就业这块有比较多的了解。  上海财经大学的综合实力在财经院校垂直领域排名是数一数二的，这个排名绝大部分同学在校读书的时候不大能感受得到，很多榜单都这么说，我也就这么引用一下。和所有在校生相关的毕业生就业这一块，由于上海的独特经济地位，学生毕业以后的出路在各个“财经”打头的院校里应该算是最好的，在金融、财务等岗位的竞争力和top知名综合院校也可以比上一比。  可是呐，上财很小，所涉及的专业不多，放在别的综合大学里，整个学校可能就是一个经管学院外加几个小专业这种规模，自然在很多方面和综合大学没法比：专业广度、校园面积、课业及生活丰富程度、知名度，等等等等，差距客观存在，且不小。有的同学会因此对学校小失望，有的同学不太有所谓，我是后者，毕竟，这差距是有基因的，何必去抱怨无法改变的东西呢。  客观来说，上财的学生有种小国心态，数百米之隔的孵蛋大学太耀眼，让上财的同学们多少有一点不自信，体现在细节上，就是总会有意无意地与孵蛋大学相比较。有两种固定句式一直在较劲——“旁边的学校也就这样”VS“哎，我们又比不上旁边的学校”。在学校内部，优势学科和非优势学科的同学们在心态上也有些微差异，金融学院、会计学院、经济学院、工商管理学院是传统优势学科大院，气势略盛，非财经方向的小院则低调一些，不过也许是受所谓传统的束缚比较少，小院奇葩比例相对较高（我这里的奇葩是褒义词），我认识不按常理出牌的有趣校友，一一数来，多来自小院。  上财的同学自认为比较“实际”，褒义的方向是务实，贬义的方向是功利。财经院校嘛，难免的。大学生活少了份风花雪月，多了份对未来的设计和打拼。大一就开始做职业规划，在校时就开始考CPA，绩点松的老师受欢迎，有人觉得这样很充实，有人讨厌这样的势利，这都没什么，每个人有每个人的活法，上财可能恰好不太适合过于浪漫的人。  整体学习的风气还算是不错。答主来自上财最苦逼的专业之一，对大学的印象就是上课、自习、考试、上课、自习、考试，无限循环，连谈恋爱的档期都没有，有时候竟然觉得比高三还要苦一些，如果日子重新来过一次，可能还是这样。当然了，大学里总有不同的咖，有学生活动咖，有Dota咖，有混日子咖，有学霸咖，每个学校都是一样，上财也不例外，答主恰好被迫成为苦逼学习咖而已。    以下是一些纯个人私货，仅代表个人经历和意见，不代表我的校友们，辩证着看看就好。  如果让我来总结在上财读书的经历，我会说：这故事有一个莫名其妙的开头，但有一个happy的ending。  我是从湖北考到上财的，说实话，在报志愿前，我压根没听过这所学校，恰好当时的ex想报上财，恰好我高考又发挥得比较不知所云，就莫名其妙怀着复读的心胡乱填了上财，又没想到糊里糊涂地没有复读去报到了。这一年，我记得上财在湖北只招10个人。身边几乎没有一个人知道这个学校，去学校报到以后，从江浙沪包邮地区的同学处了解到，上财在当地还很有名气。初入学的那段时间，作为一个外地学霸，感觉专业课很轻松，最难搞的高数也不过就是我的高三数学课本而已，但是英语和上海的同学相比差距很大，于是开始了漫漫恶补英语之路，差不多花了3年时间，才让自己的英语达到上海同学平均水平。  大一大二的时候对于学校专业过于垂直还有一点压力，偶尔去复旦旁听人文类的课程和讲座，在考虑要不要考研，要不要出国，全面提升自己。后来我发现，喜欢学习的人怎么着都能学习，不喜欢学习的人放在哪儿都一样撒开了玩，就不再纠结综合性大学与专业型大学的区别了。在这方面释怀以后，反而感觉能在上财是一种幸运。是的，我非常喜欢她的务实。我是一个典型的文科生，浪漫起来简直要蒸发到空气里，风花雪月吟诗作对天下苍生什么的，自己都能把自己恶心到，拜上财务实的风气所赐，我从大一起就摆脱了不接地气的酸文人习气，学习怎么去规划，怎么去设计自己的路，怎么去算利，怎么去赚钱，实实在在地中和了我乱飘的状态，对后来的人生方向起到和非常重要的作用。  拜务实的校风所赐，我大学期间虽然鬼点子无数，一度想过创业，想过休学去支教，但仍然非常老实地好好砸下了一个好看的GPA。  拜浪漫本性所致，我大四上学期很痛苦地陷入了虚无抑郁状态，完全不想找工作，不想谋未来，几乎把好工作机会全部错过了，但幸亏有个扎实的GPA，走投无路时走了保研这条路，救了我一程。  拜务实的校风所赐，研究生期间我跟了两个非常敬佩的老师，老师丢过来的论文资料和讨论班课业把我折磨得生不如死，但还是咬着牙狠狠地啃完了，从此对潜心做学问的学者有了更深一层的敬意。  拜浪漫的本性所致，还没有毕业我就嚷嚷着要休学出去Gap Year，老爸老妈的心理压力很大，幸亏我自认为是一个懂事的上财人，坚持要自己赚钱养活自己，发挥啃论文的牛皮糖劲头，硬是花一年的时间给找到了一个钱多事少的活儿，屁颠屁颠去芬兰旅居去了。爸妈不纠结，学校不纠结，我也不纠结，很开心地走完整个Gap Year旅程。  拜务实的校风所赐，研究生毕业后我拿到了一些非常好的金融行业的offer。  拜浪漫的本性所致，拿到offer后就开始不安分，壮着胆去到处溜达，最后选择自砍一大半薪水了去一家喜欢的初创公司，加入创业团队做市场方面的工作，后来又调整方向，在企业里做和资本市场相关的事情。现在工作5年多了，对工作的感觉，仍然跟初恋一样，我很珍惜这样的状态。  从大学开始，走的每一步，总有一个声音在我耳边说：钱不重要又很重要，可以做远方忠诚的孩子，也可以做物质长期的情人，这两者并不冲突，你要学会让钱为你做到你想做的事情，而不是困在一辈子赚一两套一线城市房子的小格局里。不要矫情，不要发神经，把患有多动症的心按下来，踏实走好每一步。而这份踏实，正是大学这些年上财给与我最好的礼物。  也有想过，如果换了一所自由的综合院校，我的人生和在这里写下的大学生活感受会不会迥然不同。这几乎是一定的。人生没有假设，我在上财的生活虽然简单，但所幸遇到敬佩的老师，遇到很多一辈子的朋友，遇到浪漫，遇到现实，弯路走过很多，有时候，也会对她失望，但这些经历，都是我的财富。我想我爱这所学校，以及在学校中遇到的苏菲er们。
人大、南大、上海财经大学应该如何选择？,二流的个别券商要卡985，其实国内最好的券商，全都是211的标准…… 甚至今年券商缩招，国内top的几家都是要清北人+复交财的。。南大w大都直接列入仅宣讲但不签offer的院校名单了，985真没那么大的卵用  2016年，上财人均薪酬仅此清华，全国第二。 南大是论985没人大好，论就业没上财好，反而不建议了
报考大学时想在杭州上海上大学，财经类，有什么推荐的吗？,浙大，上财，复旦，交大都是不错的。
上海财经大学金融工程与量化投资复试c++如何准备？,你书买错了！！！！！  ～～～～～～～～～～～～ 对了，而且计算机等级考试也没有c＋＋呀！你练习题也找错了吧！    
如何看待【1.3万人报考上海财经大学，超清华北大】？,财经分数线肯定比复旦交大低，很多中游或者中上游考生保守很多都填财经，而且目前相关主要专业的未来发展势头都还不错
怎么看待上海财经大学不是985？, 决定你的前途的不是学校的头衔，而是自身的实力。 
在上海财经大学（sufe）当一个与学校主流气质不符的人是怎样的体验？,前几名大学的经济学院。同感。并且是跨专业保研来的。之前在外语学院。对比之后还是更加喜欢外语学院的氛围啊～满满都是情怀，处处都是有趣，不管是上课时老师放的美剧，还是讲起那些做田野调查时遇到的奇人异士，不管是课上分析的贝奥武夫，还是课下排演的堂吉诃德。虽然在本科期间并不觉得多好，但当来到了一个相当务实的经济学院，各个聊的都是实习、券商、股票、发财，不免太失落。到现在马上要毕业了，我也不知道我这两年混了个什么学上…学费还贵得吓人…而且我到最后也没有进入金融机构，而是去了政府部门…哎，我最错误的决定就是当时随大流、被现实蒙蔽了双眼，选择了读金融硕。唯一的收获就是确定了自己真的不喜欢金融圈和金融人…  
选南京大学还是上海财经大学？,专业上后者强于前者，综合性上前者强于后者  确定金融专业了，我这里不妨建议本科学数学，后面的路更宽广  祝好，谢谢
如果去上海财经大学的弱势专业会怎样？,作为今年毕业的财大大四狗，想认真回答一下这位小朋友的问题，希望可以帮到你。首先，我当初填财大志愿被极差分给坑了结果去了一个财大非常冷门的专业，当时我立志一定要转专业，然后大一上过得和高三差不多（尤其是期末 ），最后成功的转了专业。所以小朋友如果你有很想读的专业但是现在没办法录取上，进来之后还是可以通过转专业调整的，不过要做好努力的准备。其次，虽然转专业了，但我和原来班级的同学关系都很好，也知道一些冷门专业的情况。其实不管冷不冷门，你只要努力了就可以很牛掰，财大你可以修二专，虽然课有点水但如果你研究生想转专业的话还是很有用的，一般冷门专业的专业课老师给分都很高，所以只要努努力大学绩点都挺好看，而且平时比较闲，可以做一些自己想做的事情，为了弥补专业上的缺陷你可以自学其他知识。   我大shufe作为一个专业性很强的学校，很多人说考证氛围浓厚，讲座是各种就业分享留学分享，但是经历了找工作你才会知道财大早早让你了解象牙塔之外的世界其实很有必要。很多人羡慕综合类大学浓浓的书香人文气息，觉得财大功利，但读了四年的人想说，厚德博学经济匡时真的是一个好校训，我们就是要做经济类的翘楚，术业专攻也不是一个不好的选择～    欢迎报考上海财经大学 
应用经济学去上海财经大学经济学院读还是中山大学岭南学院读？,就业的话 去两财一贸 学术还有本省便利中山吧
法律硕士对就业有多大影响(律师)？清北复交毕业优势大吗？（二流本科）上海财经大学怎么样？,谢谢邀请！我是西政法硕。个人觉得学校对进top所有影响，但绝大多数还是看你法律思维、性格、有些业务也要英语，我觉得学校不太有影响，只要你性格好，个人觉得性格大于法律，学校教的微乎其微，好多都是以后实务操作接触到的真枪实弹的操作，所以，个人觉得要英语好，要修炼自己性格，个人觉得学校位置比所谓排名重要，因为将来找实习也比较方便，所以总结：性格&gt;学校所在地&gt;英语&gt;法律排名.当然，这里说的英语比法律重要是说在学校要打好英语基础，特别在一线城市，英语相当重要，盈科，金杜等都有英语入职面试。你在上海上学就是最大的优势，学校地理位置很重要。个人感受，仅供参考。
读会计，是去上海财经大学还是去厦门大学好？,本科建议厦大，我财保研率感人，努力学了个四年最后差了几名能保研又没钱出国的渣渣匿了（最后考了本校研究生，同专业有个武大专业排名百分之30的同学保了过来。。。厦大应该也差不多）
如何看待上海财经大学的这些规定？,我是支持上财这么做的，没有A级不续约是很好的制度，这是上财取得今天如此进步的根本。  很多年前，有人问张五常他和汪丁丁的学术争论，是否导致后者被香港大学辞退，转校到北大。张五常说不是，原因就是因为汪丁丁的没有达到香港大学的论文发表要求。这么多年来，香港大学的国际排名还是比北大高，用阴谋论揣测香港大学有意思么？  用论文质量考核学者国际通行的做法，许多经济研究落后地区都在引进这套制度，比如法国图卢兹大学。前年的诺贝尔经济学奖得主梯诺尔和其老师拉丰，就是带着建立世界一流经济研究所的梦想，在图卢兹大学产业经济研究所引进这套严格的制度的。如今多年过去，图卢兹大学全球经济学排名25，法国第一。  中国这样的学术环境，更需要如此僵化的考核体制，才能起到激励学术研究的效果。别谈什么教学、人格魅力之类的，这类东西太容易被领导利用了，他们可以随便找个理由安插自己的亲信，其他人根本无法辩驳。当年在北大，张维迎想引进这套考核体制，后来阻力太大，自己落马了，看戏的人很多，都成了新闻热点。如今外行人可能不知道，看看全球 University Economics Ranking   吧，上财已经是中国第一了。  上财能在 University Economics Ranking   战胜北大、清华这样占尽政策优势的学校，其苛刻的制度起到了无可替代的作用。不是我说，无论茆长暄有怎样的学术能力、人格魅力，真是为了上财好，就不要想开突破制度的先河。
当初填志愿填上海财经大学，现在入学之后是什么感受？,谢邀，提到我一段有惊无险的人生经历了，现在想来还想心有余悸，不得不说一个人的命运啊，当然要靠自我的奋斗，但是也要考虑历史的进程。。。  以下是回答正文：说到考完填志愿，真的是处处有坑啊，其中上海高校有一个比较特色的录取制度，那就是 分数级差！分数级差！分数级差！重要的事情说三遍  我是2011年安徽高考的理科考生，当年的高考分数比上财的分数线只高两分，考完试很放松，家里人对志愿填报不是很了解，打电话咨询招生办老师也是一直占线，由于我们地区实施的是知分填志愿，根据往年的录取情况我比较大胆的选择了上财作为自己的第一志愿，这不是重点，重点是第一志愿的第一专业我选的是会计学院的某专业，熟悉情况的小伙伴们大概知道会院的大部分专业历年分数线都比录取线高10分左右，最关键的一点是我没有服从专业调剂啊啊啊，当时毕竟too simple，sometimes naive，没有服从专业调剂的后果是级差降分比较录取，上财的分数级差非常厉害，33111，意思就是第一志愿没有录取降低三分跟别人比较，第二志愿没有再减三分，以此类推.... 所以，我差点被这个政策坑死，当时如果会院报名的人很多而他们的分数又恰巧比我高，我只好按照级差制度降分再与其他同学比较，按我当时的高考分数最后的结果很可能是要么平行志愿要么退档复读，当时网上填完志愿以后很久才知道详情真是吓尿了，在那个暑假跟家里人第一次来到上海，在财大招生办的信访接待处咨询，来的路上心里其实已经做好回家复读的准备了，最后招生办的老师告诉我说当天上午已经结束了安徽地区的招生工作，很幸运的被会计学院财务管理专业录取，听到消息的时候激动坏了，相比之下高考查分时的心情却是十分平静。最后在这个小小的校园里我度过了大学四年美好难忘又略带遗憾的时光... 我不知道从那以后的志愿录取情况有没有变化，但还是希望这种级差制度设计的更加科学合理和公开透明，也希望有志于考入母校学习的学弟学妹们心想事成 ~ 很惭愧，就做了一点微小的工作，谢谢大家 (～￣▽￣)～
就法硕的就业情况而言，复旦大学和上海财经大学的差距有多大？,两校法硕都有认识的人，包括交大，最终结论是这三所学校法硕就业差别不大。基本想去的律所投行学历门槛都能进，差距在个人，比如本科学校，证书，情商，性别。
国贸专业值得考研吗？考上海财经大学研究生与考注册会计师哪个难？,说实话，大二考虑考研是否有点早  并且考研和考注会，两者的价值取决于你的需求，而且读研的时候也可以考注会啊，并不冲突。
如何评价上海财经大学？,2014年2月28日 [不定时更新] 对于一个学生来说，学习氛围，首先分类为三类，学术、活动、实习。 对于学术人来说，每个学校都差不多，我去复旦同学自习的时候，就会发现那些学物理和数学，就是要比我们刻苦。 对于活动的人来说，基本目的就是刷绩点，然后其他时间都有效的利用到活动去了。财大的活动很多，基本每个学生，只要你四年不是整天待在寝室的，那么你一定会被拖出来，做些学生活动，无论是社团还是其他组织。因为这里人太稀缺了。给个对比，比如同济，在校人数是我们的五倍，所以他们的很多学生，就真的是在寝室打了四年的游戏，然后也可以什么都不参加。我不是说参加活动不好。我只是觉得在财大有点盲从。 对于实习的人来说，财大实习很猛，并且靠着代际之间的积累效应，学长带学妹，学姐带学弟，于是财大实习一直很热。很多大二下就开始了。到了大四的时候，基本什么样的实习都有了。但是注意，这个什么样的都实习了的，针对那些大一就来就很有目标人的，条条计划着。 顺便说一句，我们基本都是考试最后一个月开始学习，几个通宵熬过去，不比那些平时刻苦的差多少。当然你要拿奖学金一等奖的话，那么平时刻苦比较保险。  说说图书馆，财大的图书馆可以说上海高校里面数一数二的，反正去过同济和东华的，相比之下，财大的好。但是你要说内容全面，经过考察，财经类多，人文的也还可以，但是外语的比较少。图书馆每到考研季和考试周，特别紧张，不早上去占座是抢不到位子的。因为教室只开到9点半，并且冬天冷。 财大的图书馆会让你体会到读书真好，因为研究生自习地方比我们本科生好很多，很多，如果估值一下的话，我们可以拥有2m^2的面积和1张桌子和插线口。研究生的条件比我们都好，并且还有电脑。虽然都是自己带电脑的，学校的电脑不习惯，浪费时间去适应。  学校在自力更生这块做的不错。我有个同学，她家里条件不是很好，我在和她聊得时候，她说她很早就开始自己兼职和实习，开始自己养活自己，并且现在混得很好，现在应该在欧洲交换。  如果家庭条件不好，你可以在这里找到很多正当养活自己的方式，因为财经类有强大的吸引力，财大给予你找实习还是有很大帮助的。但是你说想秒杀复交，那么是不可能。如果要从不可能中找不可能，那么唯一可能就是你为什么当初不考高点？ 并且你可以用到教技等免费的资源。你可以感受到这个学校的关怀，他给你一个自力更生的机会，并且告诉成本为0. 每年我们都有励志奖学金，给一些家庭不是很好的同学，要求不高。但是也是奖学金，给他们的目的是鼓励，即使不在学业上。即使这个拿奖学金的人，学习不优。因为在本校，英语很重视，不发达的地区同学口语比较差。比如我读的专业，学分一半都是英文教学，我一直被完爆，从未超越。但是一直在进步。  财大有很多人在准备出国或者考研。但是考公务员的少，如果按照不懂脑子里想，是不是觉得这些不屑于考公务员的学生，很有骨气？  大三可以参加学校的交换，可以去很多国家，只要考一个语言成绩和不太差的绩点就可以。  生活，财大是四人、三人寝室，但是人均面积就不大，但是阿姨卫生检查的严，所以“麻雀虽小五脏俱全”。在学校，早餐一般3块解决，中饭晚饭10块左右。财大有比较多体育场，网球场居多，因为有历史原因。还有游泳馆，不过比较贵。一般我们都是因为周日没洗澡的地方，才去的，因为可以免费洗一次澡。  总的来说，财大不好的地方，都在暗处，但是都是我们能够忍受的，因为我们从很小就一直在忍受。在公平这块，他已经走得很前。 —————————— 2014年10月15日 大四 有两个想说的。 1. 学校新修了绿叶餐厅和门诊医院，逼格都很高，设施都很好。为了买份饭，你要排很久的队。学校的门诊你不去都不好意思，连门诊爱意都说：”放着这么好的设施你们不用，浪费？“ 2. 这里是一个很好的队伍，即使你很懒惰，大四的时候，这里紧张的气氛，也可以帮你刷成网申王。  —————————— 2014年12月10日 大四 新园食堂 最近经历求职季，offer这个东西有或无、多与少，有人喜有人忧。 以我个人而言，虽然自己求职纪录也不是很理想，但是去面试的时候，总觉得自己的学校还是给自身加分的。如果碰上无领导小组讨论，如果加一个“撕逼”环节（就是辩论），我最不擅长了，但是如果队友是校友的话，那么心中还是比较淡定的。 因此就业导向的话，咱们的学校无论从氛围、雇主心中的地位都是给予我们很多的。
上海财经大学文科生专业金融学，财务管理，公共管理有什么区别？, 区别不在于专业，而在于个人，你努力的话，读哪个专业都一样。你不努力，读哪个专业也一样。  这几个专业，性格外向就金融学，内向就财务管理。想读研就金融学，想直接就业就财务管理。不绝对。金融学在金融学院，财务管理在会计学院，都是上财的王牌学院。 
如何看待上海财经大学强行将陌生人安排进他人寝室住宿？, 上财的部分学生真是越来越矫情了，学个数学分析都要叫苦，为了蝇头小利倒不惜大动干戈。学校千般好，认为理所当然，学校有一点不是，就上纲上线，指着鼻子骂娘，典型的“升米恩，斗米仇”，薄情寡恩，跟茆长暄几个学生一个德性。好的不学，坏的倒学得挺快，你这么自甘堕落，你的中学老师知道吗？  别说学校要协调成千上万名学生了，你的父母只照顾你一个人，都难免会有不如你意之处，你是不是也要把他们挂到知乎上来、点名道姓地公开羞辱？你真的觉得这是最好的处世之道吗？那你进入社会之后有得苦头吃了。  如果你想帮助学校进步，请你用善意的方法，就像大多数师生校友一样。 一个伦敦的导游，跟你说一个上财的故事 - 知乎 。  其他学校往往是部分领导在拖后腿，唯独上财是部分学生在拖后腿，真是奇葩。这是招生制度的漏洞，重智力，轻品德， 建议上财在本科生、研究生招生环节均增加品德考察环节，只录取德才兼备的学生 。  建议上财加强通识教育，为人、处世之道，培养公民意识，合格公民，先学做人，再学读书。  建议上财设立“厚德”奖，授予品行良好、有口皆碑的教职员工（含宿舍阿姨、保安等）以及学生、校友，正能量典范，作为上财最高奖，其次才是学习科研等业务奖。  同时建议加强学术型人才的培养，以吸引越来越多的学术型学生，降低就业型学生的比例。冲着上财就业好、从而选择上财的部分学生，往往功利心重，自私狭隘，缺乏大局观，这类人最容易拖上财的后腿。要降低这类学生的比例，最好就是通过学术人才的培养，以吸引越来越多的学术导向的学生，改造上财的学生风气。  建议上财实现男生与女生1：1的平衡，将其作为一项重要的办学努力目标，经过长期的努力，逐步接近1：1，这对上财具有巨大的战略意义。   利益相关：上财毕业生 
上海财经大学经济学专业，准大三，绩点低，考虑毕业出路，求指教？,1.GPA至少3以上是英美大部分学校的最低入学标准 2.雅思7.0，单科6.0可以满足绝大多数美国学校的最低入学标准，以及英国的入学标准 3.港校由于和美国录取机制类似，是和同时申请的人竞争，而不是达到标准即可，竞争较激烈，目测我们这级都是3.4左右雅思6.5及以上的人在申。 4.你可以选择考研或者直接工作，这两个不关心你的GPA。 5.执意出国可拿澳洲垫背。  不过，楼主把大三的课上好，GPA还是可能刷上去的。 ps. 经济学院GPA和其他学院没有可比性。
本人上海财经大学经济法专业大一，要选双专业了，求问辅修会计和金融哪个比较好呢？,建议选择金融，两方面理由： 1、你的初始专业是经济法，选修金融学可以在某方面促进你的本专业。虽然不知道你具体的方向是什么，但是经济法中含有很多金融监管方面的法律制度，此时再选修金融学，可以和你的初始专业呼应，便于你更好的理解金融监管法律制度的实质； 2、金融学涵盖的方面更广，体系感更强，对于未来就业可以产生相对更多的正面影响。金融学是一门系统的大的学科，如果能够通过认真的学习（而不是蜻蜓点水）从而在脑海中架构起金融学方面的大概轮廓，然后剩下的无论是会计学还是其他分支类的细化学科，都将是在金融学架构的大树之上添砖加瓦了。（会计当然重要，但是作为一门实践性很强的手艺，可以通过日后的实际工作的充实经验，按照我的实际体会，会计技能的成熟完全是在工作岗位上建立的，当年学的东西在早就忘干净了，理论化的东西适合系统的学习去掌握，而实践性的技能需要后天工作中去积累）
上海财经大学MBA在职和脱产的哪个更有用？, 全日制，对于第一学历是否是全日制比较看中。在职就是混人脉混证书。各有不同 
对外经济贸易大学和上海财经大学如何抉择？,泻药，可是我是中央财经的…… 对于“两菜一猫”的各种比较，师资也好，学术水平也好，就业也好，我觉得半斤八两，说实话平时看的这类问题下的各种撕都觉得好没意思啊。哪怕在某些方面有一些不大的差异，说实话对于学生个人发展的影响也微乎其微。 所以我认为重要的是，毕业后想去哪里。喜欢北京央财猫大，喜欢上海选上财。在央财猫大里我倾向猫大，因为在别的条件都差不多的情况下北二环比北六环方便到不知道哪里去了。 另外，这三所学校在不同省份的分数线不同，所以我觉得最重要的不是三所学校哪个更好那么一点点，而是尽量完全利用自己的高考分数，选一个更好的专业。比如对广大南方同学来讲，上财分数常年高出央财一小截，那你能选央财金融为什么要去上财冷门专业呢？
我是一名四川理科考生，超重本线53分，财经类大学读上海立信会计金融学院是否亏了？有没有什么建议。。,(°_°)… 我看了你们省 去年的录取 平均高45左右才能保证录进来 当然这只是看线差 具体还要看一下位次 就我周围的朋友来看 高线上50-60都是平均水平＝＝ 你要是能走211 985 肯定是最好的 但是你来立信 我也并不觉得会亏…… 理科生 选择很多 没必要限制于财经 如果你就是想学财经 你可以看看 天津财经 江西财经 这种  这两所学校有保研资格 
能够上武汉大学，南开大学，中山大学，厦门大学，上海财经大学，中央财经大学，上了北京师范大学，会后悔吗？,你问这个问题就说明你已经后悔了
上海财经大学是数理经济实验班更好还是信息管理实验班更好？,我是从信息转到数理的 也有人从经济转到信实（但是信息转经济的人明显多很多） 我想说主要看你的偏好吧 毕竟每个人想法都不一样 两个班的培养方向完全不一样啊 我们主要是打数理基础然后本科就会有高级微观经济学等研究生的课程 信实他们编程和运筹多一点儿 说个小插曲吧 上财有个绩点控制比例就是每门课的85分以上人数不能超过30% 所以比较牛逼的班会分散开来不按班级建议课表选课 去其他班“抢85分以上” 高潮来了 信息实验班他们今年学我们数理经济 也开了一门高级微观经济学的课 我们班好几个人都选了进去（其实也就六七个人，班级剩下四十个人课表冲突或者不屑于来抢等等没来）（毕竟给本科生开的高微很少 我们也没法去和研究生一起上课）然后信息实验班的人第一节课发现数理来了这么多人抢85分名额 然后。。。。他们班里所有人都退课。。。。。 现在信息实验班的高微班里有九个人 八个数理经济 还有一个税收的小姑娘 反正没一个信息实验班的 估计信息实验班以后也不会再开高微这门课了吧
上海财经大学考研801经济学的考试范围是什么？,你哪年考啊？
关于同济大学和上海财经大学MBA的情况？,  同济大学MBA依托于学校理工科较强势的科研，在项目管理、建筑行业房地产、服务与运营管理这些专业研究方向都做得比较有特色，另外，同济为打造MBA金融项目，投入了很多的教师和资源，这些年的教学做的很有水平，校友人脉圈在金融界也很不错。   同济大学MBA要考进去被录取还是很有难度的。  首先同济大学MBA每年的报考人数是很多的。要考同济MBA，mba提前面试很重要。  如果在MBA提前面试中拿到拟录取资格（C线）那么你只要在当年的笔试中考到了国家线就可以被同济大学直接录取。    上海财经大学的商学教育始于1917年南京高等师范学校创办的商科，是我国最早开始举办MBA教育的高校之一。作为我国最具实力的一所财经院校，在举校体制的有力支持下其MBA教育已经成为国内规模最大、师资优势明显、具有鲜明财经特色和具有巨大社会影响力的项目。  
本科是上海财经大学，想去澳洲留学，读商科，但网上很多说澳洲留学很水，到底值不值得？,没有水的式神，只有水的阴阳师。
上海财经大学考研的相关细节是怎样的？,1、根据我的了解，上财商学院面向的是在职人员，主要是MBA项目。一般学费大约为20万，一共上课差不多两个月。  2、经济学院和金融学院的竞争都比较激烈，对数学的要求也非常高。题主数学优势比较大的话，这两个学院会非常喜欢你的。不过就经济学院来说，因为院长的办学原则是仿照国外的大学模式，全力向研究型学院靠近，因此非常非常非常注重博士生培养， 相对来说 可能就没法大力扶持研究生了，比如保研的时候给专硕的名额就非常少，逼着大家选择硕博连读。不过从另个角度来讲，也正因为给本校保研保专硕的名额少，所以可能会给外校学生留出更多考研的名额。  3、如果你非常想读完研究生直接就业的话，建议去金融，因为相比较而言金融的课程没有那么学术，应用性更强一些。我看题主现在才开始问考研的事情，应该不是毕业班的，也就是说至少还有一年多可以好好准备。如果有非常坚实的数学基础，再加上一年多的努力，完全可以考得上。  4、如果你想搞学术，不管你今后是想在国内还是国外读PhD，都来经济学院吧。  5、不知道为什么你说网上查的资料依然让你“云里雾里”，有没有直接去学校的官网看过？去上海财经大学官网—院系设置—经济学院—研究生培养—招生简章 里面，可以非常清楚地看到招生政策和考试科目，包括专业课会考察哪些知识点。  以上
本人英语专业，想跨专业考上海财经大学的金融系研究生。请问下难度有多大？,恕我直言，不要因为一时冲动改专业，对金融这行如果没有长期了解、深厚兴趣，你也还是学不了多久又想换专业的。而且数学要求之高，实在是让我这个文科生很痛苦！数学分析、概率论、数理统计、高等代数，目前才大二，每个学期稳稳地两科数学要往死里学。如果你是英语专业，可以考上外。
国贸考研，想考上海财经大学的研究生？,其他什么的帮不了什么，数据还是可以帮找到的，考什么专业课的话可以找最新的招生目录： 上海财经大学考研招生目录_上财考研招生目录_聚英考研网   
上海财经大学考研的复习方法和计划?,  17年会计学硕初试复试经验贴_上海财经大学吧_百度贴吧     这里有后续更新，有问题的朋友请到这里提问，以免重复提问  -----------------------------------------------------------------------------------------   已经17年会计学硕拟录取，因为之前也看了很多大神的经验贴，非常感激，于是决定自己也来一发。  一．个人情况  首先介绍一下本人情况  本科某二流985，专业会计学  政治 69 英语一 82 数学三 132 经济学801  113  总分 396 初试第12名，现在已经拟录取会计学  虽然和400多的大神不能比，但还是决定厚着脸皮把我的一些心得体会与未来考研的朋友分享一下。  二．关于考研  考研就像小马过河，有人说简单，有人说难，实际上还是要对自己有一个清醒的认识，根据自己的规划和特点，选择考研的目标  由于我本科时比较贪玩，绩点比较差，怕是也找不到啥好工作，所以大三寒假里就一直在考虑考研的事情。  当时搜了一下会计学科的排名，把其中几个比较喜欢的学校重点研究了一下，发现会计专硕要考管理类联考，里面有写作，是我很讨厌的，于是决定选择学硕  然后又发现上财会计学硕的专业课是经济学801，几乎都是客观题，而我个人不喜欢大规模的背东西，所以当时就决定考上财的会计学硕了。  看了一下历年录取分数，感觉要到400分比较稳，当时给自己定下的目标是数学和专业课130+，英语和政治70+。  由于自己基础比较差，所以从大三下学期一开学就开始看书了。  一开始平均每天学习8个小时，大四下学期平均每天学习10个小时。  时间分配上，数学和专业课大概占到总时间的三分之二，英语考研前中期学习用时稍多，后期是政治用时较多。  三．经济学801：  用书  1范里安微观经济学课本  2钟根元中级微观经济学学习指南  3曼昆宏观经济学课本  4巴罗微观经济学课本  5胡永刚西方经济学学习精要与习题集宏观部分（这本书好像有不少错误）  6经济学801真题（圆梦的或科兴的都可以，都有很多错误，只能凑合着用）  配套视频的话我感觉只有圣才曼昆宏观经济学视频讲的比较好，其他都不值得看  经济学我本科课程虽然有学过，但是都是期末考试划范围去背，平时也没怎么听课，相当于没学，所以算是从零开始。  首先看的是微观经济学，自己定的计划是每天一章，并做完钟根元习题册的相关题  然后看的是曼昆的宏观经济学，圣才的视频有个女老师讲的感觉很不错，有不太好理解的章节可以去看视频课  最后看的是巴罗的宏观经济学，初读起来很痛苦，不知所云。当全部看完一遍，对他的思路有个了解的时候再看，理解起来就好多了。  经济学我一共看了三遍，第一遍用的时间最长，大概从大三下一开学看到暑假第一个月结束，第一遍看完大概理解了70%，第二遍从暑假第二月开始到10月份，边看边整理重点内容做笔记，看完第二遍大概理解了90%。然后做了一遍历年真题，对经常考的内容搞清楚。最后11月份又整体的看了一遍，看完这边自认为理解了95%的内容。最后十二月份就是隔一天做一次真题，间隔的时间就看之前做的笔记。因为经济学的内容还是很多的，经常会有看完后面忘了前面的情况，因此根据个人情况做做笔记还是很有帮助的。  做笔记的话我推荐用活页纸比较方便整理和修改。  四．数学三：  用书  1考研数学全书一套（李永乐王世安）包括全书、分阶练习（没什么用）、660题、真题  2高数十八讲  3线性代数辅导讲义（李永乐）  视频部分听了张宇的高数线代，李永乐的线代，王世安的概率  数学部分我基本上也是重头开始学，不过我高中数学底子应该还可以。  一开始我想直接做考研数学全书，发现很难看下去，也不想去看课本，就看了张宇的高数基础视频，感觉讲的很不错，于是又听了张宇的高数强化视频，并且做了张宇的高数十八讲。线代部分我也是想直接做全书，发现编排有些不适合初学者，于是听了李永乐的线代课程，并且做了李永乐的线代辅导讲义。  概率部分我感觉比其他两部分简单一点，配合王世安的视频可以直接做全书。（第一遍只有概率部分做了全书）  复习第一遍时，我对自己能较好理解的题目和较难理解的题目都做了标记  第二轮学习数学，重点是看自己第一遍标记不太懂的地方。  同时，我发现很多前面高数的部分都忘了，于是边做全书边做660题，每天高数线代概率各部分的题都做一点，防止遗忘。  复习完第二遍时，我把全书附带的近10年历年真题做了一遍，发现大部分题都是很简单的，还有一部分是计算量比较大的题。这些题把握好，完全可以确保130分。  第三轮学习数学主要是一个加强记忆的过程，边看书边整理自己比较容易忘记的公式和比较容易错的题目。  最后12月份的时候也是像专业课一样，一遍做真题，一遍回顾笔记。  稍微做了几套张宇的模拟题，感觉难度远大于真题，但还是挺有用的。（对自己数学要求不高的我感觉只用做真题就可以了）  数学的笔记也是推荐用活页纸去记，而且第一遍的时候最好不要去做笔记，因为第一遍时不会不懂的地方太多，第二遍再看就懂了，做笔记有些浪费时间  五．英语一：  用书  1新东方考研英语乱序词汇  2英文词根与单词的说文解字（李平武）或恋恋有词  3考研英语真题97-16（张剑）     4考研阅读理解150篇（没什么用）  我的英语底子还可以，考研之前就通过了四六级。  1单词部分：  首先背了一遍新东方的考研英语乱序词汇  背完一遍乱序词汇后听了一下朱伟的恋恋有词，感觉对于自学能力不强的人有一定帮助，但是不如李平武的英文单词词根与单词的说文解字（虽然到最后我也没看完）  然后就继续背新东方的单词，一直背到考研结束。  我认为单词是一直要背的，可以先慢后快，一开始每天背一章，例句也看一看。背完第二天再回顾一下，把忘记了的单词标出来。  然后后面就可以越背越快，重点被之前标记过的单词。  2阅读部分：  一开始做了2个月的张剑阅读150篇，发现和真题的出题方式有很大区别，因此大家对做这个的结果不必太在意或者不做这个。  后来开始做真题的阅读，每天做两篇，重复做一直做到12月份，对不会的单词专门找了个本子记了下来  做真题主要是摸清楚真题的出题套路和出题陷阱。  当然单词必须得认识，基本上乱序词汇背的比较好的话，不认识的单词就不会影响到你的阅读。  3作文部分  作文我是还有3个月的时候才开始准备的。  一开始准备背上几十篇，发现根本没有这个毅力。  后来就打算弄模板了，从各种作文书里找出一些万能的套路，自己拼装了一套模版，最后也顺利的应用在了实战中。  小作文一开始挺担心的，不知道什么套路，后来感觉着小作文似乎是不出什么大毛病就可以了。  最后12月份的时候开始整体做真题，没做过其他的模拟题。  自己把握好要用的时间，实际考试的时候感觉还是很充足的。  六．政治：考的最烂，不再献丑。  七．复试  虽然一直知道复试要看的书挺多的，但是寒假还是控制不住自己一直在玩，只是把书买了回来。  2月15号成绩 出来之后就急忙跑到学校去看复试的书了。看了不到一个月，基本把财务会计和管理会计看了两遍，公司理财自己感觉比较重点的地方看了两遍。  复试第一天是笔试，和之前想的不太一样，有很多论述题，感觉是简单的太过简单，而难得地方又太难。  第二天面试，每人20分钟，有个沙漏在那里计时。  进去之后首先让我谈谈对最近一件新闻的看法，当时有些激动，用英语说了两句之后，老师说这个不用英语。然后我就随便扯了点。  随后是老师用英语问我为什么选择上财，我第一遍还没听清楚，我说，I beg your pardon？随后老师又和蔼的说了一遍。之前准备过这个问题，自我感觉回答的还可以。  然后是专业课的老师开问了，这个问的很活，根本无法预测，老师会根据你的回答进一步的追问。  最后问了我是先有资产负债表还是先有利润表，我略一思考后回答说，先有利润表，根据利润表的结果调整资产负债表，好像没回答错吧。然后正好沙漏的时间就结束了。  ----------------------------------------------------------------------  收多少人，分数线什么的，这种问题，请自行去上财研究生院查询  我在上财的贴吧里也发了个经验贴，有后续更新和我联系方式，有问题可以去那里问，不要忘记顶帖，哈哈 
想考上海财经大学自主招生？,我没有经历过自主招生，你的条件比我比大多数考生都要好得多。给你几个建议：  1、自信，以你的条件，你的那么多成绩，考上财自主招生没有问题 2、找资料，可以询问你的老师，有没有往年的参加上财自主招生的学长学姐。如果能联系上的话可以问问经验。 3、看一下上海财经大学本科招生网，那里的信息最全面最权威。 4、自信，想做什么就去做，患得患失最后一事无成。  祝你好运！
我妈要给我找上海财经大学的家教，那里的哥哥姐姐是不是真的那么好？,还可以，是个正规的部门，收费也挺标准的相对于外面，我之前找过那里的家教，虽然是学生当老师，但是教的挺好的，挺有经验的感觉  而且感觉人很nice，很亲切，耐心。
考上海财经大学的研究生 大一开始应该做什么准备 ?,大一太早吧，还不要准备
上海财经大学报金融系保险学还是经济学类？,基础课应该都差不多，考虑就业个人建议经济学。
上海财经大学在大多数省份高考分数线比浙科南要低一档的原因？,首先题主到底有没有看过高考本科第一批次院校的投档线，从哪里得出的如题目截图的结论?是凭印象流?还是仅仅为了黑上财? 下面是2015年安徽的各院校投档线（理科）  这是浙江省的   而且据我查的其他省的资料，基本上上财在财经类院校中录取分数是最高的，并且并不比科浙南低很多，所以题主提问的就是有失客观的。 然后，上海财经大学是财经类的学校，用它跟别的综合性大学比录取分数本来就是不合适的。但这并不影响上财的生源，基本在每个省的投档线都是一千多名，一些优质专业的录取分数甚至是高于科浙南的。 总而言之，1，不应该把上财和综合性大学相比2，上财的生源很好，专业性很强，在财经类方面不管是地理位置还是师资在全国都是顶尖的。所以题主还是多了解了解，再发表自己的看法，否则主观性太强。 -_-不会打分割线，下面是补充 题主修改题目后的截图  题主用词：明显吊打，出国随便出，分数低（我之前的回答题主到底有没有仔细看?）。（这不是凭自己臆想贴标签还是什么） 嗯，我想告诉题主的是，你的认识就是错的，上面回答已强调大部分省上财分数线不低，你说的生源质量不高从何谈起?再强调一遍，上财是财经类院校。考生择校时有很多考虑，综合性大学视野更开阔，平台更宽广，牌子更响，排名更靠前，这是造成更多高分段选择科浙南的部分原因。 建议题主眼界开阔些，不同人有不同的追求，进四大拿高薪只是一部分人认为的成功。还有更多的人没有那么实际，他们或热爱科研，或带有点理想主义，他们都在奋斗着，你不能说他没有好的待遇就说他出路不好。同理，你也不能因为拥有好的物质就说是出路好。 如果你还是要问为什么?我只能再强调一遍：上财生源很好，学校实力很强，专业性很强(像一些金融、会计专业在全国前几名)，分数并不是唯一评判的标准。（完）
湖北理科考生，总分633，省排1700，想读金融专业，纠结中山大学、厦门大学、武汉大学、上海财经大学？,这几个留上海就选财大吧
在上海财经大学（sufe）当学渣是一种怎样的体验？,大家高三到底发生了什么故事才沦落到和我一个学校...
听说上海财经大学学生很厉害 可为什么录取分不是特别高？,全国综合来看，上财录取分仅次于清北华五人，全国第九，与北航同济并列，还不高？
上海财经大学暑期acca班？,我自己没去过。但听同学说acca班能够起到的作用在于景上添花，基础主要是看自己自学，当然如果你一点会计基础都没有，建议你先学完中文会计基础，再向acca进军
如何评价上海财经大学棒球队占用整个操场进行封场训练？,首先我先纠正一下，图上的棒球队不是台湾的，是上海财经大学自己的棒球队，下图为财大棒球队 2013年获得上海市大学生锦标赛冠军的图，可以清楚的看到球衣的样式     他们这个封场的话是为了同学们的安全着想，毕竟棒球这个东西还是有一定的危险性的，而且他们这个封场也是经过校方申请和同意的，占用操场的时间如下（信息为2015年的，不知道有没有更新）  每周四 20:00-22:00        每周六 11:00-13:00        每周日  7:00-10:30   具体详情可以见他们的微信公众号，查看这篇文章 武东操场周四晚封场告知——感谢你们成为我们坚实的后盾！   所以可以避开这些时间进行跑步练习。      以上就是我提供的一些信息，希望对您有所帮助，本人也不是财大的，但多少有些渊源，因为周日一大早去过那里打比赛，所以对场地情况有所了解，大学开展棒球社团都不容易啊，所以还是要希望大家能多多体谅一下。
在上海财经大学读研究生是怎样一种体验？企业管理?,　同学，上海财经大学在职研究生企业管理专业方向为企业管理决策，依据上海财经大学课程进修班培养方案，开设企业管理决策研究方向课程进修班课程。通过学习与实践，使学员掌握扎实的专业理论知识，具备较强的业务能力，达到硕士研究生的理论与业务水平。   上海财经大学企业管理在职研究生   课程有公共课、基础课、专业必修课和专业（方向）限选课。其中公共课包括：社会主义经济理论、马克思主义认识方法论、英语。基础课：微观经济学、宏观经济学、应用统计学。专业必修课：高级管理学、战略管理、电子商务、信息系统开发方法研究。专业(方向)限选课：Excel 在财经管理中的应用、管理决策系统与专家系统、企业资源计划(ERP)研究、供应链与物流管理、项目管理、项目投融资管理。  　　上海财经大学企业管理专业学费为3.8万元，学制是1.5年，上课地区在上海，授课方式为周末班，在职人员满足专科以上的学历可以免试入校学习，在学完专业课程后，学员可获得结业证书，对学员来说，是个人水平能力的象征。满足申硕条件的学员，可申请硕士学位，所获得的硕士学位证书对学员日后的工作中，起到非常重要的作用。
如何看待这位上海财经大学学生的读过书单？, 一个人的价值不在于他投入了多少，而在于他产出了多少。   这句话的意思我曾经在知乎上的几个不同的问题下表述过，虽然是很浅显的道理，但是似乎仍然有一些人不明白这一点，包括中二时期的我本人。  在下班的地铁上听过几十期罗辑思维、周围人都在刷朋友圈而自己在刷知乎、看过很多被认为晦涩的专业书……这些只有“投入”的行为什么都证明不了，如果还因此洋洋自得的话，倒是可以证明都学到狗肚子里去了。  只有把知识运用起来，从在知乎上能掉几句书袋、用几个典故、当个知识掮客这样最低级的形式，一直到经过几百个教授一致同意、在专业期刊上发表独特创见的高级形式，都算是有“产出”的行为，才真正值得评价。  同样，单独评价这位同学的“读过书单”无甚意义，最多能说明他花在阅读上的时间比较多罢了。读每本书花多少时间？是本本精读、浅尝辄止还是根据自己的目的有所取舍？读完之后是建立了系统的知识体系还是囫囵吞枣地塞了一脑袋专业名词？对这些书表达的观点思想他有何看法？……这些才是值得思考的问题啊。
考上上海财经大学金融硕士有多难？,考研这种事情，私以为可简单，可难。 给你讲个笑话。 我当时决定考研的时候，一开始是想去zju。系里老师得知我要考研，问我要考哪里，我说zju吧。当时我老师就十万个不同意，说你去那里干嘛，要去就去最好的啊！我说哪里最好啊，北京我不要去，（前）女票在杭州，我最多能接受长三角。他说长三角吗，上海财大和旦大(fdu)喽。我说：上海财大？没听说唉，应该好考，那我就考上海财大吧！ 后来，路上碰上朋友，经常问我，你考哪里啊？我说，上海财大，别人总是投来钦佩的目光：有胆量。 后来我就觉着不对啊，上海财大什么货色啊，这么牛逼？我回去一查，哎呦我了个去，我能后悔不？  不过后来为了自己吹过的牛逼（上财好考），还是硬着头皮考了。   无知的少年啊！  考研结束，顺利录取。一路走来，发现其实考研要说难，真的不难，但是贵在一个字，坚持！  我当时大大小小给自己制定了三个层次的计划：一年的复习计划（三轮或者以上），每轮复习的计划以及每天的计划。虽然计划赶不上变化，但是如果发现计划制定的不符合实际，及时调整，也一定要按照计划来。  比如英语单词书，背个五六十遍很正常（不夸张，第一次一个月背一遍，最后背一遍真的只需要一个小时了，因为只需要背那些标记出来的死活背不过的）。还有数学，复习全书做至少三遍，而我那个时候因为中途宣布数三改数一，所以我从李永乐换成了那个叫啥啥啥，两本加起来做了五遍。至于英语的阅读理解翻译之类的工作也做了好久。专业课，书看了至少三遍（带推导），并且整理了非常非常详细的笔记，最后我都不用看书了，看笔记就可以。  此外，拜上天所赐，我期末因为踢球导致两只脚脚跟骨裂，两只脚！几乎不能走路。那个时候我每天花接近半个小时下楼，骑车去图书馆，因为不太能动，一坐就是一天，而暑假那段时间因为这坐住了，学的东西特别多（期间还自学了两遍实变函数）。  这样一年下来，你想想，不考上我都觉着对不起自己。以至于后来面试的时候，孙宁大神都夸我基础真好！其实都是那一年打下的基础。  所以，有多难？至少我没觉着很难。我也不去想万一考不上怎么办，心无旁鹜的看书，学习。  也许我是幸运，而事实是，我也的确足够幸运，不然考研考场上的那个小失误早就让我跟财大无缘了（此处有故事）。  不过，我觉着，如果一开始就惧怕，怕的要死，那是肯定考不上的。一开始就要破釜沉舟才行。只怪自己平时没好好学习不能保研吧。在机会面前人都是平等的，你不可能平时没有别人努力，考研的时候再不好好努力就能考上。  我跟UIBE还算有点渊源，很像财大，小而精，而且在北京声誉很不错。如果不是想考虑要来上海工作，或者其他理由，我觉着留在UIBE之类的也很好啊。  最后祝你考研成功。  ====  那我就来补充一下故事吧。  考研的试卷是直接给一个袋子，开考之后要自己拆开，考完之后再亲手用胶水把试卷袋封死的。 话说当年我考研的时候，最后一门考专业课。考完了，那个开心啊！准备了一年啊！容易么我！终于可以好吃好喝好好玩啦！不过忍者兴奋，我还是仔细看了一遍我答的大题，信心满满的这张考卷应该考的不错，嗯，封试卷，签名。   就在我签好名字，拿起试卷好好欣赏我的成果的时候，突然发现桌子上还有一张卡片，上面没有字，不像是草稿纸。   翻过来一看，哎呦我了个去，差点没哭出来。。。这分明是我的选择题的答题卡啊！！怎么还在外面的？？？不应该在试卷袋里面么？？？  一想到上面有60分的题，心想完了。。。一年的努力白费了。。。  没办法，只能去跟监考老师说看看有没有办法了。那个时候害羞，不知道该怎么说，监考老师是个很和蔼的大爷，我左手拿着答题卡右手拿着试卷袋，给监考老师看了看。监考老师用各种嫌弃的目光看了我一眼，随手给了我一把小刀  于是我一点点把试卷袋割开，把答题卡塞进去，再对着签名的笔迹封死，才逃过一劫。  如果换个监考老师，估计我真的考不上了。。。
上上海财经大学还是同济？,可以去同济学土木，再去四大。。。在一群学会计的同事面前，顿时逼格满满
加入上海财经大学勤·助实践中心是一种怎样的体验？, 其实我是被人拖过来的额-_-||  不过即使是为这个部门打广告我也心甘情愿，谁让他给了我那么多温暖，那么多感动。  闲话少说，进入正题。  一、上海财经大学勤·助实践中心是啥  上海财经大学勤·助实践中心(这名字太长了-_-||)原名上海财经大学勤工助学中心，成立于2000年3月，隶属于上海财经大学学生处，是学生自我管理、自我服务的素质教育和勤工助学基地。中心肩负着创无限机会、树勤工典范、育商界英才的使命，始终如一地贯彻全心全意为学生服务的宗旨。中心现有淘来淘趣、市场部、家教部、公关部、飞鸽服务队五大经营性部门。  以上是官方(或者百度百科)的说法，总结一下就是：  1.他是模拟企业运营的一个校级组织  2.他有五个部门，分别是行政部、淘来淘趣书店(简称淘淘)、家教理事部(简称家理)、公关部、市场部、飞鸽服务队(好像准备改名为飞鸽通讯社)  3.各部门视情况而定设置部门经理1名，设置助理2名及以上(我们称经理、助理为老大)，在各部门之上设有总经理一名，副总经理一名，统领整个勤助。各部门干事从大一新生中面试遴选，各部门经理在第二年从干事中竞选产生，总经理副总经理在第三年从各部门经理中竞选产生。    就不要在意有没有线连着了。。。我错了还不行  ok，下面我用通俗的语言简要说一说各部门是干嘛的(老大会打我的-_-||，平时的宣传模板呢)  1.行政部。他包括对内和对外两大块，对内就是对其他部门各种考核，对外就是组织人员管理微信公众号、对外宣传，以及必要的合作洽谈。  2.淘来淘趣。淘淘这名字挺逗比的(不要告诉淘淘老大-_-||)，咋一听像淘宝、淘气，而且他是2000年就有了的哦，比淘宝早，看来创始人思路超前。淘宝啊不对，淘淘，主要卖书(包括教材、教辅、试卷，品种丰富)，同时也卖一部分电影票(反正我从来没拿到过)，还有期末复习资料(不说了，最近期末考试都是泪)，都挺便宜的。PS：开学一定要去淘淘扫一眼，别被教材服务中心坑了。  3.家理(家教理事部)。相信诸位已经看到了，我在偏执地强调“家教理事部”而不是通俗地说“家教部”，因为经过老大一年“残酷”的折磨，我已经改邪归正，彻底抛弃了“家教部”这三个字，做个好孩子，好好刷锻，天天听课。。。  咦？话题跑偏了，扯回来。家教理事部主要任务是架起家长(学员)与教员之间的沟通桥梁，说人话就是我们接受家长电话、短信、当面咨询，并在网上相应渠道发布招聘家教的信息，教员(仅限校内)看到后联系我们，我们筛选后给家长并组织试教。一单业务就完成啦。  4.公关部、市场部。这两个部门处理流程和家教理事部差不多，只不过他们涉及的业务是兼职、实习、礼仪队一块。  5.飞鸽服务队。主要是做早安上财等报纸的。(介绍如此简略小心被老大打！)  二、上海财经大学勤·助实践中心是个怎样的部门/家理欢乐的日常  简略版：是个好！很好！非常好！的部门，欢迎各位学弟学妹们踊跃参加，这里的精彩超乎你的想象！  完整详细(拖沓)版：由于答主只在家教理事部的大家庭里面感受过一年温暖(你够了-_-||)，对其它部门接触还真是不多，以下仅从家理的角度出发，谈谈我在勤助的一年。  勤助给我的印象首先是严谨。勤助发展到第十六个年头，工作、管理等方面已经比较完善。各部门分工明确(上文有所介绍)；部门内部职责明确，不会出现推诿现象；有较为完善的培训机制，帮助员工尽快适应工作；监督机制完善，避免员工怠工情况出现等。  比如面试，面试定在九月还是十月我也搞不清了(老大不要打我)，反正新生入学以后一段时间会有各组织的负责人进宿舍宣传，当然也包括我们的老大。然后你有兴趣加入问一问她就知道了。面试挺正规的，三个老大西装笔挺的在室内端坐，等你进去就是。。。我只能说各部门风格不同，行政面试是飞机大炮狂轰滥炸，不给你反应时间(下一年可能会改变？)；家理面试。。。太紧张我忘了(不要打答主)，不过最终RP不错，过了，开启了一段奇妙之旅。  总之面试正常发挥就好，如果性格活泼或者有其他优势当然更受欢迎。  等你真正融入了勤助会发现，他其实也很逗比。  面试完之后会有一段试用期，顾名思义，我就是不说啦啦啦，自己理解。  领了协议就开会咯。开会会发一两本员工手册，教你工作流程，还要求你背熟，什么？你觉得太难了？莫慌莫慌，抱紧答主大腿。答主告诉你，一切操作问题都是纸老虎，因为过了一学期，我们的工作处仍然放着小纸条，以免同学们接到电话时因不知该问什么而哑口无言。    喏，图中那个红圈的纸条就是。这充分证明背熟这一条规定只是。。。嘿嘿嘿  开会过后就是当班了。当班分配基本按照男女搭配，干活不累的原则(心机)，时间大多在1-2个小时，过得挺快。  每周日晚大家集中汇报工作，这一年我们玩了挺多的游戏，下半个学期更是演讲、辩论赛频出，作为紧张对抗的形式却经常在大家的善意“刁难”、各种起哄中变得欢(逗)乐(比)无比。虽说家理是模拟运营的组织，但你绝不会把每周例会当成负担，因为老大从不会端架子，形形色色的家里小伙伴也会让你放松不少。     答主表示自己不认识这群逗比→_→  除了平时的当班与例会，重头戏自然是各种聚餐出游。不瞒你说，答主大学的第一次正式聚餐就是跟着家理的小伙伴去的。  期间各种游戏自然是少不了的，真心话大冒险也是不能缺的，黑照也是不可避免的。  为了防止被打，答主还是放一张正常而又温馨的场面好了   有没有很像一个家族！(-_-||)  聚餐是重头戏，出游更是重中之重。这里借用今年4月的微信推送。     这是环岛骑行的时候发生的事情，当时下着蒙蒙细雨，而答主(没错就是答主-_-||)仗着老大对自己老司机一般的信任使劲踩单车，结果…………马失前蹄了。下坡的时候刹不住车直接撞到草丛里去了，真是应了前些天网上的话：阁下何不同风起，扶摇直上九万里。   ￼   油菜花海，不解释。   ￼   烧烤！吃货们动起来。   ￼   知乎可以开一个问题：玩狼人玩到深夜两点是怎样的一种体验？  不得不承认有时人与人之间的智商差距比人与猪的还要大。譬如玩狼人，有人伪装了三个回合还没被识破，有人在第一局就被票死出局；有人分析得头头是道，有人(没错就是答主)只能无奈地一脸懵逼。不过一局能玩两小时，十三个人轮回发言，上帝bug频仍还能继续，这游戏也算是完成了娱乐大众的任务了。   ￼   在大家都热闹地打麻将、玩狼人之时，有两个人却在太湖一角干些见不得人的勾当。。。(老大不要打我)   执子之手，但守天荒。  再放几张图。  ￼   这是我们部门的合照，但得有人照啊，于是我们派老大上讲台帮我们照，并承诺把他P上去。嗯，答主承认P得挺好的。。。   ￼   这是某一次聚餐+通宵唱k之后凌晨六点在学校草坪上玩狼人的场景。想象一下凌晨三点被ktv赶出来无处可去，于是决定去复旦光华楼结果门卫不让进，一群人大摇大摆地压马路，从黑夜走到黎明的唯美画面。光影摇曳，长长的影子交织在一起，那是心的相连。  除了家理本身欢乐的日常以外，勤助作为一个更大的家庭，也组织过不少的联谊活动。比如聚餐(说来说去还是聚餐)、素(志)拓(展)游戏等。  ￼   让人哭笑不得的游戏   ￼   不解释。  各部门的联谊可是脱离单身狗阵营的绝佳机会！  三、最后的最后  天下没有不散的宴席  可是有不散的人心啊 哈哈  与家理就要分别，不舍催生出狂欢。从春游回来以后大家好像达成了一种默契，之前设想的约刷馆(一起去图书馆自习)、约狼人(一起去食堂玩狼人游戏)、约饭(一起去吃小龙虾)、约玩(一起参加城市定向越野)一一实现。部门经理竞选完了深夜逛遍大半个校园，总副经理竞选结束想要逛遍大半个上海。  两次竞选，我们都见证了彼此最精彩的一刻。希望留下的同伴，把我们的来得及和来不及享受的欢笑，带给下一届小部员；离去的同伴，仍然同在一个校园，同样可以延续以前的记忆。  在最后一次例会上，我们给老大献上了自己的祝福，老大也给了我们一个大大的惊喜。有一个U盘，名为“时间的盒子”，里面承载了从入勤助那一刻起大家的喜怒悲欢。看着它，你会感叹自己当初加入勤助，也许是再正确不过的决定了。  你要问我在勤助是怎样的一种体验？  他给了我入大学以来第一份真正的温暖；  他提供的舞台让我看到了太多人的精彩；  他是我的独家记忆，我是他独一无二的小部员；  他给了我一片森林，哪怕我当初的祈望只是一片树叶。  小小的SUFE，大大的勤助，满满的爱。  
上海财经大学财富管理硕士就业前景怎么样？,国内有几个人能真正站在客户立场上，搞清楚财富管理是咋回事儿的？别瞎搞了  念金融和搞物理生物一样，要出国，否则就是瞎混日子
四川普通二本学生 很想考上海财经大学的金融专硕？,上财两个学院有金融专硕，经济学院，考数学一，竞争小；金融学院，考数学三，竞争大。  其实上财其他专业，包括非财经专业，出路都和金融差不多，这是一个巨大的信息不对称，也是巨大的价值洼地。
在上海财经大学就读是一种怎样的体验？,之前看到“在剑桥大学读书是怎样一番体验时”在上面的标签看到有“在X大学读书是怎样一番体验”，于是和很多人一样，我搜了自己的母校，上海财经大学，很可惜的是“还没有回答”。我目前在读大四，虽然不是热门的金融、会计专业，但毕竟已经呆了3年，至少对学校的大致上有一个把握。我就来抛砖引玉一下，谈谈自己的拙见吧。 这个学校或许真的不是那么出名，说到上海的学校——复旦、交大、同济——上财，是哪个学校，是一本吗？说到中国的财经类院校，中央财经大学，对外经贸大学，西南财经大学等等，都是一等一的名校——上财，好像不太知道啊。虽然这所学校甚至在江浙沪都不是那么出名，但是在业内人士看来，这所学校也是国内数一数二的财经类院校。 援引百度百科的描述  上海财经大学（Shanghai University of Finance and Economics简称sufe苏菲弹力贴身）是中华人民共和国教育部直属的一所以经管为主，法、文、理协调发展的多科性全国重点大学，是国家“211工程”、“985工程优势学科创新平台”（注意不是985哦）重点建设高校。  谈学校或多或少和谈的人有关，比如说我现在来说我的体验，肯定有我的主观性在里面，而且我的眼界也不开阔，看问题不乏片面之处，以下请校友和师兄弟姐妹们轻喷和指正。 -----------------嫌啰嗦以上就别看啦----------------- 1. 我的选择 我是浙江人，众所周知在浙江，浙大的分数线是比别的省低很多的，地方保护嘛。当时我和一些同学一样没有明确的目标，以“不浪费分数”原则放弃浙大来了上财。专业也是最后调剂的。我现在回过头来想一想，恩，我还是不回头了吧，想回也回不去了。 2.学术 我们学校在许多省的分数线都比较高，单从这一点来说，招来的学生在学术上没有问题。从老师方面来讲，大家可以翻一翻我们学校的老师名录，许多教授许多博导都非常有名。但是呢！！就个人来学风体验一般，真正的研究性的风气不是很浓厚，急功近利的氛围在整个学校蔓延。图书馆学习的人是比较多，大部分的还是考证的、出国的、考研的。真正研究学术的同学少之又少。曾经有听到过对上财的评价是“职业培训所”我不知道是不是一所高等学府的悲哀。 大二开始实习就蔚然成风，翘课实习是非常常见的。我上过的很多课包括自己班的专业课都是到课的人寥寥，认真听的人真的所剩无几了。 3.人文 为什么把这一条和上面的学术分开，因为我想努力谈一谈这一点。因为本校和复旦大学只隔了一条街，所以去复旦蹭课或者请复旦的老师来我校做客座教授上选修课是很正常的一件事。到现在还很红的陈果老师就来过我们学校做讲座——座无虚席，而我认识的朋友中就有两位有一个学期每礼拜四去蹭陈果老师的课。选课时候像音乐鉴赏，喜剧欣赏，大学语文等人文类的课常常是爆满的。 以上是表象，实质是什么，人文的缺失。 我上过的大学语文课是李贵老师教的，他是一位非常非常好的老师，学识渊博，上课旁征博引，也经常讲一些文人轶事。我上过的中外喜剧欣赏课是著名话剧导演、艺术家胡宏老师教的，每一节课都精心安排，许多话剧方面的知识和评价真的是让我耳目一新大开眼界。不一一列举了。但是我的关注点还是在绩点，绩点高=好，人文什么的看过就好啦，就当是每日猎奇图片，没有金绩点，怎么种庄稼。我相信很多人会说，“哼，你这个功利的人。”唉，请大家扪心自问一下，只是我以及我们学校的相当一部分人表现的更为强烈而已，对绩点的追逐强过了对人文教育的求索。 4.社团和学生会 我在学生会呆过在社团呆过，最后在参加换届竞选的时候选了社团放弃学生会。我不知道我这个决定对不对，因为我没有尝过另外一条路，可能我原来的同事在学生会做部长非常光鲜，但换我可能就是另一番样子了。就我接触的面来说我们学校组织间的明争暗斗还是比较少的。可能是我没有混到高层，抛开这一点不说，在整个学校的社团文化上还是缺了些什么，或许还是因为大家的功利性吧，有一些社长并没有非常用心的做社团，而社团联方面管理上或许也有一些些疏忽，导致在全部的80多个社团中（数字记不清了，待考证），能够一如既往的打出品牌的社团非常少，有名的稻草人户外运动协会、羽毛球协会、演讲与口才协会、轮滑社都称得上是老牌劲旅，但是很多我觉得很有希望的社团比如天文协会、推理协会、魔术协会、篮球协会都办的一般般。社团对学生的影响力不够大，不够多样。 而学生会，我的记忆是——策划，海报，视频，总结。啊哈哈当然还有聚餐和KTV 现在即将成为一个大四狗，看到那些发传单贴海报的同学，我不知道我当初为什么有这样的激情去投入到社团中去，为了办活动四处碰壁、诸事不顺还在努力坚持。 总结：社团和学生会光参与可能体验不到什么，成为一员才叫投入，才叫感受和体验。   --------------正片开始~~~~-------------  以上都是坏话，下面让我说说我们学校的特色： 1.馆长白大白的72种傲娇和3千后宫 说到我们学校就不能不提我们最帅的建筑——图书馆，啊，真是不好意思，还有很多楼在建设——提到我们图书馆就不能不提馆长大白↓  -下辈子做只猫吧-      摄影by本人 更多请参阅馆长白大白的人人主页  http://www.  renren.com/255080410       大白列传-via 宫富耀   http://  blog.renren.com/blog/23  4270603/853941301       他是风雨无阻坐在我们图书馆门口的全校最大的白猫，美其名曰大白。他统领着全校数以千计的猫，无论你走到哪儿都有他的眼线，他称呼他们叫做小小猫儿。他总会眯着眼，仿佛对你说，“我的一只小小猫知道你抵达君临城图书馆了。” 我的四年有这些猫的陪伴，我不知道是不是他们的懒散感化了我，还是他们的肉肉传染了我，我最终从思想上、行为上甚至是体型上成为了他的死忠。这是我最好的记忆。T_T  2. 各种各样的生意、平台和团队 说我们是财经类的，是商科，是奸商，没错。我们是有头脑的奸商，我们学校有非常多的创业团队和平台。比较出名的iSufe团队，大四狗Dasgo团队，或许已经夭折的木头人文印，代领快递团队，代买黑暗团队，或许正在酝酿中的二手自行车交易平台等。还有各种各样大挑、小挑、商赛诞生的团队。我们在这样的合作中认识了更多的人，很多朋友说来上财一定要参加一次商赛，我觉得有价值的不在于商赛本身，因为那些牙膏比赛，超市比赛，饼干比赛我觉得往深了说就是给商家打工=-=所以我觉得最难能可贵的是收获一份来之不易的经历，与那么多有趣的人一起共事的激情。 但是，不要羡慕这些团队的风光，最近微博上看到一句话挺有道理  不要艳羡别人。要明白，他的人生和你一样，像一幅刺绣，在正面呈现那柔亮艳丽的图景之时，背后却布满了芜杂而痛楚的针脚。——七堇年 很多人看到他们的光鲜，觉得这个想法真好，所谓的“成功”好容易，殊不知他们背后所付出的努力，是你望尘莫及的。所以我觉得我们学校的各种各样的团队，才是教室、图书馆之外的另一个课堂。  3.学生权益 我们学生权益的保障不仅得益于学校的重视，还与学生会重要的一个部门——权益部有关。如果有相当一部分的学生反映一个问题，权益部会有代表到学校的有关部门反映，与社会上很多情况不同的是，大部分问题都会很快得到答复。比如宿舍空调的安装、熄灯制度的废除都有权益部的参与。 还有新园餐厅的专门开辟夜宵时段，每个月一次的学生服务日（配锁，修车，洗眼镜等等）大礼堂每周二的电影（非常新还可以看3D，价格好像是20块） 真的，不停地在进步。  4.杂 总结不下来了还有好多想写，以前在微信上看到财大要做的100件事。 还听说以前有一位神人真的做了： -在风雨操场（是个有顶棚的半封闭体育馆，以又漏风又漏雨得名）顶上画海贼王路飞头像，图书馆4楼以上都能看到； -在图书馆10点闭馆以后逃过保安呆在图书馆里面，在黑暗中裸奔 -去传言灵异的三教探险；好像是大四狗还是另外一个团队做了一个我们学校的密室逃脱（待考证） … 希望评论能补充。真的不记得了也翻不到了。  5.最后补一张今年的图。  -终于用我们学校唯一能用来做这个的楼做这个了-  转载自朋友圈盗图原作者不详  大家可以看到这个SUFE标志的左边远处的高大上得复旦光华楼。  我们学校有很多地方还不足，没有很高的高楼，学校也不是很大，大约2/3的面积都是宿舍楼，春晖湖也不是很清澈，武川的球场不是很好，风雨操场漏风漏雨，新园也不是很好吃，面食馆太小了，大礼堂也老了。 但是她每天都在进步，新的武东球场造好了，新的综合食堂还在造，保安师傅和保洁阿姨每天都兢兢业业，武川寺（男生宿舍）也覆盖WiFi了，每个学期都有新的老师和教授来我们学校。  她的学生们每天都在进步，她的猫们每天都在成长。  我前面说了很多很多的坏话。  即使我现在因为“211而非985”留学申请困难，即使我的语文水平，文学素养不断退化，即使我可能还是不那么喜欢Tax 和 Subsidy来让问题复杂化，即使我还是不喜欢( ˇˍˇ )那些给我低分的专业课老师。  但我要说，开头那个问题，我回过头来想一想，我不后悔，每个学校都是一本书，她需要我们去阅读，去品鉴，去触摸，去流泪。  以上是我的母校，上海财经大学。
想考会计研究生，不知在上海财经大学和厦门大学之间如何抉择？希望大家能够综合各种因素指点一二。谢谢！,厦大的会计牛逼
上海财经大学的QQ群里都会聊些什么？,上财连985都不是，你就不要来笑话了。
中央财经大学和上海财经大学那个好？,江浙沪分数 上财》贸大》央财 北京分数 贸大》上财》央财 央财垫底
上海财经大学研究生导师有哪些“好”？,谢邀。  看来题主应该是金融计量的硕士，不是硕博连读项目的。  首先，我们学院有个好处是，不用着急考虑导师的问题。你来了先上课，有半年到一年的时间给你考虑这个问题（硕博连读时间就更充裕了，考虑两三年都行）  其次，硕士项目不是学术导向。虽然学术培养非常重要，但是功利一点来说呢，好好实习找好工作更重要。毕竟硕士两年的项目，时间非常非常紧张。为什么说学术培养重要呢？按照我们学院这几年的经验，上新财富的校友们硕士毕业的时候几乎都拿过优秀毕业论文，应该不是巧合。  最后，鉴于我本身就是这个系的博士，公开点评老师非常不好。等你来了之后可以考虑私信我，我们私聊。
如何看待上海财经大学自主招生有1.3万人参加？,我当初高中班可谓是前无古人后无来者的中原第一班 大河南，史上高考人数最多的那年 全班一共42人，11清北，20+C9，985都不当人. 这不是重点 当初，被我们认为混的最惨的两个，一个去了北邮，一个去了上财. 年少无知啊 年少无知啊 &#13;  年少无知啊 &#13;  年少无知啊 &#13;  年少无知啊 他们才是人生赢家啊 人生赢家啊 赢家啊 啊 啊 啊 啊
上海财经大学浙江学院怎么样?,可以不来的不会来
上海财经大学3+1和上海外国语大学贤达学院的3+1哪个更好啊！！！？,应该是上财吧 贤达好像只是上外隶属的一个二本院校 好像还听过什么贤达已经摘牌子走人的消息
上海财经大学新闻？,上财不管哪个专业，只要你脚踏实地，最差银行兜底。
高一狗，想考上海财经大学 学金融方面的 学文好还是学理好？,我也想考诶。。同高一狗 但是我准备选文
上海财经大学CFA培训好不好？,不怎么样吧。
上海有哪些大学财经，会计这方面的专业比较好?,上财。复旦。
上海对外经贸大学与上海财经大学哪个好？,同学你怎么不问上贸跟北大哪个好 
上海财经大学有没有老师或者学生有自己的网页设计工作室，营利性的非营利性的都可以的。？,华理到此一游
在上海财经大学(SUFE)转专业是一种怎样的体验？, 08级，山东理科649分压线录取，被调剂到人文学院对外汉语专业（貌似11年开始财大这个专业就停止招生了），大家基本上都是被调剂到我们专业的，所以有转专业想法的同学非常多。  我们专业是全校唯一一个不学数学的专业，所以想转走还是很困难的，不过好在第一学期课程不是特别多，我于是就和班上的几个同学商量自学数学，跟着金工班听了第一个学期的数分一，然后大一下又跟着经济学专业听了一学期数分二，当然最后坚持下来的就两个人吧。  我们那时候转专业主要看大一第一个学期的GPA，然后每个学院根据自己的情况组织笔试面试。所以大家第一学期都会努力的提高GPA，平时努力学习考前努力突击什么的，因为体育课也算到GPA里所以还要努力锻炼==！。当然本专业的老师给分也挺厚道，第一学期我最后GPA大概是3.91吧，当然以后再也没有拿过这个成绩...  然后是四月份学校会统一发一个转专业的通知，包括各个专业接收转入学生的计划之类的。当时我就挨个去询问了各个学院的转专业政策，公管、经济、统计、工商都没有给明确的答复，会计是考英语数学加面试，金融是直接把选拔方案放在教管系统上的，笔试是行测的题目，再加上综合面试。  金融和会计一直是最热门的，我当时就想能转出去到哪儿都比对外汉语强，就想报个不那么热门的，就填了个国贸然后把申请表交上去了。后来周末不知道怎么抽风了，竟然决定改报国金，于是周一跑到辅导员那儿把院长已经签了字的申请表要回来，用透明胶把原来填的专业粘掉，改成金融学院的国金专业。  转专业那会儿正好和申请二专的时间差不多，于是就随手报了个会计，心想如果转不成的话以后再也不碰金融了。  最后运气还不错转专业成功了，但这只是开始…  因为转到新专业是要补上新专业大一的课程的，而我原来的专业和金融专业重叠的课程比较少，大二大三大概要补九门课，于是就开始了无休无止的补课生涯，像高数、微观、政经、管理学之类的，都需要跟着09级甚至10级的同学上课，再加上会计二专，每天课表都排得满满的。国金还有一些外籍老师上的课程，刚转去的时候挺不适应的，第一天上会计，晚上想去看看教材，结果三个小时只看了十来页。大二下曾经申请过交换，但因为要补课放弃了。课最多的大三上学期总共选了41个学分的课，周一到周四课表从早到晚都是满的，其中有一天是早上8点上到中午12点半，下午1点20上到下午5点50，没空吃完饭6点就要继续上课一直到八点半。然后那个学期我还申请了一个项目，住到中山北一路那边的校区去了，基本是早上不到七点出门去国定校区，晚上10点左右回中山北校区的节奏，平时没空写作业就只能周末写，期末考试两周每天考两门连续考了7天，现在回想也不记得是怎么坚持下来的了，那个学期的成绩也是除了大一上以外最好的了，貌似有3.85+，在专业几只大牛出国交换的情况下得了专业第一，也算对自己的努力的一点儿安慰吧。  总之现在想起来还是很感谢那两年的日子，上课的时候虽然也觉得老师讲的水自己学得也水，但在国内已经算是相对不水的了。我也接触过国内几家经管学院的比较优秀的毕业生，自认为财大同学的水平绝对不会比他们差。  硕士在国内一家据说特别苦逼但其实也很水的商学院浑浑噩噩的过了三年，刚刚毕业工作去了，此为后话…无论如何，每次想起过去那个努力的自己，心里还是挺感动的。  ps: 到底要不要转专业还是见仁见智吧，题主录取的统计专业前途其实未必比金融会计的差，即使想转专业也需要等到一年以后。先把自己专业学好，多了解了解其他专业，再做决定不迟。当然我们同班也有统计系转来的大牛，年年gpa3.9+，大三就通过acca14门，之后去了lbs念了个master，现在在某外资ibd做并购…就此不表。 
本人普通三本院校会计专业大二学生，想考上海财经大学会计专硕，难不难，怎么准备才好？,对自己说，i have a dream
考取上海财经大学会计专业研究生需要怎么准备？,首先要了解你报的专业参考书目、招生简章和招生目录和大纲！这样才能详细的了解你考试所需要的复习材料等，这样你才能找到正确的复习参考书进行复习。具有的资料你可以到 上海财经大学考研网   去看看！
上海财经大学经济新闻方向的研究生就业率和就业方向是什么情况?, 研究生不太清楚，可以参考本科生的，不过是十多年前的，现在应该好太多吧。   上海财经大学人文学院新闻学专业2006届本科就业去向   深圳发展银行北京分行   中国人民大学研究生院   北京和讯网   北京市司法局   知识产权出版社   百联集团   上海市工商行政管理局浦东新区分局   上海互力传媒公司   上海市劳动与社会保障局   《福布斯》中文版杂志社   兴业银行上海分行   建设银行上海分行   民生银行上海支行   日本早稻田大学研究生院   TOM广告有限公司   新华社《上海证券报》   毕博投资有限公司   中国平安上海分公司   虹桥机场   百联集团   解放日报集团《新闻晨报》   《青岛日报》报业集团   立信长江会计师事务所有限公司   美国UCA上海分公司   上海《人力资源报》   中信实业银行昆明分行   路透社上海分社   普华永道中天会计师事务所   中国建设银行陕西分行   新华社《上海证券报》   上海财经大学研究生学院   留学美国（已出国）  
考上海财经大学的金融研究生究竟有多难？, 泻药，我不是很清楚这块，以上财的名声应该不太好考吧，听我的建议不如去问问你的学长学姐，上财那边的师兄师姐，祝好。 
上中国科大还是上海财经大学？,好吧，谢邀，作为上财毕业的，我决定好好答这一题。  首先，所有行业都分高富帅的玩法和屌丝民工的玩法，在任何行业要成为这个行业的高富帅或是矮富帅或是矮富丑，都需要人脉，你拉不到项目卖不出产品不管什么行业都是民工。  其次，选学校选专业，跟买房一样，三点，地段、地段和地段。我一向不赞成有条件的同学读北上广深以外的学校，几年下来见识差距很大。中科尴尬的区域位置意味着其有明显的被边缘化的趋势，我不是危言耸听，看看西安交大和上海交大的差距就明白了，毕竟资源倾斜力度不一样。  再次，大部分人其实并不清楚自己的兴趣所在，我小时候觉得IT好，那时搞IT的都是海龟，高大上，觉得学管理也好，也高大上，而且那时候白领还不是个贬义词，直到后来我大学学了信息管理，IT加管理，按理来说这下高大上的平方了吧，结果悲催的发现其实我对自己的专业并不感冒。之前所谓的兴趣不过是错误认知下不切实际的幻想。我真正的兴趣实际上是摄影旅游弹钢琴泡妹子。但这些烧钱却不赚钱。这时我才发现，实际上对大部分人来说，并不会天然地对某个专业或工作产生兴趣，因为人性是懒惰的。因此，你应该选择一个可以让你得心应手地赚钱的专业，然后用赚到的钱去支持你真正的消遣和爱好。  从题主的描述来看，第一，题主对各个专业学什么以后出去能干什么其实都一无所知（当然大部分高中生都不知道），生物就不需要背书了嘛？金融经济就不需要数学了？第二，题主实际上想要的还是一个＂毕业之后好赚钱＂的专业，这一点上，财大毕业生不输中国任何学校，就拿我自己来说，如果我不是财大毕业的，没有大学四年潜移默化中灌输的财务金融知识，我不可能以一个近乎工科的教育背景轻松地一脚踏进金融行业。  兴趣都是慢慢培养的，中科大是偏工科的大学，上财是专业性较强的财经类院校，其实很好选择没啥好纠结的，只要你能想清楚你毕业后想以哪种方式赚钞票。我们学校有上了清北分数线不去的，我们学院我这一届也有两个同学分别在大一大三退学重新高考考去中科大的，这些人都比你更清楚自己未来想要什么样的生活。  其实，中国学校都差不多，学习还是靠自己，最好能出国读本科。  最后，财大男女比例三比七，一对情侣一对基，男生的天堂，女生的战场，你自己看着办吧，嗯哼。 =========================  另外感谢大家的提醒，中科大是偏理的，如果对科研没兴趣真的请慎选，财大的专业相对实用。你真的想搞理科我建议你来财大隔壁的复旦。虽然我当年高考分数超了复旦几十分。（我们班班陕西的同学都是西工大附和交大附的学霸好嘛）  对了，上财在非财务金融圈子里确实没啥名气，我和我身边很多同学都是填志愿的时候才发现有这么一学校（当初眼里只有复旦啊，虽然财大跟复旦只隔一条街），这是因为我们都在闷声发大财啊。 =========================== 突然想到这离高考不还远着吗？题主会不会想太多了？我当初也为到底是上清华还是北大纠结了好久。    ============================ 2014.1.2补充  确实，要承认一点，中科大出国比较容易，其实不光中科大，所有985学校的理科专业出国都不难，这看上去似乎不错，但实际上思考一下这背后的逻辑，只能说人艰不拆。为什么理工科出国容易？还不是因为国外学生不喜欢读理工科，所以名额多，为什么他们不喜欢读理工科？因为性价比低，风险高。全球人民都喜欢读商科在我看来就是“自私经济人”的理性选择。一路过关斩将能顺利毕业已属不易，出来工作还不好找。商科对理科好的学生来说读起来太容易了，出来又好赚钱。我邻居一大哥哥，十年前清华毕业去美国硕博连读（好像就是生命科学或生物工程之类的），到现在博士还没毕业，一是理科博士时间本来就挺长，二是因为工作不好找，只能留校给导师打工。楼主想念生命科学，这类专业在国内就业很难，而现在美国人自己就业已经很难，万一到时留不了美国怎么办？人生就是一次投资，学会如何控制风险很重要。  再说财大，出国确实不如中科大方便，除了商科本身出国就不容易以外，中国大学扯淡的排名也是原因之一。举个例子，我大学室友的女朋是上海外国语的，申请出国的时候被一所学校拒了，理由是上外是中国100名以外的学校。财大一般是90左右。你说扯淡不扯淡，南昌大学、郑州大学什么的都排在上财上外的前面，这根本不是市场化的排名，其实市场化的排名就是高考分数和毕业生平均工资。但是，即使如此，财大每年出国的同学去牛校的也很多啊，这东西还是靠自己。  最后说说毕业后找工作的情况。最近我（我们学院是信息学院的，有信息管理、电子商务和计算机三个专业，财大唯一有点工科背景的学院）一学妹14年研究生毕业最早拿了德勤的OFFER，税前6000多，前不久又拿了花旗个人大数据风控的OFFER，税前8000多，然后她把德勤的给拒了。我本科同学去年研究生毕业，海通证券IT，年薪20万。我说这些的意思两点，一点是财大毕业生的平均工资和清北复交是同一水平，这个网上之前有排名，你可以自己去搜；二是，现在金融相关行业的平均工资比其它行业高也是客观事实，在证券公司、银行里面做相同的岗位也会比其它行业工资高，比如IT。而且题主说对生命科学感兴趣，我惊出一身冷汗，请你千万想清楚了， 你到底是喜欢萌萌的小动物，还是真的喜欢精子和卵子。   在财大四年，我个人现在对经济学和金融学是非常的感兴趣，因为这些学科同时兼具文理，经济学和金融学对于理解现代人类社会运行的本质规律是有非常大的裨益的。就像我前面所说，当你学了经济学和金融学，你就可以指导你的人生更好地做抉择，更好地管理人生的风险，这些都是理工科做不到的，因此 最适合不知道自己的兴趣是什么的人读了。 @唐卓华     说一千道一万，大家读书不都是为了出来好赚钱嘛，现在谁还为中华崛起而读书啊。不为赚钱而选学校都是耍流氓。  ============================================================ 2014.01.05  我回答这个答案的初衷，只是想表明“ 哪个学校更适合题主 ”，而不是“ 中科大和上海财大哪个更NB ”，中科大和财大本来就像狮子和鲨鱼，根本没有可比性。就像剑桥和LSE没啥好比的。  从运筹学的角度来说，不同的人做决策有不同的偏好。有些人追求好处最大化，有些人追求坏处最小化。前者风险高，后者风险低。不管什么学校都有混得好和混得差的，如果你立志要站上华尔街之颠傲视天下或者成为学界泰斗，那我觉得科大的平台可能是更适合。但是，如果你想合理管理人生的风险，有一个超过大部分人的小康生活，同时也保留了挤上社会顶层的可能性的话，那么来财大话说无疑是更好的选择。而且话说回来，一个志向是要站上华尔街之颠傲视天下或者成为学界泰斗同时能力也够的人，去什么学校都无所谓了。  另外，我举的就业例子只是财大一般的情况，因为这样的例子才具有普遍意义。  我就说光大“乌龙指”事件中，徐浩明、杨赤忠、沈诗光、杨剑波处以终身证券市场禁入，四人中两人：徐浩明、杨剑波均是财大校友，杨赤忠是财大客座教授。其它我也不多说了，低调赚钱才是我财风格。
去中国人民大学还是上海财经大学好？,财大在上海top5简直扯淡   北京毕业那么容易拿户口 更是胡说八道 上海才是真正地相对容易拿户口的吧     建议@十四啊 不懂就别乱建议了
请问有在上海财经大学考过采购与供应管理的？求指教。总费用多少？难易程度？,我是现在读的就是上海财大的采购与供应管理专业自考本科，当时是在昆山路直接报名，费用是一万三。今年5月份开课，一共上课5门课，一门公共课四门专业课。现5门课都已考完试，心情忐忑的在等考试成绩中.哈哈！其实能够按时去上课，考前再认真的准备一下基本上都能过的，财大的采购专业通过率还是蛮高的，这也是当时报财大采购专业的原因 
我现在在上海财经大学读精算本科，想问一下，研究生是去国外读比较好还是在国内读好？,谢邀。 首先，请 仔细反复阅读 这个贴： 《精算问答白皮书》第一版，祝开学愉快！   里面也许并没有直接回答你的问题，但可以帮你纠清很多概念和固有印象，或许你看完有些问题就不会提了。  1. 复旦学什么？ 抱歉我从没在上海呆过，复旦真心不熟，但是复旦和友邦有个培训班，招校内的学生，专门考SOA，可见今年的招生通知：  http://www.  sfs.ecnu.edu.cn/pdf/38%  E6%9C%9F%E5%9F%B9%E8%AE%AD%E7%8F%AD%E6%8B%9B%E7%94%9F%E9%80%9A%E7%9F%A5.pdf       而据我所知，你们上财是考英精，那么你们的教学体系相应的也是跟着IOA的体系走，体系都不同，你确定你本科四年考了几门英国的后，研究生考去复旦再从头把北美的考起？太不现实了吧。 至于书单，我没有，请努力咨询复旦 本专业本届的学生 ，他们给你的信息才是最准确的。不认识人？潜入他们论坛看看，托朋友、托学长问问，总可以吧。 但还是那一句，你得想好了，为什么复旦？到底要考IOA还是SOA？难道你打算考完两个体系？  2.研究生？ 考研怎么准备？提这个问题想必同学你应该大一大二吧。 保研？没有人能在你没有给出任何前提条件的情况下讨论什么几率的问题。任何专业的保研无非都是GPA（专业排名）、论文、导师关系，这几个指标越硬越好。不同学校不同专业侧重的方面可能不同。  3.这个问题更是.......同学，你八字还没有一撇想的也忒远了。这个问题纯属于大家小学时候都忧虑过的“我是去北大好还是去清华好”的翻版。 申请条件，能否全奖，官网都有，自己去看。 你问我哪一个好？我倒想问哪一个最好你就去哪一个吗？你知道整个CIT一年在中国招几个人吗？  同学，别怪我吐槽，问问题前先做些准备工作吧。  你真正需要问的应该是两个问题，第一个问题应该问自己：   我现在读精算，但我以后真的要从业精算吗？   要解答这个问题，你需要弄清自己的内心，是否 真的感兴趣 而不是只是觉得它听起来高大上，如果有些兴趣可以多看看相关论坛上行内人的经验分享，了解从业的难度有多大，前期投入是多高，自己能不能承受，并且这个问题的答案会随着时间而产生变化。  第二个问题才是真正应该问别人的：   为了得到精算的工作，我有哪些必须准备的？   这个时候我就会简明地告诉你： 1.  一份六个月以上的靠谱的精算实习是最最最重要的！并且你应当从中学到了很多实在的东西。  2. 最好是名校精算硕士，国外国内差别没有那么大，除非你拿英美最top的学校和普通985比（当然后者也不叫名校了）。. 3. 考试不用太多，也不能不考，一般SOA4-5门最好。 4. GPA、奖学金什么的不那么重要，过得去就行了。  其实我这几条你应当在最开头那个贴中能找到相似的（假如你看了的话），所以请多读几遍那个贴，多逛论坛！  补充另一个贴，是你们学校学长写的，应该对你有用：  https://www.  google.com.hk/#  q=%E5%BF%83%E5%BE%97+%E4%B8%80%E4%B8%AA%E7%B2%BE%E7%AE%97%E5%B8%88%E7%9A%84%E7%8B%AC%E7%99%BD        End.
二本本科，上海财经大学金融专业研究生，未来出路？,能不能了解一下考上上财的经验，19考研，目标上海。
泽稷网校和上海财经大学是什么关系？, 广告水贴，鉴定完毕！  现在市面上所有以上海财经大学名义办学的业余制课程都是财大某个二级学院和社会机构一起搞的，俗称挂羊头卖狗肉，你要是以为“这种上海财经大学”和一本的正统上海财经大学是一件事情的话，那只能说你被忽悠得不轻，不信的话，你自己百度下财大和泽稷的关系，有多少人上当受骗过！ 
谁能对比分析一下对外经贸大学和上海财经大学，高三苦孩子等答案。?,虽然我也是贸大的，但楼上说的也太那啥了吧？两个学校绝对一个档次。想在上海读上财。想在北京就读外经贸。
如何看待南京大学的学生在小百合论坛对上海财经大学的嘲讽贴「上海财经大学：别把打工仔当精英」？,1932年8月，国立中央大学商学院独立建校，定名为国立上海商学院，1950年8月，更名为上海财经学院，1985年9月，更名为上海财经大学。 1949年8月8日，国立中央大学更名为国立南京大学，1950年10月10日，去国立称南京大学。 本是同根生相煎何太急……
上海财经大学食堂好吃吗?,财大的食堂和周围复旦、同济的一比。。差距就出来了。。种类少、价格贵、味道很一般。。只能说食堂装修的不错。
如果并没有什么很喜欢的专业，报志愿时上海财经大学和厦大选择哪一个呢。？,喜欢厦门可以去旅游
上海财经大学国际教育学院靠谱么？, 可以去百度贴吧——上海财经大学国际教育学院吧问问 
作为一个普通211大学的大二学生，怎么跨专业考上海财经大学或同等次大学的金融方面的研究生?,本人跟你的情况完全相同
想考上海财经大学的企业管理研究生？, 据我了解，这样的项目通常会招收本科是211以上的同学。  我建议你定位一个你能考取的学校和专业，考研也是你最佳出路。  建议可以参阅 非重点大学学生考研的意义及其他闲谈 ，或许会给你一些启发。  祝好。 
上海财经大学考研？,不谢邀。  1、专硕考什么，随便搜一下就知道了  2、然后通过1，你就会发现专硕是不考数三的  3、逻辑和写作是什么……你不看真题谁能给你解释清楚是什么……然后过往真题也是能在网上随便找到的。当你看完真题，再有疑问，我也愿意针对知识点进行解答  4、要怎么复习准备多久，这是一个完全主观的问题。对于大神来说可能三个月就够了，对于小白来说，就上财的难度，可能准备一年也未必能进复试  5、你所追求的【系统】往往都是需要被人喂现成的，但其实你随便搜搜都有答案，就算在知乎，随便看看高票回答或者你看看你邀请的人的过往答案都能找到一些线索，但你做了伸手党  6、如果追求最系统化的东西，花钱报个班比较好。不是嘲讽义。  7、我觉得题主考不上上财会计，建议题主重新审视自己再确定目标。不是嘲讽义。  ================================  自从来到知乎，最终活跃在考研话题下之后，收到太多的问题邀请和私信询问，也回答过若干问题和评论回复。发现一件事，很多同学往往动动手就能有答案的东西，或者完全主观外人无法判断的问题，都要上来问。真希望这种降低社区质量的问题能越少越好。  再就是，所有我所遇到的上述情况，我所掌握着发问者信息的，产生问题的人都是二本三本乃至专科考研生。无一例外。  我遇到的每个985和211的考研党，问的问题都很有商讨价值。无一例外。  如此说来，虽然国家现在已经决定打造【双一流】来淡化985跟211的光环价值，但985和211，依然是评价学生的重要指标。连我一个知乎回答问题的都有如此心得体会，试想一下，企业的HR呢？
三本的学生能考的上上海财经大学会计专硕吗？,能，只要肯下功夫，逆袭不是梦想。
请问上海财经大学金融硕士在哪个校区？,这个百度不就得了么
上海财经大学2012年毕业的博士生宫汝凯这种行为算是一稿多发吗？,可以要求学术委员会鉴定，终止纷争。
在上海念书，想报考上海财经大学的研究生。请教各位少数民族有优惠的政策吗？,有有有！少数民族干啥都有优惠政策！！
上海财经大学有MBA培训班吗？, 首先选择辅导班需要看：  1、办学资质、收费备案、  2、跟各个高校的合作关系  3、教学力量、上课的老师是否是有名  4、对学员的服务是不是好。  这些可以通过自己多方面的去对比，适合自己的才是最好的。  结合自身的情况去选、授课点距离自己远不远，考虑自身的时间成本等因素。  同达教育可以考虑下，值得一报 
上海财经大学统计学研究生，三个细分专业之间的区别？,泻药，原来的号不用了，也不知道怎么登录，有点小慌。。建议阅读官网介绍，非常清楚。  财经大学   
小弟考入了上海财经大学。请问以后怎样才能进入金融行业工作？,在上财一年，也加入了校级院级几个部门，对财大的学生组织有一点了解。院级部门里小伙伴大都认识，很适合交友。但是你以后步入金融行业，想从事金融相关性较强的方面的话，推荐你到校级组织锻炼一下，像DAPC就挺不错的，它是一个模拟企业，开例会，当班，发工资，业务外拓，做财务报表等等有正式企业的即视感。我大一就在那里当小员工，期末还会跟一起当班的小伙伴约刷馆，感觉既是企业又是家O(∩_∩)O 他们好像还有个新生群 475473404  你可以去了解更详细的情况，祝你找到适合你的地方！
请问大学选北京师范大学和上海财经大学，哪个更优先选择？,如果实在拿不定主意，就看分数吧，哪个学校分高选哪个，哪个专业高选哪个。请相信中国家长的智慧。
上海财经大学MPAcc学费？报考条件？复试流程？复录比？培养方向？免考科目？, （了解更多院校详情，请关注公众号：shtqedu 或私信咨询我哦!）  上海财经大学是国务院学位办首批确定的MPAcc教育试点院校之一。长期与英国特许会计师公会(ACCA)、澳洲会计师公会(CPA Australia)、英国特许管理会计师公会(CIMA)、美国管理会计师协会、加拿大注册管理会计师协会、香港会计师公会以及四大国际会计公司保持着密切的交流与友好。      上海财经大学MPAcc全日制培养方向   会计理论与实务方向（全日制，学制2年）  1.会计与公司财务项目：以培养精通会计和公司财务知识、适应公司财务管理战略需求的高级准也人才（CFO）为目标  2.会计与资本市场项目:以培养精通会计和金融市场知识，适应证券市场资本管理需求的专业人才（证券分析师，投资银行家等）  3.会计与证券法务项目：以培养精通会计和证券法律知识、适应公司证券信息管理需求的高级专业人才（董事会秘书）为目标      上海财经大学MPAcc录取详情   一、分数线  2015年 228/60/120  2016年 233/60/120  2017年 239/60/120  二、2017年复录比: 1：3  参加复试人数：全日制179（含退役大学学生计划5人，少干1人）  录取人数：全日制57人（含退役大学生计划1人，不含推免）  三、2017年录取分数情况  全日制录取最高分259，最低分239  250-259分，32人，录19人  245-249分，47人，录18人  239-244分，94人，录19人  218分，录1（退役大学生计划）      上海财经大学全日制MPAcc复试流程   复试时间：  三月中下旬，具体时间请考生关注官方复试通知  面试：  分值：100分 英语30分，专业课70分  英语：根据提交的个人资料进行提问  专业课：会计相关的专业知识  5个老师，三个专业课老师，一个英语老师，一个面试观察员  笔试：  分值：政治10分，经济学90分，会计学100分  1.《会计学》第四版（陈信元主编，上海财经大学出版社，2013年8月出版）；  2.经济学（今年会有所变动，正式通知请关注我们，会第一时间发布变动政策）  3.政治      相关免考政策   1. 入学即可豁免ACCA专业资格第一、二阶段九门课程的考试；  2. CIMA开通MPAcc快速通道，最多可免考12门课程；  3. 修完指定科目，可豁免澳洲会计师公会最多7科考试（所有基础阶段六科+专业阶段一科）  4. 修完指定科目，可直接注册入读香港会计师公会专业资格课程（QP），QP课程毕业生可获豁免中国注册会计师全国统一考试的“会计”、“审计”、“财务成本管理”和“公司战略与风险管理”四门科目。      学费及奖学金   学费：  2017年全日制学费 10.8w  奖学金制度：  第一名，奖学金为5万元；  第二名，奖学金为4万元；  第三名，奖学金为3万元；  第四名，奖学金为2万元；  第五名到第十五名，奖学金为1万元；  第十六名到第三十名，奖学金为0.6万元。      MPAcc课程设置   专业公共课：  社会主义市场经济理论与实践 英语 管理经济学     专业必修课：  高级财务会计理论与实务  高级财务管理与实务  高级审计理论与实务  高级管理会计与实务  商业伦理与会计职业道德     专业方向课  公司战略管理  财务报表分析  管理信息系统  会计理论  中国税制  内部控制理论与实务  企业税收筹划  （了解更多院校详情，请关注公众号：shtqedu 或私信咨询我哦!） 
想做咨询，投行，进外企，南开经济管理类专业与上海财经大学报考哪个比较好？,这里的不少人不知道是什么路数，很多不靠谱，一点很重要，你说的上述工作，和本科生一毛钱关系也没有，清北除外，所以基本都是要读研，这个问题就来了本科是学校重要还是专业重要？显然学校，因为专业是可以换的，等你考研或保研的时候，你做的工作也未必和你的专业相关。而本科学校的层次是你一辈子无法改变，985高校在平台上的优势非常重要，无论你在国内外进一步深造，985都是很有用的。本科只有给你读研打个基础而已，专业没必要上金融，数学物理计算机都是非常好的选择，咨询投行都非常喜欢符复合专业背景的学生如本科数学，研究生金融。上财这类学校读研还可以，本科就别去了。
新加坡管理大学与上海财经大学的硕士合作项目值得去读吗？,楼主你去了么？
上海财经大学商务英语专业如何？,你是不是要保送过来的啊？如果你有更好的选择，比如复旦交大，清华北大，请选他们，不要选财大……而且还是外语系…… 如果没有更好的选择的话，那还是去财大外语系吧，但是记住第一年一定要好好读书，提高绩点，之后转到其他较好的学院去啊！！ 不要再外语系待四年！！ 不要再外语系待四年！！ 不要再外语系待四年！！ 当其他专业的同学在学金融，讨论股票或者资本市场并购的时候，外语系的同学还在苦命准备乱七八糟的英语证书…… 当其他专业的同学在券商，咨询或者基金公司实习的时候，外语系的同学只能随随便便的找一个普普通通的实习……，如果没有什么人脉关系的话 当其他专业的同学在已经申请到好的国外学校，或者已经拿到金融机构offer的时候，外语系的同学还在自我安慰，觉得北美Top50不错，英国Top10也不错，能出去就不错（因为没有选择了……）或者在考虑要不要去四大或者银行  出国读金融专业，你在外语系数学能力不行，金融经济学术能力很水，辅修双专最好坚持下来又没有用……这种背景下，你读了四年之后申请出国，去好的学校……还是算了吧……  总结：去读外语系第一年，之后一定要转专业啊！
上海财经大学MPACC在读实习一般是进什么企业，有无工资。校外导师 一般会带我们做些什么（越具体越好）。?,呃呃，泻药，抱歉我对于这个专业不是很了解哇。…
中央财经大学和上海财经大学我该如何选择?,上财猫多，喜欢猫一定要来上财。
上海财经大学的MBA培训班在哪里？, 上海财大MBA辅导班  我们校区有比较多，  人民广场、徐家汇、杨浦校区、浦东校区、莘庄校区、等等。  校区较多可以提供选择。        上海财大MBA学费  普通在职：24.8万元；  全日制全球：21.8万；  金融投资（在职）28.8万元   
我是上海大一管理类学生 上海财经大学最近有个acca班招生 建议去读吗？,英语基础好点就行  数学要求不高   上海财大acca还是不错的 学习acca也可以看看网课  我自学买高顿网课效果也挺好
浙江万里学院和上海财经大学浙江学院哪所学校好一些？,上财是一本 万里是三本 这能比？ 如果你是要问上海财经大学浙江学院的话 那是万里好( ´･ᴗ･` )  但是上财？ 这真是两校在知乎被黑的最惨的一次
上海财经大学自主招生考试范围？,本人参加了17年的上财自招 很遗憾110.5通过我只得了108.5 上财自招的题毫无疑问很难。要有选择的做，而且有倒扣分的，所以一定要选把握大的去做
上海财经大学的自主招生？,对于了解自主招生的最佳渠道便是看官方网站  上海财经大学本科招生网  每年招生简章都在变，财大自主招生竞争激烈，提早准备准没错。
西南财经大学在上海的口碑和名气怎么样？,       作为一个在上海的西财人，来回答下这个问题，以下纯属自己个人感受。        第一天来上海某高校上学时，同学问西财在哪？重庆？云南？西安？说前两个的还情有可原，但是说西安的童鞋估计是地理没学好了（扯远了）。不过的确也从侧面说明理工科学校里的学生对纯财经类院校大多不了解。尽管西财的分数线基本是川内第一，大家其实不care，综合性大学肯定在声誉上更加有优势。       接下来说说自己找实习时候的一些经历。去面试某保险资管实习生时，从HR到老板，大家还是认可西财的，后来进去了也发现有好多学长学姐在那里工作。后来去一家国有投资咨询公司实习，面试时老板还问你们原来校长是不是刘诗白，当时对此还是挺惊讶的。后来去各种券商面行业研究也基本没有对西财的本科背景有特别异议。（当然，有些券商指明了要求本硕均为985也是没办法）。      最后说一点，尽管西财在上海的势力不像上财在上海那么强大，但是在上海的西财人还是很团结有爱的。如果想在上海发展的校友大胆过来吧。我们在这工作生活地更好，站稳脚跟，才能进一步扩大母校在上海的影响力！
上海财经大学已获AACSB国际认证，会产生哪些深远影响？, 没什么深远影响，整个认证是商学院里最难拿的一个认证，本次财大拿到了，说明商学院质量有保证。但同时，这个认证的会费不便宜，相应的学费也会大幅提升。财大商学院，更重要的在于财大的品牌商誉，而非商学院的这个认证。不过，财大拿到这个认证，可以说踏入一流商学院行列。 
上海师范大学法硕，上海对外经贸大学法硕和广东财经大学法硕选哪家?,上海对外经贸大学法硕
在上海财经大学读书花销大么？,生活开销因为在上海可能会比你家乡高不少，但我觉得只要不颓废，过到同学们平均水平，应该完全没有压力。 吃饭：如果只吃食堂，早饭5左右，午晚大概一顿10～20左右。水免费，电的话宿舍4人分很便宜。学费有些专业是5k一年有些是15k，买书的话不买新书一年100以内绝对够了。住宿费 800-1200 不等。 我觉得这些开销是全国大学都差不太多的。与其考虑节流不如考虑开源。 如果家庭条件不太好的话可以申请助学金，基本可以cover你的学费和住宿了。学校里有专门的组织可以找到一些不影响学习的兼职工作比如管理学校书店，帮一些行政的老师打下手，做家教等等。完全可以赚够你的生活费了。到大三找实习的时候你会发现校友资源还是很丰富的，至少实习工资够当额外零花钱了，好多同学实习以后家里一分钱不给也过得挺好。如果能拿到奖学金压力就更小了。 大概就是这样咯，还想知道啥私信我
华东师范大学和上海财经大学哪个就业强一点？,不同职业圈吧 从数据来说财大可能会高一点  根据最近我看到的数据统计华师大超过一半的毕业生最后进入教师行业  楼主有喜欢的专业吗？华师大给我感觉专业多人文底蕴各方面都不错 财大目标性强 在这里很难听到一些高水平的人文等其他方面的讲座资源 可能会比较浮躁 这也是它的缺点 但你若想读财经类专业 请来财大 你将成为公司招聘时的上海院校第一阶级 不过如果读了之后不喜欢转专业也是无法转出金融圈了  建议莫将就业率放在首位考虑 如果不喜欢金融 可能会越读越不喜欢 过来人的感想 希望帮到你
本人南财会计，如何考上海财经大学会计的研究生？,好好学习   ―――――――――――――――――――――――― 当初只是抖机灵，现在补充点干货。  首先南财没有保研资格，所以必须自己考 上财会计比较热门，所以复试分很高，报录比也相当低。具体是多少，网上很容易搜出来。  上财会计硕士有两种，学硕和专硕。学硕考四门，名额少，考试难，学两年，偏理论方向，考博方便，有机会硕博连读，学费挺便宜的，暂时是8000一年。专硕名额多一点，考试也更简单，学两年，偏应用方向。但学费要贵一点点，不多，也就六万一年。  这两种硕士在找工作的时候没什么区别，除了个别公司，一般来说是等同的。考哪一种首先要做好决定。决定好了之后到上海财经大学官网上查看一下招生简章，历年录取分数线，考试科目。足够了解，做好初步准备。  因为上财分数线很高，考题也不容易，所以应该在大三寒假的时候就开始准备。可以咨询已经考研成功的学长学姐一些经验，多上一些上财考研相关的论坛，下载一下历年真题和模拟题，关注考试命题动向等相关信息。  提前准备复试和调剂。复试在不影响初试复习的情况下，越早准备越好。调剂的话就看你自己了。   （未完）
如何看待上海财经大学军训参观火灾现场不加通知导致女生寝室被围观？,吐槽把公主楼当怡红院你们还真以为我要带哥几个逛窑子？意大利炮收一收fine?            ——————以下原答——————   我就想批评一下教官和校领导了，你们参观就参观，为什么不带上我们大二大三的，同是逛窑子，他们大一的新兵蛋子逛得，为啥我们这些老光棍逛不得，这大二的婆娘难道不归我们大二的男人看？ 还有你说这好好地偷情，你非要插播什么军训，这不是加戏吗？     之前看到P大给T大几波打广告事件，我财还学得有模有样嘛，很有创新。   学校：我还能怎样，删微博吗？？   最后：在重要的参观活动中不辞而别、擅自穿好衣服离开宿舍，完全置女性的贞操和道德于不顾，置学校的名誉和宿舍的利益于不顾，不尊重观众，不尊重教官，这种行为极其错误，我们坚决反对。我们要求女生任何时候都要将爱国主义、集体主义放在首位，过硬的思想作风、严格的记录要求与姿色水平同样重要。校方已责成宿舍管理协会查清事实，对擅自离宿、在网上发布不利于校方信息的行为和个人会查清事实、严肃处理。  ——————严肃喷雾—————— 不针对每一个大一生（有部分同学还是展现出了自己的体面），也不挂具体某些个人，但凡是过程中没有一丝愧疚，而是毫无忌惮地参与集体狂欢的每个人，都应该被打脸。  然后那些感觉自己被骂了说什么我挑拨年级矛盾的，我只想说 事实就是有人堵在门口不让人过， 事实就是有人透过玻璃往里看， 事实就是有人吵得别人没法休息， 事实就是有人在门外贱兮兮地吼学姐名字， 我骂这些人关你几个事， 我还能怎样，最后还不是哭着把小可爱原谅？ 友善度不要了我来掉粉了：   
mpacc比较，中央财经的在职双证和上海大学？,即使很贵，即使不提供住宿，央财的在职也不是随随便便就能考进的好吗。 尽管我是上大人，但讲真，没法比。
上海财经大学专业选择问题？,专业有那么重要吗？我在上财读书的时候，学的是经济社会学，毕业以后从事审计，现在在美资外企做预算和内控。我大学的那个班一共有42个同学，现在大部分都是在银行、证券公司、保险公司、会计师事务所和外企从事财经相关类的工作。我有个统计学的学妹，她寝室有个同学统计学毕业以后，去了哈佛大学读了研究生，现在华尔街的投资银行上班。  我2007年毕业，到现在发现，从上财毕业的学生，不管什么专业，后来大部分都是从事金融财经类相关的工作。关于你意向的专业选择，我建议你可以选择金融学类（中外合作），这些专业有一些中外交流项目，对你的经历或许有帮助。  不管你选择了什么专业，都应该在大学期间早早做好职业规划，想好自己以后想从事什么职业，想做什么工作。术业有专攻。  在大学期间的学习，我也有三点建议：1.多读书；2.学好英语，特别是口语；3.早点作准备考出CPA或者其他会计证书；4.如要考研，一定要把数学学好。  祝你顺利
非985/211的大学生考研如何考取上海财经大学？,谢谢邀请我。。 同学，财大是很公平开明的，我的一个好朋友就是三本院校今年考到金融专硕的。现在问这个问题肯定不是今年考研了吧。。。财大的考研难度你现在准备明年的考试也不迟的，与其想太多不如早点行动，机会都是给有准备的人的。 坚持，坚持，坚持！这是我最想说的。
我是一名高中生，想考上海财经大学？,知乎首答，献给同时间不同地点奋斗的你。 同2017高考生，也打算奔赴上财。山东考生，分数线高的一逼。同数学弱项，看到数字就头疼，作业靠抄，考试靠缘分。 不过答主是理科。 ————————听说要用分割线—————— 一、语文  语文个人感觉灵活性不是很强。大多数题都有固定的模板可套，所以除作文外的题目都可以靠刷题来获得经验。 ①字音字形 重在整理和反复。如果有空闲的话建议多看看字典或者咬文嚼字一类的，尤其是多音字和长得很像的那种，比如“候”和“侯”、“梁”和“粱”。我们这里黄粱一梦出题的频率简直了…… 刷字音字形题的时候本子整理，上课的自主时间(比如自主订正整理)的时候就使劲写。可以考虑写在小一点的本子上闲着没事就拿出来看一下。 ②阅读理解 重点是抓主旨。 阅读理解每次扣分格外多，所以只能提点小建议…… 一种方法是多看书。重在理解而不在多，这也是提升作文的一个好方法。但是答题的时候可能会偏离出题者意图，依据是我。 另一种方法是刷题背套路。在文章里标画重点句子啥的，这些老师都会讲，要做好笔记。虽然死板但是确实好拿分。 阅读理解学生自己很难讲明白，所以就要靠题主自己好好压榨语文老师的价值了。 ③语言运用。 也是靠套路堆出来的。 诗歌鉴赏就画面展开加表达效果加作者情感（通常）。 新闻就抓时间地点人物事件偶尔有意义（即什么人做了什么事产生了什么影响）。 排序…靠悟性。凭借因果关系，关键词，递进的层次来排序。 ④作文 一 审题。题目有可能暗示题材。关键词也是得分的凭据。例，以“那一刻，我的世界春暖花开”为题。一件事，我看见的或以我为主角，对我产生积极影响。 二 选材。 三 角度。材料可以老套，但是角度尽量新颖。 四大多数作文结尾回到现实。散文记叙文就是对自己的影响，议论文就联现实国情一类。一定要有现实意义。 多找老师，不要羞射。让老师把你的作文细细讲一遍绝对比课上笼统的讲解好得多。唯一不好的就是耗时长…题主曾为此迟到过好多次遭遇白眼无数个。但是效果杠杠的，英语作文（不要问我为什么是英语）提了好多分！  因为不知道题主是想要生活上的还是学习上的建议还是鼓励，所以我先写到这里。 其实是手机卡到要死。 最主要是我懒…… 那题主待会见，可以考虑告诉我一下题主具体想问什么嗯。 ⁄(⁄ ⁄•⁄ω⁄•⁄ ⁄)⁄那么先这样。
浙江大学这类等级的综合类名校还是上海财经大学？, 本渣渣现在想学金融，但是也不知道金融是不是适合本渣，毕竟在象牙塔里呆了12年！上了那几个名气大的学校，理工类专业本渣能不能读的开心，也不好讲。万一真被综合大校录了，那本渣就得先为自己的专业折腾了！！ 浙大大一是大类培养，像你这种不知道自己适不适合的，去浙大最好了。大一可以修金融/会计的课（甚至人文理工），多试试，看看自己适合哪个，能不能hold住。然后大二再确定专业。这总比你一头撞进某专业然后读着读着发现自己不适合这个专业然后难过的度过大学四年要好。我上大学前也准备读金融，然后大一修了许多数学课然后发现……搞金融我会早死。然后现在在愉快的读人文~这是上大学之前无法预料到的。浙大给你很多选择，你可以在不断的尝试之中发现自己最好的路，毕竟现在的高中教育多数人并不知道自己的未来是什么。   本渣是有些浪漫气息的，看到网上说上财人文气息差一些，很纠结啊！！而且本渣真心可能报不上金融。。。 有浪漫气息你来不来浙大你在纠结什么：）上有天堂下有苏杭，浙大有湖有柳有花香。而且我就是因为上了人文的课，被各位老师的人文气息和浪漫情怀所打动，然后学了人文（并没有安利你也要学人文，只是你想有浪漫气息，浙大有，而且很多）我觉得浙大的人还是很富有理想主义的~   怎么办！到底是名气大些，开心些的综合类名校～还是上海财经！！ 本科选学校，研究生选专业。本科选综排，研究生选专排。 如果研究生要出国选综排，没有别的更好的选择。 我觉得本科教育还是要多花时间培养综合能力，多花时间想，以后， 我究竟要成为一个怎样的人 。 只有想清楚这些问题以后你才能再未来的专业学习上有所建树。不然会耗费很多宝贵的青春。  不要让自己成为一个为了专业而专业的工具人，要成为一个自己喜欢的人。   ----------------------------------------  选择浙江大学【选学校】还是同济大学【选专业】？ - 金钟钟的回答   中国科学技术大学和浙江大学，选哪个更好？ - 大学  还可以看看类似的问题的答案。
中国人民大学和上海财经大学的金融专业各有何优劣？,就金融学整体水平而言，全国最好的当属于中国人民大学，各个分科目实力平均，不论是货币银行，证券投资还是国际金融都名列前茅，地区优势明显。 清华大学的五道口金融学院也是金融学的巨擘，本来是中国人民银行研究生部，2011年8月并入清华大学，不过只招收研究生。 此外西南财经大学、北京大学、上海财经大学、厦门大学虽然不如以上两所学校，但在211大学金融界也数一数二，也有名列前茅的专业：西南财大的货币银行学、上海财大的证券学、厦门的金融工程……
2015上海财经大学自主招生考试一般要注意哪些？,去年上财自己去考的，没有学校推荐表的学生里，过笔试的只有两个，其中一个在面试时还被刷了。想开点，其实高考考入并不难~
报考上海财经大学的经济学类的研究生需要做哪些准备？,利益相关：财大金融学院研究生 就说个前几天的段子吧，某年轻老师上课调侃：我硕博都在财大读的，本来想留在经济学院，结果他们要求太高了，招的老师都是海龟，最后就去了复旦做老师。 虽然黑了把复旦，但经院师资强是不争的，楼主你专业课和英语必须好，进了复试的话都是大海龟老师给你面，鸭梨山大啊-_-|| 好好看书吧，财大考研竞争很激烈，会计经济金融是最难考的，祝你成功。
上海财经大学经济学院在职研究生如何？,  经济学院高级课程研修班招生简章    办班性质：非学历教育    上海财经大学简介   创建于1917年的上海财经大学是一所历史悠久的全国性重点大学，目前已经发展为一所以经济管理学科为主，经、管、法、文、理协调发展的多科性重点大学。在全国财经院校中，我校最早获得博士学位授予权（1981年国家首批），也是首批设立社会科学（经济学）博士后流动站的高校之一。1996年，学校进入国家“211工程”重点建设高校行列；2000年和2007年，学校通过教育部本科教学工作优秀评价；2007年，学校进入国家建设高水平大学项目行列。2013年12月30日，上海财经大学获评“中国五星级大学”(全国共27所)，并跻身2014中国一流大学行列(全国共27所)。 上海财经大学问鼎《2015中国财经类大学排行榜》榜首。   【经济学院】   ●  上海财经大学教学、科研力量最为雄厚的学院之一  ●  国家级人才培养模式创新实验区——国家经济学基础人才培养基地  ●  国家首批985优势学科创新平台项目——“经济学创新平台”建设项目  ●  全国仅有的三家社科类教育部重点实验室——“数理经济学”教育部重点实验室  上海财经大学经济学院是上海财经大学教学、科研力量最为雄厚的学院之一，座落于武川路校区，拥有现代化、国际化的教学科研一体化办公大楼。自海外著名华人经济学家田国强教授2004年担任经济学院院长以来，上海财经大学经济学院以首批、首创国家优势学科创新平台项目——“经济学创新平台”建设项目为契机，成规模引进海外高层次优秀人才，致力于打造具有国际学术话语权的经济学学术重镇和世界一流的经济学院，推动中国经济学教育与改革的发展，取得了卓越的成就。荷兰蒂尔堡大学2013年10月公布的“全球经济学研究机构排名”（Tilburg University Economics Schools Resesrch Ranking）显示，2012年上海财经大学在国际顶尖、一流的32种经济学期刊上的高质量论文发表数在大中华地区（大陆、香港、台湾）所有高校中位居第1、亚洲第6，而世界排名则上升至第61名，超过约翰•霍普金斯大学、范德比尔特大学、波士顿学院、德州大学奥斯汀分校、南加州大学、密西根州立大学等许多世界名校。学院现有专任教师81人，其中，中组部“千人计划”入选者4人，教育部长江学者特聘教授2人，长江学者讲座教授1人，上海市东方学者2人，教育部新世纪优秀人才4人，教授21人，副教授30人，拥有海外著名大学博士学位的有47人。   一 、入学条件   （一）已获得学士学位并在获得学士学位后工作三年以上，即2013年及之前获得学士学位者（原专业不限）；   （二）或虽无学士学位但已获得硕士或博士学位者均符合入学条件。对已获得的学士、硕士或博士学位为国（境）外学位的，其所获的国（境）外学位需经教育部留学服务中心认证。  （三）课程考试资格：获得学士学位满三年或虽无学士学位但已获得硕士或博士学位者，且申请并获得上海财经大学课程考试资格证。   二 、专业与收费     招生专业    研究方向    高级课程培训费    最近开课时间    数量经济学   金融投资分析  38000元  2016年4月开学  财务经济分析  38000元  2016年4月开学  金融计量与风险控制  38000元  2016年4月开学   西方经济学   资本市场与证券投资  38000元  2016年4月开学  金融管理与证券期货  38000元  2016年4月开学  培养方向：具备扎实的经济学基础理论、金融学原理以及专业功底，掌握系统的金融计量专业知识，熟练运用相关计量软件，能够理论联系实际，具有对证券投资、金融创新等方面专业问题的观察、分析和研究能力，并可承担学科和相关领域的研究和管理能力。   三、报名方式    （一）报名流程   1、报名点现场、电话或发送邮件至:shufe_edu@126.com，索取《报名申请表》。  2、将《报名申请表》传真至021-65902769，或者发电子邮件至：shufe_edu@126.com，或者现场填写报名表。   （二）资格审查 ：学员报名后由上海财经大学经济学院项目招生组资格审查，审查通过后发给入学通知书。   （三）学员在 收到入学通知书之后，两周内将学费直接汇入上海财经大学账户。   户　　名：上海财经大学(R)     账　　号：316 777 000 144 03864     开户银行：上海银行上财支行    请注明“经济学院+姓名”字样，并将缴费回执传真至 021-65902769，或电子版发送至报名邮箱，上海财经大学财务老师将尽快开具学费发票。    （四）报名材料 ：身份证、毕业证书、学位证书复印件（各一份）、3张照片（一寸照片2张、二寸照片1张）   四、授课师资及时间、地点   （一）授课师资：90%以上博导、硕导担岗授课。  （二）授课时间：双休日其中一天授课，节假日调休。  （三）授课地点：上海财经大学校区内。   五、主要课程（具体课程可能调整，必修课程以上海财经大学研究生院培养计划为准）。    研究方向    具体课程    开课学期    公共课   宏观经济学，微观经济学，货币银行学，财政学，国际经济学、社会主义经济理论，马克思主义认识方法论， 英语。  各专业第一学年          公共课程   金融投资分析   高级计量经济学（必选），金融计量经济学（必选），金融工程与金融市场分析，金融风险控制与分析，公司金融与治理，国际金融管理，融资理论与政策，证券投资理论，数理统计。  本研究方向第二学年专业课程（必选课之外，根据师资情况从中选4门课程）   财务经济分析   高级计量经济学（必选），金融计量经济学（必选），现代公司财务，公司内部审计-审计研究，财务报表分析，会计理论与实务，实证财务，财务管理，数理统计。  本研究方向第二学年专业课程（必选课之外，根据师资情况从中选4门课程）   金融计量与风险控制   高级计量经济学（必选），金融计量经济学（必选）， 金融风险控制与分析，金融工程与金融市场分析， 公司金融与治理，衍生证券与金融工程，时间序列分析，数理统计。  本研究方向第二学年专业课程（必选课之外，根据师资情况从中选4门课程）   资本市场与证券投资   高级计量经济学（必选），金融计量经济学，金融工程与金融市场分析，金融风险控制与分析，国际资本市场专题研究，证券投资理论，融资理论与政策，数理统计。  本研究方向第二学年专业课程（必选课之外，根据师资情况从中选5门课程）   金融管理与证券期货   高级计量经济学（必选），金融计量经济学，金融工程与金融市场分析，金融风险控制与分析，证券投资理论，期货产业经济分析专题，衍生证券与金融工程，现代公司财务，数理统计。  本研究方向第二学年专业课程（必选课之外，根据师资情况从中选5门课程）   六、联系方式    咨询电话： 021-65902708、65902769(FAX)、13524519539（微信）     联系老师： 刘老师、 那老师   报名邮箱： Shufe_edu@126.com    报名地址： 上海市杨浦区武川路111号上海财经大学经济学院105办公室。                （公交路线有:537、559、99、100、960路到武川路政立路站，轻轨3号线江湾镇站）。   更多详情咨询请扫描关注二维码  
考上海财经大学需要付出怎样的努力？需要做好哪些准备？,有目标非常好！给个大拇指！不管在哪儿这样的高校都是比较难考的，这个问题其实可以归结为两个问题： 1、怎样努力让高考分数达到上财的要求 2、怎样努力能参加并通过自主招生  对于第一个问题，不妨去看一些类似高中学习方法的那种回答。高考要成绩好主要还是要靠平时良好的学习方法的养成，而这样的学习方法又是见仁见智的。你说你成绩稳步提高那么我相信你一定找到了较好的适合你的学习方法，现在才高二，一切都来得及。保持下去！  第二就是上海财经大学的自主招生，依据之前的经验是要考 数学和英语 ，这两课即使是进了上财之后也是相当重要的（这两课学好了一生受益）。当然每年的情况肯定略有不同，你可以在空闲时间百度一下【上海财经大学本科招生网】，里面会有详细的说明。至于自主招生考试的难度，我没有经历过，你可以问一下上一届的学长学姐，或者网上搜索一下，应该会有相关经验！  上财会计专业是王牌专业！祝你成功！
上海财经大学金融分析师毕业，年薪一般多少？加上奖金呐？,按毕业院校来看年薪，标准差太大，没啥参考意义。
急！同济大学还是上海财经大学？？,无聊的时候题主赞了我的回答，顺手翻过来看看，顺便视奸了一下楼主微博，发现楼主最后去了人大。
中央财经大学、上海财经大学、对外经贸大学以及西安交通大学，哪所高校金融专业性价比高？,其他三所不清楚就不评论了，作为上财金融学院的研究僧我负责任的说，值。 虽然难考点，但金融学院的学术实力真的很强，老师都很厉害。不是打广告，现在我就在我们学院做教务助理，很多信息也是慢慢了解到的。在办公室碰到过几乎所有学院老师，虽然都是学术大牛但都十分和蔼，没有架子，经常在学校看到货币银行系主任骑着个小破车提着电脑包赶去给学生上课，每次看到都十分感慨。包括我的导师，是证券期货系主任，学术能力毋庸置疑，但也从来没有架子。就金融学来说，你来财大不会后悔。
上海财经大学浙江学院毕业生拿到的文凭是写上海财经大学的吗？,前提是如果你早生个几年，那时正值上财浙院要倒闭的时期，然后你就可以读四年三本类大学，却拿的是好一本的证书
上海财经大学数分重修一次对今后有影响吗？,保研肯定是没戏了，奖学金是一年一评定，只看当年的成绩，重修对以后没有影响。找工作时大部分好的企业会看你的成绩单，着重看是否有没有挂科。我当初去厦门国际银行时，hr拿到成绩单问我有没有挂科，我说没有之后他就没看。
请问上海财经大学如果被调剂一般会被调剂到什么专业？转专业好转么？,上财社会学都有一半进金融。
上海财经大学的学生有机会去投行吗？, 高盛集团在上财举办过宣讲会，至少有两名上财本科生拿到offer，分别出自金融学院和公管学院，金融学院那位进的是高盛集团新加坡投研部。所以学校平台足够了，关键在于你的实力，毕竟是和海内外顶尖学府的top学生竞争。         一、高盛集团校园招聘宣讲会    Firmwide Presentation on 2012 Summer Internship Program  This series of campus presentation will help students graduating in 2013 to understand Goldman Sachs as well as our 2012 Summer Internship Program.  To secure a seat， please register by October 7， 2011 via our careers website –   http://  gs.com/careers      .   Renmin University of China  中国人民大学  Date:     Wednesday， October 12， 2011  Time:     3-5pm  Venue: Room 412， Student Career Centre， Renmin University of China   Tsinghua University  清华大学  Date:     Thursday， October 13， 2011  Time:     4-6pm  Venue: Room 418， Shunde Building， Tsinghua University   Peking University  北京大学  Date:     Friday， October 14， 2011  Time:     4-6pm  Venue: Room 203， Guanghua Old Building， Peking University   Fudan University  复旦大学  Date:     Monday， October 17， 2011  Time:     4-6pm  Venue: 2/F Lecture Room， Lidasan building， Fudan University   Shanghai Jiao Tong University  上海交通大学  Date:     Tuesday， October 18， 2011  Time:     4-6pm  Venue: Room 303， Datong Plaza， 211 West Huaihai Road， Shanghai Advanced Institute of Finance， Shanghai Jiao Tong University    Global Investment Research – Analyst Research Training (ART) Program  This series of campus presentation are specifically for the Analyst Research Training (ART) program which is a fulltime program targeting 2012 graduates.  Interested students need to register for the event with submitting their CVs by October 7， 2011.  Successful registered students will receive a final invitation email with all the details for the event.    Shanghai University of Finance and Economics  上海财经大学  Date:     Tuesday， October 18， 2011  Time:     12-2pm  Venue: 1/F Administration Building， 777 Guoding Road， Yangpu District， Shanghai University of Finance and Economics   Zhejiang University  浙江大学  Date:     Wednesday， October 19， 2011  Time:     2-4pm  Venue: Campus Theater 201 Lecture Room， Zhejing University (Zijingang campus)   Universities in Beijing  Date:     Thursday， October 20， 2011  Time:     evening  Venue: Goldman Sachs Beijing office   Nankai University  南开大学  Date:     Friday， October 21， 2011  Time:     1-3pm  Venue: 2/F Multifunction Room， Boling Building， NanKai University     二、摩根士丹利   上海财经大学——摩根士丹利华鑫证券“协同创新金融人才联合培养基地“       上海财经大学——摩根士丹利华鑫证券联合举办“金融英才项目”招生简章         三、中国国际金融有限公司   今年2017年上财已知有2个本科生进了中金IBD          四、上财某学院本科就业情况       五、国际金融机构中的上财校友  俞丽萍 罗斯柴尔德大中华区总裁  林晓东 全球最大公募基金Vanguard大中华区总裁  陈庆 瑞士银行（中国）有限公司行长  关达昌 东亚银行（中国）有限公司行长  娄刚 摩根士丹利董事总经理、摩根士丹利华鑫证券有限公司首席策略官  王吉红 摩根士丹利华鑫证券研究部负责人  俞洋 摩根士丹利华鑫基金管理有限公司副董事长  陈海东 摩根士丹利华鑫基金管理有限公司监事长  李星 高盛集团董事总经理、中国股票融资主管  孙雷 中国国际金融有限公司投资银行部董事总经理  周家祺 中国国际金融有限公司投资银行部董事总经理  汪民生 瑞信方正证券有限公司总经理  贝多广 第一创业摩根大通证券有限公司总经理  张弛 凯雷投资集团全球合伙人  黄燕铭 瑞银证券研究部负责人  黄永忠 美林集团上海代表处首席代表  莫畏 澳新银行全球总部自然资源部总监  ······  六、上财学生如何进入顶尖投行、顶尖商学院？   上财学生如何进入顶尖投行、顶尖商学院？    
上海2016届高三生如何考上上海财经大学？,参加高考
在上海财经大学军训是一种怎样的体验？,学弟学妹们自家围墙里吐吐槽就好了，不要来知乎拉仇恨了。 财大军训时间之短强度之低，搁在全国都是罕见的。知道大家大热天军训辛苦，加油挺挺就过去了。  要知道，你们这样搞个大新闻，全国人民都知道财大军训这么水，以后的学弟学妹就要加重加量了，到时候你们也是要负责任的，识得唔识得啊？
为什么知乎上这么多上海财经大学的学生?,  peer effect  上财的博士生时间非常自由  在知乎这个偏向以干货说话的平台，上财的学生在知乎显然比在微博更有优势  最后，  @真名就叫汤坚强 ，我真心担心你旦学生的素质
刚高考完 想去同济大学但是不知道同济经管类怎么样 上海财经大学财经类听说出国难 理科女生应该怎么选择？,两校2016年留学率都是25%左右。
上海财经大学公共管理类大三选专业？,学弟好啊 我们学院分为财政，投资，房地产开发与管理，公共管理类四个大专业。在大三的时候财政班可以有两个选择方向——财政和税收，而公共管理类也有两个方向——行政管理和劳动保障。除非你转专业，否则大三你只能选择行政管理和劳动保障……
上海财经大学的经济哲学硕士专业怎么样？,1、硕士学位：经济学硕士。 2、硕士课程：西方哲学+马克思主义哲学+政治经济学+经济哲学+西方经济学，其中高级微观经济学的课程是和上财其他学院的同学一起上的，有一定难度。 3、关于老师：这两位老师都很强，张雄是人文学院院长，主要研究的领域是经济哲学和后现代主义，是经济哲学这个领域全国数一数二的人物（PS:研究这个领域的人全国也没多少个。）讲课很赞！气势逻辑加优美。徐大建是我的导师，主要研究领域是经济伦理学，兼有西方哲学和经济管理学等背景。他做学术主要注重的是逻辑与思路，是一个很严谨和真实的老头子。 4.、关于出国：据我了解，目前没有先例。不过这出国主要靠自身实力，上财有提供这样的机会，看你自己能否申请到。
上海财经大学中外合作办学专业和普通专业有何区别，好不好？,谢邀 虽然回复晚了，但是还是希望其他人可以看到    没记错的话，上海财经大学联合办学的学校应该是我的母校，澳大利亚纽卡斯尔大学。嗯，可能也有其他，但具体我也不知道，亲们可以自行查阅 作为纽卡商科生，以及海外留学狗，以下是我的个人观点哈~ 首先，报考前，先想好，自己是不是真的喜欢商科。对，不仅仅是会计和金融，商科专业，管理呀，经济学呀，都算进去，只要感兴趣，就不怕纵身商科深水。哪怕你选择了会计最后却成为了经济学学者。 第二，是不是一定要出国深造？出国很辛苦，很辛苦很辛苦，当然，如果你是资深富二代，可以绕过这一条哈~老生常谈，家境一般的小伙伴出国留学，要耐得住寂寞，要守得住孤独，这个孤独可不是自己一个人买买东西，上上厕所那么简单。轻则一个人搬家修车，重则一个人做手术，身边都是陌生的小白人，你真的可以吗？ 第三，2加2这个项目，个人感觉，挺鸡肋的。怎么说呢，高不成低不就吧。和人家正经出国留学的人又不大一样，和人家正经国内的学生也不大一样。是一个特殊的群体吧。个人认为。把握好自己的心态很重要。 第四，上海财经总体来说，在国内期间，会把学生的英语训练的好一些，所以，语言这一块可以放心。但是，如果让我选择，能够认认真真在上海财经念一个本科下来，我可能不会选择出国了哦……
上海财经大学的统计学在国内是什么水平，以后的考研和就业前景如何？,统计学虽然一直默默无闻，但是专业排名确实非常好。 就本科来说，学习任务非常重，基本上都是数学相关，课业压力非常大。（女票就是统计的，苦不堪言）但是最后考试还是比较水的，给分也普遍很高，考的基本上都是课后题或者老师讲过的。 考研分大小年，非常明显。 从认识的同学来看，本科生的话，统计的就业前景不佳，毕竟学的还太少，找不到相关的工作。
如果除了上大学，另再花3年时间考上一个名牌大学的研究生，比如上海财经之类，大家觉得划不划算？,不划算…国内（内地）除去硬牌子（每个地方的龙头，北京:清北，上海:复交），其他的名牌大学效应其实差不多的，还不如去香港或者国外读名校。
请问西南财经大学天府学院好还是上海财经大学浙江学院好呢？,hou zhe hao
在浙江，省内排名多少能考上海财经大学？,不好意思 我是江苏的  你可以去问问学校里考上的学姐学长  他们的分数结合省内排名应该就可以估计出个大概了 就酱 希望有帮助
上海财经大学录取分数线为什么那么高？好像只比北大、清华、人大、复旦、上交5所大学低,1.因为在上海 2.因为是财经院校 3.实力确实很强 4.浙大综合实力当然很强，但是对应1、2两条就是：地域没那么好；专业太多，参差不齐。
上海财经大学毕业找不到工作是一种怎样的体验？,占坑。六个月后来答。
为什么上海财经大学有那么多猫？,是大学里面都会有比较多的流浪猫 很多是学生偷着养在宿舍里，被发现后不能养了，或者毕业了不想带走，就留下了。然后都不绝育，又生小猫，就越来越多 学生一般来说比较有闲，经济来源也很稳定，就愿意喂流浪猫。然后外面一些人觉得校园是个猫的“乐园”，自己不要的猫还专门跑来扔到校园里，于是猫就更多了
上学高三了，但成绩徘徊在400左右，高三一年努力，能上上海财经大学嘛？,过去太久，已不知道什么分数方面的东西
上海财经大学开设的所谓第二专业是否被认可？, 毕业证书显示双学位的。社会认可度就仁者见仁了。   利益相关：财大双学位 
学习金融管理方面复旦大学与上海财经大学谁好？？,我是从财大考到复旦的…………拜托必须是复旦……
