如何用一句话证明你的母校是西南财经大学?, 谢邀，本来想回答我说过的每一句话的。以下排名不分前后。   1.“经世济民，孜孜以求。”——见载并不限于于柳林北门、各种宣传画册、视频、论文封面、简历页眉。   2.“ 大气为人、大智谋事、大爱行天下 。”——赵德武，2010年6月，毕业典礼。   3.李天行图书馆诗词选。   4.“电话那头传来了一阵银铃般的笑声。”——蒋南平，almost every year。   5.“西财优秀校友基本都在监狱里面。”——曾志耕，almost every year。   6.“ 买租正装怎么办？人人都找黄老板！黄老板啊在哪里？东门左转100米！”——黄老板，东门，almost every year。   7. “这个矩阵，诶11诶12诶13诶21诶22诶23诶31诶32诶33。”——吴曦，almost every year。   8.“阿姨，开哈门嘛。”——almost everyone，零点以后各寝室园楼下。   9.“产品名：惠普 520 （市场价6000左右，用了一年，现甩1500元！可再议）。”——惠普女神，2009年，草堂镇版神贴。   10.“下一份是啥子？”——almost everyone，5.5和三味堂二楼。   11.“这个不贵。”——曾志远，almost every year。   12.“叔叔，你长得有点像阿姨。”——王匡正，好多年前了。   13.“爆照片啊！”——我，almost every year。   暂时这些，想到再补。  
西南财经大学金融学研究生?,   难不难这个嘴上说了不算，用2015年的数据给你简单分析下。        2015年，金融学（020204）报名1150人，共录取146人，其中统考录取97人，推免录取49人，统考考录率约为8.8%；金融（025100）报名1172人，共录取150人，其中统考录取131人，推免录取19人，统考考录率约为11.3%。可以看到，这里的学硕的统考考录比大概在11:1左右，专硕统考考录比大概在9:1左右。 2015年和2016年有几个不同的地方，一是2015年学硕实际扩招，原计划110人，实际招收150人，这是往年没有的现象，个人认为，有可能是因为大家的初试和复试的差距都不大，很多人都是相近的分数，所以扩招，当然，这只是我个人的揣测。而且2016年，金融学学硕规模由110人缩减到80人，所以，扩招可能性不大，因此，2016年的考录率感觉要比8.8%低。        作为一个三跨的考生，首先一点就是克服心理上的畏惧，实际上来了以后，你会发现，1/3的人都跨考考生，给自己制定合理的复习计划，规划好上课、自习和辅导班的时间。同时谨慎选择复习资料，不要别说好你就去买，资料不在多，在精，还有就是不要在专业课上脱离课本，一味地相信和追求什么内部资料、辅导班什么的，脚踏实地的八课本看懂吃透，就比弄那些强多了。 基本就这么多了，想起什么别的我再补充。    
中央财经大学和西南财经大学如何选择？,其实几个211财经的学术水平都是一个档次的，博士点分布也都基本一样，2015年博士招生人数几个学校也都相差无几。上财央财还有西财在科研方面要突出一些，但总体也半斤八两各有所长，上财强在统计计量，央财强在宏观政策，西财强在微观研究。中南财亮点不是那么多，外经贸因为学科设置和历史原因重实践不太重视学术。东财虽然和以上几所学校近似，但是非211劣势暂时不提了。  差别就在地理位置上，还有两财一贸的生源更好，接触的同学逼格比中南财和西财高，老师在京沪相应信息也多，给的机会也多，一线城市实习、就业机会多，高校交流多。 一线城市还有一个好处便是认清自己，毕竟两财一贸在各自城市都不是tier-1，上财觉得自己比央财外经贸更优越一些是因为上海竞争力度比北京小。 西财觉得自己比中南财好，甚至不服两财一贸，而中南财觉得自己和西财差不多，自己不如两财一贸。因为西财在成都当地学科和就业是tier-1，而中南财在武汉上面还有武大的原因。但是我实际接触了上财央财的本科同学，他们的说法基本都是两校差不多。 申请出国来看，两财一贸申到top offer的比例高于西财，西财比中南财高（可能是因为法学出国难的因素）。上财的研究生很少有本校的，上财重就业，大部分本科生都直接就业去了。央财和外经贸重深造，一般财经院校本科生深造率10%左右，其他211财经30%左右，央财外经贸达到50%以上，出国率和国内读研率双双位列同类院校前二。  楼上有人说央财西财到上海被虐的渣都不剩，现实情况我见到的，央财外经贸的到上海找工作和上财差不多，实习面试找工作偶尔能遇到央财外经贸的本科和硕士，或者央财外经贸本、复旦交大研。西财的不怎么遇得到，在上海这边西财和我本科学校基本一样。上海本地人知道央财外经贸的还是比知道中南财西财的多，高考分数线就能看出来。  楼上还有把央财或者西财当靶子打的实在没必要了，任何学校都是黑点满满。包括上财很多时候就是被神话了，网上各种说就业堪比清北复交秒杀其他。。其实国家重视程度和央财中南财西财一样，也只是211而已。在上海的就业并非是所向无敌，学生那么大的基数摆在那，工作找的一般的大有人在。高端岗位竞争不过复交和清北人甚至央财外经贸的优秀外来户，老师水平和教学质量和我本科学校看不出来多大区别。说自己前身是中央大学商学院、国立上海商学院从继承关系来看也是不够严谨的。所谓的校史最长最辉煌的历史底蕴和其他财经院校对比，在现实中完全显示不出来。解放后直到97年211工程实施之前，上海老的9所重点大学里有复交、同济、华师、上外、东华、华理、二军医大等，也没有上财。 就如同中南财大从改革开放以后到211工程实施之前，硕博士点同类院校第一，在校人数也是同类第一，结果211、985平台都不是首批，00年还被迫与政法学院合并。  上财历史悠久，1981年第一个博士点，引进海归引领潮流，财经院校中唯一的既是首批211也是首批985平台。然而国家重点学科少，博士点不是最多，校史断片，1997年之前一直不是重点大学。 中南财八十年代到九十年代中期各项指标同类院校第一，武书连、校友会综合排名高。进211比西财迟，现在财经里政法第一，政法里财经第一，教育部学科评估成绩差。 西财人行直属第一，进211时间早。在进211的时候只是因为部里有名额，实力并不比中南东北强，而且其最强项金融学的博士点获批时间甚至到了90年代，部属第一≠实力强，例如国内贸易部第一是北工商，供销总社第一山西财经。 央财国家重点学科多，名字拉风，最早进的985平台，六十年代颠峰时期曾造就财经黄埔。然而不是四大财经，更名大学迟，进211迟。 东财文革未停办，全国优秀师资尽收囊中，优质师资的首位度在整个财经类院校历史上前所未有，迅速逆袭。现在却划归地方，不是211，各方面忍气吞声。 外经贸1960年、1978年被评为重点大学，这期间其他财经一律不是重点，九十年代招收状元名噪一时。现在没进985平台，重点学科博士点偏少，财经学科实力弱。  另外就有，央财外经贸一直是部办部属院校，干校起家，划归教育部之前一直学科实力不强。而四大财经是大区部署学校，曾经长期下放地方然后划归部委直属。从历史的隶属关系上看，央财外经贸有莫名的优越感。但是从学科办学来看，2000年高校改革之前，四大财经都有一级博士点，招生的博士点都是十几个，央财、外经贸博士点分别为5个和4个。  然后各个学校学生之间吵架也基本上拿自己的优点吹，攻击其他学校的缺点，脸都丢光了。  所以说，然而有些东西拿出来说并没什么卵用，学校再牛自己垃圾更没什么卵用。  我的看法还是绝大多数老师、考生、家长一样，凭良心说的看法（不像有些人嘴上说不服其实心里服）：清北复交差不多，两财一贸差不多，中南财西财差不多，档次已分。
专科生自考西南财经大学有没有必要？,不知道你是否有必要，你自己结合自己的实际情况算账。   我知道很多牛逼的人是没有文凭的。有高学历文凭的基本不牛逼，都是打工仔，比如我，哈哈哈  我个人建议是直接参加工作，学历已经越来越不重要，工作经历却越来越重要。
在西南财经大学挂科有什么后果？,有生之年体验一把在西财挂科的感觉  大一下，微观经济学 大家兴高采烈的说查到了分，马又又人好给分高吧啦吧啦，自己也略带紧张的去查了分，打开的一瞬间我傻了  对，58分   是真的呆了，心感觉停跳了一瞬间 之前一直被辅导员灌输在洗菜挂科了是不能保研，没有评优评奖资格，不能申请一切奖项或者出国留学机会（这个可能夸大了），虽然自己学习也不咋地吧，但还是可以争取一下的嘛，一个不及格，感觉自己被打入地狱  不知道该怎么办，不敢跟老师要分，老师也说了不要问他要分。 走到操场坐着面无表情的哭，一直哭一直哭，眼泪跟不要钱似的，男朋友在旁边手足无措，安慰和擦眼泪都没用，足足哭了两个小时！两个小时啊！！（之前因为很喜欢的一条裙子破了哭了一个小时，又接了两个小时，我第一次发现自己泪腺这么强大）  后来哭的眼睛痛的不行，脑子也哭清醒了，终于知道想想，虽然微经学的不算好，但我起码认真复习了，90分没有，7.80总是有的吧。越想越不对劲，鼓起勇气给老师发了邮件，委婉的说明了一下，想看看答案，知道一下自己为什么错了那么多。还很怕老师不回复 没想到老师秒回了！！说帮我看看，以下是他回复的原邮件   “哦！不好意思啊！把你平时分录反了，74录成47了，我马上给你改回来，嘿嘿，吓坏了吧！”   … ……  窝☀️哩个仙人板板！！！劳资都快被你给吓尿喽！！！！  ﹊﹊﹊﹊﹊﹊﹊﹊﹊﹊﹊﹊﹊﹊﹊﹊﹊ 后来就是有惊无险给我改回来了，不过当时是真真吓了半死，打电话给妈妈讲不想活了，要去跳泳池淹死，想回去复读什么的，还被我妈嘲笑。 不过提醒有缘看见的学弟学妹了，在洗菜挂科的代价是很惨的，相当于自断机会之路，否则挂科了你会比61分的人难走很多。  有人说在洗菜最不可原谅的两件事就是挂科和作弊，也算用最严厉的惩罚强制你养成好习惯，作弊的惨痛代价让我基本养成了不作弊的习惯，看见一些之前的好友期末考作弊求帮忙真的，不知道说什么好，共勉吧 （强行正楼）  不过西财大部分老师都是挺仁慈的了，只要你不是彻底的不复习不学，一般都会感情分让你过了的，所以就为了那两分，拼拼命吧兄弟  （不过体验了一把挂科的绝望感 但又没有真正的挂科也是一个蛮爽的经历的 溜了）  
暨南大学和西南财经大学如何选择？,2333，本科暨大在读，哥哥西财毕业，曾经因为志愿顺序问题没去西财的人来答。先说结论，暨大无疑。but，前提是题主不去金融行业工作。说西财在广东没影响力的估计对西财不了解。深交所可以说是西财人一手建立的。西财在深圳乃至广东金融行业都有很强的影响力（西财本科金融实习就是在深圳）。
西南财经大学考研推荐书籍和考试步骤是什么？, 17考金融工程拟录取  政治72 英语75 数三122 专业课802 93  初试排名中上 总分垫底  系统的经验分享考研规划论坛里和知乎上都有而且大同小异，我就不再重复。采用问答的方式回答一下大家关心的问题，还有别的问题可以在评论里问，我会不定期选择性回答（百度一搜就能找到答案的就别问了）。   1.西南财经大学好不好考？   因专业而异，其中会计、金融学院金融学等热门专业稳定高报录比。  学硕：金融中心有一年因为所有人都不敢报导致分数较低。证期学院金融学、金融工程、信用管理等分数线略低于学院和中心金融，其他考801/802大多过国家线就能复试，但其中一个很重要的原因是专业课出得难而且压分。人数招得少的专业分数线不稳定。值得注意的是近些年来专硕越来越火，性价比降低，慎重考虑。  总的来说考研难度低于上财央财，但也绝对称不上容易。  17年复试线： 首页      2.西财研究生开设专业与考试科目？   17年招生目录： 首页     这个每年考研报名前会发布新的招生目录和简章，人数和专业方面都可能会有变化。  西财官方不指定教材，可以参考西财考研网： 2017西财各专业考研初试用书列表   。   3.学校、专业如何选择？   结合目标+自身实力  想回老家请报考省内985/211  想去华北请报考央财，央财考不上请去贸大。  想去中部请报考中南财。  想去华东发展请报考上财，西财影响力主要集中在西南地区和华南地区，在部分省份西财的影响力不及某些非211.  答主自知考不上上财央财又觊觎成都的美食和美女所以选择了西财。对计算机方面比较有兴趣所以一开始打算报信息工程学院的金融学，但是推免名单出来后发现招生名额太少了可能有风险且自己感觉复习进度尚可所以改成了金融工程。   4.学硕和专硕有何区别？   学硕三年，可以硕博连读。  专硕两年，只能考博，学费略贵。   5.非全日制？   今年全日制和非全日制统一招生，目前的消息是非全日制发双证（注明非全日制），有派遣证，是否有住宿学校还不确定。   6.西财复试是否存在歧视？   个人看法是几乎没有，答主初试分数出来后觉着自己应届直属211科班出身且有丰富的科研经历，寻思着很稳就没怎么准备复试。结果从15名掉到28名险些被刷，认识的另外一个211的同学初试和我同分也掉到了24名。还有个老哥，工作后辞职考+双非+跨考占全了最后总分第5。从结果来看面试差距很小很小，得分一般就差1、2分，主要看笔试，也有初试垫底复试逆袭的。   7、复试应当如何准备？   请先想办法过了初试。   8.奖助学金？   目前政策是助学金6000，所有人都有。  第一年一等奖学金10000（30%） 二等 7000 （40%）三等4000（30）  第二年开始覆盖比例有所下降。   9.（801/802）专业课考什么？   考试科目为 西方经济学+政治经济学  其中政治经济学分为资本主义部分和社会主义部分，资本主义部分必须要理解。抛开意识形态问题，马克思他老人家写的东西其实是很系统的，每一章都是在为后面的做铺垫，各部分内容都是相互关联的，复习目标就是能够在心中有一个大的宏观轮廓，最好自己画一画思维导图。  社会主义部分没什么好说的，把考纲内容好好背一背。这里出的题一般不会是死的，言之有理即可不一定非要和标准答案一模一样，别吓自己。  西方经济学就比较迷了，今年刚换出题人，风格有了较大变化，所以一定要全面地理解。一些旁枝末节的东西也不能忽略掉，谁也不知道每年到底会考什么。真题越近的年份价值越大，08年以前的西方经济学题目参考价值很小。   10.专业课是否会超纲？   我仔细研究过往年真题，一直以来是没有超纲的，所以自信地认为801单独有的考点802不会考不用复习。结果很遗憾今年考到了两个大题，这也是我802分数较低的原因之一（另一个原因是字太丑= =）。   11.专业课辅导资料的选择？   一般的观点认为学硕西财考研网的出的红宝书比较好，专硕蓝皮书比较好（虽然我认为都没什么卵用）。我当时买的是红宝书，里面也有一些错误，包括错字和错误内容，但不多。考纲解析一般，有些地方太啰嗦又有些地方不详细（我最后自己对照着考纲重新整理了一份）。辅导班笔记和辅导班音频可以扔了，什么用都没有。真题收集得还算全，答案质量也还行。17版本的还有一本习题集，题目质量还不错，名词解释那本小册子错字多。  根据个人需要选择吧，也有卖复印版的，大概一百多。  至于各种来路不明的“学长\学姐”出的私家资料，没有用过也不敢妄议，只能说水平参差不齐，慎重！   12.专业课辅导班？   西财官方举办的辅导班最后一次开课是15年，之后就被取缔了。所以现在市面上的所有辅导班都是 非官方 开办的。同理，慎重！   13.平时成绩不好有没有机会考上？   答主大学GPA全班39人排28，所以我认为这二者并没有直接联系，考研的成功与否的决定因素包括 天赋、方法、执行力、外界条件、运气等等等等。反对一切的“只要XXXX就一定考不上”和“只要xxxxxx就一定能考上”的观点。  ps：政治英语专业课经过系统的训练是能够大幅度提高的，少部分数学实在学不好的同学建议考虑管理类联考或者396联考。  最后几个tips：  1.努力不能创造奇迹，有效的努力才能创造奇迹。  2.效率、方法、选择比勤奋更重要。  3.这个世界上没有拖延症这种东西，有的只是你到底想不想做。  4.复习的时候手机就别带了，没有人会找你的，不要自己骗自己：）  5.强烈安利A4白纸，打草稿做笔记都超级爽。某宝30块1000张用了半年都没用完。  6.字丑的定目标的时候多定10分。  7.永远不要以看懂了或者想出来了为目的，要以自己能写出来为目的，抄1遍答案抵得上看5遍答案，做1遍抵得上看10遍答案。  8.该睡的时候睡，实在学不下去了就玩，坐在哪里学习永远都只是方法而不是目的。  9.可以下一个文字转语音软件，走路吃饭的时候都能听书。  暂时到这里，有问题尽管问，不定期更  2017年4月14日21:44:00 
已经工作的大家都来谈谈西南财经大学金融专硕毕业的研究生的就业感受？,谢邀。 本人并非金专硕士，金融学院本科毕业。如果说亲身感受，硕士就业情况不太了解，就本科而言，身边进银行证券的现在都是营销狗，拿着只能吃屎的基本工资。。。（以后的事儿以后说，不过至少是混行业内，未来有无限可能嘛）  还是黑字强调一下吧，大概15年开始就业形势开始比较严峻了... （唉学渣拖学校后腿好难过...愿某年某月再回答类似的问题，可以再骄傲点==）所以...我们也不想的呀╮(╯﹏╰)╭  再，考研路上，金融的话还是选名校，路要好走些。 （个人意见，仅供参考）
在西南财经大学读完本科再读研究生是一种怎样的体验？,金融中心的研究生怎么样？
如何看待西南财经大学2017年部分地区理科分数线大幅度下滑？,先介绍一下自己的情况 今年四川高考生 高中在全川都比较出名 我们班是比较好的小英才班 全班重本 有一位裸分清华。 填志愿的那段时间 班里有很多人想要报西财 毕竟金融类专业很热门 而且西财在四川的名声很响亮。于是乎 一群人激动地加了西财迎新群 想要咨询相关问题。 可是 我们的热情 都被某些学长给浇灭了： “4300名 只能上调档线吧。” “六百零几分？冲的必要都没有。” “去年？不要看去年 去年扩招所以分数线低。今年是小年。”  于是 我们带着些许不解 但出于对学长话的信任 把西南财经大学 从第一个志愿上删除。 ———————————————————————— 但当我们看到公布的分数线时 真的有点想骂人。 “路是自己走的，不要怪别人。” “谁让你们相信他的话了？自己不会考虑 查找资料吗？” 学姐学长们这样说。 于是 我们带着遗憾和不平 退了那个群。 ————————————————————————  我不知道我和同学遇到的这种情况是否普遍 但我觉得 学长的这种做法 确实赶走了一批生源。 我没有多么后悔 因为仔细想想 即使我填了西财 我也没有勇气填稍微好点的专业 只能一边想着学长的话 一边把几个收分很低的专业填进志愿里。 ————————————————————————— 我知道部分不能代表全体 西财肯定有很多善良热心的学长学姐们的。 我只是真诚地希望 西财的某些这种类型的学长 在明年的时候 不要再误导那些满怀希望的新生了。  最后 我和我的一些同学 已经被川大录取了。 “海纳百川，有容乃大。” 我很喜欢这个校训。 愿我们能在川大 更好地发展下去。
西南财经大学就业前景如何？, 2017.06.23更新  小伙伴们~我14年就毕业了，以下言论仅代表14年左右的情况，现在答主已经3年多没有母校的消息啦~也远离应届生求职的市场啦~ so 很多西财现在怎样怎样的问题......我真的不清楚啦~~  关于选专业 我的意见一直是找到自己喜欢的专业，而不是找到最赚钱的专业~详细内容可以参考我的回答： 高考后怎样合理地选择合适的专业与大学？ - 知乎   ---------------------------------------------------------------------------------------------------  财大14年双学士毕业，两个姑姑也都毕业于财大，负责地说， 财大文凭在四川和深圳的金融业内还是好使的。但还是建议题主如果分数够，家庭条件较为宽裕的话，报考沿海的重点大学比较好。  我先读一下题，从题主的提问来看，我假设你出生于一个能负担大学费用，然而却没有什么人脉权力，不能在你就业上帮大忙的家庭，而题主本人则是一个迄今在用什么谋生上没什么特别大的偏好，性格并不扭曲，有一定人际交往能力的普通人。题主想报考西财，毕业后去东南沿海一个比较发达的城市（吐个槽，青岛是什么鬼 = =！GDP还没成都高啊，你真的不考虑深圳么？）工作。这份工作.....题主你肯定不是指端盘子砸钢筋之类的工作.......我先假设是知名企业的一份能养活自己也有前景的工作（答主关系最好的那一小撮人里面，最差的在深圳的上市公司，当然财大也有去很烂公司甚至待业的人，可惜和这群人基本没有交集）。 好的，现在题目变成了：我想报考西南财经大学，毕业后去东南沿海一个比较发达的城市找一份知名企业的工作，请问这样可能吗？麻烦吗？  可能自然是可能的。 答主在深圳某个不仅仅是500强的公司，答主的小伙伴有的在深圳上市公司，有的在深圳招行，有的在不是东南但也算沿海的BAT总部，还有一些找到了大洋彼岸的世界顶级公司的工作（膜拜学霸膜拜女神ORZ）.....当然纵观当年大家找工作的情况，成都本地或四川境内的应该还是占大多数。  从企业对学校的认可度来看，深圳和四川境内，财大文凭认可度很高。  深交所是财大人一手建立起来的，深圳中高层的金融从业人员中，财大的毕业生不是少数，所以名气自然是够的。但是深圳要留下来也是不容易的，房价之高，各种呵呵。（或者题主可以考虑曲线救国，先深圳，后青岛？）至于四川境内，财大整体的名气至少是和川大成电并列，如果单拎出财会金融，财大在西南如果认第二，没人敢认第一。  但是打铁还需自身硬，企业也是要挑人的。 你要是整天游手好闲，不混社团学生会，不专心考证实习，还不钻研课业.......神仙也不能帮你找到工作呀（富二代或官二代请随意）。所以大学期间要做什么也很重要。所以，  要找到这样的工作，当然是有难度的。至于麻烦不麻烦，我只能告诉你很大概率上可行的办法，你自己评估是否麻烦。   第一步，结合家庭及自身情况评估自己适合什么样的工作，优先考虑财会及金融。  财大的金牌专业是金融和财会。金融如果天赋欠佳或者不打算继续深造，其实还是很考验个人家庭背景的。答主同届读金融的有个妹子，爸爸是蒙牛还是伊利的董事，人品园（本科宿舍）楼下会停着不错的车子，几个月几个月地停在人品园四周，显然主人是某些壕......别问怎么TA不出去住，我也不知道╮(╯▽╰)╭而且金融出来如果是要坐柜，基本上本科不可能留在省会或大城市......小银行有可能吧。至于客户经理......据说汇丰的客户经理整个就是一青楼（真假我也不知道，同届某个不太熟的小伙伴说的，她貌似是学校汇丰俱乐部的成员？），而我的一个在国内某上市银行当客户经理的小伙伴被客户摸过大腿，这是真的......题主如果是男的，当我没说......然而5年做行长的案例也不是没有......鉴于给题主的设定是父母没什么人脉权力， 在不考虑特定偏好的情况下，我推荐财会。   第二步，到财会专业去。  至于是CPA，财会双语，还是什么其他的，个人觉得可以随意。可以是人品好成绩好 一开始就被财会专业录取，也可以是利用大一转专业， 你要是读个什么双学士或者第二专业......拜托你最好是有真本事，不然没戏（帮我找到工作的绝对不是双学士，大概5%靠学历，75%靠本事，10%运气，10%拼爹）。  第三步，考证，学英语，混学生会、500强企业俱乐部或者社团、打比赛。  这其中， 考证是基础中的基础 ，CPA、ACCA等等，如果能考，想各种办法拿下。 要考哪些证书，建议咨询靠谱的学姐学长 ，怎么认识学姐学长呢？自然是混学生会、俱乐部或者社团啦~ 如果是一开始就在财会，大一当个班长，竞选个学生会什么的不难啦~ 如果是转专业，团结本班在学生组织里混得好的同学呗~ 要是逮住机会，求助已经毕业了工作还不错的学姐学长就更靠谱了。至于学英语，则是 能够用英语交流会给你带来更多的机会 ，如果底子不好或者时间不够， 可以放弃，但是这代表着你与最好的企业基本绝缘了。后面的打比赛、混学生会、500强企业俱乐部或者社团，核心在于攒看起来高大上的title和各种看起来高大上的奖。它们是相辅相成的，核心是要进入那个圈子。 首先进入学生会或者500强企业俱乐部，你就有机会认识有资源有能力的学长学姐，这些人一般会找认识的高人组队参加比赛，利用自己对比赛规则甚至比赛评委的熟悉以及高人的智慧获得较好的名次，跟着他们走，运气好的话大二的时候就能沾光拿几个够分量的奖，实在运气不好，大三的时候可以照着学姐学长的路子操作嘛~ 当然前提是学生会或者社团你已经混出模样了，至少是个二把手吧。我自己的路线很草根，也很奇葩......所以没什么发言权，大概应该就是能干活也会来事，学生会更侧重会来事，企业俱乐部更侧重能干活，核心是坚持、坚持，半途而废的人很多，坚持下来就比大多数人强了。 这些东西最好在大三下学期之前就准备妥当，最晚最晚，大三下学期期末考试之前。   第四步，找个知名公司的实习。  现在你有硬实力证明（证书&amp;英语），也有软实力证明（各种title和奖项），接下来你需要的是一个靠谱企业对你基本工作能力和工作态度的背书。 这件事情需要在大三暑假提上日程， 你需要盘点一下自己到目前为止获得的软硬实力证明，如果感觉底气不是那么足，或者觉得不确定/不知道是否能达到目的，那就尝试用目前的履历做一个简历， 去应聘一个你觉得“如果能留下来工作也不错”的企业的实习生吧。 在这个过程中，好好准备笔试面试等等环节，这就是磨练面试技巧的开始了。 如果结果不理想，这是正常的， 因为目前你的前期准备可能并未完成，而且自己看上的企业往往会是稍微超出自己能力范围的企业。 好好总结自己在整个过程中犯下的错误，然后去面试一个次一点的公司的实习生 ，通常是会OK的（如果没有......捂脸，要么是你前几个学期的准备有大问题，要么就是你表达能力堪忧啊！）。老老实实实习，学东西，实习是很枯燥的，然而能够很直观地从旁观者的角度看到“自己未来的工作”是一种什么样的状态。 有了这份实习打底，加上之前的准备，大三下学期很多知名企业的实习生招聘，你应该有和其他学校的同类人一搏之力了 ，找一个过得去的公司去实习吧~ 当然在这个应聘的过程中你还是得认真准备，好好磨练自己的面试技巧。  第五步，去找工作吧。  没什么好说的，运气好的话已经不需要这一步了，如果运气不那么好，那么请在招聘季开始之前就认真规划好自己想去哪些企业，就跟高考填志愿一样，给自己订一个第一第二第三志愿，然后认认真真准备，总结之前在实习生招聘中积累的经验和教训......你的目标95%是会达成的。   最后，其实最好的方案是报考沿海的211或985大学。 但是我觉得题主你既然已经考虑了西财，估计也有对自己高考实力上的考量。但我想说，一分钱一分货，财大身处内陆，无论是从能带给学生的眼界还是能带给学生的名企实习数量来看，都是比不上沿海同层次学校的。是的，也许它在题主那边收分相对沿海同等学校低一些，但 早些年欠下来的高考分数债，迟早是要还的，要么用大学时候的汗水，要么用工作后的汗水，不然，就只能用下一代的生活质量了。  
金融系是综合性大学好还是专业性大学好？比如山东大学金融工程和西南财经的金融工程。？,金工这块还是去山大好些，前提是数学院的那个，金融西财强。
西南财经大学毕业在北京拿7k算低吗？,你是做什么啊
西南财经大学的研究生与香港高校的研究生相比，哪个更好在国内就业？, 谢邀~~~    从问题来看，题主是想从就业角度对比一下西南财经大学和香港高校会计研究生的性价比。以下从几个方面做出回答：   一．   知名度    西南财经大学， 属于211工程学校，严格来讲不属于985工程学校，在2017年QS世界大学综合排名中位于400名以后，但是在大陆的知名度还是不错的，特别是在财经类院校中居于TOP5。   香港院校（有会计研究生项目的常申学校） ——2017年QS世界大学综合排名：  香港科技大学-36名，香港中文大学-44名，香港城市大学-55名，香港理工大学-111名，香港浸会大学-278名，岭南大学-400名以后  综合对比，香港学校整体在世界的知名度要高于西南财经大学，但在国内就业，以进入外企和四大为目标的话，西南财经大学作为国内知名的财经类大学，其认可度也是不错的，但是相比于香港院校，还是要弱一些。   二．   项目时长   国内院校研究生时长为2-3年，香港项目以1年为主。从时间上看，用一年的时间获得硕士学位比用两三年时间获得硕士学位的性价比肯定要高，提早毕业，可以提早进入工作，尽早将知识转化为生产力。   三．   所学内容   香港院校的项目时长虽然较短，但是所学知识内容并不少，因为需要在一年的时间内完成大量的课程内容，因此课业压力是比较大的，而在国内读研要相对轻松一些。若想在一年时间内扎实掌握所授课程，对学生的适应能力、英语能力（几乎全部是英语授课，也有粤语授课的情况）、学习能力、抗压能力都要求比较高，但是好好利用这段时间，学生自身各方面能力都会有很大的提升。   四．   CPA考试   CPA考试，较为常见的情况是2-3年将所有科目考完。在校期间参加考试的好处在于能够有较为充足的时间和精力准备考试，而工作阶段参加考试的好处在于实践经验的积累，有助于对考试内容有更直观的理解。CPA考试不应该成为选择大陆读研还是香港读研的决定标准。   五．   城市   西南财经大学地处成都，相比来说，肯定是香港作为国际化都市的商业氛围更浓厚，对于眼界的开阔有非常大的好处，在这一点上，香港的学校有绝对的优势。   六．   就业   会计专业以进入四大和外企为目标的话，企业对香港院校的认可度相对来说会更高一点，但是西南财经大学作为大陆TOP的财经类院校，认可度也是不错的。抛开这个问题，事实上，未来的就业情况根本上是取决于个人的能力的，自身足够优秀，就业就不会太难。   综合来说， 更建议选择香港的研究生项目，从时长、氛围和对能力的锻炼上来说，香港的项目性价比都要更高一些。 
你在西南财经大学见过哪些优秀的同学？, 前两天没事干，看自己公司的核心管理团队都是啥出身，无意间发现了这位学长：   找工作的时候没少和朋友们抱怨，我校选择互联网作为就业方向的人太少，一是自己略显孤单，二是感觉大家的就业选择还是略显狭窄。产品经理作为这几年就业的大热门，却怎么也在我校掀不起什么水花。殊不知早有学长参与过超级明星产品的策划，而且已经做到了VP级别。  路还长，希望自己能做个靠谱的产品经理。 
墨尔本大学和西南财经大学哪个更好呢？,资金没有问题的话就去墨尔本吧，我也是国内中南财经读过1年后出来的，真心觉得国外能学到不少东西，不止是知识
你在西南财经大学遇到过什么有趣的事情？,柳湖水面一年四季都白戚戚的水雾从哪来  校鸭繁衍几代了  校鹅真的咬人吗  洗菜的麻雀为啥都那么肥  其孜楼和图书馆究竟什么关系  牌坊前那条路两边的路灯晚上为啥会熄灭  在通博楼群迷路怎样判断方向  咯吱楼的设计灵感是否源自拖鞋  体育馆的那撮空气碎发是天意还是人为  二百人厅/三百人厅/四百人厅/八百人厅/国报厅/视频会议厅你们是谁你们在哪里  概率论是谁家的  在情人坡打滚真的会有情人出现吗  一粟三味五点五重庆面庄和五谷有值得吃四年（其实这个时间不一定哈）的推荐菜色  戏水池投入使用之初是拿来学习游泳姿势的吗  南门地铁啥时候修好 （已开通，柳林乡直通宽窄巷子，17级还有定制地铁卡#就很嫉妒#）  基民广场的七盏大灯为啥总有几根不亮  镇基塔到了晚上十一点为啥不亮  经世楼A座在哪  裸男代表的是否是残缺美  “听榕园学姐讲鬼故事”栏目什么时候结束内测进行全校推广  抱着人品圆智慧树的身体许愿，次年春天真的可以收获一只对象吗  晨曦的近义词是朝晖吗  校医院可以预约小树林小宝剑治疗服务吗  据说每学期的某个凌晨两点半北门浮雕上的人像会跳出来重现历年舞西第一名的舞蹈动作  西门烧烤联盟何时对东门CBD展开绝地反击  在新生入学第一学期的第十五周某个的午夜零点祭拜光滑牌坊，皮肤即可在期末考完后依旧光滑剔透  阳光灿烂的天气里，在开了喷泉的基民广场中央跳足尖舞，就可以抓到一把全是草莓口味的彩虹糖  每年 2.14/5.20/七夕，基民广场和光滑大道都会排满参加由社福统一举办的相亲大战的各大社团组织的帐篷和喷绘  在财大官微打卡坚持洗冷水澡一年，校园卡就会在室友冬天洗到一半没有热水的惨叫声里发出金黄色的亮光  冬季的经世楼群附近常出没着疑似从应急摩擦发电房仓皇逃出的猫咪（们）  颐德楼每个教室的两个空调会在11月11日的11：11同时发出滋滋的声音，嘲笑正在教室上课的单身男女  运动会方阵取得第一名的学院的某个幸运同学可以在来年排练方阵的凌晨四点半的操场捡到一颗金牙        以及... 西财最帅的男人啥时候毕业 （对了他结婚了#曾经是两万少女的梦#）
在西南财经大学就读是怎样的一番体验?,我只知道前男友是这个学校的。
西南财经大学金融专硕考什么？业务课一是数三还是396？,  金融学专硕有两个学院招生，金融学院和证券与期货学院，名额分别130人和50人；初试项目相同，都为101思想政治204英语二303数学三431金融学综合，但复试项目有所不同，具体招生目录可在官网查询。 以下是2015年西南财经大学金融专硕的录取统计： 金融学院金融学专硕，共报名1172，录取150人，其中统考录取131人、推免录取19人，统考考录比约为11.36%，即8.8：1。 证券与期货学院金融学专硕，共报名259，录取50人，其中统考录取46人、推免录取4人，统考考录比约为18%，即5.54:1。  @狂奔的蜗牛棒棒哒 
西南财经大学的热水是怎么收费的？,改装新的水表之后，把表面翻转至下方，就不会按照用水量扣钱了，每次插卡扣一分，亲测有效。
在西南财经大学就读是一种怎样的体验？,西财某王牌专业在读。 奉劝各位千万不要报考西财，尤其会计学院。 客观来讲，西财的授课老师都是不错的，可是行政人员令人恶心，仗势欺负学生，丝毫不在乎学生的前途，为少写几个字，让同学来回奔波复印材料；狂妄自大，藐视他校规则，以自我为中心，“我就是规则”，规则按理应该一视同仁，可是他又做不到一视同仁，对同学差别对待，甚至不为同学盖章，令其保研无法申请别的学校……这些还只是我看到的，我没看到的，还有多少类似于这种事的呢？学院又没有投诉通道，有苦难言。来知乎倾诉一下。
会计考研 中南财经政法 西南财经和中山大学选哪个?,既然是考研，那我觉得应该多考虑一下未来打算就业的城市。 如果只考虑学校实力，中南财会计比西财稍好，中山大学会计不清楚。
跨专业跨学校考西南财经大学的会计研究生，难度大么?,我也很疑惑啊，我是西南大学旅游管理专业的，想跨学校，跨专业保研到西财的会计学研究生，感觉压力好大
在西南财经大学上过的最记忆犹新的是哪门课？, 证券投资分析？选修的，记得当年还是小菜鸡一枚，最后的作业是presentation 一只股票，特么当年傻不拉几的当着一百多号人吹逼贵州茅台，理由是涨跌跟大盘一样，脸红 
中山大学与西南财经大学的金融学如何选择？,财经的金融应该比中山强吧 这是学校和专业的选择问题了 不过我更推荐中山一些，尤其你有考研打算 中山一是在广州，二自己985，在平台上势能优势更大。真有想法，考研再去金融强势学校，相对也不算难，而一个好的本科学校对你提升很大
选西南财经大学还是苏州大学？,好了，题主以下建议仅供参考。苏州大学，我没有入读也没有了解过，没资格说啥。以下内容是我对西财的部分了解和我的一些感悟，希望对你有所帮助。  在专业你自己已定为“金融财会”的情况下，我觉得要分析高考要报什么学校，可以从以下思路切入。但专业问题的建议，我不能给，免得你读了四年发现毫无兴趣回头骂我，小朋友，谁能比你自己了解自己呢？不过我只能这么说，单就就业的角度讲，目前财会金融类就业不错，但是我们专业有小伙伴保研时千方百计想跳去传媒学最后失败很失望。所以不是人人都会喜欢这类专业的，也不是人人都想读这个专业的。但中国目前的教育模式，你上大学前估计也很难想清楚你想学啥这么个问题。只能说，尽量探索自己吧。  --------------------------------------切入正题----------------------------------------------------------  1.如果你要找工作？ （1）学校的地理位置，这个直接影响到的是你找工作和找实习的资源数量和质量。西财在成都，苏州大学在江苏，就地理位置来讲，成都的实习，就我身边的同学来讲，基本都是在银行分理处和保险公司分公司，证券、四大、快消、咨询、互联网等非常少。金融资源对比北上深确实还是要逊色一些，同时对于金融行业来讲，相应的实习经历在找工作的时候还是比较重要的。江苏省的情况目前我不了解，希望有苏州大学的知友可以帮助你。 （2）学校的属性。211和985现在是很多金融机构投简历的门槛了，西财是211，不过刚刚我已经查了，，苏州大学也是。所以这个问题上两者差不多的。 （3）学校在地区的认可度。西财的名气大概可以覆盖到整个西南地区以及深圳，如果你在以上地区有就业意向，那西财是个不错的选择。其他地方就确实大打折扣了，包括山东。如果你以后想回山东就业的话，苏州大学我不知道在你本地的名气怎么样，反正西财确实貌似山东很多人不知道（我室友是山东威海人，据她的描述）。 （4）专业。当你能力可以碾压大部分人的时候，专业确实不太重要，但当你能力一般的时候，专业在就业的重要性就凸显出来了。但是就西财而言，目前采用的是大财经的教学模式。也就是哪怕你是旅游管理、新闻学等等专业，也要学统计学、计量经济学、投资学、微观宏观等等课程。同时，哪怕你最开始没有入读金融财会专业，后面也还有双学位可以修。不考虑个人兴趣，单就就业层面来讲，西财的金融财会类专业就业还是很不错的，不管是就业率还是起薪还是就职的公司层次，在西南地区应该很不错了，而且我们学校每年毕业都有一大堆人在深圳就职，那边已经积累了很多西财学长学姐资源。 （5）学校的活动与能力锻炼的机会。西财有个外号叫“西南活动大学”、“西南PPT大学”。西财的校内活动，社团比赛、专业比赛、模拟联合国、辩论赛、新闻评论大赛、文体类比赛、N种创业赛、大挑小挑等等，都非常丰富。所以只要你有能力，西财可以给你很多机会拿各种国家级省级校级的奖项的，毕业时简历可以堆得满满的。比赛每学期从开学举办到期末考试前一个月，因为期末考前一个月学校会“禁赛”，给大家一个良好的学习环境。  2.如果你要读研？ （1）学校的师资力量。西财的金融学是国家级重点学科，师资力量也毋庸置疑吧？同时进入西财后，大一还有一次筛选机会，学校会有一个经管班，这个班甚至经管学院的老师基本都是名校海归，院长是甘犁（你可以自行百度他的背景），听说今年经管班有好几个申到了剑桥康奈尔等名校的。大二也可以转专业到四个实验班。 （2）学校的学习氛围。西财虽然活动多，但学习氛围也还是很不错的。学霸多多啊~~~考证狂也多多啊~~~而且还有学习和活动兼顾的大神也多多~~ （3）学校在保研或考研外校过程中的接受度。苏州大学我不太清楚，反正西财的话，保研考研路程畅通无阻，包括清北在内，比如我们学院每年都会选3个左右进入夏令营，剩下的看能力咯，反正学校的牌子不会拖你保研和考研路途的后腿的。 （4）读研跨专业的转换难度。就西财而言，前面提到的本科大财经的课程设置，使得即使你本科没学到想学的专业，研究生要跨专业的话，只要是大财经类的，大类之间切换难度较低。 （5）科研氛围。学校还是比较重视培养本科生的科研能力的，比如本科生有一个科研立项大赛，还有几乎都有的挑战杯，然后学院的教授要是你愿意加入他们的话，也能在他们的项目里做些非常基础的工作。同时，就我而言，我在西财遇到的教授人真的非常nice，在科研方面给我帮助很大。西财老师人基本都很Nice的，我当时做东西遇到的问题，不仅本学院，什么财税学院、经济数学学院的老师，我都去问过，他们也都很乐意帮我解答问题。学校也有包括科研单项奖、论文发表奖金等等科研类的奖励。 （6）图书馆资源。就西财而言，学校六层楼图书馆，五层左右的财经类书籍，其他的也有，但相比而言要少的多。单就财经类的图书资源来讲，非常全面。貌似曾经听说过我们学校的图书馆是西南地区最丰富的财经类图书馆？  3.如果你希望享受生活？ 成都是个天府之国，我们专业好多外地同学都很喜欢这里，甚至最后留在了这里。吃的超多，玩的超多，周边景点超多，OH~美女也超多！有锦里、宽窄巷子、黄龙溪这类古风景点，也有高大上的IFS和太古里，也有九寨沟、海螺沟这类美丽的自然风景。吃的就不列了，我上个月不小心回了一趟学校，十天长了七斤，每天沉浸在吃吃吃的欢乐中。。。。。   暂时想到这么多，希望对你有用。谢邀咯~   欧多克！！！我必须要补充，我高考前完全没想过，后来发现选学校很重要的一个问题： 男女比例！！！！！  少年，你真的读书了就发现真的很重要啊。。。。。 西财男女比例3:7，一下课到处都是妹子妹子妹子妹子妹子，还有好多美女美女美女美女美女。 重要信息补充完毕╭(╯^╰)╮
统计学上看西南财经大学中国家庭金融调查 (CHFS) 抽取 28000 户家庭的全国调研方法上严谨吗？,西南财经大学的家庭金融调查项目是一个很了不起的项目，他是第一个尝试准确估计家庭金融资产的调查。在此之前，各式各样的调查虽多，但对一些个人敏感问题，则至多涉及到收入、职位、有几套房子。再深入的问题，比如，家里有多少存款？不敢问了。  笃笃笃，敲门声传来，你打开门，礼貌的房产中介站在门外：先生您好您的房子卖多少钱。 如果一项调查要问到存款这种问题，那么一般来说，他的调查员的结局都不会比这个房产中介好多少。西南财大花了很大功夫进行事先宣传，让人们知道这项调查的重要性与个人隐私的安全性，学生调查员的一次次回访，也极大降低了这项调查的拒访率，最终得到了质量很高的问卷，这都是很了不起的成就。  言归正传。我们来回答这个问题：要了解中国家庭的金融资产情况，28000户家庭到底够不够？ 答案是——看情况，看方法。你想要从这份数据中了解的信息，以及抽样方法，决定了数据的可靠程度。  如果仅仅想要了解 所有城市家庭的资产平均数 ，那么，28000份问卷已经足够了。 这篇关于CHFS的新闻   显示，中国城市家庭资产的中位数为40.5万元，平均数为247.60万元。如果家庭资产服从对数正态分布，那么就有 ，家庭资产的标准差应当等于 ，即1493万元。 在计算平均数时，随着样本量增大，样本平均值的方差会依概率收敛到零，收敛速度为样本量的平方根。当我们取28000个样本时，样本家庭资产平均数的标准差变成 =8.9万元，也就是说，只要随机性足够，那么通过28000份问卷计算平均得到的家庭资产平均数，有很大可能会（66%）落在一个长度为18万元的区间内，几乎肯定会（96%）落在一个长度为36万元的区间内。上下各18万元的误差，对资产平均值估计来说已经足够准确了。  但是，如果你要精确了解那些 最富裕的1%家庭的资产分布情况 ，28000份问卷则远远不够。很简单，最富有的1%家庭在问卷中只有280份，与28000份的总样本相比，280份问卷会将样本平均数的标准差扩大十倍。对上一个例子的数字来说，就是上下各180万元的误差。这就有些不可接受了。另一方面，仅仅280份问卷，也不利于我们了解富人的资产分布的尾部到底有多长。  怎么办呢？通常情况下，完全随机的抽样调查会得到下一幅图：   为了做图方便，该图假设一个人口的收入服从正态分布。当完全随机抽样实行时，被调查到的样本实际上如同红线一般分布，其特点是中间密集而两段稀疏，即收入处于中间水平的人口被调查到了很多，收入最高和最低的人口没有被足够的调查到。 在这种情况下，我们估计总样本平均数——没问题；估计中段人口收入平均数——更加没问题，中段的样本如此密集；但最高/低收入的人口——问题就来了。从2到4（-4到-2），区区两根红线，跨越了如此大的收入区间，根本无法与中间段的密集红线相比，因此不能很好代表该区间人口的收入情况。  对此，最简单的一个想法是，增加调查总量。当调查总量足够大时，我们必然也能在左右两段获得足够准确估计的密集红线，问题解决了吗？ 没有。调查是一项高成本的活动。每十年一次的人口普查，仅仅是每户家庭一张纸的问卷，就需要650万名调查员，80亿元经费投入。当前，对一个比较详细的调查来说，每增加一个被调查样本，成本就增加300到500元不等。哪有那么多个几百万元来保证你的 尾端准确率 呢？  于是，人们想出了一种折衷的方法。 中间段人口本身就比较密集，且收入分布较窄，就少调查一些；两端人口，就多调查一些 吧。于是上一幅图变成了这样：  中间变稀疏，两段变密集的调查方法，反而使得在收入分布上调查得更均匀了。虽然上图的红线数量比第一幅图还要少几根，但显然下图对各个收入段的情况都有比较好的把握。这种折衷的方式，能够在不增加成本的情况下，同时获得中间收入段和高低两极的收入估计。如果要用这个样本计算总体平均数，只需要加权调整，让所有人口的被抽中概率乘以权重等于一个恒定值即可。比如可以让中段样本一个抵俩，而两端人口两个抵一，方法不一而足。  西南财大的家庭金融调查就使用了这种调整。他刻意多抽取了那些最穷和最富的人口，来保证尾端分布估计的准确性。具体方法见 swufe.edu.cn 的页面   。其中关键的一个步骤是：  第一，按照各市县的非农人口比例的分位数，将各市县分成 5 个组。分组的依据是各市县非农人口比重 20%、40%、60%和 80%的分位数。  第二，在非农人口比例最大的市县组中，居委会和村委会分配的样本比例是 4:0。  第三，在非农人口比例次大的市县组中，居委会和村委会分配的样本比例是 3:1。  第四，以此类推，在非农人口比例最低的市县组中，居委会和村委会分配的样本比例是0:4 也就是说，在城镇人口占比最高的地方（通常是沿海大城市），抽取尽量多的城镇人口；而在农村人口占比最高的地方（通常是内陆小城镇），抽取尽量多的农业人口。换句话说，在高收入地区尽量调查高收入人口，而在低收入地区尽量调查低收入人口，以此增加两端人口的被抽中概率，来接近上文第二幅图的情况。最后再通过加权来得到总样本平均值。  这种看似十分奇怪的抽样方式，其实正是同时权衡了成本与准确性后做出的选择。  最后，西南财大采用的这种抽样方法也有自己的问题。最大的问题在于一部分人口的代表缺失。根据 2010年统计用区划代码和城乡划分代码   ，我们可以算出不同地区的村委会和居委会的分布情况。真实的分布与家庭金融调查的抽样选择相比，可用下图表示：  在城镇人口占比最多的地区，共有30.7%的地区实际上仍然属于村委会。但在抽样中，他们完全被舍弃了，也就是说，被抽中的概率为零。 任何加权方式，都不能把被抽到概率为零的样本恢复出来 。  如果把中国的近3000个县级单位按照2010年人口普查的非农人口比例排列，那么排名靠前的600个县级单位共有2.7亿人口，当其中占比为30.7%的村委会全部被抽样方法舍弃掉时，约8000万人将无论如何都不可能被反映到数据中。  如果被舍弃的样本可以用其他类似样本替代也就罢了，但我们实在难以否认：大城市的村委会人口其实有着非常丰富的数据特征。比如他们的征地收益可能会更高，从事非农工作的比例更高，自我雇佣的比例也可能更高等等，但我们却无法在数据中找到他们的身影，这是中国金融调查的一个莫大遗憾。
浙江大学，厦门大学，西南财经大学的金融学哪个比较好考啊？,题主18年考，现在16年，还有很多时间去提高英语，其实学习英语很简单，就问题主有没有每天坚持学，把每个单词的发音，和意思搞清楚，一天50个单词，学习5天，然后周六周日复习这250个单词，然后一个月后用一个下午或早上复习这250个单词。题主你试试。
西南财经大学金融学院复试该注意什么？,关于复试，几个常见问题： 1.能查到排名吗？ 以前西财一直是不提供排名的，如果没啥意外的话今年应该也不能查看，所以只要觉得有希望过线的，就好好准备复试吧，别乱想，更不能信考研论坛里面的分数统计，水太大…… 2.今年分数会不会涨很多？ 这个…我也不知道呀……老师说今年报名人数又创新高，但是802给分又好低，这个不好说，大家普遍有种感觉，考349担心线划350，考369担心线划370，这种担心很正常，但是不如把担心化为行动，该准备复试准备复试，该准备省考春招准备省考春招。 3.要不要提前联系导师？ 个人建议好好准备复试就可以了，这敏感的时候，我都找不见自己导师，你们怎么找？另外西财是11月份才选导师，也就是说，导师不影响录取，个人觉得西财复试很公平的，表现好过线逆袭大有可能，比如我，压线录取，表现不好380+照样被刷，所以，与其乱想不如多看书，多看财经新闻。 4.复试考啥？ 这些官网的专业目录里都有写，简单说下我所在的金融学院，复试有三部分：专业课笔试、专业课面试、英语面试。没记错的话，去年最后成绩＝初试成绩/5*50%+（专业课面试*40%+专业课笔试*40+英语面试*20%）*50%。 金融学院金融学学硕复试参考书建议：罗斯《公司金融》、米什金《货币金融学》、殷孟波《货币金融学》、随便一本《投资学》，建议主要看殷老师的，主要是其他的我也没怎么看笔试就80，我都说这份儿上了，你们看完不点个赞合适么！ 补充一点，各个专业的复试都是独立的，同一个专业不同学院、同一个学院不同专业，复试的考试内容都不一样。 5.金融学院金融专硕能扩招不？ 听说今年金专推免了77人？我也好久没关注了，至于最后招多少人谁都说不准… 刚出成绩的这时候，我也很麻爪，不是找学长学姐，就是在狂刷论坛，但很感激得到了一个学姐的帮助，所以呢我也会尽自己所能做个好学长，在西财嘬着烤鱼等着你们~祝复试过过过！想知道学校附近有什么好吃的也来找我……反正我是没找见几家… 6.某某专业了解不？就业怎么样？能调剂不？ 各位同学，我也只是个普通学生，除了长得帅点儿没什么特别的（害羞），我只熟悉自己的专业，别的真不清楚，而且一点儿也不清楚，都说金融火也没见个个是人生赢家，冷门专业也没见都在大街上饿着，所以就业什么的，我觉得都是各有所长，调剂就更不知道了……，就放个去年的调剂给你们看，权当个参考吧 
西南财经大学经济法研究生怎么样？,谢邀！虽同样是西财学生，但我不是法学院的学生，法学院以及相关的学科情况完全不了解，实在是不好意思。 金融学专硕，我不建议跨考的学生报，主要原因是431考的很有专业性，公司理财和货币金融学这两个，如果你没有任何基础的话，看起来很费劲儿，很多名词和概念你都需要补充，结合你还要考司法考试，我不建议考金融专硕。
我是西南财经大学天府学院的马上要答辩了想问一下西天的学长学姐王凯明，汤来峰，王强这三个答辩老师咋样啊？,王凯明挺兑人的，不过挂的不多
本二本学校考研党，今年大三，想请问一下西南财经大学金融专硕好考吗？学费大概是多少？,学费目前21000/年 今年同学刚考上 拟录取 三本学校 楼主加油！
如何客观点评价西南财经的会计财管专业的硕士前景?,  一、专业实力很强，西财会计学院在我国财务管理领域的专业水平数一数二，拥有一批会计学界的著名学者：    赵德武 ：西南财经大学党委书记、会计学院财务系教授、博士生导师。 国家“百千万人才工程”人选、享受“国务院政府特殊津贴”专家、全国首批10位“会计名家培养工程人选”（2013）、中国会计学会副会长、中国会计学会财务管理专业委员会主任委员、中国财务学年会首任执行主席、财政部会计准则咨询专家、中国会计学会《会计研究》特邀编审。    蔡春： 西南财经大学科研处处长、会计学院审计系教授、博士生导师。 被学术界誉为“系统研究审计理论结构第一人”，财政部“会计名家培养培养工程”入选者（2014年）、国家审计署国家审计准则咨询专家组专家、世界银行贷款资助项目首席专家、教育部哲学社会科学重大课题攻关项目首席专家、国家社科基金重大项目首席专家、国务院政府津贴专家。    杨丹： 西南财经大学副校长、会计学院财务系教授、博士生导师。 享受国务院“政府特殊津贴专家”，国家“百千万工程国家级人才”人选，教育部“跨世纪优秀人才支持计划”人选。国际会计师联合会教育准则咨询委员会亚太区首席代表，财政部“会计名家培养培养工程”入选者（2015年），首届财政部会计后领军人才项目人选，财政部全国会计学术带头人 ，中国会计学会对外交流专业委员会副主任。   彭韶兵： 西南财经大学会计学院党委书记、会计学院财务系教授、博士生导师。 五粮液、长安汽车、中铁二局等五家上市公司独立董事 ， 中国会计学会理事、中国会计学会教育分会常务理事、中国会计学会财务成本研究会常务理事、中国注册会计师协会教育培训委员会委员、财政部企业内控标准委员会咨询专家 、中国金融会计学会常务理事、国家级精品课程《财务管理》课程主要负责人。   毛洪涛： 西南财经大学中国管理会计研究中心主任、会计学院会计系教授、博士生导师。 财政部第一届管理会计咨询专家、财政部全国学术类会计领军人才、国家级教学成果奖获得者、中国会计学会管理会计专业委员会委员、中国会计学会财务成本分会常务理事、国家自然科学基金项目评议人、《管理会计学刊》副主编。   此外，还包括一批科研实力强的中青年教授，如马永强教授、唐雪松教授、谭洪涛教授、罗宏教授、吉利教授、步丹璐教授、逯东教授等。   西财不仅注重培养学生的专业水平，也非常重视对学生人格品质的塑造。对于师资，学校不仅注重科研实力，也非常看重老师的师德，让学生懂得要做事，先学会做人。  其实，不论是做学术也好，投身于实务工作也好，只有品德高尚、专业实力强的人才能在未来的生涯中有远大的发展。因此，笔者认为，学校的专业水平、老师的言传身教，其重要性是远远大于学校所处的地理位置的，西财虽地处成都，但并不影响她成为中国财经界的一流大学。    二、投行名门、平台很好、就业领域十分广阔：   中国的著名券商中，广发证券总裁李建勇、国信证券总裁胡继之、招商证券董事长宫少林均是西财校友， 西财的金融、会计系毕业生只要有真才实学，每年去这些券商总部做投行、固收、资管工作的大有人在，比如广发、国信、招商、中信建投、国金、宏源（申万宏源）、齐鲁（中泰）、兴业、西南、国海等等 ，而且都在一线城市，深圳人数最多，北京、上海校友规模也非常大。   西财毕业的校友，有毕业前就把CPA、CFA、ACCA、司法考试全拿下的，毕业时被各大券商投行部争抢；每年都有去中国人民银行总行、中国农业银行总行、中国建设银行总行就职的，去国家开发银行、中国人民银行各省分行、证监会、银监会系统的也不少；除了金融机构，会计系研究生的去向还有华为总部、万科地产、中海地产、万达总部的，有去国家电网、保利地产、中国港湾等大型央企的。    西财会计学院的女生有很多是四川女孩，就业偏向于人行、公务员、事业单位等等，比如中国人民银行成都分行、成都高新区国税局、西南财大、西南交大等高校的财务处，也有英语好的女生去著名外资企业（比如西门子、宝洁、汇丰、欧莱雅等等）、四大会计师事务所的。   当然，任何学校都有考上研究生以后混日子的，西财会计学院招生规模很大，每年也都有就业不理想的，但是他们有一个共同点，就是以为考上西财的会计研究生了就一定有好工作等着他们，读研期间整天混日子、不思进取，最后没有真才实学，等到找工作时碰壁了才后悔。   三、西财会计学院研究生和一线城市名校金融会计系研究生的对比：   说句心里话，笔者没觉得一线城市名校的研究生比我们专业水平更强，笔者在国信投行部、在各大名企面试中接触过很多清华、北大、人大等名校的研究生， 很多西财会计研究生不仅有CPA、CFA或者通过司考，而且在核心会计学术期刊投稿发表过专业论文 ，但是他们未必有，专业往往不如我们精。 但这些一线城市名校的研究生，普遍有更好的实习经历。    因此，总体来看，西财会计研究生在为人处世方面、专业水平方面足够取得竞争优势，但应该努力弥补地理位置上的不足，在读研期间多借助校友人脉，多去一线城市实习锻炼，积攒更好的实习经历。   暂且就写这么多吧，希望对大家有点用。 
西南财经大学考研想放弃换哪里比较好？,首先，说一下就业的问题，学校山东人还是不少的，而且所谓影响力小，只是相对的，不至于会有明显差异，西南财经大学的知名度，在金融界里是有口皆碑的，你回山东足够用了，上海和北京不行，别说西财了，央财上财都算不上好，一线城市是全国乃至全世界的竞争平台，算得上好的也就只能是出国读名校了，而且，我跟题主说，人不行别怨道不平，只把就业不看做仅仅是毕业学校的竞争未免太肤浅了，学校只是一个平台，怎么利用要看你，西财也有去哥伦比亚大学和宾夕法尼亚大学的交换机会，能不能去，全靠你个人，不是说西财毕业的就准能在西南地区吃的开，也不是说西财毕业在北方就一定饿死，西财很多知名校友也都是在北方混，这点就说这么多，多说无益。 其次，专业课的压分问题。题主连专业课801个专业课802要用的四本书都弄错了，考个七八十也就不奇怪了，西财每年整体的专业课平均分在70-80分左右，原因不在于压分，因为从已录取的学生统计上看，均分在105-110左右，这已经是个不错的平均水平了，要说压分，如果存在，那么不论考上的还是没考上的，都会中枪，不会有这么大的差距，而且，如果真的压分，会出现上线人员不足以至于招不满的现象，这对学校来说，百害而无一利，所谓压分，只是失败者给自己的一个理由。 再次，专业课难度问题。801和802分两部分，西方经济学和政治经济学，801按4:6分，802按5:5分，题主有个误区，不是说考的多，就考的难，比如人民大学，只考西方经济学，也就是题主说的宏观经济学和微观经济学，但是，题主以为这样就简单么？这么想就真呵呵了，你可以找份真题看看，效用两种分解都要考，蛛网模型要考，埃奇沃斯方盒要考，博弈模型要考，随便拿出一个来，你在书上都找不到，全部在范里安的中级微观经济学里，你要觉得这些光靠背那你挂更惨，数学公式和公理推导是能背下来的？中国海洋大学也有财经类专业，初试7本书，题主10天能看一本？而且一个海洋大学的财经类专业，我不是小瞧他，能跟我财比？查查排名就知道。对比过你就知道，我财西方经济学考的真的良心，算中等水平，难点在政治经济学，政治经济学的难点在后面的社会主义市场经济理论部分，要求不仅背，还要结合时事，作用理论进行分析，我觉得，像西财这种还能靠背就能拿分的，真的是良心了。 最后，五大财经大学（东北财经大学，中央财经大学，上海财经大学，中南财经政法大学，西南财经大学）和对外贸易大学，属于一个档次，但是，题主查一下2015的初试分数线，我财全是力所能及里面最好的之一了，举个例子，上海财经大学2015年金融学学硕初试分数线398会计学学硕初试402，还有最后70天，可以说，换学校几乎意味着直接失败，当然，题主非要换，我联系东北财经大学，只要西方经济学（最起码金融学是这样，具体的还要查），虽然不是211，但在东三省和山东够够的了。 再补充一点，其实，考211财经大学的经济类专业，最大的难点并不是专业课，而是数学，以我财金融学学硕为例，2015年初试线360，大致估算一下，就是英语65政治65数学120专业课110，这其中，最严谨的目标就是数学，低于120，少多少分就要用别的补多少分，这是个非常艰巨的任务，所以，包括专业课的每一科要求都很高，尤其是数学。 忍不住再吐槽下题主，好考的不值钱，值钱的不好考，不管哪个学校，想考进来，都要扒两层皮，没有白捡的，还有70天，与其纠结这些问题，不如踏踏实实看书，最起码，政治经济学里，马克思主义政治经济学部分背了就是有分的，干嘛要放弃，来了西财你一定不会后悔的。
请问，上海财经大学，西南财经大学，厦门大学的金融系研究生哪所更好？困扰…？,上财
如何评价西南财经大学数学分析教师尹正？,我觉得很好啊。首先，讲的很好，很清楚。甚至你都不需要怎么去预习，只需要把他的讲义原封不动的抄下来，然后你就理解了。而且老师对人的态度也不错。另外，如果在他的课堂上你不抄他的讲义的话，基本没有什么事情可做。所以，他的课堂上一定要抄讲义，那样你会很充实。
在西南财经大学如何保研？,利益相关: 直系保研学姐 你拿到保研资格应该问题不大，但是之后的成绩还是非常重要，排名非常重要，重要性大于其他所有东西。 保外校还是本校，本校没啥问题，外校有点悬，特别是如果你想去清北复交人的金融专硕。如果想在成都就业，本校就挺好的。 英语六级弄到550以上。 出去面试就知道西财金融如果只学校内的东西和其他学校差别非常大，所以自己多研究多体会，能做到肚子里真正有货，理解金融的运行。多上台展示，小组活动自己多承担责任。 比赛没那么重要，参加下数模吧，其他小比赛如果要加分可以试下，不过最重要的还是成绩。 当然如果想做学术那就是另外一条路了。
西南财经大学天府学院的校风怎么样？,可以具体说说填的专业是什么吗？我是这个学校的大二学生，有兴趣可以私聊我
有一个西南财经大学的女朋友是一种什么样的体验？,这个问题需要认真答。另外本答案限定于一个西财男生找了一个西财女朋友。   当你公开在寝室宣布找了一个西财女朋友时，室友们都会投来复杂、暧昧又惊讶的眼神，口头说恭喜恭喜，然后拍拍你的肩说真勇敢好厉害可以理解。  转头你找到西财女朋友的消息就在楼道里传遍了，有些昨天晚上还在一起打游戏的哥们，今天就假装不认识你了，背过身去，有些人会说你是叛徒，有些人也会仗义执言说性取向是自由的。这样一件小小的事情，你就能知道谁是朋友，谁是小人。  不过当你和女朋友一起去三味堂吃饭的时候，一起去图书馆算无穷级数的时候，一起去柳湖边喂蚊子的时候，一起趁着艾滋病日红会发安全套去认领的时候，这座校园都会回报你最真诚的包容，当然如果在E座自习的时候你们非要腻腻歪歪秀恩爱，还是会有人拍你们照片艾特我的。  找西财女生做女朋友是一件非常幸福的事，她们喜欢帮你拧瓶盖，帮你扛行李上六楼，帮你装系统，在你有小脾气的时候问你要不要喝点热水，在G座厕所迷路的时候给你送纸，在东门烤鱼店的饭局里帮你挡酒，你在大雨中哭着飞奔离开的时候她们就打着伞站在济民广场痴痴地撑着伞等你回来。  她们这样一心一意地对你好，是因为她们知道找一个男朋友真是太不容易了。#蜡烛#
想考资产评估专业的研究生，请问中南财经政法大学和西南财经大学哪个好一些？？,中南财，首先它有资产评估四大金刚之一——汪海粟，其次它有博士点，单从评估专业来看，实力更强。
本人即将上大三，打算考西南财经大学金融专业，纠结于报考研班还是不报班，想听听大家的看法，谢谢。？,谢邀！ 首先说一点，报班是为了什么，我个人认为主要是为了学习效率！这也是贯穿在整个学习过程中的核心问题之一。 那么究竟报不报班，就要看，这是否可以提高你的学习效率来考虑了。 就我个人的经验和感受，我认为，报班大体上是种极度无效的学习方法，最起码对我来说是这样的，那么为什么这么说呢？ 第一点就是学习与消化脱节。举例来说，某都考研假期班，一般时间是这样安排的，政治、英语、数学轮番上，每天上午下午各上三小时课。每天6小时课，请问有多少时间你再带着脑子上课？或者说你的精力是集中的？我周围的大多数人的情况是，除了早上刚开始的一段时间精力集中，其余时间都是机械的记笔记，不管政治、英语还是数学，6小时后也就是收获了很多笔记。这里问题就来了，收获笔记就等于收获知识了么？同时由于高强度的机械性记笔记，是否耽误了真正的学习呢？对于我个人的情况，这些问题的答案都是负面的，我的情况就是，收获了笔记但是什么都没学到，同时每天6小时上课，又因为疲惫而耽误了其他的复习，简单来说，就是不仅什么都没学到还因为没复习而把之前学的忘记了，所以从我个人的经历来说，不建议报班的。 这个效率低到什么程度呢？曾经给我自己算了个账，以数学为例，数学每天6小时，连上一个月，每天上完真的很累，所以晚下课后很难再干什么，所以基本上来说，同时，按1:1的消化比例，听一个月的课至少要用一个月的时间来消化学习内容，所以我觉得在上课期间，其实所有复习进度都处于停滞状态，由于英语政治专业课这些必须天天看，否则很容易出现遗忘，所以复习进度在集中上课期间甚至有退步。 第二点报班的课程安排不一定适合每一个人，说白了，不管你事谁，课程不会按照你的习惯或者想法改变，作为培训机构，他第一个是要保证把合同要求的课上完，至于你能不能在短时间接受，效果好不好其实不是并不是第一考虑的事情。 第三点就是有些班真的没必要，比如政治、英语，就是讲出花儿来，你下来不背单词不下功夫，一切都是零，也别想着听过一遍以后会好背一些，之前都说了，一天6个小时连续上课，很多时候你都是不过脑子只过手的状态，尤其英语，下来不背单词不背作文，光听就能考70了？！ 别看报班的人多，如果你上过课，你就能体会我说的了，但是如果学习中遇见问题如何解决？如果你是在校生，可以去问你之前的老师，如果没有这个条件，我建议看视频课，哪里不会看哪里，还可以跳过讲师唠嗑讲笑话的时间。而且我真心联系如果有时间，先自己看，带着问题和思考去看，效果更佳。 另外，专业课方面，为了弥补信息不对称，也可以花高价去报一个专业课报，这样的报一般是找目标学校目标专业的在读生讲课，收费很高，但是可以从给你找的在读生哪里，直接了解到专业课如何看、怎么考、怎么答题、要点在哪里，同时还能直接让他们给你收集有用信息，我在考研班兼职的时候就会说很多这些，这样可以弥补信息不对称，让专业课学习有针对，不过……就是花的钱多……除非你能跳过考研机构直接找到他们，会节省70%的费用。 就说这么多，基本都是我个人在学习中的感受，每个人情况不同，所以，我说的也不是绝对的，大家看看就好，只有自己才能找到最适合自己的学习方法，有什么别的我会再来补充
西南财经大学会计学院的硕博贯通项目就是直博的意思吗，博士不读完不发硕士学位证？想知道详细的培养模式。,硕士只上两年，别人研三，你就博一，博士读不下去，是不给硕士毕业证的……
如何评价西南财经大学5月17日“赵梓程事件”？,谁说西财无男神，金融工程赵梓程
18年西南财经大学金融学考研求助贴？,谢邀！        我是西南财经大学（下称西财）的金融学学硕所以只说一下本校相关的。 1、关于日常学习         首先，金融学的学习和会计学的学习学校在课程安排上，都会涉及本专业的各方面的基本课程，不存在某一个学的杂而另一个学的精，而且，学校提供了方向多样的选修课供学生选择，作为研究生阶段的学习，如同大树的分支，不再像本科，方方面面都要学习，而是有着重的分方向研究，按照学校的教学制度，根据不同导师的选择，尽管课程一样，但只需要一个学期，大家就所学所长就会有明显不同，因此，在这个阶段，更主要的是课后学习和提升。下附金融学院金融学学硕和会计学院会计学学硕的教学计划。     2、专硕与学硕选择         专硕与学硕的选择，本质上，不存在好与不好的问题，只存在适不适合个人职业规划和目标的问题，适合的才是最好的。正如答主“果敢挑剔的小会计”所说的，要工作有要工作的好处，但是我觉得，晚一年也不一定就全是劣势。学硕的好处是，有更多的时间学习沉淀自己，西财专硕学制两年，第一学期修完全部必修课，第二学期修完全部选修课，第二学期结束以后，就可以直接卷铺盖实习去了，因此日常学习中，除了上课，基本没有别的时间，因此能从校内导师身上学到的东西也是很有限，整个过程更像大五，如果你的定位在国有金融机构或者国企，或者打算从事咨询行业，我建议，专硕晚一年毕业且比较注重案例分析的特点很有优势，但是，如果你选择券商行业中的策略组合、固定收益、行业研究、公司金融等，甚至高频交易等，我建议选择学硕，而且要在导师选择上与目标方向吻合，这样有更多的时间跟随导师学习或者参与项目。有个误区，就是学硕只搞学术，专硕才注重实际，实际情况是，根据导师不同，学硕很多也在搞跟随导师搞实务，每天都是在做非常接地气的东西。因此，如何选择还是要看你自己适合什么。 3、考研难度         难度这个问题，我觉得很难用语言表达出来，数据是最直观的，所以下面给你列了2016年金融学院和会计学院的录取数据。         2016年，金融学院金融学学硕，共报名871人，录取98人，其中统考录取50人，推免录取48人，统考考录比约为6%，即约16.5：1；        2016年，金融学院金融学专硕，共报名1412人，录取177人，其中统考录取129人，推免录取48人，统考考录比约为9.4%，即约10.6：1；         2016年，会计学院会计学学硕，共报名733人，录取39人，其中统考录取24人，推免录取15人，统考考录比约为3.4%，即约30：1； 2016年，会计学院会计专硕，共报名1556人，录取166人，其中统考录取106人，推免录取60人，统考考录比约为6.6%，即约14：1； ============================ 有同学问证券与期货学院的数据，在这里插入补充下 2016年，证券与期货学院金融学学硕，共报名292人，录取30人，其中统考录取28人，推免录取2人，统考考录比约为9.6%，即约10.3：1； 2016年，证券与期货学院金融学专硕，共报名839人，录取50人，其中统考录取42人，推免录取8人，统考考录比约为5%，即约19.8：1； ============================         一般来说，5：1就算是我们所谓的“难”了，大概就是相当游戏里的Hard难度，而10：1以上就差不多算Hell难度了，30：1的那种更是要付出非常非常多的努力！从统计来看，西财的金融学与会计学相比，要相对好考一些，这两个学院的专硕相比学硕要好考一些，但我说的是相对好考，放在整个大环境里，两个学院的专硕学硕都不好考，都很有难度！ 4、参考书        就我这渣成绩……还好意思给人家分享复习资料？！答案是……我好意思……数学还是推荐李永乐的复习全书，尤其《线性代数辅导讲义》这本！政治我推荐《风中劲草》，别的也没感觉用什么特别的。 5、报班的问题 这个我专门写过，给你个传送门    http://www.  zhihu.com/question/5028  3567/answer/120482037      6、建议 第一，不要盲从，更不能盲目。要不要报班，选择哪个学校，选择什么专业，一切以自己的实际情况为参考，不是大家报班你就都报，也不是大家都报的学校你就不能去。 第二，学习不要脱离课本。学习以最基础的书本为主，打好基础再起飞，辅导资料只是起到提示、加强、提炼的作用，并不能作为基础，就跟保健品跟药物的关系，不能替代。 第三，有目标有计划。有明确的职业规划和目标，学习动力才坚定，考研不仅是智力的角逐，更是毅力的比拼，目标明晰、计划适当，才能走的更长远。 第四，保证效率。不是一天坐10个小时就能考上，发发自拍、刷刷朋友圈，这样的效率坐24小时也没用，一定注意效率！ 大体就说这么多，还有别的，会过来补充。
西南财经大学税收学考研？, 同是18考研，我建了群342019249，大家共同交流吧。 
西南财经大学，暨南大学，华南理工大学，云南财经大学等南方高校的金融怎么样？,天啦撸，我大洗菜已经沦落的在外口碑只能跟那些学校比了！！！！！本科就算四川省内收分也是最高的，力压川大科大！！！！！ 不过，你要是读研就算了，财大本科和研究生完全天差地别的哇~ 另外，别说啥子珠三角的，深交所当年都是西财人一手办大的~
我马上大一了，学校不是很好，西南财经大学天府学院，我在学会计和计算机中纠结，不知道选什么好。?,选复读更好
西南财经大学金融学考研，专业课802如何复习？跨考学生应该注意什么？,西南财经大学专业课802分成两部分，政治经济学占50%，西方经济学占50%，整体试卷难度在同类学校中偏难，其中西方经济学，相较于人大厦大复旦这类学校，难度属于中上等，专业课主要难度集中在政治经济学部分。 以下为个人学习过程中的感受，送予题主一起分享，所涉及的学习方法和个人感受并均代表我个人，希望能对题主有帮助。 我个人感觉，所专业课的学习中，很容易形成两个复习的误区。第一个就是就经常把西方经济学作为复习的重点，但实际上，全卷难度大部分集中在政治经济学部分。第二个，认为政治经济学只是单纯的背诵。政治经济学分为两部分，前部分是马克思主义政治经济学，后部分是社会主义市场经济理论，前一部分，那也就是马克思主义政治经济学的这部分的要求背的细背的准，主要是以辨析题和简答题出现，大概30分左右。后面一部分的社会主义市场经济理论，这部分的知识呢，主要是考论述题，大概40分左右。这是政治经济学的难点，也是整个802的难点。这部分就不是单纯背诵能解决的了，更注重的是理论知识的应用、发现问题、分析问题、解决问题的能力。 综上，我认为在复习过程中，政治经济学的学习方面经要稍有侧重。 从现在到11月底还有8个半月的时间，我个人建议，专业课的学习要进行分段学习。 第一阶段，西方经济学和政治经济学同时开始，侧重西方经济学，政经济学只理解不背，为今后背诵做准备。这一阶段做到政治经济学全书看懂，高鸿业的西方经济学没有知识忙点，知识框架和知识系统完整就可以进行下一阶段了。 第二阶段，在西方经济学理解到位以后开始看西财张树民的书，加深对相关知识的理解，政治经济学开始系统的形成知识框架结构。 第三阶段，结束西方经济学的学习部分，开始尝试练习题、真题，中心偏重到政治经济学上，开始背前半部分。 第四阶段，西方经济学补充阶段，补充书上没有的部分，比如市场失灵的具体弥补措施、N个厂商的古诺模型推导、伯特兰模型、卡特尔模型和博弈论的共同应用等，这些可以从网上购买资料，这里就不方便在公开场合举例子了，政治经济学继续背，刘诗白的《政治经济学》有配套的练习题，可以在网上买来做参考。 这里说个问题，怎么样才是复习到位？这里介绍一个我个人用的还比较简单的办法，就是合上书本只看目录，每一章的主要内容是什么、只是逻辑顺序是什么，每一个分标题下有什么概念、有什么图等等，如果这些都能回想起来，基本就没问题了。为什么这样做呢?就是模拟考上的思维过程，以政治经济学为例，拿到一道题，我的思维过程就是这个题中涉及的知识是哪章的？本章有什么重要概念？理论体系是怎样的？然后再根据自己的大脑映射，一步步的依次把题中所涉及的概念和理论体系中涉及的概念都写下来，然后根据概念运用理论知识解题。如果能把目录用好，再去做真题，效果会更好。 真题我要额外说一下，按照惯例，每3-4年出题人就要换，所以，10年真题里，只有进一两年的才最有参考意义，时间越长越没有参考价值，所以我并没有给自己留一套真题做最后的实验，而是按照年份，由近到远，对每一道提都进行认真的研习。 最后再说一点，不要过于迷信什么所谓的资料，质量参差不齐不说，在没有基础的情况下我很难学懂，我的经验告诉我，课本才是最贴近考试的，什么时候都不能偏离课本。 以上就是我个人的学习体会和经验，实际操作过程中，题主还需结合自身情况进行取舍。先说这么多，有其他想起来的再补充。 ================================= 教材使用 西方经济学：高鸿业《宏观经济学》、高鸿业《微观经济学》、张树民吴开超《微观经济学》 政治经济学：刘诗白《政治经济学》 跨考的同学由于经济学基础薄弱，可以先从曼昆的两本《经济学原理》开始，然后再进入高鸿业部分。 ================================= 为什么辛辛苦苦学一年专业课的成绩原地踏步甚至倒退了？ 我从不怀疑提问同学所下得辛苦，造成这个情况的原因很多，我就针对802的这种情况，大胆揣测下。 学习时间和辛苦都有付出，那么，就得考虑学习方法和答题方法的问题了。 第一，西方经济学答题不完整造成的失分。 比如西方经济学曾考过大致这样一个问题，就是马路两侧有一个种苹果的和一个养蜜蜂的，两者各有成本函数，其中，种苹果的成本函数中包含蜂蜜的产量，既蜂蜜产量越多，种苹果的成本越低，有三问：分属两个两者各自的最优产量、同属一个企业时的最优产量、外部效应问题。 题目大概是这样的，具体我也记不清，总之就是有这么个题，为了大家更直观的理解，就不要太在意这个细节了，我是这么答的，并没有直接写完计算就完事儿了，而是起手先画图，用以解释为什么我要用到MR=MC，然后计算，最后一问还要画出正外部效用的图，然后再写文字或计算。有图，有理论说明，有计算，有总结，才是一道完整的题，尤其是不画图，再完美也就6分…… 第二，政治经济学要点混乱。 答题不是你想起来什么就写什么，写一大坨……这是研究生选拔考试不是高中期末考试……答题要有逻辑，有因有果，言之有物。 拿到一个政经题，我起笔不是理论，而是概念，在这里说一下，西财没有单独的名次解释题，但每一个题都需要做名词解释，不仅是题中所涉及的概念，还有你解释过程中所要用的名次也要做适当解释，不好理解是吧，举个例子，要你简述平均利润的行程，那除了本身这个概念，你还要解释利润以及利润的本质，然后解释正题，最后还要说平均利润的本质和作用。这样才完整，不然很容易失分。 第三，扩展不够。 比如论述题是我国现阶段的社会保障制度 这个题很大……你就把背的书上那一点儿写上去……怎么可能是论述……我的姿势是这样的……先写我们现阶段的国情，现阶段保障政策，为什么实施这样的政策，达到了什么效果，起了什么作用。 第四，学习方法问题 这个因人而异，我不怀疑提问者付出的辛苦，但是有劲儿也得用得对，二战还没有成绩气色真的是最根本的地方出了问题，还有就是题点找的不对，答偏了，也会分数很低。 基本上就能想起来这么多，只是代表个人看法，还有我要再强调一次，西财判卷采用的是标准化流程，不会因为地域和学校压分，要压分所有人都会低，不会只低一个人。 =================================  Q：看到教材推荐，有如下说法：平狄克《微观经济学》、高鸿业《西方经济学(宏观部分)、刘诗白《政治经济学》　　上述三本教材只是重要的三本教材。为了专业课取得高分，考生除了看上述三本教材，还可以看以下教材：范里安《微观经济学：现代观点》、曼昆《宏观经济学》和逄锦聚《政治经济学》。 之所以微观推荐重点看平狄克《微观经济学》，而不是高鸿业《西方经济学(微观部分)》，是因为微观考试大纲部分内容高鸿业《西方经济学(微观部分)》未予以介绍 您怎么看呢？  A：如果有时间，多涉猎一些书籍，自然是极好的，但在有限的时间里，微观我建议还是先看高鸿业的，然后再看西财的，最后有时间再看别的，如果是跨考，起步看曼昆的是很好的选择。平狄克和范里安的书，尤其是范里安的，是中级微观的内容，有一定基础才能看得透，范里安也是我们学校研究生的推荐教材。所以，我认为，如果有时间，看了肯定有好处，而且像范里安里面有很多数学推导，对你理解有很大帮助，但毕竟是锦上添花的事儿，没时间就算了吧。 曼昆的宏观这里着重介绍下，如果看高鸿业的宏观时，对长期部分很难理解，请找曼昆，长期部分，曼昆的我给好评！ 政治经济学说真的，同学……你能背完就不错了……就已经比很多人强了，所以，我除了课本和真题，没看过别的…… 本来高鸿业的知识就缺的挺多，就靠你从其他地方补，举个例子，古诺模型高鸿业是用实例说的，但考试看出来你要用数学说，尤其是n个滑寡头，书上介绍两个寡头，给你三个你会不会？四个呢？五个呢？这部分就得从范里安或平狄克里面找，还有什么伯特兰什么的就不说了，都说了篇幅太大……其实西财的微观，就补了很多了，比如税收分担、支持价格的福利分析等等，我觉得已经足够了。 至于大纲……每年官网都有，看完微观可以下载下来看一看感受下，总之，西方经济学真的不难，中上等水平，难的在政治经济学，7月份以后一定调整下重心，需要背的需要理解的真心是多，你看了就知道了。 @王泽兑 
作为广州考生，西南财经大学，华南理工大学，中山大学怎么选择，想学金融?,作为一个从江浙沪地区来到大西南读书的人，我的建议是：如果想学金融专业，西财自然是不错的，但是你要注意地域优势也是免不了的。正如上面时晓栋所说的，如果大学毕业了就在广州就业的话，建议在中山。（我财在我们那边的认可度并不是那么高，因为在相关方面的就业上财还是占比较优势的。甚至有时候出现我说起我们学校，有些非专业人士的第一反应是“阿勒，哪个二本学校”。。）但是，我财的金融专业是挺好的，如果你一心想学金融或者搞学术研究的话，我财首选，毕竟我财是主打金融，而且排名也挺高，在西南地区认可度和地位都是蛮高的，广东深圳那边的校友资源也足够。 其次，如果是恋家的人的话，还是留在广州比较合适，作为一个女孩子，我真的是太明白那种回家回不得的心情TAT 尤其是别个都提行李在周末回家的时候，你只能安安静静做个美女子TAT 不过，大成都吃的东西很多！如果是吃货的话，或者想换个口味试试看除了粤菜外的菜品，建议来西财。可以边学边吃，冒菜干锅串串烤鱼烤肉锅盔火锅钟水饺各种米线羊肉牛肉 好吃的好多TAT 表示恩格尔系数都蹭蹭蹭只涨TAT 然后大四川玩的地方也很多，所以很多时候，别个回家的时候，我不是在吃就是在玩，就是在去吃和去玩的路上。 好像偏题了。。。anyway，还是看自己选择比较重要，我以前以为我选的只是一个学校，后来才明白我选的是我以后都要走的路~ 建议考虑的全面点，认真综合自己本身的性格和爱好。但是也不要太纠结，因为不管在哪里你都会爱上自己的选择的。
读西南财经大学的中外合作办学是一个怎样体验？,哈哈哈 来抢第一个回答   先来自我介绍一下 北京生 准大二 后天开始军训(没错第二年才要军训) 第一， 先说课程  我们专业真的不水 不水 不水！不知道你对巴鲁专业了解多少 但是它真的不是一年收你一万多块钱 最后一年想出国随便你 花钱买毕业证那样 你在这都能学到知识 因为我们专业的老师都是定制的！学校最好的老师！别的专业选不进来！教室也是高配！平台真的更棒 你也会学到很多很多东西 比如我大一上学期上了一门厦大老师的环境生态学 每两周专门飞过来上课 还会带吃的！最后一节课叫了爆米花的外卖给我们吃 防止我们犯困！写了两篇环境方面的论文 上了一门外教的(巴鲁那边的老师)的音乐课 这些课都是我们这个专业特有的 下学期有c++(听说下一届不会有了 因为每年的培养计划不一样 年轻的专业嘛 会根据情况调整) 这门课可以说信息专业的学生都学不到 老师也是信息学院最好的老师 学校的教育系统是他编的！总之 你会比其他专业的学生学到更多  第二， 并不容易   我们的专业不水 也就意味着需要你克服很多困难 有一些必须上70分的课程 如果你考不到 就要补考 这与第四年能否去美国有关 同时 我们也会忙的不可开交 因为美国老师不可能一直带在西财 所以会有集中补课的情况出现 相当于一学期的课程要在一两个月内上完 再加上美国那边看书都是你自己课下看 上课老师只是串讲答疑一下的那种模式 那一阵子真的会忙的不可开交 这一点要做好准备 因为已经选了这个专业就意味着你要比其他专业的同学努力更多  第三，你关心的 课程难度问题  其实外教的课程听懂是没问题的 大一还不会有专业课 外教说的词汇也没有那么难理解 这一点不用担心 其他课程只要你努力也没有问题 因为老师都是最好的老师 多努力多问   第四， 巴鲁专业大神很多 ！毕竟进了这个专业的就很不容易 同学家境也都很好 这就等于说 班上都是很努力的白富美和高富帅 你的压力也会很大 更要努力啦 今天刚开完班会 专业第一平均分90多...  第五， 学校重视  巴鲁那边会有教授来不定期视察 来给你们开会 向你们征求意见之类的 我们专业也有专门的负责老师 有问题可以去提问  总之 我这一年过的非常充实  一眨眼竟然成了学姐 还有什么问题可以私信我~ 欢迎学妹(还是学弟啊)报考~
去伯明翰读书和留在西南财经大学？,有机会的话伯明翰吧。 伯明翰国内的认可度没有西财么？ 申请G5的话你要是能在西财把成绩刷到90多，雅思考个7.5+，也一样不是很难啊。
2017四川文科考生570分走得了西南财经大学吗？,好的专业悬，差的专业可能性较大
西南财经大学是否生活节奏慢？,大体比较慢吧，但是实际上还是可以很充实的
西南财经大学有哪些不为人知的好座位和好自习地？,没有。17考研狗转战过通博楼，图书馆，经世楼。非要挑一个还行的，通博楼五楼吧。
文科生就读西南财经大学经济学基地班是怎样的体验？,答主基地班文科生，毕业了，正好看到回答一下，匿了。部分同意第一个回答同学的观点，经济学需要把数学学好，这是毫无疑问的。但是基地班不是数学专业，在财大的教学中数分，高代并没有很多的证明，重要的是定理与公式的实际运用，所以对于逻辑性要求不会太高，而这也是很多文科生相比理科生欠缺的。不过这种差距对我们一般的同学来说并不需要拼天赋，需要的只是一些努力。大学四年，答主平时听课，考试周刷刷题，数学课基本没下过90分，满分也有。不过，有时确实感觉与一些数理能力很好的同学相比还是有差距，sad。所以呢，扬长避短啦，如果决定经济学研究，那么可以选择走实证研究；如果不喜欢经济学了，可以走财务管理，会计这方面。如果决定继续深造，基地班是一个很好的平台，希望对题主有帮助~
西南财经和人民大学如何选择？,金融学的一级学科是应用经济学。 po一张教育部15年的高校学科排行榜。  题主这句“西南财经据说是金融学全国第一”，我觉得武书连先生听到也不会认同的。    
在西南财经大学当学渣是一种怎样的体验？,谢不邀。第一个来回答自己在知乎的第一个问题。 成绩后百分之五十，参照北大的那个帖子应该是学渣了。 自己高中发挥得还不错，但是是估分报志愿，估分不准确来了财大（因为有财大的自主招生），以前还会念叨要是不估分自己也念个南大北师之类的，不过找到女朋友之后就觉得一切都有了理由，大概是一种冥冥的力量吧。来了财大因为是全省前200名所以拿到了优秀新生奖学金，当然是大学里第一笔也是最后一笔跟学业有关系的奖学金。  之所以报财大一方面是自主招生，另一方面还是相信了一个流传广泛的谎言“大学里面的空闲时间很多blahblahblah".觉得自己到了大学依然能够有足够的时间去把英语提高到很好的水平，能够在保研中随意选择，能够在很多个下午轻松地拿着一杯茶坐在一个教室里看书，阳光斜着打下来，离书页稍远。  自己本来的想法是做老师，没有理想那么宏大也没梦想那么遥远，从初二开始萌生了做老师的想法，植物→天文→计算机→教师，这是我众多职业理想变化的最后一站，从那个时候开始就观察所有老师的上课方式，课程是如何引入怎么设计的，男老师有什么风格那种优秀，女老师有哪种风格更容易接受。觉得到了大学也可以兼顾好英语去新东方或者学一学某一科目去当一名老师。后来才知道哪里那么容易。  接下来开始应该就是学渣部分了：  高中学的是文科，报了财务管理双语实验班这个文理科更综合一些的班级。具体是什么体验呢？就是当老师讲高数的时候，每一个知识点都很难理解，只能去强行记忆操作的步骤，换句话说就是一种没有学会其中的本质性问题。我现在还记得我期末前又一次去听高数时候的感觉，每每想要听课的时候抬眼望去，看着黑板上的板书听着老师的讲解，回馈我的只有一次次的绝望，绝无任何了然的快感。  我本来也很天真的想，双语实验班应该有利于提高自己的英语，结果发现说英语的口音无限接近印度口音，有的老师干脆说我不用英语讲课，再或者有的老师是用印度英语读一遍然后翻译一遍书本，大家都说贵出一倍的学费根本是翻译费。我自己最直观的反应是”双语实验班干嘛还要开？根本就是个失败的试验嘛。“  加之我个人可能是天赋的问题，学习会计觉得太过于枯燥，而且在学习过程中觉得会计课程简直对自己的创造力和自由意志的扼杀。所以专业课一直学的很糟糕，再加上专业课是有连续性的，所以这种糟糕就在不断的放大。  有的人会说，为什么不转专业？其实是转了的，但是被教务处卡死了。我们是双语班学习的英语课程叫英语精读，非双语班叫做综合英语，外语学院的转专业接收条件写了综合英语没有写英语精读。我跟英语学院去核实，是写接受条件的老师可能没有想到会有双语班的转过来所以就没写。我的一些不甘在于这两门课从老师安排到教学内容、教材、上课时间、考试方式和内容完全一致，最后甚至用一张卷子考试。教务处就用这个名字把我限制住了，无论我提出可以公示还是外语学院的院长与之斡旋最后均没有解决。很讽刺的是第二年外语学院的接受条件上就有了英语精读，可惜不太可能有第二个双语班的人转过去了……  为了转专业自己生怕期末挂科，期末一周连续通宵每天睡三个小时左右瘦了10斤，结果发现最后此路不通。这个阶段应该是我大学最痛苦的时候（感谢这个时候女朋友的降临O(∩_∩)O），因为每每和会计数学纠缠挤占了大量的学习时间，在我确定自己依然要走教师这条路而这辈子都不做会计的情况下，显然后面会因为这些课程而让我陷入明明知道应该做什么而无法做到的境地。（可能有的人挤一挤时间，早起一点每天高效率依然能够完成自己的想法和计划。我想这也就是学渣的痛苦吧，就像一台配置不高的电脑，没那么强的性能处理那么多的任务，不然就要系统崩溃。）  ————期末周了先准备考试去了 复习累了——————来更一更  其实说自己是学渣，主要是自己作为这一专业的一员学习中的感受和情绪。消极的更新完毕了也来更新一些中性的和客观的。  前面说到了自己想要做老师，在大学一直没有放弃，大一刚来到学校走在路上，突然听到一句“您身边的校园广播，西财之声”，可能是被触动到了吧，走过去发现正在报名，就填了一张表报名了广播站。（当时自己一心想要享受前面提到的静静读书的感觉，所以没有准备加任何一个组织、社团。）  在广播站的生活应该说是非常“充实”的，从1000人的初试中选200进入复试，从200的复试中进入50的试用期，训练考核一个月之后留下来的18个人。印象最深是试用期，深刻到什么程度呢，当时总在听好妹妹乐队的《你曾是少年》，现在只要听到这首歌心情立刻就变得低沉觉得疲劳。当时一个月的试用期每天中午如果没有课1个小时，下午两个小时在图书馆办公楼的一个大场地里面读新闻，注意！每一天都是这样。甚至没有时间去吃饭，很多时候都是喝芝麻糊解决。在寝室也反复的训练新闻，只要我起个头“商务部预测中国对外投资快速增长趋势仍将持续”，室友就能接下去“商务部新闻发言人沈丹阳blahblah……”  试用期主要的收获也很明显，最直接的提高就是标准的自信的普通话表达，很多同学感叹说讲话的时候自带学霸气场，其实就是字正腔圆的普通话+自信不颤抖的嗓音。这一个月的试用期提高到什么程度呢，就是第二年去裸考普通话水平测试直接拿到了一级乙等。可以确定有很多个别字词的音并没有发对，但是除了鼻炎带来的后鼻音基本上就没有什么系统性的问题了。  之后进入了节目组，每周4000-5000的原创稿子，当时写的很分裂，因为是对口节目要求诙谐幽默又得能够有逻辑的不断深入分析，不过真的是从量变到质变，写对口节目对日后写演讲稿和自己的演讲水平的提高起到了太大的作用。  西财之声是个功利或者说利己的想法很难生存的地方，你对它永远不能有付出汇报的要求，但是我觉得起码对于我个人来说，用爱好去支撑，爱好不够了累了用责任去扛起来。最大的感触是两句话今年招新后也讲给了后来的孩子，一句话是“坚持已经很可贵了，比它更可贵的，是有退路的坚持。”第二句是“当时间足够长，坚持就是最有意义的事情。”之后就是从播音部的一员到播音部部长，之后开始扩招，培训编辑部和播音部，最后到站长。觉得没有之前的坚持带来的底蕴和自信，真的很难推行一些措施，我很喜欢罗永浩引用的工匠精神，因为所谓的想法、变革、创新只有在水到渠成的时候，你有把它从想象拉到现实中来的这份能力时，才是有意义的。  我自己的专业没有选好确实比较痛苦，但是自己应该说也算是如愿以偿。教学是我的爱好，是那种对于别人打LOL看剧的那种爱好，我一直认为者很幸运，因为很少有人的爱好能够养活自己让自己过上还不错的生活。所以我上大学以来都是围绕教师去充实自己的经历，加入西财之声、去上课、去听课、去听大量的演讲并模仿、去参加演讲比赛。用玩游戏的说法，结合我的财务管理双语实验班，我就像是一个从头到尾加了力量的法师、完全精神的战士，可这是显示，我笃信对于绝大多数职业，一个人都有能力把它需要的技能做到极致，而那个时候，一纸文凭所谓的专业出身也就不太重要了。  之后自己面新东方，一面之后，后面的面试直接跳过，去终审、入职。  不过既然是学渣，总不会那么顺利，所以自己是在优能中学做文综的教师。  继续努力的方向是GRE、GMAT的教师，革命尚未成功，但也希望激励作为所谓学渣的你。
西南财经大学本科生期间有什么好的交换项目吗？, 我也不太清楚哎，毕竟我的方向不是这个。  只知道统院的滑铁卢项目啦，数学还是统计专业还是很牛的。 
想考西南财经大学的税务专业的研究生，请问各位大神准备了些什么教材和参考书？是如何安排复习时间的？,哈哈哈哈，谢邀，哈哈哈哈，我就是税务专业的。哈哈哈哈，可惜我不读研究生。楼主要是真有意向，可以私戳我，我介绍我们专业去年备考3个月，最后考研成绩全专业第二的大神给你认识！！！
西南财经大学人力资源管理怎么样？就业机会和待遇怎么样？未来发展前景呢？,人力资源专业主要的求职方向是各大企业必备的人力资源部门。  人力资源和IT，财务，法务都是各大企业需要的支持部门，但是并不是企业的主力作战部门。主力部门包括产品（负责产品的规划和研发），生产（负责产品的生产制造，包括供应链管理质量管理等等），业务（包括营销市场运营服务等）   在上述主力部门当中，业务部门对专业的限制相对较小，也是人力资源可以去求职的方向，但是竞争会更加的激烈。
北京考生 一本线差一分 选择西南交大峨眉学院的会计学还是江西财经大学的会计学?,江财的王牌专业——会计，在省内招生至少高一本线50分，省外招生高一本线70-90分都稀松平常的情况下，在北京招生居然是二本？？？我惊呆了⊙﹏⊙……
“中国民间借贷高达8.6万亿 33.5%家庭参与”可信度是多少？如何获取西南财经大学的《银行与家庭金融行为》?,同求这个报告
一个自考本科学生（西南财经大学工商企业管理）考北大研究生难度大还是考美国top30难度大？,可以试试日本大学的研究生。  比美国大学好考很多，而且离家近。  日本大学很多也都相当不错，不输美国稍差一点的大学。  回归正题，个人认为，考北大难度大一些。
想考西南财经大学的财务管理专业的研究生应该做哪些准备？,谢邀。 当前应该做的事情： 1.学好专业课，学扎实，尤其是那些需要用到数学的专业课； 2.把四六级先考过，没考过先暂时别提什么提前准备考研； 3.收集西财考试科目复习资料，尤其是专业课。多看一下学长学姐的复习经验。如果有条件的话，明年去复试现场找参加复试的学长学姐讨要学习经验。
西南财经大学住宿条件怎么样？在成都市区的什么位置呢？交通条件怎么样？,四人间独立卫浴有空调上床下桌 成都西刚刚通地铁
西南财经大学国际商务专硕，北京外国语学院国际商务专硕，哪个更值得考?有什么区别？,斜眼 请问题主你邀请区区不才在下我来回答这个问题，是知乎的意思么？
考研-西南财经大学工商管理学院人力资源管理专业？, 谢邀。 图片很可爱哟。 西南财当然是很不错的，经管专业也是特别好的。 但还是给你讲一下：人力资源管理， 其实不算是一个专业， 他是企业管理里面的研究方向，所以西财是把他当成一个特色专业进行招生的， 也代表专业很好。  报考西财要注意， 复试时间很晚， 而且这种特色专业， 基本上就是如果没考上， 调剂很难了。 最后， 祝好！  
西南财经大学，中山大学金融硕士如何选择？,作为一名临近毕业的学姐也来说两句话，我之前也是和你有相同的考虑，最终选择了西财。 这个选择真的没有让我后悔。学校学习氛围很浓，导师也十分尽职。西财挺多就业去广州深圳的，这个完全不必担心。 感恩母校。
请问我是河北考生，过了西南财经大学自主招生，高考至少要多少分才可能上呢？,谢邀。我在西财认识的所有通过自主招生成功来到西财的同学（大概有十几个）告诉我的都是，只要通过了自主招生，一般的条件是上了重点线就能来，而且大部分人是有随意选专业的资格。当然，本人认识的自主招生考生的样本量略小，而且是四年前的政策（本人现在大四），所以与现在有一定偏差。以上。
我今年考研复试被刷报考的事西南财经大学现在收到了集美大学的调剂复试通知是二战还是去集美很纠结求意见？,楼主我跟你情况一模一样。而我已经来到集美复试。能争取就争取吧。很喜欢集美！
西南财经大学的行管研究生学长学姐们，能不能告诉点关于西财研究生的各种东西，我一头雾水啊，准备考这个。?,你想问点什么，我是本校研三的
重庆某县城高一学生想考西南财经大学有什么可以指导的？,不知道答主是不是表意不明，就你的问题字面来说，不管你来自重庆县城还是帝都二环，是文科还是理科，想考西南财经还是北京大学，你现在需要做的就是好好学习你手头的功课，高考考出一个好分数。
西南财经大学证券与期货学院金融专硕复试用书是什么？,3月底刚复试完。用书：1、货币金融学（米什金或者财大出版的均可）2、投资学（博迪的）推免：今年专硕共推免了4个人。      加油哦～只要初试过了，复试通过机会蛮大的，
湖南某考生，全省600多名，文科，想报考西南财经大学与厦门大学预科班，尚在纠结。？,全省600多名，为什么还报预科班？不管题主什么考虑吧，那仅就你所问的问题来回答吧。 题主纠结厦大和西南财经又说西南财经有专业优势，那想必题主所谓的专业优势就是财经类的了。 我能说，即使厦大仅剩下财经类专业，其实力也不会比西南财经弱吗？厦大有着全国最好的会计（嗯，比西财都好），最好的财政学（只有上海财大可与之媲美），最好的金融系之一（当然，西财是央行嫡系，金融是其优势），最好的工商管理学科之一，最好的国际经济与贸易（与之相关的国际法也是最强之一）之一。 嗯，上面仅从专业角度说了，而已。毕竟，厦大不仅仅有些不是。厦大悠久的历史，有着浓厚的人文气息，有着全国最漂亮（可能没有之一）的校园。。。。。。。。好吧，我不说了。 说句地域优势吧，厦门虽是特区之一，而且抵触东南沿海发达地区，经济也很好。。。。但厦门还是太小了，成都虽地处西南，但地域上厦门没有什么特别的优势，我倒觉得，从求学角度来说，成都更合适。但我，还是喜欢厦门。。。。。。说不出来的干净。。。
西南财经大学税务专硕的参考书有哪些？,就一本，王国清老师的国家税收。主要看理论部分，实务过时可不看。 除此之外根据大纲，看中国税制，税收管理，国际税收，人大版绿皮的即可，实务部分可结合注会税法和轻松过关。
西南财经大学金融学专业和法学金融双学位专业如何取舍？,开学大二也没有啥太好的建议 我觉得最好是转进经管 光华班这种东西很难评价啊 竞争相当激烈 另外双学位确实是两个学位证的 但认可程度就很复杂了   课确实是非常的多，一天8节左右
民商法考研 西南政法大学和中南财经政法大学哪个更容易一些。？,很难说，如果我们比较考北大和某个地方二本的研究生的话很容易判断出孰难孰易。但西政和中南财经政法大学都是法学里面比较好的学校，个人觉得西政比中南好一些，可能也更难考，但是考它俩的难度实际上没有什么实质的差别。 肯定有人会说考西政容易，肯定也有人会说考中南容易。 这种意见实际上没有多大参考价值。 我劝题主不如根据两校的招生计划、考试科目和考题难度想一想哪个学校更适合自己考研。
西南财经大学金融学硕在山东好不好找工作？,好找工作，找个金融业的工作很轻松。银行、保险内勤、证券，各大公司财务部，比山东财经好不少。
西南财经大学出国预科班有人了解吗？求告知！？,西南财大的英国硕士预科学费是7.8万，通过了入学考试即可录取，每年都有很多财大等211大学的同学报考，在国内读硕士预科肯定比去英国读要实惠的多，而且语言和学术上有个过渡，适应起来也会更快些，他们每年的录取也很不错哈，很多去到曼大、谢大、布里斯托这些英国名校的。
西南财经大学市场营销考研？, 据我所知，这些基本信息在西财的研究生招生网上都有公布       http://  yz.swufe.edu.cn/chaxun/  yzbwww/tjss/ss_search.asp       
考研中南财经政法大学好还是西南财经大学好？,中南财小院本科生一枚，目前大三，也是要考研啦（16年底考，不知道和题主是不是一届呢hhhh），个人觉得选择的时候主要看以下几点吧 1.专业的院校排名。要说国贸这个专业其实我是不太懂的，题主你应该比我了解两个学校哪个排名比较好 2.地域。其实地域这个东西，也就是看你以后想在哪里发展。如果是往北京上海其实两个学校都差不多，都是被压着的那种。。。选择西南财经，基本以后努力方向就是成都啦，选择中南财经呢，就应该是在武汉或者往广东比较好啦。目前还没去过广州和深圳，只是比较武汉和成都呢，虽然我是武汉本地人，但我确实觉得成都是一个非常棒的城市。首先长久以来一直成都就是生活比较安逸，大家都很会享受的一个地方。其次，武汉虽然在中部也是一霸但其实这么多年了国家政策一直针对中部比较弱，而成都作为西部的大城市，政策要好很多，所以可以说以后机会也会更多吧。不过话说回来，也有俗语说少不入川，老不出蜀，可能觉得成都的生活太惬意，年轻人还是要在外面多打拼打拼比较好，不过题主貌似又是女孩子。。。这个你就自己权衡啦 3.亲友。就是说的考虑一下以后照顾父母啊还有男友啊这些东西的。不过个人觉得哈，父母还是优先于男票吧，毕竟我总觉得恋爱关系这种关系有点不够坚硬。如果题主确定了彼此双方的认可程度，觉得已经达到了你一定要嫁他他也一定要娶你的程度，再把他列入考虑范围，不然就不要因为他太影响自己的判断了（姐就说一句，姐是过来人）  目前想到的就这些叭～提前祝考研顺利昂
选择西南财经大学最好的专业还是选择华中科技大学一般专业？,其实能选择到你喜欢的专业最好 退而求其次还是欢迎来我科
西南财经大学保险精算如何？,西南财经保险精算，应该是少数几个开设精算专业的院校了。 本科生是在保险学院入学经过考试选拔了的，学生素质较高，数理功底较强。 本科毕业深造的比较多，和英国瓦特大学精算专业有合作，是2+2的学历制度，容易到瓦特大学读书，瓦特大学是英国精算第一。毕业生中留英国就业的也有。 毕业生中有各大保险公司精算部 待遇可观。目前培养出一批精算师。 即使不去精算部，也可以去商业银行、证券、保险内勤，逼格还是比较高，比一般专业选择要多，视野要广。推荐就读  利益相关:西南财经精算专业第一届毕业生
西南财经大学mpacc专业有哪些优势?,毕业后ACCA免考N门算不算....
请问西南财经大学的会计专硕学费是多少？,如果是在读研究生，一年1.5w；如果是在职研究生，一年4w
很多大牛都说投行需要看学校，西南财经大学的金融研究生学历够格进投行吗？,遇到过一个帝都某金的哥哥，南开经济本科，uiuc会计硕士(专排第一不解释)，ny工作经验两年，回来才进的某金，也是他们那一年进去的唯一一个非清北。 不是说西财不好，只是，看你想进什么程度的投行。以及，本科是哪，毕竟投行是非常非常看出身的。
本科西南财经大学会计学(注册会计师方向)，诚求研究生 专业 推荐！？,直系校友啊。我是08年毕业西财的注会班学长，看到校友、院友、系友来回答一下。  我个人比较喜欢会计，所以本科我读的会计，研究生mba在国外读的，也是会计方向。所以要说什么考研专业跟会计相辅相成，我觉得就是财务管理了。  会计研究生不是不能去读，而是读出来做什么工作，如果你是研究生出来还去四大那么就真的没有什么附加值了，因为本科一样去四大，做一样的东西。所以研究生出来最好去一些央企总部，大的外企总部管培，银行总行，证券公司等性价比比较高。  读财务管理的好处是可以运用自己的会计知识，对企业的资金、投资、融资业务做到很好的补充，是基础。或者研究生也可以读金融，运用本科会计知识从外部投资者的角度来分析企业报表和投资潜力等。  读金融或者财务管理的研究生西财肯定是很强的这不用说(西财会计学院的优势在于财务管理，金融的优势在金融研究中心，证券期货学院和金融学院，保险学院四大大学院一起搞这个领域)，如果学弟妹想百尺竿头更进一步的话，可以去你说的在这个方面专业和综合实力都很强且在一线城市的高校，不建议去综合实力不错但专业不是很强的学校。我个人会倾向于复旦，人大这样的学校适合西财的学生考研去。  同时，建议一边读书一边考下cpa和cfa，更是如虎添翼，还要在英语上做到非常流利，这样你职业发展前景就会很好。
西南财经大学貌似不错？,咦被邀请了捏～谢邀！  西南财经很好啊，不同区域的学校嘛 进四大或者投行的几率还是蛮高的吧 四大在成都重庆那边的分所应该是有不少西南财经的人，在武汉那边的分所就应该是很多中南财经的人 简历那关基本不怎么筛掉候选人的，西南财经我猜应该是四大的目标院校之一。好好学英语，好好练逻辑，好好从应届生BBS上找笔试题来做+看面经，肯定可以很轻松地进 读个研究生，这样可以研究生毕业或者四大毕业后去投行。 加油～～
2017年西南财经大学四川文科非热门专业断档的可能性如何？,597
西南地区211财经大学申请四大会计师事务所上海所难度？,不难的，放心申请，充分准备
西南财经大学的金融研究生哪个学院比较好？,本人研一，金融学院名气要响，确实要稍微难考一点，如果是男生的话，靠证券吧，话说，你去考研论坛啊，再找几个研友，认识几个学姐学长，会给你达的更加详细。导师的话，急啥，进来之后才双向选择导师啊。好好准备吧，前期考的都是一样，802经济学
想考税务专硕，西南财经大学，川大，中南财经政法大学，哪个比较容易一点啊？,西财好考，税务专硕每年都收不满
为什么感觉西南财经大学的人有种迷之优越感？,你不知道，在四川，四川人考西财，他的投档线是最高的，比川大高20分左右。
西南财经大学在国内的地位究竟怎样?,前不久西财九十周年校庆，来了很多大牛和高校校长，我们都吐槽说校庆时把体育馆炸了中国经济就崩溃了，所以还是不错的
西南财经大学法学院就读是怎样的体验？,谢邀。 本人西财法学会计双学位2016级大一本科在读，讲真报志愿的时候压根不知道西财这所学校，但是有家里学究型的长辈力荐，所以百度之后觉得真心不错。 可能这种财经类的院校大家认知里都觉得财经类的学科是强势学科（事实也的确是这样，比如西财的会计学院是亚洲最大的会计学院，金融学类是西财的金牌学类），但是当时我确实是把法会这个专业放在第一志愿，然后非常荣幸被录取。 其实讲真，西财的法学院的确不能是最好的，毕竟财经类院校，法学院相比金融会计国商这些学院是个小学院，我们这一届大一，只开设3个班，一个法学单学位班，两个法学会计双学位班，大二的时候通过转专业，多出一个法学金融双学位光华实验班。据我所知在2017年9月，2017级这一届同学，法学院将会取消法学单学位班，开创一个新的专业――法学统计双学位班（注意法会法统双学位与法金光华实验班是不同的，后者层次相比而言更高，转入对绩点等多方面有要求）。在我看来，一方面，这是法学院为了适应财经类院校事实做出的重大调整，尽最大努力，以发挥财经专业的优势，同时提高法学院的学院地位；另一方面，这也是西财为了实现双一流目标，培养复合型人才的重要举措。因此总的来说，我对西财法学院的发展持乐观态度。 就法学院的师资方面来看，虽然老师的确不是像人大北大那种法学大拿，在法学界有很大影响力那种，但绝对都是良心教授，专业知识和实战水平绝对是杠杠的。每一个法学专业课教授都是博士学位，有国外（德国，日本，美国等）留学经验，并且都是四川地区响当当的律师、法官和法学专家，参与过重大案件的法律顾问或者律师，以及担任地方性法规修改制定的法学顾问等，每个教授一般都有带自身的科研项目，研究方向各有偏重，但绝对都不是水水就过的流量老师。至于双学位专业的财经类课教授，也都是相关学院的很好的老师。肚子里有东西，只要认真学，一定会有收获那种。 就授课方面来讲，西财偏重的教育方法是多媒体化教学，因此西财又称为西南PPT大学。法学老师在结合多媒体教学的同时，会看中小组的合作实践，对于培养法律思维是很有效的。此外，由于法学教授多在教授之外担任律师等法律职业，因此案例丰富，并且都很新。而且教授们更喜欢趣味教学，所以课上都很有意思，教学水平我认为不比其他学校法学院差，就算不是最好，也绝对对得起211院校的名声。 说的有点多，但是在西财呆了半年多了，真心喜欢上了这里。开放，自由，博学，明志，无愧于炮火硝烟里走出的老光华。  （个人意见，转载需授权）
想考西南财经大学的新闻传播学的研究生 有大神指导一下吗 谢谢？,同意向 请问方便加qq交流吗？
光华大学和西南财经大学有什么关系？,光华大学原址在上海，后来抗战的时候迁到了成都，是西财的前身。 除了这一点，以及学校有一两尊当时光华大学老教授的雕塑外，其他联系目前在校没有感受到。
法硕（非法学）西南财经大学 ，中南财经政法大学，苏州大学如何选择？, 建议在东南沿海+211高校中选择 
如何看待西南财经大学李雪敏同学跳楼后，家属与学校的冲突？,先回答题主问题，如何看待？ 答：理性看待  然后上个人观点  答主是在朋友圈里看见了一个新闻，大致是对李雪事件的一个报道，内附网友观点，以及一篇跳楼学姐李雪姐姐@韩佳人她妹的文章《悼念亡妹，仇怼西南财经大学》。这是答主有感而发的背景。   原文附上  《悼念亡妹，仇怼西南财大》 12月17日接到噩耗，16日下午17:29分亡妹从学校附近写字楼飞身坠下，在最美好的20岁年华里结束了自己的生命! 亡妹，李雪敏，于2012年9月考入西南财大统计学院。虽没有名列前茅，但在考研率90%的班级成绩中等偏上。如今大四，此时本应该参加着研究生的考试，而此时考场上留着你空空的位子…… 整个家族陷入无限的悲痛之中的时候，学校的行为确实让人心寒! 家属当日赶到学校，负责接待的老师将家属往宾馆一丢，不再理会，说让家属自己联系警方。虽说警方调查系因学业压力过大采取的轻生行为，但女生8月下旬到校至悲剧发生近4个月，且在事发前20余日行为出现异常，学校竟然没有丝毫的察觉!一所食宿都在学校的重点大学，学校对学生负有不可推卸的监管责任，不提关爱，学校平时又是如何重视学生的?搜寻资料，西南财大近十年学生轻生事件发生过几十起，单单2015年就有3起以上!如果学校关爱机制健全，怎会有这些惨痛悲剧的发生! 十余日，与校方交涉，校方拖延多次，学校两手一摊，竟厚颜说一点儿责任都没有，只愿意赔偿奖学金和安葬费几千元! 好像这几千元还是仁至义尽了一样!好像这几千元已是他们莫大的恩赐一样!家属人员这些天自理的食宿和交通费都远远不止这些，何谈“安”何谈“葬”!你们是处理类似案件得心应手了得，才有了如此心安理得的处理吗!如此学子性命攸关，草草了事!好好桃李年华的高材生，国家的希望，在学校领导眼里这么的不值一文，贵校让国家让其他学子情何以堪!贵校让社会大众如何看待!更有甚者，一位领导竟然说，每年死几个学生是正常现象!之后再一次交涉中提及，竟然又矢口否认!教师，太阳底下最光辉的职业，你们的光辉何在!你们的为人师表又何在!面对贵校这样心存恶念、口中雌黄的领导，我也只能呵呵……人生无常，谁又能保证能安然到老，换位思考，不是诅咒，仅仅是一个假设，假设是贵校领导某位亲人非正常离世，你是何心情?假设换为你们的子女，你们又会如何!又会希望学校给予如何?对方若是如贵校领导一样拖延和敷衍，你又作何感想?前不久贵校一教授大闹上海飞往洛杉矶航班的丑闻，也从另一方面佐证了贵校的某些教师和领导师德确实不怎么高尚!一直很欣赏贵校校训“经世济民，孜孜以求”，贵校命案屡屡发生，不痛定思痛，事后只知道推卸责任，敷衍家属，如此学校如此领导，如何能肩负国家培养人才的使命!又何谈济民!个人以为贵校校训不如改一改：中饱私囊，孜孜以求!学生生死，与我何干! 因为信赖贵校的管理和教育，孩子选择你们学校，可你们还给学生的是什么!家长把孩子托付给学校，你们还给家长的是什么!国家对你们学校寄予厚望，你们还给国家和社会的是什么! 这些文字，可能对你们而言仅仅是往一波污水中丢入了一块石头，水波一动便草草了之，或许会像之前的哪些悲剧一样遭到媒体过滤和封杀，家属不想在学校门口搭建灵棚影响你们的正常教学和其他学子的学习，但是要提醒你们贵校历代领导苦心孤诣惨淡经营出来的良好的形象莫要毁于你辈之手!你们或许守住了一点理应赔偿的费用，却寒了所有人的心!对立和仇恨的种子种下了便会迅速生长，如此草菅人命的行为也是要受世人唾骂，受神明拷问的! 本来寄希望于校方能主动承担责任，可校方几番拖延，家属们身在异乡，人地两生，势单力薄，实属无奈!爸妈已经崩溃，妈妈每日以泪洗面，即使靠药物睡眠，也只能睡着两三个小时，身体再这样下去就拖垮了。希望社会人士帮忙扩散，还学生和亲人一个公道! 你们的善意扩散，我也不能给你们什么酬谢，唯有诚挚的感谢和对群众的信任!再次感谢!!   原文结束。   先不谈内容， 单看题目 ，悼念亡妹，人之常情，无可厚非。仇怼西南财经大学，用词决绝，煽动性强，隔着手机屏幕答主都能感受到那种仇恨的情绪。有些害怕。   再看内容 ，答主一直相信文字是和音乐一样的最有情绪最有力量的事物。李雪姐姐的这篇文章却让我难过，总有那么些人，滥用文字的力量。   说说我自己的看法 ：  家属论调实属奇葩 张口外地家长 闭口道德绑架 是是是 你弱你有理 不赔就是欺负你  长篇大论模糊事件细节 东扯西扯就说草菅人命 中心思想就一句 你TM赔是不赔！  【个人看法 不撕】  这是答主在朋友圈转发新闻时附上的文字。   下面有朋友评论：  角度不同而已，也没必要喷家属，换位思考下    我的回答是：  我也不是没有换位思考。 搞清事情真相，早日安葬死者。 有事法庭说话才是家属应该做的事情。现在就是他们在不占理的情况下拒绝诉讼，用道德绑架、舆论压力一味要求学校赔钱。 我不是喷家属，辛苦养大的女儿死了换我我也心疼，只是被这种神逻辑折服了。 【不要找我扯 我比较玻璃心 碎了你也赔不起】   再附上另一个朋友（非西财人）的观点： 看了才知道出了这么大的事。那篇文章整一个强盗逻辑：孩子送到学校，就和我们家长无关了。出了事，你要负全责！！！   回到原题： 最后说一句，请理性看待这一切。 学校接连出事，大概是要火。 流年不利，愿我财平顺。    (｡•́︿•̀｡) 我也知道这个答案没人看 我就是和男票冷战了无聊了 来写一写  没事我就匿了，有事你就点赞你就评论，没准我能回你两句。 不爱撕逼，不怕撕逼。
2016-2017年年西南财经大学自主招生笔试题目的类型？, 其实我觉得主要是了解数学题的而已   面试还有其他语文的这种根本对我个人来说是没法准备 
中南财经政法大学和西南财经大学比较？,没读过中南财经政法大学，所以没法做具体比较，但西南财经大学而言，我个人认为还是非常不错的。 另外，亲，能不能问一些具体的问题，像这样的问题，真不知道你自己是否考虑清楚了，压根不知道你想问的是什么。
西南财经大学与中南财经政法大学会计专业哪个较好？,本科的话，如果是读研而不是就业，这两所大学差不多  会计中南财更好（西财强的是金融） cpa是集中在中南财阅卷
西南财经大学在上海的口碑和名气怎么样？,       作为一个在上海的西财人，来回答下这个问题，以下纯属自己个人感受。        第一天来上海某高校上学时，同学问西财在哪？重庆？云南？西安？说前两个的还情有可原，但是说西安的童鞋估计是地理没学好了（扯远了）。不过的确也从侧面说明理工科学校里的学生对纯财经类院校大多不了解。尽管西财的分数线基本是川内第一，大家其实不care，综合性大学肯定在声誉上更加有优势。       接下来说说自己找实习时候的一些经历。去面试某保险资管实习生时，从HR到老板，大家还是认可西财的，后来进去了也发现有好多学长学姐在那里工作。后来去一家国有投资咨询公司实习，面试时老板还问你们原来校长是不是刘诗白，当时对此还是挺惊讶的。后来去各种券商面行业研究也基本没有对西财的本科背景有特别异议。（当然，有些券商指明了要求本硕均为985也是没办法）。      最后说一点，尽管西财在上海的势力不像上财在上海那么强大，但是在上海的西财人还是很团结有爱的。如果想在上海发展的校友大胆过来吧。我们在这工作生活地更好，站稳脚跟，才能进一步扩大母校在上海的影响力！
西南财经大学2017金融学院金融专硕初试科目？,      学校目前官网上的专业目录是2016年9月发布的2017年招生计划目录，上面的信息显示专硕英语考试科目仍为英语二，2018年的招生目录会在2017年9月发布，请同学留意查看 
在西南财经大学电脑义务维修队工作是一种怎样的体验？,队长很gay，各种游戏很好玩。
在西南财经大学做性少数群体是一种怎样的体验？,等我考上西财的研究生，再来回答这个问题。
本科，研究僧都是西南财经大学读，有想了解SWUFE的尽可询问我？,您好，想问一下西财的会计专业就业情况怎么样，本人本科是西南石油的，想跨考西财的会计专业
西南财经大学英语专业辅修金融考研和出国交流机会大吗？,同学。你如果想出国交流，得看你想去什么地方，预算如何，以及成绩等硬性条件。  一般情况，去英美澳的费用太高，如果是工薪阶层可能会有经济困难。很多国家大学的研究生录取对本科专业相关度也有一定要求。而且，金融，商科等专业的海龟也非常的多，回国后依然面临很大的就业压力。性价比不是太高。  我觉得你现在有语言工具加金融领域的知识，，学校背景也不错。可以考虑去西班牙留学。原因有以下几点：  1 中国银行 等大型银行，每年需要大量的“小语种+金融领域”的专业人才。你可以百度“中国银行小语种人才培养计划”了解详情。说实话，国内本科及研究生刚进银行的时候收入一般，但是由于懂西班牙语的金融人才非常稀少，因为大部分学西班牙语的都是纯语言人才，没有金融的专业知识，所以导致各大银行重金招聘“西班牙语+金融专业”的人才，不仅起步收入比同行要高3-4倍，上升渠道也比英美澳留学生要广。因为中国的各大银行纷纷在西班牙及广大拉美地区开展业务，如果能力好，懂专业，加上同行中懂西语的人稀少，今后很容易脱颖而出，往区域经理，或者欧美、拉美地区负责人的方向发展。  2 省时间。一般情况下，在国内学习3-4个月的西语，打下基础后，在国外学习9-10个月的西班牙语，就可以达到流畅的沟通能力。西班牙的官方硕士大多都是一年制，也就是总共就两年时间，就可以拿到硕士文凭。  3 费用亲民。西班牙整体消费不高，比德国、法国都要低，平均每年总花销（生活费及学费）在12-15万元左右。  4 跨专业申请的可能性比欧美其他国家高。西班牙的硕士申请，要求本科专业相关度。但不仅仅局限于本科必须是这个专业的。就是说，你如果上过相关课程，有辅修的双学位，或者考过相关的资格证，工作经历等，都可以去申请。而本科西班牙语专业的学生因为没有金融领域的知识，反而难以申请到金融专业，基本上扎堆在新闻、拉美文学、教育学等专业。  综上所述，去西班牙留学能解决“国内不好转到王牌专业”的尴尬，而且投入少，回报大。如果经济条件允许，真的可以考虑去西班牙。我身边很多费西语专业学生去西班牙留学，硕士申请范围比我们纯学语言的，宽广太多了。  如果你真的感兴趣，可以加我微信 kia_2009，我可以针对你的问题详细解答。
西南财经大学在2016年将会排第几？,全国排名30多，财经类第二
请问同为会计专业，是西安交大好还是西南财经大学好呢？哪个学校的毕业生前景好？,不是一个级别的学校，无论从哪个层面，就业也好学术也好。。
17年通过了西南财经大学的自主招生初审，求问面试应该注意些什么？,不请自来哈，这个问题我在其他帖子回答过，人懒就不再写一遍，就直接复制粘贴了，不要嫌弃我。  以下为原文内容   15年财大自招面试前十总分前二十通过的财大自招进入财大的。因为有给人做过自招培训，所以还是有系统研究的。在这里简单分享一下，如果有细节问题的话可以加q群161515688，都有免费的讲解和答疑。  好了，广告打完了，以下正文，皆为原创。   先说说前两年的情况，前两年都是笔试数学➕作文各五十分，数学难度基本上除了最后一道题有点偏难怪之外就是全国一的难度，作文因人而异就不说了。 17年的笔试进行了改革，由原来的数学大题➕作文改为了数学，英语，阅读，财经素养四部分合计一百分的选择题。由于是第一年出题，难度尚不明确，但是前三样大家高考都学了这么多年多少还是有把握的，我今年接触到的家长和考生普遍对财经素养题表示担忧，我们也专门搜集了一些资料和历年西财财经素养大赛的真题看了一下。简单总结一下财经素养题的考试范围就是大海捞针，因为历年的西财财经素养大赛包括微观经济学，宏观经济学，政治经济学，会计，市场营销，工商管理等等的专业知识，虽然专业程度都不深，但是覆盖范围真的广，今年的考试时间还在6月10日，也就是说想学只有9号一天的时间，我觉得就没必要去花时间在这上面了，因为你会发现，这一天下来你学之前是什么水平，学之后还是什么水平，反倒是浪费了考前的黄金时间。考试时候常识范围内的大家都会，专业范围内的大家都不会。当然，如果有人执意去看这个东西我也可以分享一些内容，比如前几年的财经素养题偏重微观经济学，宏观经济学和政治经济学，近两年的偏重于管理学方面的会计学，财务管理，市场营销，工商管理等，我们在群里也会给大家分享，想要的可以加q群161515688了解情况。 接下来说说西财自招无领导小组讨论的情。 往年的面试都是以无领导小组讨论的形式，基本上只会涉及六大无领导小组讨论问题类型中的两类。今年也没什么改变。 在面试过程中最常见的问题也是很难解决的问题就是你的组员都是来自全国各地的，你们的生活习惯和成长经历都有很大的不同，在讨论中你们很容易因为价值观和道德标准的不同产生冲突，使得讨论很难进行下去。 这种时候你往往需要进行选择，选择一个方式去推动讨论进行下去，大多数人在进行选择的时候往往是在说服对方或者接受对方的价值观和道德标准。其实无论是接受还是说服彼此的价值观冲突都是机械的和不自然的，因为谁都不是傻子，在面试中平均每个人的发言时间只有五六分钟，而作为一个面试者，想在五六分钟里去改变其他面试者将近二十年形成的价值观显然并不现实，面试官也能看出来无论是说服和妥协，都是看在 "面试"的面子上的。当然我不是说这种方式不对，因为在讨论进行不下去的时候总是需要一定的改变甚至是牺牲的，在价值观冲突，讨论无法进行时，这样做可以在一定程度上避免面试官给出大幅度的扣分，但是这样的方式只能是尴尬地掩盖你们的缺点，即使可以减少扣分项也不会给面试官带来好感。那么为了避免上述的情况，我在这里提出第三个选项，就是 “规避”，前面我说到在我们面试中我们无可避免的是价值观的不同，所以我们想从根本上解决这个问题的话就需要从根本上避免我们在讨论中引入价值观这一因素。这其实很难，因为我们在进行某件事情的决策时就会不自觉地参照自己的经验和感情，但是通过一定的思维逻辑确实是可以做到的，这也是我们两年来研究的成果。 通过提出一个公认的逻辑，一步一步去确认逻辑的每个步骤，最后可以得出一个公认可行有效的结论，可以在绝大多数情况下避开道德标准和价值观的影响。而且在这种情况下，即使有人执意以感性思维去思考讨论题目的话，面试官也可以看出来那位面试者不适合此次讨论，也不会影响你的最终成绩。而且对你来说，这样处理冲突就要比选择妥协或说服更加合理和有效，很容易成为你的加分项甚至是个人亮点。就像体现尖子生的不是简单题的满分而是高难题的高分，在面试中处理好团队危机绝对可以使你在面试官心中树立一个良好的形象，得到面试高分。 当然了，具体的逻辑构建和每一步的具体内容都是我们培训中的内容。 此外还有一些其他的礼仪沟通技巧和表达逻辑等等也都是值得注意的，这个也是我们的培训内容，现在中午了，我要去吃饭了。如果有什么其他问题可以加我们的群 161515688 ，在群里进行提问，我有时间都会一一解答。还有今年新增的财经素养题我也会免费分享给大家。
请问在西南财经大学的留学预备学院就读是种怎样的体验？,谢邀，没读过哇…… 只读过本科的我，实在帮不了你，抱歉
在上海外国语大学和西南财经学金融的比较？,从学校级别看，西南财经大学是国家“211工程”重点大学、国家“985工程”优势学科创新平台建设高校、教育部直属高校，有深厚的金融行业背景、独特的金融学科优势、出色的金融行业影响力。从学科建设上来看，上外金融和西财金融都不在一个水平上……西财金融学在金融学排名中可以做到前5，这意味着两者的教学水平和师资力量的不同；现有专任教师1380余人，有教授250余人、副教授490余人，博士生导师260余人。特聘海外院长9人、国家“万人计划”领军人才2人、国家“千人计划”5人、教育部“长江学者”10人、“百千万人才工程”国家级人选5人、国家杰出青年科学基金资助2人、国家教学名师1人、教育部“新世纪优秀人才支持计划”31人、受政府特殊津贴专家17人、全职海归博士210余名。 从学校国际化程度上看，荷兰蒂尔堡大学全球经济学研究机构排名（The Tilburg University Top 100 WorldwideEconomics Schools Research Ranking）发布的最新排名中，西南财经大学15年经济金融学科英文论文发表排名有了大幅上升，以21篇经济金融学科英文论文发表数跻身亚洲13位，全球107位，在中国大陆上榜高校中位居第六位。荷兰蒂尔堡大学“全球经济学研究机构排名”首发于2010年，被认为是目前较为全面、系统评价世界各大学经济学研究质量的排名体系，其数据来源为ISI Web of Knowledge，涉及经济学、计量经济学和金融学等领域的70本主要国际著名经济学期刊，默认排名选取的是其中的35本重要权威期刊。这一排名对于提高各高校经济学科研究质量和水平、促进高校间的良性竞争和发展，具有非常重要的参考价值。除了这些，学校还为学生提供了丰富的留学交换项目，学校目前已与全球30个国家和地区的130所高校建立了182个学生出国交流项目，包括双学位项目、硕士学位项目、交换项目、短期游学等多种类型。公派出国留学项目数量和学生人数在西部地区名列前茅。学校设立“学生出国（境）交流奖学金”，资助、鼓励我校学生参加学校的各种出国（境）项目，每年资助总额200万元。    从学生生活条件来看，本科学生寝室为4人间，带独立卫生间，有热水淋浴、空调等，全校WiFi覆盖，食堂物美价廉，不仅仅只有川菜，学校提供全国各地风味，设有清真餐厅，学校图书馆享有“最美自习室”的美誉  从就业情况来看，看到有评论西财非常不负责的言论，这种言论都有人点赞真的是无法理解！在这里特意反驳！用数据说话！2015年毕业生总体就业率为 96.46%。本科毕业生就业率为 95.04%； 毕业生总体流向分为签约就业、出国（境） 、 国内升学、自主创业、自由职业、基层项目、不就业拟升学、暂不就业及有就业意向未就业等共9种类型。本科生中签约就业人数占51.36％，出国（境）及国内升学占39.32%；研究生中签约就业人数占96.24%；博士生中签约就业人数占98.26%。  　在签约就业的毕业生中，本科生在西南地区就业比例为 45. 53%，硕士生在西南地区就业比例55. 13%，博士生在西南地区就业比例为 65.09%     所以说，前年的回答，不仅是不负责任！而且严重偏离事实，配合学生生源地数据，其实可以发现，来自华南和华东的学生，基本都可以回到华南华东，不存在只能在西南就业的情况！能说出这种鼠目寸光制造的，根本就不是我校学生！ 从毕业深造情况来看，2015届毕业生中，本科生国内升学814人。其中，考取211工程学校（不含985）的毕业生497人， 占比61.06%，考取985院校的毕业生277人， 占比34.03%。985工程学校中，比例最高的是北京大学，达21.66%。 出国（境）方面， 22.44%的本科毕业生考取了全球排名前 50 学校，15. 64%的本科毕业生考取了全球排名前 51-100 学校。 本科毕业生签约世界500强企业的共计611人， 占签约就业本科毕业生29. 35%。 签约中国建设银行的本科生比例最高，占签约世界500强企业本科毕业生的18.66%，其他比例较高的热门企业为中国农业银行、中国工商银行、招商银行等。   综上所述，如果目标为金融学、会计学等经济类专业，西财无疑是最好的选择，但术业有专攻，如果是英语、翻译的专业，上外绝对要比西财好很多！
西南财经大学温江校区（柳城校区）的辅导员怎么样？,辅导员很累的… 可以住校 跟本科生一个宿舍楼 也可以不住 需要熬夜加班的 不清闲…研究生毕业…也要看学校的………不是想进就能进…报名的很多…录取比例小
西南财经大学。？,题主考上没
西南大学财经大学在职农业硕士怎么样？,你来了，她不会让你后悔
关于西南财经大学合作办学怎么样？,1.1年下来感觉这个项目还行。  2.分数每年排名也在往上走。 3.招生也只在北上广川渝这五个地区。 4.至少可以在纽约呆一年，并且提供1年内的签证缓冲期。（意思是大四毕业后 你还有一年的时间找工作） 5.挺适合分数没那么高（复旦 上财这种水平），但又想选财经类会计这种主流专业的同学。  西南巴鲁项目 高考问答（16届 成都人 GPA：3.8/4.0） 1.会计专业适不适合我？ 建议你去知乎看看，上面有很多从业者的经验。（这个项目，只有能力够，上国际四大会计事务所不存在多大问题） 2.相比西财其他专业，中外合办会不会水？ 不会，毕竟学费那么多。至少我们项目的老师选的是西财优秀的老师。 3.这个项目性价比高吗？ 如果你的分能上中外合办而不能上西财会计类（非中外合办），且有一定经济基础。 高，相当于花钱买分（几十万相对于高考加分30，16年理科成都情况），同时享受优质的教育。 如果你的分能上西财会计类（非中外合办）。 我建议你考虑下，毕竟四年下来50w也可以做很多事了，况且西财内部也有一些国际交换项目。你暑假也可以去申请许多交换的项目。  去年理科最低分数线619 西财其他专业调档线是626 按前两年的趋势 这个专业的省排名在往上走 给你参考下 我就不匿名了 我16级的 有问题可以私信我         推荐链接：  http://  mp.weixin.qq.com/s/e-bf  F86IYstvPe7Lb33aXA       推荐公众号：西财巴鲁人
西南财经大学天府学院怎么样(学生毕业前景方面)？,本科生，我发现除了985的（在没背景的前提下），其他的都差不多，不就是跑腿当办事员吗？要不就是销售。  西天或者其他普通本科大学毕业生（无家庭背景）出路有三个，第一是考公务员事业编制。第二是考研再考公务员事业编制。第三是考证（cpa，建造师等等）好好熬升级。  本科生毕业找的工作，哎，惨不忍睹。让你怀疑人生。  我说的是没有家庭背景的学生。  我也不是歧视女性，找个好丈夫比好工作重要。
香港留学求定位 本科西南211 财经大学精算专业，目前工作4 年，绩点3.56/5？,香港各大高校研究生课程申请已经陆续开始了，你可以关注一下，对比对比。申请排名靠前的并不困难，你一方面可以通过官方渠道申请，同时也可以联系一下相关领域的导师，可能性还是很大的。英语成绩是硬性要求，雅思一般都要6.5以上。
考西南财经大学的金融研究生有多难？背景理工科，普通一本院校，大一，平时不玩游戏，就看一些人文类的书？,首先是有多难，数据是最直观的，以2014年金融学院金融学硕为例，2014年的考录比为1192:142，这其中包括了推免生，2014年的推免比例为30％，也就是说，录取的这142人中有30%是保送进来的，实际统考考录比为1149:99，统考录取率为8.6%，然而不幸的是，这是公布出来的2014年的数据，2015年的推免率达到了50％，用原有数据计算的话，统考录取率只有6.3％，2015年的具体数据要在2015年9月公布。 面对这么激烈的竞争，除了靠聪明的脑子，就得靠勤奋，目前来讲，大二下学期开始动手，时间还是比较充裕，但是这是在保证学习效率和坚持住的前提下。那大二下之前的这段时间干什么呢，主要是为考研腾时间，比如四六级，计算机二级这些大学必过的证书，尤其是四级，有六级更好，计算机二级看个人时间，这个二级证书要是今后在金融领悟工作的话，还是需要的。 你来了以后就会发现，其实，考上的人中，名校的真没几个，因为名校的学生想读书的大多都保研，不想读书的都能找到相对不错的工作，所以，在这里你能看到的，很正能量，有一半都是来自所谓的二本三本渣校，更有学机械的，计算机的三跨逆袭，考研这个事，不问出身只看成绩，希望能有机会一起做校友
中央民族大学比华北电力、华中科大、华中师大、西南财经等院校差吗？ ?,今年湖北考生，高一本线89分，妈妈让我考虑能不能冲中央民大，心里那个苦啊 
评价上海财经大学，中央财经大学，对外经贸大学，西南财经大学，中南财经政法大学间的优劣？,再度更新，供各位参考。  首先，对于这个好，我暂且理解为就业以及学校名气之类的。  结论是: 上财第一。 央财西财第二。 对外中南第三。  财经类院校有其自身的特点，与所在地经济发展程度尤其密切。   上财第一。 原因 一是地理位置优势明显，学生实习机会多，上海陆家嘴为上财提供了大量的实习岗位，虽然上海还有复旦，上交的安泰和高金但是安泰高金比较人数有限。 二是学校有钱。各位可以去虹口看看上财的虹口校区，厕所里面都有空调。。不得不感叹真有钱。 三是学校思想开放，高举市场经济伟大旗帜，政治经济学基本上被上海放弃了。上财计量搞得很厉害，考研来说经济学院要求考数一，复试有计量经济学这个科目。  二是央财西财。 央财: 一是地理位置显著，加上头顶中央之名，生源不断提高。 二是北京金融发展迅速，带动了央财的就业。考虑到学生实习的客观问题，央财确实比较好。  但是同时央财又受到了清北人的压制，各大大学榜单央财多数位于上财之后。  西财 西财 一是就业主要是西南和深圳一带，深交所据说就是西财的校友带起来的。西财生源整体不如央财上财。 二是有期货学院代表了西财正在转型，中金研也代表一个方向。 三是地区经济落后影响了学校发展。 成都的金融业太落后，和北上广无论从体量上还是质量上没法比较。 更何况成都没有深交所创业板新三版的交易所支持。 但是校友资源丰富。  第三档。对外中南。 对外归于第三档不是说它不好，是因为其就业方面来说，有点没法和前面比较，语言加财经是其特色，但是单纯论财经实力不考虑语言因素和以上还是要差距，不过对外的这条语言加财经倒是特色十足。 中南 中南归于第三档考虑到其历史底蕴不够，武汉这个地方也自然和北京上海没法比，之所以第三档不是第二档，主要考虑的是校友因素。     总而言之。上财是龙头。 另外四所的差距都是可以通过个人努力就弥补了。
西南财经大学转专业的难度大么？,已毕业两年老人答一下，在西财，除了金融会计专业的学生，很少有同学不喊着转专业的。有转专业成功的也有失败的。 第一次转专业机会应该是刚入学时的经管班考试，听说内容偏向gmat。我们当时难度应该没有现在大，毕竟当时经管班没有毕业生，社会认可度不能把握，所以考的人并不多。我的一位绝对学霸室友也没有考上，个人认为不是太难，而是这种转专业已经有意识的照顾边缘专业学生。  第二次就是全校范围的大一结束转专业了。建议有意向的同学，研究好相关学院转专业要求，大一有意识提高绩点。问题在于，大一学校里有太多花花绿绿活动，而刚进大学大多充满新鲜感，不被这些活动打扰的同学太少了。所以，个人认为，转专业同学可以在面试的时候问好，会不会占用大量时间等。  而这一次，学校也为同学们提供大量机会，除了大多数专业有4-5个名额外，学校开设了好几个光华实验班。光华实验班多学霸，课程也较多。能抢占4-5个名额转入普通专业的也很厉害。  要不要入校再转专业，首先对自己要有个判断，能不能在高数英语这种能够拉开分数的学科上考出高分，愿不愿意在大一放弃各种活动的机会待在自习室里自习。当周围的人都在学生会社团忙碌时，是否能够塌下心来学习。其实，回过头看，那些当年努力奋斗过的学生会社团对你的帮助也确实不大，不如实习更有用。但是，大一的自己不一定能想通这个道理
在西南财经大学起点话剧团是怎样一种体验？,大一的时候，那时候起点还是“话剧社”，编导橘聚餐，陶姐姐拿着一个黄腐双修的徽章语重心长地对我们说，这是我对你们的期望。  在D5的日子是最美好的回忆。  说不上爱起点哪里，也许是排练期间凌晨东门的夜宵，也许是各种无下限重口味笑话，也许是每年大戏上演时从全国各地奔回来赴约的前辈们，也许是每个人手里厚厚的剧本上各自密密麻麻的批注和笔记，也许是散场的灯光下相对鞠躬的两排人口里不断的“谢谢”和“不用谢”。  也许是站在灯控室，远远看着尾幕的音乐中，自己心爱的演员因入戏而止不住地边说台词边抽泣。  起点是我的青春，是我的大学，是我在西财唯一的“家”。  是我们的起点，它没有终点。
西南财经大学本科教育存在哪些问题？,谢邀，以及这些问题是我当年的感受，也许现在差异很大，也可能是我选课的原因导致，总之我写出来我的想法，欢迎大家探讨。另外看起来有些装逼，大家谅解一下。  首先我对通识教育的效果是存疑的，就我所知通识教育本身的意义是liberal study，在于帮助不同人群交换价值观和降低概念的沟通成本，但是就我所见，通识课程的设置并不能达到这个目的，也更多只是局限于人文社科的内容，无论出于什么原因，在我看来这些课程是把基础教育和通识教育混淆在一起，教育的过程、目标和效果都不清晰。  第二个问题在于我们始终没有系统讲解过学科体系，学科导论这个课程的重要度被淡化了，这非常不应该。举个例子，我问过一些同学，经济学最基础的五个分析工具是什么，目前没人回答对过，也许样本小了一些，但是至少说明没有人总结过这个概念。这就导致一些基础的问题反而大家说不清楚，我经常在微博和朋友圈看到有大四的人抱怨经济学模型和现实离得太远完全没有用，这是一种非常奇怪的想法，就好像要用牛顿三大定律直接发射宇宙飞船一样。  第三个问题在于和研究前沿的脱节，我本科的时候老师并不强调对文献的阅读，大部分人也没什么自觉性去阅读，当然我不是说读教材不好，但是我觉得每个学期的ppt展示与其让学生去没头没脑地讲一些大到握不住的话题，倒不如让学生讲一篇JF或者AER上的论文，会比现在讲的那些东西有意义的多。不过也许这个和本科教育目标有关，这个看法有点矫枉过正了。  暂时想到这些，有新的再补充。 ================================================================== 10月24日修改和补充  第四个问题在于一些老师的教学问题，或许和社科类的氛围有关，一些老师上课的内容居然以个人生活的牢骚为主打，抱怨一节课还不够，有些抱怨一个学期，内容包括自己评职称生孩子写论文，我不知道这些跟教学有什么关系，更有甚者擅长“攻击性”教育法，用一个学期的时间给大家讲西财多烂社会有多糟而自己多牛，前后逻辑狗屁，课程体系崩坏，敢问这是一个正常教育者的行为？讲课水平有高低可以理解和接受，上课发这种神经就纯属毒害别人生命了。不点名了，我估计有人猜得出我说的是谁。  第五个问题我觉得是西南活动大学。不知道现在本科生参加课余活动是不是还要纳入评优的加分项目，如果依然是的话我觉得这是个非常没道理的安排，讲道理，最坏情况讲，学生为了加分而参加活动的收获不大可能比他在寝室宅一个学期更好，更何况这些活动究竟是为了学生还是为了组织我表示存疑。微博私信里有人给我抱怨过大三了还被学院抓去走运动会方阵，说实话在这种纯形而上的活动上倾注这么大的精力，表明行政的激励机制是扭曲的，更扭曲的是我知道很多学生干部需要在大型活动前需要逃课去完成各项准备事宜，而且这种行为会得到一些老师的鼓励，敢问这是什么导向？  第六个问题是如何留住本科生的问题，这个倒不是针对去外校读研的同学，毕竟有能力有机会去更好的平台是一件蛮好的事情，但是一个学校如果把本科教育阶段作为自己未来的科研选拔阶段的话，理应用更好的措施和待遇欢迎自己本校的学生继续在本校攻读，或许这又牵涉到研究生教育的问题，感觉写着写着要偏题。现在倒是有了一系列本硕和本硕博贯通的措施来解决这个问题，不过我倒是见过有学院贴出来今年本院去了几个C9的研究生录取喜报，我总觉得这个不太合适，或许我太狭隘吧。  又写到这里，空了再继续写。
西南财经大学天府学院老年服务与管理专业就业是学校安排还是自己找？, 西财天府的每年在大三和大四的时候就会举行好几场大型的招聘会  同学们可以自由的去投简历 
我有一同学，想跨考西南财经大学，求帮助?,如果说是因为数学挂科，而对某一门科学失去兴趣，那请题主转告你的同学，所有的应用经济学和大多数理论经济学都不适合他，适合他的，我能想的起来的，就是我们学校的马克思学院和经贸外语学院。 和本科期间的经济学学习不同，本科偏重理论学习，研究生阶段，偏重理论应用，其中，概率论、统计学、计量经济学、数学建模、数学分析、线性代数都有涉及，尤以计量经济学、数学建模为主，应用方面，主要以数据处理为主，使用的应用软件有EXCAL、STATA、SPSS，这些东西都涉及数学，按题主所说，他并不适合。 从考试的角度来说，经济学十有八九都考数学三，而且就西财来说，竞争比较厉害，数学要求都比较高，所以，如果说数学碰壁打算绕过去的话，真的不适合。
中南财经政法大学的会计学院和西南财经大学的金融或金融双语怎样选择？,可能回答晚了，你已经填好志愿了。在金融方面，西南财大应该比中南财经政法大学高一个档次。
如何看待西南财经大学在2017高考录取中录取线大面积下滑？,行业211除了上财 其它都多多少少有下滑 个人觉得西财=电大》川大
西南财经大学学生保研跨专业的问题?,匿名答一个 这些同学我算是知道认识吧，那些专业并不是完全和金融无关，比如说金融智能和能源金融。相对金融硕士竞争肯定小些，而且还是北大嘛。这是个人选择我觉得谈不上趋势吧。
准备考研，备选学校四川大学和西南财经大学。？,谢邀。。。川大的财会专业应该还是不如西财吧。。。川大的同学请不要打我… 川大的专业来说还是理工科更占强一些…而且从收分来说的话你就看的出来啊 西财的财会专业的收分明显高于川大 所以还是要出了分以后再根据分数来说话 另外呐…如果考虑出国什么的的话其实西财还是有很多不错的项目的…我不知道川大情况所以这个就不讨论川大啦… 不过如果是妹子的话…你还要考虑一下能不能接受我财男女比例3:7的现实问题…哈哈哈也就是说你可能在本校找不到男朋友…不过说实话其实我财很大程度上是女生也看不上男生男生也看不上女生…好奇怪的现象嗯… 川大校区要大很多 我财相比起来要小很多呐 不过或许是件好事呢哈哈哈至少你上课不会跑很远 宿舍跟教室也还蛮近 不过就专业能力师资这些而言的话…我觉得还是我财要好一些吧…毕竟更专业一点…哈哈哈哈如有不同看法请不要喷我毕竟我只在西财读书不是太了解川大哈哈哈
在西南财经大学天府学院就读是怎样的体验？,首先是莫名其妙的双语教学 1.大家的英语水平参差不齐。 实话是，我上课遇到的大部分人的水平，还没有我在新东方当助教时遇到的高一学生的英语水平高。 2.大家都没接触过的新知识，直接一开专业课就是双语，本来大部分人英语水平就不是很好，专业知识中有大量的专有名词，大家都是懵逼的。另外，大部分专业在大一是没有专业课的。会计从业资格证的考取都是同学们自己买书自学自己报名参加考试的。 3.可能也不是学校的问题吧，自己明明不努力还怪学校不好。 —————————— 其次，一个大一下来，我是真心没学到什么东西啊。但这可能也是我自己不努力的原因吧。 —————————— 最后，提醒一下2次元和2.5次元或者想要学习日语的童鞋。学校外面有一个号称是成都翻译协会的日语培训机构到学校招生。主要就是在大家上课的课间来教室#@…'~？。—…嗯，之类的吧。我能说的就是:别去，别去，别去。以一个过来人的身份告诉你们，至少在私眼中，都是些垃圾。 —————————— 总结下:        私为什么会觉得这个学校不好呢？因为私自己不努力。        私为什么在这学校学不到东西呢？因为私自己不努力。        私为什么在这学校感到各种力不从心，而且和身边的人格格不入呢？为什么大家都能快快乐乐地去上每节课，而私却完全茫然不知道自己究竟在学个什么鬼专业呢？因为私自己不努力。      总之，一切原因都是私自己不努力，与学校没有半毛钱关系。学校开的课很专业，学校请的老师很666，学校的各项工作很到位【パッチパッチパッチ】   最后，学校的占地面积，学校的硬件各种…哎，心累。还有，学校宿舍只要没有空调都是在耍流氓!!! ——12月20号更 新生宿舍都安了空调，大二大三的宿舍基本还是没安。空调只能制冷不能制热。  就要离开这个学校了，有点小激动。 讲真没有一点不舍。  ——12月27号更 写的难免偏激，喜欢这所学校的同学不必太过较真。 因一场高考，迁客骚人，多会于此，览物之情，得无异乎？  或许以后会很怀念，八角村那5元一份的米粉，真的很好吃。
西南财经大学金融学考研，专业课如何复习？,我如此认真的回答，真诚的帮助大家，换来的是楼主对匿名知友的肯定，这严重伤害了我对！我就这么小心眼儿！我财学生吐槽母校那是爱，外人一句不好都说不得！更何况是毫无根据的留言和诋毁！既然题主如此肯定匿名建议，那么我对题主的建议是，去外贸吧，千万别来西财！外贸不压分没推免！最适合了呢，加油
为什么有西南财经大学，中南财经大学，东北财经大学，没有华南财经大学？,因为中南=华中+华南。 建国后华中和华南地区的行政区划历来有两种，一种是划为统一的中南大区，第二种是分开划为华中，华南。后者从经济和历史上来说更科学，而前者主要是当初中南局的影响。 中南大学不算在内（事实上几个直接以大区名字命名的大学，都和大区局没啥联系，基本都是老牌强校或者教育部亲自筹办），以中南开头的能想到的貌似也只有中南财两个前身：中南财经大学和中南政法大学了。中南政法大学比较好说，当初按照大区设置过一级法检机构，中南区统一设计规划理所当然；中南财经我猜测一下，中南局作为一级党政，也需财政供养，应该是有配套的经费和人员进行支持，为方便培养相关干部，统一设立中南财经大学也在情理之中。大家可以发现，并不存在华中/华南财经/政法大学。 而其他类似于师范、理工分开设置的原因我想是因为，无论教育部还是当时工业条线的部委，相对不太敏感，和作为党内斗争前线的大区级党政较少发生联系，就按照更加适应经济、文化和历史情况的华中、华南二分法进行下属院校的设置了。
求学长学姐分享西南财经大学转国际经济与贸易双语实验班的面试经验?,头一次听说。。。转专业还有想转我国贸的。。题主能不能争点气，去光华班啊
西南财经大学和中南财经政法金融专硕？,明显西南财经，中南财就业真的没有一点优势，发展缓慢，而且中南优势在会计不在金融。
有没有人上西南财经大学的国防生，感觉咋样？待遇呢？出来一般都被分配到哪？现在是按分数和体能素质选地方?,这么多国防生的问答。 这么多前辈的血泪史。 为什么还要往坑里跳？
我是西南财经大学的学生，以后想做一名大学老师，我需要准备些什么或者要多高的学历呢?,進團委留校當輔導員。
西南地区211财经大学，财务管理专业，稀里糊涂拿到了四大行的offer，是否该签？,楼上是正解，先签再说。研究生毕业也有大批进银行的，在银行工作也有想辞职考研的，这个主要看个人意愿。
西南财经大学财双班到底有什么优势？,双语教学，对于出国党、考ACCA、英美加澳等国注会还是有帮助的。 另外你现在的规划只是很粗略的，谁敢保证你将来的职业发展中不需要借助外语优势？而且可能性还是挺大的，尤其是进入外资背景的企业。 大部分行业，外语学好了绝对是加分项，书到用时方恨少。  如果实在觉得没必要应该可以转普通会计班吧。
我高考503分不知是值得去西南财经大学天府学院，还是去复读。谢谢？,复读吧
江南大学和西南财经大学比怎样呢？,江大只是211，不是985。我们所说的985是指985工程，而江大只是985平台（说明有学科特别厉害)是不一样的。
西南财经大学在安徽江苏一带的影响力怎么样？,请问西财在哪个城市？
如何评价西南财经大学保险学院？,保险学院还是不错的。毕业生在保险公司做内勤很有竞争力，属于为数不多的科班出身，很多老总是校友，校友资源很多，对自己发展好。 不喜欢保险公司的也很容易去银行、证券，内外其他金融行业也有很多校友。 性价比高，比金融分低一点，就业质量和金融专业差不多。
西南财经大学有哪些奇人?, 再有几个小时就是2016了，那在2015年的最后，我跟你们讲个梁乙己的故事吧。 ======================================================================   你财食堂的格局，是和别处不同的：都是内含一个镇纸形的大柜台，柜里面预备着凉菜，可以随时剁手。自习的人，傍午傍晚散了课，常常刷五元铜钱，买一搓酱牛肉，——这是四年前的事，现在每搓要涨到八元，——点牛肉的人，眼里总有种不吃兔兔的自豪感；倘肯多花个两三块，便可以再来份豆干，或者海带，聊当蔬菜，如果刷个十几块，那就能买杯可乐再加个热菜，但这些顾客，多是要毕业的准银行狗，知道将来不够阔绰，所以早早地存点铜钱备用。只有刚进校的新生，才踱进一粟二楼，肥肠排骨，可乐浦蛋，慢慢地坐吮。   你财鄙视链和其他学校也不同，大抵是本科看不上硕士，本校本硕看不上外本硕士，硕士看不上博士，虽然大多数本科狗做梦都想着再读一个985洗白；鄙视链的最下级倒是一致对外，便是看不起不做金融的。   我从十八岁起，便在植物园的三味堂里当伙计，后勤老总说，样子太丑，怕侍候不了三味二楼的新生，就在凉菜间做点事吧。打凉菜的金融毕业狗，虽然容易说话，但唠唠叨叨缠夹不清的也很不少。他们往往要亲眼看着牛肉从盆子里拿出，还要问问牛肉是不是隔夜的，恨不得给牛肉算个久期，又大声吼着“少点少点”，然后放心：在这严重监督下，我总是心软少夹牛肉。所以过了几天，后勤老总又说我凉菜的portfolio赚不了正的α，干不了这事。幸亏猎头的情面大，辞退不得，便改为专管倒泔水这一种无聊职务了。   我从此便整天的站在泔水桶旁，专管我的职务。虽然没有什么失职，但总觉得有些单调，有些无聊。后勤老总是一副凶脸孔，主顾也没有好脸色，教人活泼不得；只有梁乙己到食堂，才可以笑几声，所以至今还记得。   梁乙己是读着金融却想做新闻唯一的人。他身材矮胖；黝黑脸色，皱纹间时常夹些熬夜码字留下的青春痘；一部乱蓬蓬的胡渣。读的虽然是金融，可是学得又渣又撇，似乎四年来GPA都没有3.5，也不知道期末勾兑。他对人说话，总是满嘴新闻理想，教人半懂不懂的。因为他姓梁，别人便从微博上的“真正五毛都是自干五”这半懂不懂的话里，替他取下一个绰号，叫作梁乙己。   梁乙己一到店，所有凉菜间的人便都看着他笑，有的叫道，“梁乙己，你报社实习的稿子怎么样了！”他不回答，对柜里说，“细切两块牛肉，要一碟豆干。”便排出一张贴了美少女战士的校园卡。他们又故意的高声嚷道，“一定又被公关，稿子写不下去了吧！”梁乙己睁无辜的大眼睛说，“你怎么这样凭空污人清白……”“什么清白？我前天亲眼见你装抖M色诱XX公司的会计，想套XX的假账，结果被吊着打。”梁乙己便涨红了脸，额上的青筋条条绽出，争辩道，“引诱不叫色诱……引诱！……记者干活，能讲这么难听么？”接连便是难懂的话，什么“新闻伦理中过程与结果孰重”，什么“牺牲自己也要为时代扒粪”之类，引得众人都哄笑起来：三味堂内外充满了快活的空气。   听别人私下议论，梁乙己进大学前本来是个心气甚高的人，一心想为财经新闻界搞个大新闻出来。结果不巧，进学校新闻读得好好的，偏为了所谓财经新闻理想转到实验班去。“XX实验班，那是人呆的地方么，都是学霸。”梁乙己被虐得放弃了保研的念头，专注去做新闻去了。然后，报社也实习了，头版了也发了，大新闻也写了，梁乙己却发现理想和现实还是差了太多。最重要的是，他后来找了个女朋友，女朋友喜欢香水，今天英国梨明天小苍兰，虽然钱不多，但也不是一个穷逼记者供得起的。可是在人前，他还要装作一副为新闻理想战斗到死的样子。毕竟，为了现实而妥协实在是件很丢人的事情。   梁乙己半块牛肉下肚，脸上被辣得酱红。旁人便又问道，“梁乙己，你当真读过金融、大一还是学霸？”梁乙己看着问他的人，显出不屑置辩的神气。他们便接着说道，“你怎的连半个研也保不到呢？”梁乙己立刻显出颓唐不安模样，脸上笼上了一层灰色，嘴里说些话；这回可是全是CAPM，APT之类，一些不懂了。在这时候，众人也都哄笑起来：堂内外充满了快活的空气。   在这些时候，我可以附和着笑，后勤老总是决不责备的。而且老总见了梁乙己，也每每这样问他，引人发笑。梁乙己自己知道不能和他们谈天，便只好向工作人员说话。有一回对我说道，“你读过金融么？”我略略点一点头。他说，“读过金融，……我便考你一考。资本预算决策有几种判别方法？”我想，讨饭一样的人，也配考我么？便回过脸去，不再理会。   梁乙己等了许久，很恳切的说道，“不知道罢？……我教给你，记着！这些字应该记着。将来去券商实习的时候，写报告要用。”我暗想我的理想才不是卖方呢，而且券商现在都是EXCEL一键傻瓜操作；又好笑，又不耐烦，懒懒的答他道，“谁要你教，一般用IRR不就行了么”   梁乙己显出极高兴的样子，将两只粗壮的胳膊敲打着桌子，点头说，“对呀对呀！……其实一共有六种方法，你知道么？”我愈不耐烦了，努着嘴走远。梁乙己刚想开口，见我毫不热心，便又叹一口气，显出极惋惜的样子。   梁乙己是这样的使人快活，可是没有他，别人也便这么过。   有一天，大约是中秋前的两三天，老总正在慢慢的结账，离开屏幕，忽然说，“梁乙己长久没有来了。”我才也觉得他的确长久没有来了。一个吃牛肉的人说道，“他怎么会来？……他跑上海实习了。”老总说，“哦！”“他总是自视清高。这一回，不知撞了什么狗屎运，跑券商总部实习去了。他家的实习，本科狗做得了么？”“后来怎么样？”“怎么样？我在地铁里看到他，他和别人在谈‘今天经手的量好小，大概就3个亿吧’，可是经手这么多钱的人，挤什么地铁呢？”“大概是做债吧，后来呢？”“后来？……谁晓得？许是签offer了，或者考研或者出国，谁知道。”老总也不再问，仍然慢慢的算他的账。   中秋之后，秋风是一天凉比一天，看看将近初冬；食堂没暖气，得穿厚厚的棉袄。一天的下半天，没有一个顾客，我正合了眼坐着。忽然间听得一个声音，“切一块牛肉。”这声音虽然极低，却很耳熟。看时又全没有人。站起来向外一望，那梁乙己便在三味门口站着。他脸上胡渣成堆，已经不成样子；穿一件破KAPPA，双目无神，失魂落魄。见了我，又说道，“切一块牛肉。”老总仍然同平常一样，笑着对他说，“梁乙己，新闻理想又作死了？”但他这回却不十分分辩，单说了一句“不要取笑！”“取笑？要是不作，怎么会这种吊样？”梁乙己低声说道，“扒粪，扒，扒……”他的眼色，很像恳求老总，不要再提。此时已经聚集了几个散课的学生，便和掌柜都笑了。我切了牛肉，端出去，放在盘子里。他从破衣袋里摸出校园卡，上面的美少女战士已经换成了麻生希，颤颤巍巍的在机器上刷了下，见他满手是茧，应该这阵子都靠自己解决。不一会，他吃完牛肉，便又在旁人的说笑声中，颤颤巍巍地走出去了。   自此以后，又长久没有看见梁乙己。   有一天，在锦城艺术宫，我陪女朋友在看《一个人的莎士比亚》的独角戏，当约瑟夫-格雷夫斯结尾在舞台上说：“To be… or …not to be， that’s… a… question.”的时候，观众席上突然有个傻逼放声大哭。  听声音，好像梁乙己。   ======================================================================   你可能会通过邹勇最后一节课的内容猜出商务英语期末90%的题，但你永远无法读懂一头狼的心。——周小糯《我在经世楼当狼的岁月》    月圆之夜。 很多奇怪的生物都选择每天在这个时候苏醒，譬如学霸，譬如五毛。 再譬如，狼。 周小糯就是狼，然而这个学校里没有几个人知道他是狼。因为知道他是狼的人，除了我，都保研了。 现在狼饿了，他需要觅食。 所以，狼中止了他硕大iMac屏幕上的日语听力，打开了同花顺。 狼从来不用wind。 因为他买不起。  “卧槽，豆粕跌破了中枢。” 狼突然发出了嚎叫，他的眼里放着精光，像是看到了这个世界上最肥美的羊。 狼肥硕的双手在键盘上敲打，争分夺秒。 也是那天起，豆粕开始了一段被后世称作波澜壮阔的行情。  又是一个月圆夜。 成都连续几天出现的太阳，让这波行情显得十分诡异。 iMac里的呻吟停止了，狼的右手开始了挊。 他不是在撸管，他在变身。  而现在iMac，只有一票一狼冷冷对视。 票是好票。 狼是好狼。 狼已经很多天没有上课了，他有不上课的资本。作为一头纯种理科狼，他在年轻时候获得了初中数学竞赛的国一和高中国二。而上个学期，不上课的他考了金数前三。 而突然票动了，狼却没动。 票欺身上前，手挽剑花，身影飘逸，一招仙人指路耍得有模有样，却在下盘出了一个破绽。 狼看到了破绽。 所以狼动了。 这是每一个天驱都记得的名字，大劈之刃。自从青阳昭武帝用过之后就再也没有一个人用过。这一招积蓄了狼所有的力量，因而显得霸道无比，狼纵身跃起，这一刻，阿苏勒和他的好基友灵魂附体。 “卧槽，诱多。”狼低哼一声了。 就在大劈之刃要砍到票的时候，票的剑却先一步刺中了狼。 “这不是一买点”，狼喷了口鲜血，“你居然还没有背驰。” 票没有说话，继续下跌。 “卧槽，老子做股东总可以吧”狼发出了凄厉的嚎叫。  这一战打了整整七七四十九个昼夜，狼最后小胜离场。我问狼为什么不接着搞，他只说了一些我听不懂的名词： “盘整了，没意思”狼黯然地说道，“对了，这个给你”，狼脱下了手里的扳指给我 “从此以后，你就是你财天驱的大宗主了”狼正色到。 “其他的天驱呢？”我问 “不知道，应该还在坑王的坑里吧”  那天起，很多人再也没有在屋子里看到狼。 有人说，狼出国留学了，也有人说，经常在经世楼看到狼，他应该是不屑做出租屋一霸，去经世楼做broker了。 只有我知道，狼确实去了经世楼。 他的同花顺欠费了，在经世楼连iswufe，可以上免费的wind端。  然而狼最终还是金盆洗手了。 这其实没什么，狼爱上了羊，忙着体验东门的酒店了。 可是我还是怀念狼友在的日子，毕竟那个时候，我们脏乱差的小屋里，有大把大把的移动硬盘可以荒废。 写到这里，我知道你可能要向我求种了。 但其实我在讲一个严肃的故事，关于生存和毁灭，关于爱和理想。  我第一次见到狼的时候，狼跟我说，他是要做经世楼之狼的男人。和我当年说，“我要去整个大新闻”的口气一模一样。  其实，每个人的心里，都有一头狼。  ====================================================================== 这是分割线，上面是我的朋友，下面是我的老师。 ======================================================================   在你财，如果你有幸呆过国商院或者外语学院，或者不幸英语模块课选水课被踢，或者悲惨地沦落到某学霸班，那么栾奶奶的名字你肯定不会陌生。如果你没听过她的名字，“财经新闻听力”这几个鎏金大字，也能让你虎躯与菊花齐震。   初识栾奶奶是在拿到财经新闻听力教材的时候，蓝色封皮，人大出版社，和其他老师引以为傲的“西南财大出版社”相比，逼格立高。   栾奶奶是老一辈的大学生，口语比某些海归要好了太多，第一节课不外乎是教一些听力技巧推荐一些网站什么的，可就是这样，第一节课上完后，我们班那些从双语班转进的同学全部退选。   她的课难，上课的大部分时候我们都要听着美国大选来缺词填空，以至于现在我都记得fiscal cliff这种奇怪的词组，这学期上社保老师给我们班讲到obamacare的时候全班会心一笑。   她的课烦，平均每两节课就要来一发quiz，20分的卷子我们班平均分常常在10分左右晃动。   她的课累，期末的时候全班一半人以上都觉得自己要挂了，考前一天我和我基友在通宵自习室听了一夜她平时放的听力。   可奇怪的是，虽然她的课又难又烦又累，“财经新闻听力”确实我们班迄今为止风评最好的课，没有之一。   因为栾奶奶在真心实意地教书，我们是能真真正正地学到东西。当然，期末打分也很良心。   学弟告诉我，上学期，有一节课上她很悲伤地跟他们那个班说，有一个同学在微博上黑她。然而她想让他们知道，并且做个宣传，其实她不是那样的人。   从那时候起，我就打算这么写点东西了。 
在西南财经大学遇到漂亮的女同学是一种怎样的体验？,财大美女实在太多了，直接导致审美直线上升。上班后同事给我看美女，我便委婉地说一般般，还行吧。因为我知道财大妹子的质量不是外面那些妖艳的货能比的！ 先放两张我茜楠学姐和鳗学姐照片镇楼，每多十个赞就放一位财大女神照片！   过5赞了！加一张我大审计美女！ 既然过10赞了，就更一张10酱的照片，她是我在财大见过腿最直最好看的了，LOL也打得很好，想粉的可以看图片水印微博自己关注吧。可是我还没10酱私人联系方式呢，麻烦10看到私我微信。嘻嘻(◍•ᴗ•◍) 居然过20赞了，那就加一张我馨然爸爸的照片吧！  匡睿学姐居然赞了我，那必须要放一张学姐的照片了，像哪位女明星你们自己看吧。PS： 学姐人很nice 三十多个赞就更一张前礼仪队队长陈柳吧。柳大妹子以前的黑长直可是震惊过我的，五官立体，眼眸深邃，有少数民族的韵味在其中。 下面这位胡建学姐曾经在微博上火过一次，好像是和男友合影形成最萌身高差火的，当时她还被人质疑开过眼角，气的我在微博上跟人撕逼，不过妹子的眼睛是真的好看  廖银玥，当时被北影中戏美女微博介绍而火，圆圆的脸蛋，清纯的样貌让人很舒服。 60赞更一张柳婷姐的照片，她叫彭月柳婷，名字是不是很美？名美人更美，人炒鸡好，我上大学认识的第一个美女姐姐  偶然在外玩的时候认识的漂亮学姐，最有缘的事是她和我一个同班同学在一个支行。 终于80赞了，下面是80赞福利。  还是被被北电中戏这个微博号推荐的财大美女。财大16级的妹子，辽宁大连人，有男友。   下面是90赞福利，西财小学妹一枚   —————————————————————下面是100赞福利姓杨名坤号三十二郎，老乡加好友，上大学前就因自主招生相识，现在人在英国读研。 120赞了，没存货啦，先上点谭湘君的照片给你们看，反正她微博简介上写西南财经大学的，也不知道是不是柳林校区读的，反正没见过真人。你们多来点赞，我今年就有动力参加校友会认识更多漂亮小姐姐啦  八月更新，学妹丁祉夷 
目前是一个普通二本学校，学会计专业，想考西南财经大学研究生院，不知道自己能力是否能达到？,泻药，我也是二本考上211的，只要努力，分数高，好好准备都是有可能的。我同学有应届考上中南财大的，西南财大很好，好好复习有希望的。
如何评价西南财经大学图书馆？, 其烂无比。  写毕业论文论文时搜了13本书：  8本没有：鞍钢宪法五十年回顾、后现代状况、毛泽东文集第八卷、What Machines Can't Do: Politics and Technology in the Industrial Enterprise、乘风破浪（草明那本小说）、百炼成钢、文化理论与大众文化导论、系统思维：复杂商业系统的设计之道  2本显示在架无论如何找不到：娱乐至死、系统科学大学讲稿  2本在老校区：剑桥中华人民共和国史、毛泽东的中国及后毛泽东的中国（迈斯纳）  只找到一本《科学管理原理》，这是管理学的开山之作，如果这本也没有，财大可以关门了。   写完论文后，想要找些闲书看看，全部没找到。  《抗争宿命之路》，没有。  好吧，这书有点老。  《50-70年代中国文学经典再解读》，没有；《叩问生命的神性：俄罗斯文学启示录》，没有。  好吧，以上作品狭义来看都是文学著作，作为财经类专科学校，勉强可以理解。   《跟大卫哈维读资本论》，没有；《资本社会的17个矛盾》，没有；《巴黎城记》，也没有。  好吧，可能财大和大卫哈维有仇，不进他的书，那我只好借一些经典著作读读了。   结果：  《政治经济学的国民体系》，没有。这种经济学发展史上极为重要的著作都没有？！搞发展经济学的不用看这本书？  好吧，可能它现在不是主流，读的人不多。那咱换个社科领域的必读作品吧，《15至18世纪的物质文明、经济和资本主义》，一直没有完整地读过，趁此空闲时间好好读一遍。  还是没有。  连这本书都没有你开什么图书馆？   好，问题来了，我们图书馆有什么书？以前回答过类似问题。 如果因为灾难被困在图书馆，应该按照怎样的顺序烧书取暖？ - 知乎   社会学书架上摆满了这种书：《约会指南》《两性风暴》《人脉是可以设计的》《我能看透你》《别让不好意思害了你》……      英语类书架上摆的是这种书：《一句话喷倒老美》《英语大赢家》，但更多的，占80%以上的是七八年前甚至十几年前的四六级、考研英语真题和模拟题。     哲学区大部分书是心灵鸡汤，手上没图就不上了。   以上现象之所以能出现，除了管理者不重视以外，还有一个重要原因——本题题主这样的同学太多了。  题主让评价图书馆，条件是“可从电梯 烂电脑  占座 打电话几方面来答”，图书馆最核心的功能“图书借阅”根本不在考虑范围之内。  并不是在批评题主，完全没有这个意思（题主匿名，所以也不会损害声誉），我感到无奈的只是，题主这样的人成为了学校的绝对主流。  图书馆里根本没人看书，只有复习考试的、考会计证券证书的和学英语的三种人。并非没有好书，有一次去历史区看，很多经典著作上竟然落了一层薄薄的灰。  大家无非是把图书馆当作了一个大一点的自习室，仅此而已。  学生没有需求，学校当然没有动力去改进。   刚好看到楼道里贴出一份学生会的推荐书目，以此作为结尾，让大家感受一下我财大学生的鉴赏水平，也以此祭奠我即将结束的财大读书生涯：  
重庆大学、西南财经大学和苏州大学还有中南财经政法大学大学之间应该如何抉择？广西文科,为什么很多兼职类的问题没有邀请我，反而西南财经大学毕业生这个身份，会获得越来越多的邀请。。。 ------------------------------------------------------分界线------------------------------------------------------------ 重庆大学是一个综合类大学，从就业率而言，还可以。（我没有查过往年重庆大学的就业率，这样妄加判断，实在不应该，所以“还可以”三字请认真品读） 至于西南财经大学，我的母校，很惭愧，我没有给母校增添太多的荣光，但是从就业率而言，西南财大（这里就不称“财大”了，我担心会出来鸡蛋里挑骨头的人说“财大”是上财或者央财之类。不过在西南地区，说自己财大的，99%的人都会认定他是西财学子。） 中南财经政法大学，名气也很足，不过地域比较尴尬，我觉得整体实力上不如西南财经，但不排除某些专业上实力更强。 广西文科生，在选择学校方面。我个人的建议是一方面考虑一下地域性，毕竟落叶归根。我是山东的考生，当年报考西南财经大学，毕业以后想留在大城市发展，成都、重庆、杭州、上海之类，但最后由于家里的影响，还是回到了山东。在山东求职，面临很多问题，包括刚才所说的地域性，我记得前几次面试提及西南财经大学，很多HR都不知道，甚至有些自己为是的HR说当地的一家财经院校都要比西南财经大学名气大。我也只能呵呵了。并不是批评，而是确实存在地域性的问题。西南财经大学在西南地区的认知度比较高，但是到了北方，就被削弱很多了。 另外还有一个问题在于行业问题。西财在金融业乃至银行业都很有名气，这是事实，当然五大财经院校都很有名气。但是除了这几个证券、银行、金融相关的行业以外，知道的人就很少。 所以多考虑一些因素，远比你现在没有方向的去选择某个学校要好很多。
重庆大学与西南财经大学金融考研，？, 论专业素养肯定是西财好了，跟重大完全没有可比性，全国来说差不多能勉强排进前十，不过重大在我们西南片区还是能用的，西财的专业课难度更高，相应的也更压分，重大的专业课简单，虽然两家初试分数差不多，但是西财难度更高，初试就会刷掉一大部分人，同样的重大的初试简单了，复试就开始刷人了，每年重大复试基本就要刷掉三分之一的人，不过你也知道复试可以动的手脚就多了，如果家里有关系，重大的难度也就相应的降低很多。如果没有，我建议还是报考西财 
