太原理工大学和哈尔滨工程大学哪个文科专业好？,为什么要去工科屌丝学校读文科？
读建筑学应该选择去太原理工还是北京建筑大学合适？,刚够211怎么可能在北建读建筑学… 想多了吧…  我刚够985都去不了。
太原理工大学软件工程的新生，想问一问有没有这个专业需要准备的技能？,没有入学考试
太原理工大学大一女生转专业，转到哪个好？,谢邀。 我觉得主要看兴趣吧。我当年读土木，所有人说好专业好就业，理工的王牌专业balabala。上学了才发现自己真正爱的是建筑设计。专业没有好坏之分，行业也没有，三十年河东 三十年河西。谁知道毕业了会发展成什么样。我大学快毕业才醒悟不论做什么事情做什么选择看自己是不是喜欢它热爱它就好了。因为不管最后怎样发展，赚多少钱，什么样的职位，能做自己热爱的事情都是一种幸福。 真的。
太原理工大学的电子信息工程怎么样？,我是这个专业的，目前大二。 电子信息工程不属于理工的王牌专业，应该属于中等偏上，这个专业研究的是硬件，比如手机里的arm，通信，编码等，对电路学的比较多，学的东西比较杂，这个专业一般考研比较好，优势比较大，本科生就业可以，但待遇初期一般，本科就业通常是市场决定的。 建议，大一学好高数概率论线代等，这是以后专业课的基础，面试也许会问你专业课内容，所以好好学习很重要，至少不挂科。
建筑类专业与机械类专业，合肥工业大学宣城校区和太原理工哪个好？,谢邀。本人现就读于合工大宣城校区机械专业。 我先说下宣城校区的缺点吧。首先城市不同，宣城太小，太原不管怎么样都是省会；然后教学设备方面比较落后，由于是新校区实验设备并不完善，有些实验需要去合肥那边做；最后社会认同度，部分企业对宣城校区的仍存疑虑，这就要靠学长学姐们的努力来改善了。 至于宣城的优势，最大的优势应该是师资了吧，合工大对于新校区的支持力度是比较大的，教课的老师绝大部分都是本部过来的。相对太原理工，合工大的建筑和机械排名都比较靠前，毕竟底子厚。 至于如何选择就要看题主日后的规划了。如果准备考研的话，我强烈建议来宣城校区，周围诱惑较少，学校的氛围安静，适合静心学习。如果就业的话，那就看你准备在哪工作的，合工大在江苏、浙江、安徽等地的认同度很高；如果想在山西以及中部偏北找工作，那毫不犹豫选太原理工。 如果题主对宣城校区有什么疑问可以私聊我。
请问材料物理专业考研哪个学校好？也不用太好 毕竟能力有限考不上。现在大三 在太原理工大学 是211?,最好的就是清华 南大了吧
郑大和太原理工电气考研哪个好一些？,太原理工大学大三电气本科生。 题目：郑大和太原理工电气考研哪个好些。 解： 1.地理位置： 太原理工大学：山西省太原市 郑州大学：河南省郑州市 从地理位置上来看，郑州胜。不要问我为什么。如果题主是山西人，当我没说。 不过在我看来两个城市皆为二线城市，发展前景较为有限，如果有能力考到一线城市，还是希望尽量往一线城市考。我身边的大部分优秀的学霸们（包括山西及非山西学生）表示毕业后都不会留在山西。  2.电气学科排名 以下是教育部2012年电气类学科排名（好像不是每年都评，最新的可以自己找一下） 我认为参考性较强。    太原理工大学：27左右 郑州大学：35左右。（排名如有不满，请自行百度，不要撕逼） 学科综合排名来看：两校不相上下，郑州大学综合实力强于理工。 再来说一下，太原理工大学电气工程是一级学科，下面有5个二级学科，分别是：  电机与电器 、电力系统及其自动化、高电压与绝缘技术、电力电子与电力传动，还有一个是 煤矿自动化 （为什么电机与电器这个方向要加粗，没办法，因为我就是这个方向的呀大哥。还有一个加粗的是煤矿自动化，没办法，我伟大的宋建成院长就是这个方向的毕业的，当然要特殊照顾一下，还有听说这个方向是我太原理工的特色专业，不知道其他学校有没有，谁让我大山西煤多，还有这个专业本科只招到2017届，断后了。（具体原因不详）。 这五个方向其中最好的是哪个我也不晓得，官方的我不知道，记得2014届，山西理科一本线 530多，电机方向570多，高压580多，电力系统接近590（这数据仅凭我从身边的同学的高考分数得来，可能不准确，欢迎指正。话说我河北学霸同样全国一卷600多分进我大电气，幸好没生在河北）。郑州大学不了解。  3.就业情况 首先我想说大学是有区域影响力的，除清北全国通吃，连复旦上交都做不到全国通吃。太原理工电气的影响力在山西及其附近省份还是不错的，但如果你去南方就业，这个当我没说，因为他们根本不知道太原理工是啥，可以吃吗？似乎不好次额。（我就是南方人诶，郑州大学类似） 不过如果题主毕业想留山西或山西附近省份工作，太原理工电气还是非常不错的，毕竟校招时好多企业都特别喜爱电气学生（据一位已经毕业学长说），听说我们踏实，勤劳，能干，乖巧，听话（好吧，这个是我编的） 郑州大学不了解。   结论： 如果题主毕业后想留在山西或者河南发展，两个学校的电气都是非常不错的，硬要我推荐，郑州大学。因为在两所电气学科实力差距不大的情况下选择综合实力相对更强，城市发展前景相对更大的郑州大学还是比较合理的。当然也欢迎你来我皇家搞基学院。  but   如果不是，尽你最大的努力往一线城市考。（认真的）   最后附上我伟大的太原理工电气大三课表以示敬意。      利益相关。 
那位大神比较了解太原理工大学在中国以及在山西的地位及水平？,没地位，更没水平
太原理工大学2016会计专业在哪个校区，宿舍情况怎么样？,明向，没有独卫，其他还可以
考上了太原理工大学电气工程及其自动化专业，但忧虑其学校的质量，要不要复读？,复读纯粹浪费时间，除非你能考上清华上交西交浙大复旦华电等这种电气牛校。一心想学电气，留着功夫和青春放在读研读博上吧！考个好研究所。太原理工大学电气应该比较一般，但既然是211，也不会差太多，比一本线高30分，也只能去这种211了。继续努力吧！因为搞电气要想出头，博士都快是最低门槛了！祝你好运了，大学期间不要荒废
太原理工大学里面有同性恋吗？,本人亲自见过，好多，不过让我奇怪的是，在这个女生少的可怜的工大，为啥都是女女啊，简直了！
被太原理工大学录取，但是被父母强迫报的不喜欢的大学，是否该复读？,看到题主的问题，略有感触。 俺也是今年四川考到太理的。 作为一个盗版的理科僧，一直以来也想读偏文专业，小语种，翻译之类的，想当同传。 奈何分低不敢填心心念念的北上外，（虽然据说北外最低也就590多）过程一言难尽，总之最后被太理录了。 虽不是最理想，专业也和语言不沾边，但专业也算喜欢，今年就走了呗。 至于学语言的话，并不与所学专业矛盾，反而可以将两者结合起来一起学习，以后照样可以去考同传，也调和了 学语言专业反而没专业的说法。 但若自己实在不适应大学生活，也有回来复读的想法= = 今年太理理科提档586，题主被录到至少不算浪费分数。不知题主平时成绩如何，今年发挥是否失常，姑且理解成你不擅长理综，此谓理科僧的大忌呀，若不走也要有心理准备，毕竟还有新加的内容。 路不止一条，若不喜欢所学专业，留在四川也不错，另外大学也可转专业。 Ps，太理寝室竟然没有单独卫浴，俺可是个温柔可人的南方菇凉阿
太原理工大学，武汉科技大学，长沙理工大学若是要读土木或者电气，应该选择哪一个？,这3个学校是两个档次，太原理工比武科大和长沙理工高一档，毕竟211，老牌重点大学，机械，采矿都是强项。土木建筑也在国内第二或三档 长沙理工由长沙交通大学与长沙电力学院合并而成，因为交通相关土木长沙理工也稍微比武科大强一些，土木是交通主要专业。武科大的土木是合并武汉冶金建筑高专而来，也不错但是毕竟不是土木主要出路。电气当然选长沙理工，毕竟电力行业学校电气是王牌专业，但是如果单纯学电气控制，武科大也不差，自动化也是重点学科。 从主要专业行业来看长沙电力和交通占优势，武科大钢铁冶金属于夕阳行业。 学校实力（学科研究水平，博士硕士点数量和分布，研究成绩）来说武科大比长沙理工强，而且武科大也尽量跳出冶金行业，在计算机，自动化，管理等方面发展都不错。 本人武科大毕业生。机械专业
太原理工大学明向校区为啥疯狂建草坪？,谢邀。 因为钱都用来改造少数民族澡堂了啊！
如何评价太原理工大学的图书馆（包括临时图书馆）？,我们不讨论不存在的东西
为什么中西部高校综合实力提升工程山西是山西大学而非211太原理工，而河南却是211郑大而非河大？,以前211入选的。现在都不能入选111工程
太原理工大学一本和二本在同一个校区么？,感谢指正，我一个舍友告诉我在汾阳，他又是吕梁的我就偏听偏信了，惭愧惭愧 二本软件本来在虎峪下学期起就搬到新校区了 和一本在一起，三本大一大二在孝义之后去虎峪并不在新校区。楼上那个不知道别瞎说，明向压根没给三本留地方好吗。
2016太原理工大宿舍怎么样？,上床下桌，宿舍挺好的，不过平时熄灯，周末不熄灯，热水有免费有花钱的，没有独卫，厕所经常堵。说不定'过几年会按上空调。本来孔子什么都打好了准备按，不知道被谁贪污没了。  
太原理工大学土木方向怎么样？,是有二本专业，但太原理工就是靠土木发家的，所以这个专业还挺好，算得上是太原理工的王牌专业了，可以试试，当然如果你读研后打算南方发展，不建议你来 
600分能不能上太原理工大学？,来不了。最起码700吧。
太原理工大在国内水平怎样?,类比长春理工，武汉理工等等
太原理工大学的建筑系实力如何？,好老师有 但是水的老师更多 比如什么水娟 水凯 水志强 尤其呢个水娟 怎么当上老师都都很让我们疑惑 每天带着孩子来专教上课 孩子还在讲台上撒野你就想象一下老师得有多水吧 讲方案的时候草纸拿反了她都没看出来 其实很有想要投诉的冲动  不过好老师也是有的 特别喜欢外建老师~
太原理工软件工程在哪上？,谢邀 现太原理工大学软件大三来答。 理工大学的软件从我们13级开始入驻明向校区，已经三年，后来的14，15级接着入住了明向。 但是由于学校政策的调整，现14，15级学弟学妹们将要迁校区回到中区。 16级新生表示目前并不清楚在哪个校区。 但是想说的是能够和学长们在一个校区是很棒的，有什么问题困惑都可以及时得到解决，新换校区的话会导致年级之间的断层。而且由于明向校区较远，导致校院学生组织无法有效的开展活动，不过经过三年来的发展，10，11级旧校区学生组织的解散，在新校区的学生组织还是可以有效地开展的。  表示由于软件专业的特殊性，大四将去往上海实习，也要离开明向了。 还是祝理工大重返国家队，再铸新辉煌。   （知乎的回答更新真是抽风了。） 看到了有校友对校区的不清楚，现在将我说知道的理工校区写出来。 迎西小区（北区） 虎峪校区（中区） 明向校区（新校区，榆次） 万柏林校区（现已改为家属区，正在建造） 长风校区（原现代科技校区，现家属区） 榆次校区（原轻纺美院，现已出售）
据了解太原理工大学11恐惧症？,他应该是渴的太久了 过段时间就会好的
2017年太原理工大学录取的文科生在哪个校区？,明向校区，在晋中榆次大学城
为什么太原理工大学都没有进入百强校?,不要误会，我不是针对太原理工，不是针对山西大学，我是说山西的高校都是些混吃等死的垃圾。有空到全国其他省市的大学看看，见见世面。  利益相关：太原理工大学2010级本科生
如何看待太原理工大学搬校区丢失学生入党申请书事件？,GG
本人现在是太原理工大学采矿工程【煤矿矿山电气化方向】大二学生，想考通信工程的研究生，难考吗？,学弟，我都忍不住了，采矿5年内是好不了了，如果你考虑考研升采矿，等你毕业的时候应该是就业压力就小了很多，会有好转的！但是如果你考虑以后工作环境，以及成家立业方面的问题，工程单位特别是采矿的，都是在矿区，比较艰苦，当然，研究生应该是去设计院或者是总部的机关单位的机会较大，讲真，如果你想考研的话，我建议，看兴趣吧，毕竟不管怎么说，研究生还是高素质人才，就业不难，你才大二跨考不是难事。
太原理工大学体育学院的具体位置和其短跑实力？,在大学城！
如何在太原理工大学找到女朋友？,取匿了…… 修改:因为涉及比较精确的个人信息所以删去 在下上知天文，下知地理，写得了诗，唱得了歌，学得懂高数，讲得了笑话，武侠盗墓无一不看，玄幻修真略懂而已，历史军事马马虎虎，政治理念微微偏右，长相中等偏上，品味小众不潮，风水易经偶有涉猎，经济物理知而不精，虽不敢说看尽天下之书，却还自认所阅甚广，进可学成耀门楣，退可平淡过此生，美食电影电视剧，豆瓣微博知乎网，神探英伦夏洛克，漫威dc福克斯，街边喧嚣烧烤店，高端大气西餐厅，偶尔老家干农活，间或城市ktv，孝敬长辈怜幼侄，怜香惜玉爱美人，你问如何寻女友，我都发愁何况你。
太原理工大学，学的冶金工程专业！这个专业的就业前景怎么样？需不需要考研？,謝邀!!  小朋友，別猶豫，放手去讀個研吧!!  當大家都讀研時，你不讀，總感覺少了點什麼。  雖然讀研後你的學歷與學力是否能夠並駕齊驅均屬未知數，但至少在人力市場上，你已經取得些許優勢了。  最後再次忠顧，學歷只是敲門磚，個人的學力(工作力+適應力+分析力+研究力)，才是你的優勢，加油!!  金屬材人  10/06/2016
考电力系统自动化的研究生专业课初试只考电路一科的学校有哪些？我是天津人，现在在太原理工大学读书，将来想回天津附近工作，考哪个学校的研有发展？,想回天津工作，那果断天大了。
太原理工大学土木工程二战？,14年从工大毕业，现在宿舍还有3个在工大土木读研，我私信个微信你把，你可以咨询下他们。
南方女生到太原理工大学学习怎么样？, 本人太原理工大一    2017.7  很少被邀请呢，稍微认真答一回........哈哈。  整体来说：就楼主的情况，真的糟心了。(下面随便说一说哈）  学校边缘211，温差大，山西省地域不好......都是   ......真的。。。。  楼主浙江，到山西去，感受肯定好不了。山西不是个发达的省份，太原这几年发展也真不咋滴（发展肯定是有一些，跟郑州比呢跟成都比呢，天壤之别......谁在山西待过谁知道......），于是乎这个理工大教育经费嘛，哈哈了。  中国西北地区与东边与沿海地区的差别还是很大的。到山西去，你会发觉那里基础设施不好学校条件不好人们思想老旧。  太原理工的体制没有南方那么好没有南方那么照顾人，可能很让你头疼的。（经常让我们宿舍的哥们骂娘........  但是（哈哈肯定要有但是嘛），1，学校绝对对的起“边缘211”之名，学校绝对有朝气有新气象，近来真变化蛮大的.......2，学校在山西有很大的影响力，在国内也是拿的出手的......  3，学校办学水平不差的    狠狠......本回答最重要的：1.温差大是对姑娘身体不好的。2.过来人告诉你，不要把大学想的那么重要，最重要的是你在大学学的怎样，你在大学有没有找到清晰一点的目标并有效的奋斗。3.太原理工男比女7:3，你那个专业女生少，欢迎加入！！！！！！！！！！！！！！！！！！！！   
太原理工大学土木工程研究生结构力学的历年真题哪里找?,档案馆好像有考研题吧
太原理工大学哪个自习室适合学习?,自习室的话本人一般喜欢在行思B座，因为这里的椅子感觉不错，坐的时候基本不会发出刺耳的声音。但如果你真的想要安静自习的话，建议去临时图书馆自习，氛围还是比较好的。
太原理工大学转专业？,巧了，我就是经管学院的，听说好多人想往经管转，应该是挺难的。国贸专业个人感觉听起来高大上，但就业还是挺难的，希望有用，嘻嘻。
太原理工大学卓越计划如何?,作为太理的大一狗。 我只能告诉你  只有一个创新班。 大概六十人。 大一大二所有工科理科科目都学。 大三分方向。  福利在我们前面享受。 但是淘汰制。  水平应该和大连理工大学差不多了。
太原理工大学最好的专业是什么啊？应用化学如何？,化工学院最好的应该是化工工艺，应化也不错。整个学校最好的应该是电器学院的专业。
为什么太原理工大学明向校区的各种东西都这么贵 学校也不整治一下 ？,学校在抽钱的啦
江西理工大学 太原科技大学 沈阳农业大学 吉林农业大学 那个更好 ？,果断选择太原科技大学，其前身为太原重型机械学院，隶属中国机械工业部的高等院校。学校的机械工程，材料科学与工程很是厉害。
太原理工大学今年的招生简章上说计算机科学与技术专业计划只在山西只招3人，到时候是真的会招这么少吗？,看错了吧，提前批或者专项！报吧，做好备份！切记，别报采矿！别报采矿！别报采矿！
郑州大学好还是太原理工大学好？比较各方面，自己是山西省的?,你这么比有啥用，Cuba 人太原理工的校队来郑州大学打比赛，那人气感觉像是在人家主场。
2016山西高考489分，理。可以上太原理工大学软件工程吗？,这和三本何异
包装工程跨考太原理工大学的车辆工程可行吗?,理工大车辆工程收分高于其他专业20-30分，报考人数多，报录比较低，还是要谨慎考虑
太原理工大学辅导员的待遇如何？,不太理解具体的，据说不高，辅导员好像都不高
在太原理工大学没有女朋友是怎样的感受？,在我理工，最美的风景不是情侣，而是一群群三三俩俩结伴而行的汉子。
工科生，想考太原理工大学工业设计研究生，它是只有机械学院下专硕么。要考手绘？,不建议报考
如何看待太原理工大学翻新浴室给予少民特权？, 那个少民要专用的？ 
在太原理工大学环境科学与工程学院就读是怎样的体验?,不知道自己说的对不对  欢迎其他人指正～  我是15级的老学姐 和你说说我认为的情况 说真的环境工程这个专业比较有争议  1.它算是一个国家将来发展的方向  大形势所趋向的 属于未来比较有前景的一个行业   之前环境破坏太严重 为了发展经济环境这方面疏忽了很多很多  环保也算一个新型行业吧  所以还是很有潜力的  而且现在北上广这些大城市先行很重视环境方面  各个公司都需要环评才能开始工作  2.但是呢  其实也说不好到底多会才能真正有前景  毕竟环保需要花钱的  而且需要大大的花钱  国家也不想白白投了那么多钱最后啥成果也没有吧  北上广这种发达城市肯定发展还不错  但像太原二线城市就有点纠结了  看自己想要以后的发展吧  3.环境这个专业比较泛  不够精  比如咱们院的给排就比较精  专注于下水管道  水处理这种  而咱们可以会学下水管  也学大气  也学土壤  总之啥也学  课多  但是学的不够深  所以有的时候不太好找工作  4.再则  工科女生在某些方面会被歧视  有些公司只招男生 所以咱们女孩子一定要优秀一点！将来给自己更多出路哈～好好学习是正确的选择～当然适当也要放松啦  5.其实就业率这个真的说不好的  有的人说好就业  有的人说不好找 看你将来在哪里发展啦  不过近几年还是考研的人多一点的  现在不需要考虑太多这个问题  好好学习安心学习就好啦  6.咱们院不算太大  但也还不错  不知道你们这届多少人  我们这届专业115个人大概  全院300多个人  男生偏多一些  咱专业考研率很高学风很好  抓得很紧  环工一向学霸众多 你们这届好像变成基础学院了  具体我也不太清楚有啥影响  7.校区呢  咱们是四年都在明向校区的  火车站坐902到理工大东门下车 你们到的时候应该会有人在火车站和火车南站接的   门口也有学长学姐告你们宿舍楼在哪～  校区环境很好  住宿环境也很好  咱们院应该是六人间上床下桌   三个食堂各种吃的换着吃   食堂还有电梯  算环境不错的  校园绿化也不错  虽然很多树还没有长大  但是总体校园很美啦～毕竟咱是皇家理工嘛～   目前想到的就这样  还有啥问题你可以随时问我的～ 
在太原理工大学就读是怎样一番体验？, ----------------------------------------------------毕业更新-----------------------------------------          ## 我的高考和志愿  我在2013年参加全国高考，在我估分时候，我便感觉到考的不是很好。因为我在理综考试时候，物理大题发现自己不怎么会做了，有点着急 。果然在查分时候，我的分数很低。只高于当年二本线几分而已，父母对我这个成绩很是头疼。在面对众多的学校选择时，我可以选择的只有很少很少。在查询省内学校，兼顾学校和我的成绩，以及我的兴趣。只能选择太原理工大学的软件工程。母亲觉得1.6W学费，以及历年的分数线，我的成绩应该没有问题。当年是可以选择8个志愿，我当时前7个都是省外的志愿，并且全部是愿意服从调剂。最后一个便是**太原理工大学软件工程**。在公布录取分数线时，我一个个搜索，无奈发现自己的前7个志愿都不够，在查到最后一个时，我的心落地了，我可以不用复读，可以去上大学了。在当时我只想去上大学，不愿意再去复读，对我来说上大学拿文凭就好。未曾想过其他的要求，我只想能去上学而已。     ## 漫长的开学等待  在等待开学时候，父亲经常跟我开玩笑，我一年学费顶1/8个新车。四年学费能买半个了。在毕业后，我想跟我爸说，想太简单了，我四年大概花了一辆车的钱。  在收到通知书时候，我是真的很激动，可以去大学了，不管我是一个二本还是什么专业，我反正可以去上大学了。光是致13届的录取通知我大概都看了不只10次。  由于软件在13年开学是在10月国庆以后，所以那个假期真的很长很长。假期每天就是打游戏，和未来的同学闲聊，当时班级群就4个人。时间太长以至于后面大家都聊没有话题了。后悔没有在那个假期去学习开车。  ## 懵懂的大一  回首大一感觉自己真是还没有长大，什么都不懂，年轻不懂事。想想一开学上高数时候，大家抢的占前排位置。拿一卷卫生纸一占以排，想想大家当时也是因为刚上大学发现新奇有趣。慢慢的就没有人再去占座了。开始往后座，再后来上课人也变少了。点名会有人没有来了。在开始学习C语言时候，发现自己打开了一个新的世界。  ```C  #include &lt;stdio.h&gt;  int main()  {        printf("Hello， World! \n");     return 0;  }  ```  在大一下学期后面听同学介绍加入了清泽。开始在清泽微视开始工作。在清泽认识了很多优秀的同学，也认识了一位位优秀的学长学姐。也是他们提供的帮助，为日后网站的资源创建了基础。在下学期对摄影充满兴趣，购买了单反，开始拍摄之路，还为14级对学长学姐拍摄一份毕业照，原本想和同学一起组建工作室，但是不了了了之。我放弃了，是实话我是一位宅男，不是很愿意出门跑。同学和一位摄影专业的女生一起组建来工作室，在微博的QQ看到他们的拍摄，真心拍摄的不错。画风小清新。拍摄水平比我真的强太多，果然是专业的。如果大家有需要请联系他们[宜夏摄影](  http://  weibo.com/209994520      )。祝愿他们的摄影工作室越来越好。     ## 大一暑假  在这一年暑假，参加了清泽暑期实践，在北区住了大概一个多月，所以我也算是在北区生活的人了，体验了北区中区一个个食堂。认识清泽的学长学姐，漂亮的杨总，傲娇的崔导，可爱的天哥，呆萌的崔总。傻傻的智妮姐。在中区图书馆上学习实践，当时的清泽办公室还没有装修，没有空调，没有饮水机，全靠电风扇，一上课一下午的满身热汗。一起和小伙伴去参加学校的杰出校友拍摄活动。这一年假期是最充实的一年假期。虽然很多清泽同学不在联系了，但是回忆起一起学习工作的假期，甚是想念。也正因为在清泽的工作，我在大一成功获得了大一的奖学金，在收到1500时候，真的很开心。     ## 混日子的大二  在大二，失去大一刚进入大学的新鲜感，开始厌倦上课，上课基本就是刷手机，看网易新闻，大二那一年的每天新闻我基本都看，实在是无聊。不然就是上课睡觉。在大一发电脑后也打过LOL，但是自己水平不行，太坑，还有舍友就只让我玩盖伦，就不在玩了。在清泽也开始带新人，但是我水平比较渣，教不了什么，愧对我带的大一新生们。感谢你们没有喷我。  一次我意外获得了网易天谕的二测激活码，开始沉迷该游戏，由于玩的时间多，而且还认识一些朋友，倒卖物品和激活码，在游戏挣来不少钱，基本半年的生活费都够了。以至于游戏里网友一直喷我有游戏币就卖钱，也不换新装备。也是在这半年自己沉迷游戏，忽视舍友关系，影响他们的中午的正常休息，我表示歉意。沉迷在我临考英语三时候，我都在打游戏。最后恶果真的是，我英语三59分。唯一的一门挂科，让我付出来很大的代价，我错失一次入党的机会，错失交换免学费，错失一次次评选。  在大二下学期，刷知乎，莫名对MacBook沉迷，一直心心念。在大二下的实践去太原思软学习了一周，制作一个简单的JSP网页。从此走上编程的道路了。  ## 大二的暑假全新的开始  在大二暑假，我终于买到了心心念的MacBook。正好这个暑假我的同学王晨，在北区留校，做一款农业品的网站。我们一起购买了域名，服务器。开始了自己的搭建网站过程。一开始是一个简单的静态的网站，做的是一个导航网站，后面再是静态的资源分享网站。再继续发展才搭建成Bootstrap＋apache＋PHP＋MySQL的完整的网站系统。一步步走来，感谢蓝之青同学，天哥，谢达的教导，我是在大家的帮助下完成的。  ## 大三全新的开始  在大二下学期，我知道两位同学即将赴台湾交换，我蛮感兴趣，我也想出去玩玩，看看外面的世界，20年我一直在太原。在了解到申请条件后，我开始准备，我一看我当时的GPA只有3.2。正好勉强够申请台湾的基本要求。我开始意识到了危机。我开始意识到要努力去学习。我开始坐在前2排，上课认真听讲。我要感谢我的同学，冯凯，王晨。是他们陪我一起在课堂上学习，晚上一起晚自习。王晨更我带来了关于申请国外的大学研究生的信息。让我了解到，人外有人，简单的把视野放在校内是不够的，要向全国，全世界去看。不能简单的做井底之蛙。只守的自己的一亩三分地。  在大三上学期，我基本不在接触游戏，晚自习除非周末回家，我基本都是上到晚上10点左右。基本我的目标，我就是要学到教室的最好一个人。  其实我当时已经申请了台湾的交换，申请了台湾中正大学交换生。GPA已经够目标。但是不知道出于何种目的，一直在努力，学习，为了赴台交换，我付出了最大的努力。  ![行远楼](  http://  photo.mrdubo.com/blog/I  MG_0718.JPG      )  大三上学期结束时GPA达到3.45。  ## 台湾中正大学的交换经历  初到中正大学，熟悉震惊的是全校的绿化覆盖，基本全校都有10米高的左右的大树，在学校后面就是一片树林。落叶积满的道路。学校的建筑和图书馆，更让我感到一个大学的氛围。  ![中正大学图书馆](  http://  photo.mrdubo.com/IMG_02  73.JPG      )     一开始觉得，交换过来，压力不会很大。主要是了解当地文化，旅游。但是来了以后为对接课程。选课都是专业课。课程都是英文ppt。考试也是。写readme也要英文。课本都是英文原本书，而且很贵，都是一些可以当枕头的厚书。克服这些花了有很长的时间。我在中正大学是读资讯工程系。对应大陆的软件工程，台湾的大一大二学生上课更加松懈。课下会做自己喜欢的事情。但是大三的学生，会投入到专业课的学习，和自己的毕业设计作品中。他们的毕业设计会由导师来带领，共同做一个项目，项目普遍比较大，而且很难。台湾软件的学习更加偏向c，偏向学习底层的东西。中正大学，会有授课老师的研究生作为助教，助教会发布作业，和回答一些简单的问题。有不会问题可以发邮件问老师，助教同样可以。老师和助教都很愿意帮助解决问题。  在台湾交换，认识到了更多了朋友，台湾的同学，帮我介绍台湾生活和学习，在我不会习题时候，发给我自己对习题的讲解。还有一起上课的研究生学习，对我们十分关心，在我回来还为我寄送中正大学的帽衫。让我了解到当前台湾大学生目前的学习生活状态，和他们的理想目标。  还有来自江西师范大学的研究生学姐，长春师范大学的萌萌学妹，住在楼下的山东师范，经常被我晚上搜刮吃的学妹。一起吃火锅的小伙伴们。哈工大的软件大神以及一起理工同学。  ![吃火锅](  http://  photo.mrdubo.com/blog/h  uoguo.jpg      )  ![同学合影](  http://  photo.mrdubo.com/IMG_08  82.JPG      )           ## 大四的实习  大四实习，去昆山杰普，主要学习的是Java和安卓。这半年吃的实在不好，食堂实在不好吃，外面的也不好吃，最爱吃的竟然还是便当。这半年感谢杨政班长，一直做 。  在实习的10月开始投校招，参加了上海银联，中国农行，上海联通，太原移动等等一系列的考试，每周末基本都要去上海一次，幸亏发小在上海有房子可以借住一下。  ![招聘宣传](  http://  photo.mrdubo.com/blog/I  MG_3313.JPG      )  我最后只收到了上海银联，中国农行的面试通知。在面试银联时候，我过了一面。但是在单面过程中，发挥很失败，没有准备好，败在自己的网站下。在面试农行充分准备了一下，并且认真学习了一下Java面试题，以及在知乎上记住一些关于天津的知识。果然在面试中成功用到。最终成功收到中国农业银行天津软件开发中心的offer。  ## 总结  作为太原理工大学软件学院的一员，虽然在上学期间没有意识到211的优点在何处。但是在毕业开始面试时候了解作为一个211有多大的作用。211可以在一个更高的起点，在你面对其他学校的同学时不会在投简历或者第一轮群面就被刷掉。  软件学院有的老师很好，会给教会你知识。而有的老师只会念PPT了。但是这只是老师，如果自己上课不去听，老师再好又如何呢。  虽然你可能面对的不是最好的老师，但是也请认真去倾听，毕竟自己还是一张白纸，是一个什么都不懂的小白。自己也认真去学习，认真听讲。多写代码，锻炼自己，不至于在最后的毕业设计也没有能力去完成自己的毕业设计作品。  离开了学习生活了两年半的太原理工大学。在理工大觉得自己码代码能力虽然不比大神么。但是基础还是不错了。在交换期间才意识到被认识的哈工大同学虐成渣渣。别人一个小时完成的作业，我可能需要一天去完成。经常要他学习，学习他的Github。对比他发现自己的实践还是太少。在理工期间写的代码太少了。没有参加过ACM比赛。没有一个清晰的思路去处理问题。可以说完全是没有算法逻辑。在中正大学交换期间，学习的知识，可能比我一年都要多。不要把自己的视野局限在当前。     ## 感谢  特别感谢大学4年帮助过我的同学，他们在学习上认真努力，以及对世界观的建设上对我给予了最大的帮助。在这四年收获的最满意的就是和同学们的友情。  感谢父母无私为我付出，让我不因为经济而困扰，让我有机会去了解世界。  感谢理工大学，让我能在这一座百年学府中获得到优质的教育，提供给我一个交换了解世界的平台。  感谢大家能够看完我一个理科生啰哩啰嗦写这多白话文。                 ------------------------------------------------------原答案------------------------------------------  这个话题找到了好多师兄师姐们，作为太原理工大学软件学院的一员，虽然在上学期间没有感觉到211到底211在了那里。但是在毕业开始面试时候了解作为一个211有多大的作用。211可以在一个更高的起点，在你面对其他学校的同学时不会在投简历或者第一轮群面就被刷掉。在2013年新校区的底气太薄了，没有学长，最重要也没学姐。很难向前辈学习什么，很多都是靠自己。         在学习上面感觉软件学院有的老师不错很好，会给很多知识。而有的老师只会念PPT了。大一高数老师和线代老师，以及大二的概率论老师，都是比较好的老师，尤其线代老师，全程无PPT全靠手写，4个黑板写的满满的。        虽然你可能面对的不是最好的老师，但是也请认真去倾听，毕竟自己还是一张白纸，什么都不懂的小白。自己也认真去学习，考试不是很难，认真听讲，过是没有问题。多写代码，锻炼自己，不至于在最后的毕业设计也没有能力去完成自己的毕业设计作品。我感觉这是一件满悲伤的事情。   在理工大，你在大三学期可以参加台湾交换，虽然不能学到什么，但是总是一个开拓视野的机会。你会认识到跟多的人，了解到不同学校的同学们。不要仅仅局限在太原，不要局限在太原理工大学，向外看看世界，你会发现自己的渺小。  －－－－－－－－－－－－－－－－－－－－－－－－－－－－－                                  2016年4月18日更新在台湾的体验。 －－－－－－－－－－－－－－－－－－－－－－－－－－－－－        在大三上半学期，我的绩点达到了3.2偶然听到，可以学校开始申请台湾交换生。因为自己是太原本地人，这么多年没有真正离开过家。我想的自己不会去考研或者出国了。但还是想去外面看看，看看别的地方的同龄人是在如何学习。所以申请了去台湾中正大学的交换。大三上的课程也有难度，在半年内都压力蛮大，一直上课认真听。克服了上课睡觉的毛病，结果一些课程无聊，开始玩手机了。在半年内，一边忙准备申请资料，和应对考试，时间感觉不够用，基本中午必须午睡，不然晚上会很累。这半年几乎没有了娱乐项目。只为了自己的目标去台湾，去外面看看。终于熬过最后的毛概考试结束了大三上，结束时绩点到3.45。这里我需要佩服我的好基友 @ 王晨  。小册子不错。感谢我的现代科技的同学，每次都麻烦你们。         当来到中正大学，熟悉震惊的是全校的绿化覆盖，基本全校都有10高的左右的大树，在学校后面就是一片树林。落叶积满的道路。学校的建筑和图书馆，更让我感到一个大学的氛围。         一开始觉得，交换过来，压力不会很大。主要是了解当地文化，旅游。但是来了以后为对接课程。选课都是专业课。课程都是英文ppt。考试也是。写readme也要英文。课本都是英文原本书，而且很贵，都是一些1.2w页的厚书。克服了一段时间。我在中正大学是读资讯工程系。对应大陆的软件工程，台湾的大一大二学生上课更加松懈。课下会做自己喜欢的事情。但是大三的学生，会投入到专业课的学习，和自己的毕业设计作品中。他们的毕业设计会由导师来带领，共同做一个项目，项目普遍比较大，而且很难。台湾软件的学习更加偏向c，偏向学习底层的东西。而不像理工大学习是应用层的应用问题。这边老师上课，会有助教，助教会发布作业，和回答问题。有不会不仅仅可以问老师，助教同样可以。先写这么多，以后再来写。       如果你是软件的同学，欢迎访问我的博客   http://  github.mrdubo.com       上面是软件的复习资料题。     ---------------6月27更新-----------  最近看新生群已經有新一屆的學生開始加入了。 发现自己马上也就要毕业离开。离开学习生活了两年半的太原理工大学。在理工大觉得自己码代码能力虽然不比大神么。但是基础还是不错了。在交换期间认识哈工大的同学 @菠萝包 。发现自己被虐成渣渣。经常要他学习。自己也在拉勾网投简历。被很多公司拒绝。直接面试机会都不给。发现自己的实践还是太少。在理工期间码代码码的太少了。算法思想不明确。没有一个清晰的思路去处理问题。在CCU交换期间。可能半学期码的都比原来一年多。  在最后离开时给中正老师发邮件。感谢老师们的教导。老师们都回复说。你们都是很认真的学生，很努力。我只想说，我们差太多不努力不行啊。 ---------------------更新一波中正大学的照片--------------------------     
做太原理工大学寇子明老师的研究生是一种怎样的体验？,可能是个好研究者，但绝不是个好导师
太原理工大学的工业设计专业怎么样？,本人太理的学生。 我觉得全靠自己和家庭条件。 就我知道完全不如太理的太原科技大学有一位学工业设计的学姐大二在一篇不大不小的论文上挂了个虚名。偶然有机会去美帝佐治亚大学留学。 并且在研究生期间实实在在的在国际论坛上发表过论文，现在逼格超高。 当然人家主要是认真学习了才会有这样的成就。顺便家庭条件好了才有钱去留学，是吧。 我觉得太理的211名号几乎只是一个空壳。 唯一的好处我觉得也就是保研可以报到985了。 还有太理的工科在山西还是横着走的！这是事实！
太原理工大学环境科学与工程学院是那个校区的？,太原理工大学环境科学与工程学院已经搬到太原理工大学位于晋中榆次市大学城校区，本科生和研究生都在大学城就读。环工学院下设三个专业：给水排水、环境工程、暖通空调。其中，环境工程专业有博士点，博士后流动站，专业设置偏科研。给排水和暖通通过了国家专业评估，工程性强，注重实践，就业率高。仅供参考。
太原理工大学物联网专业怎么样？,        本人大三，马上进入大四，太理物联网专业学渣一枚。         在太理，这个专业是和计科(计算机科学与技术专业)同属一个学院(计算机科学与技术学院)。但不是一个系，物联是计算机工程，计科是计算机科学，学院总共就这俩专业，每个专业三个班200人左右，(15届大概是两个班？)，其中计科有一个卓越班。哦，对了，大概是在大二之前？计科和软件(二本专业，只收省内考生)还没分开，都在一个学院，后来才把软件分出去的。大一大二学的课程基本和计科软件一样，大部分课都是和计科一起上(总共五个班，卓越班不一起)，基本没有自己的专业课，印象中只有几门课单独上，到了大三才开始有明显的区别。        至于老师的质量，嗯。。还是有一些挺好的老师的但是基本都是公共课的老师，高数下的老师，真的特别负责，下课还会问你有没有哪里没听懂的，线代老师秦效英，全程板书，完全不用ppt，还讲的特别认真，大物下老师郝虎在，年纪可能比其他老师大，但是讲的很好，逻辑清晰，还有模电，数电，传感器的老师廖丽娟廖老师，特别特别好，物联网导论的高保禄老师也挺好，嗯，至于其他的老师，个人感觉一般般，有一些老师人很好，就是讲的真心一般，还有很多老师都特别年轻，就是本校的博士生(或者研究生？)，反正讲的有些烂，还不会划重点(这是关键    )。         其他方面，基本上每门不是全校人都上的公共课都会有实验，每个学期后半段都是在实验和实验报告还有考试当中度过，哦，还有各种课设，我是刚刚做完两个课设＋一个生产实习的，为期5周，关键是生产报告要手写   ，三十几页吧，写完手要断啦。。。          另，不知道学校其他专业是什么情况，反正我们14届物联计科入学时候6个班一个导员，还是本校保研的研一学生，没有班主任，一直到大三，本来以为会换一个有经验的班主任，结果物联三个班每个班都有了一个新导员，导员是刚从别的地方考来的研究生，还不如我们了解学校情况，关于学校的就业情况什么的，一问三不知，回答永远是我也不太清楚这个，要不你问问别的老师？倒是计科换了一个相对可能年纪大一些，带过一些学生，有经验，了解学校情况多一点的班主任。         还要再吐槽一下，我们大三一年的坐场次数超过了前两年次数总和，有事没事就有一个什么什么讲座(大多都很无聊)，大家必须要去，到时候要点名，我只想问一问，坐场为啥不让别人去，每次都是我们？还是强迫的，不去不成！？
假如山西大学和太原理工合并，学术研究方面会不会有较大提升？,山西大学的文科理科都是极好的，工科是弱项，原因也在同城211太原理工身上，太原理工与山西大学同根同源，太原理工是山西大学分出去的，前些日子山西大学合并太原电专，组成山西大学大东关校区， 目的发展工科。 若是山西大学与太原理工合并，组建新的山西大学，原有太原理工211共享，这样山西大学文理工才会跨越发展，实力定会大增。113年老校的风采才会回来。
太原理工大学的软件工程信息与大数据工程和大数据一样么？,差不多，就业都可以
太原理工大学化工系毕业后有什么出路？,可以干销售啊
2016，采矿专业（采矿机械），马上大四，学校是一本211太原理工大学的，除了去煤矿还能去哪里？,你确定你能进煤矿？老师都坦言这年头我们连煤矿都进不去！！！！！！地矿类这些年是个坑啊，学长从月薪两万到三千五只用了两年，据说还是保证发满八个月，尽力提高到十个月的那种。如果你实在想不开考研来矿大的话还是首推北矿吧，毕竟地理优势摆在那里，等到毕业发现就业难后还能到五道口当个码农，呆在北京机会相对来说肯定多点，安全不怎么了解，现在都自身难保，想着怎么脱离地矿这个大坑，祝好
宁波大学跟太原理工大学哪个好？,高考的时候这两个都报了 宁大在上面 所以来了宁大 现在马上该毕业了 我们学院年年考研考太原理工的不少 大多光电专业 光电专业负责人老师也是毕业于太原理工  但是若是让我选择 我还是会选宁大吧 很喜欢浙江 喜欢宁波
被录到太原理工大学，要不要复读？,太原理工大学挺好的。
如何看待太原理工大学在学生中评价不高现象？,说实话，评价不高一方面在于山西本地的上一代人的固有印象，对他们而言评价高的自然就是Top2、华五之类的。他们当中一说起谁谁高考，估计是“那谁家的考上清华了！”其实不说太理，一些名气稍低的南方985在他们当中的反响也不会很高，有时候不必在乎这些虚名。再言之，太理地处山西，而且不像兰大一样有985撑腰，山西近几年发展的并不好，而且学校也没什么特色，经费支持也不够，所以排名自然不高。对于本地人，提到太理，会说“哦，理工大啊，还不错”实际上，心理觉得并不是全国太出色的大学。对于外地人，大多是分数比一本高不了多少还想上个211的人才来太理。一来二去，评价自然就低了。不过，我说句实话，学校好不好关键在于你自己，你想活得好一些，没有人能阻拦你，到了哪里都一样学，何况太理还是个211呢。加油吧，少年！
2017级太原理工大学大一新生会到哪个校区，一直都在那个校区么？,看具体专业的，有的专业实验室设备都搬到明向的就一直在明向，有的还在迎西的大三就得往
如何看待太原理工大学设立基础学院？,吃饱了撑得
合肥工业大学副校长兼任太原理工大学党委书记？, 小伙子，你这是在搞事情 
太原理工大学热能与动力工程的学生？,本科生路过。。。。
太原理工大学的二本软件工程怎么样？ 是否认识混日子？,这个专业环境何如 学习氛围呢 若想在这个专业将来考研 难度大小
为什么太原理工大学矿院路上的唐居三多面质量越来越差但仍然久盛不衰？,已经关了
太原理工大学会计专硕？,你考上了吗？
在取消211后，应该怎么评价太原理工大学？, 学弟你好，我是刚刚从tyut应用物理毕业的学长，目前无业。  你寥寥数语，我看出了你和我当初一样的担心与彷徨。你静下心来，听我给你说。  学校不出名，你在火车上聊天说到学校别人一脸懵，这会给你带来心理落差，你要习惯。专业听着很高端，找工作难，学起来也难，但是每个专业都一样，都存在这样的问题。  如果不出意外，你们是在新校区（明向校区），明向很大，符合你对大学的想象，但是才建好没几年，没什么绿树成荫的诗意。我是一个文艺而又肤浅的人，当初是在迎西校区，觉得大学那么小，落差真的太大，为此上大学的兴奋劲都没了。但是后来觉得也不错，所以你要有准备。  明向配套设施已经完善，基本不存在问题，只是买衣服不方便，可能得去太原市里。明向很清静，很适合学习。明向最大的好处就是这里每年都有新人，他们身上散发的朝气，那才是大学的样子。迎西不一样，大家都很老成的样子，很没劲。  说完那些比较虚的，现在说那些对你很重要的。  我不知道有没有人给你说大学应该怎么做。  我对大学的理解，让我开始就是一个错误的开头，我用我的教训告诉你，大学，唯有好好学习，成绩好才是王道。经历了三年的高中时代，你肯定很反感我说这话。很多人都说，大学多姿多彩，大学就解放了，他们只说了一半，前提是你要学习好。奖学金看成绩，入党看成绩，保研看成绩，找工作hr看成绩。什么社团经历，那是附加条件，同等条件下，有加分，没有不减分。  千万不要打游戏，千万不要。这个不是合群的理由，我们班不打游戏的，宿舍不打游戏的，大家关系一样好。  还有一个，就是你可能被碾压，你以为你高考失误，你在这个群体应该是厉害的，但是大家都可能是同样的情况，他们的某些人，和你见到你们那些考上top大学的高中同学一样逆天。  看完也不要心塞，我给你说点好的，我们这个专业，15届保研pku，top985。16届西安交大，还有一个诸多原因保我们学校大牛老师（他发过论文，也能保pku），考研基本知名985，找到工作的，有写代码的，有做电路的，有做ui的，起薪都是5000，6000。同学院的同学也很认真，保研pku，中科院，top985很多，也很友善。这些都是基于211大学的优势，努力就会有机会改变自己。至于排名高低不是你我的事，学校领导才重视。  学院老师也很好，近几年来引进很多博士，都是年轻有为的，他们很可能是你们的专业课老师，他们的视野会影响你。学院不存在老师打招呼的黑幕，助学金制度很公平，家庭困难就申请。特别是学工办的彭彦彬老师，谦谦君子，儒雅绅士。前任院长王云才教授，在科学网上有博客，推荐你去关注！  如果你还有什么要了解，欢迎提问我！    ----------------------------分割线----------------------------  离答这道题也过去了大半年，这大半年发生了很多事其实也不多，答这道题正在准备考研，后来放弃，10中旬月开始找工作，大概半个月后，找到工作并入职，在一个四线城市。  额外说一句，我们公司的985.211比非211每个月多500块。学历在工作中是个亮眼的身份牌，我们公司领导向来访的客人介绍时，会额外加一句，这是某个985大学毕业的。  说一说二战考研的同学的情况，6个同学考研，目前已经被录取的有2个，一个上海交通大学，一个西北工业大学，都是很不错的985。其余的还未有下文。  学校潜在性的优势很多，劣势也很明显，考研复试时被歧视，工作时只是拉高一点211员工的比例。  学弟学妹你们的路很宽很广，希望你们能早一点有自己的规划。 
求解读2017年非全日制研究生的培养方式？（特别是太原理工大学等985、211高校）？, 太原理工大学，全山西唯一一所211学校，很普通的211大学。ps： 其实我觉得西安理工大学虽然啥也不是，但真的挺好的。  好吧，跟别的省份相比山西本来就没多少所大学.....山西这是怎么了？  太原理工大学今年的复试激烈程度也确实吓着人，某专业录取4到5人，参加复试的人数是28个，这比例也是高出天际了，而且高分被刷的大有人在。最可恨的是，太原理工大学多少年来复试分数线紧贴国家线，而今年突然高这么多，我看跟清华复试线差不多了，吓死宝宝了。  对于边工作边读研的非全日制也能拿双证吗？  ——  可以啊  ，16年取消原来10月份在职研究生，改为现在的非全日制双证了。只要是参加统考了，都是双证。只不过非全日制的毕业证上会注明学习方式是“非全日制”。  对于边工作边读研，与不工作专心在学校读研，这两种非全日制的培养方式，最后拿到的证书是一样的，那么最后就业的时候怎么辨别区别呢？ ——就太原理工大学这个情况，  先给结论那就是没法区别。  图片中圈出来的地方，应该指的是非全日制定向的，以及  mba  mpa  mpacc。       
我是太原理工大学的一名学生，马上考研想考中国传媒大学新闻学、想咨询一下学硕好还是专硕好？,不考虑读博的话，直接专硕，学制短，而且就业的时候其实区别不大。
考研调剂，太原理工和江苏大学选哪个好？,研究生学校所在地，跟以后就业有很大的关系。从就业上建议你江苏大学。
考mpacc，如首都经贸大学和北京交通大学两者选择哪个？太原理工大学和山西财经大学这两者应该选哪个？,首经贸和北京交大名气大于后两者，如果单说财经院校的话，比较好的是上财央财西财中南财，然后江西财经东北财经也都很不错。
太原理工大学安全工程专业怎么样呀？,别来，煤矿背景很深，对女生很不友好
北方工业大学、贵州大学、太原理工大学中淘汰哪一个好？今天填志愿，很急！？,太原理工也淘汰掉， 贵州大学淘汰。
考通信工程的研究生，本科大学不是很好，太原理工大学和成都信息工程学院哪个比较容易一些？,成都信息工程是普通一本吧，考的话上国家线基本没太大问题，太原理工是211，但是报考的人不多，也不难考。这两个相比，肯定成都信息工程好考。
请问在互联网行业中，太原理工大学计算机研究生的认可度怎么样？,多面试几家公司你就会知道当面试官开始问你学校的时候只是因为实在无话可问了。
太原理工大学的过去有多辉煌？又是因为什么而衰落的？,泻药。。如果不是末流211，超一本才10分的我根本不可能上
如何评价太原理工大学软件学院2016级起不再配发电脑？,泻药，发现竟然有人邀请我回答时效性这么强的问题.....（这种问题不应该是在贴吧什么的地方问嘛？）还有发现回答的一多半都是匿名的童鞋，可能是怕查水表吧233，还好今年6月就已经毕业了，所以也就不匿名了~  咳咳，废话不多说，看到有小伙伴们义愤填膺的质问学校，为啥学费不变，还不发电脑，软件是后娘养的嘛！不禁让我想到三年前，我们这届软件（12级）熬了一年，终于从中区搬到了北区，本来还满怀期待以为是北区一号楼什么的，但后来发现，卧槽！说好的一号楼，怎么成了十号楼，然后各种社交网络都被刷了屏，贴吧，空间，微博（那时候微信还玩的不多），甚至校长信箱，都有着我们大软院的身影，想来也是蔚为壮观啊！  可是呢，我们依然在十号楼住了三年，我们想过起义嘛？想过暴动嘛？想过，但有用嘛？好像还是没用，我当然特别十分尤其能理解学弟学妹心中的那股不甘，毕竟当年我们有过类似的经历。但与其去想这些我们决定不了的事情，倒不如想想，我们如何才能对得起刚毕业就能比别人多拿两倍甚至三倍的工资。在这个社会就是这样啊，你只有被这个社会所需求，你才能掌握更多的主动权和话语权，虽然残酷，但是事实，你要知道搞IT的这帮人，刚毕业月薪到8k-10k的一抓一大把，就光我身边的同学都有不少，甚至税后10k，年薪30w+的，都不是多么稀奇的事，而其他专业的小伙伴呢，可能更多的应届生毕业月薪只有5k，甚至3k吧......  所以我想说的是，少年啊，我太能理解你们内心的怒火与不甘了，但比起这个，你更要明白自己想要什么，在这大学的四年里能学下什么，单纯的去想你不能改变的事情，是没有意义的，当然也有人会说我这是站着说话不腰疼，也确实是，毕竟我大学四年玩了四年，所以结果呢，就是我现在啥也不会，被社会所抛弃，所嫌弃，所以学弟学妹们还是别和我一样了2333，第一次感到站在说话不腰疼，真爽啊！  好啦，不吐槽了，真心希望小伙伴们知道，抱怨可以有，牢骚可以发，但我们都是成年人了，与其说这些无意义的话，倒不是踏踏实实搞点有意义的事，学点东西，譬如加入清泽心雨（感觉清泽一定要给我广告费啊！打了这么大的一个广告）
西安建筑科技大学 陕西科技大学 太原理工大学哪个好？,根据排名的话，当然是太原理工大学了，不过要是根据特色专业的话，各有各的特色
如何评价太原理工大学新任校长?,好好的大学被搞的像高中，呵呵
2017年山西理科考生成绩522，纠结报太原理工大学还是南京邮电大学？有什么建议？, 太原理工大学。在山西，太原理工大学都听过，南京邮电大学不知道的人还以为是二本。在太原理工认识的都是山西人，在南京邮电未必。 
电力系统院校只有华北电力大学武汉大学东北电力大学、太原理工大学上海电力学院南京工程学院沈阳工程学院？,除去华北电力大学和武汉大学，以及电气四虎（清华、西交、浙大、华科）外，还有五所原电力部直属高校，它们分别是：三峡大学（原武汉水利电力大学宜昌校区），东北电力大学，上海电力学院，长沙理工大学和南京工程学院。以上院校都是和电力系统关系非常密切的。
太原理工大学怎么样?,客观的说，除了一个211的名头，没有什么东西拿出来津津乐道，好多理工类学科只和山西省内高校比都很尴尬，同在太原的山西大学的物理学，人文社科哲学经管专业就是例证。等等就不一一举例了。
机械考研太原理工好还是燕山大学好？,不要总拿211说事，太理在机械和燕大就不是一个档次，燕大的机械是国家第一梯队的
太原理工大学的电气工程及其自动化专业怎么样？,以下是2012年教育部对于电气工程专业的学科评估     太原理工大学电气工程大概全国高校排名27左右，可以说在山西及附近省份的区域影响力还是非常不错的。 再从就业方面谈一下。 太原理工大学电气专业可能是是学校里面就业最好的专业之一， 甚至可以把之一去掉。 就这样。
太原理工大学阳泉学院属于211吗？,不得不吐槽一下母校的发展战略，到处挂牌，只收钱不管事，无疑坑害了一批孩子
在太原理工大学建筑系被水老师带是怎样的一种体验？,想完全清除掉我脑子里水娟所有说过的话，，，因为尼玛印证了好几个知识点都是错的好吧，，，
如何看待中共太原理工大学党委提出的『重返国家队』口号？,口号就是口号，而已。
太原理工大学过控专业怎么样？,室友们一半是这个专业的，这个专业给我的感觉就是学渣特别多。只有少数的女同学有努力学习，所以保研基本上也是女同学，虽然女生每个班只有不到五个吧。。
我是会计专科毕业，已经满两年，想考太原理工大学会计的专业硕士，希望大家多提建议和想法，谢谢大家？,我也想考太原理工，可是网上关于太原理工的好少哦
太原理工大学周边有什么不错的餐馆值得推荐？,最新更新，星球炉鱼还可以，次数多吃够了，装修有点奇葩，志村那边有个东北一家人，比东北人家好吃，溜肉段锅包肉很适合男生口味，古城那家门口的炸鸡味道很棒，大力推荐一个新开的店叫签稻，冷锅串串，好吃到啥程度呢，我跟你讲，我188，140斤这么瘦的人跟女票172，100斤俩人吃了100根签签还有一碗毛肚一碗四川空运过来的土豆粉，太赞   ==============分割线===========   我来说说明向这边的，步行能到的，师范北门有个东北菜馆和大盘鸡不错份大量足口味好，夏天烧烤就那样，生啤呸呸呸难喝，别的也就中规中矩，万科有几家还都不错，古城哪家的肉夹馍为啥我觉得是鸡肉，别去吃韩国年糕火锅，我擦，我去吃了一次觉得韩国人民生活的真是水深火热，可能我自己吃不习惯吧，在就是医科大北门，中规中矩，有点远，去榆次的话秦妈火锅，火焰山，圣宴比较常去，榆次太小了，感觉没啥吃的，想吃好一点的去太原吧，902903在向你招手
太原理工大学电气专业怎么样？,不好我就不转这个专业了……(´･_･`)
太原理工大学的软件工程与山西大学的软件工程哪个好？,太理软件甩山大十条街，相对应分数也是比较高的
在太原理工大学现代科技学院就读是怎样一番体验？,有人说了太原的情况，我来说说孝义的。 这个学校该有的没有，不该有的夏季拔搞。 和理工大本校的沟通近似于无，不论是学术还是活动还是组织(科技学院学生会丑闻，学生会主席贪污被弹劾这个倒是传到理工大本校去了) 不论是学生组织干部还是某部门老师，官僚作风严重，因为这里(孝义)只有大一大二，可以说是代代不间断传承，各部门部长等职位可以买(有钱就行)，挂科也可以靠给相关人交点钱解决。 活动很少，只要有关系就能拿奖，校运动会四年只有一次，当然不包括作为独立学院选几个人去理工大本校参加运动会。 4000人用一个食堂(是不是很像高中？)，食堂的菜千篇一律很难吃，除了三楼还有点新意。(小笼包我都快吃吐了) 每次打开理工大本校的官网都是各大名校教授来讲课，交换生来来往往。打开现科的官网你只能看见拍马屁(你甚至还能看见一成不变的版头)。 众创空间，有能力的就上，没能力的凑热闹，都是面子工程。 更可笑的是学校盖到一半盖不下去了，大三大四还得去太原上。 师资力量，有一部分的确是太原理工大的老师，但是老师们都近乎对这里的学生绝望了，根本没人学，念PPT，到最后就是临近期末发题给大家做然后再考一遍就完事了，，就这样还有人照样挂科，也是辛苦老师了。当然也有很负责任的老师，但却遭到学生的讨厌。每次上课都得做车来回奔波，遇到天气不好就得停课，一停课就得补课有些老师选择不补跳过。 这里也很热，没有空调，不过晚上你要是不怕丢东西到是可以开着门睡觉。 这里适合谈恋爱，学校周围寂静，学校环境优雅(个人觉得不论对象还是你自己，毕了业都没有工作，恋爱还会继续下去吗)。适合土豪来，大一就能当官。但这里你想要学习，不要选择宿舍了，除非你的室友都很安静，平时请去图书馆(享受包层待遇)，期末请去空教室(拖家带口来图书馆的不少，也得注意空教室有没有情侣在亲热。而且容易丢东西，容易被清洁工卷走)，当然图书馆的书很多，质量很好，也很新。(当然也有上个世纪的高数题库，貌似是理工大淘汰下来的) 友情链接：在垃圾学校上学是怎样一种体验？   http://www.  zhihu.com/question/6050  3727?     ——————————————————————— 这个学校还喜欢亡羊补牢，真是完美的体现了亡羊补牢的真正含义。让看到实情的人笑掉大牙。 我只想说一句，不论哪个三本或者三流二本，没有特殊技能，拿着文凭出来只能刷盘子。当然家境优越国企家属当我没说，我觉得这种人简直就是害群之马，每天不学无术贪图享乐拉着别人下水，最终四年之后自己安然无恙却害了朋友。 PS：学校控制了贴吧，加了百度推广联盟
怎样评价太原理工大学？还有他的新校区（位于晋中市榆次高校新区）明向校区？,自解放以来，山西的高等教育实力被不断削弱。作为山西省领军高校的太原理工大学，她的校史，可以说是这种现象的一个缩影。  简言之，1953年院系调整后，原“山西大学”等高校的肢解使山西高等教育的综合水准一落千丈；太原工学院作为原“山西大学”衣钵的主要继承者（继承了校园、大部分教师和大部分图书），虽接纳了部分富有真知灼见的工科知识分子，怎奈国家投入太少（参见太原理工大学图书馆自建资源《赵宗复研究文献题录》），后又从（高教）部属高校降级为省属高校，在反右运动中疲于应付，在教育大跃进中部分院系师资流失（部分院系独立导致了师资流失。如化工系独立建立了“山西化工学院”，存在不到4年，造成巨大的浪费），文革中又惨遭重创。改革开放后，80年代～90年代学校又陷入了分校建设的泥潭（ 太原工业大学材料工程学院   ），90年代～00年代主政的校长谢克昌虽然带领学校入选211工程，也是在其任内裙带关系严重，学校师资流失，校园建设停滞不前，各学科排名一降再降。学校吃光“211工程”红利，发展错失良机。  如今的太原理工大学，早已无法与当年的太原工学院相提并论，甚至与评选211工程时的太原理工大学比起来，地位也相去甚远。  至于明向校区，其一二期工程建设的顺利完成，在烂尾工程频出的山西堪称壮举，却也严重耗损了太原理工大学的实力。其区位劣势已经给太工学子的思维和视野带来了较严重的负面影响。若局限于山西，明向校区堪称山西高校建设与运营的一面旗帜；但和其他211工程高校比，我只能苦笑两声。
太原理工大学和东北林业大学哪个更好些？？？, 官方账号不请自来  就用一张图介绍一下东北林业大学的实力吧   东北林业大学是 国家教育部直属 全国重点高校（教育部直属划重点），题主可自行百度中央部属的优势是什么。  祝你报考成功，9月在哈尔滨等你。 
燕山大学和太原理工怎么选？,燕大缺个211的牌子，但是机械实力没的说，除了清华，哈工大，华科，上交，西交，下来就可以数燕大了，不过录取分数应该也挺高。金属材料不清楚⊙﹏⊙ 太原理工土木建筑电气机械材料是录取分最高的几个专业（基本就这顺序），机械比燕大差很多，但是机械工程一级学科全国排30左右，还不错，材料是国家重点学科，土木曾经号称小清华 ，车辆工程是机械学院的一个比较小的专业，实力比机械差点。电气分数还行，具体实力不是很清楚。光信息完全不了解 我是理工毕业的。就知道这么多⊙﹏⊙
有谁知道太原理工大学雅思听力是外放还是耳机？？,不是外放，是耳机
河北工业大学和太原理工大学电子科学与技术的研究生哪个有发展前途？谢谢。？,个人认为是河工，因为研究生主要还是要面向工作，沿海地区电子科技需求更为发达，所以个人鼓励河工，而且河工这几年换过校长后发展更好些，同时电子科技各个方向中，河工的化学与微电子是全国第一(冷门专业)
如今太原理工大学本科生就业情况怎么样？,没什么有用的数据  能找到合适的自己喜欢的工作的就行了
如何看待太原理工大学新校区的建筑?,他的颜色和周围的学校那叫一个搭配的完美，它是皇宫黄，晋中学院是后宫红，太师院是冷宫灰。。。 不过看多了也是挺审美疲劳的，看上去旧旧的。。
吉林市考生刚刚查到被录到太原理工大学给排水工程专业，该上还是复读？,泻药…… 今年太理所有的工科都将进入基础学院。 换言之，大一又是一次高考，大二凭借大一成绩再次选专业。 如果题主是不喜欢专业，那么我个人认为还是不要复读了，争取转专业。 如果题主是对于学校不满意，那么还是复读吧。
太原理工大学第一专业很不景气的当下，如何选择合适的第二专业？,有采矿不景气？自学编程吧 
太原理工大学四大神捕？,祝你好运，刘铁山身为四大名捕之首，海军出身，担任过太原JC反扒大队要职，后被工大返聘，在他手底下逃生的据我所知只有一个！！！其他被抓全部上报取消学位证，甚至有的小朋友心理承受压力不足自杀的，现在应该是再次退休了吧！其他的就不说了，跟铁山比起来还是差很大一截的，目前江湖又开始流传小铁山的事迹了！！！他传人出山了！！！你们节哀，学长对你们的忠告是，见到他们就放弃了作弊呢念头吧！
会计专业，重庆理工与太原理工哪个好？,太原理工是理工类院校，可能会计这种经管类专业不是很出名，但是毕竟是211，是一个很好的平台，这对于考研来说比较占优势。作为太原理工会计专业学生，平心而论，学校配备的老师还是很好的，而且会计是太理经管学院的顶梁柱，各种资源都不错，可以说会计是太理文科最好的专业，没有之一。
如何评价山西大学学生和太原理工大学学生微博上的撕逼。你支持哪所学校？,我支持运城学院
