北京科技大学转专业面试一般问什么问题？,面试给转专业加不了多少分，主要看成绩。我转入了自动化学院的智能科学与技术专业，面试就两个问题： 1. 你为什么要转专业 2. 你对转入专业的认识
如何看待北京科技大学成立精准医疗与健康研究院？,校内并没有隆重宣传，估计就是个政绩工程。
如何评价北京科技大学因技术问题丢失学生体测成绩却要求学生补测？,又不是第一次了，有什么奇怪的，而且很明显也不会改进的。
西北农林科技大学可否合并北京大学、清华大学、西安交通大学、西北工业大学、西安电子科技大学来提升影响力？,西农不是985了  找不到学生是肯定的 但是越来越不值钱的一本分数线给了西农人一种自己分数线在变高的错觉 至于合并的想法 我认为西农人的生命是有限的 但是为其他大学做好绿化磨好锤子的工作是无限的 西农人应该认识到自己的七本尴尬处境 将教育部经费省下来 将教职工和学生分散到其他高校看门扫大街 这也算是另一种形式上的合并 以上
如何看待北京科技大学滑板社在校园内引起众怒？,这不是和抢占教室不让别人来自习差不多的逻辑吗？  可以，这很北科！
北京科技大学天津学院 怎么样？,匿名 匿名 匿名 —————————— 一、学校地理位置是真的偏到姥姥家 去趟天津市区也很费劲 毕竟没有正儿八经的公交车 所谓的公交不过是本地人成立的一个公交公司的敛财工具 车票从十几块钱上涨到二十几块钱 跟滨海新区的大学交通设施相比 只能呵呵 二、跟学校的联系 自我感觉也就剩一年交一次学费了 其他事儿学校基本不管   三、学校教务处的人都是吃闲饭的吧 每次放假特别是过年寒假  其他学校都公布了放假时间 而这个学校 呵呵 等他出了日子票也全卖完了  应该领导们不用抢票回家吧 四、学校暖气基本没卵用 冷的一逼 好不容易安了空调 可惜晚上断电 所以也不能用 应该校长什么的没体会过 五、除了这些 最重要的是教学质量 老师基本都是刚毕业的研究生 呵呵了 说教学质量？我都觉得对不起质量这两个字 六、我们系主任原来问我们为什么晚上不来教室自习  真的不知道她知道不知道晚上教学楼就关了 不让呆人 当然 或许她知道也不会为学生解决这件事 七、举个例子 操场隔离网总会被弄一个洞 因为设计的是真的不合理 有个洞反而很方便 然而学校每次都会很及时的补上 小南门下水坏了 都半个多月了 结果都成海了 然而学校基本没什么动作 到后来才解决 与学生息息相关的不管不问我行我素 与学生无关的积极行动做足面子工程 总之这所学校一切靠自己 一定要考研 一定要去好的学校看一看体验一下真正的大学  如果有人看到这条回答 希望你来这所学校之前好好考虑 或者来一趟看一看  也真心希望我院能够变好 然而 呵呵 —————————天然分界线 7.13 第二次更 现在的我还呆在学校  除了考研的基本已经没什么人了 看到有可能成为我学弟的孩子的留言 我忍不住还是打算更新一次 1。目前学校基本已经没什么吃饭的地方了，但好在可以点学校外面的外卖，但是明天后天就基本关门了。我去过一家据说是暑期唯一开着的一家盖饭，我只能说我自己吃不惯，别人怎样我不知道。 说这个只是想说我觉得学校重视考研也只是嘴皮子上说说，要不然为什么不想着给我们这些暑期留校的考研狗提高一下饭菜质量？真的在这点很难理解学校。好的学校必然竭尽全力提供好的学习环境，然而…… 2。再说回到考研，学校暑期只开放一个图书馆的一层和二层，你可以想象一下座位多紧张。开放个三楼就这么难？是有多节省？ 最重要的是，最近天津40度，我去趟图书馆感觉和西天取经一样。所以你知道一到饭点我即使饿了都不想出去吃饭，因为我上面说了，食堂基本都关门了，我要吃饭基本都出去走一段不近的路……所以一切都是环环相扣吧 很无奈 3。最近学校安全抓的很严。宿舍烟头不准出现 ，电插板都不许挂着的那种。不管是因为换了新的一把手还是因为天津全运会，我个人觉得都算好事儿吧。 4。说说考试。我校最近几次考试还算严格，尤其是上学期。但是这学期又有松懈吧。其实这些都不算什么。可怕的是，我的同学，考完试回到宿舍就开始大声的讨论，那个老师真sha比 我都抄上了云云，一副得意派，我很难理解这种行为，我感觉很low。我觉得我身边这样的人太多了，我替我自己感到悲哀吧。 当然作弊在我院很盛行，这么说吧一个班40人，基本只有两到三个人从大一到现在一直没有作弊过。所以你可以推理出我院到底学风好不好。 5。有的回答说师资。我可以这么说，百分之八十的老师，都是年轻人，25左右的年纪。  再说个真事儿 某系主任说，别的学校老师招聘基本都是博士学位才可以。然后顿了一下，继续说。但是咱们学校呢，比较偏僻，研究生就可以……说完她自己也不好意思的笑了笑 我不否认老师基本都很负责任，但是实话说，负责任和教学能力是两码事儿。 还有回答说编书挂名，感觉挺厉害云云 我只能说除了本部的几位大牛老师的书，例如Matlab那本，其他的我实在不敢苟同。我希望那个回答的同学可以看看别的版本的其他教材做一个比较，否则你怎么知道编的好不好？ 最近这两年学校开始用自己老师编的书了，我并不认为编书就怎么厉害了，即使编书很厉害，我也并不认同他在教书方面特别出众。这完全是两码事儿。而且有的时候编书，呵呵，你们懂得 6。我院年轻老师大都把这里当作一个跳板，有的考博有的考CPA等等，只要有别的出路，谁还在这里呆着？ 7。这里环境闭塞，如果你真的不在意学习氛围，你可以来这里创业什么的，当然你得足够有钱。创业的同学我知道的成功的少，失败的居多。 8。我校被骗的人特别多，还有借校园贷一屁股账的。具体的不说了，总之，只能说我知道了很惊讶。作为一个大学生基本的判断能力也没有，而且还是经管专业，我只能摇头，还能说什么？ 9。附近有班车，直达北京国贸的，但趟数极少，座位还少，基本赶上节假日，你六点来钟就得去排队买票，要不然你今天就回不去。拼车去北京只送到土桥，六十一位（记不清了，或者是五十） 去天津的大巴只送到华北集团。哦，对了，涨价了25块，这次连高速都不上了。我只能呵呵。这件事儿奏耐天津等微博大v又有披露和反应，但是没有相关部门来解决，现在微博去搜应该还会搜到。 我记得有一个大v这么说：对不起大家，这件事儿我真的解决不了 10。说点心里话吧。这所学校没有给我想象大学的样子，但是很无奈吧，毕竟当时自己选的。只能说来了这所学校，如果你随波逐流，那我只能说你废了，如果你跳出圈子，自己努力，那么少年，你还是会成为自己想要的样子。 一切都看你自己。感觉大多数自制力都不高，所以大多数都废了。 还是那句话，希望你们上这所学校之前，都了解清楚，都来看一看实际情况，别以后后悔自己的决定，因为这个决定着你最关键的四年。 希望我院越来越好 ps：今年校报登了36个考研成功的，有人说没有全登上，但我觉得也不会多多少。认清现实而已，yy并没有什么卵用。 不过我觉得三十六个也很厉害了 所以，你看，如果你来了还有一颗向上的心，你还可以有更大的世界！ 有什么问题可以留言问我，尽力回答 我去学习啦 
如何看待北京科技大学有史以来首次在《Nature》上发表论文？,2017年4月12日更新 距离写下这个答案已有一年半左右的时间，我也从萌新变成大三快大四的老学姐了（不我还是小仙女哼） 最近新金属材料国家重点实验室的吕昭平教授也在Nature上发表文章啦～恭喜教授呀(⁄ ⁄•⁄ω⁄•⁄ ⁄)各科老师也很开心，给我们安利了文章（然而我还没看羞愧）。 今年是建校65周年，下周就要校庆了，就让我在这个无人知晓的角落默默祝母校65岁生日快乐吧！ ------------------------我是分割线咿呀----------------------- 利益相关：北科大材料2014级本科生  看了各位的答案，五味杂陈。大二学生一枚，不懂这篇论文的分量到底有多重，但还是忍不住来添加这篇答案。可能跑题。可能逻辑很混乱。  发了这篇论文，学校挺高兴的，拉了一个条幅在学校里，但也没有过分宣传，各位老师该讲课讲课，该留作业留作业，我们学生就是通过条幅才知道的。  “哦，在《Nature》发了篇文章呀，嗯挺厉害的，诶，快点儿回宿舍收拾东西去自习，最近作业还挺多的。”  这是我的想法，不知道是不是自己奇葩了。  近年来北科大发展的很艰难，虽然钢铁还是应用最广泛的材料，但时代发展，必然会有新材料慢慢取代钢铁，而且近年钢铁行业利润越来越少，工作环境也不是特别好，这都是我刚入学时老师告诉我们的，当然老师同样也告诉我们北科大材料很厉害，享誉世界，是学校最好的专业。  我曾也有些迷茫，因为深深地感觉到学院从老师到学生都或多或少的在骄傲中带有自卑。骄傲于学校的种种成就（当然大多是以前的成就），自卑于现在学校的尴尬地位。我曾也有些鄙夷学校，觉得学校侑于过去，不思进取。我也曾看过网上的许多撕逼，当然希望大家都夸我的学校，事与愿违，越看越难过，后来干脆不看了。  后来，随着深入的学习和与学院教授的接触，我渐渐感到了这个古老学院的深沉与稳重。首先课程安排很谨慎，基础打的很牢，每一科都是为材料学院量身定做的。其次学风抓得很严，即使是大学我们依旧有到十点的强制晚自习，还有不定期的集体自习。最后我们每个人都有导师，每个班都有一个教授级别的班主任，一位辅导员，一位大四的引航学姐。大一时我们经常在宿舍吐槽高数老师的严厉，作业太多，但当我到大二时各科都需要用到积分时我打心底感谢老师的严厉，打心底感谢强制晚自习。打心底感谢导师班主任辅导员引航学姐的鼓励。  大二要做SRTP了，需要自己找教授作为导师，我给几位教授发了邮件，心里七上八下，不知道这些厉害的教授们会不会理我这个无名小辈。出乎意料，每个老师都回复了我，而且都非常愿意指导我，还鼓励我去做自己喜欢的事情，坚持下去。最后我选择了一个最喜欢的领域。我写项目申报书的时候教授手把手的教我查文献，读资料。我把写完的申报书发给教授，教授说你等一天，我看看，明天发回给你。第二天我收到的申报书上满满当当的修改意见，包括“的”这种小小的语法错误。后来自己的项目只申报上了第二等级，有点儿难过，教授鼓励我注重过程，淡化结果。现在我每周去几次实验室，虽然还什么都不懂，但师兄师姐和老师真的是手把手教我，从无到有。  学院也是想要前进的吧。我这样想。虽然步伐很缓慢，虽然承受着周围人的指指点点，但学院这位老人真的很淡定的在慢慢摸索前进的道路，在认认真真的培养新一代材料人。  或许我是喜欢上这里了。  这篇《Nature》上的文章可能在各位看来什么都不算，也没什么意义，称不上真正的研究论文，可能也没办法证明北科大的材料有多厉害，但他对于这位缓步前行的老人来说就是一针鸡血，是继续前进的动力。恳请各位保留我心中的这份美好。
在北京科技大学纳米材料专业就读是一种什么感受？,坑比专业，找几个学材料的问问就知道了
北京科技大学强迫学生做36个“志愿”工时是否合法，可以节省多少勤工俭学的工资支出？,澄清下，我没有藐视北师，北航地大等高校，凭心而论，只是说北科的条件不算差。  讲真，我在学校待了四年，没有水费，每学期送100度电。北四环，六人间，配空调，上床下桌，住宿费一年900，每层配有洗衣机，水箱，浴室，这样的条件你去看看对门地大，去看看北师，北邮北航老校区。教室和校园从没有和高中一样，要求学生值日打扫。我不知道36小时对在4年中对一个学生是有多重要，打两天lol？而且也不是只有学校内能赚工时，北医还有各种志愿活动，我曾经还去过北大免费听了俞敏洪的讲座，也在这些活动中，认识了很多朋友。孩子，多一点感恩的心吧，北科待我们真的不错。等你离开校园后，你才知道，北科是多么美好的一个地方。  
东北大学真的比不上北京科技大学吗？,还是东北大学更好吧
北京科技大学经管学院出国前景怎么样？,经管会计专业2+2出国党飘过 现已毕业 准备读研 两年半前的一个下午 还在上课 突然翻到国际处2+2的公众号推送 于是就莫名其妙下定决定要出国 于是就来到了滑大（不是野鸡大学 不在法国 跟拿破仑没关系...）一所加拿大自杀率最高的理工科大学 学经济  国外的学术氛围确实比国内好的多得多 但是出国真的挺累的 特别是国外大学大三大四的时候 可以累疯 如果你考虑研究生出国的话不妨可以选择一下暑假游学或者交流交换项目提前了解一下国外的生活学习环境 就拿我个人来说 毕业之前半年多左右开始申请香港的学校 之后去香港读研  但是我大部分同学都选择留在加拿大 本校或者其他学校申请都比较方便（毕竟2+2拿的是双方学校的文凭）有部分同学申请美国的学校 肯定比国内直接申请要容易很多  如果用贝壳的本科文凭去申请Top50应该不太有优势（除非你有很牛x的实习经历或者推荐信） 毕竟知名度不太高 所以如果家里经济负担不太大（2+2是自费项目 年开销几十w要的） 父母支持的话 以上方法可以一试  准备的话英文当然要扎实 提前去考考雅思托福gmat 练练口语   其他有什么想到再答噢
文科生如何冲击北京信息科技大学？,家里有关系，这学校反正在我们省都是靠关系进的，我没去
北京科技大学转经管专业容易吗？,转专业很随意 只要你大一大二不挂科，或者能很好的说服导员，就可以参加面试，面不面的过一般是成绩不太差就行。 双学位 有时间来一个 会让你的大学生活很充实 水不水 个人理解 一专业玩的还有人玩不明白呢 出国啊 只有材料认的好 其他不是特好 刚毕业的小学妹么 还是好好钻研点啥吧 贪多嚼不烂啊…… 资质多为良 就踏实点吧 我一直觉得学风严谨 崇尚实践比较好 还有没有机会吃上钢铁摇篮这道菜呢……
想做金属材料相关科研，应该申请斯坦福大学硕士还是继续读北京科技大学直博？,这是北京科技大学在知乎被黑的最惨的一次→_→  听说斯坦福大学不是211 北科是。。。看你有没有这个需求。。  别的。。看你学的是啥材料喽。。北科重金属一点。。斯坦福不了解。。
在北京科技大学学习打铁是怎样的一种体验？,现在上海电气电站集团基本已把基础打铁工作分包出去了，比如电站辅机厂2002年就解散了锻造车间，宏钢铸锻也快了，唯有上海重型机器厂为了满足特大型锻件的需要还活着，但是内部东北派和本土派斗争复杂，国企通病。民营锻造企业目前非常萧条，新闵锻造工资太低，申江规模太小，可以去昌强试试。去了之后主攻新材料方向，积极参与申请政府补助项目，很快就混上去了。
北京科技大学学生挂科太多只能延期毕业，需要注意什么？,哈哈哈。材料系的么？  这个问题我知道啊。 需要注意什么？ 需要注意挂的科目的重修时间。  别又错过了。好好去上课，跟老师谈谈心，用真情感动他。
为什么很多人抱怨北京科技大学的各种问题，却不用脚投票选择退学或转学？,谢邀，因为绝大多数人都没有改变自己命运的勇气和决心，另外北科大学生总体上经济条件较差（多数来自农村、县城）也有影响。但是即使这样，复读也是非常合算的投资！    复读光荣    复读骄傲   如果家里条件允许本科出国，当然退学申请本科或者转学是更好的选择。
作为一个机械考研狗，想知道北京科技大学和华南理工大学哪个更好考？,这有什么好纠结的？初试过不了，复试再简单跟你有半毛钱的关系？ 而且谁告诉你华南理工复试简单了？不要拿211跟985比难度，985绝大多数专业难度都比211高。 二者非选一个不可，那就北科，原钢铁学院，机械是基础专业，肯定不会差。 其他学校，有信心去考华科，据说机械吊的飞起。南航也不错，难度比985低，我一高中同学从湖南大学保研南航，也是机械专业。
北京科技大学研究生读得很绝望想退学怎么办？,想考北科的矿石学岩石学矿床学专业，不知学长有认识的朋友吗？
求问青岛科技大学、浙江理工大学、北京信息科技大学、湖北大学和武汉科技大学，计算机、电子信息怎么样？, 说说了解的青科大。  青科大以前的部属高校，化工出身（流传甚广的qinghua的段子），橡胶尤其好。以此为基点，发展材料和自动化，在同等级的学校里还是挺不错的。至于题主提到的CS，应该要再往后排了。  其实私以为计算机现在是个好专业没错，但考虑到性别和青岛以服务业为主打的现状，倒不见得非常适合。  环境的话，个人认为校区位置好，因为本人不太喜欢前海，出于一星保护的心态也不说太多。 
吉林大学和北京科技大学那个好啊？,当初也有纠结 思忖以后 还是选了北科大
北京信息科技大学暑假装修，学生财产大范围被窃，校方处理懈怠、不作为，我们该如何维权？, 不说别的，学校下发过通知这是事实吧。  你没收到那是你自己或你们班的责任，别赖在学校头上。  发这种问题出来丢人显眼，有意义吗？ 
女生被调剂到北京科技大学冶金工程专业，应该如何自救？,好笑，你爸妈没上过大学吧？什么年代了还专业不重要？清北学生物很可能出来不如一般学校学计算机的。更不要说北科冶金这种看不见底的深坑了，还是妹子，竟然让你去读，这是亲生的？实在不行的话，同意楼上的，好好学转专业不难的，学什么不比冶金出路好？妹子想当炉前工钢厂还不收呢。
吉林大学、北京科技大学、北京交通大学、中国农业大学选哪所比较好？,这么多说保研的，我来上个干货，你们可以感受一下 
北京科技职业学院听说是野鸡大学？,经查证，北京科技职业学院是正规高等院校，招生代码13703
武汉大学周玄毅的水平能在北京科技大学任教么？,问题已举报，有恶意挑拨之嫌  撕逼归撕逼，尽管我个人很厌恶马周二人近期的行为，但Low到这种水平的问题更让人反胃  不知道题主是出于什么心态问的，很有几分给敝校招黑的味道，敝校辩论队是不会问出这种问题的  至少于我个人来讲是不愿意也没兴趣去关心周玄毅老师的教学水平  以上，希望题主自觉删问题
北京科技大学和北京城市学院哪个好？,这是北科在知乎上被黑得最惨的一次
北京科技大学有哪些有趣的老师？,思修课的左鹏老师，高数课的范玉妹老师，军事理论的杨卫民老师，工业通风除尘的蒋仲安老师～
北京信息科技大学酒仙桥校区能不能进去上自习啊？, 那是个外包的成人教育，学动画的。  没啥转的，小的一B。 
如何看待北京科技大学食堂发布的暑假通知？,中国是一个种族隔离国家，隔离对象是包括汉族在内的四十六个民族
北京科技大学本科生去钢厂，职位和待遇和技校生有差别吗？,iPhone和山寨机用起来有差别吗？ ----------分割线，竟然有人点赞---------- 先理一下，问题有两个，一个是职位，一个是待遇。    职位一般是炉前工。  这是我之前写的一个段子：   刚来的时候，领导得了解我啊：“小冯，听说你大学的专业是冶金工程？”  我心想，了解我，是要重用我啊。我就赶紧回答说：“是的，领导。”  果然领导派 重担 给我了：“那好，去把炉坑里的炉渣铲了去。”  嘿，这活儿可真够重的，换做谁现在大学毕业过来是铲炉渣的啊？我就有话说了：“领导，请您尊重这个专业，冶金工程是……”  哪知道我话还没说完，领导就打断了我：“请你谈谈 CaO-SiO_2-FeO-MnO四元熔渣活度模型及其应用。” 此刻，我觉得还是 有必要让领导尊重我的专业 ，所以我反问了一句：“领导，铲子在哪？” 对于瞧不起炉前工的，我只能说四个字： 眼高手低。  因为不管你是哪儿毕业的，你没干过就是不会。管你是北科大还是马家田大学毕业的（不好意思马家田大学好歹还是个专科），你连炉子都分不清。你能给企业带来什么价值？   企业是为你创造的价值发工资的。   企业是为你预期创造的价值发工资的。    所以，刚到钢厂的时候，你连炉前工都不如。  落差有点大，看起来真让人失望。可是现实为什么要给你希望？你是大学生？你是社会人！ 炉前工，你都得努力才能达到。  那么，你读大学有什么意义呢？  我想先问问你选择一份工作的标准。说说我的标准吧。   在可负担的交通方式下，回家时间短。   有发展潜力，符合自己的职业规划（然而没工作谁知道这是什么鬼，但自己好歹有个目标吧）。   起点待遇不太低，能小有结余提升自己的能力和幸福感。  我想这三条标准涵盖了大部分人的职业选择。 现在可以回到 大学的意义 上了。 大学，不过是走入社会工作前的一个阶段，甚至可以说是一个缓冲区和预备区。对应到上面三条标准：顾家，扯不上多大关系；发展，密不可分；起点，有一定关系。 在钢厂的发展，同等情况下，北科大的本科生就是自带一个增益效果（ 感谢母校和校友 ）。就我个人所见，在我之前的那个西部钢厂，留下来的北科的毕业生就是比重大、攀大和技校马家田大学的毕业生升职快，快慢按这个顺序排。那些师兄，北科的本科生后进厂，三四年后就成了长白班的工段（车间）领导，管理一个工序；而先进厂的重科院的还是三班倒的班长。 至于 待遇 ，我在钢厂的 起点 是985/211&gt;普通本科&gt;专科。在刚去的时候，做同样的事，我作为北科大本科毕业生，工资标准比专科生高1K。 太晚了，虽然还有很多想说，还是睡觉吧。  如果对一份工作的期望就在于第一份工资高而不考虑发展什么的，那也就只能、只配拿第一份工资了吧。   如果去了钢厂连炉前工的活儿都不清楚，那不是炼钢，是乞讨。 
从北京科技大学退学是怎样的一种体验？,大一的时候班里一个妹纸退学了，现在在纽约上着一所艺术学院  如果觉得北科的生活不是你想要的，退学就退学、在追求理想的道路上要义无反顾头也不回  北科本来就是所很撒比的学校
打算报考MBA，准备从北京科技大学和首都经贸当中选择一个，有哪位能提供一点建议吗？谢谢？,我想问问，贸大的MBA是要求有工作经验吗？
北京科技大学材料科学与工程为啥不好就业？,谢邀 材料科学与工程，不光北科大，无论在哪个学校，不太属于不好就业的专业。而是属于就业不好的专业。当然北科大的材料偏金属，那就更不好一些。 但是，找工作总是找得到，企业一般只把材料工程毕业的学生当成素质比较高的工人而已。厂里搬砖的岗位总是有所以，其实好就业。 然而，就业也要看质量啊。毕业一个月两三千干不干？所以就的业并不好。 材料这个坑，多亏有生物挡着，还不是那么难看。长期来说，这个长期针对的是一个人的有生之年。还是非常推荐转行。因为长者有句名言：一个人的命运，当然要靠自我奋斗，但是也要考虑历史的进程。   科学网—思考：近年材料专业就业难的原因分析       一个是传统材料行业全面沦陷。 这一点我相信常逛材料人网的筒子们不陌生。钢铁、有色、水泥、玻璃等等无一幸免，产能过剩、污染严重，甚至全行业亏损……不亏损的日子也不好过。在这里我就不讨论为什么会出现这个结果了。如果说这些行业的惨淡，不会影响到材料学子的就业，我相信谁也不会相信。 11年，我那帮研究生同学找工作甚是好找。那时候传统材料形势还很好。再而后，就是王小二过年，一年不如一年。 而且，传统材料行业对就业的影响是最大的。因为传统材料行业吸纳材料专业人才是最多的。其他周边行业，也需求材料专业，但要的不多。像汽车行业一直保持着强劲增长，但主要收机械的，或者车辆专业的，材料需求就不多。   另一个是新材料行业萎靡。从宣传上看，新材料的产值甚是吓人，前途也甚是光明。在目前，新材料行业的规模还比较小，甚至有的还没有规模， 仅仅只有一个炒作概念。 像新能源，国家扶持已经整整十年，仍然是一团糟，补贴如果一断，迅速打回原形。这些产业所面临的问题比传统材料还要复杂一些。而一个产业的规模如果不大，吸纳人才也不会多。一个比较糟糕的现象是，新材料，尤其是新材料基础研究基本上是高校在承担，企业的兴趣并不大。（这一点你随便问问学校的老师，材料加工方向的承担的企业项目多一些，而材料基础研究的只能承担国家项目）这就更造成了从事新材料方向的学生多，企业需求少的矛盾。 这与就是为什么材料加工方向的同学，一般都容易就业，其他方向的相对难一些。    谁都无法否认， 材料在当今社会的战略地位。但这种战略地位还停留在纸面上。 由于种种原因不重视研发， 不少材料类企业更多地把材料人才当作一个素养较高的工人。 这多少与材料学子谋一份体面的工作相违背。  
北京科技大学的科研实力与河北科技大学相比哪个强？, excuse me
在北京科技大学（USTB）就读是怎样一番体验？, “这是我国炼钢工人的最高学府” -  中国人 对 北京科技大学 的评论  “我非常怀念在这里度过的九年” -  炼钢工人 对 北京科技大学 的评论  “土法炼钢哪家强？中国北京找钢院！” -  红卫兵 对 北京科技大学 的评论   1.专业现状  确实有少数专业处在上升期，比如码农需求很大，现在就业就不错。有的就像某匿名用户所说，学了跟没学一样，还是要靠其他方面的能力找工作，不展开。  首先是材料专业，目前国内 大批量生产 材料专业的本科生，质量大家都清楚，从事科研的是很少的一部分。 北科 自称 材料排名全国第二，仅次于清华， 全球前10，实际呢？全国第二好像是某次教育部排名，估计现在够呛，也就是靠着就业状况（当然是指待遇、环境之类的）很糟糕的金属材料拉高的分数。全球前10是SCI论文  数量  ，这玩意现在就跟发帖灌水似的，靠庞大的人数，而且在国内数量也只是第五，质量惨不忍睹，几个牛人也被挖（gǎn）到北大工学院等院所去了。即使是偏重数量的U.S. News全球大学材料专业排名也仅位列50位左右，其他排名就更差了。 Science 和 Nature 年年接近0篇（算上子刊了，不过那种打杂挂个很后面的作者位次不算），别拿 Scientific Reports 之类的水刊来凑数， Physical Review Letters 应该也是十分罕见的，居然连 Physical Review B 也没几篇。。。比较牛的教授发的好文章多数是在其他地方做访问学者或者博后时发的，要么就是生物、纳米这类容易灌水（指影响因子高的期刊容易发）而就业奇差无比的学科（比如就算你读博士期间发了一作 Nano Letters 等IF挺高的paper，发现找postdoc/教职的时候别人都捏着一大把同类的paper；至于生物嘛，已经不需要再说了： 生物专业就业难吗？ ）。  不然，真是第二，为什么前几名才能去上海交大去读研？就算你进入学术界，还有各种关要过，拿到tenure当然就压力小不少，但是有几个人能拿到。哦，你说在国内在科研啊，搞好关系，不然评职称、申基金你就去酱油吧，国内砖工的待遇都懂的，现在国内拿个能吃饱饭的职位简直挤破头啊。剩下的大部分基本上是进企业，待遇么呵呵。当然你别拿转行金融的学长/学姐说事啊，这就跟材料一点关系也没了（ 讽刺的是，材料、冶金专业近年来出现的“成功人士”，似乎也只有这类人了，还出来搞搞宣讲会啥的 ）。     冶金我就不说了，毕竟我不是冶金的，免得爱校青年拿“ 专业排名全国第一 ”的牌子来砸我， 非要砸的请先去钢厂炼一年钢再说。 不理解为什么有这么多人从冶金转材料呢？跳出一个大坑跳进另一个大坑？对于未来的前景，某位冶金的毕业生（专业排名前几，不过没读研直接工作了）自黑道：   其实未必能穷三代，在钢厂工作你还想找女朋友么？   转几篇比较客观反应工作状况的文章： 【转载】说说我在钢厂上班的经历   、 12年6月毕业屌丝在某钢厂现状   、 日钢某屌丝工人工作3个月的感受~冶金的学弟学妹们看看   、 给诸位学弟学妹们的一封信 —— 科大毕业钢厂生活纪实    太恐怖的意外事故之类就不发了，免得吓到人。  ==========================================================  2.未来道路   对于真心对这两个专业感兴趣的，请去美国或欧洲留学，并争取留下来（不要去某些很难留下来的国家）。家里有条件的可以 直接转学 去美帝，有机会去UIUC、GaTech这类materials science和condensed matter physics都很强的学校。 大二大三可以走2+2或3+1之类出国项目 （有些学校比如UWaterloo的某些专业还是很不错的，附近还有著名的Perimeter Institute，物理狗应该都知道）。 大四申请master或者PhD已经是下策了 。 你拿什么跟别人竞争PhD的位置？教授凭什么招一个什么都不会的三流学校学生去搬砖？ 不过你要是土豪（指扔了几十万找不到工作完全不在意的）的话可以去读个Columbia或者UPenn的MSE master，名气大但实际上相当水，加权80多再加上还行的GRE+TOEFL即可。当然如果经济条件所限没法出去读本科的话， 可以考虑交流一学期 什么的， 尽量去经济条件和成绩条件允许的最好的学校 ，去个和本校差不多的学校就是去玩的（比如超容易申请的国内交流），最多认识点朋友，别指望有什么帮助。 去好点的学校交流一学期到一学年，比窝在本校四年整天撸啊撸或者看韩剧的有明显优势（ 糟糕的环境是屌丝文化的培养皿 ）。   这不是爱不爱国的问题，国内那种工作环境和待遇，典型的高风险（听说钢厂的铁水倾覆吗？）低回报。就算你不为自己考虑，也请为家人和未来的孩子考虑。等到有了一定成就，再考虑今后的选择。牛人的话就可以拿个XX学者/杰出青年之类的风光地回来，还赚个为国效力的好名声。  对于对这两个专业不感兴趣的， 大一的请尽快转专业，大二大三经济条件允许的话走出国项目 （要是之前没转专业的话就不太好办了）， 实在不行的话大一退学复读都可以 ， 浪费一年比毁掉一生当然要好得多 ， 千万不要因为犹豫而后悔终生！ 这样的惨痛教训很多人有过，结果就是三十岁左右的人从钢厂等单位辞职，然后从头开始，你一定不希望这样。如果你喜欢卖房子推销保险啥的，并且确信与人交流的能力较好，那现在就去吧， 别等到在钢厂不堪忍受了才转行 。   记住如果家里不差钱的话，尽快出国吧 （谁让国内没法转学呢？）， 在这边多读一年对你的未来都是无可估量的严重损失 。大二转学去美国的，申请顶尖院校的PhD容易得多，这对于窝在本校四年的人来说可能性基本为零。你说家里没钱怎么办？那就好好学习呗， 也有公费出国交流项目 ，不过竞争激烈。哎呀，北京的夏天可真热啊。  ==========================================================  3.学习方面  下面有同学说了GPA的问题，这也是一个很滑稽的事情。北科明明是个国内三四十名（可能还不如）的学校，却非要跟别人名校学，搞什么“ 学风严谨 ”。简直就是一个天大的笑话， 一般成天打游戏混日子的都能放你补考通过，抄作业早已泛滥，某些专业考试不作弊反而是异类，作弊拿奖学金评优心安理得哦。 某些专业作弊的人实在太多，老师自然出题难度加大（觉得你们都会了），结果不作弊的人反而被孤立，好好学成绩还和作弊的差不多（因为专业课考试喜欢考原题，很多人就在抄）。但是高分却给得很少，而且还是90分才算4.0，连浙大都是85=4.0好不好？结果就是跟二本GPA很高的学生比，根本没什么优势可言。恩，最近查作弊是严了点，公然抄书的没遇到，不过打小抄带手机，然后尿频尿急尿抽筋的还是很多。  人家admission committee只知道USTC，没几个听说过USTB，谢谢， 不要以为 自称 材料全国第二世界前10人家就会听说过北科，蓝翔还自吹就业率高于清华呢，你会去吗？ 本来北科学生相比二本的科研应该有优势的，但是学校选课的自由度实在太低了，被迫学一些不会用到的技术类课程（比如我就不觉得我以后还有可能手工画那些机械图纸，哪怕偏工程方向的都是电脑制图了），大三还加上成堆的实验报告（抄的少了你就等着GPA跪成狗吧，有些老师估计就按报告长度给分的），可以用来搬砖的时间少得可怜，而且各种设备也是人满为患，用一次等好久（因为大批量生产没有什么科研能力的研究生，各种高级一点的仪器设备非常紧张。说句题外话， 北科的“优秀研究生”是在纳米、生物之类领域灌水，不过即使灌了很多也很难找教职；一般研究生就是在混日子，有目标有理想的千万别读；当然你想混文凭的话我就没什么好说了 ）。虽然课没那么难，但是光从上课时间看都和美国修两个绝对不水专业的差不多了。  说到自习室，老问题了，图书馆修了两年还没修好，别的楼课排的满满的还不时加课，各种被赶来赶去的节奏。就是这样，最近说要搞个人工湖，你就不能办点实事吗？当然空调算一件。不过好像要办的事还很多啊，那么小的校园搞人工湖？你在逗我吧？还真把自己当北大了啊（参见先前的校徽）？感觉就和这个差不多： 抚顺耗资过亿“大铁圈”走红 仅具观赏功能(图)-中新网   。当然如果有星际穿越的功能那就非常值啦！  ==========================================================  4.生活方面  至于贵校的生活环境嘛，呵呵。在这样病态的环境中，什么都有可能发生：    北科大学生吁有关部门亡羊补牢尽快整治黑网吧       北科大在校生劫持人质抢银行10万被抓       “受托杀人” 北科大女生被判无期       北科大女生跳楼身亡 院长称很正常       当然，学校肯定做了一些事来防止这些事情发生的，比如大一的心理教育值得肯定。 不过很多时候具体怎么做就呵呵了。比如有一同学经历和抢银行那位差不多，贫困山区考来，比同学小一两岁，被辅导员、学院各种关心啊，本来心理挺健康的后来都觉得自己被当成潜在犯罪分子了，还好没出什么事毕业了，现在过得不错。（请勿人肉，谢谢）  有些人肯定要说宿舍相比XX大学好很多，什么XX大学还有十几个人一宿舍的。还有的说什么住宿费很低。注意我可没说宿舍硬件很差，虽然挤了一点而且老鼠满楼窜，但是这说明宿舍环境良好，营养丰富嘛，我们怎么能抱怨呢。  ========================================================== 有些人说我在黑北科。说事实也能算黑？要不要给你们欣赏一下什么才叫黑？（水木社区曾经的热帖）：   如果我是北科大的校长 上任第一件事就是结束这个破学校【 水木社区-源于清华的高知社群   】  全文引用过来，反正爱校青年的反对票够多了，也不差几票：  发信人: rebeccapar ()， 信区: USTB  标  题: 如果我是北科大的校长 上任第一件事就是结束这个破学校（全）  发信站: 水木社区 (Sat Dec  3 02:22:21 2011)， 站内   如果我是北科大的校长 上任第一件事就是结束这个破学校，北科大太平庸了，在学院路和城府路是最次的学校，有什么存在的必要呢？    北科大并不小，但经扩招十几倍后，下午五点你会意识到这里挤满了满满的满满的满满的人，那一大帮一大帮的气质，到底怎么形容呢？真令人敬而远之。。。。。。   难道办大学就是为了让这么多黑压压的自私自利的屁孩儿不去做工，不去务农，不去当服务员，在这儿象沤臭豆腐一样酿造孤僻抑郁的神经兮兮的病人的吗？   北科大的女生一眼望去，真丑呀，普遍长的还不如男的，男的普遍是节水标兵呀不洗衣不洗澡呀，离宿舍楼八丈远，就觉得哄哄的泛恶，二十年来北科大男的里面唯一最有创新意识最有名的就是那个抢银行的，也许这就是北科大的科技吧，弄得直到今天BOC科大支行还一直战战兢兢，直到今天还是一级设防，而且直到今天六日都不敢营业，精神创伤吧？在海淀区绝无仅有。北京一三千万动态人口的特大城市，十几年来没有一个人敢抢银行，堵车没法跑呀。。。。。。只有北科大毕业的人才敢呀，在自己母校上学期间，敢抢校内银行的，不仅二，在全中国也是绝无仅有吧？？？你说怎么那么好笑呢，我实在忍不住想笑，怎么说呢，北科大的人怎么对自己这么没要求没品这么放纵呢？老师也真够次的，怎么教的呢？一个字，就是都在混呀   如果清华北航还是普通朴实，北语北大还勉强算文艺的话，北科大算。。。。。。从硬件到软件，从师到生，都是最次的，这些，这么多无聊的人在这一年年的瞎胡混，属于混的最低境界，混吃等死，北科大的老师学生是多么热爱北科大的菜市场和食堂，除了食堂，就是连绵不绝的最破最破的破楼，奥运那什么馆盖在这么个哄哄的贫民窟，好刺眼  哄哄的，自己去闻闻吧   北科大不如搬到平谷或缅甸内比都，改成技校，培养技术工人，最起码还有工作   北科大作为世界著名的综合大学，居然也是有留学生的，但只看得到黑人呀有木有，黑哥们儿这么热爱北科大，把北科大送给撒哈拉以南非洲兄弟算了   当年，家长说起来，大儿子考上清华，不错，老二上了钢院，也还行，现在，改北科大了，够笑死了，其实房子还是五几年剩下的那些危房，怎么能那么破呢？对自己也太没要求了吧。。。。。。人就不知道现在都是哪冒出来的，充满了这么个破地方，好好一个黄金地段。。。   。。。   怎么还不拆呢？都哌不亟待了   把现址拆了，改成海淀区最洋的Village，供海淀区的有钱人消费，海淀区缺这么一个世界一流的“文艺”社区，也方便北电和北语的女生兼职，然后引进所有一线品牌，和最牛逼的夜总会，到处都是晚上不睡觉的女的，多洋   PS:几天以后看到北科大人的回帖，很多好恶心，如果是别的学校比如北航清华，那，这种破人这么集中实在是不可想象   可见北科大是一怎样的破地方   ※ 修改:·rebeccapar 于 Dec  6 01:35:43 2011 修改本文·[FROM: 222.130.133.*]  ※ 来源:·水木社区  http://newsmth.net   ·[FROM: 117.136.0.*]   果然是有人把贴吧的个别喷子引来了： 在知乎上看了篇问答，难受    清理了一下，懒得跟这些人废话。素质真是难以想象。不过喷子们说得很对，我现在就在美帝一民办技校搬砖。
如何评价北京科技大学成立度学院？,谢邀。   对所谓度学知之甚少，在这件事发生之后，还特意去找了些资料对其思想进行了一番了解。  感兴趣的可以看一下北京市科协常委、海淀区政协常委、海淀区科协常务副主席李云飞博士的博客，里面有《度学》这本书的全文。   度知_新浪博客      谁知越看越觉得熟悉，看到后来恍然大悟，这特么不就是民科么！  夸夸其谈，猛灌鸡汤而言之无物，他的语气和思想，我只在一些传销者、成功学骗子和伪宗教分子身上见过。更让人膜拜的是李云飞博士不但有度学学说，还有与度学配套的度体书法和度风绘画。   他在新浪博客上的简介写的是：   哲学家、书法家，度学创立者、度体书法创造者。哲学专著有《度》《度家度语》《度学》《度经》。书法专著有《度知墨迹》《度体书法字库》。  眼前有乌鸦飞过，一种槽点太多完全无力吐槽的感觉。   当然了，就像我前面所讲过的那样，我没深入学习过李博士的专著，对他的人生也不了解，更没上过他开设的有关度学的选修课。于是我本着小心求证的态度向上过这门课的同学请教了一番：  “感觉就像传销一样。”  “大家都听不懂他在说什么，我就是为了凑学分才选的。”   好吧，或许是我们这些普通人暂时不懂李云飞大师高瞻远瞩、高屋建瓴的思想吧。   那么学术界到底有没有人懂他的度学和度学思想呢？   我又去中国知网搜索了一下，键入关键词“度学”之后看了一下结果，跟李云飞博士度学相关的文章不足十篇，再看看来源：《辽宁大学学报》、《中关村》杂志、《中国商界》杂志、《赤子》杂志。   似乎欠缺那么一些学术性，这同学校声称的“近年来兴起并得到学界认可”似乎有点不太相称。   好吧，我们姑且认为李云飞大师还是高瞻远瞩、高屋建瓴吧。   那么这样的学说是否有必要成立专业和学院呢？   鉴于报道中李云飞博士这么说：   从长远的角度讲，我们有计划招收硕士和博士研究生，我亲自带。“度学”是跨学科的，我的研究生有哲学和管理学基础最好，对他们的本科专业没有限制。今后也可能招收本科生。但无论是本科生还是研究生，我们目前还没有开始申请学位，因为“度学”和“度学院”都有一个逐步完善的过程，相信会获得国家的支持。   我又去翻了翻教育部有关专业设置的要求   《普通高等学校本科专业设置管理规定》发布      授予博硕士和培养研究生二级学科自设实施细则       其中本科专业设置的要求是：   (一)符合学校办学定位和发展规划；  (二)有相关学科专业为依托；  (三)有稳定的社会人才需求；  (四)有科学、规范的专业人才培养方案；  (五)有完成专业人才培养方案所必需的专职教师队伍及教学辅助人员；  (六)具备开办专业所必需的经费、教学用房、图书资料、仪器设备、实习基地等办学条件，有保障专业可持续发展的相关制度。    研究生博士生自设专业的要求是：   （一）与所属一级学科下的其他二级学科有相近的理论基础，或是所属一级学科研究对象的不同方面。  （二）二级学科要具有相对独立的专业知识体系，已形成若干明确的研究方向。  （三）社会要对该二级学科有一定规模的人才需求。  （四）学位授予单位应具备设置该二级学科所必需的学科基础和人才培养条件，有一支知识结构、年龄结构和专业技术职务结构合理的教师队伍，能开设培养研究生所需的系列课程。   看起来似乎这个所谓度学院完全是各种不沾边嘛╮(╯_╰)╭  那么学校为什么非要成立这样一个惹得天怒人怨莫名其妙徒惹他人嘲笑的学院呢？  好吧，这个我还真不知道╮(╯_╰)╭  只能期待有识之士的进一步分析了。  反正要我评价这件事的话，只能说出这样一句话了：  “蜗壳这是吃枣药丸啊！”
商务英语专业考研究生考一个北京语言大学好还是北京科技大学好呢？,泻药！ 本人确实不清楚！
目标院校是北理工和北京科技大学，请问老师该如何抉择？,你应该是听过我讲座，或听过我课的学生，这两所学校相距甚远，无所谓比较，完全看个人选择，而且我已经在各种场合说过好多次了，不要再问考哪个学校难度大的问题了。再好的学校也有考上的，再差的学校也有没考上的，再难的事也有做成的，再容易的事也有失败的。决定成功与否的不是事情本身难易程度，而是个人努力。
是什么让你坚持在北京科技大学读下去？,脑子进水
北京信息科技大学有什么好专业？,在校生。给我的感觉一本招生的那几个专业都不错，包括计算机类（原北京信息工程学院），通信类，机械自动化类，信管经管类专业。
北京科技大学材料专业大一学生应该转计算机吗？,不请自来… 本人材料学院辅导员，也是某位回答里的所谓2+2的现在读研科研工作双肩挑的辅导员。 我相信大部分考到材料学院的同学都不知道当初为啥报材料，是的我也是一样。 首先，辅导员肯定立场会有所不同，材料学院也确实历年来基本没有转出的。但是我想应该不是十个辅导员里九个是傻逼吧…我感觉自己不会是特殊的十分之一…但是我感觉自己也不是傻逼啊  好吧，言归正传。 经过一年或者两年的学习，学生可以在大一结束或者大二结束有转专业的决定，这一直也是我们学校的亮点也是招生点之一，也是我一直引以为傲的地方之一。辅导员会劝你考虑清楚但是做决定的还是自己。 我所带的14级同学里已经有8位同学转出，学了计算机、经管、文法等…从来不会限制同学们发展的。而且和辅导员熟悉一点的同学应该会知道，辅导员从来都是站在学生的角度，难道什么对你不好辅导员就会让你去做吗？不可能！ 我所了解的，起码科大的辅导员队伍还是很优秀的，有答主所说的专职留校他本身是学马克思主义出身的也好2+2的兼职也好，哪一个不是尽心尽力的付出…  我想…大家可能对辅导员这个职位妖魔化了…怀着满腔热情为同学们真诚奉献才是辅导员的信仰。不要不相信世界上还有不要回报的人出现，真的有！  也许有点跑题… 回归题主。和大部分答主一样，自己考虑清楚，在材料不适合就转，如果对计算机感兴趣就去学，喜欢就去啊，趁年轻…  如果题主只是对未来迷茫而没有自己真正喜欢的方向只是觉得现在的生活不喜欢，那么我建议还是要多方沟通，找到自己的目标所在才是重点！毕竟，你的家人朋友所有爱你的人都肯定希望你能更好，前提是建立在你希望自己能有所改变之上。  啰啰嗦嗦一大堆，作为辅导员还是有点委屈的。不过作为学长，我可以负责任的告诉你！只要你知道自己喜欢什么，不喜欢什么，决定了就去做，没必要犹犹豫豫瞻前顾后的，加油！  另，材料还是很有前途的~虽然自己今后也不一定在材料相关领域工作，但是在北科大材料学到的逻辑思维方法、学习方法、表达能力等等都是我一辈子不能忘的！也是非常有用的！ 材料人基本都是默默奉献的，钢铁行业也不会像计算机行业现在一样那么有朝气，而材料人的情怀就是在“做一块好钢”上（这里引自巨彪 一位北科大材料博士下基层 被成为拿情怀当饭吃的人），这不也需要点赞吗？    手机码字，见谅。还是衷心的希望大家能对辅导员有所谅解与理解，谢谢了！  同加油！
北京科技大学读矿业类想转专业？,大一好好學習，專業排名靠前隨便你轉。
本科非北科，如果考上了北京科技大学机械工程(2015)的专业硕士，有没有可能在研究生期间出国?,看机会啦，公派出国的话，机会不多的，北科很公平的，不会因为是外校来的，会有差别对待，不知你今年有没有考上
如何看待北京科技大学将部分搬迁至河北？,搬到迁安的话，干脆和首钢的技校合并算了，反正本来也是咱钢院的分校。   首钢工学院_百度百科   
为什么当年东北大学进了985，而北京科技大学没有进？,东北大学与北京科技大学当年都是原冶金部直属的高校。两个学校材料冶金学科实力都很强。一方面北科是原冶金部直属第一高校，实力毋庸置疑，但可能是因为帝都985太多的原因，为了均衡教育资源，所以名额没有给它。第二个原因则是东北大学是93年由东北工学院复名而来，老一辈的人应该都知道东工的实力，让它进入首批985工程也名副其实。
如何看待北京科技大学材料科学与工程排名第一？清华第二？,没啥意义，这种排名就是忽悠考不上清华北大的娃看的，当初我学校我的专业也专拍全国第一，清华才第三，后来读了之后就呵呵了。不过真的是分不够清华的，够的话清华就算倒数第一我也选清华。。。
华中科技大学与北京邮电大学如何选择？,谢邀。 知乎还第一次接受邀请呢，虽然并不认识也不是关注我的人。(՞•Ꙫ•՞)ﾉ  因为前几天都考试了，今天才有空来答。 其实关于大学，我上的真的也不是什么好大学，就是关于这两所大学去做了一点点的信息整理。  其实关于选学校这种事情，别人也只能给给建议，决定权在于自己啦。  选学校不仅仅是说这个学校好不好，还有要想自己其他很多东西。 比如 1.想学的专业在哪所学校更好。不管是知名度还是就业率或者考研通过率啊什么的（如果要考研的话）。  2.搞清楚想选的学校的专业是直接选好进去还是先选个大类比如电器类然后大二再分细的专业。  3.学校的住宿条件好不好啊。这个不一定很注重，看你是不是很在乎有没有独卫之类的，还有空调也是，一般来说这些比较历史悠久的学校条件可能没有更新到位。  4.这个也看你自己啦。我觉得食堂挺重要的。我们学校食堂不好吃，小吃街又拆了，外卖会腻，所以考试周的时候我好多天没胃口瘦了好多。  5.你毕业后是想回家乡还是在大学所在城市工作。家乡哪种工作更容易找到，比如据说看来北邮的通信之类比华中要好，那你家乡通信以后好就业又喜欢通信的话那可以去北邮。或者想着其他的比如机械可以考虑考虑华中。或者说家乡工作的话其实可以找近一点的学校以方便积累人脉。（反正我家长是这么说的）如果在大学所在地工作的话那就考虑哪里更适合找到工作。或者说容易找到适合自己自己喜欢的工作。 奉劝一句，不要就凭名字决定自己喜不喜欢，去查查要学哪些，就业方向等，可能比你想象的要难很多。  6.和上一条差不多，就是学校的地点，就业啊什么的。还有就是气候美食。华中在武汉，我也不太了解气候，但是知道是火炉城市，冬天好像也有点冷。北京的话秋冬沙尘暴雾霾什么的也要有心理准备。我以前同学冬天就刷屏呀。饮食也是，口味你要想一下适不适合自己。主要是保证你以后上了大学能够适应。 还有哪个城市你更喜欢呀，毕竟四年多甚至更久呢。  7.专业排名前的没那么有名的大学，还是知名大学的并不是那么喜欢的专业，每个人看法不同，自己选吧。  好多都想不起来了，想到会补充。 其实就是不单单选专业学校那么简单。 也可以问问家长意见，决定还是自己决定吧。 还有真的填志愿之前的时间可以逛逛贴吧什么的，了解了解学校和专业。  下面是我查的一点点资料。 想必你可能也查了很多了。    北邮重点学科六个并不说一定不好一点，可能综合性弱一点。    也注意一下别人的答题的时间          总之还有好多啦，看上去就是如果想读通信或者电气类的可以选北邮，其他什么的可以选华中。  别人说的也并不一定对，可能只是他觉得对。 所以有一点自己判断的能力。 考虑一下自己未来的方向。   北邮看来男生多，因为毕竟工科为主，华中因为是综合性大学，女生应该不会太少。你看情况咯，不过大学在一起的以后成功的几率我觉得并不很大。  还有你准备不准备修双专业学位，想的话喜欢的另一个学科在你想进的学校里好不好也要考虑啦，不过我觉得这些学科已经很累了诶，你自己考虑吧，大学里自律超级重要。      两所附近都是大学啦   其实去其他大学玩耍也是很好的，看看能不能溜进去听个讲座什么的，有同学认识或者交到朋友在那里消息更灵通就更好啦。  真的选专业选学校是个技术活，而且有点看运气的。 千万不要拖。 该查的都查，未来的事也可以想想。  我当初其实就是太拖了，也没有考虑太多就到了现在学校。    其实也没有很后悔，一直有那种宿命观观点，这都是命中注定啊。  选的专业有点难，我这种假理工生有点吃不消，但是不怕。       还有选了学校没有后不后悔的事，有决定必有得有失（嗯我姐姐说的至理名言）。选的专业以后觉得找不到好工作都是不会的，真的专业知识和能力才是真正重要的。如果逃课多了，期末兢兢业业，后来找不到工作说什么自己专业不好有什么意思呢。  大学了之后，就好好充实自己吧，也抽空好好玩玩，专业知识不能落下，自己处理好人际关系，总之让自己以后不要后悔就行。  大学啦，没你想的那么容易轻松，但是真的也可以算是自己的人生——启航！  祝你好运。  祝你开心。  手机没电了要充电了嘻嘻。  (◦ˉ ˘ ˉ◦)
作为一名北京科技大学采矿工程新生，我应该等一年后转CS，还是复读考其他学校呢？,早转CS真是明智的选择！冶金、材料、采矿在可预期的未来仍是深不见底的大坑，对于绝大多数人都是很糟糕的专业。  先了解一下转专业的要求和成功率： ※转专业※本科教学网    没有公开的信息可以想办法多了解一点。  需要提醒的是，很多人入学时想着好好学习脱坑，结果进去以后温水煮青蛙，不想转了或者没转成。上面的公告里有申请转到计算机的名单，可以发现实际上并不多，如果成绩不错成功率还是比较高的。这样只好陷在坑里不能自拔，甚至有人一直不敢跳出来，读到硕士博士发现死活找不着像样的工作，只好再转行，浪费多年人生。另外，北科有很多冶金/材料/采矿行业有前途的鼓吹手，什么读到博士就业也不错，千万别被他们忽悠了。  如果考虑复读，建议阅读：  今年考上的211学生该不该复读，一直想去985？ - 知乎用户的回答 
北京科技大学文物保护专业介绍？, 题主所说的文物保护专业属于北科大冶金学院下的冶金与材料史研究所，是一个二级学科，除此之外还有科技考古、传统工艺、工业遗产等专业方向，它们共同的一级学科是“科学技术史”。  先贴一段官方的介绍：  冶金史材料研究所成立于1974年，是中国最早从事专业科学技术史研究的机构之一。其“科学技术史”专业具有硕士、博士学位授予权，是目前国内第一个科学技术史（工学）博士点，一级学科国家重点学科，获批“金属与矿冶文化文化遗产重点科研基地”。目前有教师9人，其中中国科学院院士1人，教育部新世纪优秀人才4名，教授5人，副教授2人。研究所还聘请有英国剑桥大学、牛津大学、李约瑟研究所、伦敦大学等10多名国内外知名学者担任兼职教授。研究所承担由国家科技支撑计划、国家自然科学基金、国家文物局重点研究项目等多项重要课题。目前，研究所形成了冶金与材料史、传统工艺、文化遗产保护、科学技术与社会等特色学科领域。 然后是这个研究所下所有教师    （教授的详细信息题主可以自己百度，或者到北科官网上看）  可以看出是一个比较小的研究所，当然存在感也就比较弱，北科本校的学生一般也就是知道有个“科学技术史”专业，全国排名第一（刚查了下，根据教育部前两年的排名，中科大排第二，上交第三），甚至我本人也是听北大的一个老师说北科有这么个研究所，搞文物保护还不错，才知道这回事的。曾经想脱离冶金学院，单独搞研究所，因为种种原因没成功，但虽然现在还依附在冶金学院下，其实各方面联系也不多了，算是“半独立”吧。  北科毕竟前身是北京钢铁学院，这个冶金与材料史研究所研究的重点方向也在金属方面，青铜、铁器、钱币之类的。早年由柯俊院士带领起家，上图中的李延祥和潜伟两位教授都是他的学生，不过他们的研究重点都不在文物保护。   梅建军教授已经不在这边招硕士了，目前是剑桥大学李约瑟研究所所长，很多时间都在英国；李晓岑教授又去了南京，这么一来可选的导师就更少了，不过还有丰富的校外导师资源，而且目前已展开一轮大力度招贤纳士，预计近一两年队伍会不断扩张，所以师资还是比较可观的~  总体来看，应该说研究所的老师们水平都挺好，但科技史确实是一个很小众的专业，每年报考研究生的有50人左右，最多录取20人（今年招了13个），大多都不是北科本校学生。只招学硕，初试分数线在320-340之间，不高不低。另外，今年新开了一个文物与博物馆专业（跟科学技术史并列），招专硕。  暂时就想到这么多，题主还有什么具体问题就在下面问~ 
在北京科技大学中，为什么在万秀就餐的男生颜值要比鸿博的高？,大概是鸿博离教学区近而万秀离健身房近
考研北京科技大学和东北大学的马克思主义理论选哪个？,  马克思主义理论专业相对强的会参与到全国重点马克思主义学院的评选中，这是17年3月刚出的名单，可以作为一个参考。马克思主义理论作为文科，总体上来说东北大学作为老牌985大学比起北京科技大学在马克思主义理论方面更强。 
本科双非，今年调剂到了北京信息科技大学的计算机专业，不知是否值得高兴？另外这三年该如何度过？求指导？,计算机还可以吧，毕竟重点，进来也不亏。不过这学校的环境真的对不起你一个研究生的身份，且行且珍惜吧。 本科生如果有选择千万别来，特别是非计算机/信息/机电类工程的，毁你四年，后悔一生。
北京科技大学的专科相对于其他大专院校怎么样？,北京科技大学的冶金采矿等专业就业比专科还惨，在北京因为没人报所以干脆不招，只能去骗中西部农村县城娃了。
北京科技大学张学记？, 泻药  你问题都说不清楚，要别人怎么回答？ 
安徽2016年理科生5700，是重庆大学，电子科技大学，还是北京交通，华东理工?男孩子？,可以进，来北交很强势的！！(我是2015级的)
北京科技大学为什么不是985？,因为鸡立鹤群
在北京科技大学读研是一种怎样的体验？,我只是研究生在北科大就读，我想我可以回答一下。首先看你就读什么专业，如果是冶金或材料，那么你可以接触到很多国内或者国际的大师级人物。北科大的冶金或者材料方面的院士，有几个可是中国材料学界的元老，名副其实的泰斗级人物，有很多材料学界的院士甚至都是他们的学生。如果有幸你可能会见到大师们在校园里漫步（别指望大师给你授课了，人家都90岁以上高龄了。）。科大会不定期举办中国材料名师讲坛，邀请到国内国际知名学者来科大作学术报告，在这里你可以接触到最前沿的学术研究。科研方面，名师也是有不少的，且研究方向很多，只要你有兴趣你可以在这里进行各个方向的科研。     北科大坐落在学院路，这里是北京大学一条街，南邻居是北大医学部，西邻居是地大，斜对门是北航，北边有矿大，农大，北林大，北语大，西边几公里是清华，北大，人大，北理工。南边几公里是北邮，北师大和电影学院。这些学校的阵容不用我多说了吧，每个学校的实力都是在它所属的领域里靠前，甚至是顶尖的。如果你热爱学习，或者善于交友，你可以去周边大学，充分吸收各个领域的文化知识，结交各类朋友（虽然本人也去过这些学校，但只是看妹子⊙_⊙）     北科大坐落在北四环边上，西边几公里是中关村，东边几公里是奥林匹克公园。如果你热爱运动，爱跑步，学校里的塑胶跑道运动场不能满足你的话，你可以沿北四环向东，跑二十分钟就能到达鸟巢，然后在鸟巢边散散步，看看来自全国各地的游客，晚上的话还能欣赏鸟巢的呼吸灯和水立方的灯光秀。如果你喜欢打羽毛球，喜欢游泳，那么08年奥运会后投入使用的体育馆绝对会吸引你。北科大体育馆的硬件设施对决是奥运级别，而且对社会开放。当然了，对社会和本校学生的价格是不同的，本站学生价格会有很大优势哦。     科大两个食堂每个都有一些特色，而且晚上七点半还有夜宵。万秀园四楼还是和对外营业的饭店，偶尔和朋友小聚一下。这里的宫保鸡丁，烤鸭，肥牛，毛血旺都是我的最爱啊。如果不想在里面吃，那么东门北边的二里庄路口附近，西边几公里的五道口，都可以发现好多美食。特别是五道口，具体不介绍了，题主可以搜搜五道口美食。     题主热爱学习的话可要注意了，科大的自习室可是不多，如果赶上期末考试，那简直是人满为患，座位几乎是人挨人了。当然了，如果题主有辆自行车，那么可以骑车去清华等附近的学校，那里的教室多多哦。     提到自行车，题主可以骑车逛北京。从科大骑到故宫30分钟，如果是夏天的傍晚，吃完晚饭来到故宫角楼，正好赶上夕阳西下，在太阳的余晖下感受角楼的沧桑，和护城河边散步的老北京聊聊天，逗逗狗狗，更有一番滋味。     好了，手机打字太累，先写这么多，以后再补充。如果对题主有帮助，记得给赞啊！
北京信息科技大学怎么样？,谢邀～ 不知道你要问的是哪方面，那我就把我了解的跟你说说吧～  1. 学校有三个校区，健翔桥校区、清河校区和小营校区。第一个在鸟巢附近，地段最好，后两个离的很近，在北五环外面一点，最后一个是主校区。每个校区都不大，环境一般，设施一般，建筑没有自己的style，很中规中矩的大学。 【我在小营校区，所以基本上说的是小营】  2. 学习资源方面。  学校是理工科学校，机电、计算机、经管等学院都挺强大的，外国语、人文社科类专业弱成狗…  对了，学校好像很喜欢把一切朝着强势专业带！比方说，我一个学传媒的还学过VB、access及一系列计算机类的课程…无力吐槽，对，我承认自己是个弱逼…  再比方，全校除了我们学院都要参加一个叫“金工实习”的东西，俩礼拜。进车间磨一个金属块，磨成自己设计的样子…学校有车间。这个具体细节我不是很清楚，毕竟我们学院不用干这种奇葩的事儿…  据理工科的小伙伴来说，老师水平、学校的设备都不比北京211的理工科大学差（待考证，毕竟我是听说…）ps：学校的智能机器人很强大。  学校是高校共同体的成员，可以选修学院路那些大学的校级选修课，感觉还是蛮好的。我一直想感受来着，可是由于种种原因未能实现…  2. 周边。  附近是八号线永泰庄地铁站，进城还是挺方便的。学校周边吃的也挺多，但都是大排档的水平，离五彩城商城不远，西边是北京体育大学，没事可以去钓汉子…周围超市、医院什么的也不远，生活也挺方便的。  3.  也不知道具体要给你介绍啥…先就酱吧…
北京信息科技大学宿舍配置怎样？,多为6人间，上下铺，有空调，无独卫，洗澡要去澡堂，，清河宿舍有热水机器可以接水，小营要去水房打水，，健翔桥不知
北京科技大学新生入学需要准备什么？,刷刷英语四级题
北京科技大学材料学院的学风是全球最好的吗？,你见过凌晨四点的哈佛吗？
北京科技大学大学女生在读材料，不喜欢化学，对材料无感，成绩还可以。想去学计算机。不知道要不要转专业？,什么叫“材料发展好，去计算机太亏了”？ 等你毕业了如果突然发现“计算机就业环境这么好，学材料太亏了”那该肿么办？ 同学，有舍才有得，相信我，那些目标非常明确的人连双学位都是不愿意读的。任何一个领域，要做到出色，都是需要专注付出的。如果你不喜欢，是没有动力持续付出下去的，所以我劝你在此之前就先弄明白这个问题。 follow your heart，根本不是段子手说的怂。     //冶院转计通大二在读，不匿了。
北京科技大学为什么没有成为985高校？科研经费在211里面也是最多的啊?,学校太小啦 学科又少 不过虽然少但诸如材料冶金是非常厉害的
你为什么不推荐高考考生报考北京科技大学？,    我为什么不推荐高考考生上逼乎
北京科技大学的冶金和材料专业有出路吗？,大三暑期钢厂实习回学校不久，实习前考研的劲头被钢厂环境击的粉碎。 别问我为什么！！！ 不会告诉你那里基本找不到女朋友！！！ 也不会告诉你工作环境有多热！！！ 更不会告诉你污染有多严重！！！     万分激动的实习，结果实习完给我当头一棒。 我有什么好说的，谁叫我当初选专业脑子被驴踢了。 都是大实话，真事 快给学长点赞啊!   除了钢厂！！！什么你告诉我除了钢厂！！！  就我学的冶金以及从学长老师那儿获得的消息来看： 那些学习很好的研究生就去研究院了，这些应该是不错的； 有些跨专业考研，另找自己喜欢的专业，也很好； 有些本科出国的，部分也是因为对前途无望才出去； 有些本科毕业直接找工作的 诶！想想就想哭啊! 有卖房的！ 有回家种地的！ 有随便找个工作凑合的！    last but not least; 其实大学学什么专业都是次要的，关键看自己（终于说了句人话）
东南大学/华中科技大学/北京理工大学/华南理工大学 怎么选择？,说句实话，你的排名华科东南应该都去不了。 能考虑的只剩北京理工大学还有华南理工大学了。问题来了，两个学校都是理工类大学，文科专业不够强势。 报北理专业选择余地不大，报华工稍微可以选专业，但是不一定录的上金融学&amp;工商管理。 我说一下华工这两个专业吧 金融学:属于经济与贸易学院，四年大学城，宿舍好，都是带空调独卫的，饭堂也比五山好，不过位置不好在番禺岛，要实习什么的还要出岛，师资不了解。 工商管理:属于工商管理学院，大一大学城，大二到大四五山，女生应该住西区，宿舍就没有大学城的好了，好在装了空调了，饭堂普遍没大学城好吃，不过你可以去西区四楼&amp;东区二楼，有点贵但是好吃。这里不得不说，工商管理学院资源真的好，师资比金融学强，土豪校友多，有自己的图书馆，据说只给工商管理学院学生进。 关于保研，每个专业10%多一点，竞争还是很激烈的，而且你报了金融学的话会跟理科生一起排名，加油！工商管理会有一个专门文科班，不知道保研是不是单独算？
北京工商大学、北京信息科技大学、北方工业大学哪个比较好？,北京工商大学最优
集美大学和北京信息科技大学哪个好？, 当然集美大学，你看看排名  北信科是个什么玩意 
北京信息科技大学经管院系怎么样呢？师资力量和学习氛围？多谢啦～?, 能考上更好的大学最好别来，不过如果考来了……  那么恭喜，经管学院算是清河小营校区最好的学院，师资力量和学习氛围说不上雄厚，但同学间相处融洽，老师比较认真负责。 
北京科技大学的文凭在江浙沪工作如何？,居然在知乎上活捉了几只野生的校友～ 不知道题主是打算考大学的考生还是在读生（在读生的话应该会自爆专业吧） 还是准备考研呀之类的 总之，北科大还真没什么知名度。。。而且说起来暂时只能是211还不是985 因此找工作肯定是没有什么优势的（当然，钢铁类的职业和材料类的还是有一定地位的，其他就别想了） 抛开这些，就是一所普通的重点大学吧 如果要想在当地就业好还是建议读当地的知名大学为好，还有地缘优势 如果是在校生的话，那就推荐出国咯，北科大出国方面还是很行的～国际认可度也还好 到好点的学校深造一下回国就立刻不一样了
CS 华中科技大学和北京理工哪个好？,华科
北京科技大学材料学院，新材院，国重保研夏令营面试都会问些什么?,老师：你家兄弟姐妹几个？ 考生：就我一个。 老师：你学材料，你父母怎么办？
理科高三毕业生，想学工业设计，武汉理工大学，西北工业大学，江南大学，北京科技大学哪个更好？,谢邀，江南碾压其他，没有悬念
应该选择西安电子科技大学还是北京科技大学？,从专业的角度来讲，还是西电好一些，本身排名比较好，其次我听到的对于自动化这个专业似乎都不怎么看好，专业性不是很强。不过北京确实有地缘优势，如果分数可以，也可以选择北京的其他学校其他专业啊。
怎么评价北京科技大学博士毕业在地球买不起房和车，找不到对象？,为什么北科大的博士就要有房有车有对象
双一流高校建设会对北京科技大学有什么影响？,以后北科就是“双非”了，有点意思。  其实211，985的分类就有一点不合理了，我觉得这个比211，985的划分还不靠谱。举个例子（下面并不是想黑一些学校），西北农林科技是985，题主你会选择去吗？新疆大学入选双一流，题主你会选择去吗？还有，现在出个什么乱七八糟的排名，根本不能信，比如，贝壳矿业世界第一？？？？有些事情看看就好，抛开一些家庭因素，我觉得真正影响个人发展的是时代的浪潮加个人的努力方向与程度。这些东西连浪花都不能算。  或者这么说，在知乎上，清北上不了，已经是失败者了，华五上不了，咸鱼翻身的机会也都很小了，咱们菜鸡互啄有什么意思？
北京信息科技大学和北京航空航天大学选哪个好？,固然是北航好，学习氛围和硬件条件都要好
北京科技大学冶金专业毕业生月薪真的只有两三千吗？,一直觉得这个社会太浮躁……年轻人不要只看工资，你得多看看行业行情，工作环境……等你看完了行业行情，工作环境，你就知道选的这个专业到底有多蠢了……
北京邮电大学和电子科技大学该怎么选择？,果断北邮啊……当然如果你学工科，某些专业北邮比不过啊~从地域来考虑，北京比成都好吧？
我是一名北京科技大学的大四学生，现在拿到了中建一局的offer，可以解决北京户口。还需要考研嘛？,不厚道地回答： 先把户口搞到手，过两年考研，考上就离职。  二鸟在林，不如一鸟在手。  PS：一个北京户口应该还没到80W，今年打听的价格是24~50万，看学校、专业、学历不同，价格不同。  PPS：请确认你那单位会给你户口！           给自己一个承诺，户口到手后考研的志向不会变！
因为地域，放弃985的湖南大学，选择了北京科技大学，这样明智吗？,反正都各有看法嘛 反正我倒是很羡慕大城市的 什么演出吧啦吧啦 我是真他妈羡慕 当然像我这样的一学期也不出几次门的 那就挑个离家近点的 气候比较舒服的 什么住宿条件 城市不太差就行 不过我一直觉得大连还不错 但是这两年崩得有点惨…当时我就是在大工和哈工大之间挑 北京高校我可以走北交大 但是考虑到深造我觉得还是985合适 而且逼格高 又觉得哈工大去不了好专业 住宿条件太垃圾 演出几乎没有 最后选了大工（在我印象中东北大学和重大 中南分数差不多 过了几年 没想到现在成电都能吊打窝工了 南方的学校涨得挺快）其实大城市人报志愿也比较注重地域 你看像天津今年录取分数北科都比大工高啦 所以发展前景也比较重要 可能是东北被妖魔化的原因吧… 个人觉得东北大学 吉林大学现在性价比很高 只是有些人觉得东北就是和农村没什么区别（不是我！！）
北京科技大学怎样？, 不要浪费人生一年。  1.如果你是本科毕业，你的就业和你的专业其实不会一样，本科生能从事与本专业相关职业的只有一成。我曾经听过一个讲座，一个360的大佬跟我们讲他的故事，他毕业于中国石油大学油气工程专业。  2.如果你是研究生毕业，不如继续读下去，北科的采矿工程全球第一体现在哪里，体现在研究生教育的发达，如果搞研究，条件绝对是全国一流的。  3.北科的转专业政策很宽松，好好学习，努力学习，只要你大一不挂科就可以提出申请， 当然转专业的时候还是要面试，但是跟其他大部分学校比起来宽松多了。  4.北京科技大学每年新生有3000多人，最后能拿到毕业证的2800多人。为什么？因为有些人不想读了。不想读了的人和糊过去的人你觉得能学的好吗？北科的保研率全国第18，如果好好学习，将来能保研名校，也算咸鱼翻身吧。 
如何评价北京科技大学的军训？,很烦
在北京科技大学学习炼钢是怎样的一种体验？,第一次在知乎收到邀请 先谢邀 开开心心的打开 真是哔了狗了 我一个数理学院-数学系-信息与计算科学专业 的学生 居然有人邀请我回答炼钢的问题
如何看待武汉大学将北京科技大学的材料专业排名全国第一？,当然是北京科技大学好。  一是在北京，二是名气大。  MIT听都没听说过，是麻城理工学校吗？
北京科技大学传感技术就业如何？,北科这个研究中心开始建设不久……北科很有钱，肯定建设不错的，好好努力，发展前景很不错
北京科技大学天津学院和西安外事学院哪个稍好一点？,选大学，如果不是名校，同时分数线确保能达到的话，有几个要素：发达地区＞喜欢的专业＞其他。  同样的二本学校，其实在学校可能也学不到什么，但最终你会发现，在北京的比在桂林的好。地区的发达程度对视野高度很有影响。  如果地区没法选，那么选一个自己喜欢的专业上三年课，比盲目选一个“热门”的专业受的煎熬要小一点。  唔，以上。如果能有更多详细成绩资料也许会帮你分析的更好。
北京科技大学美术生考的话怎么样？,我是15届河北美术生考入北科大的～大一新生 如果想要进入北科大 专业只是拿到合格证是没有多大作用的 你得保证你考到有效名次内 科大每年在河北省会招12-17个人 如果专业考到省前三名 文化需要420分左右 如果专业在省内排到60名的话 那么文化分基本就要500＋分了 科大的美术专业是视觉传达设计 涉及学科很多 像基础的平面色彩立体三大构成、图案设计、字体设计、广告设计、数字媒体设计、包装设计、网页设计、插图设计等等。范围很广但是对于艺术类重点大学比如北京印刷学院来说，肯定是有所欠缺的。毕竟科大是工科类学校 艺术类不是重点学科 但是师资力量都不错 清华央美出身  我觉得 在设计方面 老师教的都大同小异 主要靠自己的思维和想法吧 
北京科技大学 和 东北大学，哪一所更好？,显然是东北大学，一是在东北，二是名气大。  北京科技大学听都没听过。
北京科技大学和北京信息科技大学谁好？, 北科的强项在冶金，这是肯定的，毕竟当年也是“清华北大钢老三”。随着新兴产业的发展，北科确实受制于钢铁行业有落寞，但是瘦死的骆驼比马大。首先从专业渊源来说说。想要炼钢就得采矿，所以出现采矿专业，也在前列。练钢铁需要了解地下应力等地质条件，所以引申出了岩土，岩土毕竟招生上不好听，所以发展成土木工程。采矿和地质情况采矿过程中需要运输，这样发展起来了车辆工程，机械工程。在冶金过程中想要提高产量、知道冶金机理等就需要对材料本身加以研究，所以发展起了材料，所以北科材料也是前三，尤其是金属材料方面。而这些都离不开数学、化学、物理等基础学科的支持，所以北科理学院也是稳步前进，算不上很好，但师资力量也很有竞争力，毕竟有一群年轻负责的老师。而在发展机械、车辆等必然离不开自动化、编程等，所以自动化、计算机等学科也受到很大的重视，尤其近些年互联网的发展，也将计算机专业等推上了一个新的台阶。所以北科的很多专业有它了历史渊源，同时也是与时俱进的。再者一个学校的发展与否关键在于学生和师资，有一种效应叫马太效应，强者恒强，好的学校会吸引好的学生，好学生能推进学校向更好的方向发展。如果说一个学校超过一个学校那一定是一个漫长的过程，除非拿钱砸，吸引一批批的优秀学生。所以北科在还有一定影响力情况下，也不会轻易被超过。     写在最后：  不是因为母校情怀；  没有说谁一定好和不好的意思，要知道每一所学校都有优秀的学子，不要被学校标签化；  谁如果不与时俱进必然会被淘汰；  问题问的不好，没有统一比较的标准，没有可比的意义。难道是比的名字长短还是学校大小？   
北京科技大学博士补助怎么样？北科大应用力学博士好就业吗？, 北科大还有力学专业？我觉得力学方向挺好的，特别是对于博士生，作为基础学科，必须要有扎实的研究功底，学好力学，我觉得将来去研究所、高校、国企都是不错的~  我今年就要读博了~刚从学校研招网中download的   网址在这： 北京科技大学研究生招生信息网    
本人山东考生一名。高考发挥失常被北京信息科技大学录取想复读，请前辈给我讲一下复读和北信科的利弊？,建议优先考虑出国，其次考虑复读。 在北信科你无法获得一个完整的大学体验，特别是分配到小营校区一带，方圆5公里范围内再无任何高校。且地处城乡结合部，环境和学风并不好。如果是在健翔桥校区读计算机相关专业还可以考虑一下，虽然校区不成样好歹算是城里，也能时不时去奥体中心转转。如果是小营一带的非计算机相关，纯属是浑浑噩噩地混事，是有点头脑的大一都走了。 别听那些没来过的人说，什么地处北京有大量教学资源。这地方跟良乡大学城差几个档次，即便以后沙河新校区建成你也赶不上。况且将来的就业也是一个问题，学生自己找的实习都变成了展示给新生家长的“就业率”，事实上没有哪个大公司会留住北信科非计算机相关的学生。在这读书，感觉纯粹就是空耗了四年大学时光。毕业也就是找个技校补补知识，找个车间给人操控机床了。 补充1：我说的是小营校区的情况，健翔桥学生或许觉得这学校“还不错”，也不排除部分学校宣传部门跑来吹嘘。不过题主要考虑好，这俩校区（健翔桥：信息工程学院，清河小营：机械工业学院）其实根本就不算是一个学校，连校区间正常的交流一学期也难有一次。此外老有圣母张口就说什么“自己学校应该维护”，连“很温馨”这样的话都能编出来，我想连做人最起码的底线都没有了。 补充2：“你这分数也就配得上这学校”。实际上北信科二本分数线不算低，进这学校的成绩同样可选北京工商大学、北京建筑大学之类的学校，还有很多外地的二本好大学。我亲自去看了很多分数还不如北信科的学校，周边环境、学校设施、校园风貌，和清河小营那样的流窜犯聚集地完全不在一个档次。自己错就错在当初误以为能到健翔桥，现在每天抽上自己几十个大嘴巴子都为时已晚。 补充3：（快板）有些学生啊，（那是）打心底里爱学校。（为啥捏？）因为学分可以造，文凭糊弄还算好。（噢！）周边网吧台球KTV，夜不归宿玩个爽。（嘿！）这五道口夜店玩一宿，呲个大妞干一炮。（滋润！）这家长管不着，学妹随便搞。将来工作怎么办？（他妈）俺家有钱关系硬，吃喝嫖赌四年照样有人养。（当年没毕业夸学校那群人都到哪去了？）嘿嘿，传销卖淫拉皮条！  补充4：希望所有新生都能吸取我的教训，来之前看看百度全景也累不死。左边是北信科，右边是脏乱差一条街，天气改成灰色才正常。不好意思，串天下后面那楼归海淀卫校。（还不如一个中专）要说你一个外地孩子来这就为谈个恋爱，这学校80%的北京生源还真的很难搞。（大保健这附近倒不少，具体参考雷洋案，离东小口一街之隔）反正外地学生到这四年比较可能的结果就是，学业无成，恋爱无果。不憋出个精神抑郁三观尽毁，平安回老家街道办找个工作，那就算是不幸中的万幸了。
高考后被北京科技大学天津学院录取了，可是已经去南通航运职业技术学院面试报了名，我该如何选择，?,复读吧孩子，你的路还很长啊
北京科技大学的环境工程怎么样?,我壳都沦落到二本了？？？！！！  北京科技大学（University of Science &amp; Technology Beijing，USTB）是中华人民共和国教育部直属的一所以工科为主，工学、理学、管理学、文学、经济学、法学等多学科协调发展的全国重点大学，是国家“211工程”、“985工程优势学科创新平台”重点建设院校，入选“2011计划”、“卓越工程师教育培养计划”、“高等学校学科创新引智计划（111计划）“、“国家建设高水平大学公派研究生项目”。（以上内容来自百度）  我知道题主的一本志愿肯定是top2，但你也不能这么黑蜗壳啊。
北京科技大学真的缺乏人文气息吗？,文科要学理科的课是真的， 别的不说，大一大二都是基础课，文科专业比如文法经管也要学高数大物和计算机（文科应该是VF吧）。 图书馆里理工科的书比较多这是没办法的，毕竟是工科学校啊。 至于人文气息，这点仁者见仁，反正我是觉得很缺乏的。尤其团委对于社团和学生组织的活动的管辖是惊人的智障。
本人理工女，要选签约大学，北京理工大学和天津大学哪个好？专业没有限制。个人比较喜欢高新科技类？,谢邀。 你如果对于编程有兴趣，可以考虑计算机科学和软件工程之类的专业。 北理工更偏向军工一类的方向，在传统工科和管理类来比较实力不如天大。但北京地域优势，更靠近互联网企业，实习机会多。推荐如果将来想从事非编程的互联网类工作，选择北理工，实习更方便，距离也更近。
北京林业大学和电子科技大？,这里本科法语 上海某师范 硕士北林转的数学类的 自以为能体验了文理两个世界 总的来说 我觉得文科生还是要在大城市 不管是应用类的还是学硕类的 眼界很重要 不要让已经做出的选择限制了可能做出的选择 这也是机会成本 就学校而言 成电要比北林高一点（纯行政级别）211牌子是绝对够用了 但是首都的高校氛围还是和省会城市不在一个数量级的 
如何看待北京大学、哈尔滨工业大学等名校在深圳进行本科招生或将进行本科招生对南方科技大学未来发展的影响？,怎么说呢，本来哈工的引进就在规划当中，不存在南科大后深圳不新建高校的既定路线。当初还有一块地，希望是最好清北能来一所，不成就请哈工大，最后北大来开个小班，地给了哈工大，也算是满意了。  目前而言南科大先发优势挺大的，二期在建，三期规划野心勃勃。但一线城市的哈工大会有多强谁也说不好。  考生就不要瞎担心了，两校都在往上走，谁压制谁至少得是五年后的事了，和应届考生没关系。
北京科技大学和985名校的差距有多大？,个人认为学校之间的不同只存在于北大清华和其他学校之间 ..
在北京科技大学的四年，你最遗憾或者最后悔的事情是什么？,在读，占坑。
华东理工和北京科技大学如何选择？,从宿舍条件来说北科完爆华东理工
华中科技大学和北京邮电大学的计算机科学与技术专业哪个更好，应该去哪个大学，求分析！?,推荐北邮...!  北邮对于学生在就业方面的帮助实在不能好太多，互联网圈很多北邮人。更何况华中科技在武汉，北邮在北京，你再对比下现在互联网在这两所城市的火热程度，简直高下立判。
如何看待北京科技大学2016届毕业典礼突然限制参会家长人数？,我是2015届的毕业生，当时我们毕业典礼的时候也是每个班只分配了几个家长名额，所以不是2016届才突然有的这个要求。 我有幸领到了票，所以我爸妈就过来了。然后，当然，最终来参会的家长人数当然比规定多了很多。 我记得当时家长入场的时间比我们毕业生要晚一些，所以保安开始不管有没有票都是不让他们进去的。所以等在体育馆外的家长们都炸了锅了：凭什么不让我们进去？我们家孩子毕业就这么一次，我们大老远的都跑来了，凭什么让我们在门外等着？ 于是典礼进行到一半，博士硕士生退场之后，保安再也架不住，也不管有没有票，直接放人进来了。父母们挤在一方看台上，等着看到自己的孩子毕业的那一幕。当时看到自己爸妈在看台上挤着心里还是挺不舒服的，不过天下父母心，哪个家庭不是一样的呢？ 所以我毕业那年，确实是有票和名额这个概念，但是执行的时候并没有按这个执行。 至于你们今年什么情况，我不好说。 但是你要毕业了，家长有条件来的话，还是来一下吧。
如何评价北京科技大学要求15级新生阅读《师韵》并上交千字以上读后感？,         “你大学学到的东西到了社会上说少点百分之八十都没用……”“看书有啥用，不如多学点挣钱的方法”         不知道题主是不爱看书，还是不爱写读后感，还是觉得做人应该自主，不受外界压迫。         不管是因为什么，你都可以不看这本书，不写这个读后感，随便抄抄就行。         上学之后，你也可以不看书，不做作业，不认真复习，随便抄抄就行。         工作了，你也可以不认真工作，嘲笑加班的同事，混混就行。         你的整个人生，也可以随意地活着，得到你想得到的开心就行。        《师韵》是一本好书，三年来因为一些原因我至少被迫读了四遍，每次都要变相地写读后感。烦，但是我读后感的质量，虽然一点点的在提高，但怕是并不能作为这本书的简介（开学暑假那个读后感是我随便抄的）。        《高等数学》是一本好书，可你本科毕业后并不能写出一本，甚至并不知道这本书错误之处或者模糊之处。我身边的很多学霸，现在问他们一些当年稍难的习题，十有六七要想很久才能有思路，而且并不像当年解题那般漂亮；         大学老师总是在强调学习方法，希望你运用到生活的各处；考研老师会告诉你单科的学习技巧，希望你应付过考试不要再吃一年的苦。         都是上学，目的不同，结果不同。         都是学习，目的不同，目标不同。         都是看书，目的不同，收获不同。         世界上总有些无意义无乐趣的事情你要经历，你要么被这些东西憋死，要么抱怨着应付影响到心情，要么默默处理完去做有意思的事情，要么穿过书本看到确实的真理，找到无聊事情的有趣。         你要走到逸夫楼才能上课，你要用笔在卷子上写字才能得到分数。         自由不是给你想干什么就干什么的权利，而是让你有选择怎么做的权利。  　　大学之道，在明明德，在亲民，在止于至善。  　　知止而后有定，定而后能静，静而后能安，安而后能虑，虑而后能得。物有本末，事有终始。知所先后，则近道矣。  　　古之欲明明德于天下者，先治其国；欲治其国者，先齐其家；欲齐其家者，先修其身；欲修其身者，先正其心；欲正其心者，先诚其意；欲诚其意者，先致其知。致知在格物。物格而后知至，知至而后意诚，意诚而后心正，心正而后身修，身修而后家齐，家齐而后国治，国治而后天下平。自天子以至于庶人，壹是皆以修身为本。  　　其本乱，而末治者否矣。其所厚者薄，而其所薄者厚，未之有也。 
如何看待“北京信息科技大学军训吃霉鸡蛋，喝虫子水，曝光者被威胁不给毕业证？”,不好意思，北京信息科技大学也好意思自称“大学”？
北京科技大学都上过什么排行榜？,题主啊，您长点心吧。  这学校不错，别出来瞎黑。
北京科技大学应用物理专业大一学生，喜欢金融，成绩不够好可能转不过去，但是想读金融怎么办？,1.转经济（金融）的可行性:大一加权排名低于原专业前20%的不建议转经济（金融），我当时一位同学，专业20%整，进面试然后被刷。后来看了下转成功的人，基本上就是按你加权排名的百分比选的。如果下决心转经济（金融），这学期把能考高的科目都考高吧。 2.曲线救国:不转，上双学位，不过据说咱们学校的金融双学位有点坑，我也不是很了解。之后，尽早准备考研吧，功利一些说的话，能不去的课就别去了，及格就好，毕竟你的心思应该也不在物理上面了。上你要考的学校学院官网看是考396还是数三，是431金融学综合还是经济学综合，尽早复习，刷题。 3.对2.的补充:如果到大三，排名很靠前的话，可以试着跨专业保研保到金融。目前身边的人我见过有1和2类型的，3目前还没有。  哦对了，再说一句，不管转不转，想学好基本上都要靠自己的自学。
河北工业大学，天津财经大学，北京科技大学。三个学校的应用经济学研究生，应该怎样选择呢？,河北工业大学归在教育部和河北省政府以及天津市政府联合管理。目前经费方面比较尴尬，在天津本地的认可度不是太好。要是为了211可以考虑。不过现在国家都倡导建立双一流水平大学了，985、211大势会过去的。其他学校不了解。
北京科技大学学生食堂你最喜欢的菜是什么？,应该问有哪些能吃的菜……
北京科技大学转专业容易吗？,外院转经管已成功。 要求：大一不挂科 今年转物联网和通信工程都不需要笔试面试，不挂科就能转。 材料专业前20%免试，其余的参加笔试和面试 转经管按成绩排120%进面试 转计算机需要面试
目前北京科技大学学生，冶金工程，想一年后转专业到计算机。?,题主成功了吗 新冶金狗也想走这条路
如果看待80后的王鲁宁担任新一任北京科技大学材料学院院长？,就一个水货，看他的资质不知道千青怎么混来的，居然还当了院长，我宁愿选择相信这是因为姜勇是任期没到中途辞职的过度政策，要不然北科大材料迟早药丸
在北京信息科技大学学工业设计的体验？,恕我直言，工业设计这学科在北京来说，只有清华，北理，北航还能看。北信科我觉得还是最好去学计算机。
北京科技大学的宿舍怎么样？求图片与解说，谢谢～？,我是给自己贴了什么标签，每天收到这样的邀请。如果想要了解学校真实宿舍，最好找学长。办法很简单，在QQ群了搜你的大学+专业+2017新生就好了，群里学长学姐都会解决问题的。
本科西北农林科技大学和北京林业大学哪个更适合。？,谢邀。 西北农林科技大学为啥能成985我其实也没怎么想明白……但非得选一个我还是建议北京林业大学。 但在北林，也分为园林学院和其他学院。前些年清华希望兼并北林风景园林系弥补建筑学院的空缺，但这个方案很明显最终被北林一票否决。 毕竟一个没有园林学院的北林成什么样子确实很难说。 即使没有考上园林学院，北林也依然拥有西北农林科技大学所不具有的众多优势。 单论学习和资源，不说北林背靠的清北，仅是一条学院路，就已经不是西北农林的偏远地带所能相比。再说吃喝玩乐，北京和西安就已经不是几个数量级相比的问题，更何况是西北农林所在的陕西杨凌。  现在市面上对于选大学都说选地区，选专业，选学校，西北农林都并不占什么优势，仅仅为了一个所谓的985，很明显没有必要。 985不过只是一项工程，并不是一个长远的政策，双一流大学的到来，西北农林的985地位也有很大可能受到冲击。
北京科技大学的计算机专业怎么样？,Computer science should be the best choice for most students in a crappy university who don't hate programming.
学计算机，未来想从事大数据。报北京的地大，矿大还是浙江的杭州电子科技大学？,选城市的思路，害了很多人。并不是所有的情况，都是选城市。
请问北京科技大学冶金考研的专业课可以选814材料科学基础么？, 冶金工程专业课一是数学一，专业课二是804物理化学A或809冶金物理化学或814材料科学基础或819化工原理概论或833无机化学。  可以选择考814，在研招网上报名的时候选择就行了。 
陕西省高考考北京科技大学很难么？,看智商
我应不应该从北京科技大学退学，努力改变走上歧路的人生？,2016.01.23补充: 谢谢评论区提醒。 我就是想起了我的经历，随便说说哦。 希望题主能认真考虑，表鲁莽哦。 ---------------------- 我只是随便说说我的经历。我是今年七月从北科大冶金专业毕业。 我现在是一名前端工程师。 我刚刚入学的时候就被很多人告诉，冶金完蛋了，没前途。实际上的确前途渺茫。 途中经历了转专业未果，保研未果，出国未果。都是我自己不够努力，最后放弃了。 我在宿舍里也和大家不太合不来，我从来不打游戏，也不喜欢大部分宿舍人的性格，总觉得我们不是一个世界的人。 去年十月份，我突然意识到，要去做我喜欢的事情，不能在我不喜欢的事情上浪费生命。于是我开始自学前端，今年三月进入公司实习，五月签了工作。 谁也想不到，短短几个月，我竟然成了程序员。 当我主动去了解it领域的时候，发现很多人都是非科班，做的也不差。而且无论多么冷门的语言，都有这方面的大牛。你所谓的看不到希望，只不过你还没有爬到山顶。这一点洗去了我对于冶金专业的偏见，我也不再瞧不起那些继续学习冶金的人，说不定下一次钢铁行业的突破，就是那些人做到的。 我想题主应该是在都市环境长大的，真的是比我上大一时候懂得太多，我觉得自己当时都傻傻的，哪里懂得知乎。 这不禁让我想起我的室友，对金融和经济有着极其敏锐的嗅觉。有教授直言“这是我见过最懂经济的学生”。同样冶金专业，现在正在努力学习金融知识，准备考研。但是他不担心考不上，他并不打算凭着文凭去吃饭，他只是想要真正的了解金融。我猜，现在他身价已经过了百万了吧，求他指点的人也应该不少。我大一并没有觉得他多不同，但是如今看来，他至少是比我厉害的很多。 至于题主说“歧途”，可能言重了。 有去了其他学校的学长说：北科的人文关怀算是不错的，十分注重学生的意见。题主也可以细心体会一下。  最后，如果是我遇到你的情形，我不会复读。首先，我觉得用现在去修正过去的意义不大；二来，我觉得我得一直往前走，最好不要回头。
北京科技大学文科怎么样？,作为来北科一年半的文科学生，大概讲一下理工大学文科生的体验吧。文科学科有英日德三门外语，法学行政管理社会工作三门社会学科，还有经管的一些学科（会运用数学）。 来这里纯属偶然。从来没想过。但志愿阴差阳错。刚开始各种郁闷，真的是差点抑郁了。但还是熬过来了。个人觉得条件还算不错，毕竟空调和Wi-Fi遍布全校。食堂也还不错。 至于教学，毕竟理工科院校，文科生如果可以尽量去北大北师人大之类的文科院校吧。因为文科生的确都是心底有一股情怀的孩子，会无意识追求一些人文的东西。但在这里实在很少能找到。很注重学风，很强调成绩，如果你成绩不够那其他的再好也没用，任何评奖评优，保研，包括进一些优秀的社团和组织都不会考虑你。所以有些能力出众的孩子成绩不够拔尖还是挺心塞的。 很多规定与政策也一样，人文关怀不够，充满了近乎冰冷的理科性思维。以前老师讲过03年非典的时候北京封城，很多学生逃课回家，他们回来的时候北师北外都是写了横幅说“欢迎孩子们回家”“我们一起走过”之类的，北科是把所有逃课的学生都惩罚写检讨，直到毕业的评奖评优资格全部取消，而且还有其他措施。所以怎么说呢，见仁见智吧，严谨是严谨，但毕竟时代在发展，人们更多喜欢温情一点的东西。 由于没有中文系和历史系两大底蕴文科学科，不仅导致学校人文情怀几乎为零（不夸张），图书馆书籍百分之九十都是工程类书籍（真的），剩下的百分之十也都是一些文学理论性著作或者是杂七杂八的网络小说，实在没有必备的文学经典和好的书籍。我上次想读鲁迅的小说竟然一本鲁迅的书都没找到。实在令人失望。这也导致学校的学生文科素养普遍低下。仅有的几门文科课无非是“沟通与交流”“心理学概论”@科学概论”什么的，都是大家睡觉的课，说实话这些文科的老师们在理工大学也很孤独。而且很多时候学校为了凑学分，文科的科目又不够，让我们这些文科生把高数，线性代数，编程，甚至生物当成必修课。能想象一群学外语的美少女在学生物和编程吗？这得有多痛苦？数据库编程这门课我们班级几乎全班六十分飘过。 这几年开始重视宣传，效果一般。怎么说呢，如果你觉得想改掉自己身上的矫情或者伤春悲秋，接触理工类的扎实氛围，综合自己的性格，可以来这里。如果是无诗文无情怀无法存活建议还是努力考更好的文科院校。毕竟曾经的钢院连自己的强势学科都在被时代慢慢淘汰。 创建于 20:57 著作权归作者所有
本科热动，想考研去北京，请问北京科技大学热动怎么样？,谢邀，北京科技大学的热动专业在全国还是比较厉害的，是国家重点学科，大概排名十几，近年来发展很快。但是需要强调的是北京科技大学的优势在于材料和冶金，材料冶金矿业在全国确实非常牛逼，认可度也更加广泛一些。就热动专业来讲，同城的华北电力大学和北京航空航天大学的更强一点，个人感觉，优势更加明显一些，个人建议如果说实力很强的话建议考北京航空航天大学，然后再考虑北京科技大学，华北电力大学虽然这个专业不错，但是学校的地理位置一般，就业的话都不是问题，热动专业在这几年的就业还是很不错的。最后欢迎报考北京科技大学，贝壳就业挺不错。
今年我想考北京科技大学的采矿工程专业，需要复习哪几门功课？,你是读研？
说说北京科技大学西门为什么会有那么多抱小孩办假证的妇女？,因为当年的五道口服装市场在哪里 人气旺 自然这种东西较多 现在市场搬迁 办证的没走 估计习惯了吧
机械专业 本科 北京科技大学 毕业两年 如何规划职业发展？,找个富二代，然后给他房子、车子和票子，爱他就要学会放手。（你的介绍怎么让我这么讨厌他呢）
《咱们工人有力量》曾经是北京科技大学（北京钢铁学院）的校歌吗？,《北科华章》  作词：刘晓东、王鹂、解红叶、陈小旺、关望、郝竹青 作曲：禹永一  燕都故郡，壬辰上庠，师从北洋，教承冶矿。 肇造华夏，兴国安疆，熔铁铸金，历练辉煌。 蓟门巍巍，屹立国家希望，满井苍苍，泽润钢铁脊梁。 举矿冶之星火，抚百年之国殇，奉科技以立校，育强国之栋梁。 弘德育人，师韵兰香。呕心治教，克勤业广。 风华砥砺，为仕坦荡，学风以谨，实践为尚。 刚柔并济，德才昭彰，融冶以新，震铄四方。 吾青年之盛志，如天光之正当，为中华之崛起，襄北科之华章。
北京科技大学金融类的专业怎么样？入校内转专业如何转？需要什么条件吗？,金融类的分在北科大各专业里算比较高的了。学校转专业一般只要不挂科，大一下或大二下可以申请，经管院的貌似要面试。
北京科技大学专业调剂的时候会给你打电话吗？, 欢迎加入北科大2016家长群 181104770
北京科技大学高等工程师学院怎样？,作为高工的一名学生，只能说慎选慎入，整个学院就是打造钢铁一条龙，所有的5专业再高端都是和钢铁有关的，直接在前面加钢铁两个字毫无违和感。这是就业。再说这个学院，因为相对比较新，行政管理上可以说非常混乱，没有一个完整体系，后面来说就是基本上跟学校有关的东西都会坑学生，而且基本上不帮学生说话。 以上
保研【北京科技大学-机械工程】和【上海科技大学-信息学院】去哪个？？？,谢邀……  这是上海科技大学在知乎被黑得最惨的一次……  PS:不了解上海科技大学的自己去百度百科补补知识，三个诺贝尔奖得主（可不是和平奖），十来个IEEE Fellow，faculty几乎全部都是全球top50大学毕业的PhD，三十多个院士。。。北科大呢？   上海科技大学_百度百科   
北京科技大学炼钢专业大三，如何转行计算机/金融？,哥们，你学的本来就是金融
如何评价北京科技大学学生抢银行案？, 可怜的人，09年就大六了，估计是03级左右，差不多85年生人，32岁了，重读本科，不容易啊 
北京科技大学土木学生考研适合考哪里呀？,谢邀  如果想去北方的学校土木好的很多啊  清华大学，北京工业大学，北京交通大学  哈尔滨工业大学，大连理工大学，天津大学  再远一点，西安建筑科技大学  （想起谁写谁，排名不分先后）
为什么北京科技大学放假这么晚。都大三狗了，还22号放假。？,医科大学的还没考完试吧
四川大学 电子科技大学 北京交通大学选择？,能去川大华西肯定去川大啊。喜欢it方面电子科大。但是感觉北京地理位置好啊。
吉林大学 兰州大学 西安电子科技大学 北京科技大学 山东大学(威海)和陕西师范大学 该如何选择?,作为北科大金融专业的一名小渣渣来回答 我们专业对数学要求是比较高的 数学类的课也比较多 真的见识到很多优秀的数学老师 无论是从学术上还是从人品上  ppt做的简洁易懂 深入浅出 真的不错 能让我这个文科生都学的不算吃力 而且都非常有耐心 喜欢解答学生的疑问 师生关系都不错 我觉得眼光应该长远一些 在北京 机会和平台真的不一样  相信我 给你一个不一样的选择
北京科技大学材料学女博士，sci发表五篇，毕业有哪些对口单位可以求职？,首先你要知道你希望过什么样的生活，出国留学深造，去国内高校，事业单位或者企业是完全不同的生活路径。  如果是去事业单位或者企业，文章用途不大，不细表。  如果想出国或者国内高校，科研院所。就要看文章的质量。如果有Nature Materials之类，或者你就无需在知乎上面提问题。降个档次，如果你有AM或者NL之类的话，top 20的高校都可以去试试，看你想去哪里，求职面还是比较广的。再降个档次，如果你的文章IF在6 -10 左右，估计选择某些省的重点大学比较靠谱。如果你的文章都很一般的话，就不要选择太好的高校。另外， 这个时候，完全可以考虑去事业单位或者企业。说实话，女生做科研真的比较辛苦，比男的要承受的更多。
北京考生理科628，打算学计算机和科学技术，去北工大实验班好还是报西安电子科技大学好？,别来西电了   全是泪
北京信息科技大学2018年内是否有希望进入双一流？,泻药 不了解不好评说，不过贵校凭借什么入选双一流呢？
哈尔滨工业大学威海和北京科技大学的抉择(ಥ_ಥ)？,谢邀(´▽`ʃƪ) 题主是哪个省份的考生呢？理科还是文科呢? 我是2016届山东的理科考生【没错就是哈工大威海的省份】 现在大一。也有两个同学就在哈工大威海上学，他们的目标都是要保研到哈工大本部，看来这所学校还是不错的。起码山东的话，学习氛围有保障(｡&gt;∀&lt;｡) 这一年的大学生活下来，有很多收获和心得。比如最重要的一个“选专业选专业选专业” 【也是周围同学们共同的心得】 作为一个妹子，庆幸自己当年选了金融专业，这种不费脑子不用做习题考试只需要背东西的专业。不过考研时候这个专业比较难考了。 应该大多数考生对于报志愿这个东西比较陌生吧。当时我也是这样。并没有自己喜欢的专业，对什么都一无所知。而且当时班主任传达给我们的思想是“一定要学校优先!”【为了提高名校的升学率，说出去好听，但是对个人来说这样一点都不实用。】于是傻傻的我一直在家里和母上父上大人作斗争，我想去南方的学校，我要选一个说出来比较好听的学校。天天哭鼻子，让爸爸改变看法。但是爸爸对这个研究比较多，就坚持让我选择一个好的专业，适合的专业，于是他始终按他的想法来，给我报了现在的学校和专业。现在看来，要谢谢我的爸爸。全家对这个选择都比较满意了。 所以言归正传，这两所学校都是比较有实力的学校，那就看一下有什么适合自己的专业吧。 我有个同学，一个萌萌的妹子，学霸级别，高考分数650左右吧【记不清了】本着学校优先的原则，选了天津大学。结果录了焊接专业。⊙ω⊙现在一直在教育学弟学妹们，一定要看专业。不然真的会后悔。 大学转专业也是可以的，但是几率不大，还有很多手续什么的。 报考学校的另一问题呢就是学校的地理位置了。就学校地理位置来看呢，还是北京有优势一些。毕竟是一线城市，还是帝都，所以学校在经济上，资源上，还有信息上，都会更先进一些。最近网上热传的一篇文章《我为什么放弃985.211的兰大，而选择上海大学》就是说这个大学的地理位置其实挺重要的。当然我并没有赞同这篇文章的看法。就是觉得有一定道理吧。 大学是一个比较自由，开放的环境，每天早起看书学习的有，窝在宿舍一整天不出门的也有，最重要的就是自己的态度了。 作为一个山东考生，深切感受到高考的压力带给我的成长，也算是一种沉重的洗礼吧。结果并没有很重要，因为你发现以后也会有更多的挑战和机遇。高考并不是结束，而是一个新的开始。山东的学校普遍有浓厚的学习氛围，所以在考研这方面，会有一定的帮助。 说的挺多的，也许有很多废话，只是希望题主能有自己的选择。不管在哪个学校，都有优秀的人和不优秀的人，你能做的，就是让自己保持优秀。加油吧(●'◡'●)ﾉ❤    ---------手动分割-------- 更新两张与哈威同学的对话，他帮忙问了经管学院的人。    
北京师范大学和西南科技大学，哪个的专科或者本科文凭好一点？, 血妖。。。。      北师大是全国第一的师范类大学，全国闻名，也是全国前20名的985名校；不仅学校牛逼，且知名度极其高，名声也好。     至于西南科技大学，sorry，我没听说过，不做评论。。。。 
为什么北京邮电大学科技英语阅读与翻译这门课的徐玮老师这么僵化？,楼上说到徐玮老师特别**，总是装不成功的逼，字里行间透露出的对徐玮老师的意见和歧视，我是很愤怒的。 每一个人，尤其是大学生，都不应该歧视弱者。徐玮老师英语说的差，中文也讲不明白，提一些他自己都搞不清楚的要求，装乱七八糟的逼，这些的确是他的错，但这不是我们针对他的理由。 一个不会说英语的英语老师，一个不会装逼的装逼者，一个作业要求讲不清楚还喜欢提要求的弱者。我们要关爱他，要给予他应有的尊严，要像对待一个人类一样对待他，虽然他是真的菜。 说到最后：别选科技英语阅读，别亲手毁掉自己的生活。
北京工业大学市政工程与北京科技大学环境工程那个更好（考研党）？,北工大
如何认识北京科技大学的妹子？,你们清华的不都泡北语的么，来找铁姑娘干啥，这的还不够我们钢小伙儿分的呢
如何看待北京信息科技大学宣传时自称小清华的行为？,然而它应该叫 小北大    北京信息工程学院的前身是1978年第四机械工业部1915所举办的 北京大学   第二分校。 1985年，学校更名为北京信息工程学院，隶属电子工业部。 1985年1月，经国家教育部批准，学校更名为 北京信息工程学院   。 1997年，学校与电子工业管理干部学院、北京成人电子工业学院合并。 2000年，学校划转北京市管理。 
北京科技大学的焊接专业怎么样？,你是本科还是硕士？
山东考生596分，想去北京信息科技大学？,本人北信02级，当时叫北京信息工程学院，就是现在健翔桥校区。只说下我的感觉。校园很小，操场300米。老师水平一般，像计算机类的必需要动手，这点学校当时做得不好，不知道现在。  我06年考研，北大计算机系没考上，调剂到软件学院，后来在IBM，Adobe分别实习了几个月。毕业后只要水平不是很差，去大公司没问题。 13年读了北大光华MBA，刚毕业。  说实话，上学的时候没去北大清华蹭过课，没啥用，还不如网上看看视频。北大清华可以作为目标，既然你考了596分（我当年比你高点），想去国内任何一个大学都可以去，只是有些人不敢想，也不敢做。  作为学长，大学四年很长也很短，大学不止眼前的考研，还有诗与远方。
如何评价北京信息科技大学网络速度奇慢无比？,垃圾学校垃圾网 真好意思自称“信息科技” 烂到没水准，就这模样能把学生教成什么德行？
北京科技大学读四年与985名校有多大差距？,没填吉林大学东北大学大连理工山东大学四川大学西北工大中南大学华南理工中国农大电子科大 其中很多都可以选其强势专业  从来没想过值不值的问题 但是北京四年本科生活的确不后悔 现在985越来越热 反正我没听说认识的北邮北交北科北化北林中传地大华电北外贸大的学生抱怨过自己不是985  有的时候985/211就那么回事儿： 有一回留学宣讲，发到手中的宣传单第一条要求毕业于国内985理工院校的相关专业本科生 但是主讲人说一直重点招北科大的因为北科大xx专业怎么样 完全没提什么985/211 相反大多数985都没有机会知道这件事 因为他们接下来应该只去了哈工大和北理工 好像还有西交吧。 另一所985排位进入过中国前20并不在北上的哥们聊天 他说当年考虑过北科大因为选不到目标专业转投这所985。不过因为地域原因发现申请美国研究生的信息太少了 愁苦了几天。  找工作发现北京公司无论大小都说只要211 同学说他实习的公司也这么说 最后录取的大部分是专科的 。  有的 时候人就那么一说 你就那么一听，别当真 。如果真得只招985？那你就换一家呗 世界那么大你怕啥子哦？
四川大学是985但是在成都，北京科技大学是211但是在北京，选哪个比较好？, 你面临的问题和我一样。。 
在北京信息科技大学（BISTU）就读是种怎样的体验？,   2012级自动化学弱一枚。    估计只有我认为这里就是正面的天堂了吧。   先交代下背景，这里是我费劲一年才来到学校，一志愿一专业。报志愿的时候很准确地把握了自己之后考试的状态，一分没浪费得进入到这里（别吐槽我是本专业最后一名，我上铺跟我一分我是倒数第二）。至于我为什么报这所学校，因为名字长。报这专业是因为报纸上这专业圆圈三角多。   最讨厌整天抱怨学校这学校那的，您没个本事去好的您就没资格跟这儿抱怨。也别说自己当初那分能去哪哪哪，不能正确认识自己还不如一废物。   来说说正题吧，在鄙视兔就读是怎样的一种体验？   这里就像天堂一样。 （下述皆以我所遇到的客观事实回答，若有异议请和善指出。）   之所以称之为天堂是因为你有大把的时间可以去做自己喜欢的事情。   各科考试都是很水的，基本就是有了平时分和实验分考试成绩开方乘十能过你就不会挂科，而只需要你考的几十分作弊也好考前突击罢那都是轻松至极的。如果要追求高分，平时听听课稍微用点功也是绝对轻松的。   考试的水都不用挤就能拥有大把的课余时间，做什么就交给你这个成年人自己决定了。你可以像学姐那样一直不停的努力奋斗，也可以像学长那样为社团团倾尽心血，当然也是可以把学子环宇当作第二个家。一切都可以自己决定，因为你是一个成年人。我身边就有每天泡在实验室图书馆等地的上进人士，也有两个团委下属艺术团的团长以及大片的网咖会员。人的多样性就能变成生活的多样性，站在十字路口就要经常去思考，凡事都要有个度。君子之交淡如水，投其所好乐其所乐，娱之余不忘修己身岂不乐哉！   试想在个慵懒的午后，图书馆四层一隅自然光充足的位置，一本有意思的书，一盏茉莉茗，若是旁边再有个心系于你的知己岂不美哉？   试想找个勇敢的小伙伴让他帮你尝遍这里的第九大菜系，如实告诉你哪个不错可再试岂不爽哉？（喂喂，三层的大葱鸡丁在我这二十年的世界观里叫宫爆鸡丁好不好）   试想我们五人连坐默契配合恭送敌人回老家，那一分的团队精神试问天下还有谁！   好吧，我确实是个学渣。考试抱大腿，游戏靠人带。吃饭吃得多，四楼都带喘。但就是这样的我，考试总来都不慌，游戏也比大部分人强，一学期能看下些许非快餐类书籍，没事去蹭节公选，每年下学期会去北大听四书，能和狗友畅聊AV文化，能第二天早上青眼回寝，喜欢和他们一起喝酒撒风，也喜欢独自一人笑看夕阳。 你说这算不算是天堂呢？   嫌弃学校环境不好，奥体后花园欢迎你。   嫌弃学校娱乐不好，五彩城五道口欢迎你。   嫌弃学校教学不好，八大院校各类精品课程欢迎你去蹭。   你若真把自己困在这围城当中，就慢慢腐烂吧。     最后想要抱怨一下，那个许诺给我们装空调的校长跑去 北 工 大 当 校 长 去 了！   我都快大四了那个沙河校区咋还是一片芦苇地啊！  宿舍太热夜难眠，先写这些。有空再加图片。
北京信息科技大学健翔桥如何？, 校区环境比较糟糕，校区小食堂烂宿舍挤。  以前是6-7人一间屋，现在应该7-8人一间屋。  没有独立卫浴，每层楼一个厕所，整个校区一个澡堂。  周边环境很不错，出门就是盘古和奥体。  整体来说考上这里的话，还可以考虑。  【但要注意】【北京信息科技大学】【清河小营校区】  完全就是个难民营，贫民窟！周边环境惨不忍睹，打死别来。 
北京科技大学水平如何？管理科学与工程专业怎么样？, ustb大二再读。北科的经管学院是东凌集团冠名的，作为据说是最好学院之一的我们学院感觉都不如北科的非优势专业即经管类。为了搞研究，可以来；以后想从事与金属有关的，比如去钢铁产业相关企业，可以考虑；其他，不能说别来了，只能说北科的文凭拿出去并没有优势。 
如何评价田永诉北京科技大学案？,又是来找人写作业的…
北方工业大学和北京信息科技大学哪个好？,当然是 NCUT了~~~~~~~
北京科技大学和中央民族大学的经济与贸易类和工商管理类什么时候细分专业，怎么分？,学校官网都有 伸手有意思吗
北京信息科技大学的新生入学前需要知道些什么？, 坐标健翔桥校区。  首先说一下校史，北京信息科技大学建校于2008年，由 北京机械工业学院 和 北京信息工程学院 合并而成。答主所在的健翔桥校区就是原来的北京信息工程学院所在地。  学校分三个校区，分别是 小营校区 、 清河校区 和 健翔桥校区 。其中清河校区和小营校区紧挨，步行距离十分钟左右。健翔桥校区则离另外两个校区较远，平时没有要事基本不会过去。（其实是六个校区，有两个是非本科校区，跟咱们没有关系，还有一个沙河新校区在建，估计2019年左右能搬过去）  由于答主在健翔桥校区，所以下面的回答主要 针对计算机学院和通信学院 的小萌新~     *开学考试  学校在开学前会有两场分班考试，分别是 数学 和 英语 。  一、数学   考试范围是高中学的知识，应该是以北京的高考为参考依据，难度不是很高。考得较好的一部分会分到 高数S班 ，其余同学则随机分配到其他几个高数班。S班的老师是 苏农。 与其他班相比，S班的 教学内容会难 一点，但是 考试成绩会有1.2的加权 （就是 分数 * 1.2）。数学分班考试的影响只有一年，因为高数只学一年。   二、英语   考试涉及4级题型，总体难度难于高考。其中听力部分采用 四级的听力题型 ，所有材料只读一遍，卷面上没有题干只有选项，题干会在材料读完后告诉你。个人觉得，四级听力对于高考生而言略难，听不懂很正常，重要的是把阅读部分拿下。  满分100分，我们16级过60分就能进 英语a班 。计算机学院有两个a班，一共60人左右，所以大概是前20%可以进a班。a班的好处是： 可以早考4级和6级，有外教。   具体情况是这样：b班第一学期学【大学英语1】（书），第二学期学【大学英语2】，第三学期学【大学英语3】；a班第一学期学【大学英语3】，第二学期备考四级（6月考），第三学期可以选择学术英语或口语课，口语课由外教任课，同时12月可以报考6级（如果4级过了425分的话）。  第四学期是专业英语，应该是根据专业分班，不是特别清楚。   ps：考试内容由去年情况推测，以实际情况为准。      *住宿   一、基础设施   宿舍是 七人间 （四个上下床，空一个床放行李），每个人有一个自己的柜子。宿舍 特别小 ，床与床之间如果放了一张桌子就不好过人了。 学一公寓没有阳台 ，学二、学三（女生公寓）、学四有阳台。每层楼有两个 盥洗室 ，刷牙、洗脸、洗衣服都在盥洗室完成。盥洗室旁边是厕所，就是学校那种那种 公共厕所 。每层楼配一个保洁员，所以盥洗室和厕所会相对保持洁净。公寓的某些楼层会有 刷卡式洗衣机 ，3.5元一次，人多的时候可能需要排个队。  盥洗室照片     厕所照片     洗衣机照片       二、用电    每个床位都有一个插座 ，有两个下床除了有插座还有两个网线接口（网费后面说）。 每个宿舍有450W（听说的）的功率限制 ，所以在宿舍内部是 不能使用吹风机 的，否则会跳闸。如果实在需要可以去一楼吹。 每个宿舍都配备有风扇和空调 ，每个月学校会送一定额度的电，一般不开空调就不会超，超了的话需要自己去机器上交电费。 供电时间 是从6：00到23：30，周五、周六从6：00到24：00。  据漂亮学姐反映，她们宿舍在没有其他用电的情况下， 插了300w的锅就跳闸了 。所以每个宿舍的限额不太确定，不过大家还是尽量不要探索宿舍极限吧~   三、热水   在食堂旁边和学四公寓楼下均有水房，学四公寓比较偏僻我没去打过热水，主要就食堂旁边的水房说一下。 开放时间是早上、中午和晚上 ，门口有一片放暖水瓶的区域，可以早上出门的时候把暖水瓶带上，然后中午吃完饭打完水带回去。   ps：宿舍不会有人查寝，但晚上熄灯后再回寝室就算迟寝，可能被通报批评。大概意思是去网吧通宵没事，但是12点半回寝室打扰寝管大爷休息他就会搞死你~     *浴室   浴室就是北方很普遍的那种澡堂子，南方同学可能没有见过，具体说的话就是大家赤诚相见……咳咳。每个莲蓬头下面有一个刷卡机，把校园卡放进去水就会出来，按时计费。男生洗一次澡一般1块以内。  在澡堂门口有个总刷卡机，作用是往你的卡里充水费。 每次洗澡之前刷一次 就行了。下面是该卡机的工作原理，略复杂，没看明白的同学记住洗澡前刷就行了。         刷的时候，它会先把你卡里剩余的水费退到你的校园卡里面，然后再从你校园卡里抽5块作为水费登记在你的卡上，同时收取5分钱手续费，卡机上会显示你用了多少水费。比如我刷了一次，那我的卡上就有4.95元的水费。这时我去洗澡，花了1块钱，这时我再刷卡的话卡机就会显示1.00，同时我的水费就会从3.95补满到4.95。理论上，只要你的水费没用完，你就可以一直洗澡（比如一个星期都不刷总卡机），水费信息会长期保留。但为了防止洗澡洗到一半停水的尴尬场景，每次洗澡前最好刷一次总卡机。    洗澡时间是17：00到22：00 。到21：30的时候看守浴室的大爷就不会让你进去了，所以 务必赶在21：30之前进入浴室 。22：00停水。平时的开放日期是周一到周五和周日， 周六浴室不开放 。节假日浴室门口的小黑板会写开放日期，稍微关注一下即可。       *饮食   健翔桥有三个食堂，分别是一楼食堂、清真食堂和二楼食堂。   一楼食堂是国营的，特点是 便宜 ，因为国家有补贴。缺点是一楼的大妈服务态度不是很好，做得也不怎么好吃。  一楼食堂旁边是清真食堂，这是答主去得最多的食堂。清真食堂回、汉都可以去吃，不过 回族同学有专用餐具 。清真食堂在上学期有汤锅类，比如涮羊肉（13元）和酸汤肥牛（14元），都挺好吃的。  二楼食堂是私营的，特点是 卖得比较杂也比较贵 ，然后大妈们特别特别热情。你经过她们的时候她们就对你吆喝“同学要吃豌豆炒肉、水煮肉、豆芽菜吗？”，感觉进了……咳咳。   总而言之，食堂算不上好但也不算差，比答主高中食堂要好一些，消费也不高，一般5、6块钱就能吃一顿。   ps1：回族同学第一次去清真食堂的时候给大妈看一下身份证，然后大妈就会拿专用餐具给你盛饭啦。我们校区回民并不多，所以多吃两次大妈就记住你了，以后看见你就会直接给你拿专用餐具。  ps2：南方学弟学妹最好在点锅（比如涮羊肉）之前叫食堂大妈少放一点麻酱（芝麻酱），因为这玩意儿很多南方人吃不惯。北方的饮食文化中麻酱是一个很日常的东西，他们吃什么都要加麻酱……比如吃麻辣烫和火锅，你见不到他们油碟里有辣椒，全是麻酱……  ps3： 四川同学千万不要点食堂的宫保鸡丁 ，因为北京的宫保鸡丁是甜的！！甜的！！不是你想象中的那种辣中带甜，是酸甜！！齁死人的甜！！还有就是别妄想在北京吃香喝辣了，这儿气候干燥，不适合吃辣，食堂菜也不辣。      *交通  一、北京市政一卡通（公交卡）   学校会在开学初为每个人办理一张 学生公交卡 ，学生公交卡乘公交车5折，大概每次5毛钱这样子。不过学生卡充值很麻烦，要到指定地点去充，还要带上学生证。由于学生卡要到大一上学期末才能发到新生手上，所以建议有公交出行需求的同学 去地铁站买一张普通卡 ， 不需要任何手续 ，20块押金和20块充卡费就可以办理了，下火车那天就可以直接买一张。因为学生卡充值麻烦， 建议用普通卡坐地铁，学生卡坐公交 。  如果手机支持NFC功能的话，可以直接在手机上申请一张北京的公交卡，这样出门就不用找卡了，挺方便的。2016、2017年小米、华为出的旗舰机型应该都支持，比如米5、米6 、米note2，华为p10等，另外1加5据说也能用。   二、自行车   如果是外地的同学，不建议买自行车。因为学校确实比较小，5分钟就能从寝室到教室。出门的话，可以 注册一辆ofo或者摩拜 ，北京的共享单车的投放量还是很大的，至少在这里大家不用担心“最后一公里”的问题。  基本上 地铁 + 公交车 + 共享单车 能解决你在城里的绝大多数的出行问题。着急就打滴滴，别拦的士，北京的出租车大概要比滴滴贵三分之一的样子。土豪忽略刚才那段话。      *地理位置   健翔桥校区就在鸟巢旁边，从学校出发，走个十来分钟就到鸟巢了。校区的详细地址是： 北京市，朝阳区，亚运村街道，北四环中路35号，北京信息科技大学健翔桥校区 。邮编是： 100101 。    学校南门门口有一个公交车站，叫【 健翔桥东】 ，另外一个方向的【健翔桥东】在桥对面，需要从地下通道过去。所以如果是第一次来，注意是否需要过地下通道。  学校的地标是 盘古七星酒店 ，我们一般就叫盘古。盘古非常地高，一般我们回来的时候在车上看见盘古就知道离学校不远了。盘古号称 学五公寓 ，因为我们平时在路上一抬头就是盘古。盘古的光芒照亮了夜晚的北信科，否则晚上我们都得摸黑行走……  学校北门有一家 华联地下超市 ，大家一般买日用品都会去那儿。就是地下信号不太好，要微信支付的话需要连它的WiFi才能行。  离北门不远有一家 海天饺子馆 ，说是饺子馆，其实就是餐馆。社团聚餐一般都去那儿，因为确实比较便宜又比较近（小吃街是不存在的，这破校区也就北门有几个手推车卖凉皮）。  学校北边挨着 中国音乐学院 ，中国音乐学院旁边是 三〇六医院 。从三〇六出发，骑15分钟车就是 学院路 了，很多大学比如科大、地大、北语、矿大都在那边。再骑十来分钟就是 五道口 ， 清华 就在五道口里面。  学校南边最近的地铁站是 健德门地铁站 ，步行十多分钟就到了。中间途径 祁家豁子 ，祁家豁子那儿有很多餐馆，大家私下聚餐一般去那儿吃。 家乐福 也在那儿，一般寝室采购会去家乐福买。   下面上一张简单的示意图，注意左上角去五道口的路没按比例画，只是大概示意一下。         *校园网   咱们学校的校园网还是比较良心的， 10块钱一个月，不限流量 。校园网在大多数室内都有覆盖，可以通过WiFi连接，在寝室的话可以用网线接上网口使用。我在寝室测了一下校园网的速度， WiFi大概是10M的宽带，有线大概是50M的宽带 。个人感觉是够用的。      *快递&amp;外卖   快递的地址就是学校的地址： 北京市，朝阳区，亚运村街道，北四环中路35号，北京信息科技大学健翔桥校区 。邮编是： 100101 。  快递都是快递员给你打电话，然后自己去北门门口 凭手机号取 。部分快递会跟菜鸟驿站合作，放在学三楼下的驿站那儿，也是自己过去凭手机号取。EMS在教二楼下有一个代收点，取的话必须 带身份证 ，嗯，国营企业嘛，服务态度不太好。  外卖的话就是填咱们学校，具体到公寓（比如我就填 北京信息科技大学健翔桥校区学一公寓 ）。他会送到楼下，到了会给你打电话叫你下去取。如果你在忙，可以叫送货员放到窗台上，你忙完再去取。一般没有人乱拿~      *入学准备  一、手机卡   北京的同学就不用考虑这个问题了。如果是外省的同学，最好买一张北京本地的手机卡，搭配自己原来的手机卡一起用。移动、联通和电信都有相应的校园卡，基本上就是200打一年、300打两年。三家的情况是这样，移动的套餐内流量、通话最少，但时不时地会送很多本地流量，一送几个g。联通的套餐比移动的套餐多一些，但很少有送流量的活动。电信的套餐是最丰厚的，详情可以看答案最后的广告，答主在卖电信的校园卡（捂脸）。  如果对流量需求比较大，可以考虑入一张电信出的 磅礴卡 （只能在北京用），46一个月，2个g的4G流量，超了以后限速3.1Mbps(大概350k/s的下载速度)，每月50g封顶。或者选择 米粉卡 ，5块月租，日租3块版是每月前40g用4G网速，超了40g限速3.1Mbps；日租1块版是1块500M流量，不限速。另外比较划算的流量卡还有腾讯的 大小王卡 ，哔哩哔哩的 22卡、33卡 。看个人需求，一般如果宅在学校不出门校园网完全够用。不过也有同学为了流畅地打王者荣耀入了磅礴卡，答主经常出门，所以买了一张米粉卡应急。  建议外省同学在早点把手机卡的问题解决，9月3号报到，最好八月就能把卡先办好，九月激活。因为刚来学校是不能用学校的WiFi的，只能用流量。老家卡里的那点全国流量完全不够用~~   ps：答主只卖电信的校园卡，所以与推荐的流量卡并没有利益相关。想买流量卡可以参考这个帖子： 如何评价小米推出的米粉卡？这么多流量卡到底那个更合算？   二、生活用品    统统不用带。   正经说就是，除了在火车上必须用到的东西以外，基本上都可以当天来学校买。 学校官方会卖被褥枕头和三件套 ，也可以找一些做新生生意的学长买，价格一般三百到四百之间，孰优孰劣，到时候自己比较一下就行了。其他的比如衣架、拖鞋、沐浴露、洗发露、洗衣液等等都可以来了以后现买。柜子锁看个人需求，我们宿舍当时都买了，但是后来嫌麻烦谁都没有锁。  一些非急需用品可以考虑快递，来学校前一两天下单，来学校再领就是。   三、电脑   首先， 学校不会禁止你带电脑 ，所以大家放心带，别带个台式就行了。  其次， 对于计算机学院和通信学院的同学，电脑是必需品 。因为开学就要学C语言，必须上机做题，用机房的电脑会极度不方便。所以建议开学前就把电脑买好。如果是小白的话，就去网上学一下电脑的基本硬件知识，再去挑个稍微好点的电脑。既然都选了这个专业（计算机/通信）了，总不能还像个小仙女一样说“人家啥都不会你帮人家选一个嘛”吧？  推荐一个帖子，小白可以看看： 如何选购笔记本电脑？ - 知乎    四、贫困生准备   学校下发的通知书里面有国家贷款的办理办法，分别是生源地贷款和校园地贷款。生源地贷款要在本地办，校园地贷款是开好 贫困证明 来学校办。  贫困补助也是需要贫困证明的，所以家庭困难的同学一定要 提前办理 好，千万不要到了学校再办。到时候用贫困证明学校会给贫困生开绿色通道，会送一副听力耳机（其他人必须花50买），送100的校园卡充值券，送一套被褥枕头三件套等等。  多说一句，我不知道新生里面有没有家境特别差的。如果有，不要着急，一是学校有补助，二是在这边有很多兼职可以做，基本上只要肯吃苦，生活费是不用家里掏的。      *上课情况  计算机学院大一上有两门专业课，其余都是公修课或者选修课。下面是我大一时候的课表：    计算机导论和C语言是专业课，文学作品鉴赏和硬笔书法是选修课（开学前会有时间在网上选），其他都是必修课。值得一说的是体育，大一上体育要考核 跳绳、踢毽和抖空竹 ……就是电视里那些大爷大妈抖的那种……跳绳半分钟100个算满分，踢毽半分钟25个算满分，抖空竹抖出声一分钟算满分。      *闲谈   如果有小伙伴有 复读 的打算的话，一定不要犹豫，赶紧去，别到时候再后悔多不划算。北信科是 双非一本 ，肯定没有北科、北交、北理之类的大学校好，讲真基础设施也不太棒。所以高考翻车比较严重的话，回炉重造去个985 211是个不错的选择。不过如果决定了要来的话，这儿也算海阔天空，任你鱼跃鸟飞~  现在还在度暑假的小伙伴，好好玩。没有太大的必要提前学习大学内容，当然自己有浓厚兴趣例外。计算机专业C语言是基础，大学老师会一点一点给你讲，不用担心跟不上。  宿舍是分好的，但 床位先到先得 。  外省的小伙伴不要对北京的天气太悲观，这儿的 雾霾其实没那么夸张 。确实有严重的时候，但也就冬天偶尔会有那么一两天，其他时候都是蓝天白云。不像某盆地，冬天见不着太阳，闹出蜀犬吠日的成语来= =  南方同学来北京千万不要怕冷，这里的 冬天暖和到飞起 ，因为有 暖气 呀！南方同学可能没有体验过暖气，来了你们就知道，这是世界上第二伟大的发明~  有没得 四川 小伙伴得哟，快到学长碗里来！另外， 自贡 嘞娃儿伙些可以凭卷舌四川话蹭学长一顿饭哟~      *广告  嗯，我最终还是走上了卖手机卡这条不归路( ˙-˙ )   北京 电信 校园卡(´▽｀)  180打一年，280打两年(´▽｀)  相当于 一个月15块/11.6块 (´▽｀)  套餐里每个月有 3个g的北京本地流量 和 2个g 的北京本地闲时流量，以及 200M 的全国流量(寒暑假全国流量为1个g)，同时还有 320min 的免费通话时长和 20条 短信(´▽｀)   不是新生也可以买！   购买形式是我发官方链接，你们自己去官网买，所以不用担心受骗什么的~  有兴趣的同学可以加答主QQ： 963998654 （不买也可以加呀~学弟学妹快到碗里来~~~）  下面两张图是购买页面，大家可以参考一下：            另外跟大家说一下，联通、移动也有类似的套餐（200块打一年、300块打两年），都是针对刚入学的新生的。不过电信的流量是最多的，而且这个卡可以 每个月加十块本地流量翻倍 ，相当于每个月25块/21.6块就可以用 6个g 的本地流量，在三个运营商中送的流量是最多的。  基本上大家入学以后肯定会选一张校园卡的，因为不管移动、联通还是电信，校园卡都是优惠力度最大的卡。不过其实 不建议把校园卡作为银行、QQ、支付宝等的绑定卡 ，因为这些卡套餐的原价其实一般都是四五十块钱一个月，只是针对新生入网的头一年/两年有优惠，过了这段时间会恢复原价。答主自己现在用了三张卡，一张是老家的卡，绑定了很多东西，基本不会换了。一张是去年入学时办的校园卡，300打两年，两年过了就去销户，明年再买一张新生卡用。另外一张是米粉卡，作为应急流量卡用。      大家有什么问题在评论区问吧，我会在答案中更新的。请新生党熟练使用Ctrl + F搜索关键字~  来都来了，何不点个赞：）      更新通知 ：下次更新时间为7月30号，预计增加社团篇、报到篇和其他的小问题。   通知 ：晚上和高中同学吃自助去了，原定于今天的更新推迟，抱歉啦。     -------------------------------------------------8.1更新分割线-----------------------------------------------------  洗衣机问题   每幢宿舍楼都有洗衣机，但不是每层都有，只有在特定楼层有一间洗衣房。图片在住宿篇放过了，就不放了。值得注意的是，洗衣机上有详细的使用说明，如下图：      但是！这个说明是假的！假的！假的！ 不管你刷几次卡，最终都是洗 42min ，并且收 3.5元 洗衣费。开学的时候我们宿舍用尽了洪荒之力，也没有用自己的麒麟臂刷过三次= =直到后来学长道破天机……   健翔桥的洗衣机已经鸟枪换炮了 ，前两天全部换成了美的的新洗衣机。现在是扫码洗衣， 需要下载一个app(U净) ，有四个档次可以选择，比以前方便了很多。   交通问题补充   学校门口有公交车站，叫 健翔桥东 ，因为就在门口，就不赘述了。  祁家豁子那边有一个 健德门地铁站 ，从 c口 出来过马路，沿着祁家豁子的方向一直走，就到咱学校了。过马路时找一下 稻香村 （此处应有广告费），因为健德门的位置是在一个十字路口，很容易走错。稻香村就在祁家豁子那条道的边上，算是一个路标。  另外一个常去的地铁站是 惠新西街北口 。这个地铁站其实离学校较远，但我们可以在 健翔桥东 坐公交，在 安慧桥北 下车，是一条直达线路，还是挺方便的。  鸟巢旁边有一个 奥体中心地铁站 ，离咱们学校是最近的，但答主很少坐8号线，知之甚少，就不说了。   生活问题补充    打印室 有两个，分别在 操场旁边 和 北门小院 里。北门那儿的打印室是私营的，服务比操场旁边的会好很多，一般大家都回去北门那儿打印。单面一毛一张，双面一毛五一张，不贵。  北京极为干燥， 冬天的时候南方同学务必做好防干准备 ，如面霜、唇膏等。有条件的同学可以买一个迷你加湿器（usb接口），放在床头增加湿度。  学校周边有三家 麦当劳 ，分别在鸟巢、民族园和健德门。   肯德基 答主不甚清楚，只知道家乐福楼下有一家。   祁家豁子 有很多餐饮门店，答主稍微说几个作为参考吧。     渡娘火锅 是我们寝室的聚餐圣地，基本上次次聚餐都去那儿。渡娘是川式火锅，辣锅是一绝，真的超级无敌爆炸好吃。唯一的缺点就是太贵了。对了，川渝二地的人去吃渡娘有78折，结账时给服务员看身份证就行了。（就算打了78折还是贵，6个人一起吃每人大概要 70+ ）   武圣羊汤 适合一个人去吃，有羊肉米线、羊肉馅饼什么的，羊汤很好喝。（单人 20+ ）  其他的门店还有 北华涮肉 ，算是一家火锅店，但建议四川人就别去凑热闹了，居然没有辣碟……家乐福楼下有 呷脯呷脯 ，属于单人火锅，据同学说挺好吃还便宜，答主没去过。  健德门地铁站旁边有一家 重庆小面 ，老板娘是重庆人，店里有小面、肥肠面和老麻抄手等。味道还不错，很家常，就像是老家镇上开的面馆一样。（就是价格不太家常，一碗素面12、抄手12、肥肠面18……答主要吃两碗抄手才能吃饱= =）   宿舍一角   柜子内部。     床。     床上书架     宿舍中属于自己的私人空间大概就这么多，宿舍全景图就不拍了，毕竟室友有隐私嘛。   报到篇   在北京 微信支付 和 支付宝支付 能解决99%的消费问题。所以出门可以不带钱，但务必带好手机。但是， 开学时要备足现金 ，开学初的消费（如听力耳机、被子）就是那1%。  学校有 北京银行的ATM ，可以取钱。  新生 趁早办一张北京银行的卡 ，别报到那天堵着去。   学费是直接从银行卡里扣 ，别被骗了。  报到当天会有学长刷楼卖手机卡，谨慎。（ 答主除外 哈哈）  报到当天学校官方有卖被子的，也有学长在卖被子，自己看好质量。其实可以考虑提前两天在网上买，然后来了再打电话叫送过来（谨慎，可能玩脱）。   贫困生务必带好贫困证明 ，开学当天会有 绿色通道 ，可以领一副听力耳机（50块钱）、被子（包括被单、蚊帐、三件套）等等。   社团篇   学校的社团分为两种，一种是 组织 ，一种是 兴趣社团 。    一、组织    通信学院不清楚，计算机学院有 四大院级组织 ，分别是 院学生会 、 院团支部 、 新闻中心 和 崛博 。四者承接学院的各项活动，如元旦晚会、毕业晚会等等，里面水很深，由于答主都没参加，就不瞎说了。  答主知道的 校级组织 有 校学生会 、 志愿者联合会 、 红十字会 和 广播台 。    志联和红会承接了很多北京市的志愿活动，如果大学有意愿做志愿的话，建议加入其中之一。虽然志愿活动号称面向全校，但其实大多数志愿活动名额较少，基本上是志联和红会内部消化（广告：答主在志联网媒部等待小可爱们哟~）。  广播台，顾名思义嘛，对播音有兴趣的学弟学妹一定不要忘记报名哟，每周二晚上15分钟例会结束后就是狼人杀时间哟~想加广播台可私聊~  志联、红会和广播台在健翔桥都有支部，基本上自成一家，与小营那边联系甚少。但校学生会在健翔桥没有支部，开会和活动都要去小营，所以加校学生会时慎重考虑。    二、兴趣社团    技术类社团有 iflab 、 计算机博弈社 等等。  兴趣类合团有 轮滑社 、 街舞社 等等。  体育类社团有 篮球社 、 排球社 、 足球社 、 乒乓球社 等等。        一点建议 ：各位新生加社团时要考虑自己的实际情况，不要太多， 两三个就够了 。参加的社团多了会导致时间安排不过来，挺麻烦的。不过还是建议各位积极参加社团，对自己未来的发展是有好处的。社团中有优有劣，多与学长学姐交流，才能知道。每个人对不同的社团都有自己的主观判断， 兼听则明 。       言语文字中多有不足与谬误，敬请斧正，2017.8.1。   ————————————————————————————————————————  8.17更新，这是 作息时间表    ————————————————————————————————————————  8.29更新  健翔桥的洗衣机已经鸟枪换炮了，前两天全部换成了美的的新洗衣机。现在是扫码洗衣，需要下载一个app(U净)，有四个档次可以选择，比以前方便了很多。  
加入北京科技大学夜星科幻爱好者协会是一种怎样的体验？,“就像是，另一个家”  我是这个社团即将卸任的现任社长（也是最咸鱼的社长）。我会永远记得我是怎么迷上这个社团的。  我高中时，某期《科幻世界》上刊登了一张某大学科幻社团参观《科幻世界》杂志编辑部的照片。对于那时候的我来说，那里就是我心目中的圣地啊！参观《科幻世界》杂志编辑部——这就成为了我加入科幻社团最初的动机。当大学录取通知下来的那一刻，我就开始在所有有关北科的地方寻找科幻社团的踪迹。我们这个社团一向很低（xian）调（yu），所以当时的我费了很大劲才被时任社长的冰爷注意到并拉进了社团的群。 我不知道我是怎么和这群人熟悉上的，也许是在他们互黑时候的窥屏，也许是偶尔冒泡中的问候，也许是群里正经科幻的讨论（啊……这个好像从来没有过）。开学后的第二个星期五是社团新学期第一次的例会，我也第一次见到了这群被我窥屏窥了一个月的人。他们像是老朋友一样向我打招呼，像是仅仅是一个暑假不见的同学一样招呼我坐下，这就是传说中的网友见面会吧……总之，完全没有任何的隔阂，我就像一滴滴进了水洼里的水滴一样，没有产生任何波澜，我融入了这里，似乎就像我本来就是这里的一部分一样。  你能想象出和他们第一次见面的我的感受吗？  仿佛我们已经认识了很久。  现在我们在一起聊着只有我们能懂的梗，相互吐着着只有我们知道的槽点，比如下面这张图   也许这就是所谓的归属感吧。  我和夜星科幻协会的相遇，一点也不科幻。有时我会想:如果我没有认识你们，现在我会是什么样子？我从来不后悔我的选择，加入夜星科幻爱好者协会是我做过的最正确的选择。如果没有来北科，我还会这么幸运地认识另一群像你们一样的人吗？我不敢想象。这一定都是命运石之门的选择。  如果我们不曾相遇，就不存在这个回答了。  这个不伦不类的回答姑且就算是我对这个社团的表白吧～毕竟从来不会写东西，写这么煽情的东西还修改了无数遍……但是无论什么样的文字都无法完全表达出我的感受。如果你还没加入我们，那么加入我们绝对不会成为让你后悔的选择。 愿夜星与你同在( ￣▽￣)σ
北京科技大学怎么样？,北科就是所工科非常强的学校，不是因为其他专业弱衬托得工科显得强，而是所有专业都不差，工科太强。  北科的材料 冶金 矿物类很有实力（全国顶尖级），相关领域有名的教授多，设备、资料、研究成果这些硬件的实力是看得见的，业界都承认北科在这几个方面的地位。学校相关专业实力和知名度摆在那里，但是能不能找到理想中的工作，靠自己。   其他的专业如机械 土木 能源等专业即使不是全国最顶尖也绝对是第一梯队。学校的科研实力和整体学习学术氛围很不错，是个能让想学习想搞研究的人静下来踏实去做的环境。  北科是个特色非常明显的学校，虽然学校实力很强，但是迫于学科门类少而且学校的校区小（1000亩左右，估）所以不是正规的“985工程”大学（没有北京众多高等院校那种在五环外的传统意义上的新校区，所有本科生、研究生都是在学院路30号）。对于本科生来说学校只有一个城内的校区很好，生活学习上个新东方找个兼职实习都极为方便；但对于研究生这优势就不那么明显因为北京地区绝大多数院校的研究生是在城内的老区培养。虽然近几年给了北科“985工程优势学科创新平台”的头衔，但是比起大型的“985工程”院校们来说，接触一些北科非优势学科的名家的机会少和深度浅（像 文学、哲学、社科、教育学、文艺学、法意西葡韩语、除了科技史之外的史学）（不过北科的经管学院很厉害，被东凌集团冠名了；德语专业也还行），这也意味着，如果你在这里读书不仅仅想往专业里头扎而是想要 “理实交融”并且成为“通识人才”话，为你提供的接触到那些非理工科类的知识的机会还是没有那些规模很大的学校多。   还有就是，对研究生来说学校里的设备十分紧张，学硕一般会有一个单独的工作区但是这个区域是很小的...对本科生来说，除了金工实习的机会和在学校的机器人队智能车队航模队等竞技队参与竞赛的机会外，本科生真动手做东西实现自己的想法的机会的确少。  北科与国外的很多著名的高等院校交流很广，每年北科光往德国的Rwth Aachen 就能送几十名大四学生去读研，其他常态化的项目也很多，像美国的UCSD、PDU，瑞典的KTH，澳大利亚的UQ，德国的LUH，比利时的KU Leuven等等。这些交流项目从侧面也可以反映出来学校的实力和整体的学生素质（实力不强这些传说中的名校怎么会愿意校际合作呢），对外交流机会多对在校生来说是莫大的福利。 举个栗子： 【2015年北京科技大学派赴亚琛工业大学攻读硕士学位报名通知：】   http://  oice.ustb.edu.cn/xinwen  zhongxin/gonggaotongzhi/liuxuehaiwai/2014-12-15/1954.html       （“北京科技大学与德国亚琛工业大学建立校际合作关系已有35年，是第一所国内与亚琛工业大学建立合作关系的院校。35年来两校一直保持着良好的友谊，在冶金与材料等方面的合作建立了双赢的关系，在此期间亚琛工业大学还为北京科技大学培养了在冶金、材料、机械、自动化、计算机、管理科学、物理、化学、德语等专业的70多名教师。”）（北科建校元老之一魏寿昆院士青年时期（1930年）考取天津市公费留德并于1931～1936年留学德国，他也为北科与德国之间的交流奠定了基础）   最近北科又入选了“2011计划”，好多教授们都挺高兴，毕竟又为学校的发展提供了一个大平台。校长关于北科入选2011计划的态度陈述内容中有一个字挺重要：…以后的战略发展… 。  近期还有件大事儿：“自2015年起，《北京科技大学学报》更名为《工程科学学报》(Chinese Journal of Engineering)。《工程科学学报》是由教育部主管、北京科技大学主办的学术类科技期刊，ISSN  2095-9389 ， CN 10-1297/TF，月刊，国内外公开发行，主要刊载工学领域的具有创新意义或有较大应用价值的高水平研究论文和快报。主编为张欣欣教授。” 这个战略意义大家都懂  总体来说 ，北科这所学校，专业特色明显，学风很好节奏也很快，适合来读书。如果话一定要说回来一次的话，在北科能不能好好学习掌握到到真本事变成牛人，还看自己的努力程度和对学校各种资源的掌握程度。
请问吉林大学法学院和北京科技大学的经济与贸易类相比如何？,学校所在的地区，很有可能决定你获得工作机会的多寡与质量。 其实所谓的什么985之类里的一般高校，如果在三四线城市的话，那其实还不如一线城市的普通本科。 何况北京科技大学还是211，北京这块资源很多，实习什么的也方便。北京科技大学在学院路，紧邻宇宙中心五道口，各大公司离学校都不是很远，出了校门，坐公交就到。 学校的认可度与地域是有很大关系的，吉大的影响力应该在东北好一点，不过，也不影响你来北京发展。
高考选志愿，北京中国矿业大学和杭州电子科技大学的计算机，选哪个好？,本科学校很重要
北京科技大学本科生考不上本校研究生的概率有多大？,貌似是过线就行，不要太水==
为什么北京科技大学学生不再热衷于转到材料专业？,看到这样的问题表示wuli杜教授一定很欣慰，以前来材料的人太多，我们杜大神那个痛心疾首啊，面试的时候还可劲劝大家别来材料，一定千万要考虑清楚，非要转就去计算机也别来材料 ——论一个良心教授的自我修养  现在的学生不再一味转材料一是现在信息渠道多，学生不再一味迷信校内王牌专业这样的信息，根本问题还是材料行业太夕阳，不好就业。不要跟我说学院的就业率，深造也算就业乃们不造么.... 为什么不想想为什么有这么高的深造率呢，看看别的什么专业有这么高深造率。如果我本科毕业能像程序员一样找到一个月薪5k又有发展前途的工作我会坚定不移的深造么？  我记得大一的时候新生入学的院长讲话，院长及明确说了我们专业培养的是科研型人才，不是应用型人才，换句话说培养你们就是为了筛选科学家的，不适合深造的不适合科研的都是淘汰的... 上了研究生，梯队导师学生见面会，二老板说的话总结来说就是，我们这是培养科学家的，希望你们都具备科学家的素质，有能力继续深造，等于说，你们读不了博的就是被淘汰，被淘汰的你找不找得到工作是跟他们没关系的。  讲真的如果你想好了，有热情有激情投入到祖国的科研事业中，投身到自然科学的伟大洪流中，诚邀您报考北京科技大学材料学院/新材料技术研究院各大牛老师，你会看到不一样的世界。但是如果你只是想混个文凭好找工作，抱歉，真的不好混and真的不好找工作
如何评价北京信息科技大学的数理实验班?,我哭着说出谢邀   我当时来数理的目的是学精算的！ 现在变成了一个天天码代码的！！ 生气！！！  很多时候人都信誓旦旦以为多给自己一次机会一定能做出正确的选择 而实际上当我们修改一道选择题答案时，从错误改成正确的几率只有百分之五十. 那更何况人生一切未知 对于我们来说只是用更多的课更辛苦的备战考试 让自己拥有了多一次选择专业的机会 而至于值不值得，这样的选择对不对 我也不知道：）  因为其实对于大部分的人来说 更多的课程只是代表玩手机的场地换的更加频繁 其它并没有太大区别
选择西电还是北京科技大学(南京理工)？,看了你的叙述，讲真，你选西电吧。  城市只是一个情怀，西安不算差，教育医疗等一线配备该有的西安都有。目前我们这些出身普通的孩子，选择IT或金融是最简单能保证你未来有份富足生活的方式，而西电是一个很容易提供让你成为中产阶级的平台的地方。  而山东距离西安其实很近，每年西电招生人数除了陕西生源地外，第二大省份就是山东，山东人在西电是相当多的，我对山东潍坊菏泽日照滨州青岛德州都耳熟能祥了，因为这些地方同学太多。  我陕西人，当年在北科北邮西电间纠结好久，后来还是选择西电了。西电相比于你提到的北科南理，在通信电子计算机互联网行业绝对是呈压倒性优势的。这点毋庸置疑。  取消985换双一流后，对于西电这种984.5绝对是有推力上一个台阶的，并且未来报大学按专业分，对16级考生讲，绝对是最赚的一届。  来西电何乐而不为呢？  利益相关，那年成绩比北邮高了4分，西电高了12分。
北京科技大学材料、冶金专业近年来出国申请形势如何？,求问冶金专业在申请材料时会不会有歧视..
想学建筑，北京工业大学和西安建筑科技大学分数都没问题，哪个更好一些？,西建吧，北京工业大学的建筑学貌似是比不上西建的。 以及西建建院很多同学都是亏了分进去的……如果真的热爱建筑，就选择西建，不会失望的。
北京科技大学生物医用材料在国内高校间的实力大致如何？,科大的材料偏工，生物医用材料，算个噱头吧。具体研究起来跟生物医用不搭边，就是假定一个这方向的应用，然后进行一些相关性的材料制备，而这些制备出来的材料不会有生物医用方面的验证。
北京交通大学、四川大学、电子科技大学该如何选择？,交大目前物流，运输，通信比较强。不知道你想学什么，如果是计科软工这种成电应该强于北交，但是可能环境不如北交，毕竟在北京，实习一抓一大把，好公司也不在少数。当然成都现在环境也不错，如果让我选的可能还是会选成电，保研出国等机会更多些。 利益相关：交大大四电信在读。
读研究生南开大学通信工程和北京科技大学的通信工程哪个好？, 我告诉你，南开的牌子就业很吃香，尤其是理工科。 
北京科技大学也能算是名校吗？,我觉得对于大部分人来说，应该是的。  材料专业，谁能否认我校？  钢铁行业，我校曾名“钢铁学院”。  地理位置方面，北京学院路也有一壁江山。  知名度方面，不是985，在211里算是翘楚者，好于末端985。  中国大学排行榜100强，挤挤应该也能进50强。  （我校一直自我宣传“清华北大钢老三”，姑且听听就好）  某些专业比如我大生物可能发展不太好，作为生物狗我也很无奈呀！ 但不能因此否定母校！  差不多就是这样……
北京科技大学和北京交通大学的机电研究生哪个好？,机器人你应该去北京理工啊，或者北京工业，北科和北交的机器人都不是优势 北交的优势在车辆（高铁），北科的机械优势在冶金，两个学校机器人导师都很少，北航北理北工业 前两个难度较大，北工业难度要小一些
辽宁考生2016高考556分，一本理科498，北京工商大学和北京信息科技大学很纠结考那个？,工科你就上北信科，商科、经济、金融类的，去北工商。
北京信息科技大学怎么样？如果读计算机专业怎么样？校区 住宿环境好吗？, 我觉得，如果没有把握能上计算机系。就别报了。有把握上计算机系，那肯定也有实力去其他学校了。知乎逛了一圈。我对这个学校一点兴趣都没有了。感觉就是个垃圾大学。 
在北京科技大学东凌经济管理学院是怎样的一番就读体验？,鄙人和题主一样   ————————————————— ————————————————— 表示现在已经转入东凌经管学院
同样的分数，选择首师大小学教育还是北京信息科技大学商务英语？,泻药，北信科，我就不评价了，垃圾中的战斗机，首师大好
北京科技大学 南京航天航空大学 两所学校求对比？,谢邀，我南航工科生向来是以文采飞扬出名的，不信看图   
如何看待北京科技大学实习安排？,所以实习回来之后，不少人下定了转专业的决心～
北京科技职业学院和北京科技大学是什么关系？,北京科技大学是211好吧  强烈反对第一名答案
为什么可口可乐卖萌装软文中的首次出现地选在北京科技大学的小卖部内？,不知道你这个题干里的事实是怎么得出的。 搜了一下 看到这个新闻 可口可乐“卖萌” 年轻人捧场（图）    此文中只是以该校小卖部作为行文的切入点，不能证明是首次出现。 这种事用膝盖想想也不可能。 作为校友看到这个校名才决定回答一下，实在感到难为情，题主是北京科技大学的么，如果是，您这么问，会让网友怎么看待该校学生的智商啊。赶紧删掉问题吧
如何看待2016年6月15日北京科技大学本科生疑似因为毕业论文没通过而跳楼自杀？,'今天答辩，全院只有我一个没过，要去二辩。说起来，如果真因为这事没过跳楼，我是理解的。因为自己平时虽然不算优秀，但是也混个中等，工作有了，没有挂科，做的确实不太好但也有交付的东西，大家都是走过场，没几个真正自己做的（同组同学自己做的67分，她申到了美帝研究生水平算可以了），老师也知道什么水平，这种情况下，只挂我一个，我是挺想不开的，怎么着也来个作伴吧~抑郁症倾向一直有，也想过直接自由落体得了，我也非常厌恶这所学校，厌恶这个专业，所以如果因为这事跳楼，我是相当理解。不过我已经忍过四年了，马上就能解脱了，因为这破事让我室友保研，我当然是不乐意的，所以一直尝试说服自己不要想太多。 还有，我觉得现阶段本科毕设真是有点鸡肋，大四本来忙着考研考公找工作，成功了还好，失败了真的压力超大，大学里也没学点太实际的东西，你就让我开发个大系统，我连算法设计这门课都没学过你就让我用算法做？！你说看论文自学，当然我看了，可是论文水平参差不齐，我跑偏了啊，我问你有什么书推荐吗？你说继续看论文。。答辩前一天说你问题有点多啊可能过不了。。天呢你早干嘛去了？！我早就发给你了，答辩前一天说不行？！你仿佛在逗我！我忽悠的自信瞬间就崩塌了，觉得自己肯定过不了，果然~ 所以不想judge他人的生死，必定是有不得已的苦衷。希望不要出现什么这么点小事就自杀的回答，因为活着真的太累，死是解脱。
北京科技大学 中国海洋大学？,学海洋类可以选海大，其他当然北科好，北京的资源是青岛没法比的我是江西考生，北科的录取分数线在我们那里是要比海大高十分的
在北京信息科技大学就读研究生是怎样一番体验？,谢了个邀…作为一个毫无存在感的人，表示看到有邀请的提示，简直太激动……然后看到问题(๑•ี_เ•ี๑)…………… 但是毕竟头一回被邀请，仍然决定怒答之。  首先，要表示这是答主在北信科生活第六年，在这度过了至今为止将近三分之一的绳命，虽然后两年是不得已。  接下来说说对于我来说在北信科读研是怎样一番体验。  1.那年6月穿过学士服，拿到学位证，吃过散伙饭，一帮人（不管熟不熟悉）各奔东西，几个月后只有我一个人带着行李又杀回来，有种留级的感觉，报到第一天就给爸妈以及各位小伙伴哭诉不想读了…  2.就学校而言，在高校林立的帝都，北信科作为一个普通高校实在是不太起眼，来读研的绝大多数是调剂过来的，大多数来自河南，河北，山东这几个省，毕业生就业压力依然挺大的，如果是通信，机械之类的专业可能还好一点，虽说就业还是要看个人能力，研究僧中也有大神，可是能力一般庸庸碌碌的也是不少，答主就是……  3.学校实在是小，自我来北信科就听说的新校区至今进展缓慢，宿舍安装空调的计划直至我本科毕业仍还在论证（sorry，忘记了去年刚刚装上空调的学四公寓，只能说学校在努力，但…是…进…度…很…慢……），本科四年也没培养多少的归属感这两年反而冒出许多，可能是因为住了一年清河吧，清河校区很小，特别小，简直太清静，前两天去转一圈，一进到校园里就觉得很安心，所以小校园也不全是坏处。  4.又认识了另一群很可爱的同学们，答主迟到的青春。。  5.其实并没有什么特别的体验吧，在哪里，在哪个阶段，人的体验回想起来，说出来也就那么回事儿。  另，题主是要来北信科读研么？好像公布调剂信息了。  并不是思维特别清晰的人，就这样吧，我认真答了。  以上。 —————————————————————————————————— 3.15这么个好日子来补充两句：  研究生院办公是在小营校区，但是研一的时候绝大部分专业住在清河校区，研一结束搬回小营，搬家会有校研究生会负责给大家提供物资，包括纸箱、剪刀、胶带之类，协商车辆，统一搬家，其实两个校区走路也不过十几分钟的，通信、计算机大多都在健翔桥校区。         学校住宿条件不太好，但是貌似北方高校平均水平相对较低，所以…嗯，宿舍本科生是六人间，研究生是四人间，但是宿舍硬件设施都是一样的，目前还没有全部安装空调，但是在进行中了，夏天降温全靠一个挂在天花板上的小摇头扇以及大家的奇思妙想了，冬天还好，学校暖气一向比较足。没有独立卫浴，洗澡的话是公共澡堂哦~但是女生的话小营校区有几个小隔间，如果实在不习惯澡堂可以在隔间里洗（清河没有，健翔桥不清楚）。         学校众多缺点之下，也是有一些些优点存在的，比如校园小，上课前2分钟离开宿舍都不会迟到，比如学校网络10元/月，有线无线均可使用，不限时不限流量，且无线全覆盖，目前已支持有线客户端与无线设备同时登陆同一账号，比如学校FTP资源丰富，包含众多软件、影视资源等且下载速度可达10M/s，好像建了个勤信PT站，不过很久没关注类似信息了……         可能有人在考虑考研来北信科，私以为如果为了求稳，北信科可以作为你还不错的选择，如果有更高的学术追求，还是可以先尝试尝试其他高校的。如果有关于北信科考研等相关问题，可以在评论里问我，看到一定知无不言。另，附上北信科研究生群号：127896609，欢迎各位有意向报考北信科研究生的同学加入，咨询交流。
为什么北京科技大学的篮球场这么破还不翻修？,去年我三次跟校会反映了这个问题，可惜石沉大海。后来校会公众号发了再次推迟翻修篮球场的通知，我回复质疑，被公众号小编一顿狂踩。 不过无所谓，我已经想到对策，每年六月份前后是报考高峰，把基建这些问题总结起来，到六月份的时候在贴吧微博等宣传口集中宣泄一下，相信学校一定会出面，不过效果还是未知，毕竟从某人当上校长之后有，团委和学校的厚颜无耻已经上了新高度。
请问北京科技大学机械工程研究生女生就业怎么样，具体往哪发展？待遇怎么样？,谢邀，北科车辆研二。面临着找工作了，感觉机械的职业成长型一般。建议有条件的话往偏算法和人工智能方向转。当然，如果喜欢安安稳稳过日子的话，什么都行。。。
北京科技大学车辆工程和机械工程哪个好？, 不请自来。  我是北科机械工程及自动化专业的，现在快大四了，平时和一车辆的同学对这个问题交流的比较多。  想必题主是新生或者大一吧，面临着今后选专业的困扰。那容我慢慢道来。  首先，高考的时候统一招生为机械类。一共九个班（不算卓越计划），包括一个国防班。所以之前所学的课程是一模一样的。到大二下分为机械工程及其自动化（下面简称机自）和车辆工程。分开后机自有八个班，包括一个国防班和一个卓越工程，总共240人左右。车辆是两个班，共50多人。到大三下，机自又分开四个专业方向：机械装备及控制工程系（又称冶金机械，主要针对钢铁生产过程中的设备），机械电子工程系，机械制造及自动化系，机械工学系（好像是附属于机控系）。这个时候分专业方向最直接的影响是你大四的时候跟哪个系的老师做毕业设计。其他的区别就是有几门选修课不一样和大三那个暑假生产实习地点的不同，其余基本上没什么区别了。而车辆则不再分方向，而北科的车辆主要是针对大型的工程机械，即载重量惊人的重型矿车，在学习过程中肯定会被无数次的提及，不过本科的学习主要还是通识类的知识。  课程方面，用一句话概括就是，机自学的车辆都学，车辆学的机自不一定学。所以我同学一直鄙视我们学的专业课太水。车辆的许多课程虽然和机械所学的相同或者类似，但是由于被打上车辆的烙印后，教学上的很多方向都会向汽车方面偏移。另外，专业人少的一个优势就是人均资源会比较丰富。举个例子，车辆的专业课一般是在小教室上的，因为总共只有两个班嘛，所以平时和老师接触的会比较多（当然和个人的主动程度成正比，俗话说的好，会哭的孩子有奶喝）另外，车辆有些课程的大作业或者考试时不时会以答辩的形式呈现，答辩对于想学点真东西的同学将会是一个很好机会，在准备和答辩过程中可以和老师交流，思考。而对于想敷衍了事的同学来说将会是一场噩梦。再看机自，专业课动辄三个半甚至四个班一个教室，人一多你懂的。我想车辆的同学心中那种车辆比机自好优越感估计是来自这里的吧。值得一提的是，车辆的同学普遍是这个心态，但是机自的同学却没有机自比车辆好的想法。如果你想交相同的学费的情况下比多学点知识，那车辆会是一个不错的选择。  前景方面，中国现在作为汽车销售量第一大国，车辆工程作为国家支柱型产业，无疑具有良好的发展前景。一般来说，国家一有某方面的技术突破，首先会用在国防上，其次是航空航天，接着就是车辆了。但又由于国内乘用车发展较落后，外国汽车厂商对国内市场的冲击，导致国内汽车厂商的利润不是非常可观，因此有些职业的工资水平不是很高。但是，只要你好好学，钱什么的都不是问题。另外，如果你本科毕业后想留在本校读车辆的研究生，那你的研究方向一般都会和工程机械有关，会去研究一些大载重量的矿车等等，这方面我们学校在全国高校里还是比较牛的。说说机械方面，机械的路子比较广。如果毕业直接工作，那去哪都有人要，机械的就业率排名永远稳居前几名。读研的话，方向有很多很多，我前面说了，机械到后面还会分为四个方向，所以选择多多。  大一的孩子现在对这个有个大致的了解就行，踏踏实实学基础课才是王道。 
北京信息科技大学2017年录取分数线，新生群。？,各省市录取分数线不同，有想要了解的小鲜肉，可以加我们的新生群：540934482。此群由我们北信科直系学长学姐所创，专注于为想要报考北信科的小鲜肉们答疑解惑，校花校草，校园特色，应有尽有，快来加入吧！
如何看待北京科技大学学生要志愿服务36个工时才能毕业这件事？,学校课程要求的当然是自愿的啦！  石原称日军随军慰安妇是“自愿卖身赚钱”     女教师遭官员凌辱 警方称“戴避孕套不算强奸”(图)_资讯频道   
北京科技大学的魏帅是谁？,作为此人的闺蜜，我来勉强回答一下这个问题，想必提问的人应该是校友？认识很多年。此人非常之聪明，高中时候逃课，上网，打架，无恶不作，但是学习成绩非常的好，高考数学满分，以为会到清华北大复旦一样的学校，没想到语文严重失误，但依然是大人口中‘别人家的孩子’，报志愿也是非常的离谱，因为想和最好的朋友在一个学校一个专业，所以报考北京科技大学，结果他最好的哥们却因为分数不够，被北京林业大学录取。         有人说他非常装逼，不管是生活还是穿衣打扮，没办法，可能优秀的人有骄傲的资本，不喜欢的人他就是不搭理，管你是谁，不会圆滑做人，不过至于穿衣打扮，有钱干嘛要穿破烂呢，谁不愿意追求有品质的生活，还有一种情况就是他瞎，近视300多度加不知道多少度的散光，但是非常不愿意戴眼镜。 作为闺密，我要说，其实他是个柔软的人，典型的双鱼座，性格敏感，他会在无论何时何地，自然而然提起你手中的所有东西，非常绅士，并且他做饭非常好吃，而且享受做饭打扫家里，有洁癖，（女生嫁给他会幸福吧）会和你一起旅游的时候答应你的任何要求，比如会趴在地上，只为了把你拍成大长腿，会在你失恋大哭的时候一通电话跑出来陪你的人。曾经因为玩滑板迷倒了一片女生，186cm，长的非常帅，但依然单身狗，喜欢长头发的女生，性格好，穿衣中性风格（喂，就是田馥甄那样），重点是一定要白羊座，白羊座，（因为田馥甄是白羊座）是个田馥甄超级脑残粉，恩，以后想起来再补充
