想跟从郑州大学孙新成老师（石崇英先生的徒弟）学习太极拳、八卦掌、形意拳，如何与他联系？,石老师的几位徒弟在团校搞了个叫崇英武学研究会的地方，可以去看看
湖南2016理科考生，女，超一本59分，去南昌大学还是郑州大学比较好？麻烦大家给我提点建议,没提供专业偏好，不太好提供建议啊，南昌大学跟郑州大学类型相近都是三校合并，规模大有医学，从生活角度来看，南昌跟湖南什么的气候差不多，估计去南昌大学更适应一些，所以推荐去南昌大学，另外能去这两所估计本省的湖南师范也差不多，挺适合女生的。
我是郑州大学土木工程专业大三的学生，英语底子不错，毕业后想到海外工作！应如何规划，跪求行业大神指点？,有哪些比较好的公司，可以先给自己定个目标！一般到海外工作都很辛苦，条件很差！到海外工作也不是长久之计，最终还是要回国的！应该如何如规划，跪求行业大神指点！
郑州大学计算机科学学与技术，软件类专业，软件工程。这三个有什么区别？高三，小白。？,谢邀。 如果真的喜欢这个你要确定好，不是喜欢电脑，喜欢打游戏就要学这个。计算机科学与技术主要是一些计算机方面的原理，这个方面很多，比如硬件计算机电路等，网络主要通讯。软件工程主要编程。这其中会有各种电路知识，原理，以及数学，英语方面的知识。 本人计算机应用专业，我记得练习了一周打字速度。还有汇编语言入门，就是在屏幕上让计算机打出哈喽沃尔德……还有主板，硬盘的维修，没错就是维修。比较杂，但都是入门，需要自己向某个方向发展。毕竟一个人一生能在一个方面有所建树已经很了不起了。  还有就是现在计算机行业学校的教学以原理为主，而且这个行业是日新月异。想想10年前你用什么上网。学校他的及时性较差，需要自己不断从网上学习，或者多和老师交流。要做好活到老学到老的准备，因为20年前膜传呼机维修大神现在不知道干嘛。 更新换代非常快，但原理性的不变。 暂时说这么多吧。
在郑州大学新传穆青班就读是一种什么样的体验？, 盼望着，盼望着，终于有人问出了这惊世骇俗的一问！郑大的穆青班，一个极端神秘花哨高逼格的存在，它的成员，究竟过着什么样的生活？其他几位答主是在抽不开身，都只能“写作业去了，你们答”这种内伤似的草草答过，然鹅！冒着被批斗的危险，我还是匿了！让我来来为大家揭开穆青班神秘的花（bi）头（ji）盖(ni)吧！  好的！开始惹~！  首先有请院长大大   镇题！    &amp;lt;img src="  https://  pic3.zhimg.com/18a62759  9b199312f414f8e2e1ea771a_b.jpg      " data-rawwidth="3120" data-rawheight="3296" class="content_image" width="3120" data-original="  https://  pic3.zhimg.com/18a62759  9b199312f414f8e2e1ea771a_r.jpg      "&amp;gt;希望不要有眼尖的根据拍摄角度推断是谁拍的……嘤嘤嘤……  希望不要有眼尖的根据拍摄角度推断是谁拍的……嘤嘤嘤…… 还是先给看热闹的朋友们介绍一下什么是“穆青班”：（那些笑而不语的人请自行拉到下面接着看）   2014年6月，新华社与郑州大学签约共建穆青研究中心；2014年12月，河南省委宣传部与郑州大学签约共建新闻与传播学院。作为落实“两个共建”的重要举措，2015年6月，新闻与传播学院从全校2014级优秀本科生中招收30人，组成了第一届穆青新闻实验班。通过“人文社科通识课程教育”“媒体和专业双班主任配备”“重走穆青路”“深入基层采风”“新传青年说”“新闻作品大赛”等特色理论和实践相结合的创新型培养模式的探索，穆青班已成为新闻与传播学院人才培养的一个特色品牌。   首先，穆青班的日常课程：外地户口每周16节，本地户口每周12节——文科专业里算多的，理科专业算一般的，医科里算不可能的 是的！分户口！像北上广入户买房就医求学一样，分！“户口”！：好吧其实就是区分院新传学生和非新传学生而已，毕竟专业课的节奏是不一样的。  这里就有必要引用一点官方资料惹： 新闻与传播学院将继续从全校各专业全日制一年级本科生中选拔对新闻学专业具有浓厚兴趣和学习意愿的学生，进入穆青新闻实验班接受特殊教育。新闻与传播学院将在课程设置、师资配备、专业实践等方面实施精细化培养，以打造具有宽厚知识功底、独立思考精神、过硬实践能力，熟悉我国新闻和宣传政策法规，适应媒体转型的时代需要，能够在新闻出版、广播电视、新媒体等行业，以及在政府和企事业单位从事新闻宣传和管理工作的高素质人才。 也就是说，穆青班宝宝是来自各个不同专业的！只要你有情怀就能来撩，至于撩不撩得上…（蜜汁微笑脸）…  列位看管开始疑惑了：看上去很普通啊，有什么厉害的？ 很快就讲到， 厉害了我的穆青！   再插一句嘴，介绍一下给穆青班配置的师资力量。 从院长到讲师，从教材到课件，穆青班接触到的都是A货，尤其老师，选择老师的核心标准是：实！践！力！ 院长大大在俄罗斯在在西亚在东欧巴拉巴拉的记者经历，哪次不让台下的宝儿们留下哈喇子，院长拉莫忙上课从来不迟到不接电话，感激感动！……几乎每个老师开头都是“我当记者（编辑）的时候……”、“我有一个做报纸\大公众号\大v\传媒公司\宣传部的朋友……”、“某某年我到**地（反正就是出大新闻的地方）那次……”，可见穆青班的属性是实战性炒鸡强的嘞……  好！下面进入辐射区了！ 前方高能！    关于 穆青班的 任务量！   我擦擦眼泪，放两张图说明问题：  &amp;lt;img src="  https://  pic4.zhimg.com/fca5151a  b6630a273ab58d76002d8a8b_b.jpg      " data-rawwidth="853" data-rawheight="640" class="content_image" width="853" data-original="  https://  pic4.zhimg.com/fca5151a  b6630a273ab58d76002d8a8b_r.jpg      "&amp;gt;还有……  还有……    第一张是某个周三就布置了的到下周的作业，第二张，是日常…（宝宝坚强，宝宝不哭）…  恩，对了，两三点到三四点的日常  微笑脸.JPG  我们虽然休息晚，但是我们起得早啊，早上七点十分签到，我们不见不散呦~！！  报道要平衡，恩，以下是围观群众的朋友圈：  &amp;lt;img src="  https://  pic4.zhimg.com/99159ac6  3a28b8a38a9066894853207f_b.png      " data-rawwidth="1080" data-rawheight="1920" class="content_image" width="1080" data-original="  https://  pic4.zhimg.com/99159ac6  3a28b8a38a9066894853207f_r.png      "&amp;gt;但是，穆青祖师的徒子徒孙呐，又怎么会因休息不够就垮掉，别忘了这是讲实践战斗力的班级，这不是简单的做作业，这是开设另一门很重要的实践课——《耐压与熬夜》！  但是，穆青祖师的徒子徒孙呐，又怎么会因休息不够就垮掉，别忘了这是讲实践战斗力的班级，这不是简单的做作业，这是开设另一门很重要的实践课——《耐压与熬夜》！ 哦，顺带一提，这只是课下，每节课都有模拟采访当堂写作哦，搞不定不能下课呢~~  穆青班自己人就很想得开，比如……  &amp;lt;img src="  https://  pic3.zhimg.com/2674ed2f  080f7de13206b7a7a4aa8da2_b.jpg      " data-rawwidth="640" data-rawheight="1137" class="content_image" width="640" data-original="  https://  pic3.zhimg.com/2674ed2f  080f7de13206b7a7a4aa8da2_r.jpg      "&amp;gt;（为什么没有《穆青班1》呢？有关人员可能还在做作业吧……）  （为什么没有《穆青班1》呢？有关人员可能还在做作业吧……）  恩，同志们说的对，有困难不能光从别人身上找原因，主要还是怪学生自己，参加那么多活动！哼！   &amp;lt;img src="  https://  pic1.zhimg.com/51259c39  9aad84d42cf0635d52e95ee4_b.jpg      " data-rawwidth="1080" data-rawheight="1920" class="content_image" width="1080" data-original="  https://  pic1.zhimg.com/51259c39  9aad84d42cf0635d52e95ee4_r.jpg      "&amp;gt;比如，有的同学是在校报记者团的……  比如，有的同学是在校报记者团的……  &amp;lt;img src="  https://  pic1.zhimg.com/bd153467  9befa03503c249bffc6127f0_b.jpg      " data-rawwidth="1080" data-rawheight="1920" class="content_image" width="1080" data-original="  https://  pic1.zhimg.com/bd153467  9befa03503c249bffc6127f0_r.jpg      "&amp;gt;比如，有同学在学校宣传部……（真正忙死的那几位好像没空发朋友圈……）  比如，有同学在学校宣传部……（真正忙死的那几位好像没空发朋友圈……）  &amp;lt;img src="  https://  pic2.zhimg.com/f5c45640  f07caec04d6917d7bc78b899_b.jpg      " data-rawwidth="1080" data-rawheight="1920" class="content_image" width="1080" data-original="  https://  pic2.zhimg.com/f5c45640  f07caec04d6917d7bc78b899_r.jpg      "&amp;gt;更不必说，学生会，社联，广播站，校电视台，各种组织的两微运营……  更不必说，学生会，社联，广播站，校电视台，各种组织的两微运营……  更更不必说，他们有的还是学生干部，老师助理，社团负责人……  更更更不必说，别人听的讲座，他们要听，别的班参加的论坛，他们要参加，学院组织的比赛，他们要参加（必须高质量）……     明明巨困，有大神来讲座了，还是很认真（热泪盈眶脸）！ 恩对如你所见，穆青班就是重实践，课上课下都在践嘿~ 在某个剪完视频的黎明，一行人走出剪辑室，看着初升的太阳，有人说：“这期节目大家都辛苦了，吃过东西都回去睡吧！”穆青班学子眨着通红的眼，笑笑：“不了，下午还有两篇稿子要交，有个采访还在约，你们休息吧，我是穆青班……”鼻子一酸，哽咽…… （脑洞偏了喂…！）   槽点太多，老司机急刹车了~~~~~~~~~~~~~~~~~~~~~~~~~~~~~~~~~~~~~~~~~~~  再累再苦，只当自己是二百五  再难再险，只当自己是二皮脸  这里是穆青班，活的不容易，像新闻一样，不容易  是一笔一划写出来的，是一篇一篇练出来的，是一夜一夜熬出来的  突然对祖国新闻事业好有信心……  郑大出品，必属精品。  这个班做新闻，很穆青   …………………………………………2017.3分割线……………………………………………  本来没想着续一拨的，一时激动还取匿了。  我们是学新闻的，讲究的就是“用老百姓听得懂的话语说到人民心里去”，知乎就是个好平台，比官网宣传文好看，何况我也没说穆青班什么坏话（没说，真没说！）……  先放两个特写：  特写一：      （穆青班咋成了“穆林班”？评论区穆斯林实验班那位，你别跑……）   还有：   时间——2016.12   地点——延安新闻纪念馆   人物——解说员和穆青班   对话：   解说员：从延安鲁艺先后走出了大量优秀新闻工作者，其中就有时任职新华社上海站负责人的穆青，同学们你们知道穆青吗？   整个展厅炸堂大笑……   穆青班：知道！我们当然知道！   摆这两个例子是想说明，穆青老先生实在太低调，他的知名度远没有自己笔下的人物高（焦裕禄、任羊城、赵占奎、老坚决、王进喜……），徒子徒孙们没少给人解释穆青是谁，他做了什么……每次自我介绍都要解释一遍穆青是什么是一种什么样的感受……  其实郑州大学设有国际化班、基地班、菁英班、钱三强班和穆青班这样一批精英教育特色品牌，单看名字，我们班确实………让群众迷茫  这一次想展现一下穆青班的“光鲜与可是”也是对问题很好的切入点：  光鲜的是：    可是：要交照片的啊！交稿子的啊！世上哪有免费的午餐！自己朋友圈里装*，代价都是官网上挂的文……     光鲜的是：   可是：    光鲜的是：     可是：     只是写写稿？当然不！写之前，各种姿势采访……  有体面的……     有比较体面的……    秒速和陌生奶奶搭讪模式（结果听不懂陕北方言hhhhhhh……）   当然还有不体面的    ……给跪了……     哔~~~~呜~哔~~~呜~~~~~哔~~~~呜~哔~~~呜~哔~~~~呜~~~以下危险了~~~~  ！！前方辣眼睛！！我们写了多少稿我们也不知道，以下是我个人的一小部（分），代表着穆青班的一大部（分）        以上只是一小部分，且大多数是成稿。  下图是做一篇报道，从采访提纲到最后完成的每一稿：（大概……十几稿……？）      哎呀 呀	！本来是给学院打广告的，好不好把学弟学妹吓得望而却步了？！天哪我要弥补一下：              是不是看了之后神清气爽精神抖擞无以伦比呢~~~zzu宝宝们快到碗里来~~~~~    如果你守住惊吓看到这里了，那是时候讲一个鸡汤小故事，说明为什么我们念念不忘穆青班了。  进穆青班前的我的大一，某讲座，学员请来的大师台上侃侃而谈，  我坐在第二三排，某穆青班的学长做第一排，我看到  学长端着电脑，手指翻飞聚精会神气定神闲，一边听讲座，一边写这场讲座的稿子，  讲座毕，稿子也就差不多了。  当时我的小心脏的羡慕惊讶崇拜钦佩哇塞赛……  …………  一年后，受尽训（zhe）练（mo）的我  被安排个听讲座写稿，对着电脑，  聚精会神有条不紊按部就班，讲座没结束  稿子已经落下最后一个句号。  其时，  一年前的学长，已经在人民日报实习。  嗯，我们叫穆青班。   ———————————————————————————————————————  我们班最近在筹拍宣传片啦~~为了造势打广告也是不遗余力~~  立flag：下次我要还有心更新的话，就把宣传片续上！  "mes҂�o�   ……………………………………2017.5分割线………………………………………………  （自行想象赵忠祥声音）又到了穆青班招生的季节，大一宝宝们蠢蠢欲动……  我们班宣传片还没拍出来，因为拖延症，也因为大家太！忙！惹！已在制作中，迟早会出来的……吧……？  2016级穆青班自本月起开始招生啦~招生通知传送门如下：   http://  www16.zzu.edu.cn/msgs/v  msgisapi.dll/onemsg?msgid=1705031638538224575       嗯，今天抽空简单和大家聊聊  怎么报考穆青班  ，具体的攻略请略过我吐槽的部分看 干货区 ，欢迎大家骚扰15级穆青班的小腊肉们，我们收费很便宜的，真的真的！    我们把穆青老先生的照片找了个学漫画的改了改……    在攻略开始前……  最近我们班疲于应对各种PPT，每月，每周，每天，我们都有好几门课的PPT要做……这大概也算实践的一部分？？课堂时间基本上和老师五五开，嗯，想起毛主席那句“自力更生，丰衣足食”。     还有……就是全媒体作业……  为什么！到底是为什么！！  为什么媒体行业变得那么血腥！让一群写稿拍照的人，现在得做音频！拍视频！剪视频！  一篇报道要文要图要音频要视频！一个班就有几个中央厨房啊，一开电脑就剪剪剪写写写啊……嘤嘤嘤……     没办法，从学校到院系，从社会到行业，大佬们对穆青班的期待很大，是压力，也是自然形成的动力。    （退休老教授王振亚赠字“精气神”，期待相当殷切滴）  经决议，南先生寄语“心中别有欢喜事，向上应无快活人。”成为我们的班训，我们将继续乖乖做作业  干货区  闲话不提，言归正传，报考穆青班要怎么做呢~~  总结起来一句话： 既要有实力，又要能装逼！   考核分为笔试、面试两个部分。以下结合招生通知的只言片语，分析分析————   关于笔试   题量不大，非常常规，像是集合了政治历史语文的复合卷子。  “笔试环节主要考察学生的知识面、专业兴趣、独立思考和书面表达能力”  怎么说呢？  1.知识面：新闻是杂学，什么都要懂点，不指望你能上通天文下知地理，起码眼光不能太狭隘，不论是历史人文，还是自然百科，希望你多少知道点。这类知识没法抱佛脚，就看你往常的阅读学习积累了。 当然，也不是完全没方向，出题的都是人文学科老师，你懂的，叫做穆青班多少要涉及到一点穆青的典故，你也懂的。  2.专业兴趣：你对新闻抱有多大的兴趣呢？你了解新闻机构的大概构成吗？知道新闻生产的大致流程吗？和普通受众相比，你有没有比别人多了解一点？这就叫专业兴趣，原本新传学生占优势一点，当然也不绝对，因为考卷会避开核心的专业知识，但凡读过一点新闻方面的通识书籍，总不至于抓瞎。     3.独立思考：所谓独立嘛，自然就是给你张扬个性的地方了，题目都是开放的，没有标准答案。请在这个部分尽可能地挥洒你的机智、你的热情，让人看到你的有条有理，明白透彻，真知灼见。  4.书面表达能力：重点！重点！大大的重点！考官要从这篇文章试试你的道行了，想我中华民族文化博大精深，从人品到床品，从气质到气量，无不能通过一篇文章看透你。考官都是和文字打交道的老手，很多还是一线记者来的，眼光老辣，文字味蕾很敏感，所以啊~规规矩矩写好“新闻体”的文章吧，那个拿高考作文糊弄人的时代一去不复返啦，新闻消息怎么写，评论怎么写，简讯怎么写（不可能给你三小时写通讯嘛），你都可以查到，但记住：查到不等于学到，自己动手试试写几篇才有门。写完了拿不准，可以给学长我看看啊，我收费很低很低的~~（嘿嘿嘿……）  以上卷面的答题，都是讲实力的，接下来要讲讲怎么装逼了。在这个转折处特别醒目提醒：在装逼界，实力才是硬通货。     关于面试   哪些地方可以装逼呢，当然是面试。  面试就是问答问答咯？  错，问答前还有一个加（zhuang）分(bi)项。  你的报名表。  对了，老师问你的同时，是要看着你的报名表和试卷的。试卷反正那样了，那么报名表呢？此处你就可以装逼了——如何成为装逼界的一股清流呢？就这份报名表而言，崇高、饱满、有个性就好。  以下是老学长当时的报名表，可谓是这些年说的最有逼格的话了：     我是纯粹为了装逼写出来的么？现在回忆来，还是带了点真情实感的，没真情实感，也写不出这种漂亮话，漂亮话是说了，却需要很长时间践行……（以下省略感慨3000字）    （关于讲漂亮话，我力推上图的大佬，穆青班的一面旗帜啊！他的联系方式我便宜卖给大家，价格很公道的！）  接下来就是问答环节~~  老师会问什么呢，真的不重要。你要怎么样回答呢，真的很重要。  一般是开放性很大的问题，完全取决你怎么回了。当然了，还是遵循“崇高、饱满、有个性”的原则，讲讲你关于新闻事业的大梦想，说说自己的热切渴盼，或者自己与新闻结缘的故事，记得保持微笑彬彬有礼有条不紊临场不乱，高阶一点的，可以和评委老师开点恰当的小玩笑。  很多东东看功在平时了，如果抱佛脚，你需要的储备大概是……这样的……    记者就是要和人愉快地交流啊，把真实自然的自己表达出来吧~~  时间会尽量错开大家的期末考试时间，或早或晚，反正不会耽误期末考试，可别因为备考穆青班挂科了。  笔试和面试各占百分之五十的比重，不确定今年会否有变动。  笔试会有一定的淘汰率，百分比……忘了。  反正面试的时候我们分了上下午两场才结束，每个人面试时常不过五六分钟，要是人多，还会多安排场次吧。     另有一些备考建议：  读读穆青，他的事迹，还有他的文章，想想为什么老先生一直在强调“勿忘人民”；  提高一下思想觉悟和党性，了解一下国家现在的大政方针、战略布局，四个全面怎么展开啦、两个一百年目标怎么实现啦、为什么要两学一做常态化啦、如何让中原更加出彩啦，等等等等~~；  看看真正的新闻吧。不是乱七八糟的公众号或者有的没的无良八卦，看看央视怎么搞新闻，看看正规报纸怎么搞新闻，人民日报、河南日报他们在关注什么，思考什么，多问问为什么。纸媒落寞是一回事，人家素养过硬，这是没法否认的，南方周末真的好看，我们班现在还每周猜南周头条呢，猜对的有奖哦；  最重要的一条：别人告诉你的路子都可能是假的，只有你自己走一遭了才是真的。  手上还有俩采访三四篇文章，我还是咬牙来更新了，真心希望能挖掘出优质的小石榴！关于备考招生有什么别的问题，快提问15穆青班，联系方式自己想办法找~（记者有一能力曰突破能力），我们收费真的真的超便宜！  不知道什么时候接着更了，在zzu穆青班就读是什么样的体验？我们正感受着呢。   突然发现我们班同学悄悄做了这个    https://  m.weibo.cn/status/40893  08849542874?mblogid=4089308849542874&amp;featurecode=20000180&amp;sourceType=weixin         嗯，可以代表我班颜值水平。后边的访谈部分…………瞎说一堆大实话 
郑州大学临床医学研究生怎么样？,我就在郑州工作，也有朋友在医疗系统，关键是侄女去年刚从郑大临床医学研究生毕业。回答你的问题。一，如果是医学类几大顶尖名校，当然要去了。二，如果和郑大层次相近，关键看以后准备在那发展，如在郑州发展， 建议本校考。
你在郑州大学的这几年有没有遗憾？,我是郑州大学毕业的，在郑州大学出国留学培训中心学习后，后来去德国留学，留学回来后，在以前国际学院的主任介绍下进入中心工作，工资比大众的低了好多，但是胜在喜欢，倒也自在。
郑州大学会计专业 该如何规划自己的四年?,很快就会发现，大学根本不按规划套路来。一处男女朋友，基本就是自习，吃饭，开房，吵架的循环模式，浑浑噩噩到了大四，突然发现所学的专业社会大量饱和，不得不先找个不管对口不对口的工作再说。
河南大学为什么被郑州大学超越了？,很简单，当年两党斗争，河南大学站错队了～ 其次，浙江大学也犯这个错，但是浙江省有钱～
如何评价传媒大学女给郑州大学男生表白一事走红？,520+声音好听
郑州大学金融学专硕，431金融学综合指定教材是什么？,  我特意找我郑大的金融专业的学生问了一下~    ··························································································································  宏微观可以不看。431金融学综合包括金融学、公司财务两部分。  满分150分，其中，金融学部分为90分，公司财务部分为60分。  学校没有指定参考书········  建议参考：  姜波克：《国际金融新编》，复旦大学出版社2008年第4版。  胡庆康：《现代货币银行学教程》，复旦大学出版社2010年第4版。  罗斯《公司理财》（第8版）  ·························································································································  希望对你有帮助吧~考研加油~ 
郑州大学新闻与传播学院怎么样，有没有准备2015年考传播学的研究生啊？,作为zzu文科最强院，我总结一句话:         腐女的天堂，直男的乐园  在学校你说你是新传院的连自己都会感觉逼格不低(当然我不是说别的院怎么样)，学风轻松愉悦，对个人能力的锻炼机会挺多。
坐标郑州，大学在读，现在去哪里旅游，性价比高？既感受自然的美景，又不需要用太多门票费？, 去哪里旅游，这要看你的喜好了，至于路线攻略，要看你对什么感兴趣啊，看怎么走好，住的地方也要看好路线的，可以现在途家网预订好，那上面有路线说明。  
如何看待“郑州大学进入国家世界一流大学建设行列，河南大学进入国家世界一流学科建设行列”？,名单已经出来了咩?  期末考之前我们语法老师一直在渲染这件事情有多么多么重要。 我的心情太激动啦啦啦啦啊喂 因为这意味着，郑大宿舍可能在我们走之前装上空调!!!太开心了…… 郑州的夏天，我们被热到变形融化，不用再去南核和图书馆抢座位了。  1.既然是双一流大学，有了经费，硬件设施绝对要补上来了。呦呵呦呵，空调空调切克闹(๑• . •๑)狗子们不用睡天台，打地铺了…  2.毕业的时候，可能更牛气哄哄…可能~  3.招新的时候，让小学弟学妹们更加憧憬，变成星星眼~然后揉碎你们的小梦想哈哈哈，在此忠告一句:千万别过分憧憬大学生活，否则愿望凋零起来更让人难过。不是上了大学人生就会开挂……你晓得伐。  最后，郑州大学欢迎你。        
郑州大学临床医学怎么样？,我是郑大的，郑大临床医学学院是原来河南医科大并入的，河南医科大虽然不如北医，协和，湘雅等四大医学院但是老一代的河南医科大真的也算是人才辈出了，虽然现在郑大临床医学院是不如以前的河医但是瘦死的骆驼比马大，还是有一定实力的，临床医学是郑大分数线最高的专业，一般都可以去外省读个985了，而且郑大的临床医学是ESI排名进入全球前1%的，我们学校和许多国外的医学院有合作，同时郑大也是全国首批卓越医生计划高校。临床医学院学风很好，本科是去全球最大的医院郑大一附院实习，郑大一附院医生素质都很高，都是专家教授级别，不收本科生，所以在有经验的医生手下做事能学到许多东西，也很累。综上所述，如果你的成绩达不到四大医学院但是还是很不错的话郑大临床医学院也是一个很好的选择
有谁知道李雪峰老师吗 曾在郑州大学毕业的那个 是东北的？,看过视频，有些肤浅，不过大家都是大人了，我也很理解他，还有，厉害了，老铁，喊个麦
如何看待“郑州大学生自家门外掏鸟16只 获刑10年半”？,不请自来。   《大学生抓了几只鸟卖，结果判了十年，天理何在？》    别闹了。   明明是《  多次购买、猎捕、贩卖国家保护动物，技校生明知故犯被判十年  》  来自江宁婆婆的微博，自己看判决书。  最后的最后，欢迎大家移步某浪关注@江宁公安在线。 警察蜀黍的摄影技术会让你们迷醉的。 ————略有心塞的分割线———— 可能是真的专业水平不到位，语言技巧也不过关，贴一下答主试图「普法」的过程。  我的回复全文如下：  这么说吧， 我支持您表达意见的权利，但观点不敢苟同。  1.「现在的社会你跟我讲法律，我给你讲现实」这种观点是有待商榷的。谈法律就应该谈法律，谈现实就 应该谈现实，当然不能忽略二者之间的相互影响。 绕了个弯回避一些重点，这可以是您表达观点的方式，但绝对不是解决问题的方式。 当然，按照您的思路「现在的 社会你跟我讲法律，我给你讲现实」，也不妨和您说说， 如果没有现行的法律 ， 更多罪大恶极的群体可以肆意妄为，根本不需要承担任何社会代价。   2.谈及「你可能是学法律的，说的东西符合法律，但不符合我内心对法律的期盼，我想象的法律是保护人的财产安全健康不受侵害，维护公平正义社会稳定。是为了人类服务的东西」。 我必须要同意的是「法的价值体现于对人们需要的满足和人们对法的期望」。但请注意， 法从来不是一个人的法，从位阶上讲个人价值是要低于集体价值。 可能您还会觉得太过晦涩，换句话说，集体大于个人，这总容易理解一些吧。犯罪就相当于个人挑战整个国家机器。 另外，有时间的话可以翻一下刑法。如果不想翻的话我也直接列明： 「第一章 危害国家安全罪 　　第二章 危害公共安全罪 　　第三章 破坏社会主义市场经济秩序罪 　　第一节 生产、销售伪劣商品罪 　　第二节 走私罪 　　第三节 妨害对公司、企业的管理秩序罪 　　第四节 破坏金融管理秩序罪 　　第五节 金融诈骗罪 　　第六节 危害税收征管罪 　　第七节 侵犯知识产权罪 　　第八节 扰乱市场秩序罪 　　第四章 侵犯公民人身权利、民主权利罪 　　第五章 侵犯财产罪 　　第六章 妨害社会管理秩序罪 　　第一节 扰乱公共秩序罪 　　第二节 妨害司法罪 　　第三节 妨害国（边）境管理罪 　　第四节 妨害文物管理罪 　　第五节 危害公共卫生罪 　　第六节 破坏环境资源保护罪 　　第七节 走私、贩卖、运输、制造毒品罪 　　第八节 组织、强迫、引诱、容留、介绍卖淫罪 　　第九节 制作、贩卖、传播淫秽物品罪 　　第七章 危害国防利益罪 　　第八章 贪污贿赂罪 　　第九章 渎职罪 　　第十章 军人违反职责罪」 像非法猎捕野生动物，就属于第六章第六节第三百四十一条的内容，第六章的大标题是「妨害社会管理秩序」。 既然您说过法律需要维护社会秩序，这种秩序是否您干脆就不认可呢，还是觉得自己理解的就是社会秩序，保护环境资源这种不理解的就不是社会秩序呢。  再次声明，没有任何要说服你的意思，只是在想 「既然这个人已经暂时放弃玩鹰，希望ta可以知道得更多一些，不要走偏了」    我   天真   地以为对方至少会看一看，想一想。  然后人家说   「社会秩序是个筐，啥玩意儿都能往里装。掏几只鸟居然能扰乱生活秩序，那走路上放个屁也有可能被判扰乱社会秩序哦 」     我感觉受到了伤害。。。
想在郑州大学校园里租房子，请问怎么找到房子?,这个学期开学的时候有同学去问了，柳园和荷园没有了，松园的负责人说要到九月中旬才可能有（不能保证一定有），菊园不太清楚。今年学校扩招了，貌似不太想租给二战的人。学校招待所暑假新装修了，去问了，结果是一个床位一个月800，是六人间，但是如果凑不够六个人，那么剩下的钱还要付，不太合适。 学校周围的话，北门师新庄，不建议，因为那边小旅馆多，比较乱，你懂的。东门是教师的家属院，比较理想，但是那边房源很少。南门是升龙又一城，房源多，但是小区正在建，路不好，下雨可以看海。 我是二战的，准备回学校，朋友有在升龙租的，有男生也有女生，我也打算在那里租，朋友把他房东的电话告诉我了，这个房东在哪里做房屋空管的，所以还是有比较多的房子，有需要的话可以私信我，我把他电话给你，你也可以去58或者赶集找，那上面也有很多信息。建议和别人合租，如果女生的话，找女生合租，一间房间大概800—900，两个人还是可以的。 有什么问题可以私信我。
在郑州大学西亚斯国际学院上学是一种怎么样的体验？, 非邀自来。  今天翻Facebook，无意中看到很多SIAS校友，还看到一个SIAS的主页，就想着知乎上是不是也有关于SIAS的讨论呢？一搜，果然还真有，虽然不多。大致翻阅了一些问题和回答，让人不是滋味，尤其是本问题下排名前三的回答，对，就是最高票的匿名回答、宋不了、过路人三人的回答，没错，学长我就是来实名反对你们的回答的。  我是05年进的西亚斯，09年毕业，毕业至今都还没有回去过，虽然中间也有去郑州出差过几次，但是因为时间问题，一直没有机会回去，我还是蛮想回去看看的。我读的是计算机科学与技术专业（网络技术方向），在电子信息工程学院。当年高考失利，我又不愿复读，带着对西式学校的憧憬，来到了西亚斯。随同我一起来的，还有我另外一个高中同班同学，他来的时候是西亚斯理科第一名，读的是软件工程分析，在军训结束后的烛光晚会上代表新生发表了讲话。  刚来西亚斯的那半年，我的心情是低落的，一个是因为高考失利的阴影，一个是因为家里很贫困，而西亚斯学费很高昂，生活费用也相对比较高，我一直在省吃俭用。这半年，学生会、兼职、勤工俭学什么的，我什么活动都没有参加过，每天三点一线，宿舍-教室-食堂，还经常自习，偶尔去图书馆打发时间。但是到了下半年，适应了学校生活之后，我就逐渐开朗了起来，因为我的家庭原因，我必须要高标准要求自己，学习、工作、生活，三不误。楼上几位说的情况确实存在，比如大家不爱学习、老师质量不够高、有钱子弟比较多、日常活动比较多，但是，我想问下，这对我们自身学习会有很严重的影响吗？完全不会！   到了大学，我们都是成年人了，我们的生活和学习，都要完全依靠我们自己的自制力了，不应该再依靠家人和师长的督导。如果你不愿学习，你肯定学不到东西，如果你愿意学习，也没有什么能阻拦你。自习室多的是，图书馆的书也多的是，即使你觉得老师不够优秀，但是老师教的东西，也完全够你消化，就我们的水平而言，这些教授、讲师，甚至是实习的硕士博士研究生，教我们也完全是绰绰有余。如果你因为学习环境不够好，而抱怨这是让自己学习不够好的原因的话，那完全是自欺欺人了。因为你自己自制力太差，自学能力太差，这怪不了别人，如果你觉得学校是一坨屎，那这也是你自己咎由自取，因为高考是你自己考的，报名也是你自己报的，怪不了别人。     但是话说回来，西亚斯也并不是完美的，还有诸多需要改善的，这些不完美的地方，我们也都可以评论、批评，只要有理有据，带着建设性，我觉得学校也应该开诚布公的进一步提供这些渠道，供大家发声。比如，我们腾讯内部就有一个类似知乎的网站：乐问，大家可以匿名，也可以实名对某些产品和行为进行评论、批评、提问，公司各个部门的同事，甚至高层（包括小马哥自己）都会亲自耐心作答，以让我们的产品、文化和用户体验做到更好。就一个学校来讲，西亚斯所提供的学习环境和硬件设施，已经超过国内很多高校，足够我们学习和生活了。性格和习惯，才是改变你一辈子的决定因素。   大学期间，我的学习并不够好，专业课程，甚至可以说是学的很差，但重要的是，我没有放弃和自怨自艾，我认真的准备每一门考试，从没有挂过科，大部分是80左右，甚至90多，尤其是我最喜欢的数学和英语，基本都是80多，90多，总成绩保持在班级里8-10名（34位同学），英语四六级，也都是一次性考过。同时，我还做了2年校内网（现名人人网）的校园大使，月收入是300-800多（最多一次1500多），还有2年半的就业指导中心的勤工俭学（月收入大概是200-300多，3.5元/小时），期间还在辅导班当过辅导老师，也卖过茶叶，还卖了一天的书包……，这些收入，基本足够我大学期间的日常生活开支，也让我大学期间一直都处于很忙碌的状态。大四下学期写论文，我还给七八个同学做了英文翻译（不同学校），也参加过中国银行河南省分行、河南省邮储银行、山东省农村信用社的笔试、面试，虽然最终都挂了，但是那段时间为了考银行，我狂补了一些货币银行和金融学的知识，看了很多教科书，做了很多题，这些知识至今仍然对我很有用。大四下学期，随着诸多面试的失利，亲人的去世，毕业的临近，我也一度很悲观，但最终我坚持了下来，一个人跑到深圳来找工作，然后从最基础的岗位一步步的做起。  再说说我的同学们，班级里面玩的最好的三个同学（其中两人和我一个小组，一起写毕业论文），一个毕业后去澳大利亚悉尼大学读了CS硕士，目前在澳洲工作，一个在郑州的IT公司做数据部的部门经理，一个在福建泉州的一家IT公司做部门负责人，和我一起来西亚斯的那个高中同学，目前在金蝶软件工作（已经换工作），经常被派驻到中东，而我于去年加盟了腾讯，负责腾讯一款医疗产品的运营工作，还有其他一些在加多宝、留学机构、投资公司等公司任职经理的同学，而我们班级里面学习习惯比较好的几位同学（前10名，家境都不是太好，其中有六七个都是女生），工作和生活的也都还不错。虽然我们都是普通的职场工作者，没有大富大贵，但我们仍然都在认真、用心的努力着、奋斗着。同时，我读大学期间，我还介绍了我的另外三名高中同学，一名初中校友，一名小学校友到西亚斯来读书，他们也介绍了一些人，加起来有将近10人来西亚斯，多多少少都是因为我的关系。  工作以来，和别人说起学校时，我一直都是蛮自豪的，我不会隐瞒我是西亚斯毕业的，相反，我很喜欢西亚斯这种开放、自由的氛围，无拘无束，我大学时申请的邮箱名字中都有sias，还有很多网站的用户名里面都会包含sias，这些都一直沿用至今。 大学教会我们的，是我们的人生观、世界观，是我们的知识面，我们的视野，我们思考的能力，我们自学的能力。显然，西亚斯是不完美的，但是她就是我的大学，我们的大学，是我们人生中最重要的一段履历，将伴随到我们的终生，我们应该正视她。   如果你即将踏入西亚斯，或者正在西亚斯，我希望我码的这些字，能对你们有所启发。如果你和我一样，已经离开了西亚斯，希望我们能一起缅怀：我们那逝去了的青春岁月。  附两张图：                                                                 同班同学                                                                  宿舍室友                                       Photo by  阿当  2016年10月21日凌晨   后记：  发现最近咨询我的高中生突然变多了，快要填志愿了，希望大家都有一个理想的成绩。如果想报考省内的三本院校，欢迎报考西亚斯，你会有一个不一样的大学体验。   2017年6月28日 
关于郑州大学庆祝抗美援朝胜利而被群起而攻之你怎么看？,微博要是能代表中国民意，那推特就是美国国会了 人家键盘侠在网上发牢骚，你又何必认真呢→_→ 等他们有胆子行动再说吧，这种人在路边排档和小饭店里有的是
郑州大学的软件学院怎么样?,7.18最后更新   感谢各位关注，祝大家成功走入软院   －－－－－－－－－－－－－－ 想了想，取匿，有问题私信我，反正我知乎只有一个人是现实朋友 @杨梓瑜   请杨无敌点赞  一个回家的帅比真诚的请一个没能回家的帅比点赞 2017.7.5更新 看了贴吧和其他地方的一些帖子，发现今年打软院主意的考生分数都不低啊，排名都在三四万？？？这么强？还是打着转专业的主意来的？在此给准备报软院的考生几个忠告 1.今年分数线肯定会大幅提升具体升多少没人知道，没被录取不要怪我怎么样怎么样，我不是神，录取分数线是在录取工作结束后统计出来的，之前不会有人知道录取分数线，我只是给你们提供校区信息而已，这也算是一个免责声明了 2.如果是抱着转专业的念头来软院本身对编程一点感觉都没有甚至厌恶的话别来了，再多的分数也别来了，这届新生成绩绝对不是16级可以比的，拿之前学生分数做对比梦想转专业去新区的，绝对不可能。除非你像去年一个考了600多的来软院了  2017.7.4更新 最近更多学弟学妹问一本线高好几十能不能来软院，估计今年软院录取分数线不会太低了 想想我还是觉得自己蛮幸运的  2017.7.1更新 哇，为什么你们这些超一本三五十分的还要来问我能不能进软院，我简直无地自容了好吗 软院去年才升的一本，这几年分数线应该不会太高你们这分数都够新区找个专业报了   按照软院的尿性，今年估计还是招不满人到时候还会有一大波征集志愿。 小萌新真的要来软院的话可以评论找我要qq开学面基啊，快活啊，造作啊 考试复习周还会开放机房给我们用，老学长在机房吹着空调扣着手机美滋滋 男女不限哦 风里雨里软院等你   2017.06.30更新 北区宿舍开始装空调了感觉人生圆满了   ----------------原答案分割线------------- 作为郑州大学软件学院准大二学生，我觉得整体来说还是可以的，当然，硬件设施没法和新校区比，但是师资力量共享，老校区本身也有自己可爱的地方，一千个人眼里有一千个哈姆雷特（强行装个B），我在学校听多了学生对学校的吐槽，也听过很多人夸学校环境好。总的来说，如果想学软件，郑大的软院挺好的，毕竟和新校区师资力量共享，可以学到不少东西，如果想混日子，那就别去了，那里硬件设施没多好，去了也是受罪。
海南大学和郑州大学我该选哪个？,艺术类不是很清楚。 当时文科报志愿，海南大学的分数没有郑州大学的分数高。
郑州大学计算机科学与技术研究生好考吗？复试难度大吗？,我是物理院的，据我的观察，考郑大的研没什么水的，只要你考研成绩考得好，复试不用担心。此外除了准备考试外，你可以多了解下郑大计算机科学方面的科研情况，这对复试是有帮助的。
郑州大学体育学院 新闻专业怎么样？请求前辈指点？, 不要学新闻。。。 
读医在郑州大学好还是兰州大学好？, 郑大，，，，我是河南的，我在郑州上学，这两年郑州变化是不小，总理那次去郑州接着地铁啥的都在搞，就是房价可高，，郑大一附院二附院都可不错，我去过郑大二附院看荨麻疹，，兰州还是没郑州发达，医疗条件什么的还是没有郑州好，，我个人的看法，决定还是自己来做比较好 
河南为什么只有一所211(郑州大学)？是不是河南的教育水平就整体偏差？, 我是河南人，在河南参加高考，本科读的是郑州大学。看见了就说两句。  在回答为什么河南只有一所211之前，可以思考一个问题。那就是为什么河南是中国的。  简单来说这和历史有关，和资源配置有关，和国家战略有关。  明确来说就是政策倾斜。  第二，是不是河南教育水平整体偏差？  河南教育水平要分层次讨论。  义务教育，以及中学教育水平强势。  高等教育水平不平衡。  河南顶尖高校，科研院所在相关领域内拥有领先地位。在地缘影响力上有垄断趋势。但与国际先进水平仍有差距。  河南非顶尖院校，即除了拔尖的几所大学（211），部队名校外，其他高等教育资源相对弱势。   河南是中国的教育大省，河南因为人多，资源相对较少，所以一个家庭或个人为了出人头地，从小就对教育高度重视。相同试卷，河南的分数线最高。相同层级的学生，去外省参加高考与在河南参加高考最终入学档次是砂砾与大海之别。举个例子，我的一个初中同学，成绩不如我，在天津参加高考，考上了南京大学。我的一个高中同学，按他的排名从历史数据来看是上三本（如在河南参加高考），后去上海参加高考，考回了郑大医学本硕连读。差距大致如此。  综上所述，河南拥有全国较高水平的基础教育。河南拥有全国高水平的生源。  而高等教育水平由大学决定。河南除了郑州大学这一所211以外，还有一些高水平的不亚于211水平的大学，比如解放军信息工程大学等一些军校，以及中科院的棉花研究所等。这是目前河南高等教育的现状。  我不是很赞同有个答主关于所谓综合素质的论述。  因所谓素质教育很难定量判断。如果某位高考考生参加高考，凭借其实力，只能考个三本。考虑到子女如果只能考到三本水平的话，作为家长的，也许也就会剥夺了子女接受所谓与升学无关的“素质教育”课业。这些课业正因为与学习无关，换句话说，提高所谓“素质教育”就犹如“不务正业”。   河南考生多，所给的高等教育指标相对于其他省份要少，那么就体现了千军万马过独木桥的残酷。两利相衡取其重，两害相权取其轻。在河南的考生当中，所谓“素质教育”的人生收益与不能接受优秀高等教育的毁灭性后果，孰重孰轻，并非曾身处其中之人能有所体察。  ---------------------------------------------------------------------------------------------  某位答主在贴上百度搜索结果截图，并谓之为“数据”，且说自己统计学学的不好。汝何谓学过统计？该“数据”不具备客观性与一般性，不可作为论据。  某答主用所谓的“数据”来以偏概全，有失严谨，也不符实情。  马克思辩证唯物主义认识论认为，认识任何事物，都应该从实际出发。  在河南，我们初中从早上7:30开始上早读，到晚上21：30下晚自习，我们高中 从7：00上早读，到晚上22:40 下晚自习。 在河南，只有学习不好的孩子，或者考艺术，播导专业的才会去社会上找辅导班。正常的优秀学生是不会上社会上那些辅导班的，也没有时间上。我们的自习晚自习都有学校老师辅导，每周每节晚自习都有任课老师按照教学计划值班在讲台上坐着，随时为有问题的同学答疑解惑。  在河南只有差生才会去上社会上的补习班，且社会上的补习班良莠不齐，多数为赚钱而教学质量低下。不知某答主是否上过这类补习班。  某浙江的答主确实“优越感”意味浓重。 “河南是一个农业大省……”我记得这种论断是我上小学时，也就是1999年左右教科书上提到的。中国经济飞速发展的近20年，“农业大省”这个词汇对于我一个出身河南的中国公民显得极其陌生。河南不仅是农业大省，更是工业大省，人口大省。而创新的主题是人， 实践的主体也是人。  另外某答主居高临下得口吻说，“你们河南把经济搞上去，怎么怎么样……”   以下附上2016年全国各省GDP数据。  浙江GDP总量位居第四，河南第五。浙江GDP相对于河南并不存在压倒性优势。 2016年GDP增速河南8.1，浙江7.5。 河南GDP增速明显高于浙江。    如果硬要说河南与浙江比教育差在哪里，那我就要说是政策倾斜。前几十年，国家优先发展沿海地区，让浙江省吃尽了甜头。这就是某位答主的“优越感”的来源。由于国家政策倾斜，这位答主的“优越感”是建立在全国非优先发展地区的牺牲基础之上的。全国13亿人民，都在认真担负着交税与其他公民应尽的义务。国家领导人希望让一部分人先富起来，先富带着后富，共同发展中国社会主义。而某些人不知感恩，还将国家的恩惠与全中华民族的付出作为自己自负的资本，来居高临下指摘其他曾为国家富强民族崛起付出牺牲的省份，指摘同为中国公民的同胞，实为鄙人汗颜！  某答主认为其“言谈举止，思维方式”优于河南，还说并不存在所谓“优越感”。同为中国人，却妄自尊大，搞地区歧视，影响团结，伤了河南人的心，为鄙人不耻！  而如今，欧亚火车线路从法国，德国，途径河南郑州，到中国东海岸。同时郑州已建为国际航空港，全世界的货物可以通过航空，轨道运输直达河南。海运并不是唯一的战略运输方式。再加上国家中部崛起战略，河南的GDP，经济，教育，文化，科技水平不断提升。其直接反映在GDP的增长上。 
郑州大学药剂学专业博士生导师？,药剂学没有博导吼～只有药化和药分有
在郑州大学老校区就读是怎样一种体验？, 楼主已经研二了，现在看大四的自己当时还是年轻，不知道天高地厚，这个世界真的比你想象中的大得多，也希望想报考的同学不要听信一家之言，多方面的听取，才能把象摸全，因为每个人的经历不一样，得出的结论也不一样。记得有个人说过，每次辩论赛都有一个反方，处于舆论的劣势，但是还是要有这一方，这是因为我们也需要听取弱势者的处境和不得已。但是有一点是肯定的，既然都来到这个学校了，也是希望学弟学妹们能好好学习，把国际学院当作跳板，而不是终点。外面的世界真的很精彩。也确实很艰辛，把学习放在第一位真的没有错。哎，刚才室友给我说从今天起你要上四年的自习了，很落寞。随手更了一波，好像扯远了。  -------------------------------------------------------------------------------------------------------          评论区好多问这个学校怎么样？宿舍怎么样？有空调没有？哪个专业好不好的问题？还有自己能适应不能适应这个地方？以及说明自己的情况让我提建议的。我这里统一回复一下吧。  我已经毕业了，离开学校快一个月了，在这一个月里学校发生啥我也不清楚，装没装空调我也不知道。澡堂怎么样，如果跟之前一样的话那就是大堂淋雨。每年国际学院都会在某些地方装修。肯定会越来越好。只是本身基础设施较差，问题数量的基数大，所以改善起来比较慢，但是我觉得事得一件一件的办，肯定会发展的很好的。  在一个我想说的是，上了大学四年，现在想想，宿舍怎么样，专业怎么样，诸如此类的问题都不是问题。我现在觉得自己在大学认识一群朋友才最重要。毕业那天会哭出来是真的。毕业证，学位证如下图所示。其他的问题，看大家评论，我再回复吧。            —————————分割线—————————利益相关，郑州大学南校区国际学院大四学生在读。   作为大四毕业班学生了，可以说南校区各种情况我也算比较熟悉啦。套用郭德纲相声里一句话：新来的老师都要向我打听学校内幕。   郑州大学老校区有三个，北校区，南校区，东校区。北校区是原郑州工业大学，南校区是原郑州大学，东校区是原河南医科大学。本人在郑州大学南校区就读，就说一下这个校区就读的体验吧。         南校区位于大学路中原路，地处繁华市区，周围娱乐设施比较多。距离新校区较远。距离产生信息延缓这很正常。所以咧，很多人会有一种后娘养的感觉。我刚到郑州大学南校区的时候，面对上面佛罗里达国际学院这几个字，心里确实凉了很多。文艺点吧，一张落寞的脸消失在夕阳中。但是你真的在这里生活了四年后，总会觉得这里还不错吧（或许可能是我个人这样觉得？）。我带大一的学弟学妹去新校区参加开学典礼的时候，我说新校区没什么好的呀。他们会说：“新校区这才是大学啊，多么漂亮啊.”哈哈，跟我当时一样。大三的时候给大二学弟学妹做交流，我给他们说老校区很好呀，他们开始自嘲说：“对呀，树很粗。”哈哈，当然他们还是觉得新校区很好。我带我高三的妹妹来郑州大学参观的时候，她说:“新校区真的好好啊，我要来这上学。”终于皇天不负有心人，她通过自己的努力，现在 跟 我 一个校区。2333333.而我呢？我现在对新校区没有一点点艳羡，相反的我一点也不想去新校区。至于说原因，那就是另外一个故事了。     写到这，接下来我真的想说好多事。想给学弟学妹一些经验之谈，想说说自己大学的各种有趣的故事，想聊聊自己的遗憾，想说说周围不错的地方。但是我觉得，问体验这种事。还是不说了。大学一个玩的很好的同学告诉过我这样一句话：人们都知道书到用时方恨少，却不知后面还有一句话，事非经历不知难。所有的事情只有自己经历了，才能真正的体会。等你真的来到了这个学校，在这生活一段时间。你就会明白：这个学校教你的是成长，不是经验。    最后呢，以我最喜欢的一段话作为一个礼物给所有在南校区或者将要来南校区的学弟学妹吧： 据说，在威斯敏斯特教堂旁边，矗立着一块墓碑，上面刻着一段非常著名的话：“当我年轻的时候，我梦想改变这个世界；当我成熟以后，我发现我不能够改变这个世界，我将目光缩短了些，决定只改变我的国家；当我进入暮年以后，我发现我不能够改变我们的国家，我的最后愿望仅仅是改变一下我的家庭，但是，这也不可能。当我现在躺在床上，行将就木时，我突然意识到：如果一开始我仅仅去改变我自己，然后，我可能改变我的家庭；在家人的帮助和鼓励下，我可能为国家做一些事情；然后，谁知道呢?我或许甚至可能改变这个世界。  
在郑州大学读书是怎么一种体验?,我本科在郑大。这是毕业一年后再回学校写的。   郑州火车站，每个节日都在这里差点挤死，在这个地方同行过，重聚过，离别过，有一次哭得稀里哗啦的，最终的旅途还是要自己走呢。   B12永远那么挤，犹记得曾经拖着大箱子挤B12的壮举，除非是起个大早才会空荡荡。这次的人没那么多，可是还是没有抢到座（悲伤脸），话说B12好像换颜色了。   一个小时后，请站稳扶好，前方到站郑大新区南门~还记得大一时刚来的场景，到现在毕业。南门设计的很有艺术感，大爱这种砖红色，but校门前的广场太大了有木有，夏天的时候简直是热成狗…而且校门口的小摊小贩没了，希望这只是个偶然现象，我们的烤面筋、烤鱼豆腐、烤鸡翅、鸡蛋灌饼、山东杂粮煎饼、肉夹馍、凉皮、炒凉粉、炒土豆哪儿去了! 我需要一串烤面筋….   蹬蹬蹬！进去之后，我没有望见高大上的行政楼，也忘了膜拜我们的喷泉和草坪，我怀念的~ 小绿啊，记得以前是小白，可以坐着到北门莲花街的小白啊，后来升级了，更让人怀念的是，某天有人说有没有发现小青师傅质量越来越高了有没有，确实是越来越帅了啊，请原谅帅哥不能与人分享~  （此处缺图呀，好心人在哪里？）  途径建设银行，诡异的一个定律是，去取钱的时候排到了没有钱，去存钱的时候排到了，存钱满了，满了！（生无可恋脸）! 经常打折的沁春园，荷园商业街，尴尬的是后来莫名其妙多了个都市丽人，商业街的红豆饼、鸡蛋饼、泡芙、蛋挞、麦多、麦可奇、燕麦牛奶、土豆卷饼…..然而摸了摸因为智齿而变形的脸，更加悲伤了。   我们宿舍，柳园，嗯，竟然很怀念刀子嘴的胖大妈，炫耀一下我们宿舍楼下的小超市的大叔，会煮方便面，会煮超好吃的混沌、水饺，还有那只超市门前的流浪猫。每次提着热水壶，从这条满是紫荆花的路上去餐厅的日子消失啦，记忆中的聚英园、风华园、荷园，北边的松园去的太少，总抱怨这边的饭难吃，然而就近原则啊，聚英园和风华园去的最多的请举手。关于这几个餐厅的山野菜面、卤蛋面、臊子面、混沌面、牛肉面、番茄鸡蛋面、大盘鸡面、兰州拉面、重庆小面、酸辣粉…..还记得有天晚上梦到和小君君在风华园二楼排队买卤蛋面吃….    行政楼后面的路，各种漂亮的花（求科普是什么花）经常有人在这里写生，有人在此谈古筝。   这里有一个谜之难题，鹅卵石去哪了？为森马这些年越来越少越来越少了? 据说是男生们都偷走拿去表白摆造型了….还是我们一个个把它们扔旁边小池塘里玩了？（表打我，我扔过）呵呵。还有石榴树，当年和我一起手持撑衣杆和塑料袋打石榴的小伙伴，我们都对不起这群石榴树….   水环，别问我为什么要说到水环，每个考研狗都对这儿印象深刻好不，当年我等拼死拼活占了一个位置（此处哀求帮我占座的室友们不要拆台…）。虽然水环的味道似乎不好闻，但是曾经能够静下心来专注的坐一整天的地方谁会不喜欢呢？而且每次晚上下晚自习从五楼窗口望过去，路灯真的好美呢。    南核附近，一路上各种花，某棵桃树，自从我们走了就被供奉成了郑大桃王。此树心机深沉，每次开得最早，谢的最早，她一定是成精了。（嫉妒脸）    南边的喷泉，据说善用这个喷泉可以排出很猥琐的毕业照。   至于眉湖，一言难尽，喝过眉湖水的人请出来打我，我在里面洗过脚。漂亮的眉湖，有一年我们班两个男生跳湖殉情来着….   我们走后，据说高贵冷艳的大白鹅失宠了。   来了真正的黑天鹅，现在他们圈地为家，还有了小房子。   而且，现在还有一群鱼在这儿，是不是这几只鹅的食物呢，真是太热闹了。   南核北核，中心教学区，再次感慨红楼好漂亮。一开始会迷路，后来能分清了。平时上课，期末考复习等等都在这里，还有我们化工的年级会，每次大教室都要闷死在里面了有没有，张导你出来我要赞你一下。    据说每个教学楼的楼顶都有惊喜，然而机缘巧合我只去过南核的楼顶，是一个小小的花园，上面各种涂鸦，每个故事都是一个大写的恨，你们这些多情的小儿女，让我等连故事都木有的人情何以堪。   体育馆，这里全是各种遗憾，当年运动会，没好好看；当年扇子舞，逃掉了；当年俞敏洪那一次，没去；当年西北工大那个翻版柯景腾，也没去。更让人忧伤的是，当年我竟然没早早发现我们学校有男神宁泽涛，大写的三个恨啊！泪流满面~ 宁泽涛，你是不是有女朋友了？    图书馆和东门，图书馆现在是这样的，我表示还是习惯它没那么绚丽的样子。本屌丝第一次去图书馆是去免费上网去了（和我一样的请猥琐一笑）。话说我们学校的图书馆真的越来越高大上啊，我还是最喜欢软软的那几张不好抢的椅子，而且图书馆的小说杂志好多啊，连课本都有。其实没去过几次图书馆，因为太难占位置。提供一个小窍门，没有了校园卡的我们可以从图书馆左侧一个小门直接进去到一楼。   至于后面的东门，这是一个圣地，因为它是通往河工大食堂、羊肉汤、酱牛肉、烤猪蹄、曾经的东北小菜馆、渔码头、同福顺、洼洼地、优乐、烙馍村~~~~~   后山，喜欢死后山了。这片小土坡太美，好多精致的风景，走过才知道，哪是说得出来的。每次有外校的同学过来总会领着这些人到小瀑布那儿拍一张俗气的要死的照片。适合望风景，独处、情侣、老朋友都可。   北操场，和南操场相呼应，每届军训、开学典礼的地方，大概是我很喜欢操场，所以这里是曾经走过最多的地方吧。曾经和宿舍里的人一起玩游戏，真心话大冒险，谁是卧底，数七…那些幼稚又八卦的青春的尾巴…  还有好多好多，实在说不完呀，我们意会吧。  编辑一下，去掉广告 
考研是东华大学还是郑州大学，哪个比较好？,本科东华大学的河南人推荐东华大学，读硕士的最主要目的是找工作，在上海机会比较多，东华也有一定的竞争力，在上海找工作不成问题。当然如果你希望以后回河南工作的话还是郑大好了，省得你要不停的给家乡人民解释东华大学是什么大学。另外，你自己分析的挺对的。
南昌大学和郑州大学临床医学哪个更好？, 可以看看南昌大学的中英合作项目  说说伦敦大学玛丽女王学院（QMUL）在中国的生物医学和临床医学联合培养项目 - 知乎专栏  
郑州大学远程教育学院怎么样？发的学位证书可靠么？,读函授吧，学位证是全国联考～
郑州大学第二附属医院怎么样，和河南省中医院比如何？,郑大二附院的特色是妇科与妇产科……
郑州大学西亚斯国际学院的注册资本以及集团业务有哪些？,注册资本不明，不过按照外国网站介绍最初是九十年代由陈肖纯投入200万美元加上银行贷款办起来的，如今除了学校内部单独成立的管理公司西亚斯后勤集团等外，相关行业有河南西亚斯置业有限公司，西亚斯国际园林设计工程有限公司，郑州城市职业学院，沈阳师范大学国际商学院（疑与陈肖纯相关），在美国有Best western hotel（据洛杉矶时报对陈肖纯采访  http://www.  latimes.com/business/la  -fi-university4dec04，0，5860416.story      ）。最初陈在美国做了个培训中心，专门服务于中美文化交流见  http://www.  caiep.org/expert/conten  t.php?id=1482      ，官方报道及教育部网站显示陈在美国有SIAS Group Inc.即美国西亚斯集团公司，这个说法比较笼统，网上找到的信息有限，不过按道理讲应该是囊括了其所有业务的公司吧
你们知道郑州大学远程教育学院，那里找答案吗？,不好找，百度，啥都找
郑州大学校徽为什么这么丑?,不丑，不匿。  
山东。大学想去学临床医学。重庆，大连，河北，南京，安徽，哈尔滨医科大学。郑州大学哪个好？,郑州大学，原河南医科大学，全国老四大医科大学之一，郑大一附院你肯定听说过
2017考研生想考郑州大学的物理化学，各位大神有什么建议没有？,你是已经考过了么？报的是郑大的物化么？我也在纠结想18报这个，目前大三师范
我是211学校化学专业的大二学生，做一名郑州大学的老师是我的梦想，请问我现在具体该做哪些准备？,小透明被邀请甚觉惊恐！！！ 另外可能帮不了你什么，我只是一个大一渣渣，膜拜211！！！
为什么要拆分河南大学和郑州铁路局，国家是出于哪些考虑？,好好种你的地...
郑州大学（中外合作办学）的老师和郑州大学本部的有什么差别？,没有差别!我国院会计，老师是商学院的
郑州大学高分子材料有研究生吗？,有，材料加工工程很强
取消211对郑州大学的可能影响？,郑大不太可能会受损，毕竟是现在是河南第一高校（虽然我是河大的）河南省政府没有必要扶持其他新的大学来打压郑大，郑大是肯定能进入双一流建设的。但是按照现在双一流高校的建设情况和河南高教的实际情况。河南接下来的高校建设走向可能会有两种情况。 1：教育部在没有部署高校的14个省份各接收一所高校进入教育部直属高校。河南省只有郑大和河大有可能。这种情况对于郑大和河大都是最佳选择，河南省也可以专心扶持其中一所高校。 2：郑大河大仍然省属，但均进入双一流。这种情况下郑大的境遇就不如第一种了。有了同样的名分，河南省不可能像之前那么偏重郑州大学了。
2017河南高考文科女生，过一本线59分，想问上海师范大学，陕西师范大学和郑州大学哪个更好一些？,泻药中文和古籍都是上师大的强项，另一所不太了解，不过上师大的古籍是国家直属的专业，中文系的很多老师也很厉害。 此外，上师大在上海的位置并不好，不过环境不错适合专心读书。 至于985 211的问题，很有可能你毕业以后也不是用这种评定方法了，而且上师大不是211是因为它自己拒绝211的ヾ(-_-;)
如何看待郑州大学30人的学霸保研班？,再一次想起了被高中“火箭班”支配的恐惧。
如何评价郑州大学的封校行为？,我是郑大学生，让我站在学生的角度说一下： 现在春天，我们学校很漂亮很美。  去年这个时候，学校里到处都是外来人员的车辆，学校里停不下，南门，东门，北门外也都是。当时觉得很骄傲：我的郑大很漂亮，大家都来这里玩，郑大被大家欣赏和称赞。  但是，大家的欣赏之旅造成了什么呢？  上下课时间段学校的路非常的堵，堵到骑车子的学生，走路的学生，还有坐小青的学生上下课都很费劲。  学校的环境被破坏，南核附近的小喷泉，松园附近的厚山，学校中间的眉湖，还有那片最漂亮的樱花林等等，到处都是垃圾。我们学校本来有勤工俭学的学生在放学阶段捡垃圾维持校园环境，但太多的游人负荷和垃圾那些学生捡都捡不完。  最后怎么办呢？  平时放学和周六周日，院系里面组织学生带着小红帽拿着小夹子去捡垃圾。学生的自由时间，不是休息不是看书不是出去玩，是在那捡垃圾维持校园环境。我并不是抨击游人和袒护学生。但是游人们对学生学习和正常生活造成的负面影响本不需学生承担。  还有植被被破坏。我们学校绿化面积高，平日里就有很多大伯大妈专门照料。但有些游客，你摘花，你为了拍一张好看的照片把树上的樱花摇的哗啦啦的往下掉。你玩喷泉，水里面飘的垃圾袋，有次从眉湖附近走过看到两只黑天鹅在咬塑料袋，我就特别难过。  再说说现在的状况，学校为了维护正常校内秩序采取一定措施后，路不堵了，垃圾也没多到收拾不完。  游客并非完全禁止入内了，我依旧见到一些家长带着孩子来玩，他们玩的很开心。学校新增了一些穿黑衣服的保安，在一些区域维持秩序。郑大防的不是那些欣赏风景的游人和他们对郑大风景的肯定，郑大防的是对学校的破坏和对学生正常生活的影响。  感谢你们来郑大游玩，但请文明游玩。学生，学校，工作人员都没有义务为游人的破坏和过度任性买单。        
郑州大学能刷绩点吗？,不可以。除非你这门课挂掉了。
为什么郑大今年新传专业研究生招生分数这么高？郑州大学新传专业考研难度到底什么水平呢？,省内院校，竞争压力大，扎堆
二本法学大三学生，报考法律史研究生，如何选择学校，纠结于西北政法大学和郑州大学。?,楼主考研了吗？我是郑大法本，想考18年西法大的专硕，有啥建议吗？
郑州大学生租房？, 我现在租在麦如公寓，在东区这边，我觉得挺好的。现在郑州很多长租公寓平台，都可以看看选选，找个服务好的，设施齐全的就行，房产中介就免了，麦如这类的托管公寓都不要中介费的，可以多看几家。 
请问 我是理科生 西南大学和郑州大学哪个比较好点？,谢邀 郑州大学不了解 我在西大读书，西大是两个学校合并的，西南农业和西南师范，强势专业是心理类，农学，教育学，不过现在学校对各大理工科感觉投入蛮大的，校风比较自由开放，还有学校特别大(物理意义) 能提供的信息就这些，希望能帮到题主
敢问郑州大学有没有专业分级差。？,这个我来回答。。 哈哈哈 没有，今年开始取消专业极差了 今年新增物联网专业并且取消专业极差 具体可以看官方公众号的有一次的推文 我也忘了哪一次(ಥ_ಥ)
郑州有哪些大学可以专升本？,河南范围的也可以，就尽量是郑州吧，如果是扩大范围的话，河南有哪些可以专升本环境艺术设计专业好的大学呀
郑州大学医学院水平和省内认可度怎么样？,舍友郑州人 表示郑大医的实力还是不错的 分数不低
郑州大学住宿条件怎么样 有空调吗 晚上热吗？,谢邀(⁎⁍̴̛ᴗ⁍̴̛⁎)我本科在郑大新校区四年今年刚毕业，新校区的教室图书馆都有空调但是宿舍没有，据说要进行装空调的工作，应该在这一两年会全部装上。新校区环境还是很好的，学校建的很大气，分为柳、荷、菊、松四个园区，其中松园二期住宿环境最好，16、17、18、19号楼13年建好的，20、21号楼14年建好的，松园二期都是六人间上床下桌有阳台条件很好，松园菊园还有一些研究生宿舍楼和留学生楼，四人间。荷园宿舍一般为公寓式，三个宿舍共用一个客厅，另外今年新建了一栋宿舍楼应该在今年开学的时候可以入住，商业街在荷园所以荷园的孩子很幸福。柳园的宿舍相对于其他园区来说条件最差，不过离南门地铁站离商业街都很近～如果顺利被郑大录取那就恭喜你啦 郑大的环境真的很好，六个食堂几乎都是三层很美味，莲花街商业街小吃很多，毕业了都不想走 祝一切顺利～
如何评价最近中国传媒大学一女生向郑州大学一男生告白的视频?,女主很漂亮，正面很美哈，不过微博图片都删了，很知性，声音好好听，我知道微博哈，看图应该是男生太优秀了.......
Jiawei Han（韩家炜）到底是不是郑州大学毕业的，Jiawei Han在郑州大学哪个院系就读过？,本科郑大，研究生中科院     http://  www5.zzu.edu.cn/cyjsy/x  kjs/xkdgk.htm      
真心的拜托各位: 【郑州大学】和【湖南师范大学】应该选哪个？,既然你的理想专业是汉语言文学，那就没什么纠结的了  湖南师大的汉语言文学全国是排的上前三十的，单独论专业的话，恐怕郑大就被淘汰了吧  然后郑大和湖南师大都是211工程的，这个持平  最后郑大在郑州，湖南师大在长沙，论城市大多数方面发展水平与未来的发展潜力，都是长沙好  选师大吧，虽然我这有广告嫌疑
郑州大学好不好？,高一鄙视郑大，高二平视郑大，高三仰视郑大，我就是这样(=^_^=)，快一年了，感觉郑大挺不错的，毕竟河南省唯一的211嘛
郑州大学西亚斯国际学院？,可以去西亚斯贴吧里的置顶帖里看，有你想要的信息。
如何评价郑州大学第一附属医院年收入超 75 亿？,美国梅奥诊所，1132个住院床位，2500名医生，42000名医务人员，年收入90亿美金。郑大一附院，床位7000张，全院仅6764名职工，年收入75亿人民币。
如何看待中国传媒大学女生表白郑州大学男生事件？,说实话，在感动女生所作所为的同时，感触更多。 认识了八年，表白过被拒绝，还是搞了轰轰烈烈的第二次表白。 男孩或许更多是尴尬和下不来台的感动吧。 有时候男孩的感情不复杂，喜欢就追，感兴趣就撩。 认识了八年，什么都没发生，女孩不应该察觉出来什么吗？  要发生早就发生了 没发生的以后也不会发生  相信女孩八年的爱情不想只是换来感动吧？  一直觉得没有什么男追女，女追男这么一说 感情是互相吸引的 爱情不能靠感动来获得 靠感动得来的也从来都不是爱情 女孩八年徒劳的暗恋到单相思，最后胜利的外表下是竹篮打水一场空. 有些东西是执着不来的
请问，郑州大学西亚斯国际学院生活费，一个月最低消费多少！？,少的1000多则不限
河南和山东生源分数高学习好。他们大部分都去了山东大学或郑州大学，为什么这两所学校毕业生没有应有的声誉？, 山大和郑大一脉相传，连重点学科都相似，合并过的学校也相似，当然，规模大也相似。  作为多校区的巨无霸学校，行政效率始终是个问题，学生过多、每个学生分到的教学科研资源相对不足也是个问题，开设的不好就业的专业太多也是个问题，学校官僚作风也是个问题 
郑州大学的保研政策？,理论上大三下之前挂科都不行，包括校选修都不行
高中毕业了，我应该去大城市发展，上不是211的普通一本，还是顾家一点，去郑州大学？,211
大学狗，郑州龙湖镇这边，想找个男朋友，-_-#？,l老乡帮顶
郑州大学与南京邮电大学那个好？,郑州大学的优势是211。  南京邮电大学的优势是通信，电子，计算机。  如果你不读南邮的优势专业（现在最火的就是计算机），去郑州大学还是可以的，毕竟211，对出国还有考研都有点优势。
如何评价郑州大学美术学院？,泻药！  但是！大兄弟，其实我是信工的( ´▽｀)  实在强答不了(⁎⁍̴̛ᴗ⁍̴̛⁎)  不过这次美术馆的展览可棒呀(￣∇￣)
郑州大学2016新生群多少？,题主想干啥...... 如果是郑大学生，自然知道啊。
郑州大学土木工程研究生怎么样？,我来黑一把母校。 本人本科研究生七年就读于郑大土木，感慨颇多。 郑大：新晋超级大学之一。人多、地大、校园漂亮、设备新。全国排名稳定爬升，年年新气象，图书馆桌椅一年换一次。个人感受是，出去转了一圈，别的学校（名校类）都比母校破。然而这并没有什么卵用。念了这么多年，最大的感受是学校是以行政为本的，其次是学术，学生是最后被考虑的。行政楼对着实质上的正门，各校区间通勤车只允许老师坐（一周数次往北区跑的我容易么），宿舍到院办4公里，宿舍是6层砖混结构4/6/8人间密集分布，对比整体无一条伸缩缝的行政楼，我也是醉了。很多外校同学来这里看，第一感觉是好，第二感觉是为什么学校这么好，学生生活条件也就一般般啊。一个4900亩的校园，校内只有荷园商业街一条比较成型的商业街，其他地方价格贵、东西假、服务差，没错说的就是你松园圆形广场周边。买生活用品非常不方便、娱乐设施少、落后。于是南北门外各种店发达。嗯，后来北门封了，“依据师生需要开放”，小西门设置障碍，只能少量人步行通过。学校的学术氛围嘛，如果考研也算学术的话，那是很好的了，考研占座那个你死我活，画面太美不忍直视。总体来说，是一个挺牛逼的学校，如果你不介意它对学生需求的忽视的话。 土木：越来越落魄。郑州工学院土建系的辉煌一去不复返了。现在的实验室还在北区，设备还是三十年前的，基本报废完了。土木工程学院先后两任院长分别是交通桥梁的和地下工程的，最大的成绩分别是给学院添了交通工程和地下工程两个专业，任内土木工程全国排名从给郑大长脸到拖郑大后退，你感受一下。当然，有很多老教授的多年心血和严厉的教学风格支撑，本科教学质量还算给力，但研究生就呵呵了。本科主要是教学，研究生主要是科研。科研活动流于表面、重大项目少、科研条件差、很多老师带了学生没活干，问题多多。学生来源上，我的研究生同学差不多有一半是本省内二本考过来的，另一半是本校保研，其他一本院校特别是985院校基本没有人会考/保过来，你感受一下。 我对郑大呈乐观态度，只希望它能慢些建设的脚步，让学生过得舒服一些，让校园的科研、文化氛围跟上来，这才是大学啊。 我对郑大土木呈悲观态度。我当然希望它好，可是看目前的情形，恐怕是无力回天了。 果断匿了。
郑州大学本科生大二材料分方向？,最少上到博士这句话是错误的。 其实博士就到顶了，博士后只不过是给没找到工作的博士找个差事而已。 真真搞科研的话，做金属方向。这个方向不缺钱，直接关系到航空航天，重工业制造业这些领域。而且，这领域容易出成果，因为国内外差距大。 做有机高分子的话，首先，没啥大用，没成就感。高分子的新材料中国人不行的，搞不来。 做无机的话，就硅酸盐研究所咯。整天搞搞石头，纳米，单晶硅之类。没意思。 还是做金属。超级合金，大块非晶合金，单晶叶片，3D打印的超级金属，做出来国防军工立刻就能用。可选的方向太多：冶炼，加工，铸造，焊接，表面工程，每个领域都是有待开发！你会非常非常有成就感！非常爽。像师昌绪，柳百城，潘继銮，关桥，徐斌式，葛昌存这些院士，都是做金属的。数不清了。 学有机高分子，充其量拿个小项目，杜邦，汉高，陶氏化学，3M这些公司，给他们打打下手，好多人家还是保密的。
请介绍一下郑州大学化学专业?,百度上说的挺好的，化学系专注学生学习三十年。。对学生工作不感冒。是个学习的好地方，成才还是成菜要分人。。师资力量雄厚，个人感觉管理模式和高三并不二致Orz
郑州大学环境工程专业本科生，想考研去同济，马上升大三了，想知道怎么准备？, 同济这个专业的确是挺有难度的， 直接以环境科学与工程命名的学院可见实力。   不知道你的基础如何， 建议你把重心还是放在数学和专业课上面吧。多去了解一下同济的考研信息， 收集相关的真题资料等。   具体的一些学习计划， 可以知乎各位前辈。经验很多 
郑州大学和同档次的大学比差在哪里？,就业机会最少是郑州大学最大差距。不管郑州大学排名步步高升，还是喜讯不断，在就业这块差的不是一个档次。同样是合并大学，吉林大学中南大学，吉林有一汽，中南有大学有三一中联株洲硬合金国内顶尖企业，更别说配套的研究所职业学院配套厂家等产业链。与其说是大学知名度高，不如说学校是产业链上最耀眼的光环。 郑州大学最大的产业链优势在河南政界和考研基地。作为本地最大人数一类学校，郑州大学在河南公务员系统应该是学生最多的学校，同样本科过万不多的几家211学校，考研人数绝对排名前三，所以读郑州大学对河南学生来说，利用专业进河南国有体系和考更好学校的研究生是郑州大学最大读书优势。 产业链缺乏是影响郑州大学发展最大后腿，作为农业大省最高学府，河南工业结构以煤炭冶炼农业加工为主，所以从就业角度，根本不要太多专业性强的优秀大学生，所以你看到一方面郑州大学本科过万，一方面学校学校招聘会不管是档次还是就业数量质量又少有差，省政府可以大投入提高郑州大学恩资金，但无法用行政手段给予郑州大学组合后的就业机会。武汉理工大学的轮机，汽车等优势专业，和湖北本身的二汽，包括武汉造船厂，武汉航海研究所等有关，话说最好的海军学校海军工程大学就在武汉 有关，汽车在发展，二汽到武汉理工招聘，反过来武汉理工汽车研究出成果，出成果学生去就业人数更多，一个循环如此诞生，这个诞生从工业化开始就形成。行政力量在历史和积累面前微不足道。  你说差什么？不差排名，差历史和积淀。武汉理工大学硕士可以去中国船舶东风二汽工作，郑州大学同样专业的硕士能吗？同样条件，企业会选择武汉理工。  建国后郑州的工业布局就决定了郑州教育的平凡化。郑州就郑煤机还活着，西南角的工业体系全部塌陷。  今天除了宇通，郑州还有拿的出手的企业吗？是煤矿还是？他们需要那么多大学生吗？他们需要多少研发吗？没研发需要发展高等教育吗？死结在此。
郑州大学本科生有必要考研吗？,有
郑州大学将来会取消二本吗?,表示北校已经取消
郑州大学物理系大一用什么教材？,说说我们这一届用的吧 力学(漆安慎 杜婵英)  热学(李椿)  微积分(高等教育出版社)和同济版高等数学的内容是一样的  电磁学(赵凯华)  线性代数 (这个记得不太清了)  概率论与数理统计(郑州大学出版社) 电工学(秦曾煌)  我们还有一个班是实验班用的是新教材霍裕平出的 是一本书包括大一物理的全部 不过内容比较少还要买这些书 这是我们这一届使用情况，你们使用顺序和出版社可能有些不一样。 希望对你有所帮助。
郑州大学的财经类专业怎么样？,河南最好，是国家特色专业，而且郑大是211，师资力量很强
我是高考生，很想学法，郑州大学法学全国211重点，法学真的很好吗，西南政法和郑州大学我该怎么抉择呢？,个人建议：分数达到二本线就进郑大或者河南财经政法大学，三本以下就近国家检察官学院河南分院  不过把西南财政和郑大比较我更倾向于西南财政
如何看待郑州大学李平林教授声称第二类永动机可制成？,已经实验近五年了，有朋友已经投资几百万，目前可以实现“液氮超导发电”，无需消耗石化能源，证明原理无误。有兴趣欢迎来郑州探讨，考察实验进展。
我今年18岁，去郑州大学远程教育报名，以后毕业好找工作吗？,其实一直有个说法说：远程学院都是为了争钱，适合于需要学历的去读。国家承认学历，但似乎企业不承认？ 而且现在985，211正统毕业生都满地走。一二三本科生找不到工作的也不少，指望远程教育去好找工作，我觉得难。况且题主既然刚18，何不考虑好好学习参加高考呢？
如何看待郑州大学第一附属医院？,全球最大的医院，病床七千多张。正在扩建。标准四人间的病房塞了七张床我会乱讲？ 走廊从头加床加到脚我会乱讲？ 其实在上任院长接手时郑大一附院屁都不是我会乱讲？ 多亏了有战略眼光的那任院长在很久以前就下了血本地挖人才，在上个世纪医生还不是这么赚钱时就为了挖墙角房子车子票子跟不要钱似的送，我会乱讲？ 所以一附院里返聘的专家老教授老头老太太一群一群的比养老院的都多，我会乱讲？ 所以来看病的人跟一窝蜂似的，给医院创收时都抢着的，因为病床实在不够，病不够重的医生都劝你不要住院，我会乱讲？ 所以挖人才利滚利良性循环一年盈利七十个亿我会乱讲？ 财大气粗地根本看不上那点儿挂号费，定价专家号才定五块钱我会乱讲？ 郑州龙头老大以一己之力将全郑州医院挂号费压到个位数这种事能不能膜拜？！ 这些大概就是我印象中的郑州大学一附院
我是一名二本学校金融学的大三学生，现在突然想考郑州大学的研究生，应该做什么准备？,从今天开始每天学习10个小时 绝对能
在郑州大学读研怎么找男朋友啊？,用你上网的时间，去转转，中国不缺男人，更不缺单身狗。相信我，遇见合适，一板砖下去，拖走便是！
博士毕业去郑州大学当老师有什么要求？, 本科211，博士985，有海外经历者优先。 
如何评价郑州大学孙一鹏？,这变态老是要亲我…
炎热的夏季在郑州大学的寝室住宿是一种怎样的体验？,犹记当年，宿舍酷暑，辗转反侧，厕所冲凉。一盆冷水，一阵清凉，磨我意志，教我坚强。半夜三点，再次热醒，何以解暑，唯有冲凉，八台电脑，热风滚滚，配以酷暑，形成热浪。一个西瓜，一局刀塔，汗流浃背，但觉无妨。离开校园，配以空调，炎炎夏日，依旧难扛。一盆冷水，一份希望，一丝回忆，一种难忘。现在工地，难以忘怀，若无涅槃，怎能坚强。郑大宿舍，夏日磨练，唯有四年，方可成钢。南海酷暑，北方艳阳，高楼大厦，桥梁厂房，各种工地，稀松平常。若无此故，必当阵亡。
郑州大学商学院怎么样？,       受社会上经济专业热门的影响，商学院算是郑大招生分数线比较高的学院。        若是为了学位证书，推荐来读郑大的商学院，毕竟211的名气在那里。        若是为了好好体验大学生活，不建议来这里。郑州作为内陆城市，文化和娱乐资源都很少，学生们的日常生活很单调…  时间一长，眼界和思维方式都会变得固定。个人认为对成长和阅历并没有太大帮助。去北上广这样的大城市里，哪怕学校没有郑大好，也是值得的一种经历。        郑大教学风气宽松，基本上学生们都是平时熬夜看剧，看小说，打游戏，上课玩手机…期末考试老师划重点，最后一个月拼命上自习。也有一些学神可以不受环境的影响，不过很少。更多的是意志不够坚定的普通人慢慢融入这个环境之中。
16届的新生，想了解郑州大学国际经济与贸易专业怎么样？,确实，如果你只有二本的分，很多一本学校是开放一些二本专业的，除了学费贵点，待遇是和一本学生一样的，简单地说就是花钱买上一本，有兴趣的高考生可以去了解了解最新信息，小编这个可能有点旧了。
郑州大学与中国民航大学如何选择？, 计算机是实践性很强的学科，如果题主对技术有较高的追求，并且成绩有很大的提升空间的话，建议你可以复读到更加优秀的学校，例如北京的很多高校：北京航空航天大学、北京理工大学、北方交通大学、北京邮电大学、甚至清华北大等。     如果题主的成绩没有比较大的潜力，建议还是到天津的民航大学读书，学习计算机就需要你有很强的韧性和自学能力，即使学校的氛围比不上北京的上述高校，但也不必气馁，民航高校在相关的航空航天领域，可能会给你提供其它院校给不了的优势渠道。     选择了，就不要患得患失，认真去做。 
郑州大学金融和上海立信的会计哪个更好一些？,郑大在我家旁边200米远， 然而我还是在两所都可以上的情况下去了立信读会计。
郑州大学，电子信息工程专业的，校招应聘华为产品行销经理和客户经理，有没有希望啊？,谢邀。 这个不好一概而论，只能说基本条件是符合的，另外进华为的可能性性肯定有的。至于具体要注意哪些方面可以参照我之前的回答。@江南 华为是一家怎样的公司
如何看待刘庆柱先生担任郑州大学历史学院院长？, 名校策略，同时提升学校的学术研究水平。  李肇星还担任南开大学行政学院的院长呢！  学术方面的专家回归高校，能更好地发挥其专业价值，更有利于带动高校学科发展。 
已经被郑州的一所大学录取，但身边的人都对郑州有偏见，该怎么办？？,这么短时间看到大家这么多的赞和评论真的是让我这个知乎大透明受宠若惊啊 啊啊啊啊啊啊啊 首先 没错 我就是郑州七中的毕业生 嘿嘿嘿 壮哉我大七中 宏伟的大七中 其次 也考到了很多人说来到河南或者是在外省遇到河南人有过很多不好的经历，再次，我想向被欺骗被不称心的人道个歉，虽然可能于事无补，但是希望你们能理解我们这些人的心情，没有人愿意在什么都没有做错的情况下背黑锅的。 另外 我看到了很多人肯定郑州的发展，谢谢你们的支持与理解，我们都相信郑州会越来越好哒！还有很多老乡还提到了很多我忘记说到的郑州的好河南的好，谢谢你们啦，我们大河南的美最重会被发现哒～ 爱你们笔芯哦     作为一个河南人，真的是被地域黑黑怕了的。我在外地上学，我们班长有一次坐在我前面大声告诉另外的同学河南都是骗子，内心当时真的是一言难尽。 所以其实我挺能理解你现在内心的忐忑的。下面的这些是我一字一句写下来的，希望对你有帮助，也希望你不要错过这样一个舒适的地方。    作为土生土长的郑州人，除却过去这一学年在外地，我感觉郑州没有什么不好的。   很典型的北方气候，夏天干热冬天干冷，春天和秋天真的很舒服。冬季会有雾霾，但是习惯口罩就好，其他的时候总会是蓝天白云的。   交通无比便利，公交车都很新车上的空调都很给力，而且坐一次只要一块钱，刷卡才八毛钱。地铁一二号线都已经开通了，其他的线路也陆陆续续的在加紧建设。坐一号线可以到两个火车站，坐二号线可以到新郑机场，便宜快捷。作为交通枢纽，铁路网四通八达。机场也有两个航站楼，航班什么的也越来越多。如果想要自己运动一下，遍地都是ofo和摩拜。   在吃这一方面我想也没有什么可担心的。外来人挺多的，所以找到各种地方的菜也挺容易的，各大地方菜饭店随便你出入。本地菜我想你会喜欢上的，早餐的胡辣汤 豆腐脑 两掺儿 豆浆 水煎包 肉盒 菜角 鸡蛋灌饼 油条 油馍头 包子 手抓饼 等等等等一应俱全；中午和晚上可以吃 烩面 大盘鸡 卤面 拉面 炒菜 馒头 好多好多，应有尽有。烧烤是真的特别棒的，串大实惠，有感觉。   至于玩的地方，也有很多。市区里如果想要逛商圈，农业路国贸 紫金山和人丹 大上海大卫城 万达 东区 锦艺 都有都可以去。作为古都自然也有古代历史遗迹，老城墙 商城遗址 河南博物院可是全国有名啊。方特这样的游乐园也有的，还有绿博园的。如果想要去到远一点的地方，城际高铁就可以呀，去开封超级便利。郑州周边的市县有很多好玩的，洛阳开封焦作等等等等，自然灯光绝对一级棒。   购物这些就像我上面说的，除了那些商圈之外，还有很多超市零零散散的分布在各个地方，大型像丹尼斯 世纪华联 华润万家 北京联华 易初莲花，小型的便利店也有很多，很方便的，都可以满足你日常生活用品的需求。商圈里很多大大小小的牌子，无论是老牌子还是年轻人喜欢的潮牌都有。   这些最基本的满足生活需求的我想郑州一样都不会缺少你的。所以，我下面想要说的郑州人，可能是对你最有帮助的。   郑州的生活节奏比较适中，既不像是北上广深那样的火急火燎，也不会是成都那样的休闲巴适，所以我相信你来了，会很适应的。   你提到你考上了郑州本地的一个二本院校，但是没有详说是哪个学校，具体位置在哪里，所以可能没有办法具体告诉你学校周边及校内配置如何，这个你可以私聊，或者你可以自己到学校的官方网站 微博 贴吧 微信公众号 之类的平台去了解，我就不再赘述了。   不过既然是郑州本地的院校，那就避免不了郑州本地或者是河南省的人数占比很大了，也就是说你会和很多河南人打交道了。   网上有很多说河南人不好的，有说我们偷井盖的，有说我们小偷多的，有说我们搞诈骗，有说我们脏乱差的，还有说的更难听的。但是我想告诉你的是，没错，我们当中确实有人偷过井盖，确实有小偷，有搞诈骗的，有的地方环境确实脏乱差的，但是为什么不说我们也有好人呢？所谓好事不出门，坏事传千里。所有人都说河南人没有素质，超生，道德品质败坏，可是出了河南难道别的地方没有这样的人吗？无论是好是坏事，在报道与河南有关的事情的时候，媒体总是喜欢在新闻标题前面加上河南一词以吸引眼球，报道别的地方的时候却没有这样的习惯。有些人自视甚高，无论是好事坏事都要说河南人没有素质进行没有水平的地域黑，可是难道这些键盘侠就是有素质的人了吗？   也许你到有些大城市会发现当地人瞧不起外来人，你用普通话与他们交流他们爱搭不理。但是在河南，你会发现，当你在马路上面露难色的时候会有人主动上来像你提供帮助，当你像路人求助的时候，大家都会施以援手。河南人的素质不是体现在几颗老鼠屎身上的，而是在河南人的热情好客中展现的淋漓尽致的。                题主说到自己是要上大学，所以你会有大部分的时间在校园里度过，接触到的更多是身边的老师与同学。我没有别的意思，但是我希望题主能够思考一下自己的未来规划，是混过这四年然后直接工作，还是进一步考研到更好的学校继续深造。如果是前者，那么学校里会有很多人带着你玩的，放心，他们都会是很会玩的。如果是后者，那么就请你从一开始就努力，努力结交更多的有益的朋友，努力与老师结成良好的关系，努力跳出本学校的圈子去结识比如郑大河大的朋友，这时你会发现，郑州可以给你提供日常所需的一切，而其他的你自然会收获囊中。         另外，如果真的觉得郑州不是一个好的选择，你确实可以考虑复读，但是请你一定一定要想好，复读会不会有很好的结果，这一年你是否能坚持下来，复读是为了逃离郑州这样网上人人喊打的城市还是为了去到一个更好的学校。  希望以上对你有所帮助。 祝前程以锦！  由于很多时候经常出来玩，出来吃，所以家乡的这些都是稀松平常的景色和东西，就没有怎么拍照片。用了很多别人的照片。 图源见水印！！！ 侵删！！！ 然后图片排班什么文字对应什么的我什么都不知道啊我还是个孩子啊天啊为什么会有这种事情啊，恩，凑活着看吧       郑州是个好地方，不接受反驳！ 郑州是个好地方，不接受反驳！ 郑州是个好地方，不接受反驳！ 最后，我爱大郑州！  
如何看待郑州大学进入双一流大学？,七月二十四日河南省长陈润儿在人大常委会上已经宣布郑州大学进入双一流大学，河南大学进入一流学科。首先当年郑大进入的是第一批211，不是末流211，郑大是第一所省部共建大学，当年合并的河南医科大学和郑州工业大学也是实力雄厚，堪为行业内一流高校，合校以来，虽然距离一流大学仍有差距，但进步有目共睹。郑大进入双一流是郑州建设国家中心城市的标配，目前的确是受到了党中央的关怀，每年八十万河南学子终于在家乡有一流大学可以上了，相信进入建设序列以后。郑大任重而道远。郑大任重而道远。郑大任重而道远。 
郑州大学最好的专业？,我觉得报考完全看大学比较好的专业对于以后的就业并没有很大用处。。。本人就是郑大材料系的，当初就是听说郑大的材料算是比较牛的，但是现在慢慢发现，其实它并不好就业，尤其我们这个材料科学与工程专业，太宽泛反而以后就业竞争没有优势。
郑州大学为什么没有荷一和柳18啊？,那是一个很扯很恐怖的故事，带上一瓶酒，让学长慢慢给你讲。
在郑州大学（ZZU）就读是一种什么体验？,    离开科学大道100号四个多月，当我水知乎的时候看到这个问题，我忍不住想要说点东西，毕竟我深入勾赵乡技术学院整整五年（五年制专业）。      如今我正坐在厦门大学的双人公寓式研究生宿舍里写下我在郑大的感受。在厦大的校园里，有你们所听说到的一切硬件设施。独立卫生间，宿舍冷暖空调，双人间宿舍不在话下的同时，校园内还配备健身房、游泳馆、电影院、高尔夫球场等，而这一切均对学生免费开放。相比之下，貌似郑大的噪点真的好多。除了拥挤的柳园7人间宿舍以外还有喊了一个本科的装空调的抱怨。滴着泪吃了五年的柳园一食堂，以及流着汗炼狱般度过的五个夏天，我以为我对郑大的感受可以有这般简单的概括。    然而，当某天一天我和这里的同学聊起学校，却依然难改口中的：“你们厦大”和“我们郑大”时，我发现我可以如数家珍般地列举出五千多亩的校园里除了槽点以外的难舍的感受。去年的这个时候，我正日复一日地穿过整个柳园，绕过荷园商业街，走过泊月长廊，爬上南三五楼，来到考研自习室。而再早之前，河园西路凌晨两点的路灯下，大学生活动中心镁光灯聚焦的舞台上，以及厚山，从最北边搬到中操的篮球场，都无一例外地留下青春的印记。而这种印记如今剩下的只是空洞的回忆。    关于在郑大生活，如今看来就好像留在领口的米粒，吃着厦大的饭，却对母校始终念念不忘。   —————————————————————  偶然听到一首 一个叫做郑州的地方 的歌。  突然想起几天前，在厦门的街头看到卖厦大纪念品的商贩。朋友拍了拍我说：“诶，你学校。”  我不知道哪来的勇气，回答到：“学校，我只认郑州大学。”  管它什么985，管它什么名校不名校。离开半年，我已经开始日夜思念。 
高考成绩一般，是选择西南大学，郑州大学等211院校的合作办学专业还是下游211又或者普通的双非一本？,题主问题解决了吗？我情况和题主一样，今年河南考生，一本线上56分，能报的学校和题主差不多，现在正在纠结中。求题主帮忙orz
急寻哪位大侠有郑州大学抬头的红头信纸？最好是电子版的 谢谢,知乎的问题，真是超乎我的想象。居然还可以有这种功能吗？
郑州大学研究生好考不？,我是郑大大四的，不是医学专业所以他们院具体情况不了解。但是你既然考研了就相信自己能考上吧，我们本校的考本校的不多，郑大不是什么特厉害的学校，加油吧。
郑州大学有没有成为985的实力？,谢邀。我研究生隔壁室友本科正好是郑大的，感觉风格是典型的扎实肯学，一丝不苟，相比之下我从高二起重心就不在研学上了，所以看到他有时偶尔会怀念当初的自己，私以为研究生就应该这样子才对。而要达成他这样的学习状态，非大学四年之工不可。所以，从窥一斑而知全豹的角度说，郑州大学具备着迈向一流学府所需的基本条件:学风。 另一方面，客观来说，作为高考大省，河南的一流高校资源明显跟不上考生数量，与山东不相上下。全省迟早会有一所高校进入985序列，可能是郑大，也可能是河南大学。不过河南大学的辉煌大多在昔日，今天拆成这样，已然很难恢复了，所以我更看好郑大在未来重新进入一流高校序列。
郑州大学护理考研？,亲  考的人超级多。。
谁来介绍一下郑州大学怎么样？,10年郑大毕业。 刚去是给人的感觉就是大，真的很大，新校区占地4K多亩地，南核心，北核心教学楼，南操场，中操场，北操场，荷园柳园菊园松园，当然还有免费的网球场和游泳池。给个缩略图：    看起来小，实际上很大。。。。 简要介绍下：  吃：  学校规划的很有意思，中间是生活区，一边是教学区，另一边全是食堂，食堂饭菜不怎么样，不过很便宜，开始时一份套餐（米饭+3菜）才三块，为了顺应国家的通货膨胀，每过完一次年涨一块钱。。。，不知道现在价格多少了。饭菜种类很多，米饭馒头面条能够照顾各地人的口味，还有清真食堂味道也不错。上次看到同学发的照片，竟然有个食堂还弄了个刀削面机器人。。。。  住：  郑大的宿舍还行把，有八人间六人间 四人间，当然住宿费不同。屋子正中间有个吊扇，一到夏天就呼呼的转，不过从来吹不到上铺的人。食堂二楼就是澡堂，热水很便宜，刷卡计费，洗一次也就三到五毛，学校想免费直说啊。    行：  学校很大，出行最好弄个自行车，这样上课什么的比较方便特别是从南核心到北核心，从食堂到教室距离好远的，偷车的也不少，那种高大上的赛车一定要看好。学校南门口到市区的公交车还是比较多的，貌似地铁也快建到了吧。  学：  学校的硬件资源相当好，差不多算是集全省之力吧，各种多媒体教室，各种牛人演讲。教学质量一般吧，不过偶尔还是能遇到一些有个性 的老师。比如教我们物理的那个说自己建立了一个统一场理论，以后所有的物理问题都能用一个问题描述，自己要出书了，等你们毕业了送你们一人一本。。。还有个弹性力学的女老师，弹性力学博大精深，晦涩难懂，该女老师对上面的公式推导信手拈来，不仅理论知识深厚，还颇有文学造诣，对中国建筑文化很有研究。学校里我最喜欢的就是图书馆，每个周末都至少呆一整天，如饥似渴的学习计算机知识（最终导致我成为了一枚屌丝程序猿。。。），新图书馆宽敞明亮，如图            玩：  对于男生来说就是篮球场，足球场，还有随处可见的乒乓球桌（每个寝室门口的广场都有十几个乒乓球桌）。学校有有个细长如眉的湖叫做眉湖，每年都有很多人在此拍婚纱照。 体育馆：  眉湖：        学校中间有很大一片樱花园，每到三四月份那个灿烂。      寝室旁边还有排郁郁葱葱的树林  如此浪漫的地方，可惜没女朋友。。。 每个周末各大社团都会用教室的投影仪放电影，大一时没电脑，经常回去看，跟一群人不认识的人看电影还是挺有意思的，反而后来在电脑上看没有了当初的快乐。 说了这么多学校的优点再说说缺点，郑大作为河南的唯一211，在省内还好，出了省都没什么知名度了，加上河南是农业大省，经济不发达，知名企业不多，所以来学校招聘的公司并不多，暑假实习都很难找到一个像样的单位。所以觉得这个是硬伤，也应该是其他内地学校的硬伤吧，结果就导致了很多人考研。。。所以郑大是个苦逼的学校。
去郑州大学第一附属医院做人流要多少钱？,大概花费多少？我女朋朋友最近也要做
郑州大学护理学专业怎样？,成绩的话我确实不清楚能不能报 就业的话院里老师领导都说挺好的（手动微笑脸） 是跟本校在一起，但是院办在学校对面（据老师说是所有院都在抢那个独立的院办，但是同学们都说一定是谁都不想要，所以推给了护理学院，当然开玩笑占大多数成分） 毕业后就业的话，天南海北？？？反正就是哪儿都有了，辅导员的原话是医院都想要郑大护理的学生，可信度应该比较高？？？ 前几天考试周通宵复习书都翻不完所以被邀请之后一直没动手写，所以因为考试的事…不然你再慎重考虑一下…毕竟…       
女生，在郑州大学三年，工作一年。现在回到小县区上班，怎么样才能在安逸的生活中一直不荒废自己？,多学习，多和积极向上的人交流
郑州大学？,现郑大本科在读。  郑大的研究生数量相当多。（好像有16000人），平均来看考研其实不是很难。但临床医学是郑大的优势学科，特别是郑大的几个附属医院拥有河南省较高水平的医疗资源，因此考临床医学的研究生还是有一定难度的。 但“难”是相对的，天天泡在图书馆认真复习，相信拿到通知书也不会难到哪儿去。  郑大环境还算可以，研究生一般住条件较好的松园，但夏天。。。没有空调的郑大晚上睡觉简直是一种煎熬，要做好热醒的准备
郑州大学的法学旅游管理日语哪个好？,小朋友啊。我是大三学姐，告诉你，如果你的分数可以上郑大，就是报考一个偏远地区的985。至于郑大，不忍细说。
谁了解郑州大学这段历史？, 教育部直属高校的属地招生比例有限制，河南省政府想让郑大多招本省人，就打了个申请把郑大要了回来，地方高校是没有比例限制的。 
郑州大学夏天热成狗，为什么不开空调？,你见过哪所大学是先给学生装空调的。。
郑州大学的高分子专业有比浙工大的好吗？,首先浙工大化学很强， 前身就是化工类大学. 但如果你是男生， 并且不介意出包邮地区， 我推荐还是选 郑州大学， 貌似浙工大在浙江的分比郑大高一点，我觉得还是浙江人太矫情不愿意出省造成的. 不在浙江就业的话， 应该郑大好很多. 当然 你在浙工大很拔尖的话， 保研去浙大还是满容易的.  化工类方向的实力两个学校应该差不多的，从就业角度讲，就业想在杭州就选浙工大，不然就选郑大，读书不就是为了找工作么
当你看完传媒大学女生向郑州大学男生的表白，有何感想？,男生是高中室友。。。女生是同班同学。。。他们脱单的同时成网红了。。。。然而我默默的吃下这狗粮就好了。。。反正我暑假回去的饭有着落了。。。
如何看待郑州大学二本一本毕业证相同？,对于靠自己分上的同学，拿钱上的同学和自己毕业证一样一点都不公平。 郑大砸自己牌子吧，其实实际学生水平怎样大家心里都清楚。怪不得省外那么瞧不起郑大，没有一点公正公平的精神。高考就是一个筛选的过程，一分就可以改变命运，要是拿钱可以买211正规的话一定会有不满的声音存在的。 不得不承认郑大南北校区的生源比原来好了一点，但是请你们也要认清是很多省内院校把二本放在一本招生把分数线压低了，毕竟这样对学生和学校来说一本线上招生都很有面子，这样糊弄似乎是“双赢”呢。 最亏的是前几年的靠高分上却和拿钱上的同学一样上的文凭的同学，别人花钱就“买到”了一样的学历。不如去外省报同分数能报到的其他学校，郑大原来在河南就是虚高。够郑大分而去外省上的同学简直无比正确。
究竟该选择兰州大学还是郑州大学？,兰州大学，毫无悬念
郑州大学体育学院值不值得读？,还是别啦！～
怎么看待郑州大学在最新的大学排行榜中排名43？,河北科技大学理工学院还第八，醉了
郑州大学法硕非法学报名要求需要发表专业文章吗？,不需要呀 法律硕士（非法学）专业学位联考 是教育部考试中心组织编写命题的 不是各个学校的自命题科目 所以不需要发表过文章之类的 而且这个考试也就是面向本科不是学法学的 如果要求发文章的话也是与法学无关的 这样一来就和法律硕士这个专业设置矛盾了 只需要考试的时候 专业基础课和专业综合课 分数考好了就足矣了
郑州大学北校区听说不如新校区 ，今年一本招生后会变得怎么样？,作为一个北校学生，我想说的是，北校跟新校比确实条件不太好，硬件什么的跟新区不能比，但是作为在市区的老校区没有几个条件好的。但是学校绿化很不错，特别有历史气息，个人觉得走在学校的路上十分心旷神怡，而且北校的地理位置特别高，交通特别方便，离二七啊人民公园国贸都很近，接触的社会方面比新区多，而且如果有兼职意愿的话因为地理位置的问题很好找工作。学习环境方面，我觉得这个还是看自己，如果自身很自律的话没有什么问题，如果自己不是很有意愿学习的话在哪都一样，不过个人觉得因为地理位置不错外边东西多可能会对人有更多吸引力，而且北校的师资什么的跟新校是共享的，在师资上没有落后。这些都是个人感觉，可能不太全面，做个参考吧。   
如何看待郑州大学北校区三年内由三本提升到二本又提升到一本一事？,对于靠自己分上的同学，拿钱上的同学和自己毕业证一样一点都不公平。郑大砸自己牌子吧，其实实际怎样大家心里都清楚。 非利益相关者。
17毕业生考到郑州大学通信工程？,本科郑大通信，现在中科大计算机硕士在读。  虽然郑大通信不强，但这个专业还是挺好的。郑大化工材料强吧，但是他们不好找工作啊，找到的工作工资低啊。 通信工程本科四年基本是通识教育，软硬件都学，放眼全国基本都差不多，对数学要求很高，这也意味着这个专业本科毕业后很难找到工作。事实也是如此，我们班只有一半的人选择了本科后就去工作，工作跟本专业相关的基本没多少。 多数人选择了去读研究生，基本都是往计算机方向发展，而且通信工程专业在数据挖掘图像识别这两个方向上比许多科班计算机更有优势。 建议学弟大一好好学数学，顺便自学下编程。大二参加ACM，大三参加数学建模(国赛美赛最好都参加)。其他专业课也要好好学，尤其是信号系统，自动控制原理，无线通信与网络，编码还有大三的神经网络(这门课虽然是院选修但是真的很重要！)争取拿到保研(考研真特么苦啊，当时好蠢没有在本科阶段好好学习)，郑大的保研名额还是蛮多的。  祝学弟在郑大四年过的开心
在郑州大学临床医学本硕连读就读是一种怎样的体验？,现在及以后对于学医会有很多困惑和抱怨。熬夜复习时，看到厚厚的专业书，心生起烦恶; 浏览新闻时，医闹打杀不时入耳，不由得担心害怕; 实习时，想象着妙手回春，悬壶济世，面对病人时却手足无措，等等。不过，人，总是要经历，要成长。 我忘记了这张图片的出处，有所感触，希望你也看看。    最后  升官发财莫入此门，贪图享乐请走它路。 医路漫漫，花落浅香水长流，初心勿忘。
郑州大学游玩去哪个校区?,咳咳，知乎上处女答，居然几个回答都没有北校区（工学院）。额，北区的美不身临其境不知道，它如同这周围闹市中的一点静怡。门口虽然车水马龙，但是走进校门，长长的主干道两旁是五十年以上树龄的梧桐，秋冬之际，黄叶盘旋，散满路上，如同飞舞的精灵。作为这里的学生，我感觉到很幸福，他没有新区那种庞然大气，气势恢宏。也没有南区金水河蜿蜒弥漫的诗情画意。但它如同一杯陈酿的红酒，值得你用短暂的时间细细品尝，北区很小，沿着环道也就一个小时不到就能走完，但一路上都是那种上世纪的一种古朴气息向你招手，但你想象不到，这个校区却每年为全国输送数以千计的计算机人才。教学楼大都是上世纪的三层小楼。宿舍也超龄五年左右了。但是身处这样的校园，你才会感到骨子里的那种古老校园的历史感。自行前来。回答完毕。
如何看待自称全国规模最大的大学(郑州大学)宿舍却没有空调？,谁说没有空调的，你去行政楼看一看，你去院办公室看一看，那里不仅有来着的空调，还没有人。
郑州大学与嵩山少林职业学院?,肮脏的py交易…… 负责主张联合办学的郑大某些领导是郑大历史的罪人，透支品牌，批发毕业证、损害一本学生的利益，损害高考公平……
郑州大学考研，802经济类管理基础谁有资料？,可以去考研帮论坛看看。我考的是801，帮不了你了。
郑州大学今年招本二批次的考生吗？,不
西交利物浦和郑州大学比选哪个？, 两个完全一样的问题，建议问之前用搜索：  郑大和西交利物浦哪个好？西浦每年申到国外一流大学研究生的比例高吗？ - 知乎  至于西交利物浦计算机如何，这么说吧，既然可以随意2+2，西交利物浦2+2=英国利物浦，利物浦的计算机在REF排名上貌似很高（利物浦官网上说REF第一？虽然也没啥用，能去IC牛剑UCL的也肯定不会去利村读），但起码当个本科跳板应该还是说得过去的。  2+2和4+0学费区别：2+2后两年按利物浦的学费交（每人每年2000磅左右的学费减免，这届是对应学费的10%，因学科不同学费不同）。4+0是按西交利物浦学费交。  毕业区别：这个太笼统，这么一句话吧，2+2可视作转学利物浦。 
郑州大学有机会进入双一流大学行列么？,会 1 郑大作为河南唯一一所211 教育部等投放大量资金建设 一年比一年好 2 中流211 3 看了另外两个答主的答案 按这个政策照顾思想 难道双一流评比不会有政策照顾吗☺️当然个人更加倾向于郑大本身实力保证
郑州大学的双学位怎么样？,谢邀。郑大的双学位怎么样不了解，我知道的是双学位在国企呢，评职称时可以当做硕士对待。
郑州大学有哪些好老师？,李平林老师 贾琦老师  可以这俩老师都不会说普通话       臭名昭著假正经的辅导员我就不说了
土木工程考研党，老家是河南的，想将来回河南发展，郑州大学好和武汉理工哪个适合我一点？,在郑州发展的话选郑大，以后导师和同学都有帮助，过来人的教训…
郑州大学中外合作怎么样？,谢邀。题主问题有一个点没有问清楚，题主是哪个省份的？我本科在郑州大学，但是非中外合办学院，对该学院不是很了解。郑州大学真的很好，地理位置可以，近几年发展特别好，河南省唯一一所211，占据很多优秀资源。如果你的分数在你的省份够上郑州大学的其他专业，那么建议别的。如果题主完全不考虑学费的话那么也可以去。因为他既然整体招生水平都上来了，肯定以后也不会再降下去，还会接触到很多优秀的老师和同学，对你以后的人生和发展很有帮助的。这种报考的事情是特别特别重要的，你还是要自己考虑清楚题主，人生三件重要的事情高考，工作和结婚，所以要跟家里人商量好。微笑脸/
文科生，郑州大学和福州大学怎么选？,郑州大学比福州大学排名靠前，软件设施到位，福大只有住宿条件能拿得出手，如果你是文科的话，适合养老，空气比较好，太阳很毒，但是福建蛮夷之地，你想要学校给你人文氛围是不可能的，我在福大汉语言文学，好的老师都退休了，新的老师层次不齐，有的可以说很垃圾
想成为郑州大学讲师 需要哪些硬件软件？我现在该做什么准备（我现在是一名大三学生 准备考研究生）?,作为一个211公办综合类学校。讲师资历水平不容小觑。简单说下，仅供参考，我们历史上某几位老师的资历。 西方经济学  高雅，副教授 西南财大经济学博士。  商务礼仪  高伟洁   副教授  房地产经济学 杜书云  硕士生导师 郑州大学旅游管理学院院长  郑州大学房地产研究中心主任，教授。 消费行为学 ：吴长亮  博士  《消费行为学》 主编 辅导员 赵明   河南大学硕士  一级心理学讲师 所以，我感觉作为你一名大三学生。对于我的回答，如果没有关系和推荐，努力方向与目标，应该你心里清楚了。
报考郑州大学还是中国石油{华东}，都能走，求建议？,谢邀。郑州大学不清楚，中国石油大学华东去过几次，环境还好，出门就是海！
郑州大学在211高校中定位如何？,按高中老师的话说是凑数的
郑州大学电子信息工程要不要考研？求大家可以帮助我。真心感激不尽?,郑大信工电子大三考研狗来答，谢海德邀，我拖到现在才冒泡是觉得自己也是一直在挣扎的人，那个时候我坚定考研是因为我报了一万六的考研辅导班（心疼钱→_→屌丝本质暴露无疑）现在我坚定考研，我也渐渐接受和喜欢我们专业，并且很乐意在这个行业深造下去。          来说说题主，首先说我们学校的保研，今年我们大三的保研政策还没有下来，不过按照往年的水平，我们专业差不多能保送二十多个，加上专业排名前几的学生有的因为大一大二的时候的失误会，个别无关紧要的科目挂了，被逼无奈选择出国。所以保研名额能向后推移好几位，数量还是相当不少的。而且楼主的绩点其实也是相当不错，辅导员以前跟我们说过绩点在3.0以上都是相当有希望的。我舍友专业第三平均绩点也只在3.5左右。所以，努力学习，保研还是很有希望的。对了，忘了问了，同学你是普招还是中澳。我中澳的，我说的这些情况也只是针对我们中澳，如果你们专业学霸太多，等到大二这个学期毕业，你的绩点根本排不上前30的话，那也就别挣扎了，大三上学期你会发现差不多有保研希望的大家跟疯了似的学，绩点在3.8以上的都能蹦出来三四个或者更多。等到大三上学期结束，就剩下最后一个学期的时候，看一看你的排名，问问辅导员，如果有希望保研，别松懈，继续争取。如果感觉没希望，我们学姐学长曾经跟我们说过，大三下学期的成绩只能决定你能不能从保研名单里出来，不能让你进去。也就是说，那个时候大家的成绩都不怎么差，即使你努力学习也不会拉开太多的差距，但是如果你有失误，挂科或者某个成绩拖了你的后腿，你还真是有可能保不上。          之前说的是保研，如果你觉得自己没有希望，我们再来考虑就业和考研。楼主对自己考研没有信心。我不是过来人，只是个比你大一届的学姐，同学们都还没毕业，而且因为交友范围有限，我就说我知道的。目前为止，身边的女生，三个学霸保研妥妥的，两个女神级美女有稳定男朋友的拿着211本科学历家里给找个稳定工作也够了，该出国的也准备的差不多了，其他的都踏上了考研的道路，占据了至少一半的比例，男生那边也差不多，除了保研的出国的创业有眉目的和富二代需要回家继承家业的，从这看来，考研队伍也是相当浩大。毕竟对于我们工科生来说，硕士的文凭还是一块比较不错的敲门砖。有了这一块敲门砖你可能在第一份工作上比本科生高出来一个层次，本科生进不去单位和企业你伸伸手就有可能，对于本科生来说很棒的地方研究生毕业你可能还不是很想去。而研究生归根结底还是一个学习的过程，相对本科生，毕竟多上了三年，专业知识研究的更深，就业范围也相对来说窄一些，眼光相对来说也高一些。不过我认识的本科毕业也有不少签到了不错的单位，第一份工作总体来说和研究生还是有一定的差距的。哦，当然，这还得看你以后的就业方向。如果想要个稳定工作，对于我们大多数女生来考虑，拿着研究生文凭，找一个相对来说比较稳定的工作（只是相对和比较稳定）比如说教师，比如说进研究所，比如父母给安排的比较舒服的单位必须是研究生以上学历，还有一些属于国家的那些好的单位都有硬性要求。爬向社会，就像你想要的手机硬件工程师之类的，其实工作了之后也是学习，其实路都是那么长，你放远了看都不会有太大差别，本科生与研究生的那些差距也都是可以弥补的，你工作个三五年想跳槽和应聘的时候，我相信企业看中你的工作经验和能力水平而多于你的学历和文凭吧？顶多偶尔有什么事情的时候会看看你的学历吧。你工作三年积累工作经验换到了和你一届研究生毕业的同学同样的工作单位也不一定。不过也会有工作两年跑回来读研究生的例子，但我觉得这都是走一步说一步的话，如果真走到那拐回来读研也是经过深思熟虑之后的选择，毕竟你之前谁也想不到将来会发生啥。所以，考研与否，看自己的想法和打算。不要因为害怕考研而选择就业，也不要因为躲避就业而去读研。          最后，那关于考研我也想再说两句。毕竟我也是只考研狗。我只想告诉你，不要怕。它是一场马拉松，大家都说考研难，难的不仅是题，它更是一场持久战，难的是坚持。很多人到最后两个月就基本放弃了，能坚持到最后的就已经成功一半了。中间你会动摇，你会怀疑，你会想放弃。所以其实挺重要的一点就是你的目标要坚定，你考研究生的目的你要想清楚，它是你备考的大半年你的精神支柱，支撑你走下来的动力。所以你要找准你的支撑点，坚定了之后。踏踏实实学习吧，身边可能会出现许许多多诱惑，既然选择了这条路，那就做最大的努力心无旁骛的走下去。（不过，如果诱惑太大，走歪也无妨，你只不过是在考研的路上看起来是走歪，没准你以后回想起来这段备考经历却是你跑偏了的一段呢。 但是，在每个决定做出来之前，请三思，三思，思 ）还有，不要怕政治，好好学不难，不要怕数学，好好学不难，不要怕英语，好好学也不难，更不要怕专业课，你那么棒，能行的！建议题主在大三上结束之后，看专业排名，那个时候已经差不多可以看出来了，如果没有希望，又想考研，差不多可以开始着手数学英语的复习了，一年时间，差不多。  以上，一个大三电子狗的拙见，希望可以帮到题主。另外，小女子我才疏学浅孤陋寡闻，也在摸着石头过河，答中若有啥不对的地方，欢迎大神指点，热烈欢迎~
